angDist,GaiaDR3,TIC,ra,dec,Tmag,Gmag,OID,RAJ2000,DEJ2000,Name,V,Type,l_max,max,u_max,n_max,f_min,l_min,min,u_min,n_min,Epoch,u_Epoch,l_Period,Period,u_Period,Sp,n_OID
0.003355,460954551847371136,251230392,43.60398878249,58.03324932682,10.679,11.1558,1544084,43.60399,58.03325,V1435 Cas,0,ELL,,11.47,,V,,,11.55,,V,2458054.82,,,1.8596,,B,
0.003741,468738819295502720,72362403,59.50719179712926,55.91543974450321,8.841,9.33252,2941382,59.50719,55.91544,Gaia DR3 468738819295502720,0,BE|GCAS|SDOR|WR,,9.3,,G,,,9.37,,G,,,,,,B,
0.003934,2067261561651899264,15072015,306.5871598825,39.6694389111,8.293,9.02631,11375,306.58716,39.66944,V0455 Cyg,0,EB/DM,,9.3,,V,,,9.77,,V,2437112.51,,,8.76573,,B2(p:e:),B
0.004176,273709611419174400,274375918,69.23145176196,53.87604051632,10.081,10.7583,3016994,69.23145,53.87604,Gaia DR3 273709611419174400,0,RS,,10.72,,G,,,10.8,,G,,,,,,B,
0.004812,468431364053011456,356024834,60.67375155018,55.16937899878,10.603,11.077,2950394,60.67375,55.16938,Gaia DR3 468431364053011456,0,E,,11.08,,G,,,11.33,,G,,,,13.272,,B,
0.005584,4100450636704695424,427260887,281.71143132472,-14.99287912339,9.751,10.0434,7174664,281.71143,-14.99288,Gaia DR3 4100450636704695424,0,BCEP,,10.02,,G,,,10.06,,G,,,,,,B,
0.006213,445040564142503040,317035155,53.50350989166,54.08236172476,11.037,11.792,2234733,53.50351,54.08236,ASASSN-V J033400.84+540456.5,0,EA,,12.8,,g,Y,,0.15,,g,2459237.744,,,4.1233,,,
0.006267,458665604854994432,264731958,34.70653802967,57.56875138352,9.956,10.246,2798990,34.70654,57.56875,Gaia DR3 458665604854994432,0,BCEP,,10.22,,G,,,10.28,,G,,,,0.212227,,B,
0.006677,3377051837600118528,429749401,94.50146185641,22.6583307106,8.355,8.61775,41524,94.50146,22.65833,NSV 2900,1,,,8.78,,V,,,9.12,,V,,,,,,B0IIIn,B
0.006845,3437721136875257472,400166377,90.95881790684167,30.16920941673321,8.939,10.8378,4419576,90.95882,30.16921,Gaia DR3 3437721136875257472,0,E,,10.81,,G,,,10.87,,G,,,,1.10949,,O,
0.007186,461382566807883136,251384128,44.67717377948024,58.791079613251775,10.083,10.6912,477436,44.67717,58.79108,NSVS 1939129,0,EA,,10.97,,V,,,11.25,,V,2451410.62,,,5.4551,,B2V:,B
0.00832,3328060034710782336,220082557,98.74812110426,11.28493795827,11.217,11.5363,2212817,98.74812,11.28494,KELT KS05C048158,0,EA,,11.64,,V,Y,,0.019,,V,2457343.689,,,2.257188,,,
0.00849,460289244232159360,251570247,45.60592366355,57.2812887194,10.609,11.2725,2860511,45.60592,57.28129,Gaia DR3 460289244232159360,0,BCEP,,11.25,,G,,,11.29,,G,,,,,,O,
0.009168,507700872817909632,12642732,33.60780750908,61.27628224769,10.682,11.3179,2792078,33.60781,61.27628,Gaia DR3 507700872817909632,0,E,,11.3,,G,,,11.37,,G,,,,3.5438,,B,
0.009404,442986916939558912,259108127,50.04742317364,52.06842173696,8.342,8.69813,2882495,50.04742,52.06842,Gaia DR3 442986916939558912,0,E,,8.67,,G,,,8.96,,G,,,,5.3281,,B,
0.009892,2015564620856737792,271653404,354.69513578332,62.04841955019,10.899,11.4668,2388398,354.69513,62.04842,Barlad V15,0,SPB:,,11.74,,V,Y,,0.06,,TESS,2459481.641,,,0.33378,,B,
0.010732,460618547964018304,450150187,42.87620828603,56.95788716921,9.925,10.4836,2846871,42.87621,56.95789,Gaia DR3 460618547964018304,0,GCAS,,10.58,,V,,,10.9,,V,,,,,,B5e,
0.010957,430491104738148992,406966772,5.722215471728497,62.24137780568222,8.085,8.08617,7076,5.72222,62.24138,V0745 Cas,0,ELL,,8.01,,V,,,8.14,,V,2448214.925,,,1.41061,,B0IV,B
0.011394,444367147631664128,72187166,59.16934697327,54.3678473718,11.056,11.8134,2938930,59.16935,54.36785,Gaia DR3 444367147631664128,0,VAR,,11.79,,G,,,11.86,,G,,,,,,O,
0.011796,5939658334096467840,236409173,251.62600628319,-47.01956207754,10.39,10.6851,103623,251.62601,-47.01956,V0900 Ara,0,BCEP,,10.86,,V,Y,,0.132,,V,2451931.286,,,0.2242077,,,B
0.011814,2016246356731137024,272629752,356.36922848112056,63.271333209731296,9.745,10.4328,8253299,356.36923,63.27133,Gaia DR3 2016246356731137024,0,BE|GCAS|SDOR|WR,,10.34,,G,,,10.49,,G,,,,,,O,
0.012164,463682577633083008,81821733,47.55359345149604,61.95136860914951,9.334,9.51171,2870122,47.5536,61.95137,Gaia DR3 463682577633083008,0,E,,9.52,,G,,,9.71,,G,,,,4.93638,,B,
0.012317,460981833479442688,251196433,43.368398489716725,58.32581667184356,9.616,9.94362,2849514,43.3684,58.32582,Gaia DR3 460981833479442688,0,BCEP,,9.92,,G,,,9.97,,G,,,,,,B,
0.01312,458457320427789824,348444452,35.28195486006,57.16678765154,9.185,9.40752,2802697,35.28196,57.16679,Gaia DR3 458457320427789824,0,DSCT|GDOR|SXPHE,,9.4,,G,,,9.42,,G,,,,3.82127,,B,
0.013524,5981851027635556864,297870134,239.90698589196,-50.43475016636,9.877,10.1831,447062,239.90698,-50.43475,GDS_J1559376-502605,0,VAR,,10.23,,r,Y,,0.19,,r,,,,,,OB-,B
0.013527,467311408386248704,390408482,43.06746282350514,62.782643528699246,9.015,9.24225,6361,43.06746,62.78264,TX Cas,0,EB/DM,,9.16,,V,,,9.8,,V,2429677.228,,,2.92687,,B0V,B
0.013626,271963002839779712,470472700,66.3627438471611,52.04378007676187,8.873,9.38498,2994689,66.36275,52.04378,Gaia DR3 271963002839779712,0,BE|GCAS|SDOR|WR,,9.37,,G,,,9.42,,G,,,,,,O,
0.013662,454771379489454464,265298333,41.68029838569,56.58253631055,10.322,10.6391,2840279,41.6803,56.58254,Gaia DR3 454771379489454464,0,BCEP,,10.61,,G,,,10.66,,G,,,,0.1147205,,B,
0.013881,509939650296461440,444752336,25.17800784463,61.21507922634,9.615,9.95185,844444,25.178,61.21508,TIC 444752336,0,DPV/ELL,,9.96,,V,,,10.21,,V,2458070.88,,,9.4394,,B2e,
0.014138,5939960081277948672,247066241,253.47745999795083,-46.0150539271827,8.537,8.54626,225577,253.47746,-46.01505,HD 152162,0,BCEP,,8.59,,V,Y,,0.066,,V,,,,0.1657833,,B2III,B
0.014454,461506747202125696,251457030,44.9799106966,59.45854600062,9.849,10.3107,2857506,44.97991,59.45855,Gaia DR3 461506747202125696,0,BE|GCAS|SDOR|WR,,10.25,,G,,,10.4,,G,,,,,,B,
0.014528,456946076053645696,374982274,32.212574696387605,56.08689725610535,9.497,9.54199,2783271,32.21258,56.0869,Gaia DR3 456946076053645696,0,BCEP,,9.52,,G,,,9.56,,G,,,,0.20414,,B,
0.01472,208420198645230208,368184354,78.85856965665,44.56719591849,10.494,10.6869,4216701,78.85857,44.5672,Gaia DR3 208420198645230208,0,BE|GCAS|SDOR|WR,,10.58,,G,,,10.73,,G,,,,,,B,
0.015311,458371558521435904,264730031,34.67821444488,57.07263700477,10.234,10.439,2798821,34.67822,57.07264,Gaia DR3 458371558521435904,0,VAR,,10.41,,G,,,10.52,,G,,,,0.1089071,,B,
0.01571,457785175221622144,245465292,38.92847082593,56.73918565973,10.393,10.7554,2824724,38.92847,56.73919,Gaia DR3 457785175221622144,0,DSCT|GDOR|SXPHE,,10.72,,G,,,10.77,,G,,,,5.9167,,B,
0.015921,532358829818405632,352512520,19.81295755679,69.34990054851,10.314,10.5643,2692677,19.81297,69.3499,Gaia DR3 532358829818405632,0,DSCT|GDOR|SXPHE,,10.54,,G,,,10.6,,G,,,,0.88617,,B,
0.016497,413396722579537408,399014769,20.210883867560508,57.43858682111975,9.817,10.0821,2695650,20.21089,57.43859,Gaia DR3 413396722579537408,0,BE|GCAS|SDOR|WR,,10.03,,G,,,10.33,,G,,,,,,,
0.016543,2010285491880986112,314951512,346.79198165636,58.55419147277,8.597,9.36547,6353,346.79199,58.55419,SW Cas,0,DCEP,,9.32,,V,,,10.01,,V,2442989.59,,,5.44095,,F6-G2,B
0.016612,455390949988697984,250722653,33.46595809020978,53.91458447520403,8.983,8.91481,25877,33.46596,53.91458,V0353 Per,0,BCEP,,8.85,,B,,,8.91,,B,,,,0.3908,,B0.5IV,B
0.016666,511903824736087424,10800647,29.24237531670857,63.30662587626514,10.517,10.7427,729400,29.24238,63.30663,ASASSN-V J015658.17+631823.9,0,EA,,10.82,,V,,,11.23,,V,2457327.783,,,1.9699,,,
0.016794,458308469733215488,348507013,35.28881751308,56.81672553785,9.41,9.495,2802744,35.28882,56.81673,Gaia DR3 458308469733215488,0,BCEP,,9.48,,G,,,9.51,,G,,,,,,B,
0.016961,2206818556775783552,12716975,342.91546028703004,61.147459521184246,9.22,10.0802,8160809,342.91547,61.14746,Gaia DR3 2206818556775783552,0,BE|GCAS|SDOR|WR,,10.04,,G,,,10.11,,G,,,,,,O,
0.017007,2204369875668251264,411043004,328.45040039118123,62.61442166849453,6.812,6.94036,8508,328.45041,62.61442,EM Cep,0,EW/KE,,7.02,,V,,,7.17,,V,2440134.7326,,,0.806187,,B0.5V+B1Ve,B
0.017106,458310054588240384,348445323,35.46838111599417,56.90499528764688,8.344,8.4316,53924,35.46838,56.905,NSV 15489,1,,,8.5,,V,,,,,,,,,,,O5.5IVnn(f)p,B
0.017141,251774938561362688,265683571,59.46431287598944,52.690195569135234,8.89,9.64254,2941044,59.46431,52.6902,Gaia DR3 251774938561362688,0,BE|GCAS|SDOR|WR,,9.6,,G,,,9.7,,G,,,,,,B,
0.017273,514872025095936512,285684866,31.53565250475,63.36994657431,10.116,10.3576,39342,31.53566,63.36995,NSV 718,1,,,11.4,,pg,,,12.3,,pg,,,,,,Bpe,B
0.017304,458413065082770304,348671609,35.70401385902,57.15387653461,9.724,9.93833,2805304,35.70402,57.15388,Gaia DR3 458413065082770304,0,BCEP,,9.9,,G,,,9.96,,G,,,,,,B,
0.017446,3028367425944252672,405029193,113.30400217623152,-15.45360436872895,7.736,8.05193,55943,113.304,-15.4536,NSV 17508,0,VAR,,8.2,,V,Y,,0.017,,V,,,,0.08929,,B2Ia,B
0.017688,278127139902082432,8896127,66.98612111534,56.44757983396,10.338,10.6473,629516,66.98613,56.44758,WISE J042756.6+562651,0,EA,,9.667,,W1,Y,,0.269,,W1,,,,3.8671148,,,B
0.017743,204878637332320640,391622082,71.58857289952171,44.22649553063626,9.955,10.3084,3038809,71.58857,44.2265,Gaia DR3 204878637332320640,0,DSCT|GDOR|SXPHE,,10.24,,G,,,10.37,,G,,,,0.0805781,,B,
0.017764,458461576727427712,348608214,35.57065117417958,57.27192874310755,8.446,8.69832,2804487,35.57066,57.27193,Gaia DR3 458461576727427712,0,DSCT|GDOR|SXPHE,,8.67,,G,,,8.73,,G,,,,3.82073,,O,
0.017914,4039468865611422080,55839455,272.0313759589216,-34.57566917014394,9.436,9.34452,109232,272.03137,-34.57567,V5633 Sgr,0,BCEP,,9.34,,V,,,9.44,,V,2452082.101,,,0.2106475,,B1II,B
0.017935,458412274808691712,445615536,35.9892810355,57.23724886613,9.878,10.1801,2807084,35.98929,57.23725,Gaia DR3 458412274808691712,0,BCEP,,10.17,,G,,,10.2,,G,,,,,,B,
0.01801,447111631732230656,251684704,46.55572829379,53.99733509882,9.551,10.0121,2865244,46.55573,53.99734,Gaia DR3 447111631732230656,0,DSCT|GDOR|SXPHE,,9.99,,G,,,10.04,,G,,,,2.41164,,B,
0.018085,3049740999969903616,125504310,105.854034928805,-9.44071954145752,9.901,10.1543,3292295,105.85404,-9.44072,Gaia DR3 3049740999969903616,0,BCEP,,10.13,,G,,,10.18,,G,,,,,,B,
0.018131,459365448308247552,13088285,36.02358033402,60.32250503371,10.415,11.1207,1544095,36.02358,60.3225,ZALD J02240566+6019210,0,ELL,,11.47,,V,,,11.56,,V,2458489.707,,,3.6498,,OB:,
0.018714,5970367178449045760,340269534,253.75702010644952,-39.348975197709606,9.203,9.27462,6101353,253.75702,-39.34897,Gaia DR3 5970367178449045760,0,ACV|roAm|roAp|SXARI,,9.27,,G,,,9.29,,G,,,,,,B,
0.018989,464157807176649856,245548382,39.52440611283,58.31794513644,10.328,10.9139,803159,39.52441,58.31795,ASASSN-V J023805.86+581904.6,0,GCAS,,11.08,,V,,,11.41,,V,,,,,,,
0.019099,5931118186802115840,35311214,249.84824216294,-52.5359451397,9.137,9.05426,5981369,249.84824,-52.53594,Gaia DR3 5931118186802115840,0,BE|GCAS|SDOR|WR,,8.88,,G,,,9.1,,G,,,,,,B,
0.019192,515632814118190720,353491274,33.67485218594,65.89000426977,10.525,11.0496,2792467,33.67486,65.89,Gaia DR3 515632814118190720,0,E,,11.03,,G,,,11.13,,G,,,,3.40745,,B,
0.019404,4657700412597025408,277108350,84.13493458215,-68.90046122348,10.183,10.2515,2219143,84.13492,-68.90046,LMC V3569,3,VAR,,10.29,,V,,,10.38,,V,,,,,,A9Ia,
0.019427,5972774451752078592,196868223,260.39220484085,-38.19192356088,9.783,10.569,105627,260.39221,-38.19192,ASAS J172134-3811.5,0,ESD,,11.01,,V,Y,,0.26,,V,2451940.3,,,5.474192,,OB,B
0.019481,443789457348784640,428806572,57.36487134898266,52.655395349049016,6.419,6.66962,39957,57.36487,52.65539,NSV 1333,1,,,6.69,,V,,,6.72,,V,,,,,,B0.5III,B
0.019528,3431764429551042816,83950720,95.52697912587,24.97555536639,9.744,9.76686,4480688,95.52698,24.97555,Gaia DR3 3431764429551042816,0,ACV|roAm|roAp|SXARI,,9.75,,G,,,9.78,,G,,,,,,B,
0.019741,3030110529828540928,56023695,113.07445833533,-14.60811524167,10.225,10.5308,83806,113.07446,-14.60811,ASAS J073218-1436.5,0,EA,,10.7,,V,,,11.18,,V,2452980.88,,,8.178,,OB,B
0.019871,507218702610463744,348142872,34.34864931445,59.02392952844,9.667,10.1377,2796695,34.34866,59.02393,Gaia DR3 507218702610463744,0,BE|GCAS|SDOR|WR,,10.02,,G,,,10.17,,G,,,,,,B,
0.019902,511443404241417856,444762019,25.31828848216,61.35515972334,10.722,11.0285,285319,25.3183,61.35516,V1417 Cas,0,EA,,11.2,,V,,,11.37,,V,2458060.824,,,6.68275,,B5,B
0.020245,3377550981519271936,319571693,94.98683418887,23.73927588618,9.585,9.79642,619844,94.98683,23.73928,EPIC 202060523,0,EA,,10.0,,Kp,Y,,0.031,,Kp,,,,16.420942,,,B
0.020753,275795866011886720,8301691,65.53874776985,55.11728632773,10.387,11.175,804225,65.53874,55.11729,ASASSN-V J042209.30+550702.2,0,L,,11.71,,V,,,11.81,,V,,,,,,,
0.020971,3373862738483797376,46239533,93.85582392036385,19.029420949947795,9.276,9.33212,617134,93.85583,19.02942,EPIC 202062458,1,VAR,,9.5,,Kp,Y,,0.01,,Kp,,,,3.512464,,,B
0.021066,5863997502983928832,314393072,202.65040136162,-65.13001458727,10.067,10.1548,5137677,202.65041,-65.13001,Gaia DR3 5863997502983928832,0,BCEP,,10.14,,G,,,10.18,,G,,,,0.231447,,B,
0.021087,458044728688621568,444113639,37.35980084486,57.38395416027,10.414,10.7562,2815359,37.3598,57.38396,Gaia DR3 458044728688621568,0,E,,10.72,,G,,,10.82,,G,,,,0.77618,,B,
0.021247,430267903872782976,283839379,8.443460777381194,61.81655601763863,9.987,10.3037,2227871,8.44347,61.81656,CzeV4199,0,EA,,10.4,,V,,,10.5,,V,2458810.2228,,,3.862168,,,
0.021281,459038446670871808,259939665,36.513360589738525,58.89184409655807,10.63,11.0306,803158,36.51336,58.89185,ASASSN-V J022603.21+585330.7,0,GCAS,,11.03,,V,,,11.33,,V,,,,,,,
0.021388,462485965385240832,346022774,50.22321160216295,60.03035411312949,7.923,8.20583,39725,50.22321,60.03036,NSV 1101,1,,,8.14,,V,,,8.35,,V,,,,,,B1.5IV,B
0.021897,507042677674274432,374606947,31.1316293016,59.00628742168,10.672,10.9859,2776001,31.13164,59.00629,Gaia DR3 507042677674274432,0,DSCT|GDOR|SXPHE,,10.97,,G,,,11.0,,G,,,,2.99162,,B,
0.021898,4146599132529067520,114233430,274.65176105894994,-13.800675995268898,7.571,8.00922,62812,274.65176,-13.80067,NSV 24377,1,VAR:,,8.19,,V,,,,,,,,,,,O4IV(f),B
0.022046,511442339093257984,444832022,25.44376010298884,61.32501613346437,10.198,10.5473,2735791,25.44377,61.32502,Gaia DR3 511442339093257984,0,BE|GCAS|SDOR|WR,,10.36,,G,,,10.59,,G,,,,,,B,
0.022309,461458299971448576,251304698,44.03808892639175,59.36074579195428,9.556,10.0536,838292,44.03808,59.36075,ZALD 50,0,DPV/ELL,,10.07,,V,,,10.36,,V,2457984.06,,,10.5856,,B3II,
0.02239,5969684652280984960,339684077,253.6008349590506,-40.65250495243835,8.97,8.86292,59257,253.60083,-40.6525,NSV 20822,0,GCAS,,8.4,,V,,,8.95,,V,,,,,,B0IIIpn(e),B
0.02249,1825678073689450240,378061933,295.27951427162,19.9269952144,9.41,9.9336,116482,295.27951,19.927,ASAS J194107+1955.6,0,ACV|DCEP-FO,,10.16,,V,Y,,0.14,,V,2452731.5,,,3.620279,,OB,B
0.022552,509354366511173376,470795363,22.92631771745571,59.37805031864514,9.22,9.41449,2716079,22.92633,59.37805,Gaia DR3 509354366511173376,0,DSCT|GDOR|SXPHE,,9.4,,G,,,9.48,,G,,,,4.10949,,B,
0.022768,3423847224275160960,385596195,91.37424412254484,23.004776724051183,8.475,8.70032,55204,91.37425,23.00478,NSV 16769,0,GCAS,,8.55,,V,,,8.84,,V,,,,,,B1.5:IV:n,B
0.022793,458367538432087040,264729815,34.79449945580568,57.02495367549104,9.568,9.77701,2799544,34.7945,57.02496,Gaia DR3 458367538432087040,0,BCEP,,9.75,,G,,,9.8,,G,,,,0.59134,,B,
0.023009,5351545743492424320,458138785,159.15912050929666,-58.00335361434095,9.519,9.49595,432456,159.15912,-58.00336,GDS_J1036381-580012,0,GCAS,,9.17,,V,,,9.7,,V,,,,,,B1V,B
0.023167,524274395698613760,255974332,14.955956579915563,64.66039709724478,10.3,10.803,2654557,14.95597,64.6604,Gaia DR3 524274395698613760,0,BCEP,,10.76,,G,,,10.85,,G,,,,,,B,
0.023214,512141899063944192,372724218,25.779619046590955,64.06942643474392,9.668,9.89251,256228,25.77962,64.06942,Cl* NGC 637 1,0,BCEP,,10.1,,V,Y,,0.019,,V,,,,0.18553,,B0,B
0.023491,457634331667957248,445661970,36.49580052807607,56.65790606608247,8.6,8.80418,2810171,36.49581,56.65791,Gaia DR3 457634331667957248,0,BCEP,,8.77,,G,,,8.85,,G,,,,,,B,
0.023668,187915028342837632,426666086,80.27102576641738,39.31915429930824,9.56,9.80775,4242674,80.27103,39.31916,Gaia DR3 187915028342837632,0,BE|GCAS|SDOR|WR,,9.74,,G,,,9.85,,G,,,,,,B,
0.023923,465538828142411392,14040117,38.06979124873,61.55416338138,9.754,10.1276,39471,38.06979,61.55417,NSV 847,1,,,10.24,,V,,,,,,,,,,,O9.5V((f)),B
0.024051,2028380704530014976,10777186,297.76973390714363,27.716886057604523,7.619,7.69886,38571,297.76974,27.71689,V0396 Vul,0,BE,,7.77,,Hp,,,7.82,,Hp,2448500.09,,,0.409789,,B2V:nn,B
0.024054,4156423268932861056,4795449,278.90505341608,-8.66591151004,9.22,9.85486,7071507,278.90506,-8.66591,Gaia DR3 4156423268932861056,0,RS,,9.84,,G,,,9.89,,G,,,,,,B,
0.024102,2037788984977607040,407082659,287.38794535517,29.3580252003,8.218,8.14362,7339002,287.38794,29.35803,Gaia DR3 2037788984977607040,0,SPB,,8.13,,G,,,8.18,,G,,,,,,B,
0.024248,459258864400361088,445625389,36.127496371,59.49476352112,10.307,10.7449,2807936,36.1275,59.49477,Gaia DR3 459258864400361088,0,E,,10.71,,G,,,10.79,,G,,,,1.7881,,B,
0.024679,465115962839097600,256608717,38.544008024098105,60.02171665523772,9.774,10.1526,2822470,38.54402,60.02172,Gaia DR3 465115962839097600,0,E,,10.1,,G,,,10.24,,G,,,,2.51134,,O,
0.024714,458369496937210752,264613619,34.59603446847383,57.01019616917693,8.231,8.3798,39398,34.59604,57.01019,V0757 Per,0,BCEP,,7.74,,B*,,,7.79,,B*,,,,0.164309,,B1II,B
0.024807,458481406604070272,348443241,35.38645258696,57.56861437164,9.906,10.0442,2803320,35.38646,57.56862,Gaia DR3 458481406604070272,0,BCEP,,10.02,,G,,,10.06,,G,,,,,,B,
0.024892,4657722883837695872,389561652,86.31925755972,-68.99776713591,10.212,10.2222,272930,86.31924,-68.99777,LMC V4307,0,SDOR:,,10.24,,V,,,10.38,,V,,,,,,A1Ia0e,B
0.024911,513431183821175936,458875828,35.79808000231702,60.830603080203055,9.166,9.65548,6467,35.79808,60.83061,DN Cas,0,EA/DM,,9.81,,V,,,10.24,,V,2455903.65,,,2.310952,,O8V+O8V,B
0.024984,3344248969038412160,337170641,92.70116489052072,13.183534838809395,10.111,10.3869,2225968,92.70117,13.18353,MarSEC_V45,0,EA,,10.49,,V,,,10.53,,V,2459475.57,,,1.514807,,O9V,
0.025499,511022153847232384,54887506,21.22547941908587,62.2063049177288,10.897,11.3266,2703055,21.22549,62.20631,Gaia DR3 511022153847232384,0,DSCT|GDOR|SXPHE,,11.21,,G,,,11.37,,G,,,,0.0804099,,B,
0.025802,5868546560557974528,443397649,199.1581846623889,-62.21328049481692,10.223,10.3545,7588,199.1582,-62.21328,NP Cen,0,EA/SD,,10.34,,V,,,11.21,,V,2453848.644,,,2.853001,,A5,B
0.025859,4660175585039447040,279952371,82.08474484158,-67.405085632,10.24,10.4543,77601,82.08473,-67.40509,LMC V2779,0,SRD:,,10.47,,V,,,10.71,,V,2452151.7,,,159.0,,F8Ia,B
0.025973,458067268676665984,444136462,37.78503531695,57.5270632375,9.062,9.42114,2817930,37.78504,57.52707,Gaia DR3 458067268676665984,0,DSCT|GDOR|SXPHE,,9.37,,G,,,9.46,,G,,,,1.70663,,B,
0.026003,5942729815485146112,231985748,250.00742930749,-46.65968662873,9.767,10.0988,3067,250.00742,-46.65969,LP Ara,0,DPV/EA,,10.0,,V,,,10.98,,V,2452674.116,,,8.53295,,B8,B
0.026125,458414027155398272,348671462,35.70043598262,57.20023307702,9.924,10.3156,2805277,35.70044,57.20024,Gaia DR3 458414027155398272,0,BE|GCAS|SDOR|WR,,10.19,,G,,,10.38,,G,,,,1.55089,,B,
0.026147,5816175412967675264,447202808,250.4179218647845,-64.92753721994634,9.715,9.57584,5998107,250.41792,-64.92753,Gaia DR3 5816175412967675264,0,BCEP,,9.55,,G,,,9.59,,G,,,,,,B,
0.026209,524179597183741184,51882713,13.980694739301237,63.98683713567369,10.446,10.8626,2645680,13.98071,63.98684,Gaia DR3 524179597183741184,0,DSCT|GDOR|SXPHE,,10.85,,G,,,10.88,,G,,,,2.04848,,B,
0.026211,507032094873692160,445544695,30.175186835812653,58.97973735651469,9.511,9.84055,2769603,30.1752,58.97974,Gaia DR3 507032094873692160,0,DSCT|GDOR|SXPHE,,9.83,,G,,,9.88,,G,,,,2.12285,,B,
0.026409,458453334698292096,348444614,35.43082725564,57.12577281698,9.087,9.3201,26030,35.43083,57.12578,V0506 Per,0,BE,,9.45,,V,Y,,0.24,,V,,,,,,B0Ve,B
0.026521,458376025287245312,348231507,35.01236748036,57.1885171278,10.573,10.8544,227491,35.01238,57.18852,NSVS 1908107,0,EA,,10.946,,V,Y,,0.3,,V,2458437.3873,,,1.73288182,,B1.0V,
0.02664,458609430988041216,347690352,33.49548228396,57.49843387037,9.898,10.0235,2791359,33.49549,57.49844,Gaia DR3 458609430988041216,0,BCEP,,10.0,,G,,,10.05,,G,,,,,,B,
0.026669,423217079401079680,347306762,1.43565933597,59.25462566552,10.254,10.4448,629496,1.43565,59.25462,WISE J000544.5+591516,0,EA,,9.637,,W1,Y,,0.375,,W1,,,,4.063704,,,B
0.02705,5966510229078336768,339565205,253.51495437319025,-41.7916332304158,5.239,6.50011,46645,253.51495,-41.79164,NSV 8021,1,,,6.55,,V,,,6.68,,V,,,,,,O6,B
0.02715,509716552518467584,372627092,25.906434691384995,60.497480202429074,10.251,10.5454,2739250,25.90645,60.49748,Gaia DR3 509716552518467584,0,BCEP,,10.53,,G,,,10.58,,G,,,,0.225097,,B,
0.027295,464071804753156736,265474239,42.0666593504234,59.023672425554686,10.151,10.4133,2842451,42.06666,59.02368,Gaia DR3 464071804753156736,0,BE|GCAS|SDOR|WR,,10.37,,G,,,10.45,,G,,,,,,B,
0.027606,5891108161207885696,262859209,215.94035918029,-58.49028517926,10.676,11.273,45271,215.94037,-58.49028,V1345 Cen,0,DCEPS(B),,11.35,,V,,,11.78,,V,2460344.873,,,0.631355,,,B
0.027622,5935622056931548032,314868712,244.66408798571,-49.41387564628,7.717,7.62851,59010,244.66408,-49.41387,NSV 20575,0,GCAS,,7.47,,V,,,7.75,,V,,,,,,B2Vne,B
0.027697,458345062857953408,348137087,34.43606695260991,56.89999709777929,9.047,9.35571,26026,34.43608,56.9,V0502 Per,0,BE,,9.36,,V,,,9.56,,V,,,,,,B1Ve,B
0.027873,270240480435597568,104741817,64.27266270041,48.58475394775,10.653,11.2659,2979266,64.27267,48.58476,Gaia DR3 270240480435597568,0,RS,,11.2,,G,,,11.32,,G,,,,0.0183627,,B,
0.027952,3449520717707461888,115730751,84.21154795134663,34.13699587992531,10.141,10.1883,2389041,84.21154,34.137,TIC 115730751,0,HB,,10.21,,V,Y,,0.016,,TESS,2459915.071,,,8.8617,,B2II,
0.027959,5972210814607115264,189182004,258.93021613378,-39.79815617312,8.906,9.50067,6303153,258.93021,-39.79815,Gaia DR3 5972210814607115264,0,RS,,9.49,,G,,,9.55,,G,,,,,,B,
0.028315,4157548756549424128,15350579,274.69418227693,-9.92210246137,10.423,11.1967,1498781,274.69418,-9.92211,NADA-V111,0,GCAS,,11.57,,V,,,11.84,,V,,,,,,OBe,
0.02849,506705333761657216,347486792,33.03107750887,58.21312219566,10.43,10.6746,2788367,33.03108,58.21313,Gaia DR3 506705333761657216,0,BCEP,,10.63,,G,,,10.72,,G,,,,0.1980419,,B,
0.029081,461193695624775424,251437844,44.83380360849378,58.74492214178172,10.356,10.9671,2856752,44.8338,58.74493,Gaia DR3 461193695624775424,0,BE|GCAS|SDOR|WR,,10.94,,G,,,11.01,,G,,,,,,B,
0.029185,5969526563125802624,337806832,253.0740701698074,-41.60491341940936,7.919,9.0649,6079783,253.07408,-41.60491,Gaia DR3 5969526563125802624,0,ACV|roAm|roAp|SXARI,,9.05,,G,,,9.08,,G,,,,,,B,
0.029229,458071460565394304,372115762,37.64288447301,57.60936243978,10.288,10.6305,2817090,37.64289,57.60937,Gaia DR3 458071460565394304,0,BCEP,,10.6,,G,,,10.68,,G,,,,0.1903576,,B,
0.029363,5964245711850635008,246075936,252.51251264915743,-45.23652794014172,7.587,9.16644,6062784,252.51251,-45.23652,Gaia DR3 5964245711850635008,0,DSCT|GDOR|SXPHE,,9.14,,G,,,9.21,,G,,,,6.2795,,B,
0.029408,4145230446787680128,358347559,270.1610348341088,-15.802383517470242,8.51,8.61354,225595,270.16104,-15.80239,HD 164188,0,BCEP,,8.67,,V,Y,,0.012,,V,,,,0.175064,,B1Ib/II,B
0.029447,203399656754949888,187258755,72.47249956617424,41.73239182678379,9.166,9.22719,3048377,72.4725,41.7324,Gaia DR3 203399656754949888,0,BCEP,,9.22,,G,,,9.25,,G,,,,,,B,
0.029566,4660246228686276096,276864037,83.59363317079,-67.02321188101,9.769,9.82846,2219136,83.59363,-67.02322,LMC V3341,0,ACYG,,9.77,,V,,,9.97,,V,,,,,,A0Iae,
0.029592,5972812079986832128,196873483,260.371027551544,-37.99238799025824,10.056,10.6618,6364929,260.37103,-37.99238,Gaia DR3 5972812079986832128,0,BCEP,,10.63,,G,,,10.7,,G,,,,,,B,
0.029685,430886860201522176,428480895,7.812167465698708,63.35444396699037,9.248,9.49494,2592920,7.81218,63.35445,Gaia DR3 430886860201522176,0,DSCT|GDOR|SXPHE,,9.47,,G,,,9.52,,G,,,,1.42453,,B,
0.029769,463880111771794688,264998628,41.19785971223,57.6598217322,9.8,10.2879,2837749,41.19786,57.65983,Gaia DR3 463880111771794688,0,VAR,,10.27,,G,,,10.31,,G,,,,0.66391,,B,
0.029817,457109250450966016,347395564,32.91140265967,57.17986273565,10.104,10.2512,2787596,32.91141,57.17987,Gaia DR3 457109250450966016,0,BCEP,,10.23,,G,,,10.27,,G,,,,,,B,
0.029982,4662293897281149824,55743567,74.78777004145,-65.66770108189,9.229,9.76782,76796,74.78775,-65.6677,LMC V0471,0,SRD,,9.72,,V,,,10.1,,V,2443902.0,,,250.0,:,G0Ia,B
0.030118,4053706995793218688,106852011,264.8683465922643,-33.631557870239035,7.525,8.19882,9250487,264.86835,-33.63155,Gaia DR3 4053706995793218688,0,ACYG,,8.18,,G,,,8.24,,G,,,,,,B,
0.030256,5968081461246595456,336964059,252.50600849580223,-41.62125550455465,7.963,7.91143,59217,252.506,-41.62125,V1290 Sco,0,EA,,7.96,,V,,,8.07,,V,2448704.307,,,4.49244,,O9.5IV,B
0.030507,425175790646298240,445256790,12.26238776843,58.42930444987,9.097,9.10165,2629209,12.2624,58.42931,Gaia DR3 425175790646298240,0,BCEP,,9.08,,G,,,9.12,,G,,,,0.1671728,,B,
0.030695,4658741748843205888,179637509,80.47529094113274,-67.91469327187676,11.952,11.9216,4246563,80.47527,-67.91469,Gaia DR3 4658741748843205888,0,BE|GCAS|SDOR|WR,,11.85,,G,,,11.95,,G,,,,,,B,
0.030912,5983673983547791488,215697946,242.5924182505053,-48.9671866627018,8.814,9.40127,10525058,242.59241,-48.96718,Gaia DR3 5983673983547791488,0,BE|GCAS|SDOR|WR,,9.42,,G,,,11.18,,G,,,,,,O,
0.03115,3030743985964088704,405216722,114.17622634395214,-13.063852114092814,9.031,8.92154,55959,114.17623,-13.06386,NSV 17524,0,GCAS,,8.7,,V,,,8.98,,V,,,,,,B3n,B
0.031214,3425400245792540288,45037093,91.89118056474209,23.73906923638252,8.847,8.87868,700272,91.89119,23.73907,EPIC 202061197,0,VAR,,8.9,,Kp,Y,,0.001,,Kp,,,,1.950298,,,
0.031226,5960430891885472128,463870955,261.61374879516,-39.49246540063,8.676,9.37369,10568631,261.61374,-39.49246,Gaia DR3 5960430891885472128,0,BE|GCAS|SDOR|WR,,9.34,,G,,,9.4,,G,,,,,,O,
0.031246,511060258797734784,55003265,21.44366228534191,62.5900270283861,10.192,10.7643,2704665,21.44368,62.59003,Gaia DR3 511060258797734784,0,E,,10.72,,G,,,10.89,,G,,,,1.66024,,O,
0.031348,1999574461912020736,470846310,359.81236377245176,60.02247317534171,9.033,9.38468,53416,359.81238,60.02247,NSV 14792,0,BE,,9.45,,V,,,9.76,,V,,,,,,B0.7IIIe,B
0.031395,4658193814095915776,179305185,79.55984370375,-69.25031764884,7.416,9.41367,13591,79.55982,-69.25032,S Dor,0,SDOR,,8.8,,V,,,10.83,,V,,,,,,B8eq-F0Iae,B
0.031476,458368672303402112,264730041,34.75159480482,57.07421172517,10.17,10.3986,2799270,34.7516,57.07422,Gaia DR3 458368672303402112,0,BCEP,,10.38,,G,,,10.41,,G,,,,,,B,
0.03151,4288971148030777088,112134503,290.366644777202,2.817592662030468,9.641,9.80383,7410163,290.36664,2.8176,Gaia DR3 4288971148030777088,0,BCEP,,9.78,,G,,,9.82,,G,,,,,,B,
0.031674,3425498587661488768,45377083,92.3012195343252,23.89008880939932,9.216,9.20965,698378,92.30121,23.89009,EPIC 202060169,0,VAR,,9.3,,Kp,Y,,0.002,,Kp,,,,1.96219,,,
0.031685,2935943990338336000,354770601,107.40407113202,-16.09632779315,9.164,9.19296,5426,107.40408,-16.09633,LY CMa,0,HMXB+GCAS,,8.88,,V,,,9.31,,V,,,,,,B1/B2Ibe,B
0.032208,4156692649278135936,218395387,278.6062255178569,-8.09859223134135,8.4,9.05453,414186,278.60623,-8.0986,ASAS J183425-0805.9,0,DCEP-FO|ACV|EC|ESD,,8.269,,Ic,Y,,0.097,,Ic,2452366.6,,,3.4002,,BN0.2IIIe,B
0.032553,414116902694527616,331782797,18.42410264720941,59.09926846593778,9.817,9.93696,2682733,18.42412,59.09927,Gaia DR3 414116902694527616,0,BCEP,,9.92,,G,,,9.95,,G,,,,,,B,
0.032555,3374892328042650240,45709015,92.8676803287821,19.69976096219317,9.793,9.83498,701620,92.86768,19.69977,EPIC 202060179,0,GDOR,,10.0,,Kp,Y,,0.003,,Kp,,,,1.84942,,,
0.032707,4655460776104657408,30104645,73.55942399621,-69.21012316224,7.969,9.80101,76667,73.5594,-69.21012,LMC V0213,0,SDOR:,,9.97,,V,,,10.55,,V,,,,,,G2-G8Ia+,B
0.032779,458646608225913856,347690912,33.50698011528,57.68117258521,9.7,9.96536,2791433,33.50699,57.68118,Gaia DR3 458646608225913856,0,BCEP,,9.93,,G,,,10.0,,G,,,,,,B,
0.032818,4053253786490495744,105961652,264.48928777515,-35.30152893359,10.823,11.3765,9243274,264.48929,-35.30152,Gaia DR3 4053253786490495744,0,BCEP,,11.34,,G,,,11.41,,G,,,,,,B,
0.032993,4658882353222625920,179639066,80.75278147834327,-67.18945617183586,11.592,11.3397,4252051,80.75276,-67.18946,Gaia DR3 4658882353222625920,0,ACYG,,11.28,,G,,,11.4,,G,,,,0.0802626,,B,
0.033022,5957287663029278976,33678125,267.0328085001756,-42.2867891053174,10.003,9.93456,6632791,267.03281,-42.28678,Gaia DR3 5957287663029278976,0,BCEP,,9.87,,G,,,10.0,,G,,,,0.0590356,,B,
0.033219,4104066445056566272,432729764,277.69803298077,-14.79106876592,9.144,9.51051,111156,277.69803,-14.79106,ASAS J183048-1447.5,0,DPV/ELL,,9.6,,V,,,9.86,,V,2451970.842,,,16.871,,A3III:,B
0.03327,4661289630893455488,31181554,76.8351139059642,-68.53571298103797,10.727,11.6354,235111,76.83509,-68.53571,LMC V1111,0,SDOR:,,11.54,,V,,,11.73,,V,,,,,,B0Ia,B
0.033441,3449649115749694592,115728950,84.28747105682223,34.81195075146453,8.013,8.07165,4318747,84.28747,34.81196,Gaia DR3 3449649115749694592,0,BCEP,,8.05,,G,,,8.11,,G,,,,,,B,
0.033454,5979303734066723456,156335467,260.44852083624,-33.08021926629,9.815,10.4799,105647,260.44852,-33.08021,ASAS J172148-3304.8,0,GCAS,,10.66,,V,,,11.03,,V,,,,,,OBe,B
0.033771,4153264505154993024,119207375,275.87555543397,-11.9291022713,9.28,9.82886,10875752,275.87555,-11.92911,GrAGVar131,0,PULS,,10.17,,V,Y,,0.02,,TESS,2460488.651,,,0.8849,,O4III(f),
0.033783,5969697541498740992,341515540,254.16811613994747,-40.580088914603,8.942,10.0895,6114879,254.16812,-40.58008,Gaia DR3 5969697541498740992,0,DSCT|GDOR|SXPHE,,10.07,,G,,,10.12,,G,,,,0.0782857,,B,
0.033909,524371633760029824,51879141,13.82843761938,65.24486905593,9.779,10.065,2644244,13.82846,65.24487,Gaia DR3 524371633760029824,0,BE|GCAS|SDOR|WR,,10.02,,G,,,10.12,,G,,,,7.5822,,B,
0.03426,564604241682400896,407517307,2.86211022112,79.08686959364,10.014,10.0026,2555773,2.86206,79.08687,Gaia DR3 564604241682400896,0,DSCT|GDOR|SXPHE,,9.97,,G,,,10.03,,G,,,,7.5728,,B,
0.034315,5966509748041919616,339567904,253.548494315404,-41.84925897363968,5.042,6.36369,46647,253.54849,-41.84925,NSV 8023,1,,,6.34,,V,,,6.51,,V,,,,,,O9,B
0.034324,5324644031165449600,400602950,134.3702045117917,-50.74949743106076,7.045,7.00909,42954,134.37019,-50.7495,NSV 4330,0,VAR,,7.09,,V,Y,,0.014,,V,,,,5.75043,,B0II,B
0.034327,5941151986262863104,21931623,248.4682837623773,-48.11125857779851,6.448,6.59066,46432,248.46829,-48.11125,NSV 7808,0,VAR,,6.71,,V,,,6.74,,V,,,,,,O6f?p,B
0.034415,2011901911414140544,400383177,359.2181213838,61.22726666896,9.464,9.74698,8272531,359.21814,61.22727,Gaia DR3 2011901911414140544,0,BE|GCAS|SDOR|WR,,9.7,,G,,,9.78,,G,,,,,,B,
0.034448,5862189287447267968,443652908,199.70797971427,-63.42280838958,9.545,9.639,439569,199.70799,-63.4228,GDS_J1318499-632522,0,VAR,,9.74,,r,Y,,0.21,,r,,,,,,B5Ib/II,B
0.034834,5969525330500112128,338637736,253.2393402370608,-41.56516591264968,6.961,8.1291,683878,253.23933,-41.56516,HD 152042,0,GCAS,,8.15,,V,,,8.22,,V,,,,,,B0.5IV,B
0.034897,454837075308505088,264804453,40.96569157075,56.99143034418,9.62,10.0113,2836408,40.96569,56.99144,Gaia DR3 454837075308505088,0,E,,9.96,,G,,,10.11,,G,,,,1.4307,,B,
0.0352,2200044053326921088,428187251,336.26524361735426,57.841584423778784,10.021,10.2067,8802,336.26526,57.84158,V0450 Cep,0,BE,,10.29,,Hp,,,10.45,,Hp,,,,,,B1.5IV-V:pe,B
0.035232,523181274982120832,54212662,19.069092817428658,63.53130390672885,10.959,11.4972,133783,19.06911,63.53131,V1072 Cas,0,GCAS,,11.2,,G,,,11.59,,G,,,,,,Be,B
0.035266,512138707909235072,372724062,25.88409896963998,64.03757480396628,10.258,10.5076,251815,25.88408,64.03758,V1142 Cas,0,ELL,,11.1,,V,,,11.15,,V,,,,1.48664,,B1,B
0.035281,2020512496220607232,451932686,296.4263006763416,23.98443021911323,8.729,9.05586,2388868,296.4263,23.98444,TIC 451932686,0,EA+BCEP,,9.29,,V,,,9.68,,V,2456050.2,,,54.494,,B0.5V,
0.035297,509568255886530560,453309830,24.659376972020745,59.80870270559496,10.426,10.6854,2729797,24.65939,59.80871,Gaia DR3 509568255886530560,0,E,,10.65,,G,,,10.75,,G,,,,1.3938,,B,
0.035699,512722823459548928,389531769,22.52564841038172,63.917477130622245,10.238,10.6547,731269,22.52567,63.91748,ASASSN-V J013006.16+635502.9,0,EB,,10.9,,V,,,11.08,,V,2457316.774,,,2.3727,,,
0.036072,2011676271009246080,470849121,359.70713583429,60.74182275665,9.152,9.67704,10004786,359.70715,60.74183,Gaia DR3 2011676271009246080,0,RS,,9.61,,G,,,9.75,,G,,,,,,G,
0.03614,5939544019244646016,234648961,251.0518331863045,-47.41207980465492,9.086,9.13959,6017189,251.05183,-47.41207,Gaia DR3 5939544019244646016,0,BCEP,,9.13,,G,,,9.16,,G,,,,,,B,
0.036201,5890757760589793536,264026330,216.9889408244105,-59.635448922191465,9.784,9.76061,442596,216.98895,-59.63544,GDS_J1427573-593807,0,VAR,,9.89,,r,Y,,0.12,,r,,,,,,B0IV,B
0.036475,4657692338057418624,277300141,84.45433122147,-69.0856132718,11.267,11.3663,2219157,84.45431,-69.08562,LMC V3702,0,WR,,11.33,,V,,,11.46,,V,,,,,,B1I+WN,
0.036727,5964387037771707776,246553529,252.88913997315,-44.4274502018,9.093,9.44785,6074239,252.88914,-44.42744,Gaia DR3 5964387037771707776,0,BCEP,,9.45,,G,,,9.47,,G,,,,,,B,
0.036853,5978123369668545280,42534550,256.8365152658115,-34.478999463768986,9.748,9.87276,6210270,256.83652,-34.47899,Gaia DR3 5978123369668545280,0,BCEP,,9.86,,G,,,9.91,,G,,,,0.1431141,,B,
0.036865,4657589254497529344,404967301,85.36533948964825,-69.80103891094171,9.256,11.1799,235189,85.36531,-69.80104,LMC V4093,0,VAR,,11.2,,V,,,11.25,,V,,,,,,B2.5Ia,B
0.036944,4041236811592006272,106941893,264.77676563828,-35.46758917761,9.291,9.65364,9229097,264.77676,-35.46758,Gaia DR3 4041236811592006272,0,BCEP,,9.64,,G,,,9.67,,G,,,,,,B,
0.037084,5960360660577319040,198063277,260.58604658285,-39.85362984935,9.415,9.78647,6373938,260.58606,-39.85363,Gaia DR3 5960360660577319040,0,BE|GCAS|SDOR|WR,,9.74,,G,,,9.82,,G,,,,,,B,
0.037133,510189892272717952,422533085,21.82695943419235,60.11491117983383,10.178,10.3557,2707433,21.82698,60.11491,Gaia DR3 510189892272717952,0,BE|GCAS|SDOR|WR,,10.14,,G,,,10.42,,G,,,,,,B,
0.037217,3398994894234581376,118969977,88.91938648437319,20.07785164637117,10.565,10.7858,41355,88.91938,20.07786,NSV 2731,2,CST,,10.9,,V,,,,,,,,,,,B1IV,B
0.037245,458406433653361152,348607417,35.651231043494086,57.08177087068528,9.762,9.90622,2804976,35.65124,57.08178,Gaia DR3 458406433653361152,0,BCEP,,9.89,,G,,,9.92,,G,,,,,,B,
0.037568,458379014584349696,264612775,34.636577171246024,57.211019677361485,9.051,9.2297,26043,34.63658,57.21103,V0519 Per,0,BE,,9.05,,V,,,9.4,,V,,,,,,B1e,B
0.037568,187043317482036224,408937625,79.58777719585113,36.6320318232546,7.675,7.68017,3920,79.58779,36.63203,EO Aur,0,EA/DM:,,7.56,,V,,,8.13,,V,2452500.255,,,4.0656497,,B3V+B3V,B
0.037634,518316863745376512,373702832,27.81348207286,65.3930373186,11.306,11.6536,1540343,27.8135,65.39303,NEV422,0,EA,,11.77,,V,,,11.84,,V,2458810.386,,,4.03385,,,
0.03767,3375761457625837440,429944492,94.82032969011,20.57993045999,7.87,8.22952,24026,94.82033,20.57992,V0963 Ori,0,BCEP:,,8.47,:,V,,,8.5,,V,,,,0.2,:,B2Ibpea,B
0.0378,522526030474377472,52855592,17.388147907833368,61.38581124132099,9.17,9.3083,2675026,17.38816,61.38582,Gaia DR3 522526030474377472,0,DSCT|GDOR|SXPHE,,9.3,,G,,,9.33,,G,,,,1.75698,,B,
0.037888,428871489746923904,279188128,6.76890859856,61.05482813442,9.463,9.47186,2584896,6.76893,61.05483,Gaia DR3 428871489746923904,0,DSCT|GDOR|SXPHE,,9.43,,G,,,9.52,,G,,,,0.75617,,B,
0.038127,465121941433605120,14034665,38.03790690963992,60.026368330407415,10.286,11.0415,39473,38.03792,60.02636,NSV 849,1,,,12.5,,pg,,,,,,,,,,,B0.5V,B
0.038206,5973437736469988736,224836561,257.51986072226,-37.55686765092,10.08,10.866,6239216,257.51987,-37.55686,Gaia DR3 5973437736469988736,0,BE|GCAS|SDOR|WR,,10.84,,G,,,10.9,,G,,,,,,O,
0.038327,4153666106124493696,114080021,274.67027916488155,-12.106501053753982,7.931,8.24204,49177,274.67029,-12.1065,NSV 10553,1,,,8.52,,V,,,,,,,,,,,O5IV(f),B
0.038384,3449432340161065600,116066367,84.71517545422,34.29139033668,9.859,10.08,4326230,84.71517,34.2914,Gaia DR3 3449432340161065600,0,E,,10.05,,G,,,10.25,,G,,,,1.48763,,B,
0.038402,188004123144159616,426667278,80.25983169897,39.82637941292,10.728,11.0301,4242461,80.25983,39.82639,Gaia DR3 188004123144159616,0,BE|GCAS|SDOR|WR,,10.85,,G,,,11.09,,G,,,,,,B,
0.038537,431817596791844608,83968496,3.878957648190912,64.14871557242155,9.664,10.0208,2562888,3.87898,64.14872,Gaia DR3 431817596791844608,0,BE|GCAS|SDOR|WR,,9.97,,G,,,10.07,,G,,,,,,B,
0.038703,5972172198601109632,266265296,258.35190443329,-39.79520019685,10.097,10.6731,6276893,258.3519,-39.79519,Gaia DR3 5972172198601109632,0,E,,10.6,,G,,,10.78,,G,,,,2.05161,,B,
0.039321,460625282472690048,251145091,42.94916079464163,57.04846029275652,7.773,8.23499,39583,42.94917,57.04847,NSV 959,2,,,8.45,,V,,,,,,,,,,,O8Ifv,B
0.039518,527643127527266432,284540327,10.31425358665,65.96508218314,10.288,10.9177,2612125,10.31428,65.96508,Gaia DR3 527643127527266432,0,RS,,10.89,,G,,,10.95,,G,,,,,,B,
0.039527,4256512362196233600,180858289,280.40655188335,-5.36205743293,9.821,10.3001,9816656,280.40656,-5.36205,Gaia DR3 4256512362196233600,0,BCEP,,10.29,,G,,,10.32,,G,,,,,,B,
0.039559,510970339363604096,54365610,19.12262193071913,61.94584303330415,9.84,10.1402,2687623,19.12264,61.94585,Gaia DR3 510970339363604096,0,DSCT|GDOR|SXPHE,,10.11,,G,,,10.17,,G,,,,1.54105,,B,
0.039651,426881614218441600,285235783,12.47192037703,60.12737898732,8.846,9.59916,6380,12.47192,60.12739,XY Cas,0,DCEP,,9.61,,V,,,10.26,,V,2442006.786,,,4.501697,,F6Ib-G2Ib,B
0.039701,5943007480889052160,229721704,249.05586320309,-45.72881079909,9.951,10.5231,5957950,249.05586,-45.7288,Gaia DR3 5943007480889052160,0,BE|GCAS|SDOR|WR,,10.49,,G,,,10.55,,G,,,,,,B,
0.039754,5966509885480902656,339568213,253.541921539563,-41.82504901690045,4.774,5.98199,33823,253.54192,-41.82506,V1007 Sco,0,EA/SD,,6.06,,V,,,6.28,,V,2448502.637,,,5.81615,,O7.5III(f)+O7III(f),B
0.039822,5715183929918131968,140091538,115.47869855927,-21.13305708751,9.648,10.3329,26647,115.47871,-21.13306,WW Pup,0,DCEP,,10.03,,V,,,11.03,,V,2441047.29,,,5.516724,,F5-F9,B
0.039872,5961972372824298240,175728634,262.78176139939,-38.64188880574,9.58,9.84821,683888,262.78177,-38.64188,HD 323553,0,EA,,10.05,,V,,,10.14,,V,2452460.62,,,3.32423,,OB,B
0.040046,182639395454247808,239717630,81.81639425217108,34.42873944363608,9.647,9.65956,4272068,81.81639,34.42875,Gaia DR3 182639395454247808,0,ACV|roAm|roAp|SXARI,,9.65,,G,,,9.67,,G,,,,,,B,
0.040116,3377246313718987392,331777139,95.74267398433182,22.862810333204514,8.66,8.95645,701690,95.74268,22.86282,EPIC 202060092,0,VAR,,9.2,,Kp,Y,,0.005,,Kp,,,,0.292013,,,
0.04015,5966528916466955008,339562197,253.46397271733687,-41.544804187015615,7.295,8.51985,46640,253.46396,-41.54481,NSV 8016,1,,,8.58,,V,,,8.7,,V,,,,,,B0,B
0.04047,5867518104878880768,325273334,209.49069930498584,-59.884699878385966,9.014,8.82429,8284,209.49071,-59.88469,V0987 Cen,0,BE,,8.8,,Hp,,,8.9,,Hp,,,,,,B5V:n,B
0.040601,4261226758798275072,160966399,289.2379172283861,-2.0973709325222605,10.111,10.2657,685188,289.23792,-2.09736,CoRoT 651389094,0,EA,,14.32,,r,Y,,0.133,,r,2456029.7204,,,4.700102,,A2V,
0.040611,460820441488777216,251117392,42.66100864055,57.33617972805,9.841,10.6994,25682,42.661,57.33619,EO Per,0,ISA:,,10.8,,V,,,12.4,,V,,,,,,B0ea,B
0.040754,5977087771474393600,46408443,258.08688235425,-35.54921115737,10.382,10.9776,6264609,258.08688,-35.5492,Gaia DR3 5977087771474393600,0,BCEP,,10.93,,G,,,11.03,,G,,,,,,B,
0.040968,5974125171741853696,463730673,261.2619756505551,-37.730420840449085,8.687,10.2564,2225565,261.26199,-37.73042,Gaia21dxg,0,GCAS,,9.99,,G,,,10.3,,G,,,,,,,
0.041296,4269017176684904320,180964518,287.61343195887474,3.3324086967966093,10.924,11.155,9845585,287.61343,3.33242,Gaia DR3 4269017176684904320,0,DSCT|GDOR|SXPHE,,11.15,,G,,,11.21,,G,,,,3.96773,,B,
0.041329,4252753578666862336,197332002,280.04046907906445,-7.250561443770796,9.069,9.36749,7114084,280.04047,-7.25055,Gaia DR3 4252753578666862336,0,BCEP,,9.35,,G,,,9.4,,G,,,,,,B,
0.041345,458459863049757568,348443974,35.3253065488,57.30613278937,9.213,9.62822,26028,35.32529,57.30614,V0504 Per,0,BE,,9.77,,V,,,9.98,,V,,,,,,O9e,B
0.041628,182636101219583104,2942298,82.03490476640806,34.395889126178226,9.698,9.76345,2223809,82.0349,34.3959,[LPK2019] V129,0,VAR:,,9.8,,V,Y,,0.16,,V,,,,,,,
0.041652,5241974771217883008,465145959,162.52910974926286,-61.80498843049963,9.119,8.89053,225481,162.52911,-61.805,HD 94065,0,BCEP,,8.95,,V,Y,,0.041,,V,,,,0.2078958,,B0/1III-IV,B
0.041797,476270508301993344,84342725,61.95534297803367,62.33294992404042,6.611,6.84239,4559,61.95533,62.33294,SZ Cam,0,EA+BCEP,,6.94,,V,,,7.23,,V,2455462.531,,,2.6983845,,O9IV+B0.5V+B1V,B
0.041851,429496184154019328,283028753,1.128185841554637,61.2467403061278,10.342,10.6631,2543611,1.12821,61.24674,Gaia DR3 429496184154019328,0,BE|GCAS|SDOR|WR,,10.47,,G,,,10.8,,G,,,,,,B,
0.042124,4297901209654020480,281132210,296.19782084707856,7.226625404418816,8.09,8.06687,7538059,296.19781,7.22663,Gaia DR3 4297901209654020480,0,DSCT|GDOR|SXPHE,,8.04,,G,,,8.09,,G,,,,2.67457,,B,
0.042239,2013738164547406464,371901993,348.49359745161377,59.82015697165601,7.972,8.4727,8199787,348.49362,59.82016,Gaia DR3 2013738164547406464,0,RS,,8.43,,G,,,8.52,,G,,,,,,O,
0.042292,5524047130639196672,430594580,131.11016460212275,-43.16733893153843,10.355,10.8686,427205,131.11017,-43.16735,GDS_J0844264-431002,0,VAR,,10.85,,r,Y,,0.11,,r,,,,,,O9.5/B2,B
0.042348,2010710693640910592,371906593,349.06523175156,59.49776274853,10.618,10.9959,10000127,349.06525,59.49777,Gaia DR3 2010710693640910592,0,BE|GCAS|SDOR|WR,,10.97,,G,,,11.09,,G,,,,,,B,
0.042411,5972216591383770240,188414690,258.5881216722,-39.82738989356,9.147,9.80865,6287831,258.58813,-39.82738,Gaia DR3 5972216591383770240,0,BE|GCAS|SDOR|WR,,9.78,,G,,,9.84,,G,,,,,,O,
0.042601,2007416556811088768,343661464,341.72543971898,58.08430499264,8.246,8.46821,8483,341.72546,58.08431,DH Cep,0,ELL,,8.58,,V,,,8.62,,V,2448500.8375,,,2.11098,,O5.5+O6.5IV-Vn,B
0.042616,2012772033124215808,378373246,358.4036553227622,61.95551836825551,9.953,10.1386,684092,358.40366,61.95553,NADA-V26,0,GCAS,,10.09,,V,,,10.19,,V,,,,,,B3V,
0.042717,1974797276625627392,419863268,327.83617436552,47.60849875872,10.177,10.3239,9977927,327.83618,47.60851,Gaia DR3 1974797276625627392,0,DSCT|GDOR|SXPHE,,10.27,,G,,,10.39,,G,,,,4.43408,,B,
0.042844,5939635519223026944,235518467,251.31539468880536,-47.38179134485471,10.631,10.7447,6025510,251.3154,-47.38178,Gaia DR3 5939635519223026944,0,BCEP,,10.69,,G,,,10.8,,G,,,,0.1660628,,B,
0.043696,428945844222207360,406964745,5.582034508947007,61.65286908656058,10.042,10.1965,2575473,5.58206,61.65287,Gaia DR3 428945844222207360,0,BCEP,,10.19,,G,,,10.22,,G,,,,,,B,
0.043902,5884764838097911168,89593348,239.09833538853488,-54.17356189250738,9.095,11.1403,744116,239.09834,-54.17355,ASASSN-V J155623.60-541024.8,0,EA,,11.27,,V,,,11.38,,V,2457657.525,,,12.072,,,
0.043985,426310039969841408,52861326,17.50941663143,60.16876623843,10.393,10.8836,2675976,17.50944,60.16877,Gaia DR3 426310039969841408,0,DSCT|GDOR|SXPHE,,10.85,,G,,,10.93,,G,,,,1.22691,,B,
0.044024,5966507823896515200,339568187,253.6798551005453,-41.82652487397677,8.408,9.54948,33736,253.67987,-41.82653,V0920 Sco,0,BCEP,,9.85,,B,Y,,0.043,,B,,,,0.10154,,B1V,B
0.044102,4264430392096973568,176820877,289.44195015427823,0.6109127097330314,9.28,9.37154,7388694,289.44196,0.61092,Gaia DR3 4264430392096973568,0,ACV|roAm|roAp|SXARI,,9.36,,G,,,9.39,,G,,,,,,B,
0.044109,5965895876954001152,378657811,256.75416485993,-41.90554481212,8.665,10.639,6206922,256.75418,-41.90554,Gaia DR3 5965895876954001152,0,VAR,,10.6,,G,,,10.67,,G,,,,0.88074,,B,
0.044234,522533319043237760,52855264,17.250397379090213,61.47078585231044,9.71,9.8703,6642,17.25042,61.47078,OX Cas,0,EA/DM,,9.9,,V,,,10.35,,V,2441269.6355,,,2.4893427,,B1V,B
0.044281,422138527212598528,403338682,5.43956039333,58.33953326308,10.454,10.773,2574381,5.43958,58.33954,Gaia DR3 422138527212598528,0,BE|GCAS|SDOR|WR,,10.75,,G,,,10.8,,G,,,,5.4578,,B,
0.044539,5875626556496201856,460977279,232.2253047775778,-60.80119871099528,9.302,9.29035,225561,232.22533,-60.8012,HD 137405,0,BCEP,,9.36,,V,Y,,0.023,,V,,,,0.230719,,B0.5/1Iab,B
0.044698,5967351424210917504,236068511,251.52993308602,-44.2405381404,9.487,10.902,103603,251.52992,-44.24053,ASAS J164607-4414.4,0,ED,,11.08,,V,Y,,0.34,,V,2451932.95,,,2.146028,,,B
0.044873,3026472417650160128,456701522,112.74514863864697,-18.92999368522116,8.435,8.79291,3468043,112.74516,-18.93,Gaia DR3 3026472417650160128,0,DSCT|GDOR|SXPHE,,8.78,,G,,,8.82,,G,,,,4.17762,,O,
0.044944,5966503597648760064,339566276,253.48169411025435,-41.88098168912061,6.377,7.50988,46641,253.4817,-41.88097,V1292 Sco,0,EA,,7.57,,V,,,7.8,,V,2453182.567,,,4.2403,,O9.5IV,B
0.045104,430553811258362112,366108295,7.157096669100456,62.48824361051058,10.083,10.1405,2587897,7.15712,62.48825,Gaia DR3 430553811258362112,0,BCEP,,10.11,,G,,,10.15,,G,,,,,,B,
0.04523,4104449423049016576,204626943,277.1626508288884,-13.501638850351751,8.55,9.11506,7000375,277.16266,-13.50163,Gaia DR3 4104449423049016576,0,RS,,9.08,,G,,,9.16,,G,,,,,,O,
0.045268,5966522667303699072,339564202,253.49995794205168,-41.7146810890562,6.171,7.51047,46644,253.49995,-41.71467,V1294 Sco,0,EA+HB+SPB:,,7.58,,V,,,7.67,,V,2453398.87,,,5.60412,,O9IV+O9.7V,B
0.045437,4289099271166517888,182963374,290.85564338968805,3.1905492419225587,9.661,9.72009,9867403,290.85565,3.19056,Gaia DR3 4289099271166517888,0,ACV|roAm|roAp|SXARI,,9.71,,G,,,9.74,,G,,,,,,B,
0.045874,206148367105574016,21392414,73.2742703783,44.4155372602,10.461,10.7885,3057721,73.27427,44.41555,Gaia DR3 206148367105574016,0,DSCT|GDOR|SXPHE,,10.76,,G,,,10.98,,G,,,,5.4318,,B,
0.046115,4036692362584394880,469326688,268.0334322224021,-38.632798539832,8.898,8.83464,6667705,268.03342,-38.63279,Gaia DR3 4036692362584394880,0,ACV|roAm|roAp|SXARI,,8.82,,G,,,8.85,,G,,,,,,B,
0.046131,2008588223883183232,343187790,341.24821431191,59.93180987962,10.631,11.0698,8148453,341.24823,59.93182,Gaia DR3 2008588223883183232,0,DSCT|GDOR|SXPHE,,11.05,,G,,,11.08,,G,,,,0.54067,,B,
0.04618,511239410478024192,399203177,26.3251059759,61.11568733267,9.564,9.90613,136004,26.32508,61.11569,V0972 Cas,0,BE,,9.9,,Rc,Y,,0.39,,Ic,,,,,,B1Ve,B
0.046202,526925215154528256,428526269,9.88266211466,63.68369655336,10.097,10.5856,2608615,9.88269,63.6837,Gaia DR3 526925215154528256,0,BE|GCAS|SDOR|WR,,10.55,,G,,,10.64,,G,,,,,,B,
0.04646,2007372095307619840,317162870,342.06766716716817,58.01319549892591,9.872,10.2568,8154543,342.06769,58.0132,Gaia DR3 2007372095307619840,0,E,,10.22,,G,,,10.33,,G,,,,1.08399,,B,
0.046607,458308955066917120,348506791,35.29832462269,56.85390739181,9.299,9.42428,2387766,35.29833,56.85392,BD+56 556,0,BCEP,,9.45,,V,,,9.49,,V,2457732.27,,,0.217257,,OB,
0.046611,5939542851013403904,235416159,251.14424268483685,-47.47409970162907,9.949,10.0286,10440250,251.14423,-47.47409,Gaia DR3 5939542851013403904,0,DSCT|GDOR|SXPHE,,10.01,,G,,,10.05,,G,,,,0.0875454,,B,
0.046659,2061426663907123584,13967727,305.7562301336778,39.34457703964477,8.564,8.90571,7727692,305.75623,39.34459,Gaia DR3 2061426663907123584,0,BCEP,,8.88,,G,,,8.94,,G,,,,,,B,
0.046775,1826856440946305024,279236955,299.2443832159653,21.330457356949736,9.626,9.63604,1543848,299.24438,21.33047,TIC 279236955,0,BCEP,,9.59,,V,,,9.67,,V,2457508.071,,,0.12416075,,B2III,
0.046964,5698636279917579520,129928192,119.52140842575,-24.04175764566,9.8,10.3858,26649,119.52142,-24.04175,WY Pup,0,DCEP,,10.18,,V,,,10.96,,V,2440925.4,,,5.2508,,F5-F9,B
0.046968,423559336757359872,445380852,14.53201002391,55.81480334892,9.812,9.82122,2650814,14.53203,55.81481,Gaia DR3 423559336757359872,0,BCEP,,9.81,,G,,,9.88,,G,,,,,,B,
0.0471,5869320651099982464,443204265,198.93297999953,-61.82905094366,9.259,9.8717,96152,198.933,-61.82906,ASAS J131544-6149.8,0,EC,,10.13,,V,Y,,0.19,,V,2451961.1,,,64.03527,,,B
0.047296,5965721226416760960,380435021,257.33671856452,-41.84080000103,10.263,10.6474,6231457,257.33673,-41.84079,Gaia DR3 5965721226416760960,0,BCEP,,10.6,,G,,,10.7,,G,,,,0.1171995,,B,
0.047313,4103813802261866496,425115568,280.34400678325,-13.84139716402,9.075,9.72688,414254,280.34402,-13.8414,ASAS J184123-1350.5,0,MISC|LPV,,9.017,,Ic,Y,,0.586,,Ic,2458805.4,,,2579.0,,OB,B
0.047528,3423422778428634624,44750733,91.27981131391,21.62899955469,9.025,8.96663,4423704,91.27982,21.62901,Gaia DR3 3423422778428634624,0,BCEP,,8.95,,G,,,8.99,,G,,,,,,B,
0.04766,3441943089726042112,74159006,83.19428642029659,26.747397152747016,8.172,8.17686,4298073,83.19429,26.74741,Gaia DR3 3441943089726042112,0,ACV|roAm|roAp|SXARI,,8.16,,G,,,8.21,,G,,,,,,B,
0.047663,5964322334067272832,246876702,253.28646859232,-44.67319069222,9.244,11.0823,1499974,253.28645,-44.67319,NADA-V106,0,GCAS,,11.04,,V,,,11.35,,V,,,,,,OBe,
0.047751,2061401100260902656,12671002,304.9333727040667,38.98203800936428,10.351,10.738,7713710,304.93338,38.98205,Gaia DR3 2061401100260902656,0,BE|GCAS|SDOR|WR,,10.7,,G,,,10.76,,G,,,,,,B,
0.047878,2198645577619377536,329757506,333.13994269162,57.26598730136,7.841,8.4662,300192,333.13995,57.266,V0873 Cep,0,ACYG,,8.94,,V,Y,,0.03,,V,,,,7.273,,B9Iab,B
0.048199,3107547347067366400,168627067,107.19996777552,-4.05745552838,8.303,8.30163,410819,107.19998,-4.05745,ASAS J070848-0403.4,0,MISC,,8.085,,Ic,Y,,0.354,,Ic,2453785.4,,,636.0,,Be?,B
0.048349,458535248311586304,348022786,34.19328932748696,57.02934657468031,7.155,7.29945,53901,34.19329,57.02936,NSV 15466,0,ACYG,,7.36,,V,,,7.42,,V,,,,,,B2Ib,B
0.04841,2013758363772913280,388327122,347.78654352676494,59.75184941859266,9.794,10.2638,8195053,347.78656,59.75186,Gaia DR3 2013758363772913280,0,DSCT|GDOR|SXPHE,,10.24,,G,,,10.29,,G,,,,2.94134,,B,
0.048452,505494152986686848,445542388,30.29376192770624,58.203500488582335,8.395,8.57256,2770394,30.29378,58.20351,Gaia DR3 505494152986686848,0,DSCT|GDOR|SXPHE,,8.56,,G,,,8.6,,G,,,,1.36234,,B,
0.048489,3403084489075795968,29277573,86.23431720845916,21.46067832060521,8.519,8.6004,78204,86.23431,21.46069,ASAS J054456+2127.6,0,GCAS,,8.42,,V,,,8.74,,V,,,,,,B1:V:ne:,B
0.048509,5339047221168787712,451004619,170.44505383092,-59.86331299057,9.299,9.76305,434814,170.44508,-59.86331,GDS_J1121468-595147,0,VAR,,9.62,,i,Y,,0.11,,i,,,,,,B1Ia,B
0.048526,5594921684529919360,149617389,116.38457838330132,-32.85020658904681,10.185,10.6624,56028,116.38458,-32.85022,NSV 17593,1,VAR:,,10.89,,V,,,10.98,,V,,,,,,B1III,B
0.04866,255225480926107392,348474239,76.95959559755,48.40261131244,9.061,9.50479,3110673,76.95958,48.40262,Gaia DR3 255225480926107392,0,DSCT|GDOR|SXPHE,,9.43,,G,,,9.64,,G,,,,2.66528,,B,
0.048681,5884839089478914944,78652307,237.58268836466817,-54.44538170813255,10.108,10.5056,5671043,237.5827,-54.44537,Gaia DR3 5884839089478914944,0,BCEP,,10.47,,G,,,10.53,,G,,,,0.016343,,B,
0.048808,4155344545012059520,163301683,280.87377849590047,-9.320183476172986,8.24,8.82022,49876,280.87378,-9.32017,NSV 11252,0,VAR,,9.11,,V,,,9.28,,V,,,,,,O9.7Ia+e,B
0.048906,3434939338094495360,172357941,98.85918878096,30.15892873475,9.552,9.955,723178,98.85918,30.15894,ASASSN-V J063526.20+300932.2,0,EB,,9.98,,V,,,10.34,,V,2457342.901,,,1.0427,,,
0.049196,4185438414407004032,130212230,288.88127354454,-13.91830627075,9.568,9.48219,225631,288.88126,-13.91831,HD 180032,0,BCEP,,9.49,,V,Y,,0.017,,V,,,,0.145602,,B2III/IV,B
0.049239,1821521438743424128,390992113,297.06983212469,18.23130262047,9.825,9.93893,63327,297.06982,18.23131,NSV 24892,1,,,10.2,,B,Y,,0.04,,B,,,,,,B3:e,B
0.049315,5940654422886567680,11856739,247.1264680132,-49.35147125535,9.025,10.7763,5903897,247.12648,-49.35146,Gaia DR3 5940654422886567680,0,BCEP,,10.75,,G,,,10.8,,G,,,,,,B,
0.049362,5699778157100273024,218709969,124.28800637722,-22.65039452689,10.041,10.2507,3753889,124.28802,-22.6504,Gaia DR3 5699778157100273024,0,DSCT|GDOR|SXPHE,,10.23,,G,,,10.27,,G,,,,4.1439,,B,
0.049487,3443773879666125184,309335864,89.64717545618967,30.2071870877726,9.072,9.12792,4402702,89.64717,30.2072,Gaia DR3 3443773879666125184,0,BE|GCAS|SDOR|WR,,9.09,,G,,,9.16,,G,,,,,,B,
0.049519,1972224178908693376,240268877,322.36178022486405,46.89543797547329,9.595,9.64824,9977009,322.36179,46.89545,Gaia DR3 1972224178908693376,0,BCEP,,9.6,,G,,,9.66,,G,,,,,,B,
0.049538,4253448847965325056,203635272,280.33252929743185,-6.055700191784081,9.812,10.5071,7125400,280.33252,-6.05569,Gaia DR3 4253448847965325056,0,BE|GCAS|SDOR|WR,,10.49,,G,,,10.53,,G,,,,,,B,
0.049559,5966505762312172928,247264964,253.65020414437225,-41.89393305818387,9.7,9.73394,33763,253.65021,-41.89392,V0947 Sco,0,BCEP,,10.16,,B,Y,,0.04,,B,,,,0.10794,,B1V,B
0.049641,5868825218056486016,315955586,203.3737516358869,-61.44562748423232,9.309,9.27517,225543,203.37378,-61.44563,HD 117687,0,BCEP,,9.33,,V,Y,,0.014,,V,,,,0.161948,,B2Ib/II,B
0.049721,5931613104493316096,207231496,243.04783569316,-55.8775312404,10.041,10.3847,5798023,243.04785,-55.87752,Gaia DR3 5931613104493316096,0,BE|GCAS|SDOR|WR,,10.34,,G,,,10.5,,G,,,,,,F,
0.049726,3377522566015784192,429864788,94.60673493800512,23.57144045598796,8.576,8.86578,14562,94.60675,23.57144,LT Gem,0,EA,,8.96,,V,,,9.13,,V,2452717.52,,,4.2812,,B1V,B
0.049872,458470686365924992,348315321,35.16269449734643,57.31185589142281,9.491,9.69494,26027,35.16267,57.31186,V0503 Per,0,BE,,9.43,,V,,,9.72,,V,,,,,,B1e,B
0.049958,524508832196734592,421381936,11.73516677931,65.33992932296,9.988,10.5223,2624297,11.7352,65.33993,Gaia DR3 524508832196734592,0,RS,,10.45,,G,,,10.6,,G,,,,,,B,
0.050007,428436598536151040,320382418,7.794462700034655,59.49290905358612,9.21,9.57686,2592760,7.79449,59.49291,Gaia DR3 428436598536151040,0,BE|GCAS|SDOR|WR,,9.55,,G,,,9.61,,G,,,,4.87582,,B,
0.050211,4152967194659729536,177196480,276.80314995745,-12.59798992349,10.427,11.0704,6983361,276.80316,-12.59798,Gaia DR3 4152967194659729536,0,BCEP,,11.05,,G,,,11.09,,G,,,,,,B,
0.050314,5612331076768235136,109403203,113.15792762537,-27.86057224264,9.007,9.06094,55942,113.15792,-27.86056,NSV 17507,1,VAR:,,9.09,,V,,,9.15,,V,,,,,,B1II,B
0.050339,2014921685733241600,268525232,347.39526160287124,61.46578339481609,8.897,9.40519,2221486,347.39529,61.46578,TIC 268525232,0,GCAS,,9.1,,V,,,9.77,,V,,,,,,B0.5pe,
0.050402,476270508303159296,84342714,61.96412926055141,62.33010337409664,6.527,6.80544,40082,61.9641,62.3301,NSV 1458,0,VAR,,6.91,,V,Y,,0.08,,V,,,,2.87076,,B0III,B
0.050539,270335794349363840,470354978,64.99447998372,49.35121596138,9.53,9.96988,2984565,64.99448,49.35123,Gaia DR3 270335794349363840,0,DSCT|GDOR|SXPHE,,9.96,,G,,,9.99,,G,,,,0.0914419,,B,
0.050598,5972614820738279680,198851135,260.77882106768,-38.08108102926,8.696,10.4874,60091,260.77881,-38.08107,NSV 21656,0,BCEP,,10.59,,V,,,10.69,,V,2453472.796,,,0.1872559,,B1V,B
0.050972,462130376453494272,384812248,48.52222368987457,59.5634652217013,6.622,6.9634,6434,48.52225,59.56347,CC Cas,0,EB/DM,,7.06,,V,,,7.3,,V,2443818.166,,,3.368753,,O9IV+O9IV,B
0.051036,4253416515446621184,203856936,281.14463310113,-5.93925558335,9.874,10.7115,112339,281.14462,-5.93925,ASAS J184435-0556.4,0,ESD,,11.08,,V,Y,,0.23,,V,2451966.447,,,4.3324,,,B
0.051229,3373469800514670976,386624472,93.5717918359,18.62701587636,10.058,10.1789,620771,93.57179,18.62703,EPIC 202071635,0,EA+PULS,,10.2,,Kp,Y,,0.09,,Kp,,,,6.271529,,,B
0.051249,4203105268550406912,151636627,282.74296428508,-9.82738786907,8.86,8.96785,112826,282.74295,-9.82739,ASAS J185058-0949.6,0,GCAS,,8.62,,V,,,9.04,,V,,,,,,B2e,B
0.05133,253008831124257792,391414157,71.02946465560915,45.24003612350166,8.652,9.02128,3032549,71.02946,45.24005,Gaia DR3 253008831124257792,0,E,,8.98,,G,,,9.09,,G,,,,1.83518,,B,
0.051512,5964045909974947712,120801170,254.65690371145,-45.4342536113,8.82,9.23295,6131494,254.65691,-45.43424,Gaia DR3 5964045909974947712,0,E,,9.2,,G,,,9.27,,G,,,,1.63527,,O,
0.051532,2059076148587289728,89757859,301.488834489061,35.78834615644555,6.667,6.73254,12596,301.48883,35.78836,V1676 Cyg,0,WR,,6.75,,V,,,6.84,,V,,,,,,WN5+O9.5Ia,B
0.051678,1978788641279410944,278076037,324.4973694380761,48.487157467662165,7.532,7.56241,13089,324.49738,48.48717,V2169 Cyg,0,EB,,7.61,,Hp,,,7.76,,Hp,2448500.1,,,1.23372,,B8,B
0.051894,5931764940202998784,207505006,243.4940086435536,-54.91579755731378,10.472,10.4705,10418591,243.49403,-54.91579,Gaia DR3 5931764940202998784,0,DSCT|GDOR|SXPHE,,10.44,,G,,,10.51,,G,,,,0.305577,,B,
0.05227,3374876831800750720,385669265,91.44180435044,20.49238451213,9.873,10.1441,699032,91.44179,20.49239,EPIC 202062219,0,VAR,,10.4,,Kp,Y,,0.001,,Kp,,,,3.677706,,,
0.052288,3377066023873341824,429863444,94.60544916476,22.95950817862,9.373,9.63496,702682,94.60544,22.95952,EPIC 202060461,0,DSCT,,10.2,,Kp,Y,,0.006,,Kp,,,,0.14037,,,
0.052337,2002403677140307456,428274993,340.8466601874439,54.071591270416086,9.368,9.39483,8145554,340.84668,54.0716,Gaia DR3 2002403677140307456,0,BE|GCAS|SDOR|WR,,9.36,,G,,,9.47,,G,,,,,,B,
0.052559,5966516173313122816,339565265,253.41282167030909,-41.79668321325715,8.359,9.65243,33778,253.41283,-41.79667,V0962 Sco,0,GCAS,,9.47,,G,,,9.74,,G,,,,,,B1.5Ve,B
0.052772,2015382965227811328,269818126,350.9980233252413,60.750133291636566,10.78,11.2486,734924,350.99805,60.75014,ASASSN-V J232359.53+604500.5,0,EB,,11.45,,V,,,11.56,,V,2457169.094,,,3.3593,,,
0.052812,2182698398401441664,313328389,314.16902963119,53.66314667852,10.432,11.0566,9974005,314.16904,53.66316,Gaia DR3 2182698398401441664,0,BCEP,,11.04,,G,,,11.1,,G,,,,,,B,
0.05291,4268902616956085760,179852320,287.01144520045,2.87042625099,9.511,10.1027,7329617,287.01144,2.87044,Gaia DR3 4268902616956085760,0,RS,,10.06,,G,,,10.15,,G,,,,,,B,
0.053,5974101188644264704,463605260,261.08140006509,-38.09920241001,9.714,10.0269,6393308,261.08139,-38.09919,Gaia DR3 5974101188644264704,0,BCEP,,9.97,,G,,,10.06,,G,,,,,,B,
0.053503,4263374345524728704,415612665,291.8868660633141,-0.3221143311933734,9.036,9.04433,7443045,291.88687,-0.3221,Gaia DR3 4263374345524728704,0,ACV|roAm|roAp|SXARI,,9.03,,G,,,9.06,,G,,,,,,B,
0.053933,2012589140544752384,272922818,356.96530227372523,61.09605330298627,10.318,10.737,8257451,356.96533,61.09606,Gaia DR3 2012589140544752384,0,BCEP,,10.72,,G,,,10.76,,G,,,,,,O,
0.054012,2027051738543545472,12207515,298.3107883656121,26.18905506846352,9.051,9.19278,7584061,298.31079,26.18907,Gaia DR3 2027051738543545472,0,ACV|roAm|roAp|SXARI,,9.18,,G,,,9.21,,G,,,,,,B,
0.054063,199221787446940800,121069315,74.1762787928,39.3528777353,10.338,10.8812,2222724,74.17629,39.35289,ZALD J04564231+3921104,0,RS,,11.04,,V,,,11.3,,V,2458076.08,,,9.484,,,
0.054469,5258813899182198656,462941494,152.71390695624,-57.67525460004,9.6,11.5021,43395,152.71388,-57.67525,NSV 4771,1,,,10.0,,pg,,,10.5,,pg,,,,,,OB+e,B
0.054625,5969740525532960640,339439917,253.4350449876603,-40.31640468941684,8.876,8.89332,6090935,253.43504,-40.31639,Gaia DR3 5969740525532960640,0,BCEP,,8.88,,G,,,8.91,,G,,,,,,B,
0.054786,458462783626048128,348608432,35.48901646731,57.33937764581,10.398,10.6752,297836,35.489,57.33939,GSC 03694-01870,0,GCAS,,10.55,,V,,,10.88,,V,,,,,,OB-,B
0.054797,2163538721111194240,330333875,315.14251101578,46.24717610444,9.837,9.96455,7874226,315.14252,46.24719,Gaia DR3 2163538721111194240,0,BE|GCAS|SDOR|WR,,9.92,,G,,,9.98,,G,,,,,,B,
0.054893,4041107790775862272,111613963,266.5132570018,-35.46958638506,9.482,10.2908,107379,266.51324,-35.46958,ASAS J174603-3528.1,0,DCEPS,,10.71,,V,Y,,0.17,,V,2451970.68,,,2.572599,,,B
0.054937,5966519162610481664,338640317,253.19738509957395,-41.78584030101276,6.761,6.82666,46628,253.19737,-41.78583,NSV 8004,1,,,7.0,,V,,,7.15,,V,,,,,,O9,B
0.054971,2198732026723097984,329136926,332.33689329813,57.85789758207,10.255,10.7409,9992860,332.33691,57.85791,Gaia DR3 2198732026723097984,0,BE|GCAS|SDOR|WR,,10.71,,G,,,10.75,,G,,,,,,B,
0.055031,5940106213259136000,236496143,251.7338156622943,-45.88732157889808,8.13,8.48584,10336295,251.73383,-45.88731,Gaia DR3 5940106213259136000,0,ACYG,,8.48,,G,,,8.51,,G,,,,,,O,
0.055033,5939539341983758976,235416305,251.24329939656,-47.53345633947,9.242,10.5646,6023160,251.24332,-47.53345,Gaia DR3 5939539341983758976,0,BCEP,,10.52,,G,,,10.6,,G,,,,0.021367,,B,
0.055096,5964162428173717376,247341504,253.81523899074,-44.5559931411,9.083,10.5488,6103281,253.81525,-44.55598,Gaia DR3 5964162428173717376,0,BE|GCAS|SDOR|WR,,10.53,,G,,,10.57,,G,,,,,,B,
0.055257,4053719502739476096,105839253,264.48319838992,-33.53405078721,10.195,10.8804,9251142,264.48318,-33.53405,Gaia DR3 4053719502739476096,0,BCEP,,10.85,,G,,,10.91,,G,,,,,,O,
0.055331,6022974549224070272,95624763,243.22710758529533,-34.65567524070031,10.424,10.3939,225565,243.22711,-34.65566,HD 145537,0,BCEP,,10.41,,V,Y,,0.046,,V,,,,0.1824448,,B2Ib/II,B
0.055439,3443539614968401024,76734245,87.33190390506,29.54605358905,10.611,11.3265,409481,87.33192,29.54606,NSVS 6996386,0,DCEP,,11.4,,V,,,11.9,,V,2451492.67,,,1.49512,,,B
0.055456,2013834509256723456,269228211,349.30425003437,60.10796541827,10.825,11.3782,2224983,349.30426,60.10798,CzeV3928,0,EW,,12.11,,V,,,12.18,,V,2458784.889,,,0.936247,,,
0.05565,3103779664311460608,53327951,100.00659225007573,-4.698710518458081,8.551,8.64943,19561,100.00658,-4.69872,V0733 Mon,0,GCAS,,8.3,,V,,,8.8,,V,,,,,,B2V:pe,B
0.055993,2012956205629816064,272625912,356.43288756083,62.29199620333,9.575,9.82291,10005160,356.43292,62.292,Gaia DR3 2012956205629816064,0,DSCT|GDOR|SXPHE,,9.8,,G,,,9.86,,G,,,,0.302557,,B,
0.056207,2011826590559765760,272833115,356.83435798720615,60.75658868077673,9.322,9.85376,8256539,356.83438,60.7566,Gaia DR3 2011826590559765760,0,E,,9.78,,G,,,9.95,,G,,,,2.81396,,O,
0.056221,2058706399118040960,105631171,300.9702703869077,35.56607351825263,9.16,9.39071,139710,300.97028,35.56606,HAT 199-00695,0,LPV,,8.755,,Ic,,,8.827,,Ic,,,,,,em,B
0.056643,2058010275115738880,14842608,306.4191644304571,37.37415466489372,8.34,9.13311,63588,306.41916,37.37417,NSV 25153,0,E/GS,,9.65,,V,,,,,,2452448.6,,,4.8126,,ON9.7 Iab,B
0.056648,458639701918461056,347945498,34.01846379316606,57.74490439515456,8.764,8.99249,25879,34.01846,57.74492,V0355 Per,0,E:,,9.05,,V,,,9.09,,V,,,,0.7074,,B1IV,B
0.056808,5972124232393394432,225414117,258.3315803093898,-39.92116365637712,9.638,10.3247,6275939,258.33157,-39.92115,Gaia DR3 5972124232393394432,0,BE|GCAS|SDOR|WR,,10.31,,G,,,10.39,,G,,,,,,B,
0.056845,2014027061227336832,435361808,347.079932499,60.27291203981,10.658,11.4099,8190492,347.07996,60.27292,Gaia DR3 2014027061227336832,0,E,,11.38,,G,,,11.46,,G,,,,1.47675,,O,
0.056949,2008107668588846336,428246029,340.84378311632,58.35769283542,10.363,10.6621,8145532,340.84381,58.3577,Gaia DR3 2008107668588846336,0,E,,10.65,,G,,,11.02,,G,,,,1.83164,,B,
0.057247,5620400182140135168,456763140,112.95453009592,-20.14965709945,10.265,11.0433,26643,112.95454,-20.14967,VW Pup,0,DCEP,,11.0,,V,,,11.75,,V,2443521.291,,,4.28537,,F5-G0,B
0.057505,522952714006747904,256421798,15.621790404374972,62.98354137296813,9.561,9.7312,2215950,15.62182,62.98355,CzeV3033,0,EB,,9.72,,V,,,9.82,,V,2458287.0502,,,2.00678,,,
0.057682,406080675279799808,285161201,27.13004880321364,51.12255107117176,9.869,9.91938,2748175,27.13007,51.12256,Gaia DR3 406080675279799808,0,BE|GCAS|SDOR|WR,,9.82,,G,,,9.96,,G,,,,,,B,
0.057757,194087510523026560,409112742,81.73002080732,40.54807727522,10.502,10.739,149783,81.73,40.54808,STARE aur0 1130,1,EB,,10.44,,R,Y,,0.17,,R,,,,1.996,,O9V,B
0.058236,6062033664690370304,359533010,201.300136180158,-58.91697050962639,8.744,8.75162,683800,201.30016,-58.91696,HD 116491,0,SPB:,,8.8,,V,,,8.85,,V,2452494.5,,,6.716,,B2IV,B
0.058297,5969525193061144704,338637985,253.23152569989,-41.58551215847,8.704,9.87345,6084536,253.23154,-41.5855,Gaia DR3 5969525193061144704,0,BCEP,,9.85,,G,,,9.91,,G,,,,,,B,
0.058579,5957466604190072704,31420649,265.5335728815793,-41.86677612969315,8.905,8.89244,6576952,265.53357,-41.86676,Gaia DR3 5957466604190072704,0,BCEP,,8.88,,G,,,8.93,,G,,,,,,B,
0.058593,5933574942470132096,10536200,246.9533595835125,-53.53475505258047,9.658,9.73613,102850,246.95337,-53.53474,ASAS J162749-5332.1,0,GCAS,,9.59,,V,,,9.89,,V,,,,,,B2.5IVn(e),B
0.058719,4053643906961589888,103137554,263.8822137213154,-33.739821655667804,7.445,8.01409,47808,263.8822,-33.73981,NSV 9184,0,ACYG:,,8.44,,V,,,8.5,,V,,,,,,B0.5Ia,B
0.058759,5924340281681741056,212373097,255.97507320087428,-52.29087620420681,9.234,9.17744,683882,255.97507,-52.29086,HD 153736,0,EA,,9.2,,V,,,9.25,,V,2454573.85,,,5.15447,,B2III/IV,B
0.058763,3449518587403714432,115722162,84.06583051875153,34.14349368266018,8.903,8.81492,4314647,84.06583,34.14351,Gaia DR3 3449518587403714432,0,ACV|roAm|roAp|SXARI,,8.81,,G,,,8.84,,G,,,,,,B,
0.058779,5959549702046986112,217754401,261.08361184986444,-42.18909516969575,9.637,9.91495,6393403,261.08362,-42.18908,Gaia DR3 5959549702046986112,0,BCEP,,9.89,,G,,,9.93,,G,,,,,,B,
0.058845,3330744771526935552,263335853,95.51740356840172,10.8945773851228,9.694,9.75772,24091,95.51742,10.89458,V1028 Ori,0,EB,,9.69,,V,,,9.94,,V,2452390.65,,,3.0115,,B2IV,B
0.058987,2204312769782267136,410522328,327.9484676640567,61.94290742603793,7.291,7.35795,8735,327.94849,61.94292,V0383 Cep,0,EB,,7.27,,V,,,7.58,,V,2452500.452,,,1.4957396,,B1V,B
0.059008,5966509095207261056,339568071,253.58264949276045,-41.8359475991705,7.025,8.20603,33850,253.58263,-41.83594,V1034 Sco,0,EA/DM,,8.23,,V,,,8.63,,V,2450549.863,,,2.440656,,O9.5V+B1-1.5V,B
0.059029,5602025904044961536,128565725,118.08449889504584,-26.42962363295626,8.926,9.13654,27004,118.0845,-26.42964,V0402 Pup,0,ELL,,9.15,,V,,,9.25,,V,2452550.62838,,,1.0189569,,O9.5V+O9.5V,B
0.0592,5978891520354212992,45739035,257.99039793995684,-34.28104507889432,10.338,10.8671,6260035,257.99039,-34.28103,Gaia DR3 5978891520354212992,0,BCEP,,10.82,,G,,,10.91,,G,,,,,,B,
0.059527,4152892187348002688,204634408,277.15282223091725,-12.997454700651277,7.711,8.12827,49486,277.15283,-12.99744,V0493 Sct,0,EA,,8.32,,V,,,8.74,:,V,2452556.459,,,30.811,,B0.5Ib,B
0.059652,202656696131788928,262113065,77.91117719989666,44.79647354947694,9.106,9.08911,3127848,77.91118,44.79649,Gaia DR3 202656696131788928,0,DSCT|GDOR|SXPHE,,9.07,,G,,,9.1,,G,,,,1.49277,,B,
0.060152,4657702886498144256,277108449,84.04202515081,-68.92812594948,10.132,10.235,2219144,84.042,-68.92814,LMC V3538,0,SRD,,10.29,,V,,,10.4,,V,,,,,,F3Ia,
0.060422,5939625035164606464,236399745,251.6870053715,-47.43551204208,10.209,10.4693,450919,251.68703,-47.43551,GDS_J1646448-472607,0,VAR,,10.52,,r,Y,,0.15,,r,,,,,,OB-,B
0.060605,1960750328384177408,419921689,327.92264896468,43.13402308887,8.145,8.77513,10964,327.92267,43.13403,VZ Cyg,0,DCEP,,8.6,,V,,,9.28,,V,2441705.702,,,4.864453,,F5-G0,B
0.060646,2058226672782889984,105517114,300.8277967580617,33.449884125670884,8.518,8.53695,63424,300.82779,33.4499,V2700 Cyg,0,BCEP,,8.58,,Hp,,,8.69,,Hp,,,,0.22434,,B0.7II-III,B
0.060698,5952662807886855936,217372512,260.2753880509399,-45.98212680600076,7.654,7.75131,3634,260.27539,-45.98211,V0831 Ara,0,BCEP,,7.83,,V,Y,,0.016,,V,,,,0.1586,,B2III,B
0.06079,4310497932106715520,101706896,283.8463531930674,9.346693180397372,8.007,8.40671,2321,283.84637,9.34669,V1182 Aql,0,EB/KE:,,8.58,,V,,,8.75,,V,2453275.584,,,1.621924,,O7V(n)((f))z+B,B
0.060869,4256551188703556224,175202442,279.69399708314,-5.31055665679,9.993,10.7653,7100338,279.694,-5.31054,Gaia DR3 4256551188703556224,0,BE|GCAS|SDOR|WR,,10.74,,G,,,10.78,,G,,,,,,O,
0.061361,2010065383399085056,314035434,345.5197126455065,57.54611133691908,9.326,9.57959,8179642,345.51974,57.54612,Gaia DR3 2010065383399085056,0,E,,9.54,,G,,,9.65,,G,,,,5.347,,B,
0.061483,5965851823460846976,225207790,257.93404584034,-41.3274267904,9.943,11.8249,6257481,257.93405,-41.32741,Gaia DR3 5965851823460846976,0,BCEP,,11.77,,G,,,11.85,,G,,,,,,O,
0.06157,3408360495622231936,69049226,75.29465647818,19.83098143275,10.163,10.2605,76843,75.29467,19.83097,ASAS J050111+1949.8,0,PULS,,10.31,,V,Y,,0.1,,V,2452623.67,,,1.0,,,B
0.061582,5915616344089816832,366858303,259.3175248275217,-59.04067137962468,9.029,8.89466,6319985,259.3175,-59.04066,Gaia DR3 5915616344089816832,0,ACV|roAm|roAp|SXARI,,8.87,,G,,,8.92,,G,,,,,,B,
0.061738,5934632221586835840,315506577,244.76477838841,-52.43038561997,8.899,10.6738,5842741,244.76479,-52.43037,Gaia DR3 5934632221586835840,0,DSCT|GDOR|SXPHE,,10.63,,G,,,10.72,,G,,,,0.218226,,B,
0.061819,2006437338628503680,63970987,337.61255807917814,55.04751828817563,10.319,10.466,8119625,337.61258,55.04753,Gaia DR3 2006437338628503680,0,E,,10.41,,G,,,10.52,,G,,,,1.49142,,B,
0.061951,5967904375477020928,236838052,251.8930613892624,-42.87675504918924,8.091,8.13098,225575,251.89305,-42.87674,HD 151158,0,BCEP,,8.2,,V,Y,,0.035,,V,,,,0.1817808,,B2Ib/II,B
0.061962,3425704398196574464,83706075,95.01326886100684,24.22927935418187,9.609,10.0816,619796,95.01325,24.22928,EPIC 202060189,1,VAR,,10.3,,Kp,Y,,0.029,,Kp,,,,3.76373,,,B
0.061967,5966509438804267264,339568433,253.6333527237969,-41.8052469386759,6.605,7.78757,46651,253.63333,-41.80525,NSV 8027,0,GCAS:,,7.75,,V,,,7.92,,V,,,,,,O8.5V+B1/3V,B
0.062154,2007218988315753984,388467475,340.09128329666,56.98966070267,10.066,10.406,8139845,340.09131,56.98967,Gaia DR3 2007218988315753984,0,BCEP,,10.38,,G,,,10.42,,G,,,,,,B,
0.062198,5969535363543947904,338738989,253.2499161019086,-41.40759702811124,9.73,9.54476,46633,253.24992,-41.40758,NSV 8009,0,BCEP,,9.56,,V,,,9.81,,V,,,,0.104458,,B1III,B
0.062205,2015720480937369472,269714696,350.9087145948276,61.83497560762312,10.825,11.3994,746411,350.90875,61.83498,ASASSN-V J232338.10+615005.9,0,EB,,11.65,,V,,,11.74,,V,2457244.073,,,16.311,,,
0.062293,6474623616301402240,100614401,309.89490227783,-51.38442028525,10.13,10.4591,2390061,309.89493,-51.38442,CD-51 12650,0,PVTELIII:,,10.55,,V,Y,,0.05,,V,,,,,,HdC,
0.062354,458374101142359424,348231766,34.8700898695,57.11792391473,10.578,10.9403,2228446,34.87006,57.11793,Gaia22avy,0,GCAS,,10.69,,G,,,11.03,,G,,,,,,,
0.062621,2028175160234469248,452097145,296.75126935162,27.5076553925,10.079,10.3198,116825,296.75128,27.50767,ASAS J194700+2730.5,0,ESD,,10.334,,V,Y,,0.309,,V,2452741.2,,,4.0093,,,B
0.062728,5875067798390996224,455809360,230.03873048721,-62.25223071498,9.097,9.4557,58725,230.03876,-62.25222,NSV 20290,0,GCAS,,9.53,,V,,,9.78,,V,,,,,,B1.5Ve,B
0.062772,5883974495454223488,74848209,237.02950135583,-56.97536776727,10.837,11.2373,5659233,237.02953,-56.97536,Gaia DR3 5883974495454223488,0,BCEP,,11.22,,G,,,11.29,,G,,,,,,B,
0.062901,469638597765066368,72285450,59.09326493132,57.25729897984,11.005,11.8205,144449,59.09329,57.25731,PV Cam,0,DCEPS,,11.9,,R1,,,12.2,,R1,2451495.1,,,3.088,,,B
0.062921,2013907351903934080,268939674,349.05114880935,60.45675169617,10.221,10.5246,2223723,349.05118,60.45676,CzeV3670,0,EW,,10.64,,V,Y,,0.06,,V,2458960.82,,,0.42765,,,
0.062958,431035324325521792,428410937,5.486235101628397,63.51102386089276,9.948,10.1188,629339,5.48622,63.51104,WISE J002156.6+633039,0,EA,,9.264,,W1,Y,,0.179,,W1,,,,1.8735703,,,B
0.063035,5978011670550025472,41620900,256.45826814842604,-34.97025924264769,9.126,9.16684,6195572,256.45825,-34.97025,Gaia DR3 5978011670550025472,0,ACV|roAm|roAp|SXARI,,9.14,,G,,,9.18,,G,,,,,,B,
0.063145,5977157212549351424,43189114,257.01027984595,-35.96134753975,9.654,10.2365,33273,257.01028,-35.96133,V0457 Sco,0,EA/DM,,10.51,,V,,,11.34,,V,2427182.63,,,2.00738,,OB,B
0.063155,2006035226614471680,395218466,335.2183893247,56.1391067694,10.961,11.3543,8099332,335.21841,56.13912,Gaia DR3 2006035226614471680,0,BCEP,,11.33,,G,,,11.39,,G,,,,,,B,
0.063199,275918251105986176,266498398,61.0901674717236,53.3290425097153,8.021,8.22091,4661,61.09017,53.32906,DE Cam,0,BE,,8.16,,Hp,,,8.33,,Hp,,,,,,B1Vnnpe,B
0.063273,3027324470443330816,259064165,113.36506744021,-16.8660371764,10.242,10.4789,3483005,113.36508,-16.86605,Gaia DR3 3027324470443330816,0,DSCT|GDOR|SXPHE,,10.47,,G,,,10.5,,G,,,,8.9919,,B,
0.063546,5338276669721457920,465018235,162.3068173619608,-60.18424305523161,8.116,8.21211,4614684,162.30685,-60.18425,Gaia DR3 5338276669721457920,0,DSCT|GDOR|SXPHE,,8.19,,G,,,8.25,,G,,,,2.55814,,B,
0.063598,5969698194333785088,341516367,254.2277907602504,-40.51234565785441,7.024,7.15723,46684,254.22778,-40.51233,NSV 8060,2,CST,,7.1,,V,,,,,,,,,,,O6.5III(f),B
0.063735,524042192591198592,420295471,10.97121936558,64.04715843698,10.274,10.6763,227131,10.97125,64.04717,NSVS 1669390,0,EA,,10.76,,V,,,11.21,,V,2455785.54,,,1.4037308,,OB-,B
0.063754,5835180742015421952,208522252,244.84257475166527,-57.2231456677183,9.146,9.21027,5844753,244.84259,-57.22313,Gaia DR3 5835180742015421952,0,DSCT|GDOR|SXPHE,,9.27,,G,,,9.35,,G,,,,0.83682,,B,
0.063781,515054715828855424,11999540,31.14343198902323,64.31017262687527,9.504,9.67919,2776085,31.14344,64.31019,Gaia DR3 515054715828855424,0,DSCT|GDOR|SXPHE,,9.65,,G,,,9.71,,G,,,,2.58931,,B,
0.063799,2014170066460441088,377666925,348.54934988977,60.96423997554,10.881,11.6991,8200155,348.54938,60.96425,Gaia DR3 2014170066460441088,0,L,,11.61,,G,,,11.81,,G,,,,,,O,
0.063955,5976605150263037184,346772837,255.90966755922776,-37.16124094457427,8.511,8.41651,6175174,255.90965,-37.16123,Gaia DR3 5976605150263037184,0,DSCT|GDOR|SXPHE,,8.41,,G,,,8.46,,G,,,,6.8097,,B,
0.064015,5693930885554603776,155215560,123.0538067712,-26.95613668987,10.085,10.1915,3726108,123.05382,-26.95615,Gaia DR3 5693930885554603776,0,DSCT|GDOR|SXPHE,,10.16,,G,,,10.25,,G,,,,8.2815,,B,
0.064036,5862162796085878784,442497840,198.0932396989062,-63.81220971875509,8.637,8.59219,411945,198.09328,-63.81221,ASAS J131222-6348.7,0,GCAS,,8.22,,V,,,8.7,,V,,,,,,B0V:e,B
0.064125,2202643161381066240,388323676,326.14171987304843,59.05715218769435,9.24,9.40832,8787,326.14172,59.05717,V0435 Cep,0,BE,,9.48,,Hp,,,9.59,,Hp,,,,,,B2III:nn,B
0.064192,5601552426845288192,127977898,117.5751743549774,-27.250922594174984,10.733,10.8628,42384,117.57517,-27.25094,NSV 3760,0,EA,,10.93,,V,,,11.33,,V,2453855.64,,,2.69894,,B0V,B
0.064251,5351451567771333888,457975914,158.70278662979692,-58.150312241218096,9.758,9.71124,6153,158.70279,-58.15033,V0400 Car,0,BCEP,,9.76,,V,Y,,0.01,,B,,,,0.14575,,B1V,B
0.064388,5337239658437912960,467238286,168.01871643068006,-61.09525752390036,8.059,8.29366,5909,168.01875,-61.09525,EM Car,0,EA/DM,,8.37,,V,,,8.85,,V,2454202.738,,,3.41427,,O7.5V((f))+O7.5V((f)),B
0.064406,429302051629352960,359247720,1.701242745233434,60.60022812302184,9.296,9.64242,2547690,1.70127,60.60024,Gaia DR3 429302051629352960,0,BE|GCAS|SDOR|WR,,9.59,,G,,,9.66,,G,,,,,,B,
0.064452,5941447617454235520,2323229,246.05179635815,-49.1286977439,9.918,10.1849,5875462,246.0518,-49.12868,Gaia DR3 5941447617454235520,0,BCEP,,10.15,,G,,,10.23,,G,,,,0.0294849,,B,
0.064564,453467015100362240,470910164,42.42546012594,53.92708640945,8.51,8.8084,2844427,42.42548,53.9271,Gaia DR3 453467015100362240,0,DSCT|GDOR|SXPHE,,8.8,,G,,,8.83,,G,,,,1.81241,,B,
0.064671,5619343040379011072,349120591,114.23388187593,-21.05262371412,8.598,8.44732,409774,114.23389,-21.05264,HD 61134,0,ACV:,,8.46,,V,,,8.51,,V,2451968.65,,,4.617,,B9,B
0.064766,3377474634180963584,319753914,95.13568948255,23.31730811421,8.67,9.23234,79638,95.13567,23.31731,ASAS J062032+2319.1,0,EC|ESD,,9.41,,V,Y,,0.2,,V,2452623.89,,,1.46976,,OB-,B
0.064811,2007419992784958464,343878276,341.89593790397697,58.12678392795208,11.529,11.7581,9999194,341.89597,58.12679,Gaia DR3 2007419992784958464,0,DSCT|GDOR|SXPHE,,11.73,,G,,,11.76,,G,,,,5.2807,,B,
0.064811,4251858954177088128,145576502,281.6586704794163,-7.931984709990262,9.155,9.2905,34571,281.65866,-7.93197,V0455 Sct,0,GCAS,,8.7,,V,,,9.39,,V,,,,,,B1IVe,B
0.064865,5940487262811728640,25883580,248.68142071781,-49.55265698201,9.124,9.45427,59125,248.68143,-49.55264,NSV 20690,0,GCAS,,9.2,,V,,,9.69,,V,,,,,,B1Vne,B
0.06518,5940488637201284864,25888574,248.77699818871,-49.49060639959,9.761,10.3379,5949606,248.77701,-49.49059,Gaia DR3 5940488637201284864,0,BE|GCAS|SDOR|WR,,10.32,,G,,,10.37,,G,,,,,,B,
0.065261,5963036489581165184,125100416,256.3276790973555,-46.15199090653466,9.081,9.09299,6190765,256.3277,-46.15198,Gaia DR3 5963036489581165184,0,BCEP,,9.08,,G,,,9.12,,G,,,,,,B,
0.065302,2166788465159942912,366850508,311.97379784718,47.93942956937,9.218,9.39417,9963331,311.97382,47.93944,Gaia DR3 2166788465159942912,0,BE|GCAS|SDOR|WR,,9.36,,G,,,9.44,,G,,,,,,B,
0.065457,5861920864802544768,438031537,194.97816862462216,-64.02527851026099,9.531,9.96641,95748,194.97821,-64.02528,ASAS J125955-6401.5,0,MISC,,10.25,,V,Y,,0.28,,V,2452174.9,,,198.678574,,OB-,B
0.065678,2190898143802725376,375335283,315.64494187585,59.43593425512,10.318,10.944,7880597,315.64496,59.43595,Gaia DR3 2190898143802725376,0,RS,,10.81,,G,,,11.06,,G,,,,,,B,
0.065681,2162688656864963584,273291038,315.94360314699,45.35035811013,11.601,11.8514,2387920,315.9436,45.35034,Gaia23bdz,0,GCAS,,11.67,,G,,,11.91,,G,,,,,,,
0.065737,2214446453052866048,428008896,354.8145288549234,69.42421678341202,9.478,9.59342,8242355,354.81458,69.42422,Gaia DR3 2214446453052866048,0,DSCT|GDOR|SXPHE,,9.58,,G,,,9.62,,G,,,,3.62399,,B,
0.065882,6056007864266802048,436901392,193.8825144292548,-60.65015556213268,8.851,8.73421,683790,193.88255,-60.65015,HD 112181,0,SPB:,,8.79,,V,,,8.83,,V,2452829.59,,,0.683823,,B1Vn,B
0.065928,2061209849653687296,14209735,305.89071266375,38.89463259943,10.076,10.701,9953298,305.89072,38.89465,Gaia DR3 2061209849653687296,0,E,,10.67,,G,,,10.76,,G,,,,2.32216,,F,
0.066091,2007777127904706176,414019028,336.66353735897,57.12255519644,10.903,11.3746,1545373,336.66357,57.12256,MNIC V129,0,EA,,11.62,,V,,,11.67,,V,2457138.878,,,4.3594,,OB,
0.066659,4322551538790979328,68455555,291.64547586685563,16.922031910886165,10.722,11.3249,7437815,291.64548,16.92205,Gaia DR3 4322551538790979328,0,RS,,11.23,,G,,,11.37,,G,,,,,,B,
0.066869,5977059695238588800,45587958,257.89271007884,-35.83191917457,10.019,10.4082,6255488,257.89273,-35.83191,Gaia DR3 5977059695238588800,0,BCEP,,10.39,,G,,,10.43,,G,,,,,,B,
0.067163,458287548959789568,445613463,35.89764615935,56.57442674899,9.582,9.6496,25885,35.89767,56.57444,V0361 Per,0,GCAS,,9.06,,V,,,9.64,,V,,,,,,B1.5IIIpe,B
0.067371,5334206960516636288,290681621,174.00454622943,-61.62180037759,9.991,10.0129,57237,174.00458,-61.62181,NSV 18802,0,BE,,9.98,,V,,,10.1,,V,,,,,,B2Vnpe,B
0.067405,430884626818410496,419532013,8.20840434473,63.54245008954,10.213,10.4975,2595885,8.20844,63.54246,Gaia DR3 430884626818410496,0,BE|GCAS|SDOR|WR,,10.44,,G,,,10.55,,G,,,,,,B,
0.067522,1869678158220296448,236227349,313.77687111658,35.37722928847,10.105,10.2285,7855349,313.77689,35.37724,Gaia DR3 1869678158220296448,0,BCEP,,10.21,,G,,,10.25,,G,,,,,,B,
0.067727,510793730310035584,389538282,22.7089080901,61.89353427161,7.315,7.6202,623649,22.70893,61.89355,HD 9056,0,E,,7.757,,V,Y,,0.125,,w,2457285.517,,,6.339,,B3 Ia,B
0.067736,5972504182373839232,199833554,260.9176814518,-38.95306760218,9.815,10.0723,6387035,260.91769,-38.95305,Gaia DR3 5972504182373839232,0,BCEP,,10.03,,G,,,10.12,,G,,,,,,B,
0.067798,5255278518321286528,464579223,156.4459171827813,-58.93235176187395,9.382,9.71635,683744,156.44595,-58.93236,HD 302797,0,VAR,,9.94,,V,,,10.0,,V,,,,,,O9Ib,B
0.068182,5934879066290699264,315368472,244.76875268423635,-50.89967283296748,9.21,10.8279,462286,244.76874,-50.89969,GDS_J1619045-505358,0,VAR,,10.84,,r,Y,,0.17,,r,,,,,,B0,B
0.068327,5972634337072797952,192116218,259.56813973285,-38.97359882479,10.032,10.6226,105404,259.56812,-38.97361,ASAS J171816-3858.4,0,ESD,,10.92,,V,Y,,0.13,,V,2451940.5,,,4.58239,,,B
0.068362,6057803057517670528,383234040,183.9591401518,-61.33165752775,8.721,9.20271,57768,183.95917,-61.33167,NSV 19333,1,,,9.42,,V,,,,,,,,,,,O9.5Ia,B
0.068391,5254478593582508288,458404466,160.05170858337783,-59.80279945451865,6.802,8.08249,411465,160.05174,-59.80281,ASAS J104012-5948.2,0,ELL,,8.1,,V,,,8.25,,V,2452736.6,,,1.29595,,O8V,B
0.068482,5614527694848197760,127573149,117.22190414377,-24.5431375972,10.254,10.4325,10378956,117.22192,-24.54315,Gaia DR3 5614527694848197760,0,DSCT|GDOR|SXPHE,,10.41,,G,,,10.45,,G,,,,1.41436,,B,
0.068513,1977074811892425600,430296386,332.26206158309,51.04584489597,8.538,9.07601,16597,332.26208,51.04586,Y Lac,0,DCEP,,8.76,,V,,,9.5,,V,2441746.745,,,4.323776,,F5-G0,B
0.06857,3046470472570724736,177129056,106.45681188636829,-10.660073223678282,6.665,6.47656,19397,106.45683,-10.66008,V0569 Mon,0,BCEP,,6.42,,V,,,6.53,,V,,,,0.267,:,B0V,B
0.068687,4268031636304788480,180952390,287.61616471974,2.12561856013,11.113,11.4753,705839,287.61618,2.12563,ASASSN-V J191027.88+020732.3,0,RRC,,11.53,,V,,,11.64,,V,2458008.823,,,0.216239,,,
0.068727,5333648511689458304,318670307,173.32502779838154,-63.10449989850903,7.983,9.5547,144484,173.32507,-63.1045,V1228 Cen,0,BCEP,,9.55,,V,Y,,0.04,,V,2450558.751,,,0.16848,,B1III,B
0.068891,2013226062703582720,313446637,345.00527390303506,58.5109167296514,11.52,11.6559,8175913,345.00531,58.51092,Gaia DR3 2013226062703582720,0,DSCT|GDOR|SXPHE,,11.62,,G,,,11.66,,G,,,,1.49204,,B,
0.06912,5334747134324944512,304279911,177.8272529723365,-61.99609185280725,9.259,9.23801,225507,177.82729,-61.9961,HD 103007,0,BCEP,,9.29,,V,Y,,0.024,,V,,,,0.1752161,,B2/3(III),B
0.069248,5880238870279687424,40822942,227.8059270645,-57.35468472884,9.501,10.1565,99705,227.80595,-57.35467,ASAS J151113-5721.2,0,ACV|EC|ESD,,10.39,,V,Y,,0.1,,V,2451922.06,,,0.945548,,OB,B
0.069394,6055863347211424896,442170794,197.7587370914065,-60.12269014048133,9.044,9.014,683794,197.75877,-60.12268,HD 114341,0,GCAS,,9.04,,V,,,9.22,,V,,,,,,B0III:nn,B
0.069607,5868489557757038848,443484514,199.43618426179708,-62.45401003475672,9.116,9.23742,10430052,199.43622,-62.454,Gaia DR3 5868489557757038848,0,BCEP,,9.22,,G,,,9.26,,G,,,,,,B,
0.069843,3441703598051819776,75424069,85.1352315578,27.44277678095,8.428,8.41432,36181,85.13521,27.44278,V1164 Tau,0,GCAS,,8.18,,V,,,8.48,,V,,,,,,B2/3Vn(e),B
0.070178,4256838985870584832,44980675,278.56602893053696,-4.813574916726352,8.263,8.55212,225617,278.56601,-4.81357,HD 171305,0,BCEP,,8.7,,V,Y,,0.02,,V,,,,0.193851,,B2II,B
0.070272,5880234334796017536,40823661,227.80841912742,-57.41324595795,9.842,10.6628,99706,227.80844,-57.41323,ASAS J151114-5724.8,0,GCAS,,11.19,,V,,,11.97,,V,,,,,,OBe,B
0.070502,2005958913637157760,395232198,335.29053442611,55.55105679961,9.406,9.50662,8100038,335.29056,55.55107,Gaia DR3 2005958913637157760,0,DSCT|GDOR|SXPHE,,9.47,,G,,,9.53,,G,,,,2.70717,,B,
0.070512,2178216823368673408,260532127,325.8519212185085,57.02313100559637,8.676,8.82156,8005882,325.85193,57.02315,Gaia DR3 2178216823368673408,0,ACV|roAm|roAp|SXARI,,8.81,,G,,,8.84,,G,,,,,,B,
0.070689,5933980456100090368,7038369,246.58807950534845,-51.79895499744907,9.535,9.57482,683870,246.5881,-51.79894,SAO 243803,0,BCEP,,9.63,,V,,,9.67,,V,2452723.786,,,0.224256,,B2IV,B
0.070726,2012903360351076992,272045538,355.53801958119,61.7781354567,10.794,11.3641,8247568,355.53806,61.77814,Gaia DR3 2012903360351076992,0,E,,11.27,,G,,,11.5,,G,,,,18.163,,B,
0.0708,5335285207820324608,306297115,179.00890042856605,-60.21072053124348,8.36,8.17786,4818842,179.00894,-60.21072,Gaia DR3 5335285207820324608,0,BCEP,,8.15,,G,,,8.2,,G,,,,,,B,
0.070809,5310820043289943424,373426882,140.00877356573,-53.57866814419,10.132,10.3275,428725,140.0088,-53.57868,GDS_J0920021-533443,0,VAR,,10.38,,r,Y,,0.39,,r,,,,,,OB,B
0.07113,5832957602573458304,343376491,240.9352526694884,-60.49847724219399,7.326,7.23285,36943,240.93529,-60.49847,MQ TrA,0,GCAS,,6.83,,V,,,7.3,,V,,,,,,B3IVe,B
0.071414,3377554103956668800,319571497,94.99949695347726,23.835591210090104,9.495,9.61565,698027,94.99949,23.83561,EPIC 202060176,0,VAR,,9.7,,Kp,Y,,0.002,,Kp,,,,9.901504,,,
0.071679,5528405800890821376,180730928,129.53738653585253,-40.08107139080433,7.524,7.54281,272444,129.53741,-40.08108,V0454 Vel,0,EA,,7.55,,V,,,7.66,,V,2452717.769,,,1.13492,,B3V,B
0.072006,5867709832216848128,210096523,211.60480454688133,-59.71590534001747,5.281,6.35999,45168,211.60483,-59.71589,NSV 6544,1,,,6.37,,V,,,6.43,,V,,,,,,B0Ia,B
0.072217,5865381100939806976,319376730,204.9169705427226,-63.27856936118049,7.956,9.31022,5172771,204.91701,-63.27856,Gaia DR3 5865381100939806976,0,BCEP,,9.29,,G,,,9.33,,G,,,,0.1533598,,B,
0.072348,5934833191696980864,314529804,244.59546040288765,-51.44008918575455,10.043,10.194,5838147,244.59547,-51.44007,Gaia DR3 5934833191696980864,0,BCEP,,10.13,,G,,,10.28,,G,,,,0.0217573,,B,
0.072354,5529669174115124352,184072865,126.65969176582,-38.68921580952,10.068,10.8114,3802958,126.65971,-38.68923,Gaia DR3 5529669174115124352,0,BE|GCAS|SDOR|WR,,10.79,,G,,,10.83,,G,,,,,,O,
0.072624,2131713906777354368,48217508,283.11980884409,48.4038963469,10.01,9.80446,251629,283.11978,48.40389,BD+48 2781,0,SPB+BCEP,,9.7,,V,,,,,,,,,,,B2.5V,B
0.072632,458379701779206400,264731122,34.70007084832,57.28551863787,9.029,9.26785,26189,34.70004,57.28553,V0665 Per,0,BCEP,,9.51,,V,Y,,0.1,,V,2453195.86,,,0.242323,,B2V,B
0.072788,3377553970816489984,319571513,94.96219426013906,23.8257658051838,9.401,9.50292,618989,94.96221,23.82578,EPIC 202060171,0,EA,,9.6,,Kp,Y,,0.019,,Kp,,,,1.64603,,,B
0.072819,2014060802491139200,268621754,347.81170082965,60.57269377261,8.786,9.35021,8195220,347.81174,60.5727,Gaia DR3 2014060802491139200,0,BE|GCAS|SDOR|WR,,9.32,,G,,,9.38,,G,,,,,,O,
0.072938,458372795471717888,264613043,34.62430147708934,57.15087308127002,9.176,9.32496,26135,34.62433,57.15086,V0611 Per,0,BCEP,,9.35,,V,Y,,0.04,,V,,,,,,B0.5I,B
0.072949,4104523743222385280,433382888,278.7398776622413,-13.870118848879066,9.277,9.45401,225619,278.73987,-13.8701,HD 171344,0,BCEP,,9.52,,V,Y,,0.015,,V,,,,0.184661,,B2Ia,B
0.073312,5936090178365579136,58973594,253.36901392640613,-52.630948527490965,9.373,9.37076,6088815,253.369,-52.63093,Gaia DR3 5936090178365579136,0,ACV|roAm|roAp|SXARI,,9.36,,G,,,9.39,,G,,,,,,B,
0.073383,2171550656174503296,277953269,324.43063005721166,51.49952174993509,8.613,8.65354,7989374,324.43066,51.49953,Gaia DR3 2171550656174503296,0,BE|GCAS|SDOR|WR,,8.55,,G,,,8.7,,G,,,,,,B,
0.073727,5337257800381131776,467051092,167.55153088655968,-60.86308753228858,9.036,9.20704,92924,167.55157,-60.86308,ASAS J111013-6051.8,0,EA,,9.27,,V,,,9.56,,V,2454908.675,,,5.38294,,B0V,B
0.073971,2006710189312865152,414282662,336.71561429699904,55.6346954497859,10.612,10.8138,8112335,336.71564,55.63471,Gaia DR3 2006710189312865152,0,DSCT|GDOR|SXPHE,,10.79,,G,,,10.84,,G,,,,6.5055,,B,
0.073993,5716652804425147904,349114265,114.20164182584,-19.0584627516,10.18,10.6227,421723,114.20163,-19.05848,GDS_J0736483-190330,0,VAR,,10.61,,r,Y,,0.14,,r,,,,,,OBe,B
0.074227,5337399980978398976,467817623,169.33105560250547,-61.51100751263551,9.455,9.61952,225495,169.33109,-61.51102,HD 98260,0,BCEP,,9.7,,V,Y,,0.028,,V,,,,0.221508,,B1/2Ib/II,B
0.074863,5254295559276699392,460864765,159.07420759086,-61.01255683047,8.036,9.08872,5792,159.07425,-61.01256,UZ Car,0,DCEP,,9.0,,V,,,9.62,,V,2434894.69,,,5.20466,,G0,B
0.074956,4045653829084535168,60433558,273.6755897232568,-33.1409026797582,8.639,8.42689,32086,273.67557,-33.14089,V4386 Sgr,0,EA+BCEP,,8.45,,V,,,8.67,,V,2452692.824,,,10.79824,,B1Ib/II,B
0.075066,5990434159009246848,15166556,244.5970895867956,-45.8403408495442,8.803,8.96668,225567,244.59709,-45.84032,HD 146442,0,BCEP,,9.04,,V,Y,,0.018,,V,,,,0.15215,,B2III,B
0.075177,2013832688190640128,269228628,349.30703432379,60.00774913564,10.348,10.6767,8205294,349.30707,60.00776,Gaia DR3 2013832688190640128,0,BCEP,,10.65,,G,,,10.7,,G,,,,,,B,
0.075186,2006219978921880192,421782795,334.6899963003,56.12607086858,8.521,8.80945,8550,334.69003,56.12608,GP Cep,0,E/WR+E:,,8.96,,V,,,9.07,,V,2431256.602,,,6.6883,,WN6+O8-B0III:+O+O,B
0.07523,2009688903736810240,319075697,350.142946718853,58.27762693636015,8.257,8.62388,7142,350.14297,58.27761,V0811 Cas,0,BE,,8.44,,V,,,8.71,,V,2448502.178,,,3.3869,,B0.5Vpe,B
0.07524,5715901567412202496,141457686,117.25952224488,-19.11356753548,8.95,9.52852,84827,117.25954,-19.11358,ASAS J074902-1906.8,0,DCEPS,,9.6,,V,Y,,0.31,,V,2451875.7,,,4.6441,,G5:I:,B
0.075244,2010254911712961280,314150303,345.9033187942429,58.30972703375691,9.335,9.61927,8182430,345.90335,58.30974,Gaia DR3 2010254911712961280,0,BCEP,,9.61,,G,,,9.64,,G,,,,0.367366,,B,
0.075277,5865990814504157056,329059929,211.3548639121177,-62.58845269702818,8.508,9.78547,97531,211.3549,-62.58844,ASAS J140525-6235.4,0,GCAS,,9.2,,V,,,9.81,,V,,,,,,B1:Vnne,B
0.075293,1835739120499213440,452335793,303.44520442112,26.75042438299,8.436,8.57583,38315,303.44522,26.75044,DR Vul,0,EA/DM,,8.65,,V,,,9.27,,V,2440300.668,,,2.2508645,,B8,B
0.075296,5350977643913585280,458991248,161.52428498086,-57.54752081569,7.784,8.94394,5777,161.52432,-57.54753,SX Car,0,DCEP,,8.66,,V,,,9.47,,V,2435074.336,,,4.86,,F5-G2Ib-II,B
0.075447,1999440080982286336,346010525,356.87502598425704,59.16123837427465,10.408,10.8457,8256831,356.87506,59.16125,Gaia DR3 1999440080982286336,0,E,,10.82,,G,,,10.9,,G,,,,2.65865,,B,
0.075483,458454880886508032,348444454,35.47058216359,57.16636906545,9.239,9.61942,26031,35.47058,57.16639,V0507 Per,0,BE,,9.77,,V,,,10.09,,V,,,,,,B0/1Ve,B
0.075584,1817679706409974400,243488675,309.6257206912,21.32888832621,9.377,9.28708,621651,309.6257,21.32888,HD 347184,0,GCAS,,9.1,,V,,,9.38,,V,,,,,,em,B
0.075654,3027940437469882880,95665973,110.38689819352,-16.68721769549,8.634,9.34296,5171,110.38692,-16.68722,RZ CMa,0,DCEP,,9.36,,V,,,9.97,,V,2436428.062,,,4.254832,,F6,B
0.075718,5875397617551713536,455707852,229.72762833019,-61.42183459029,9.98,10.1355,5520946,229.72766,-61.42182,Gaia DR3 5875397617551713536,0,BCEP,,10.12,,G,,,10.15,,G,,,,,,B,
0.075735,5864702358672264704,299952811,208.09013821585,-62.81694884352,8.425,9.86688,5218777,208.09018,-62.81694,Gaia DR3 5864702358672264704,0,DSCT|GDOR|SXPHE,,9.83,,G,,,9.97,,G,,,,0.74313,,B,
0.076159,5543181519189083776,146543073,123.95234046736178,-35.631336017740495,8.485,8.69443,3746706,123.95236,-35.63135,Gaia DR3 5543181519189083776,0,BCEP,,8.69,,G,,,8.72,,G,,,,,,O,
0.076227,2059974312160035328,40473404,300.96382705684,37.13807150983,9.859,10.2028,9940160,300.96384,37.13809,Gaia DR3 2059974312160035328,0,BE|GCAS|SDOR|WR,,10.14,,G,,,10.24,,G,,,,,,B,
0.076354,5889221090058151040,189561605,234.65666498901,-51.14531427033,10.854,11.1758,5611012,234.65669,-51.1453,Gaia DR3 5889221090058151040,0,BCEP,,11.13,,G,,,11.22,,G,,,,0.210526,,B,
0.076652,2020744321390496256,435409370,296.3469246574506,24.32498913500988,8.244,8.60605,10864335,296.34692,24.32501,Gaia DR3 2020744321390496256,0,DSCT|GDOR|SXPHE,,8.59,,G,,,8.64,,G,,,,0.0784733,,O,
0.076739,5969572261571594880,339680552,253.6298282882,-40.95323939462,9.311,9.30027,103994,253.62984,-40.95322,ASAS J165431-4057.2,0,ESD|ED,,9.33,,V,Y,,0.23,,V,2451932.93,,,1.63204,,,B
0.076761,249079279647326976,285938173,54.07948994292792,48.37703329148337,8.732,8.99202,629110,54.07947,48.37705,WISE J033619.0+482237,0,EB,,8.086,,W1,Y,,0.191,,W1,,,,4.2120947,,,B
0.076991,5891850331557800832,413296783,214.81093521689,-58.44294122539,8.986,10.1374,5310490,214.81097,-58.44293,Gaia DR3 5891850331557800832,0,BE|GCAS|SDOR|WR,,10.0,,G,,,10.16,,G,,,,5.9345,,B,
0.077604,5878470340192612224,397221078,219.15787775847687,-60.96661482735853,7.525,9.36366,5369440,219.15791,-60.9666,Gaia DR3 5878470340192612224,0,BCEP,,9.33,,G,,,9.4,,G,,,,0.0552328,,B,
0.077605,1870290998515818624,232846315,311.55271512437173,35.540412162288234,9.432,9.38557,7819091,311.55273,35.54043,Gaia DR3 1870290998515818624,0,BCEP,,9.36,,G,,,9.41,,G,,,,,,B,
0.077796,2056918391351771904,17249884,308.23437342036,36.20013905255,9.855,10.6401,7768039,308.23438,36.20016,Gaia DR3 2056918391351771904,0,BE|GCAS|SDOR|WR,,10.61,,G,,,10.66,,G,,,,,,O,
0.077847,5933995093350789504,412149840,245.95635204283604,-52.14321316205417,9.126,9.27827,5872994,245.95638,-52.1432,Gaia DR3 5933995093350789504,0,BE|GCAS|SDOR|WR,,9.26,,G,,,9.32,,G,,,,,,B,
0.078237,5971839733749783808,463255713,259.06103631029,-40.82308155236,10.097,10.8488,33318,259.06104,-40.82306,V0502 Sco,0,E/SD,,12.4,,pg,,,14.0,,pg,2426595.309,,,7.969388,,,B
0.078675,1990347978815194240,431208536,343.38294850788,52.63833246415,9.589,9.53868,8164198,343.38297,52.63835,Gaia DR3 1990347978815194240,0,BCEP,,9.53,,G,,,9.55,,G,,,,,,B,
0.078878,2015037306253196544,377900979,348.8662893728053,62.07903912950067,8.892,9.40684,7139,348.86633,62.07905,V0808 Cas,0,EB,,9.61,,V,,,9.82,,V,2451486.55,,,2.59908,,B0.2IV,B
0.078914,5254194988310454528,391522904,161.61852102093863,-60.564096663887234,8.255,9.59667,43594,161.61855,-60.56408,NSV 4970,1,,,9.76,,V,,,,,,,,,,,O9.5III,B
0.079035,2198098261347253504,469890964,330.0638702927,55.98522565394,10.087,10.7606,8050367,330.0639,55.98524,Gaia DR3 2198098261347253504,0,BCEP,,10.73,,G,,,10.81,,G,,,,,,A,
0.079115,359281749549586048,241100751,29.70714106823,50.87807155374,9.209,9.13339,2766398,29.70716,50.87809,Gaia DR3 359281749549586048,0,ACV|roAm|roAp|SXARI,,9.12,,G,,,9.14,,G,,,,,,B,
0.079246,465719182408723072,50608476,41.1804760943,61.46469937345,9.666,10.4398,6460,41.18046,61.46472,DF Cas,0,DCEP,,10.53,,V,,,11.13,,V,2441719.622,,,3.832472,,F6-G4:,B
0.079266,2016036212573494656,272732675,356.6316925334891,62.91726578173058,10.081,10.5951,8255169,356.63174,62.91727,Gaia DR3 2016036212573494656,0,BE|GCAS|SDOR|WR,,10.55,,G,,,10.63,,G,,,,,,B,
0.079413,5895946733916102528,90803999,216.3419255246297,-54.583419351393424,8.946,8.94747,5330570,216.34196,-54.58341,Gaia DR3 5895946733916102528,0,ACV|roAm|roAp|SXARI,,8.93,,G,,,8.97,,G,,,,,,B,
0.07963,5877732808445724672,403154632,220.47445774897,-60.89792818428,9.756,10.2432,10465637,220.4745,-60.89792,Gaia DR3 5877732808445724672,0,BE|GCAS|SDOR|WR,,10.21,,G,,,10.26,,G,,,,,,B,
0.079635,5859608420056493696,313399930,183.5681216249457,-67.74125937183786,9.068,9.0358,225519,183.56818,-67.74126,HD 106345,0,BCEP,,9.08,,V,Y,,0.03,,V,,,,0.1512293,,B2III,B
0.079699,4288274362563352448,392965683,293.2976302406709,1.9455301258389703,11.63,11.8682,7474455,293.29764,1.94555,Gaia DR3 4288274362563352448,0,BCEP,,11.82,,G,,,11.88,,G,,,,0.0296496,,B,
0.07975,5978944915398881664,46661249,258.2001238545289,-33.67891983314213,8.329,8.16262,6269931,258.2001,-33.67891,Gaia DR3 5978944915398881664,0,BCEP,,8.15,,G,,,8.19,,G,,,,,,B,
0.079918,5878929008326444544,189504782,221.20260856410025,-59.770157589442654,9.997,10.5041,58604,221.20265,-59.77015,NSV 20169,0,VAR:,,10.72,,V,,,,,,,,,,,OB+,B
0.080001,2004221925783443968,341889351,332.9108014322916,52.42997779475307,7.503,7.50078,305812,332.9108,52.43,HIP 109562,0,VAR,,7.56,,V,Y,,0.013,,V,,,,5.70744,,O9Ib,B
0.080191,524077754921316480,420295645,11.05537052928,64.46118534841,10.928,11.3457,2389568,11.05532,64.46119,Gaia24asd,0,GCAS,,11.12,,G,,,11.44,,G,,,,,,,
0.08028,429709420686842624,359438901,4.5738774795727934,61.727050426885214,7.5,7.56193,10868062,4.57392,61.72706,TIC 359438901,0,EA+ACYG,,7.63,,V,Y,,0.41,,TESS,2460618.052,,,20.2812,,B0Ib+B0Ib,
0.08048,4154683704132570112,217831873,278.4470286690115,-11.192397867893746,8.906,9.64614,10867634,278.44705,-11.19239,GrAGVar113,0,ACYG:,,10.13,,V,,,10.18,,V,,,,,,O9.5Iab,
0.08068,2027396607242364160,116116717,299.9671238227544,27.09845827415292,9.322,9.41541,7618607,299.96713,27.09848,Gaia DR3 2027396607242364160,0,ACV|roAm|roAp|SXARI,,9.41,,G,,,9.44,,G,,,,,,B,
0.080736,2060531249138821632,11114205,303.81354921786,36.91558493791,10.822,11.2361,9952529,303.81357,36.9156,Gaia DR3 2060531249138821632,0,DSCT|GDOR|SXPHE,,11.19,,G,,,11.31,,G,,,,2.17252,,G,
0.080761,4104431212386419328,176423372,276.6688081782,-13.65190382857,8.394,8.95178,110812,276.66879,-13.65189,ASAS J182640-1339.1,0,ELL,,9.26,,V,,,9.35,,V,2452104.66,,,2.93023,,O6.5III(f),B
0.08078,5932565900081831040,207161872,242.83526242559,-54.35413510061,8.018,8.6212,20294,242.8353,-54.35414,QZ Nor,0,DCEPS,,8.71,,V,,,9.03,,V,2444361.688,,,3.786008,,F6I,B
0.080841,2016915375193013376,279780670,352.6341124182867,63.68696770755136,9.804,10.4936,8227125,352.63416,63.68696,Gaia DR3 2016915375193013376,0,BE|GCAS|SDOR|WR,,10.47,,G,,,10.52,,G,,,,,,O,
0.080875,5241560495856826112,391242298,161.45188451468977,-62.87039136960884,9.285,9.349,683754,161.45193,-62.8704,HD 93447,0,GCAS,,9.36,,V,,,9.44,,V,,,,,,B3/4(III),B
0.081067,458336271069261312,348136579,34.23989187806076,56.71879360029055,7.308,7.42807,25881,34.23992,56.71881,V0357 Per,0,BCEP:,,7.44,,V,,,7.52,,V,,,,0.28619,:,B2Ib-II:p,B
0.081278,6056421899118919168,436276810,193.3605261575041,-60.20014591523266,9.136,9.21821,683789,193.36057,-60.20014,HD 111916,0,GCAS,,9.22,,V,,,9.32,,V,,,,,,B3,B
0.081316,2012694487499862400,378290594,358.21646732990854,61.50187982952213,10.528,10.8732,477679,358.21649,61.50186,TYC 4281-2349-1,0,BCEP,,10.97,,V,Y,,0.02,,Rc,2457634.48642,,,0.172414,,B2,B
0.081341,5890751885073900800,263422831,216.7863488001616,-59.73647890986156,7.794,8.98983,225555,216.78639,-59.73647,HD 126357,0,BCEP,,9.07,,V,Y,,0.017,,V,,,,0.245744,,B1III,B
0.081379,5925645745575897216,213891694,258.53788808627513,-52.099279686565175,9.562,9.5118,6285500,258.53787,-52.09926,Gaia DR3 5925645745575897216,0,ACV|roAm|roAp|SXARI,,9.5,,G,,,9.53,,G,,,,,,B,
0.0816,1863984680847956608,161805246,309.4669691007,33.46383923685,10.066,10.6321,7786914,309.46698,33.46386,Gaia DR3 1863984680847956608,0,RS,,10.51,,G,,,10.77,,G,,,,,,B,
0.081723,1828194649673894144,391771897,297.44034654049386,23.003828111941225,8.593,8.77758,7564497,297.44034,23.00385,Gaia DR3 1828194649673894144,0,DSCT|GDOR|SXPHE,,8.73,,G,,,8.81,,G,,,,3.2341,,B,
0.081787,6055495113869275904,433838033,190.81378224035527,-61.64894132905192,7.695,9.51744,225525,190.81383,-61.64894,HD 110498,0,BCEP,,9.67,,V,Y,,0.021,,V,,,,0.240742,,B0.5III,B
0.081831,2071470359021172352,187779407,307.33408154056,46.66637729367,9.359,9.68114,7754081,307.33408,46.6664,Gaia DR3 2071470359021172352,0,BE|GCAS|SDOR|WR,,9.54,,G,,,9.87,,G,,,,,,,
0.082007,2011888476756645504,326815804,359.6798172788305,61.16098398512673,9.978,10.1132,6663,359.67978,61.16097,QX Cas,0,EA/DM,,10.19,,V,,,10.7,,V,2435755.0,,,6.00471,,B1V+B1V,B
0.082213,2164193995677157376,137626224,318.62769365170607,46.41038616212381,9.88,9.98488,9971375,318.62772,46.4104,Gaia DR3 2164193995677157376,0,ACV|roAm|roAp|SXARI,,9.96,,G,,,10.0,,G,,,,,,B,
0.082243,5875703384871585408,271610589,233.1056156189261,-60.53517535895888,9.642,9.75358,5581261,233.10565,-60.53516,Gaia DR3 5875703384871585408,0,BCEP,,9.73,,G,,,9.78,,G,,,,,,B,
0.082288,1970711525780913664,138465692,319.76680627077,43.76350940474,9.994,10.1265,144388,319.76682,43.76353,V2618 Cyg,0,EA,,10.56,,R1,,,11.1,:,R1,2451338.75,,,47.615,,OB,B
0.082339,4269324765055187456,179840109,287.03092449761,4.05488314775,10.2,10.5877,9846395,287.03094,4.0549,Gaia DR3 4269324765055187456,0,DSCT|GDOR|SXPHE,,10.57,,G,,,10.6,,G,,,,0.0629241,,B,
0.082488,5338581990358992128,304456803,165.02667737329,-59.36745270069,8.318,8.65536,4646115,165.02672,-59.36746,Gaia DR3 5338581990358992128,0,DSCT|GDOR|SXPHE,,8.63,,G,,,8.7,,G,,,,1.65439,,O,
0.082769,2200155894272052096,414869938,337.16070395817,58.3917068938,10.102,10.5447,8116037,337.16074,58.39172,Gaia DR3 2200155894272052096,0,BE|GCAS|SDOR|WR,,10.49,,G,,,10.58,,G,,,,,,B,
0.082781,2060862644499670144,11697773,304.12537592123,37.87347748528,9.485,9.85875,2387798,304.12537,37.8735,Barlad V5,0,BCEP,,10.19,,CV,,,10.22,,CV,2460178.3369,,,0.1644,,B0.5V,
0.082939,1862266900090394240,161706446,309.3749286920479,30.4879135282487,8.804,8.94643,9959282,309.37491,30.48793,Gaia DR3 1862266900090394240,0,DSCT|GDOR|SXPHE,,8.93,,G,,,8.97,,G,,,,0.0618978,,B,
0.08301,6063009073243241728,406696133,198.37561624673376,-58.3623922280626,9.304,9.45678,225535,198.37566,-58.36239,HD 114733,0,BCEP,,9.52,,V,Y,,0.017,,V,,,,0.137947,,B2/3III,B
0.083115,2058399674046327808,90339607,301.63563565162,34.53313016793,9.423,10.2031,7653595,301.63565,34.53315,Gaia DR3 2058399674046327808,0,BE|GCAS|SDOR|WR,,10.18,,G,,,10.24,,G,,,,,,O,
0.083135,6056783226120036992,436272241,193.4457652179,-60.30990956071,9.899,9.94462,10890,193.44579,-60.30989,CV Cru,0,BCEP+E:,,9.99,,V,Y,,0.04,,B,,,,,,B1.5Vn,B
0.083236,5966512840418512000,339570153,253.6228761553537,-41.6541629420766,7.904,9.12191,167301,253.62288,-41.65414,V1365 Sco,0,EA,,9.23,,V,,,9.43,,V,2453033.926,,,6.3495,,B0.5V,B
0.083686,5868668331494928384,313955481,202.39283111180487,-61.19337375704967,9.833,9.97046,8266,202.39287,-61.19336,V0969 Cen,0,SPB:,,10.03,,Hp,,,10.25,,Hp,,,,,,B3V,B
0.083712,5865366772957071872,316144493,203.4041223539268,-62.31766712509874,8.705,8.85321,225545,203.40417,-62.31766,HD 117704,0,BCEP,,8.89,,V,Y,,0.017,,V,,,,0.214806,,B1/2III,B
0.08382,507995335778279168,11160547,29.973833240257225,60.216108380706025,10.35,10.7711,6928,29.97388,60.21611,V0597 Cas,0,UV,,10.1,,B,,,13.2,,B,,,,,,M,B
0.083821,2197817817151561984,469984020,330.6701366076,55.25173658797,10.283,10.771,8056310,330.67017,55.25175,Gaia DR3 2197817817151561984,0,RS,,10.73,,G,,,10.83,,G,,,,,,B,
0.083929,5335370179443234432,304015004,177.63520365327523,-60.79389566403349,8.179,8.20846,7571,177.63525,-60.79389,LZ Cen,0,EB/DM,,8.1,,V,,,8.5,,V,2426096.384,,,2.757717,,B2III,B
0.08406,2034155064716666880,103115691,299.7261607319066,32.60214799397275,10.571,11.1658,9936780,299.72617,32.60217,Gaia DR3 2034155064716666880,0,BE|GCAS|SDOR|WR,,11.12,,G,,,11.23,,G,,,,,,B,
0.084167,6060124092197532928,405577964,191.86373654454,-57.97247393805,10.275,10.3915,2387126,191.86378,-57.97247,HD 111077,0,BE,,10.35,,V,,,10.49,,V,,,,,,Be,
0.084394,2076087070918989952,239306860,300.5556985013256,44.44632337504053,8.691,8.64005,251626,300.55573,44.44633,HD 190254,0,BCEP,,8.7,,V,,,,,,,,,,,B4.5IV,B
0.084822,5861217147386782464,450992142,187.4811947765808,-64.79002136986021,8.21,8.32763,10452659,187.48125,-64.79002,Gaia DR3 5861217147386782464,0,BCEP,,8.31,,G,,,8.35,,G,,,,,,B,
0.085092,5940954280339207424,39659269,250.34206659803385,-48.74918323288076,8.357,9.48627,10446774,250.34206,-48.74916,Gaia DR3 5940954280339207424,0,ACV|roAm|roAp|SXARI,,9.47,,G,,,9.5,,G,,,,,,B,
0.085133,2061130173722073088,14207366,305.99807218084,38.52997715676,9.444,9.94958,63574,305.99808,38.53,NSV 25139,2,CST,,10.21,,V,,,,,,,,,,,B0.5III,B
0.085405,6057425821970868096,379012444,180.8495688424878,-62.696063483481446,7.875,7.76769,10897,180.84962,-62.69606,DF Cru,0,SPB,,7.78,,Hp,,,7.84,,Hp,2448500.548,,,1.1348,,B0.5III,B
0.085495,2060731257180505344,312080762,303.25804422687,37.02056986554,9.279,9.78886,7685113,303.25806,37.02059,Gaia DR3 2060731257180505344,0,BCEP,,9.76,,G,,,9.8,,G,,,,,,A,
0.085614,2026893374506886400,280752128,298.8600977640884,26.367288895962613,9.409,9.49327,7596024,298.86011,26.36731,Gaia DR3 2026893374506886400,0,DSCT|GDOR|SXPHE,,9.46,,G,,,9.52,,G,,,,2.0812,,B,
0.085701,2208614643381656576,435446681,347.2940883529903,64.57724428149302,10.616,11.1213,8191902,347.29413,64.57726,Gaia DR3 2208614643381656576,0,BE|GCAS|SDOR|WR,,11.04,,G,,,11.18,,G,,,,,,G,
0.085743,4042411609752563200,263573669,269.9847785021237,-33.89083274789765,8.153,8.25213,135910,269.98477,-33.89081,HD 163899,0,SPB,,8.3,,V,Y,,0.008,,V,,,,23.2,,B2Ib/II,B
0.085841,2068345478256426368,13418870,305.35759072635,41.19429719929,6.771,8.26649,7721102,305.3576,41.19432,Gaia DR3 2068345478256426368,0,E,,8.24,,G,,,8.45,,G,,,,12.3516,,O,
0.085974,2005917269635469312,331069412,334.18352985545,55.47715331237,9.046,9.26521,8089946,334.18356,55.47717,Gaia DR3 2005917269635469312,0,DSCT|GDOR|SXPHE,,9.25,,G,,,9.31,,G,,,,6.5121,,B,
0.086162,505131176707220352,374782811,31.6218847836222,57.046265651934505,8.97,8.98481,39343,31.62192,57.04628,NSV 719,1,,,8.95,,V,,,9.03,,V,,,,,,B2III,B
0.086296,3131328993295190656,234841110,97.8894364389652,4.84435515678134,9.143,9.2874,41630,97.88946,4.84436,NSV 3006,1,,,9.23,,V,,,9.38,,V,,,,,,B1Vne,B
0.086399,3455835109904777472,426256249,85.62982945358785,36.200126004372514,7.949,7.94267,623732,85.62983,36.20015,HD 37737,0,E,,8.059,,V,Y,,0.08,,w,2457406.44,,,7.847,,B0II:,B
0.08662,5933987293688902400,217034340,245.98549898380244,-52.29787594685743,8.554,8.63729,305579,245.9855,-52.2979,HIP 80323,0,VAR,,8.74,,V,Y,,0.02,,V,,,,2.83664,,B0Ia,B
0.086651,6761395047932767104,155530282,281.7328808327332,-29.95998405887476,9.886,9.70652,225627,281.73288,-29.95996,HD 173502,0,BCEP,,9.73,,V,Y,,0.075,,V,,,,0.1819331,,B1/2Ib,B
0.086662,5863509216744519040,438357427,195.13828960145,-61.67553277452,10.198,11.027,10583614,195.13834,-61.67553,Gaia DR3 5863509216744519040,0,BCEP,,11.0,,G,,,11.08,,G,,,,0.236403,,O,
0.086768,2208381478194715264,13217180,344.1101145801164,64.46496319572053,8.104,8.71596,10001749,344.11017,64.46496,Gaia DR3 2208381478194715264,0,RS,,8.67,,G,,,8.77,,G,,,,,,O,
0.086971,5333580724244613760,319936228,174.4517480351622,-63.32319627249694,7.046,7.07038,136554,174.4518,-63.32319,V1051 Cen,0,EA,,7.13,,V,,,7.24,,V,2447964.84,,,9.64645,,O6.5V(f)+O8.5V,B
0.086996,2007024958875807872,343319127,341.30532245465,56.80772729191,10.171,10.3691,8148872,341.30536,56.80774,Gaia DR3 2007024958875807872,0,BCEP,,10.34,,G,,,10.39,,G,,,,,,B,
0.087065,5542908084393407616,182936762,124.7305125772726,-36.21341804708482,10.05,10.3875,86503,124.7305,-36.21344,ASAS J081855-3612.8,0,EA,,10.51,,V,,,10.9,,V,2453413.78,,,9.3535,,B0/2,B
0.08722,4266967137186924544,175048236,282.83552005552,1.05157795664,9.96,10.68,7210508,282.83551,1.0516,Gaia DR3 4266967137186924544,0,E,,10.66,,G,,,10.71,,G,,,,1.77816,,B,
0.087226,2005418950349782272,330241794,333.45705562111,54.4097363344,9.89,9.91552,9991051,333.45709,54.40975,Gaia DR3 2005418950349782272,0,BCEP,,9.88,,G,,,9.93,,G,,,,,,B,
0.087305,5856874901058844160,327774344,189.71810857145724,-67.19305540088723,6.229,6.19477,19934,189.71817,-67.19306,KY Mus,0,ACYG:,,6.24,,Hp,,,6.3,,Hp,,,,4.4827,,B1Ia,B
0.087311,5337692446736643840,467055341,167.45566011301423,-60.46945579767434,9.358,9.41285,167287,167.4557,-60.46947,V0829 Car,0,EA,,9.42,,V,,,9.58,,V,2453470.672,,,0.9628,,B3.5V,B
0.087731,183327380494927104,2937947,82.03980015942,35.77308706661,10.222,10.4476,1540740,82.03979,35.77311,TIC 2937947,0,GCAS,,10.14,,G,,,10.55,,G,,,,,,em,
0.087947,2028829099125287168,435751228,297.6875567509336,29.396905734892737,9.675,9.90671,63349,297.68756,29.39693,NSV 24914,1,,,10.1,,V,,,,,,,,,,,O7f,B
0.088062,5853827776401942912,334289143,213.81475122925,-62.96598696561,9.204,9.13744,97844,213.81479,-62.96597,ASAS J141516-6258.0,0,ESD|ED,,9.17,,V,Y,,0.152,,V,2451957.1,,,4.2832,,B8,B
0.088145,2012784716174548992,378373750,358.2784323524486,62.01304304746097,10.41,10.633,684146,358.27847,62.01306,NADA-V27,0,BCEP:,,10.65,,V,,,10.69,,V,2457606.05,,,0.1648,,B1.5V,
0.088169,6055944642343393664,437608313,194.4371597660365,-60.88767158711013,8.783,8.72773,5021124,194.43721,-60.88767,Gaia DR3 6055944642343393664,0,BCEP,,8.79,,V,,,8.84,,V,,,,,,B1II/III,
0.088223,1971821963809808768,137276004,318.20969802271,44.9361810653,9.891,10.0092,9969602,318.20972,44.9362,Gaia DR3 1971821963809808768,0,DSCT|GDOR|SXPHE,,9.97,,G,,,10.05,,G,,,,3.79129,,B,
0.088325,5876651296960656128,44286109,229.6697533985059,-59.949930603655936,9.187,9.83274,5519959,229.66978,-59.94991,Gaia DR3 5876651296960656128,0,BE|GCAS|SDOR|WR,,9.8,,G,,,9.87,,G,,,,,,O,
0.088345,5884713092342630144,90022324,239.3524690188856,-54.33227127358542,7.399,7.6907,45967,239.35249,-54.33225,NSV 7343,1,,,7.84,,V,,,7.93,,V,,,,,,B0.5Ia,B
0.088357,2061036612157184640,273897407,304.71559268798,37.79469962262,9.613,9.81945,7710088,304.71561,37.79472,Gaia DR3 2061036612157184640,0,BCEP,,9.8,,G,,,9.84,,G,,,,,,B,
0.088508,5836639179862802304,425236256,240.4717587385474,-54.84747674795797,9.032,9.37797,412726,240.47179,-54.84746,ASAS J160153-5450.8,0,MISC,,8.862,,Ic,Y,,0.252,,Ic,2453930.3,,,468.0,,B3III,B
0.088656,2035165687706631168,83771935,297.6967577341135,33.663953781469935,9.281,9.66685,139785,297.69678,33.66397,HAT 199-01214,0,PULS,,9.071,,Ic,,,9.114,,Ic,,,,7.5683,,B1Ib,B
0.088674,5339212938226705152,451123979,170.64997293833358,-58.953755801504826,8.818,8.70444,4714404,170.65002,-58.95376,Gaia DR3 5339212938226705152,0,BCEP,,8.69,,G,,,8.73,,G,,,,,,B,
0.088947,2006378308595888512,63971857,337.52385300749,54.79014562354,9.742,9.66619,17002,337.52386,54.79017,V0413 Lac,0,ELL,,9.72,,Hp,,,9.85,,Hp,2448501.033,,,1.50873,,B0IVn,B
0.08908,5337216083327498368,467023914,167.5488484188909,-61.44074794809448,10.093,10.0398,4677184,167.5489,-61.44075,Gaia DR3 5337216083327498368,0,BCEP,,10.02,,G,,,10.06,,G,,,,0.1485792,,B,
0.089159,6056404272571180160,436272344,193.39787073687089,-60.39630540161692,9.755,9.70985,10865,193.39792,-60.39631,BT Cru,0,BCEP,,9.8,,B,Y,,0.032,,B,,,,0.133,,B2:V,B
0.089338,2180491884726823168,364921141,311.29415383178,51.21052548670524,9.097,9.1749,7815014,311.29416,51.21055,Gaia DR3 2180491884726823168,0,BE|GCAS|SDOR|WR,,9.07,,G,,,9.21,,G,,,,,,B,
0.089627,461683699852424192,372431771,49.94176265239494,58.35830514247814,9.097,9.22433,2882000,49.94176,58.35833,Gaia DR3 461683699852424192,0,DSCT|GDOR|SXPHE,,9.21,,G,,,9.25,,G,,,,0.83959,,B,
0.089747,5975472657587310592,154396746,259.78613235679,-35.85261485639,9.526,11.4118,357857,259.78613,-35.85259,[HHR2012] J171908.7-355109,0,VAR,,11.44,,r,Y,,0.23,,r,,,,,,,B
0.089995,5865913676894380288,380733445,206.97307007415083,-60.88214573121581,8.538,8.27851,225549,206.97311,-60.88213,HD 119910,0,BCEP,,8.31,,V,Y,,0.014,,V,,,,0.142149,,B2III/IV,B
0.090064,5955528891082018944,32460407,266.13796558778296,-44.2090770141915,8.734,8.62394,6600257,266.13794,-44.20906,Gaia DR3 5955528891082018944,0,ACV|roAm|roAp|SXARI,,8.62,,G,,,8.64,,G,,,,,,B,
0.090456,5865534276646968576,323082858,206.57495039356093,-62.45161024601622,5.252,6.53767,58385,206.575,-62.4516,NSV 19950,0,VAR,,6.58,,V,Y,,0.006,,V,,,,8.96218,,B2Ia,B
0.090475,2031575713537688576,216236227,295.33270865897674,29.144416032993536,8.322,8.43686,12738,295.3327,29.14444,V1818 Cyg,0,ACYG+EA:,,8.5,,V,,,8.62,,V,2460313.85,,,2.488,,B0.5Ib,B
0.090539,5260124448345525120,462093134,150.41298732712593,-55.012863221202544,9.779,9.98378,90688,150.41302,-55.01288,ASAS J100139-5500.8,0,GCAS,,9.78,,V,,,10.1,,V,,,,152.0,,OBe,B
0.090637,2061506893898163456,12927862,304.9816821515959,39.78413555610778,10.094,10.5437,7714528,304.98169,39.78416,Gaia DR3 2061506893898163456,0,DSCT|GDOR|SXPHE,,10.51,,G,,,10.58,,G,,,,0.0797892,,F,
0.090816,5338525124987627904,466300568,165.46777160887,-60.01299282886,8.686,8.77742,411538,165.46782,-60.013,ASAS J110152-6000.8,0,ELL,,8.77,,V,,,8.87,,V,2453576.58,,,2.3815,,B0V,B
0.090828,5876736509111789184,42738942,228.79101240041857,-59.47993649082293,9.13,9.74332,99847,228.79105,-59.47992,ASAS J151510-5928.8,0,EA,,10.06,,V,Y,,0.13,,V,2451923.1,,,8.7061,,B1II,B
0.09119,5586327454969218688,173863399,113.18345103626,-37.24353569531,10.832,11.2381,83832,113.18346,-37.24356,ASAS J073244-3714.6,0,MISC,,11.32,,V,Y,,0.19,,V,2451871.85,,,1.09779,,,B
0.091249,2061703740852988928,312362971,303.37086509981793,38.47941749643194,7.78,8.17795,7687099,303.37088,38.47944,Gaia DR3 2061703740852988928,0,ACYG,,8.17,,G,,,8.21,,G,,,,,,B,
0.091381,4146279793122802944,116914553,275.18486592454,-14.77326399341,10.118,10.6949,6909703,275.18484,-14.77326,Gaia DR3 4146279793122802944,0,RS,,10.6,,G,,,10.82,,G,,,,,,B,
0.091676,5252890761347278976,377768377,154.67210470283,-63.30096469357,9.911,9.76077,4516169,154.67215,-63.30098,Gaia DR3 5252890761347278976,0,BCEP,,9.75,,G,,,9.78,,G,,,,,,B,
0.091851,3375202527760819840,45446943,92.46930328591462,20.504537726374465,9.536,10.952,620676,92.46929,20.50456,EPIC 202062176,0,EA,,11.0,,Kp,Y,,0.03,,Kp,,,,4.353161,,,B
0.091865,2067784246289931776,17450158,308.32490974999087,41.30864567108374,8.554,9.47945,9962126,308.32492,41.30867,Gaia DR3 2067784246289931776,0,VAR,,9.47,,G,,,9.51,,G,,,,0.0376119,,O,
0.091884,5940716236069165440,24985783,248.52094420967,-48.93959909075,9.319,11.0094,2388239,248.52097,-48.93958,CPD-48 8574,0,EB,,11.21,,V,,,11.28,,V,2458308.731,,,3.756045,,B0:,
0.092398,5619812050805288192,412519841,110.77590939792,-21.69700566001,10.19,10.3895,421370,110.77591,-21.69698,GDS_J0723062-214149,0,VAR,,10.43,,r,Y,,0.09,,r,,,,,,OB,B
0.092914,5876499255116034560,454733284,227.14264363126,-60.21419843158,9.508,9.88401,5480781,227.14268,-60.21418,Gaia DR3 5876499255116034560,0,BCEP,,9.86,,G,,,9.9,,G,,,,,,B,
0.092968,2163028822591221888,328962958,314.1781738943,44.88283683366,10.143,10.8405,7861246,314.17819,44.88286,Gaia DR3 2163028822591221888,0,BE|GCAS|SDOR|WR,,10.8,,G,,,10.9,,G,,,,,,O,
0.092982,5876765959760705664,43458304,229.06630397657173,-59.19118055737618,9.766,10.615,5509973,229.06635,-59.19117,Gaia DR3 5876765959760705664,0,BE|GCAS|SDOR|WR,,10.58,,G,,,10.64,,G,,,,,,O,
0.093015,4506875248640287872,355590438,285.9054562623298,14.94011441619411,10.159,10.5196,1498839,285.90546,14.94014,NADA-V119,0,ACYG:,,10.63,,V,,,10.65,,V,2458672.8,,,116.5,,B1Ib,
0.093035,5350349169928548352,391051828,161.1531921932035,-59.90688034207681,8.47,9.11527,4601227,161.15324,-59.90689,Gaia DR3 5350349169928548352,0,RS,,9.08,,G,,,9.18,,G,,,,,,O,
0.093059,6060180476528433536,412551960,193.02000174331167,-58.51529574612267,9.585,9.60215,5002524,193.02005,-58.51529,Gaia DR3 6060180476528433536,0,ACV|roAm|roAp|SXARI,,9.57,,G,,,9.62,,G,,,,,,B,
0.093217,4268954981201145344,178794312,286.52247259792364,3.2663808004445904,7.99,8.39297,9845471,286.52249,3.2664,Gaia DR3 4268954981201145344,0,ACYG,,8.37,,G,,,8.42,,G,,,,,,B,
0.093374,5338275673288599936,465012898,162.15732809113277,-60.223747136349935,6.229,7.26194,250343,162.15738,-60.22375,HD 93843,0,IA,,7.31,,V,,,7.35,,V,,,,,,O5III(fc),B
0.093548,5350401534171661696,458705311,160.75637190800063,-59.33992140844988,9.314,9.35323,683752,160.75642,-59.33993,HD 303299,0,GCAS,,9.34,,V,,,9.48,,V,,,,,,B1Ve,B
0.093623,430449941770428672,406965391,5.610451960738482,61.82770272528103,11.068,11.1425,285991,5.6105,61.82769,GSC 04015-00167,0,EA,,11.206,,CV,,,11.305,,CV,2455453.549,,,1.84628,,B1V,
0.093631,1942652882383093248,24658137,349.50976063061,48.78286187388,10.469,10.9002,57,349.5098,48.78286,AC And,0,RRD,,10.7,,V,Y,,1.2,,V,2428009.31,,,0.7112376,,A9-F8,B
0.093971,6053407381846983040,310709753,185.5099691451097,-64.69390217043838,8.588,8.60972,4904704,185.51003,-64.6939,Gaia DR3 6053407381846983040,0,BCEP,,8.6,,G,,,8.63,,G,,,,,,B,
0.09429,5868440492071967104,315036866,202.81451545220327,-61.732633470153765,8.966,9.02363,225541,202.81454,-61.73261,HD 117357,0,BCEP,,9.02,,V,Y,,0.018,,V,,,,0.480524,,O9.5/B0V,B
0.094596,2013949438280504832,269423650,350.33198277719,60.97090714047,9.732,9.88574,2223575,350.33203,60.97092,CzeV3676,0,VAR,,9.95,,V,Y,,0.03,,V,2458781.847,,,0.976296,,,
0.094647,1968066891076796160,240536742,324.0591469577185,44.76247941995309,9.335,9.37346,13087,324.05917,44.7625,V2167 Cyg,0,SPB,,9.43,,Hp,,,9.48,,Hp,2448500.789,,,1.6758,,B8,B
0.095004,5849144921978055936,448970102,215.15279214266,-67.13787406858,9.488,9.52551,10366184,215.15282,-67.13785,Gaia DR3 5849144921978055936,0,DSCT|GDOR|SXPHE,,9.49,,G,,,9.55,,G,,,,0.77343,,B,
0.095054,2061353718197765120,12245937,304.4366166876788,38.92323411391564,10.092,10.1374,9953469,304.43661,38.92326,Gaia DR3 2061353718197765120,0,BCEP,,10.11,,G,,,10.16,,G,,,,,,B,
0.095108,5253762811512406016,460376775,157.40073391064,-62.10944308943,7.833,8.27535,43501,157.40079,-62.10944,NSV 4877,1,,,8.5,,V,,,,,,,,,,,A5Ib,B
0.095164,2011954344376772480,400381778,359.0020289835064,61.4312398227686,10.377,10.5639,10004902,359.00208,61.43125,Gaia DR3 2011954344376772480,0,BCEP,,10.55,,G,,,10.58,,G,,,,,,B,
0.095426,5884678801321670144,87014767,238.89102860585336,-54.77663567961143,9.356,9.51058,447292,238.89104,-54.77661,GDS_J1555338-544635,0,EA,,9.62,,V,,,9.86,,V,2452740.734,,,5.6866,,B0.5IV,B
0.095499,458407533164943360,348607599,35.57370169660963,57.12350385836077,8.929,9.14504,26146,35.57371,57.12353,V0622 Per,0,ELL:,,9.3,,B,Y,,0.05,,B,,,,,,B2III,B
0.09557,5598627687246632448,149609517,116.29765034458173,-30.722077405466493,9.288,9.29557,410944,116.29768,-30.72207,ASAS J074511-3043.3,0,MISC,,9.111,,Ic,Y,,0.127,,Ic,2453701.7,,,491.0,,B1/2Vne,B
0.095903,5338207327417387520,465348709,163.13666954657,-60.52675336121,10.396,11.105,5900,163.13667,-60.52678,DY Car,0,DCEP,,10.91,,V,,,11.76,,V,2440773.22,,,4.67461,,,B
0.095955,5935142949059182336,216021370,243.0012647276571,-50.30571493906248,9.104,9.7027,46134,243.00125,-50.30569,NSV 7510,1,,,9.95,,V,,,,,,,,,,,O8,B
0.096023,5521431048894279936,140654872,128.38642265538726,-47.89420599585865,9.449,9.42377,3835198,128.38644,-47.89423,Gaia DR3 5521431048894279936,0,ACV|roAm|roAp|SXARI,,9.41,,G,,,9.44,,G,,,,,,B,
0.096248,4146139811562065408,112812656,274.31702825537576,-15.451706598971189,9.256,9.53864,109986,274.31705,-15.45169,V0539 Ser,0,BCEP,,9.59,,V,,,9.69,,V,2451949.445,,,0.2073088,,B2Ib,B
0.096295,4097967733274939392,413135045,276.32605779775486,-15.422955670788426,9.608,9.67504,6960443,276.32605,-15.42293,Gaia DR3 4097967733274939392,0,BE|GCAS|SDOR|WR,,9.63,,G,,,9.72,,G,,,,,,B,
0.09631,5306253771488779392,441226132,145.08281893317,-56.87208543946,9.981,10.1083,4083432,145.08286,-56.8721,Gaia DR3 5306253771488779392,0,DSCT|GDOR|SXPHE,,10.07,,G,,,10.16,,G,,,,1.5121,,B,
0.096326,2064171525959894016,16198755,307.39118675267576,38.94158530620653,8.576,8.54429,7754981,307.3912,38.94161,Gaia DR3 2064171525959894016,0,ACV|roAm|roAp|SXARI,,8.54,,G,,,8.59,,G,,,,,,B,
0.096505,2011522408099302272,272539879,356.40309360012714,59.90598668435455,9.388,9.87177,6656,356.40314,59.906,QQ Cas,0,EB/DM,,10.3,,pg,,,10.9,,pg,2456483.398,,,2.1420716,,B2,B
0.09676,4047526847081820032,153241515,279.9510752227096,-29.339265458551605,10.078,9.92729,225621,279.95105,-29.33925,HD 172140,0,BCEP,,9.95,,V,Y,,0.018,,V,,,,0.151164,,B3:,B
0.096762,5350392012197117568,458861857,161.3231502969649,-59.39373094051722,8.311,8.80483,4603387,161.3232,-59.39374,Gaia DR3 5350392012197117568,0,RS,,8.78,,G,,,8.86,,G,,,,,,O,
0.096785,2009866681032794368,314034197,345.55143590566115,57.19384766938892,9.615,9.94394,705680,345.55148,57.19386,ASASSN-V J230212.35+571137.9,0,EA,,10.06,,V,,,10.31,,V,2457270.988,,,0.201048,,,
0.096925,2007968408568757888,64734983,338.63575622868643,58.3302159732154,10.051,10.3419,8128326,338.6358,58.33023,Gaia DR3 2007968408568757888,0,DSCT|GDOR|SXPHE,,10.3,,G,,,10.37,,G,,,,7.2612,,B,
0.097192,2012234822910081920,271443727,354.5887298192119,60.637984880923966,10.332,10.9862,629217,354.58875,60.63801,WISE J233821.2+603816,0,MISC,,8.806,,W1,Y,,0.161,,W1,,,,4.3711042,,,B
0.097238,2021812874887573504,407858712,296.10890914597707,26.221284805587267,9.731,10.1746,116669,296.10892,26.22131,ASAS J194426+2613.3,0,ESD|ED,,10.366,,V,Y,,0.108,,V,2452736.2,,,3.5417,,sdB0.5VIp He9,B
0.09725,2061405257789262080,12670497,304.88050840754823,39.057264529988565,8.406,8.62642,63538,304.88052,39.05729,NSV 25103,1,,,8.7,,V,,,,,,,,,,,O8V((f)),B
0.097263,2007789428690846464,428184259,336.30065000006,57.17165388433,8.871,9.37974,9992164,336.30069,57.17167,Gaia DR3 2007789428690846464,0,VAR,,9.38,,G,,,9.4,,G,,,,0.0387874,,A,
0.09728,5934869960959407488,315370725,244.74134010609,-51.05827395521,9.764,10.1478,102412,244.74136,-51.05825,V0479 Nor,0,BCEP,,10.39,,V,,,10.49,,V,2451931.468,,,0.2054708,,B5,B
0.097287,5333719228342994304,316369054,171.94599963305,-63.43530878158,8.879,10.606,10571690,171.94606,-63.43531,Gaia DR3 5333719228342994304,0,VAR,,10.57,,G,,,10.63,,G,,,,0.025168,,O,
0.097331,2012432631927515264,271145590,353.87760967697,60.91282849023,7.771,8.33924,10004999,353.87766,60.91284,Gaia DR3 2012432631927515264,0,ACYG,,8.31,,G,,,8.38,,G,,,,,,B,
0.097343,5241818576195567360,466259747,165.45740848785,-61.88416809001,9.227,9.24306,10579637,165.45746,-61.88418,Gaia DR3 5241818576195567360,0,BCEP,,9.23,,G,,,9.26,,G,,,,,,B,
0.097777,5338402701233784704,459509031,162.83619122982412,-59.74387843225032,7.322,7.64252,250329,162.83624,-59.74389,HD 94230,0,VAR,,7.83,,V,,,,,,,,,,,O,B
0.097804,430511789300158720,420443928,5.072576351439949,62.463878912153575,8.802,8.89524,53509,5.07263,62.46389,NSV 15074,0,GCAS,,8.52,,V,,,9.01,,V,,,,,,B0.5IVe,B
0.098344,5333357970075306752,322418939,175.9538611843743,-62.51453693115089,8.988,8.94185,10336410,175.95392,-62.51454,Gaia DR3 5333357970075306752,0,BCEP,,8.93,,G,,,8.95,,G,,,,,,B,
0.098377,5847459508085058176,448594570,211.75631278731183,-68.56877198506123,9.603,9.56396,225551,211.75638,-68.56876,HD 122831,0,BCEP,,9.6,,V,Y,,0.03,,V,,,,0.1996795,,B1III,B
0.098523,2005390259966364800,328877031,332.48977128117,53.99661480267,10.799,10.868,8074224,332.48981,53.99663,Gaia DR3 2005390259966364800,0,DSCT|GDOR|SXPHE,,10.84,,G,,,10.89,,G,,,,7.8484,,B,
0.098623,2067567436342772736,14312409,305.89061759025515,40.75551228831857,10.509,11.2299,249627,305.89059,40.75553,V2539 Cyg,0,BCEP,,11.71,,V,Y,,0.009,,V,,,,0.14301,,B6.5:,B
0.098703,1933243090072160896,128383551,338.6257608695223,40.77488371857587,7.176,6.99669,305826,338.62579,40.7749,HIP 111429,0,VAR,,7.02,,V,Y,,0.007,,V,,,,0.11488,,B1.5V,B
0.098965,1986765009714971520,200470927,338.98949136929093,47.5897012300611,9.159,9.02082,8131241,338.98953,47.58971,Gaia DR3 1986765009714971520,0,ACV|roAm|roAp|SXARI,,9.01,,G,,,9.04,,G,,,,,,B,
0.09898,5522333026384059904,141292310,129.33115011864666,-45.20719231581161,8.179,8.25205,225455,129.33118,-45.20721,HD 73568,0,BCEP,,8.35,,V,Y,,0.01,,V,,,,0.220007,,B2/3IV,B
0.099088,5949042184790956288,248275346,264.7079868963224,-46.31590242667183,9.329,9.38626,225591,264.70801,-46.31588,HD 159792,0,BCEP,,9.43,,V,Y,,0.051,,V,,,,0.1428561,,B2II,B
0.099425,2061049943735688704,273897829,304.7229386877829,37.84268810260341,7.966,8.29117,9953164,304.72296,37.84271,Gaia DR3 2061049943735688704,0,BE|GCAS|SDOR|WR,,8.29,,G,,,8.32,,G,,,,,,B,
0.099439,2164725265948053120,277719482,321.04577657294,47.99119379783,10.42,10.9317,9980193,321.04581,47.99121,Gaia DR3 2164725265948053120,0,RS,,10.81,,G,,,11.02,,G,,,,,,B,
0.099476,5698235748454087296,130192760,119.77164564699808,-25.27692330860165,9.242,9.25679,27010,119.77167,-25.27694,V0408 Pup,0,BE,,9.2,,Hp,,,9.35,,Hp,,,,,,B2/B3III,B
0.099552,2060559458477442176,12139534,304.38224908645,36.86877376112,9.83,10.5153,7704610,304.38226,36.8688,Gaia DR3 2060559458477442176,0,RS,,10.46,,G,,,10.59,,G,,,,,,B,
0.099744,3017360833515044480,427395058,83.86000832420181,-5.416886438354335,6.369,6.29171,40950,83.86,-5.41686,NSV 2326,1,,,6.38,,V,,,6.44,,V,,,,,,B1V,B
0.099761,5861802259359559168,460792365,191.619644836394,-64.91767219783918,8.922,9.07376,19938,191.61971,-64.91767,LN Mus,0,EB,,9.1,,V,,,9.37,,V,2448503.506,,,3.67205,,B1V:,B
0.099883,2020044516575268992,361324132,296.45088555192734,23.1951856393292,9.317,9.51031,9911131,296.4509,23.19521,Gaia DR3 2020044516575268992,0,BCEP,,9.48,,G,,,9.54,,G,,,,0.1522501,,B,
0.099979,2067570185121916544,13877044,305.79358327840737,40.76451098234828,8.764,9.31723,10865871,305.79361,40.76453,Gaia DR3 2067570185121916544,0,BE|GCAS|SDOR|WR,,9.3,,G,,,9.34,,G,,,,,,B,
0.100181,6753593974244552064,209036736,297.85540088503643,-28.22506912476605,9.556,9.42473,225635,297.85538,-28.22509,HD 187536,0,BCEP,,9.46,,V,Y,,0.013,,V,,,,0.218068,,B3II,B
0.100324,4203391652582474752,145846445,281.85074888102105,-9.308218500674274,8.777,9.14093,7179075,281.85077,-9.3082,Gaia DR3 4203391652582474752,0,BCEP,,9.13,,G,,,9.16,,G,,,,,,B,
0.100514,3429594302836540544,78887878,89.53376085399,25.50139935529,10.825,11.2409,78627,89.53379,25.50139,ASAS J055808+2530.1,0,EC|ESD,,11.38,,V,Y,,0.22,,V,2452623.55,,,1.8542,,OB:,B
0.10053,5337243678528174848,467095041,167.74988398744767,-61.16938291165949,9.203,9.89805,4679732,167.74994,-61.16939,Gaia DR3 5337243678528174848,0,BE|GCAS|SDOR|WR,,9.85,,G,,,9.96,,G,,,,,,O,
0.100535,3113457634378647808,257065501,102.28440145817724,0.0894491172286399,8.908,8.98741,55637,102.28442,0.08947,NSV 17202,0,GCAS,,8.94,,V,,,9.15,,V,,,,,,B0.5Vnn,B
0.100559,2060740946627370240,312242985,303.44383383690587,37.29996520179959,8.6,8.73941,9952795,303.44385,37.29999,Gaia DR3 2060740946627370240,0,DSCT|GDOR|SXPHE,,8.71,,G,,,8.77,,G,,,,0.6367,,B,
0.100625,2060525304904417792,312637783,303.50962805613284,36.801923735476734,9.635,9.78531,9952519,303.50964,36.80195,Gaia DR3 2060525304904417792,0,BCEP,,9.76,,G,,,9.81,,G,,,,,,B,
0.100629,2164475809937299584,136719100,317.78601080421,47.16828205278,9.538,10.1908,52217,317.78601,47.16831,V2578 Cyg,0,CWB:,,10.35,,R1,,,10.6,,R1,2451362.7,,,1.7659,,,B
0.10092,5337543359831512064,467880293,169.58582436168672,-60.598173692802185,9.345,9.31713,4701769,169.58588,-60.59818,Gaia DR3 5337543359831512064,0,BCEP,,9.29,,G,,,9.34,,G,,,,,,B,
0.10103,1836722908515284352,244453774,301.26164540668,27.39821510606,10.221,10.9533,7645822,301.26166,27.39824,Gaia DR3 1836722908515284352,0,BCEP,,10.91,,G,,,10.99,,G,,,,,,O,
0.101158,2060892644866832512,312630206,303.51374153713414,37.7583259893728,9.366,9.50969,7689687,303.51376,37.75835,Gaia DR3 2060892644866832512,0,BCEP,,9.43,,G,,,9.57,,G,,,,0.1643477,,B,
0.101213,4146592707257808384,114970688,274.74454690263747,-13.991247305141098,6.149,8.15265,34917,274.74454,-13.99122,QR Ser,0,EB:,,8.25,,Hp,,,8.41,,Hp,2448502.209,,,4.0161,,B1Ib/II,B
0.101287,5350306426409875200,459026773,161.52369864130654,-59.84704102625344,9.157,9.76313,621740,161.52374,-59.84706,HD 305525,0,ELL,,9.98,,V,,,10.01,,V,2453450.6,,,1.9018,,O5.5V((f))z+O7.5V+B,B
0.101368,5337760169781174272,467640226,168.81030502840684,-60.164646701161125,7.766,7.70758,167289,168.81036,-60.16464,V0831 Car,0,EA:,,7.7,,V,,,7.8,,V,2451908.74,,,14.758,,B1/2II/IIIn,B
0.101501,5979821702816425472,46282359,258.0764783716897,-33.100875167685494,9.2,9.32733,105041,258.07645,-33.10086,V1452 Sco,0,BCEP,,9.42,,V,,,9.52,,V,2451938.297,,,0.1807755,,B1/2Ib,B
0.101506,6060330491115099008,253190486,195.23863751541344,-57.504969939644575,9.771,9.82382,5031673,195.23869,-57.50497,Gaia DR3 6060330491115099008,0,ACV|roAm|roAp|SXARI,,9.8,,G,,,9.84,,G,,,,,,B,
0.101629,5351137485406229248,458831281,160.99788804133067,-57.685044955008905,8.688,8.65446,225477,160.99794,-57.68505,HD 93113,0,BCEP,,8.71,,V,Y,,0.007,,V,,,,0.179359,,B1/2II/III,B
0.101712,5592037940410767872,148660950,114.83758205105052,-32.518031799535265,9.626,9.72591,84234,114.83758,-32.51806,ASAS J073921-3231.1,0,ESD,,9.77,,V,Y,,0.22,,V,2451869.37,,,2.2496,,B1:Vnnp,B
0.101861,5869546428991037312,449517017,200.4011323564851,-60.52077138746885,9.493,9.52119,7903,200.40117,-60.52075,V0606 Cen,0,EB/KE,,9.4,,V,,,10.25,,V,2427952.354,,,1.495093,,B1/2Ib/II,B
0.101907,5255357378247767424,464743397,156.99980170540343,-58.96400653403817,9.624,9.92089,4547727,156.99985,-58.96402,Gaia DR3 5255357378247767424,0,BE|GCAS|SDOR|WR,,9.9,,G,,,9.95,,G,,,,,,O,
0.101998,5338533989800815104,304893603,165.58251680268586,-59.8079006711769,9.431,9.55942,4653002,165.58257,-59.80791,Gaia DR3 5338533989800815104,0,BCEP,,9.54,,G,,,9.59,,G,,,,,,B,
0.102052,5332695338190693760,325237845,177.3746985648805,-64.62248050356908,8.556,9.78011,273806,177.37476,-64.62247,ASAS J114930-6437.4,0,VAR,,9.478,,Ic,Y,,0.155,,Ic,,,,,,Be,B
0.102057,3034153021768177536,6780465,113.29683432416,-11.61172383071,9.074,8.98119,410891,113.29685,-11.6117,ASAS J073311-1136.7,0,MISC,,8.934,,Ic,Y,,0.284,,Ic,2454502.2,,,729.0,,Be,B
0.102346,5255445270457696640,464072693,155.28668889879,-59.17554892752,9.903,10.157,4524541,155.28674,-59.17556,Gaia DR3 5255445270457696640,0,DSCT|GDOR|SXPHE,,10.13,,G,,,10.18,,G,,,,0.0745399,,B,
0.102352,2061286682345952640,12673900,304.90345706465644,38.589053427411216,10.164,10.5499,7713220,304.90347,38.58908,Gaia DR3 2061286682345952640,0,E,,10.51,,G,,,10.63,,G,,,,1.91022,,B,
0.102472,5878638565442923648,388112818,217.21192702361893,-60.540321463054525,8.156,8.50265,305527,217.21198,-60.54031,HIP 70808,0,SPB:,,8.6,,V,,,8.66,,V,2452666.86,,,3.4376,,B1IIIn,B
0.102514,5350350303799853056,458857427,161.0014857243859,-59.87430170401285,6.622,7.95429,56932,161.00154,-59.87431,V0661 Car,0,EA,,8.07,,V,,,8.28,,V,2453131.619,,,23.9438,,O6III(f),B
0.102576,2175229725156237696,342758031,326.96299174805,57.18890867604,10.159,10.6145,359069,326.96304,57.18892,BD+56 2647,0,DSCT,,10.57,,Rc,,,10.61,,Rc,2456633.2971,,,0.16728,,,
0.102581,5351451258533646848,457975630,158.73313303488862,-58.18671589324591,8.873,9.00895,683747,158.73318,-58.18673,HD 91850,0,ELL:,,9.06,,V,,,9.11,,V,2453813.85,,,2.0621,,B0/1(III),B
0.102969,2004595622298541696,430460842,332.70723934661,53.2646049382,9.828,9.90483,8076334,332.70728,53.26462,Gaia DR3 2004595622298541696,0,BCEP,,9.88,,G,,,9.92,,G,,,,,,B,
0.103749,5255422077627175552,464259862,155.9789787291154,-59.51327759302739,8.154,8.24038,56831,155.97903,-59.51329,NSV 18396,0,ACYG:,,8.34,,V,,,8.38,,V,,,,,,B1Ib,B
0.104015,5350473071140641152,459325631,162.26352413903396,-58.8954385719622,8.095,8.71533,250327,162.26358,-58.89544,HD 93890,0,VAR,,9.09,,V,,,,,,,,,,,B1Ia/Iab,B
0.104406,4265884393158996224,227743418,284.51994046188,0.36919856682,9.932,10.6747,113425,284.51996,0.36922,ASAS J185805+0022.1,0,ESD,,11.08,,V,Y,,0.17,,V,2451980.8,,,4.02474,,,B
0.104583,6056829577420029568,253177684,195.1884242808944,-59.598196990382206,10.057,10.2172,5031027,195.18848,-59.59819,Gaia DR3 6056829577420029568,0,BE|GCAS|SDOR|WR,,10.1,,G,,,10.26,,G,,,,,,B,
0.104662,1826129869905715072,378429048,295.43451774446527,21.4842895951284,9.314,9.57789,7520511,295.43454,21.48431,Gaia DR3 1826129869905715072,0,BCEP,,9.57,,G,,,9.6,,G,,,,0.1532459,,B,
0.104819,5337611151596697728,467283255,168.28035292872391,-61.11390181450902,9.433,9.48793,225493,168.2804,-61.11392,HD 97629,0,BCEP,,9.53,,V,Y,,0.027,,V,,,,0.1931032,,B3/5Ib/II,B
0.105045,5334813964002558976,324270436,176.82568030029873,-62.43617939482584,8.594,8.48244,273778,176.82574,-62.43617,ASAS J114718-6226.1,0,VAR,,8.506,,Ic,Y,,0.049,,Ic,,,,,,B0.5II,B
0.105148,5234871105786165120,401881979,168.1463325917744,-68.00663643374764,8.157,8.06229,10412029,168.14641,-68.00664,Gaia DR3 5234871105786165120,0,BCEP,,8.05,,G,,,8.08,,G,,,,,,B,
0.105555,4041119511843371392,110625688,266.34843777219373,-35.40989757513839,9.772,9.98881,9227086,266.34845,-35.40987,Gaia DR3 4041119511843371392,0,E,,9.97,,G,,,10.13,,G,,,,2.85876,,B,
0.105751,5547742052903182080,145408079,122.60782238953,-32.52136133421,10.279,11.0606,86075,122.60783,-32.52139,V0731 Pup,0,DCEP,,11.1,,V,,,11.8,,V,2454884.7901,,,5.4647817,,,B
0.106092,5258084923000086528,462906547,152.32254391673166,-59.241642307293205,9.788,9.87401,4184473,152.32259,-59.24166,Gaia DR3 5258084923000086528,0,ACV|roAm|roAp|SXARI,,9.86,,G,,,9.88,,G,,,,,,B,
0.106269,3026751487445091840,139783833,112.30592933996,-18.15211475185,10.136,10.4021,83597,112.30596,-18.15211,ASAS J072914-1809.1,0,ESD,,10.38,,V,Y,,0.26,,V,2451869.9,,,5.9844,,,B
0.106463,5259199621617104128,461873432,149.7286008474,-57.72804636922,9.58,10.9929,4149306,149.72865,-57.72806,Gaia DR3 5259199621617104128,0,BE|GCAS|SDOR|WR,,10.81,,G,,,11.03,,G,,,,3.26486,,B,
0.10665,2061131715608660736,13973539,305.76197183839,38.45576401213,8.872,9.17097,9953242,305.76199,38.45579,Gaia DR3 2061131715608660736,0,BCEP,,9.15,,G,,,9.19,,G,,,,0.285489,,B,
0.106695,5350323743720932352,459332381,162.24561412403378,-59.685870890548735,9.458,9.63653,4613955,162.24567,-59.68588,Gaia DR3 5350323743720932352,0,BCEP,,9.62,,G,,,9.66,,G,,,,,,B,
0.106748,2061239948782076288,14212879,305.8688646520312,39.3497006374846,9.341,10.0281,9953334,305.86887,39.34973,Gaia DR3 2061239948782076288,0,E,,9.99,,G,,,10.06,,G,,,,1.23538,,B,
0.106753,5332962626948476544,303875170,177.54606836928,-63.65290854622,8.54,10.3899,7647,177.54613,-63.65292,V0350 Cen,0,EA/KE:,,10.35,,V,,,10.83,,V,2453142.583,,,3.216917,,OB,B
0.106799,6056826175797002368,253177102,195.0995016452406,-59.68544354008259,9.272,9.52293,411905,195.09956,-59.68544,ASAS J130024-5941.1,0,GCAS,,9.53,,V,,,9.78,,V,,,,,,B1.5IVe,B
0.106802,5253659762328819200,390098366,160.1985567497059,-61.60034455011581,9.134,9.02549,432886,160.19861,-61.60036,GDS_J1040477-613601,0,BE,,9.04,,V,,,9.17,,V,,,,,,B8,B
0.106818,5337509897800804352,281648563,170.53410070321917,-60.58679430972223,9.746,9.92049,4712941,170.53416,-60.5868,Gaia DR3 5337509897800804352,0,BE|GCAS|SDOR|WR,,9.87,,G,,,9.99,,G,,,,1.76032,,B,
0.106989,2005033949480207616,343119937,334.49113977883,54.46729164721,10.337,10.4285,16665,334.49118,54.46731,AW Lac,0,EB/KE,,10.6,,pg,,,11.3,,pg,2426624.222,,,1.1428498,,A0,B
0.107228,2061487411925673984,274076553,304.8120993369941,39.80550177090588,9.128,9.97365,7711731,304.81213,39.80552,Gaia DR3 2061487411925673984,0,E,,9.91,,G,,,10.03,,G,,,,4.25873,,O,
0.10726,4253174107540208896,163734289,280.99768972216,-6.50878195016,10.136,10.8044,7150496,280.99771,-6.50876,Gaia DR3 4253174107540208896,0,RS,,10.78,,G,,,10.83,,G,,,,,,B,
0.107302,5814122315506225792,304844648,260.80251968764,-63.8965566556,11.507,11.9384,2946,260.80255,-63.89653,DU Ara,0,CWB,,11.73,,V,,,12.46,,V,2454879.8,,,1.63959,,,B
0.107416,2061947282674980352,42721070,302.45410598414503,38.82406675742983,10.835,11.1239,7670165,302.45413,38.82409,Gaia DR3 2061947282674980352,0,DSCT|GDOR|SXPHE,,11.1,,G,,,11.13,,G,,,,,,B,
0.107459,5891313563729348480,412032557,219.23146558346,-58.26145857653,8.857,9.69786,45352,219.23151,-58.26144,V1210 Cen,0,DCEP(B),,9.75,,V,,,10.35,,V,2452082.85,,,4.317,,,B
0.107696,2061531358019903360,42365645,302.321722596966,37.50216944929392,9.523,9.60309,2388867,302.32175,37.50219,TIC 42365645,0,EA+BCEP,,9.64,,V,,,9.67,,V,2456001.131,,,1.50626,,B2III,
0.10774,5983671440925716224,215655563,242.50390087235,-49.09010338851,9.649,11.3769,356815,242.50386,-49.09009,[HHR2012] J161000.9-490524,0,VAR,,11.4,,r,Y,,0.22,,r,,,,,,,B
0.107858,5350494202381420416,459001907,161.39939321898416,-59.06586212998437,9.757,10.3031,4604290,161.39944,-59.06588,Gaia DR3 5350494202381420416,0,RS,,10.28,,G,,,10.35,,G,,,,,,O,
0.108207,183262754127654528,2939367,82.04038488083,35.28166096903,9.336,9.57954,40622,82.04042,35.28167,NSV 1998,2,,,9.9,,V,,,,,,,,,,,Be?,B
0.10835,5854634126367279872,336660284,215.0376382023857,-61.08185587300706,7.649,7.83269,58515,215.03767,-61.08183,NSV 20080,0,GCAS,,7.89,,V,,,7.95,,V,,,,,,O9.5V,B
0.10853,196996680850087936,440340055,89.09954901856109,46.104741152503415,11.273,11.2,55168,89.09958,46.10472,NSV 16733,0,ZZLep,,11.59,,V,,,,,,,,,0.21,,Of(H),B
0.108718,3429519531748056576,79241923,89.97314433268572,25.08861935115592,8.787,8.97395,55182,89.97312,25.08864,NSV 16747,0,BE,,8.96,,V,,,9.25,,V,,,,,,B2Vnep,B
0.108766,6095832381546853888,242416400,213.7442464982508,-46.28869302596389,10.064,9.93734,8118,213.74429,-46.28869,V0821 Cen,0,PVTELII,,9.94,,V,,,10.03,,V,,,,,,B3p,B
0.108839,5328797401980675968,29945178,133.56361754098205,-47.491919537699,9.122,9.50818,411174,133.56366,-47.49191,ASAS J085415-4729.5,0,MISC,,8.953,,Ic,Y,,0.115,,Ic,2458556.1,,,2197.0,,B0.5IV,B
0.108992,5240804345428330240,466592679,166.47088483774,-63.77947063376,11.575,11.6134,4664040,166.47095,-63.77948,Gaia DR3 5240804345428330240,0,VAR,,11.53,,G,,,11.69,,G,,,,0.1807161,,B,
0.109111,1934938537001944960,155113877,345.68811881639465,44.05872379187964,6.441,6.37858,262,345.68814,44.05875,LN And,0,SPB:,,6.37,,V,,,6.4,,V,2448507.5,,,3.2506,,B2V,B
0.109372,5862544459694104704,442802752,198.16872697423764,-62.4215684631078,9.495,10.054,5071295,198.16879,-62.42156,Gaia DR3 5862544459694104704,0,BE|GCAS|SDOR|WR,,10.02,,G,,,10.09,,G,,,,,,B,
0.109444,2059863536357618816,40479710,301.0675450018933,36.265367241030674,9.414,9.45942,2224891,301.06757,36.26539,CzeV3835,0,GDOR,,9.53,,g,,,9.55,,g,2458728.597,,,1.23198,,,
0.109494,2064140219938660608,15674477,307.0489748851131,38.67294984829358,9.481,10.2641,7749457,307.04898,38.67298,Gaia DR3 2064140219938660608,0,E,,10.24,,G,,,10.3,,G,,,,1.30839,,B,
0.109515,1862325719653172736,161444020,309.15479701055824,30.78985686136292,9.043,9.16529,7782297,309.15482,30.78988,Gaia DR3 1862325719653172736,0,BCEP,,9.15,,G,,,9.18,,G,,,,,,B,
0.109648,5861692376930050304,439173767,195.48338932629704,-64.62689324466606,8.872,9.01518,7315,195.48346,-64.62689,RZ Cen,0,EB/KE:,,8.95,,V,,,9.6,,V,2429342.942,,,1.8759517,,B2V,B
0.109714,5337626514737970176,467279235,168.19915950591587,-60.73798262332421,8.569,8.78184,683772,168.19922,-60.73799,HD 97581,0,ELL,,8.84,,V,,,8.89,,V,2454571.91,,,3.93616,,B1III,B
0.109783,2013448099637948672,367761682,344.03559453749,58.88751055474,7.323,7.99566,8807,344.03564,58.88753,V0455 Cep,0,ACYG,,8.48,,Hp,,,8.53,,Hp,2448501.013,,,1.6299,,B9Ia,B
0.109811,3126009723543317376,234009943,100.66893627116708,1.7161891803304483,7.84,7.88226,41801,100.66896,1.71617,NSV 3177,1,,,7.84,,V,,,7.97,,V,,,,,,O8V,B
0.110074,5521032952654216448,82465594,124.46450372642232,-43.54547607863785,9.573,9.52757,3757641,124.46453,-43.5455,Gaia DR3 5521032952654216448,0,ACV|roAm|roAp|SXARI,,9.52,,G,,,9.57,,G,,,,,,B,
0.11009,5338644937391267968,306386296,166.64392441851822,-58.92010942267863,9.602,9.63485,10430182,166.64398,-58.92012,Gaia DR3 5338644937391267968,0,BCEP,,9.61,,G,,,9.66,,G,,,,,,B,
0.110168,5326931801314365312,401588029,135.58983428725,-48.69844048343,9.435,10.0438,3953215,135.58987,-48.69846,Gaia DR3 5326931801314365312,0,BE|GCAS|SDOR|WR,,10.02,,G,,,10.06,,G,,,,,,O,
0.110259,2058844804458573952,91701376,302.24308846623546,35.473270848319544,10.985,11.04,7666154,302.2431,35.4733,Gaia DR3 2058844804458573952,0,BCEP,,11.01,,G,,,11.07,,G,,,,0.424585,,B,
0.110751,3426911971201838464,81972427,92.9696411198014,25.98355420734984,10.38,10.4429,618826,92.96962,25.98353,EPIC 202062206,1,VAR,,10.5,,Kp,Y,,0.017,,Kp,,,,1.80786,,,B
0.111043,5312318402746795776,296564787,141.59294724688849,-52.97783012597222,9.455,9.51438,89414,141.59296,-52.97786,ASAS J092622-5258.7,0,ED,,9.58,,V,Y,,0.14,,V,2451869.97,,,2.3153,,B1V,B
0.111482,4198024528325070592,6800200,288.22083405262896,-12.582900713512489,9.369,9.37493,7359562,288.22083,-12.58287,Gaia DR3 4198024528325070592,0,BCEP,,9.36,,G,,,9.39,,G,,,,,,B,
0.111579,252878401557369088,410336237,70.24720739300419,44.53034418647852,9.946,10.4329,251644,70.24717,44.53036,LS V +44 17,0,HMXB/XP+GCAS,,10.53,,V,,,10.85,,V,,,,155.0,,B0.2Ve,B
0.111712,2180981923316189312,277006982,306.4459875798172,50.7846923956332,10.366,10.4983,7739466,306.44601,50.78472,Gaia DR3 2180981923316189312,0,BCEP,,10.48,,G,,,10.51,,G,,,,,,B,
0.111915,5254147503170937472,464877141,159.92184880235934,-60.62103193324239,10.662,10.7468,4585880,159.92191,-60.62104,Gaia DR3 5254147503170937472,0,BCEP,,10.73,,G,,,10.77,,G,,,,,,B,
0.112112,5333592367876976512,319936471,174.38306065717714,-63.3476884855964,7.331,9.20877,7568,174.38313,-63.34769,LW Cen,0,EB+GCAS,,8.83,,V,,,9.4,,V,2453537.075,,,1.002591,,B1.5Ve,B
0.11215,5859147488560637696,443262289,198.96377855028985,-63.88426545398173,8.78,8.74107,44781,198.96384,-63.88425,V1166 Cen,0,EA,,8.77,,V,,,8.98,,V,2451955.858,,,13.4197,,B1/2V,B
0.112192,2006230218128669952,422016001,335.07979468354,56.38780573019,8.815,10.056,52749,335.07983,56.38783,NSV 14125,0,SPBe,,10.12,,V,,,10.24,,V,2459871.44,,,0.7869,,B1IV:pe,B
0.112215,5255410184833998592,464738620,156.89931347194016,-58.39068031442852,9.272,9.37697,172651,156.89937,-58.39069,V0713 Car,0,EA,,9.45,,V,,,9.64,,V,2452703.7,,,3.12881,,B2V,B
0.11225,5865440405843492736,323082644,206.5185241214213,-62.47082671418404,8.557,9.99295,5196353,206.51859,-62.47082,Gaia DR3 5865440405843492736,0,ACV|roAm|roAp|SXARI,,9.98,,G,,,10.03,,G,,,,,,B,
0.112295,5341103307932981888,304644439,165.30711837928,-55.58251896746,9.604,9.63839,4649587,165.30717,-55.58253,Gaia DR3 5341103307932981888,0,BCEP,,9.6,,G,,,9.65,,G,,,,,,B,
0.112312,4156366708493256448,217725064,278.4439369068,-8.90605633016,10.384,11.2235,455532,278.44391,-8.90604,GDS_J1833465-085421,0,VAR,,11.49,,r,Y,,0.42,,r,,,,,,OB:e,B
0.11258,5878661723932257408,390596947,217.56848653671,-60.38654673346,9.991,10.2789,442800,217.56854,-60.38653,GDS_J1430164-602311,0,EW:,,10.38,,V,,,10.5,,V,2452433.549,,,0.317968,,OB,B
0.11265,5325585694148814336,373003716,137.97262203481418,-50.48581010898866,10.388,10.4558,3985865,137.97266,-50.48583,Gaia DR3 5325585694148814336,0,DSCT|GDOR|SXPHE,,10.44,,G,,,10.47,,G,,,,1.317,,B,
0.112776,5340179958698030208,306845162,167.12474515675584,-58.43148925808708,8.477,8.43193,10457494,167.12479,-58.43151,Gaia DR3 5340179958698030208,0,BCEP,,8.41,,G,,,8.46,,G,,,,,,B,
0.112988,5331423722933241856,29122883,132.64912924881,-45.5489269371,9.608,9.68715,37621,132.64917,-45.54894,GW Vel,0,GCAS,,8.97,,V,,,9.5,,V,,,,,,B2Vne,B
0.112996,2060830419377577472,11480287,303.98654813985,37.50846928355,11.033,11.3997,11374,303.98654,37.5085,V0454 Cyg,0,EB/SD,,11.8,,pg,,,13.2,,pg,2428725.469,,,2.3168937,,B5,B
0.113161,2005653524280214400,328546890,331.98428755192987,54.518432170802825,9.57,9.7386,230995,331.98434,54.51844,V1008 Cep,0,HMXB,,9.7,:,V,,,9.9,:,V,,,,19.12,:,O9.5Ve,B
0.113342,5337249828921901312,467094468,167.77560557372638,-61.11792478218885,8.307,8.46201,43742,167.77567,-61.11792,NSV 5118,1,,,8.5,,V,,,8.67,,V,,,,,,O9.5Ib,B
0.113557,5351429852414472576,457764782,158.17343939371096,-58.462412843498825,9.883,9.9553,4563114,158.17349,-58.46243,Gaia DR3 5351429852414472576,0,BCEP,,9.94,,G,,,9.97,,G,,,,,,B,
0.113791,1827317411197904896,424048289,299.70203761244,23.08929917686,11.052,11.2334,629995,299.70203,23.08933,HD 345439,0,SXARI/E,,11.29,,V,,,11.36,,V,2458650.7041,,,0.770153,,B2Ve,B
0.113804,5616530558355526144,106407886,109.803175185483,-24.955688256013403,6.983,6.77578,5439,109.80321,-24.95569,MX CMa,0,EB,,6.73,,V,,,6.81,,V,2448501.674,,,2.48599,,B2V,B
0.11385,5351752833948153600,464635983,156.8259837319793,-57.10686079640644,8.932,9.17372,431942,156.82603,-57.10688,GDS_J1027182-570624,0,EA,,9.22,,V,,,9.33,,V,2451906.72,,,7.3546,,B0V,B
0.113929,5338434277835273984,459675351,163.29309092618,-59.24100057885,9.781,9.84749,4626406,163.29315,-59.24101,Gaia DR3 5338434277835273984,0,BCEP,,9.83,,G,,,9.88,,G,,,,,,B,
0.113978,5337894486338613888,466353921,165.79028744587606,-61.7687403943775,7.394,8.95388,411546,165.79034,-61.76876,ASAS J110310-6146.1,0,GCAS,,8.64,,V,,,9.02,,V,,,,,,B2Vnne,B
0.114057,5970540931315766656,342694097,254.468539078532,-37.99656167406175,7.173,7.28099,33699,254.46854,-37.99653,V0883 Sco,0,EA,,7.34,,V,,,7.66,,V,2457579.114,,,4.34119,,B2.5Vn,B
0.114308,5254070090673438592,390542554,160.59590755007,-61.16590080734,9.416,10.0814,5921,160.59596,-61.16592,EY Car,0,DCEP(B),,10.01,,V,,,10.56,,V,2451891.71,,,2.87598,,,B
0.114711,3424998997067394944,45909257,93.06289893483,22.324437289,10.719,11.1857,614334,93.06287,22.32442,EPIC 202062496,1,VAR,,11.4,,Kp,Y,,0.003,,Kp,,,,9.90151,,,B
0.114798,5596601154188852352,144632645,121.58947099704,-30.09687032198,8.808,9.60082,26693,121.5895,-30.09689,BN Pup,0,DCEP,,9.17,,V,,,10.45,,V,2455135.6176,,,13.6727,,G4,B
0.115033,5350383667107695744,458860766,161.2344077296408,-59.550964979933376,8.977,10.398,4602262,161.23447,-59.55097,Gaia DR3 5350383667107695744,0,BCEP,,10.38,,G,,,10.41,,G,,,,,,O,
0.115054,5940781588288163456,15795988,247.65258228285,-48.71136452037,9.58,11.1215,449404,247.65263,-48.71137,GDS_J1630366-484240,0,VAR,,11.15,,r,Y,,0.09,,r,,,,,,em,B
0.115238,1999513542101583232,416544045,359.4486965426397,59.72010905920973,7.214,7.76365,7151,359.44876,59.72011,V0820 Cas,0,BE,,8.19,,Hp,,,8.27,,Hp,,,,,,B1Iab,B
0.115317,2058687643015188736,105633100,301.0263267566505,35.32444984487232,11.337,11.6243,7640941,301.02634,35.32448,Gaia DR3 2058687643015188736,0,DSCT|GDOR|SXPHE,,11.6,,G,,,11.62,,G,,,,,,B,
0.115393,5241675364765181696,466156210,165.1648945275476,-62.61394902561297,9.606,9.54535,225487,165.16496,-62.61396,HD 95568,0,BCEP,,9.56,,V,Y,,0.034,,V,,,,0.1625394,,O9/B0V,B
0.115458,5241989408466448000,464977196,161.99793628213564,-61.99667844304753,9.489,9.28757,4611116,161.998,-61.99669,Gaia DR3 5241989408466448000,0,BE|GCAS|SDOR|WR,,9.11,,G,,,9.34,,G,,,,,,B,
0.115594,2028593288240985216,435725796,297.5346763622176,28.133625576690424,10.283,10.6212,7566578,297.5347,28.13365,Gaia DR3 2028593288240985216,0,BE|GCAS|SDOR|WR,,10.45,,G,,,10.73,,G,,,,2.02047,,B,
0.115797,5254407262783529472,460720215,158.3761880979353,-60.12778083140881,8.954,8.8118,225473,158.37625,-60.12779,HD 91651,0,BCEP,,8.85,,V,Y,,0.011,,V,,,,0.135341,,O8/9V,B
0.115835,5944176124334692864,224802820,246.7364249017867,-43.79922198117268,7.762,7.82507,20308,246.73642,-43.79919,V0348 Nor,0,BCEP,,7.95,,V,Y,,0.022,,V,,,,0.144921,,B1/2II/III,B
0.115979,2007534376355668736,415165528,337.2364862691231,56.603229449605394,9.029,9.25877,305820,337.23651,56.6032,HIP 110967,0,VAR,,9.36,,V,Y,,0.019,,V,,,,1.80437,,B3II,B
0.116775,5337747731560719616,306492084,166.80799982116994,-59.87309817392416,7.231,7.33667,683767,166.80806,-59.87311,HD 96670,0,EA,,7.41,,V,,,7.45,,V,2448012.06,,,5.284,,O7V(f)n,B
0.117155,5351428886020311424,457764895,158.28920371807,-58.47802610119,8.63,8.71272,621636,158.28926,-58.47804,HD 302978,0,BE:,,8.74,,V,,,8.81,,V,,,,,,B5,B
0.117443,5336487145809672320,452107356,173.37347780228345,-59.49350179310084,9.619,9.71424,4746416,173.37354,-59.49351,Gaia DR3 5336487145809672320,0,BCEP,,9.69,,G,,,9.73,,G,,,,0.1335493,,B,
0.117569,1960981328902089088,331224359,330.10475637179,43.44535204904,8.004,8.65982,16674,330.1048,43.44536,BG Lac,0,DCEP,,8.51,,V,,,9.18,,V,2435315.273,,,5.331908,,F7-G4,B
0.117731,5331979594778332416,447918637,135.67447731473317,-42.71157780311919,9.609,9.54085,3954413,135.67451,-42.7116,Gaia DR3 5331979594778332416,0,ACV|roAm|roAp|SXARI,,9.52,,G,,,9.56,,G,,,,,,B,
0.11792,461398960703453824,251322835,44.21813480299621,59.088927445871015,8.485,8.87822,305137,44.2181,59.0889,HIP 13736,0,VAR,,9.06,,V,Y,,0.026,,V,,,,0.73617,,B0II-III,B
0.118095,5865188377280611968,449459169,200.14772709764,-63.41206338613,8.684,9.00107,44811,200.1478,-63.41206,V1171 Cen,0,BE,,9.05,,V,,,9.32,,V,,,,,,B2/4III/IVe,B
0.118107,5935065364770541312,410108813,243.66837031393,-50.80628019165,9.87,10.1208,462278,243.66835,-50.80625,GDS_J1614404-504822,0,VAR,,10.07,,r,Y,,0.2,,r,,,,,,B2:V,B
0.118187,2061291595788070656,12672792,304.8850825923865,38.73163867429083,7.378,7.74867,11364,304.88507,38.73167,V0444 Cyg,0,EA/WR,,7.92,,V,,,8.22,,V,2441164.332,,,4.212424,,O6+WN5.5,B
0.118252,4305399191770339840,209640310,297.7538924272,13.97097192569,9.169,9.84221,1169,297.75391,13.971,TW Aql,0,SRD,,9.9,,V,,,11.4,,V,2427588.0,,,64.6,,G0-K0,B
0.118728,5597963311659549440,153274825,120.67514065886006,-27.539489731286864,9.321,9.19071,10429626,120.67517,-27.53951,Gaia DR3 5597963311659549440,0,ACV|roAm|roAp|SXARI,,9.17,,G,,,9.21,,G,,,,,,B,
0.119126,2061804999006035968,41327931,301.70639294004445,38.02757468922576,9.802,9.89888,7655076,301.70642,38.0276,Gaia DR3 2061804999006035968,0,BCEP,,9.89,,G,,,9.91,,G,,,,,,B,
0.11929,5337424857437697152,467479113,168.622632648,-61.05595403804,9.159,9.45331,621644,168.6227,-61.05596,HD 306196,0,GCAS,,9.52,,V,,,9.75,,V,,,,,,B0:Vne,B
0.119503,5527324946602623360,82217886,124.32338499006116,-42.521509116540535,7.004,7.07023,27033,124.32342,-42.52153,V0431 Pup,0,EA,,7.13,,V,,,7.25,,V,2452944.8168,,,9.35928,,B1III:,B
0.119849,5522132983981276416,28555389,131.4712734082,-45.29393888831,10.003,10.4954,3890289,131.47131,-45.29396,Gaia DR3 5522132983981276416,0,BCEP,,10.48,,G,,,10.51,,G,,,,,,B,
0.119957,5338218670477872896,465734318,164.0161055130655,-60.49376992227813,9.141,9.01909,56997,164.01617,-60.49378,NSV 18562,0,GCAS,,8.9,,V,,,9.14,,V,,,,,,B3(V)eshell,B
0.120101,5944076481085129984,225635770,247.32981342449,-44.47064077853,8.963,9.4803,5909253,247.32985,-44.47062,Gaia DR3 5944076481085129984,0,BE|GCAS|SDOR|WR,,9.45,,G,,,9.51,,G,,,,,,B,
0.120183,2185955491136420480,233823777,303.54441890001027,54.74433651217692,9.051,8.94947,7690157,303.54446,54.74436,Gaia DR3 2185955491136420480,0,SPB,,8.93,,G,,,8.97,,G,,,,3.76619,,B,
0.120527,4313340105290886912,223006197,285.64841470805,11.24905751543,9.457,10.1563,7291393,285.64844,11.24908,Gaia DR3 4313340105290886912,0,BE|GCAS|SDOR|WR,,10.08,,G,,,10.2,,G,,,,,,O,
0.120547,1806841446648102912,86299451,301.88147180977,14.40287061578,9.619,9.55908,683931,301.8815,14.40289,HD 354861,0,EB,,9.57,,V,,,9.7,,V,2499999.99999,,,2.2541,,B3,B
0.120746,5942640553177962880,234644092,251.03707253815267,-47.317923156837615,10.016,10.0024,103508,251.03708,-47.31789,V0898 Ara,0,BCEP,,10.02,,V,,,10.17,,V,2451931.276,,,0.202068,,B0.5III,B
0.120951,2028715741997466496,435618806,297.35385867263034,28.935782064085025,9.61,9.94921,7562670,297.35388,28.93581,Gaia DR3 2028715741997466496,0,BE|GCAS|SDOR|WR,,9.92,,G,,,9.97,,G,,,,,,B,
0.120952,1862468042000453376,161714192,309.55885095951,31.29467060469,10.247,10.5507,7788265,309.55887,31.2947,Gaia DR3 1862468042000453376,0,BCEP,,10.48,,G,,,10.61,,G,,,,0.220421,,B,
0.121086,5254818651922922624,378726058,155.52714979621317,-60.18690465693492,8.94,8.82689,225469,155.52721,-60.18692,HD 90075,0,BCEP,,8.87,,V,,,8.9,,V,,,,0.244185,,B0.5IIIn,B
0.121315,5233454281969482240,410492272,176.83594381805514,-70.41618981137277,8.958,8.97757,225505,176.83604,-70.41618,HD 102505,0,BCEP,,9.02,,V,Y,,0.027,,V,,,,0.2104922,,B1IV,B
0.12135,5864726788439265024,299953878,208.2350092805416,-62.72063807038717,6.13,7.7182,45096,208.23505,-62.72061,NSV 6472,0,GCAS,,7.4,,V,,,8.3,,V,2454630.0,,,,,O9.5Ve,B
0.121581,5521672799702366080,141497319,129.74528665689803,-46.22707533219625,8.837,8.93333,426943,129.74532,-46.2271,GDS_J0838588-461337,0,ELL,,8.96,,V,,,9.08,,V,2452212.86,,,2.80945,,B1V,B
0.121615,5849849949480931968,400700797,220.0731343909821,-64.83351036401437,8.712,8.851,2388992,220.07321,-64.8335,TIC 400700797,0,ACYG,,8.96,,V,Y,,0.03,,TESS,2459343.378,,,0.8461,,B1Ia/Iab,
0.121637,5255175718326151168,457628302,157.77666913502284,-59.870585569503845,9.726,9.56888,4557892,157.77673,-59.8706,Gaia DR3 5255175718326151168,0,VAR,,9.54,,G,,,9.62,,G,,,,0.6,,B,
0.12168,5338588896667331200,304467979,165.30977443918255,-59.15017349431046,8.983,9.10945,433662,165.30984,-59.15017,GDS_J1101143-590900,0,GCAS,,9.11,,V,,,9.4,,V,,,,,,B2V,B
0.121743,506681213224331648,374971323,32.26028722232793,57.93221505602462,8.826,8.92451,39351,32.26033,57.93219,NSV 727,1,,,8.95,,V,,,8.97,,V,,,,,,O6.5V,B
0.121886,5863544023161862144,439665110,196.06306582486005,-61.315795946473166,9.1,10.0503,8175,196.06313,-61.31581,V0878 Cen,0,EA,,10.39,,V,,,11.12,,V,2454136.06,,,10.6033,,B1III,B
0.122146,5966047437774897024,225205533,257.92930559088,-41.13981214735,10.041,10.7366,452689,257.92932,-41.13978,GDS_J1711434-410823,0,VAR,,10.82,,r,Y,,0.13,,r,,,,,,,B
0.12252,2030315329599653888,281824182,299.14932062135784,29.71592747771961,10.703,11.0961,9934968,299.14935,29.71595,Gaia DR3 2030315329599653888,0,BCEP,,11.06,,G,,,11.11,,G,,,,,,B,
0.12263,5350570790231305600,458543434,160.2874007207539,-59.24776445699935,8.272,8.2151,4590529,160.28746,-59.24778,Gaia DR3 5350570790231305600,0,BCEP,,8.2,,G,,,8.23,,G,,,,,,B,
0.122924,5333346184695292288,321947833,175.7052793289519,-62.565269718582215,8.387,8.39359,225503,175.70535,-62.56528,HD 101838,0,EA+BCEP,,8.42,,V,Y,,0.021,,V,2452014.633,,,5.41166,,B0.5/1III,B
0.123092,5258253285702913664,462320181,151.0365611500807,-59.38129354730215,7.793,8.89377,225465,151.03662,-59.38131,HD 87592,0,BCEP,,8.96,,V,Y,,0.014,,V,,,,0.194127,,B1IV,B
0.123371,5351554470865961344,458140158,159.18909743146148,-57.80567205525457,9.771,9.84652,4576589,159.18916,-57.80568,Gaia DR3 5351554470865961344,0,BCEP,,9.83,,G,,,9.86,,G,,,,,,B,
0.123509,5951479321048654976,216151248,258.3833852412417,-45.45309938579673,8.887,9.32444,225585,258.38336,-45.45307,HD 155407,0,BCEP,,9.52,,V,Y,,0.058,,V,,,,0.1800941,,B2II,B
0.123708,465523778576137600,13764736,37.37693862118286,61.49559796764193,10.111,10.8216,6577,37.377,61.49558,KM Cas,0,SDOR:,,12.2,,pg,,,13.1,,pg,,,,,,B1eaI-II,B
0.123819,4314176421307879040,366426914,286.3902905111288,12.850051122217558,9.676,10.3399,9854914,286.39032,12.85007,Gaia DR3 4314176421307879040,0,RS,,10.3,,G,,,10.36,,G,,,,,,B,
0.123887,5693811309351756416,154678848,122.41593617982772,-27.43914284604485,9.114,9.04341,27023,122.41596,-27.43917,V0421 Pup,0,EA,,9.07,,V,,,9.21,,V,2448501.227,,,5.4166,,B1II,B
0.123942,5350814435144204032,458438308,160.07856919889,-57.86708818933,10.062,10.4323,4587843,160.07863,-57.8671,Gaia DR3 5350814435144204032,0,BCEP,,10.4,,G,,,10.46,,G,,,,0.234606,,B,
0.124125,5519210683933456384,81197067,122.91371985864748,-47.35180221844177,9.746,9.57899,3722835,122.91375,-47.35183,Gaia DR3 5519210683933456384,0,ACV|roAm|roAp|SXARI,,9.57,,G,,,9.6,,G,,,,,,B,
0.124281,6057890846653897472,383228890,183.9169198298476,-60.78389567323087,10.998,11.3078,4883687,183.91699,-60.7839,Gaia DR3 6057890846653897472,0,BCEP,,11.27,,G,,,11.33,,G,,,,,,B,
0.124333,5350301061972444416,458858080,161.30564300686927,-59.964931729739774,8.498,10.4623,56948,161.30571,-59.96494,NSV 18513,1,,,10.32,,V,,,10.56,,V,,,,,,B0.5:Vnn shell,B
0.124456,2027732164459898880,282737511,299.47449692471406,28.33087202471784,9.806,10.2046,7608740,299.47452,28.3309,Gaia DR3 2027732164459898880,0,DSCT|GDOR|SXPHE,,10.19,,G,,,10.23,,G,,,,0.31102,,B,
0.124781,5350376004884719232,458728948,160.87843100335718,-59.48995744392517,9.56,9.8522,135941,160.87849,-59.48994,V0725 Car,0,EA,,9.95,,V,,,10.16,,V,2452979.82,,,9.4109,,B0V(n),B
0.12494,5340501497118839424,303425964,164.10190082926994,-57.5513159798081,6.775,7.16085,6279,164.10196,-57.55133,V0526 Car,0,ACYG:,,7.38,,Hp,,,7.45,,Hp,,,,17.03,:,B0Ib,B
0.125278,5338194000183535872,465384125,163.31286682874423,-60.81476381123757,7.342,7.21685,43632,163.31293,-60.81478,NSV 5008,0,ACYG,,7.23,,V,,,7.31,,V,,,,,,B0.5Ib,B
0.126008,5351745755841719424,464730621,156.96470169175308,-57.33605664668504,9.018,9.29787,621729,156.96475,-57.33608,HD 90831,0,ELL,,9.39,,V,,,9.42,,V,2452680.68,,,2.10883,,B2III,B
0.126033,4316217488517639808,264515661,292.35962982954845,12.574061050503216,9.464,9.96804,9900306,292.35965,12.57409,Gaia DR3 4316217488517639808,0,BE|GCAS|SDOR|WR,,9.91,,G,,,10.04,,G,,,,,,B,
0.126433,2061664119757977344,43881045,303.0860765887981,38.00207650727872,9.243,9.35747,2225009,303.08609,38.00211,HD 228290,0,BCEP,,9.42,,V,,,9.45,,V,,,,0.140398,,B1II,
0.126714,5329568365796878464,270934336,132.08686327819,-46.91051516107,8.866,8.94949,37721,132.08691,-46.91053,OR Vel,0,GCAS,,8.79,,V,,,9.09,,V,,,,,,B2III/IVe,B
0.126842,5335328565457573120,304943076,178.42032021799574,-60.2669633939709,8.937,8.78543,225509,178.42039,-60.26697,HD 103320,0,BCEP,,8.82,,V,Y,,0.016,,V,,,,0.212214,,B2III,B
0.127095,2061246412730378880,12149905,304.4110404506246,38.11294343208605,10.838,11.1387,9953347,304.41107,38.11297,Gaia DR3 2061246412730378880,0,DSCT|GDOR|SXPHE,,11.11,,G,,,11.14,,G,,,,,,B,
0.127117,5835544375510084352,422192335,239.8488712614545,-58.72624463025188,6.893,6.97458,20321,239.84892,-58.72622,V0361 Nor,0,ACYG:,,7.1,,Hp,,,7.16,,Hp,,,,,,B1.5Ia,B
0.127216,5929845532075830784,170150046,252.7726973038561,-54.7317528178479,9.408,9.40764,413153,252.77272,-54.73172,ASAS J165105-5443.9,0,ESD|ED,,9.163,,Ic,Y,,0.156,,Ic,2452405.77,,,2.3709,,B2/3III,B
0.127469,3369124942879839232,438068992,95.7392753399,15.94346751883,10.419,10.7954,620227,95.73929,15.9435,EPIC 202061164,0,VAR,,10.9,,Kp,Y,,0.047,,Kp,,,,9.90151,,,B
0.127634,6071292518994796800,67417285,182.214685544641,-58.67037843435794,9.684,9.86516,4861591,182.21475,-58.67039,Gaia DR3 6071292518994796800,0,BCEP,,9.84,,G,,,9.88,,G,,,,,,O,
0.127652,5524138832481549824,29133583,132.63648417388,-42.55899631543,10.47,11.1234,3909715,132.63652,-42.55902,Gaia DR3 5524138832481549824,0,BE|GCAS|SDOR|WR,,11.11,,G,,,11.16,,G,,,,,,O,
0.12781,2003815312630659584,367691816,343.93723951653,56.47682634779,9.96,10.3729,225783,343.93726,56.47686,V0635 Lac,0,EA,,10.49,,V,,,10.92,:,V,2453969.3667,,,2.0217,,O5.5V(n)((fc))+B,B
0.127851,2079160064173143040,269267602,299.7924145149101,44.86243469919102,10.854,10.8416,612708,299.79242,44.86247,KID 8714886,0,VAR,,10.945,,Kp,Y,,0.01,,Kp,,,,1.525,,,B
0.128014,5338183692260642688,465555235,163.7974184623914,-60.85854286607495,8.641,9.75235,10535403,163.79749,-60.85855,Gaia DR3 5338183692260642688,0,BCEP,,9.74,,G,,,9.77,,G,,,,,,B,
0.128232,5337755466794994176,467448794,168.39882824117507,-60.29352794103054,9.8,10.1546,4687544,168.3989,-60.29353,Gaia DR3 5337755466794994176,0,BCEP,,10.12,,G,,,10.18,,G,,,,0.1853522,,B,
0.128969,5611705866972816000,109203845,113.04949570493332,-28.734331197461582,9.016,8.96578,3475367,113.04952,-28.73436,Gaia DR3 5611705866972816000,0,ACV|roAm|roAp|SXARI,,8.95,,G,,,8.98,,G,,,,,,B,
0.129329,409411366582583040,71980307,26.509125151612608,55.33191470596816,8.724,8.65657,53817,26.50917,55.33194,NSV 15382,1,VAR:,,8.18,,V,,,8.67,,V,,,,,,B1II,B
0.129561,5521857212722992640,140924364,128.76393918949,-46.12043775079,10.27,10.4815,3842211,128.76398,-46.12046,Gaia DR3 5521857212722992640,0,BE|GCAS|SDOR|WR,,10.42,,G,,,10.51,,G,,,,,,B,
0.129619,5969536909732171648,338739426,253.3125436103441,-41.37051500949637,9.515,9.36524,59231,253.3125,-41.3705,NSV 20796,0,EA,,9.39,,V,,,9.49,,V,2451932.95,,,1.424447,,B1V,B
0.12973,5337474266695412736,281643864,170.49479740237237,-61.02938211801907,9.592,9.65193,8203,170.49487,-61.02939,V0906 Cen,0,BCEP,,9.5,,V,Y,,0.069,,V,,,,0.207971,,B1.5III,B
0.129782,5351696891983058816,457346528,157.06555741251847,-57.69400742219934,9.546,9.67321,172653,157.06561,-57.69403,V0714 Car,0,EA,,9.68,,V,,,9.85,,V,2451958.636,,,2.0453,,B2,B
0.129796,5864930851028405504,314406170,202.6886288197604,-63.79850389449522,9.624,9.51222,96539,202.68871,-63.7985,ASAS J133045-6347.9,0,ED,,9.47,,V,Y,,0.38,,V,2451879.55,,,2.527596,,B5Vn:,B
0.129855,5882141609540583296,284265167,233.34621846561504,-58.649407876451,9.282,10.0183,58761,233.34625,-58.64944,NSV 20326,1,VAR:,,8.71,:,V,,,,,,,,,,,B0III,B
0.13037,458337130062712704,348023621,34.16340205236455,56.73779514968015,8.192,8.21981,25997,34.16342,56.73783,V0473 Per,0,BCEP:,,8.25,,V,,,8.27,,V,,,,,,O9.5I,B
0.130522,2060661846184974464,12019694,304.25009548375,37.42324941526,7.656,7.91839,51603,304.25012,37.42328,NSV 12979,0,VAR,,7.95,,V,,,8.02,,V,,,,,,WN5-6+OB,B
0.130589,2027938941367462144,11145365,297.9697977814023,27.417379555707697,10.779,11.2102,117163,297.96982,27.41741,V0493 Vul,0,EB,,11.3,,V,,,11.65,,V,2452736.7,,,1.2966,,B3IVn,B
0.131115,5351448127473759872,457975502,158.87515622648337,-58.20225711685458,9.489,9.4858,6154,158.87521,-58.20228,V0401 Car,0,BCEP,,,,,Y,,0.03,,B,,,,0.168833,,B1.5III,B
0.131302,5351845639602412160,464713649,157.025549940071,-57.02971425070564,9.633,10.0474,431956,157.0256,-57.02969,GDS_J1028061-570146,0,VAR,,10.04,,r,Y,,0.14,,r,,,,,,B2,B
0.131397,458407670603899648,348607604,35.53570352714599,57.12454836175567,8.906,9.08129,26119,35.53567,57.12458,V0595 Per,0,BCEP,,9.08,,V,Y,,0.03,,V,,,,,,B1.5I,B
0.131935,5334591003669216000,305108041,178.38968054373,-62.85219535825,9.134,9.74635,7377,178.38976,-62.85219,BB Cen,0,DCEPS,,9.86,,V,,,10.28,,V,2452659.67,,,3.99782,,F5,B
0.132595,5336162721186272512,451444491,171.6537198146534,-59.437100891852175,8.338,8.22011,273247,171.65379,-59.43711,ASAS J112637-5926.2,0,VAR,,8.3,,Ic,Y,,0.039,,Ic,,,,,,O7.5V((f)),B
0.133253,5323407046223736960,402016727,136.30802301504,-53.21244594999,8.656,8.6239,37644,136.30807,-53.21247,IK Vel,0,EB/DM,,8.5,,V,,,8.95,,V,,,,1.992321,,B5,B
0.133358,5351124463064719488,458833387,161.0417464766427,-57.968214602455205,9.921,10.2152,4599836,161.04181,-57.96823,Gaia DR3 5351124463064719488,0,BCEP,,10.2,,G,,,10.24,,G,,,,,,B,
0.133889,2061190956100233088,13332837,305.39635765598,38.61325271467,9.413,9.7324,7721730,305.39639,38.61328,Gaia DR3 2061190956100233088,0,BCEP,,9.72,,G,,,9.76,,G,,,,0.1454654,,B,
0.133921,2935836306920185600,95513457,107.38900158765146,-16.234504865377836,5.995,5.9974,5459,107.38904,-16.2345,OS CMa,0,ACYG,,6.02,,V,,,6.08,,V,,,,2.69,,B1Ib/II,B
0.134105,2167421921291709568,195979113,310.76093177081,47.55051276788,9.631,10.3228,629103,310.76093,47.55055,WISE J204302.6+473301,0,MISC,,8.043,,W1,Y,,0.16,,W1,,,,3.7498657,,,B
0.134247,5522118243650501504,430585469,131.1391648743329,-45.68796007803021,10.248,10.3908,3884449,131.13921,-45.68798,Gaia DR3 5522118243650501504,0,BCEP,,10.37,,G,,,10.4,,G,,,,,,B,
0.134268,5964740324591287424,247315421,253.7404485090944,-43.94089113908657,9.48,9.97464,136747,253.74042,-43.94086,V1216 Sco,0,EA,,10.09,,V,,,10.52,,V,2452481.518,,,3.9207,,B0.5V,B
0.134284,5350383460949215232,458860659,161.18755218207215,-59.56517546750966,5.343,7.26146,56944,161.18762,-59.56519,NSV 18509,1,,,7.37,,V,,,,,,,,,,,O4IV(fc),B
0.134287,5877039944283891840,41153477,228.00333984128,-58.64311028416,9.461,11.5274,462185,228.0034,-58.64309,GDS_J1512008-583835,0,VAR,,11.62,,r,Y,,0.19,,r,,,,,,,B
0.134496,5351340066096588672,458604640,160.48231730658,-56.7143954421,9.559,9.47859,4592973,160.48238,-56.71441,Gaia DR3 5351340066096588672,0,BCEP,,9.46,,G,,,9.5,,G,,,,,,B,
0.134756,6052861302518555136,297348512,180.05183923672334,-66.07796683023732,9.001,8.82481,225513,180.05193,-66.07796,HD 104257,0,BCEP,,8.85,,V,Y,,0.041,,V,,,,0.1455969,,B1/2II/III,B
0.134943,1824987271192526592,391082033,297.22366044828385,19.96854251826094,11.1,11.3065,1543873,297.22366,19.96858,PMAK V58,0,BCEP,,11.4,,V,,,11.46,,V,2457889.697,,,0.106423,,B1V,
0.134951,4510925780739110272,235781277,282.61552742654,15.94015451666,9.942,10.6148,14880,282.61554,15.94019,AP Her,0,CWA,,10.37,,V,,,11.14,,V,2455124.8,,,10.411,,F2Ib-II-G0,B
0.135382,5337234023440707712,467409163,168.37284306571192,-61.26414320876059,10.013,9.98698,621645,168.37292,-61.26415,HD 306205,0,GCAS,,9.87,,V,,,10.15,,V,,,,,,B1.5Vne,B
0.135635,4252558380933360000,7880765,279.765737011085,-7.859863697877355,8.712,9.17887,34558,279.76572,-7.85983,V0442 Sct,0,ACYG,,9.42,,V,,,9.45,,V,,,,,,O6.5I(n)fp,B
0.135926,1998053184500550016,444325059,358.40224117221953,56.819897399504654,8.143,8.15205,305877,358.40231,56.8199,HIP 117810,0,VAR,,8.23,,V,Y,,0.014,,V,,,,1.64347,,B1.5V,B
0.13598,2030334674134046336,87926550,299.16419671778533,29.99140806059988,9.884,10.0133,12276,299.16422,29.99144,V1356 Cyg,0,EB/DM,,10.1,,pg,,,10.5,,pg,2440371.4095,,,1.95669202,,B0V,B
0.136079,5342908873501621504,451669331,172.27392902946,-56.64424253658,8.403,8.26053,4733586,172.27399,-56.64426,Gaia DR3 5342908873501621504,0,BCEP,,8.24,,G,,,8.28,,G,,,,,,B,
0.136338,1869422453048750336,230673581,312.06928013843,34.45671306255,10.919,11.0325,12773,312.06927,34.45675,V1853 Cyg,0,ACYG,,10.89,,V,,,11.32,,V,,,,,,B1.5Ia/Iabe,B
0.136375,2060868863612308736,11698190,304.1217360747542,37.9225331883876,9.016,9.17498,7700163,304.12177,37.92256,Gaia DR3 2060868863612308736,0,BCEP,,9.15,,G,,,9.21,,G,,,,0.0221106,,B,
0.136855,2061434532287382144,13791066,305.6643353252275,39.59498295853347,8.998,9.86734,7726189,305.66437,39.59501,Gaia DR3 2061434532287382144,0,BE|GCAS|SDOR|WR,,9.66,,G,,,10.21,,G,,,,,,B,
0.137056,5852965823630941696,336932754,215.1035008428412,-63.89072535795767,11.126,11.2831,5314336,215.10358,-63.89071,Gaia DR3 5852965823630941696,0,BCEP,,11.26,,G,,,11.33,,G,,,,,,B,
0.137366,3355398399202605696,307242697,98.64705365789,13.07908175818,10.669,11.344,14374,98.64708,13.07911,BB Gem,0,DCEP,,10.75,,V,,,11.88,,V,2441839.695,,,2.308207,,,B
0.137399,5351483625409286528,457670388,157.94620692009428,-58.24486117039183,9.818,9.89765,4560180,157.94627,-58.24488,Gaia DR3 5351483625409286528,0,BCEP,,9.88,,G,,,9.91,,G,,,,,,B,
0.137436,5872314586913683456,209532366,210.7037279079135,-56.00413387689927,8.691,8.95673,58461,210.70375,-56.00417,NSV 20026,1,VAR:,,9.08,,V,,,,,,,,,,,B0.5Ia,B
0.137496,5372095688833746688,93323536,174.95969765205,-47.96423483078,9.201,9.74551,7717,174.95975,-47.96425,V0420 Cen,0,CWA,,9.37,,V,,,10.6,,V,2452805.6,,,24.55,,,B
0.138114,1976314018558878720,384533802,328.1992168968849,48.02243388575342,9.574,9.58942,64217,328.19919,48.0224,NSV 25782,0,VAR,,9.63,,V,Y,,0.031,,V,,,,0.19372,,B1.5V,B
0.138324,2059011376158159488,89761288,301.54143377108875,35.385975424420394,7.618,7.92438,11368,301.54147,35.386,V0448 Cyg,0,EB/SD,,7.9,,V,,,8.72,,V,2416361.107,,,6.5197162,,O9.5e+B1Ib-II,B
0.138444,5338567593627381504,304887548,165.49131370445275,-59.3778416004467,9.052,9.00008,43686,165.49138,-59.37786,NSV 5062,1,,,9.06,,V,,,,,,,,,,,B1Ib,B
0.13876,4265371574109405824,328898847,284.35110648722,-0.73023904598,9.701,10.5722,1632,284.35114,-0.73022,V0493 Aql,0,DCEP,,10.65,,V,,,11.32,,V,2435653.117,,,2.987715,,,B
0.139419,4253593536833282048,186913809,281.02500145265,-5.37920404156,10.208,10.5806,2388646,281.02502,-5.37917,Gaia23ddj,0,GCAS,,10.34,,G,,,10.65,,G,,,,,,,
0.139456,5542141484270194048,184102455,126.80044069042307,-36.65380921505534,8.608,8.70568,3805686,126.80047,-36.65384,Gaia DR3 5542141484270194048,0,BCEP,,8.69,,G,,,8.73,,G,,,,,,B,
0.139872,6056396472909672320,435102199,192.61678586422448,-60.663562989989614,9.289,9.18425,44602,192.61681,-60.6636,ET Cru,0,EA,,9.01,,V,,,9.37,,V,2452454.515,,,2.04388,,B2/B3III,B
0.140724,4105606929565707136,350382446,282.8965178231818,-12.920448339083489,9.406,9.52226,10861100,282.89651,-12.92041,Gaia DR3 4105606929565707136,0,ACV|roAm|roAp|SXARI,,9.52,,G,,,9.54,,G,,,,,,B,
0.140743,458455185816111872,348607847,35.51901914905875,57.17746230784113,10.277,10.5045,39424,35.519,57.1775,NSV 800,0,GCAS:,,10.38,,V,Y,,0.04,,V,,,,,,B2Vn(e),B
0.140963,5337669189536576000,467065657,167.67514076568875,-60.38447022695087,6.894,7.02017,57122,167.67522,-60.38447,NSV 18687,2,CST,,7.12,,V,,,,,,,,,,,O5.5III(f),B
0.141059,5351075225572431488,459133606,161.82943025744817,-57.32540915282117,6.806,6.88679,6293,161.8295,-57.32542,V0540 Car,0,ACYG,,6.98,,Hp,,,7.04,,Hp,,,,1.83009,,B0.5Ib,B
0.141155,5355476845487364096,464185342,155.71584113267306,-54.58845066396145,9.354,9.35251,4530468,155.7159,-54.58847,Gaia DR3 5355476845487364096,0,BCEP,,9.34,,G,,,9.38,,G,,,,,,B,
0.141262,5309093878735658496,280835427,144.46200688568814,-53.680328069985485,9.335,9.20132,89829,144.46207,-53.68034,ASAS J093751-5340.9,0,GCAS,,9.08,,V,,,9.34,,V,,,,,,B1.5Ve,B
0.141621,5339315948718455552,450359616,168.72758492779,-59.17487500579,8.777,8.72931,411587,168.72762,-59.17491,ASAS J111455-5910.5,0,MISC,,8.588,,Ic,Y,,0.059,,Ic,2452794.2,,,153.4,,B0.5IVn,B
0.142525,5337696711689614080,466876125,167.2941245230386,-60.32174743670239,8.753,8.95372,43733,167.29417,-60.32178,NSV 5109,1,,,8.77,,V,,,9.02,,V,,,,,,O9.5III,B
0.1428,2031093573331489920,105411116,300.87552494139385,32.271586466197725,8.658,8.58233,7637852,300.87555,32.27162,Gaia DR3 2031093573331489920,0,ACV|roAm|roAp|SXARI,,8.57,,G,,,8.6,,G,,,,,,B,
0.14335,5338243306413066368,465214833,162.89306072949,-60.79925894074,9.325,9.44378,356617,162.89313,-60.79928,V0914 Car,0,HB,,9.47,,V,,,9.61,,V,2453015.64,,,51.183,,B8,B
0.143921,5884607985911748224,80724706,237.7783239383998,-55.05555381418196,5.878,5.72388,20320,237.77838,-55.05553,V0360 Nor,0,ACYG:,,5.77,,Hp,,,5.79,,Hp,2448500.22,,,1.46667,,B2II,B
0.144016,5310188511286655872,385626507,138.46398633717,-55.53963395447,8.215,8.29379,88951,138.46404,-55.53966,ASAS J091351-5532.4,0,GCAS,,8.06,,V,,,8.46,,V,,,,,,B2IVne,B
0.14478,5351703184123939712,464570269,156.50072742423671,-57.82691748014078,9.29,9.25019,6256,156.50079,-57.82694,V0503 Car,0,GCAS,,9.1,,V,,,9.36,,V,,,,,,B1.5III(e),B
0.145386,6057943520139661184,450463355,186.29704582079,-61.34817134005,9.152,9.81155,94948,186.29713,-61.34817,ASAS J122511-6120.9,0,DCEPS,,9.96,,V,Y,,0.29,,V,2451876.26,,,2.305935,,,B
0.145406,5620657678322625920,191450569,135.5285587975077,-40.55465296117549,6.493,6.7239,37614,135.52858,-40.55469,GP Vel,0,HMXB/XP+E,,6.76,,V,,,6.99,,V,2452974.227,,,8.964357,,B0.5Iaeq,B
0.145672,5255031579201240064,463746881,154.74264375078636,-59.76784721547468,8.908,8.7959,4517133,154.74272,-59.76786,Gaia DR3 5255031579201240064,0,BCEP,,8.77,,G,,,8.81,,G,,,,,,B,
0.145876,413708880802923904,331384932,17.72998266129,58.0989605283,10.295,10.4803,144259,17.73,58.099,V1066 Cas,0,EA,,10.81,,R1,,,11.06,,R1,2454003.5149,,,8.46505,,,B
0.146167,1995526747297893504,252737692,347.7789347018476,53.05821235229827,7.216,7.16957,64465,347.77896,53.05825,NSV 26030,0,ACYG,,7.19,,V,,,7.24,,V,,,,,,O9.5Iabe,B
0.14652,5966523938614083712,339563367,253.489960876223,-41.6449175766176,9.829,9.79491,59237,253.49001,-41.6449,V1293 Sco,0,EA,,9.77,,V,,,10.19,,V,2453478.825,,,1.317716,,B0V,B
0.146549,2008847433749379456,314833456,346.78655148609,56.00586545363,10.098,10.1526,64457,346.78659,56.0059,NSV 26022,0,VAR,,10.21,,V,Y,,0.039,,V,,,,0.23982,,B1IIIp,B
0.147035,5351197477513292032,458440560,160.00235993328,-57.54976403951,9.565,9.69685,621637,160.00243,-57.54978,HD 303142,0,GCAS+LERI,,9.53,,V,,,9.94,,V,,,,0.483815,,OBe,B
0.147465,5356260488037199744,462236255,150.75571871415556,-54.55841962906082,9.12,9.05823,683734,150.75578,-54.55844,HIP 49234,0,SPB:,,9.1,,V,,,9.12,,V,2452031.47,,,0.66091,,B1IVn,B
0.147971,4104201586232296960,413228784,276.41211166869,-14.75160741498,9.284,10.0161,62870,276.41208,-14.75158,NSV 24435,1,VAR:,,10.54,,V,,,,,,,,,,,O5.5V(n)((f)),B
0.148159,5351448441035539328,458076693,159.0065737483128,-58.25264812418845,8.891,8.91123,6133,159.00664,-58.25267,V0380 Car,0,BCEP,,8.95,,V,Y,,0.02,,V,,,,0.2274,,B0.5III,B
0.148662,5337323942884536192,466699874,166.74971082121456,-60.56437617504857,9.737,9.83621,4667537,166.74979,-60.56439,Gaia DR3 5337323942884536192,0,BCEP,,9.78,,G,,,9.86,,G,,,,,,B,
0.149103,5254408151786430336,460724949,158.70619738270744,-60.18722468251896,8.729,8.49328,4570199,158.70628,-60.18723,Gaia DR3 5254408151786430336,0,BCEP,,8.47,,G,,,8.51,,G,,,,,,B,
0.149438,5526142486265730176,139600098,126.65895649231972,-43.408573090720594,7.884,7.8205,56329,126.659,-43.4086,NSV 17894,0,VAR,,7.79,,V,Y,,0.019,,V,,,,1.05876,,B0V,B
0.14976,5822199877698012160,360548003,240.6855566103927,-66.55868054600965,9.536,9.36586,46008,240.68558,-66.55864,NSV 7384,1,,,9.3,,V,,,,,,,,,,,B2V,B
0.150005,5350374527415612032,458706682,160.6338791209409,-59.591757768451416,8.784,8.92658,135946,160.63396,-59.59175,V0722 Car,0,GCAS,,8.84,,V,,,9.01,,V,,,,,,B2/3II,B
0.15084,5351448818992396032,458076250,158.92496401738717,-58.19286662971631,6.638,6.64941,6266,158.92503,-58.19289,V0513 Car,0,ACYG,,6.68,,V,,,6.75,,V,2448505.32,,,6.445,,B0.5Ib,B
0.151183,5351695521903089920,457345960,157.20634540260812,-57.76601656602853,9.484,9.58971,225471,157.20642,-57.76603,HD 90987,0,BCEP,,9.64,,V,Y,,0.079,,V,,,,0.2126401,,B1/2III/IVp,B
0.151766,5350697989986480896,458076434,159.03466004877737,-58.21786200091148,9.119,8.98855,6134,159.03474,-58.21786,V0381 Car,0,EA+BCEP,,9.04,,V,,,9.06,,V,2454914.667,,,8.32472,,B1III,B
0.151875,3369171397246213760,438114587,95.89423018841,16.35757252272,8.959,9.24127,698793,95.89421,16.35761,EPIC 202093824,0,VAR,,9.4,,Kp,Y,,0.002,,Kp,,,,9.901506,,,
0.152428,5523256203825403392,141628857,129.94061197026,-43.86085351062,8.934,9.6862,37485,129.94067,-43.86086,AP Vel,0,DCEP(B),,9.49,,V,,,10.48,,V,2434900.805,,,3.12776,,F9,B
0.152793,5983259364592718080,215441122,242.3174431732057,-49.60603889978748,8.302,9.75112,46093,242.3175,-49.60606,NSV 7469,1,,,9.97,,V,,,10.07,,V,,,,,,O9,B
0.152801,2059383668236814720,102604645,299.59029482904185,35.201578765113695,7.911,8.52263,12277,299.59033,35.20161,V1357 Cyg,0,HMXB/BHXB+ELL,,8.72,,V,,,8.93,,V,2441561.22,,,5.599824,,O9.7Iab+BH,B
0.153126,2060025435110032896,42244951,302.1906965453973,37.23701755414221,8.483,8.50641,13027,302.1907,37.23706,V2107 Cyg,0,EB,,8.51,,V,,,8.7,,V,2448502.442,,,4.2846028,,B0IV,B
0.153663,5351428787262634624,457801419,158.29513571606,-58.49862224191,7.568,8.01505,5761,158.29521,-58.49864,Y Car,0,DCEP(B),,7.53,,V,,,8.48,,V,2441041.39,,,3.63976,,F3,B
0.153805,5351447135365047296,457975034,158.8844453595888,-58.25616414038016,9.92,9.94129,6155,158.88451,-58.25619,V0402 Car,0,GCAS,,9.91,,V,,,9.97,:,V,,,,,,B0.5/1.5ne,B
0.153991,5966550391303432576,339573009,253.6491522770228,-41.42302343456526,7.945,7.94215,59262,253.6492,-41.423,V1295 Sco,0,EA/KE,,7.96,,V,,,8.19,,V,2452439.649,,,2.15767,,09.5IV,B
0.154485,5357415284475353344,220360314,155.0488677022477,-52.60169114543808,7.075,7.12498,37758,155.04892,-52.60172,V0342 Vel,0,ACYG:,,7.16,,V,,,7.25,,V,,,,,,B0.5Iab,B
0.155074,429613144702666880,83624907,3.35618628477,61.21099482829,9.452,9.88239,629149,3.35627,61.21101,WISE J001325.5+611239,0,VAR,,8.334,,W1,Y,,0.314,,W1,,,,1.93684,,,B
0.155557,5309355150182034560,432646856,146.73820755237,-52.92881878527224,9.917,10.2294,429886,146.73827,-52.92884,GDS_J0946571-525543,0,VAR,,10.28,,r,Y,,0.2,,r,,,,,,Be,B
0.156017,2010387780817793792,315291647,347.51326073216,58.14176870038,10.015,10.267,225787,347.51334,58.14178,V1288 Cas,0,EB,,10.27,,V,,,10.57,,V,2453763.1978,,,1.51853,,OB-,B
0.156156,5351682362128974592,457739634,158.10251188126583,-56.739317959202914,8.937,9.265,547999,158.10258,-56.73934,GDS_J1032246-564421,0,ELL,,9.28,,V,,,9.36,,V,2451962.74,,,3.3977,,B3IIIe,B
0.156219,427596571655576960,421381021,11.60504667384,61.6530526913,10.466,10.9143,360164,11.605,61.65309,V1306 Cas,0,GCAS,,10.7,,CV,,,11.1,,CV,,,,,,em,B
0.157093,5305395533941193600,440840781,144.86504680068523,-59.31423992931174,9.817,9.76395,43202,144.86513,-59.31425,NSV 4578,2,,,9.6,,pg,,,,,,,,,,,B2/3Ib/II,B
0.157623,5251872888446481152,460500497,157.96073402486704,-63.940467181702665,7.283,7.40915,305410,157.9608,-63.9405,HIP 51554,0,VAR,,7.49,,V,Y,,0.011,,V,,,,3.3129,,O9.5Iab-Ib,B
0.15763,5489301631189129088,267894096,115.370481656567,-53.19472716093081,8.292,8.19355,56000,115.37053,-53.19476,NSV 17565,0,GCAS,,8.06,,V,,,8.27,,V,,,,,,B2III,B
0.15769,5237207155697930496,317642317,172.79544384537,-65.742254074,8.572,8.53025,19704,172.79555,-65.74225,TU Mus,0,EB/KE,,8.22,,V,,,8.77,,V,2448500.3066,,,1.38728653,,O8.5Vn+O8,B
0.158009,2061089113838868480,12675729,304.9114279316515,38.33586105886695,8.191,8.5284,11398,304.91147,38.33589,V0478 Cyg,0,EA/DM,,8.63,,V,,,9.04,,V,2441602.724,,,2.8808994,,O9.5Vp+B0V,B
0.162009,5893146793226032256,413530267,222.77255654672,-55.91662818853,9.781,10.1033,9481,222.77263,-55.91661,BD Cir,0,EA/KE:,,10.2,,V,,,11.0,,V,2451977.75,,,6.791,,,B
0.16366,5337681696482836736,466880435,167.3281936935553,-60.71189314514413,9.406,9.72462,433894,167.32828,-60.71191,GDS_J1109187-604242,0,VAR,,9.76,,r,Y,,0.12,,r,,,,,,B1,B
0.163754,5309174967720762496,280287051,144.21440532679,-53.03277856562,8.904,9.80306,37475,144.21446,-53.03281,AE Vel,0,DCEP,,9.88,,V,,,10.73,,V,2440772.2,,,7.13357,,,B
0.163929,5309691600740573056,281177560,144.9631853658963,-52.15586535809205,10.316,10.7867,429580,144.9632,-52.15591,GDS_J0939511-520921,0,VAR,,10.83,,r,Y,,0.29,,r,,,,,,B0/2,B
0.164619,6063422627078831744,253951250,199.00890739593447,-56.83439699478531,8.738,8.72166,5082437,199.00899,-56.83439,Gaia DR3 6063422627078831744,0,DSCT|GDOR|SXPHE,,8.67,,G,,,8.77,,G,,,,3.3144,,B,
0.164958,5335257273307351040,307100246,179.6606407072027,-60.65496842097254,9.342,9.40835,411712,179.66068,-60.65501,ASAS J115839-6039.3,0,MISC,,8.996,,Ic,Y,,0.252,,Ic,2452709.0,,,80.98,,em,B
0.165353,6092038722835059072,332460747,215.6612670285136,-48.31987887437353,6.278,6.08284,17817,215.66133,-48.31986,HX Lup,0,ELL,,6.09,,V,Y,,0.06,,V,2448503.006,,,3.08809,,B1III,B
0.165447,5882370582881106688,279404964,235.48589819727,-58.05079448569,11.019,11.2862,446688,235.48592,-58.05075,GDS_J1541566-580302,0,VAR,,11.34,,r,Y,,0.14,,r,,,,,,OB,B
0.166471,5350358069101053184,458859554,161.1970422265122,-59.731453450894826,8.538,8.69438,6325,161.19713,-59.73144,V0572 Car,0,EA,,8.66,,V,,,9.07,,V,2451955.69,,,2.15286,,O7V + O8V,B
0.166493,5932790681407876864,430011054,241.82624302791,-54.19743055219,8.498,9.00495,447448,241.82632,-54.19742,GDS_J1607183-541150,0,VAR,,9.07,,r,Y,,0.1,,r,,,,,,B0.5Iab:,B
0.166951,6071233695124155264,376749374,180.99947115661777,-58.72249480172472,9.131,9.04999,225517,180.99956,-58.72249,HD 104795,0,BCEP,,9.09,,V,Y,,0.011,,V,,,,0.160458,,B2III,B
0.167857,5927966294899955072,221166411,247.1796455341456,-57.905175989070464,8.833,8.75341,5905287,247.17966,-57.90513,Gaia DR3 5927966294899955072,0,ACV|roAm|roAp|SXARI,,8.71,,G,,,8.77,,G,,,,,,B,
0.168079,5350357313186767104,458856474,161.1405133328893,-59.73760758059634,5.666,7.6492,6313,161.14058,-59.73764,V0560 Car,0,ELL,,7.74,,V,,,7.76,,V,2453837.7,,,6.0803,,O3V+O8V,B
0.16839,5862704408618280704,436077712,193.3278536561,-64.02333427508,10.456,11.1363,144491,193.32796,-64.02333,FL Cru,0,BCEP,,11.6,,V,Y,,0.14,,V,2450558.844,,,0.212974,,B,B
0.168837,4146025187503963520,108882149,273.23394436091843,-15.192381884436708,8.081,8.116,413936,273.23398,-15.19235,ASAS J181256-1511.5,0,MISC,,7.82,,Ic,Y,,0.398,,Ic,2453883.8,,,663.0,,B0.5III,B
0.170129,5939479800887371392,44837913,251.07366922367,-48.31349305999,10.757,11.2646,450862,251.07372,-48.31346,GDS_J1644176-481848,0,VAR,,11.36,,r,Y,,0.1,,r,,,,,,em,B
0.170745,5359948627974478336,120859681,164.34880747892873,-51.827664486038046,8.889,8.81043,4638302,164.34888,-51.82768,Gaia DR3 5359948627974478336,0,BCEP,,8.79,,G,,,8.83,,G,,,,,,B,
0.174514,5798335012174624640,360371656,217.4126511157928,-70.12230492134447,10.117,10.0847,5344875,217.41275,-70.12227,Gaia DR3 5798335012174624640,0,BCEP,,10.03,,G,,,10.12,,G,,,,0.212889,,B,
0.175534,5862358440397867904,439168784,195.58435169273,-63.47318386401,10.854,11.1565,144492,195.58446,-63.47319,V1259 Cen,0,BCEP,,11.3,,V,,,11.5,,V,2450558.996,,,0.189127,,B,B
0.176191,429772986203296128,83138543,2.57713056343,62.07284105865,10.107,10.5519,629219,2.57713,62.07289,WISE J001018.5+620422,0,EB,,10.68,,V,,,10.83,,V,2458719.096,,,6.107295,,,B
0.176526,5940521759992681472,25438885,248.84969431216,-49.24504607818,9.855,10.7429,449479,248.84972,-49.245,GDS_J1635239-491442,0,VAR,,10.81,,r,Y,,0.12,,r,,,,,,,B
0.176854,181174781544714880,2779013,80.68332521274716,33.44073201989605,10.084,10.2024,40572,80.68338,33.44075,NSV 1948,1,,,10.26,,V,,,10.31,,V,,,,,,O7.5V(n)z,B
0.177135,6054105949678717056,381747495,182.62541395042,-64.10087870233,8.836,9.02706,57703,182.62543,-64.10083,NSV 19268,1,,,9.13,,V,,,,,,,,,,,B2IVne,B
0.177657,5253795384552296448,460532362,158.01836868114,-61.78261610281,8.013,14.1911,5791,158.01846,-61.78264,UY Car,0,DCEP,,8.54,,V,,,9.33,,V,2434890.645,,,5.543726,,G,B
0.177776,6071508298145817344,390393750,184.4045737001659,-58.16456085884421,8.634,8.6944,10824,184.40466,-58.16458,AB Cru,0,EA/DM,,8.56,,B,,,9.2,,B,2429235.019,,,3.4132987,,O8Vne,B
0.17791,1825545960523927680,375539091,294.17101704389,19.91974150014,10.298,10.7291,116177,294.17105,19.91978,ASAS J193641+1955.2,0,MISC,,11.04,,V,Y,,0.15,,V,2453545.1,,,295.021881,,,B
0.178067,5329622722896579584,29051482,132.68475283443,-46.63635261295,9.025,9.50136,427431,132.6848,-46.63639,GDS_J0850443-463811,0,VAR,,9.55,,r,Y,,0.07,,r,,,,,,A0II,B
0.178628,5339743173362354048,451255923,170.92304305313,-57.84269071445,9.909,9.96707,434427,170.9231,-57.84273,GDS_J1123415-575033,0,VAR,,10.09,,r,Y,,0.13,,r,,,,,,,B
0.178959,5258591110652257152,463241893,153.33866596137554,-58.362977021482806,8.138,8.29298,43414,153.33875,-58.363,NSV 4790,0,VAR,,8.4,,V,,,8.43,,V,,,,,,B0.5Iab,B
0.180437,5351448750272913664,458076374,158.95082755114157,-58.20920818265427,9.342,9.23643,6158,158.95088,-58.20925,V0405 Car,0,BCEP,,9.29,,V,Y,,0.01,,B,,,,0.152,,B1V,B
0.180568,5405553621532892800,446047505,147.40596902025615,-51.87248560179172,8.95,9.00803,4116381,147.40604,-51.87251,Gaia DR3 5405553621532892800,0,BCEP,,9.0,,G,,,9.04,,G,,,,,,B,
0.181472,5939393351781339264,246152934,252.65069088096416,-47.64422221910792,9.498,9.85837,451866,252.65065,-47.64418,GDS_J1650361-473839,0,VAR,,9.91,,r,Y,,0.09,,r,,,,,,B2IV,B
0.182523,2017646447396900096,370789328,292.52820989275,20.01572015856,9.88,10.2905,2213266,292.5282,20.01577,KELT KC11C003296,3,EA,,10.52,,V,Y,,0.005,,V,2456867.783,,,1.544895,,,
0.183903,6057587999922160256,383075869,183.63009164359104,-61.90179774095151,7.719,8.31681,57753,183.6302,-61.9018,NSV 19318,0,VAR,,8.63,,V,Y,,0.019,,V,,,,2.87043,,B3Ia,B
0.184968,1963714268134133120,351331453,321.44597546549136,36.66734285465202,6.007,5.8757,13077,321.44595,36.66739,V2157 Cyg,0,ACYG:,,5.87,,Hp,,,5.92,,Hp,,,,3.04822,,B0Ib,B
0.185011,4587447357614092416,322276882,278.47844882719,29.46430317488,9.65,9.61235,7055898,278.47849,29.46434,Gaia DR3 4587447357614092416,0,BCEP,,9.59,,G,,,9.64,,G,,,,,,B,
0.185835,5869601645057487616,443136657,198.7916226634658,-60.966880813521975,8.986,9.48872,8256,198.79172,-60.96686,V0959 Cen,0,GCAS,,9.4,,V,,,9.88,,V,,,,,,B1IIIne,B
0.187462,5351710915065605120,464631821,156.7457499555205,-57.67575034055617,8.408,8.64398,6101,156.74583,-57.67578,V0348 Car,0,EB,,8.55,,V,,,8.93,,V,2452741.646,,,5.562168,,B1III+B,B
0.190559,5547432677822189056,145078235,122.23254319105554,-33.24635130696511,7.574,7.59394,56183,122.2325,-33.24639,NSV 17748,1,,,7.67,,Hp,,,7.76,,Hp,,,,,,B2III/IV,B
0.191086,5545661742541131008,144356247,121.19786135266,-35.0546973599,9.335,9.68923,85741,121.19792,-35.05472,ASAS J080447-3503.3,0,MISC,,9.79,,V,Y,,0.12,,V,2456258.5,,,699.0,,B0/1,B
0.191728,1832834691806331008,436240475,306.68523056721,26.2187874188,9.007,9.12484,7743515,306.68524,26.21884,Gaia DR3 1832834691806331008,0,BCEP,,9.12,,G,,,9.14,,G,,,,0.1534503,,B,
0.192595,5258873410251124608,462636537,151.8277434660037,-57.5782664578925,7.96,9.3629,90894,151.82784,-57.57828,ASAS J100719-5734.7,0,ELL,,9.45,,V,,,9.6,,V,2453091.84,,,3.75806,,B0V,B
0.193398,5878144850391127296,291946183,220.9479619237277,-60.212668164002935,9.257,10.6042,443705,220.94807,-60.21267,GDS_J1443475-601245,0,VAR,,10.66,,r,Y,,0.11,,r,,,,,,O9.5e,B
0.196526,5975286256001980416,155286121,260.2108861220914,-35.86279041998836,8.929,9.65838,306614,260.21082,-35.86278,HD 319702,0,EA,,10.12,,V,Y,,0.1,,V,2455688.3448,,,2.005,,O9,B
0.197458,5859173945562774272,443528451,199.52851403416,-63.68712913216,7.098,7.53163,8326,199.52863,-63.68711,V1029 Cen,0,ACYG,,7.86,,Hp,,,7.95,,Hp,,,,5.11771,,B1Iae,B
0.19958,2057763847071953792,16187387,307.4489912964549,36.98033661232101,7.57,7.65957,63598,307.44901,36.98039,NSV 25163,0,BE,,7.69,,V,,,7.82,,V,,,,,,B0IVpe,B
0.201248,5228520738931454976,400902778,167.43832902462,-70.36772418014,8.966,8.84065,57115,167.43832,-70.36778,NSV 18680,1,VAR:,,8.88,:,V,Y,,0.05,,V,,,,,,B1III,B
0.202196,5351448715913147904,458076489,158.955424483856,-58.22426643420939,6.491,6.45862,56889,158.95551,-58.2243,NSV 18454,0,VAR,,6.52,,V,Y,,0.012,,V,,,,3.9302,,B0Ia,B
0.202872,2202908933956759808,469857617,330.10496194008,59.69173970241,11.476,11.8699,8486,330.10504,59.69178,DL Cep,0,EB/DM,,12.4,,pg,,,13.2,,pg,2456497.849,,,1.630486,,OB-e:,B
0.203536,5423689035021486848,75893489,139.68596812296,-45.12020691235,9.678,9.84857,428234,139.68602,-45.12025,GDS_J0918446-450712,0,VAR,,9.89,,r,Y,,0.08,,r,,,,,,,B
0.205882,4220013936233389184,71020206,301.60890707456,-6.54741291528,11.612,11.409,7653045,301.60886,-6.54738,Gaia DR3 4220013936233389184,0,BCEP,,11.35,,G,,,11.45,,G,,,,,,B,
0.207995,5529029223988702976,181003751,130.28324041538,-38.96909110305,10.207,10.845,426639,130.28328,-38.96914,GDS_J0841079-385808,0,VAR,,10.85,,r,Y,,0.15,,r,,,,,,,B
0.209517,5525970966757975808,53298246,126.23242154925848,-44.30081467729422,7.87,8.09144,56318,126.2325,-44.30083,NSV 17883,1,VAR:,,8.27,:,V,,,,,,,,,,,OB+,B
0.212699,4104563115085215232,432853210,277.9152320848957,-13.80205266687537,9.657,9.73409,456241,277.91519,-13.80201,GDS_J1831396-134807,0,VAR,,9.85,,r,Y,,0.08,,r,,,,,,B2III,B
0.214001,201222280134342144,285243475,78.291595316,41.99052345717,10.264,11.063,3923,78.29162,41.99058,ER Aur,0,DCEP,,11.17,,V,,,11.8,,V,2443861.3,,,15.69073,,,B
0.214314,4518972762747971584,345466405,284.67247408904745,20.623142360892125,6.72,6.6948,305680,284.67249,20.6232,HIP 93171,0,VAR,,6.74,,V,Y,,0.005,,V,,,,7.25742,,B2IV,B
0.214642,5996029848549395840,58830498,239.4549045211219,-40.99722335521462,8.446,8.53264,225563,239.45497,-40.99719,HD 142754,0,BCEP,,8.6,,V,Y,,0.014,,V,,,,0.117493,,B2III,B
0.215732,5831781086422931200,221451009,248.15869854584,-59.08944378136915,10.279,10.1874,46407,248.15875,-59.08939,NSV 7783,1,,,10.3,,V,,,,,,,,,,,B2,B
0.218865,5351447032285937664,458076652,158.97343952899308,-58.24660999240357,9.187,9.17799,6131,158.97354,-58.24664,V0378 Car,0,BCEP,,9.22,,V,Y,,0.015,,V,,,,0.16,,B0.5III,B
0.220732,5330668461522426496,447970564,136.02719599941196,-45.67674225889207,9.408,9.87642,427929,136.02728,-45.67676,GDS_J0904065-454036,0,VAR,,9.87,,r,Y,,0.19,,r,,,,,,O9,B
0.222201,4037880488019913344,330957772,272.34374202421134,-36.67256138999556,6.585,6.50694,62716,272.34375,-36.6725,NSV 24281,1,,,6.52,,Hp,,,6.56,,Hp,,,,,,B1/2Ib,B
0.22225,4275729179715022976,338426149,272.60702834955,0.79639336167,8.983,9.3115,109430,272.60709,0.79639,ASAS J181025+0047.7,0,EA,,9.37,,V,Y,,0.18,,V,2454808.146,,,3.18867,,B3/5II/III,B
0.224494,5962002815555171968,202445608,262.09065868532,-38.69667916682,8.137,8.22788,47344,262.09058,-38.69669,V1304 Sco,0,EA/KE,,8.28,,V,,,8.58,,V,2452685.89,,,3.36824,,B3Vn,B
0.224987,5966551288967683328,340414649,253.76964858702,-41.41678539352,8.94,10.3184,451623,253.76961,-41.41673,GDS_J1655047-412500,0,VAR,,10.26,,i,Y,,0.07,,i,,,,,,,B
0.225316,5940937031760093184,31035500,249.25044181057,-48.54164613317,10.702,11.1587,450750,249.2504,-48.54159,GDS_J1637001-483229,0,VAR,,11.25,,r,Y,,0.1,,r,,,,,,O9:,B
0.227773,5973934131582065152,463393967,259.13480263882,-36.4068282315,8.717,10.7865,453028,259.13474,-36.40679,GDS_J1716323-362424,0,VAR,,10.87,,r,Y,,0.2,,r,,,,,,OB,B
0.230916,4106141154778750464,414106069,282.50163808032,-11.16515653363,9.83,9.92506,50005,282.50159,-11.1652,V0495 Sct,0,EA,,9.78,,V,,,10.81,,V,2452922.518,,,2.63743,,B8,B
0.232786,6057370777658751872,379342063,181.14945987926487,-62.90377919080345,8.262,8.5493,463697,181.14957,-62.90382,GDS_J1204359-625413,0,VAR,,8.54,,i,Y,,0.12,,i,,,,,,B1Iab,B
0.233516,4256681446460882176,46575918,280.08835292269,-4.92021596089,11.133,11.5389,457191,280.08832,-4.92016,GDS_J1840211-045512,0,VAR,,11.53,,r,Y,,0.2,,r,,,,,,Be,B
0.236583,4252991859061693184,203643419,280.35886293394,-6.62873699662,10.118,10.8061,457487,280.35883,-6.62868,GDS_J1841261-063743,0,VAR,,10.81,,r,Y,,0.12,,r,,,,,,,B
0.238753,2068658770354456320,11793277,304.1741048617636,41.9626978712552,10.35,10.7598,12107,304.17416,41.96275,V1187 Cyg,0,EA/DM,,10.75,,V,,,11.11,,V,2438634.5462,,,1.5070018,,OB,B
0.245776,4152389195128221696,332430151,275.98058659053,-13.55912042871,10.016,10.3138,454055,275.98053,-13.55908,GDS_J1823553-133332,0,VAR,,10.37,,r,Y,,0.11,,r,,,,,,OB-,B
0.247527,5350303024796002304,391527871,161.59177506066894,-60.02191118521123,7.401,9.01472,432982,161.5919,-60.02194,GDS_J1046226-600119,0,VAR,,9.16,,r,Y,,0.1,,r,,,,,,B0/1V,B
0.247843,5866012220623156992,325598370,209.78145949662115,-62.90405308885455,8.934,10.4193,545464,209.78152,-62.90399,GDS_J1359075-625414,0,VAR,,10.52,,r,Y,,0.16,,r,,,,,,em,B
0.251906,2031558258788843648,216976987,295.5332458002507,28.99597167517434,8.958,8.9053,359198,295.53329,28.99603,GSC 02151-04948,0,E,,,,,,,,,,2456167.3977,,,,,B2IV,B
0.252495,6057426612238860800,379012185,180.7435475998988,-62.672004922832514,6.537,8.0379,44059,180.7437,-62.672,EK Cru,0,EB,,8.09,,V,,,8.18,,V,2452861.524,,,4.747,,O9.5V,B
0.253042,5933776187446651392,4030832,246.1889457133877,-53.46432922176785,9.108,9.01456,225569,246.18903,-53.46428,HD 147421,0,BCEP,,9.02,,V,Y,,0.054,,V,,,,0.1867509,,B0II,B
0.253417,5964300519946386944,246047409,252.4109271247,-44.52811741754,10.547,10.9923,103763,252.41087,-44.52806,V1363 Sco,0,BCEP,,11.2,,V,,,11.3,,V,2451931.299,,,0.1775968,,B2,B
0.259536,3423446830245966336,45285604,92.13382103694056,21.61089109127225,10.403,10.8418,620844,92.13375,21.61092,EPIC 202061225,0,VAR,,11.0,,Kp,Y,,0.001,,Kp,,,,1.96219,,,B
0.259885,2178385392251185280,421632297,324.86416966250755,57.48353780984839,7.973,8.22047,64163,324.86417,57.48361,NSV 25728,1,VAR:,,8.37,:,V,,,,,,,,,,,B0V,B
0.261441,5940720840274160768,24980984,248.52874880900123,-48.88137683569383,8.299,8.56073,357174,248.52866,-48.88142,[HHR2012] J163406.9-485253,0,VAR,,8.25,,i,Y,,0.07,,i,,,,,,B1Ib,B
0.264726,5933449082691195264,215511795,242.23060781479,-51.96196352268,9.013,9.30106,448222,242.23061,-51.96189,GDS_J1608553-515742,0,VAR,,9.32,,r,Y,,0.13,,r,,,,,,B1Vne,B
0.270549,5877226414641773568,402278535,220.23461123931563,-62.93329222663925,10.02,10.2499,443939,220.23473,-62.93324,GDS_J1440563-625559,0,VAR,,10.38,,r,Y,,0.23,,r,,,,,,em,B
0.270946,5593881404788208512,150222154,117.16059891131,-33.85011543778,10.147,10.8623,424192,117.16051,-33.85013,GDS_J0748385-335100,0,VAR,,10.91,,r,Y,,0.07,,r,,,,,,OB,B
0.271858,5934832229624307712,314529461,244.68219203072,-51.46607632119,8.791,9.66284,448382,244.68225,-51.46601,GDS_J1618437-512757,0,VAR,,9.78,,r,Y,,0.1,,r,,,,,,OB+,B
0.274925,5337709802751076608,466850173,167.04515367743,-60.24638604681,7.311,7.70883,57105,167.045,-60.24639,NSV 18670,1,VAR:,,7.86,,V,,,,,,,,,,,A0II,B
0.279512,5866873481814430976,330281456,211.8568014649435,-60.47060277754348,8.127,8.1111,58476,211.85667,-60.47056,NSV 20041,1,VAR:,,8.19,,V,,,,,,,,,,,O9.5IV(n),B
0.282589,5358976006863699456,446463792,155.90906112473,-49.46592491639,8.973,9.04683,4533096,155.90916,-49.46597,Gaia DR3 5358976006863699456,0,BCEP,,9.03,,G,,,9.07,,G,,,,,,B,
0.28286,1369896865785991424,188549171,237.99944689871,32.94842835277,10.991,10.7852,1545371,237.99954,32.94842,Q1996/077,0,VAR,,10.77,,V,,,10.85,,V,,,,1.12333,,O7p,
0.283458,2204369806948781056,411036508,328.47204244754573,62.60020318144863,7.924,7.89136,64223,328.47208,62.60028,NSV 25788,1,VAR:,,7.92,,V,,,,,,,,,,,B1V,B
0.29175,3222040558010296320,264631525,82.1886883673394,1.64394265240618,7.035,6.86377,54750,82.18875,1.64389,NSV 16315,1,,,6.81,,Hp,,,6.87,,Hp,,,,,,B3V:n,B
0.292811,5241775145481099904,466154310,165.21012409249195,-62.40950183326672,9.455,9.57214,57020,165.21001,-62.40944,NSV 18585,1,,,9.62,,V,,,,,,,,,,,O7,B
0.294852,5333324022662121344,321945301,175.73487687295705,-62.80675882147546,10.052,10.134,184455,175.73505,-62.80678,ASAS J114257-6248.4,0,EA,,10.185,,V,Y,,0.039,,V,2450558.8346,,,0.8921687,,O9V,B
0.298261,4251778414940672128,203496450,280.18143445376734,-8.256372732879182,10.076,10.5085,457952,280.18143,-8.25629,GDS_J1840435-081522,0,VAR,,10.54,,r,Y,,0.06,,r,,,,,,OB,B
0.306281,2020086263658488704,360061032,295.8109079072028,23.267038976899634,10.906,11.4671,237667,295.811,23.26703,V0487 Vul,0,EA,,10.764,,Ic,Y,,0.063,,Ic,2451422.45,:,,0.93,,B1V,B
0.313127,5334624676217002496,305104377,178.39136791134,-62.49104218122,9.52,9.47701,57429,178.39125,-62.49111,NSV 18994,1,VAR:,,9.54,,V,,,,,,,,,,,OB+,B
0.315974,5338298900474179968,465184136,162.7085144145431,-60.08496597026642,9.521,9.51706,433020,162.70869,-60.08496,GDS_J1050509-600505,0,VAR,,9.62,,r,Y,,0.14,,r,,,,,,B2/3III,B
0.320184,2198645573310089600,329992262,333.14160464395064,57.25803726746035,11.329,11.7479,300193,333.14151,57.25811,V0874 Cep,0,BCEP,,12.9,,R,Y,,0.03,,R,,,,0.20289,,B3:V,B
0.321927,5257431675649234816,469221047,148.74340410698116,-59.82963870079755,9.377,9.20518,56738,148.74333,-59.82972,NSV 18303,0,BCEP,,9.22,,V,,,,,,,,,0.2250778,,B2Ib,B
0.324583,5312242811328257920,298690098,143.15050539194,-52.70051878153,9.62,9.7987,429130,143.15065,-52.70054,GDS_J0932361-524201,0,VAR,,9.87,,r,Y,,0.14,,r,,,,,,Be,B
0.325153,511268444458093184,399354108,26.51258017367,61.44195209721,10.546,10.9383,161074,26.51242,61.442,GSC 04032-02795,0,EB,,11.14,,V,,,11.43,,V,2454100.65061,,,6.161,,,
0.329121,5969669744467277824,340406868,253.77822261395,-40.75358876802,9.74,9.65557,59277,253.77834,-40.75361,NSV 20842,1,VAR:,,9.75,,V,,,9.91,:,V,,,,,,B0V,B
0.33392,3051968614828175104,178431738,108.49282692866,-7.32774093294,9.124,9.07213,2212992,108.49292,-7.32775,KELT KJ06C005028,3,EA,,9.07,,V,Y,,0.005,,Ic,2457055.45,,,24.9285,,,
0.337801,4255878906070667392,58193352,284.24797893428,-2.68935306938,9.659,10.2821,460774,284.24792,-2.68928,GDS_J1856595-024121,0,VAR,,10.3,,r,Y,,0.15,,r,,,,,,OB,B
0.344236,3217651891708374784,427347825,83.5162239473111,-1.0357379953655217,6.428,6.20495,54786,83.51625,-1.03583,NSV 16351,1,,,6.22,,V,,,,,,,,,,,B2.5V,B
0.346192,5351448784632614656,458076392,158.91953343554542,-58.21228556917196,8.785,8.71336,6156,158.91971,-58.21231,V0403 Car,0,BCEP,,8.74,,V,Y,,0.033,,V,,,,0.250621,,B1III,B
0.365088,427213254414022656,284440238,9.9572459078879,60.95867162972605,9.682,9.90905,53580,9.95708,60.95861,NSV 15145,1,,,10.72,,V,,,,,,,,,,,O9IV,B
0.36594,5933857482599739392,216333517,245.54040804496088,-52.72656860823001,7.517,7.58715,59028,245.54042,-52.72667,NSV 20593,1,,,7.66,,V,Y,,0.2,,V,,,,,,B1Ia,B
0.372729,5831295999979910656,350355582,246.26086627588,-60.05899194044,9.659,9.91281,59044,246.26083,-60.05889,NSV 20609,1,,,9.79,,V,Y,,0.13,,V,,,,,,A0Iae,B
0.374074,5338522238768987008,305447083,165.91895345067172,-59.43306961479625,8.414,8.41728,57034,165.91875,-59.43306,NSV 18599,1,VAR:,,8.5,,V,,,,,,,,,,,O9.5V,B
0.381371,5863474788285584128,439670072,196.1500569343766,-61.67147711576969,9.087,9.45201,44702,196.15021,-61.6714,V1153 Cen,0,EA,,9.68,,V,,,10.22,,V,2453153.621,,,5.97872,,B0V,B
0.388331,3454627949218109952,116995588,86.18934953278,34.27136658062,10.429,10.6077,174651,86.18948,34.27137,NSVS 6989521,0,E,,10.942,,R1,Y,,0.533,,R1,2451580.68404,,,1.47603,,OB-e,B
0.394883,3131335693444047232,234840662,97.98132609650474,4.942859272641177,6.714,6.70315,55333,97.98125,4.94278,NSV 16898,0,VAR,,6.75,,V,Y,,0.008,,V,,,,,,O5V((f)),B
0.405554,4153657344390915200,114074205,274.51297327029505,-12.242874168993518,8.988,9.43869,62804,274.51291,-12.24278,NSV 24369,1,VAR:,,9.75,,V,,,,,,,,,,,O7(f),B
0.408557,2020526583713710848,451931441,296.47555161177,24.09636643466,7.067,7.56213,63314,296.47543,24.09639,NSV 24879,0,,,7.84,,V,,,7.92,,V,,,,,,B1Ia,B
0.418329,5863473757493410688,439665169,196.1535054096158,-61.71028811728199,7.269,7.88583,58021,196.15375,-61.71028,NSV 19586,1,VAR:,,8.19,,V,,,,,,,,,,,B1/2Ia/ab,B
0.424425,2018021277763530368,360029466,291.74530734850225,21.10633657119493,6.931,7.06374,50662,291.74542,21.10639,NSV 12038,1,,,7.1,,V,,,7.14,,V,,,,,,B5,B
0.434649,5972812973334855424,196873474,260.3158255886848,-37.985989314159255,8.464,9.27224,59965,260.31583,-37.98611,NSV 21530,0,EB,,9.5,,V,,,9.9,,V,2451942.8,,,5.206898,,OB+,B
0.438718,2179492944050949760,316783284,322.240635794926,58.73976807787967,7.156,7.70491,52372,322.24042,58.73972,NSV 13748,1,,,7.83,,V,,,8.0,,V,,,,,,B0,B
0.44827,458374891415941120,348231691,34.86444028296152,57.13823121956019,9.03,9.27732,53916,34.86458,57.13833,NSV 15481,1,,,9.39,,V,,,,,,,,,,,B0.5V,B
0.453774,5971998441402094080,463493659,259.22195964831417,-40.19841624227094,9.555,10.2007,59701,259.22208,-40.19833,NSV 21266,1,VAR:,,10.58,:,V,,,,,,,,,,,OB+,B
0.461213,465531750036366080,14039737,38.15115104370292,61.47377091979176,9.168,9.46215,53970,38.15125,61.47389,NSV 15535,1,VAR:,,9.58,,V,,,,,,,,,,,B2,B
0.461805,5875492519139336704,455463415,229.15284736296488,-60.90401332040738,6.011,5.76886,58717,229.15292,-60.90389,NSV 20282,1,VAR:,,5.73,,V,,,,,,,,,,,B1Ve,B
0.462101,2059075839349023104,89758076,301.49988803992755,35.76231068049866,8.731,8.82378,63441,301.5,35.76222,NSV 25006,1,,,8.4,,V,,,8.98,,V,,,,,,B1III,B
0.46903,5868506703267599360,449384490,200.0516168001828,-62.00623787064305,7.705,7.93234,58162,200.05167,-62.00611,NSV 19727,1,,,8.08,,V,Y,,0.11,,V,,,,,,B0.5Ia,B
0.4692,2028689907833389056,287391647,297.23236577798,28.80920189096,9.346,9.37473,63333,297.23251,28.80917,NSV 24898,1,VAR:,,9.4,,V,,,9.47,,V,,,,,,B2V,B
0.482431,5602033390154015744,128808726,118.40918564952511,-26.234036728577188,9.307,9.30614,56085,118.40917,-26.23417,NSV 17650,1,,,9.37,,V,,,,,,,,,,,O4V,B
0.490168,5350347520660979840,391051577,161.1227699085746,-59.955016634091706,6.764,8.38432,56935,161.1225,-59.955,NSV 18500,1,,,8.49,,V,Y,,0.015,,V,,,,,,O9II,B
0.494839,2061130105002594304,14207262,306.00539499054014,38.51374469806342,8.125,8.65574,63576,306.00543,38.51361,NSV 25141,1,,,8.88,,V,,,8.97,,V,,,,,,O9.5III,B
0.504875,3373411835636675328,45899911,93.09212839010428,18.01606899906238,9.572,9.65672,701158,93.092,18.016,EPIC 202060174,0,VAR,,9.8,,Kp,Y,,0.001,,Kp,,,,2.383698,,,
0.50877,465528726379402112,14039636,38.17723175878,61.45598869763,7.425,7.7713,53972,38.17708,61.45611,NSV 15537,1,,,7.95,,Hp,,,8.02,,Hp,,,,,,O5e,B
0.519322,2012889341577135872,470695242,357.1250850243524,61.98874861923557,8.081,8.45932,64582,357.125,61.98861,NSV 26147,1,,,8.65,,V,,,,,,,,,,,B1Ib,B
0.53015,5337307759445993088,466844157,167.02811445247,-60.82571729814,7.094,7.24375,57104,167.02792,-60.82583,NSV 18669,1,,,7.32,,V,Y,,0.02,,V,,,,,,B3III,B
0.531804,5877234901498723840,404098422,220.86716953816943,-62.96669464784156,6.467,6.3737,58600,220.86749,-62.96667,NSV 20165,1,,,6.33,,V,,,6.39,,V,,,,,,B3IV,B
0.533216,5350304227386859776,459027412,161.47374583153206,-59.951053713416414,9.264,11.1414,43592,161.47363,-59.95119,NSV 4968,2,,,10.8,,pg,,,,,,,,,,,O9.5V,B
0.539325,5862055898575387904,441163023,196.94355213754,-64.20261941858,9.529,9.78177,58038,196.94376,-64.2025,NSV 19603,1,,,9.98,,V,,,,,,,,,,,B0.5Iab,B
0.54273,421675529736368896,319918191,7.05012793566,56.39652309674,10.032,10.0369,53532,7.05,56.39639,NSV 15097,1,,,10.07,,V,,,,,,,,,,,B1/2Ve,B
0.550183,5351457202768029952,457804063,158.3010512679952,-58.170448772813344,8.139,8.18786,56877,158.30125,-58.17056,NSV 18442,1,CST:,,8.4,,V,,,,,,,,,,,O6V(f),B
0.570093,4153234788304295168,332594793,275.94435684503,-12.26652159891,10.06,10.7649,453887,275.94431,-12.26637,GDS_J1823466-121558,0,VAR,,10.83,,r,Y,,0.16,,r,,,,,,OB-,B
0.581934,2207220050318577408,13211704,344.17729486692826,62.624865539419744,8.076,8.53211,52995,344.17749,62.625,NSV 14371,1,,,8.78,,V,,,,,,,,,,,B1,B
0.584182,6054657079878151808,450472587,186.47673964921904,-62.24920489427784,8.348,8.54405,57821,186.47708,-62.24917,NSV 19386,1,,,8.68,,V,,,,,,,,,,,O9.5Ia,B
0.593488,428893136381722240,372502159,6.04742178928,61.3099359614,10.28,10.6049,38777,6.04708,61.30992,NSV 153,1,BE:,,10.64,,V,,,10.74,,V,,,,,,Be,B
0.59375,429982924206091392,406898276,1.6111871994209583,62.50927612067223,10.462,10.5411,38651,1.61083,62.50928,NSV 27,1,BE:,,10.47,,V,,,10.58,,V,,,,,,B1e,B
0.596332,2083644392294059520,187940144,307.62850374937,47.86406792934,8.694,9.02611,230993,307.62875,47.86408,RX J2030.5+4751,0,GCAS+HMXB,,9.16,,V,,,9.24,,V,,,,,,B0.5III-IVe,B
0.600013,458370940045865088,264613302,34.45768624750799,57.09042756367945,8.582,8.77961,53905,34.4575,57.09056,NSV 15470,1,,,8.82,,V,,,8.89,,V,,,,,,B2Ib,B
0.603525,1988341438809437568,66282248,340.88121176498447,48.25539545893749,9.184,9.06637,64385,340.88126,48.25556,NSV 25950,1,,,9.01,,Hp,,,9.12,,Hp,,,,,,B5,B
0.604352,5968022641705148416,337799477,252.89879400056924,-41.77655297384374,8.922,8.79898,59224,252.89874,-41.77639,NSV 20789,1,VAR:,,8.88,,V,,,8.89,,V,,,,,,B0IV,B
0.60973,2051930078899200768,137815897,292.77800600169,38.32821535247,10.42,10.2458,251619,292.77792,38.32806,GSC 03135-00115,0,BCEP,,10.2,,V,,,,,,,,,,,B2V,B
0.611377,6056459797917995392,369435060,192.04315560079,-60.21012304516,7.791,7.85854,57919,192.04292,-60.21,NSV 19484,1,,,7.96,,V,Y,,0.11,,V,,,,,,B0.5Ia,B
0.626652,2059073159271061632,89753789,301.40149825533905,35.62316397436823,8.726,8.75696,63436,301.40167,35.62306,NSV 25001,1,VAR:,,8.84,,V,,,8.86,,V,,,,,,B0II/III,B
0.641291,2207291656008154112,13284088,344.19661653452783,62.72711701955178,7.032,7.44698,64416,344.19666,62.72694,NSV 25981,1,VAR:,,7.65,,V,Y,,0.1,,w,,,,,,O5,B
0.645934,3049993445267147776,124953606,105.1639033717573,-9.20296370616199,6.41,6.38771,55712,105.16375,-9.20306,NSV 17277,1,,,6.47,,V,,,6.5,,V,,,,,,B1Ib,B
0.656914,5333575329765910400,320732668,174.95809534775,-63.47875939465,7.458,7.51867,57268,174.95833,-63.47861,NSV 18833,1,VAR:,,7.61,,V,,,,,,,,,,,O7.5,B
0.660842,1868464984572520448,166354242,317.76569623748605,36.29958238202892,6.644,6.48103,63942,317.76584,36.29944,NSV 25507,1,BCEP:,,6.54,,V,Y,,0.03,,V,,,,,,B1Vp/IVn,B
0.663979,4103751095772700032,433676049,279.052669949229,-14.115500318812856,7.919,8.12008,62954,279.05249,-14.11556,NSV 24519,1,,,8.25,,V,,,,,,,,,,,O7.5Vf,B
0.664095,458371695960355072,264730166,34.706168947632506,57.09720865140914,9.724,9.90208,53910,34.70583,57.09722,NSV 15475,1,,,9.95,,V,Y,,0.12,,V,,,,,,B1V,B
0.713516,3126813913216208512,234068267,101.04142378001,2.39157441793,8.975,9.04066,55603,101.04125,2.39167,NSV 17168,0,BCEP,,8.8,,V,,,,,,,,,0.178633,,B2III,B
0.735842,5862495810636387840,441364026,197.3902186509604,-62.8710102540325,7.921,8.38555,58057,197.39043,-62.87083,NSV 19622,1,VAR:,,8.57,:,V,,,,,,,,,,,B0III,B
0.736761,2058845629092327040,91701712,302.2231000496528,35.51286275924732,8.42,8.34505,63453,302.22333,35.51278,NSV 25018,1,VAR:,,9.01,,V,,,,,,,,,,,B0IV/V,B
0.7609,5861181516334057600,450383399,186.23309913463424,-65.2110156733972,6.838,6.85018,57818,186.23334,-65.21083,NSV 19383,1,,,6.93,,Hp,,,7.0,,Hp,,,,,,B1Iab,B
0.764684,3028510255071329280,50028374,111.98072251067975,-15.385374586087469,8.941,9.30801,55916,111.98083,-15.38556,NSV 17481,1,,,9.4,,V,,,,,,,,,,,O7,B
0.8118,260133700835127808,259402670,71.17160465212181,50.53380418762517,8.799,9.18835,40325,71.17125,50.53381,NSV 1701,1,BE,,9.93,,B,Y,,0.03,,B,,,,,,B1IVe,B
0.812247,2163441792284194944,468624949,314.82719080502,45.49719088601,10.797,11.038,52074,314.82751,45.49722,NSV 13450,1,,,11.6,:,B,,,,,,,,,,,OB,B
0.832538,5598315842568947072,148664685,114.8293546112372,-31.302109114671623,8.216,8.33313,55976,114.82917,-31.30194,NSV 17541,1,,,8.4,,V,,,,,,,,,,,B3Ib,B
0.863381,4152363253526396672,332929039,276.1505441183,-13.97426361692,10.354,10.8691,454072,276.1506,-13.97403,GDS_J1824361-135826,0,VAR,,10.89,,r,Y,,0.14,,r,,,,,,OB,B
0.883971,2059050619299708672,90462401,301.8431516075457,35.81187407318688,9.789,9.87958,63449,301.84332,35.81167,NSV 25014,1,,,9.98,,V,,,10.22,,V,,,,,,ea,B
0.890499,5350441975575391232,459159158,161.8541322243499,-59.21225339605938,9.489,9.82511,56966,161.85417,-59.2125,NSV 18531,0,VAR:,,9.8,,V,Y,,0.01,,V,,,,,,OB,B
0.922587,5869762517369754240,449510152,200.19996970727,-59.99057417394,9.405,9.59546,58169,200.2,-59.99083,NSV 19734,1,,,9.77,,V,,,,,,,,,,,B1:Vnne,B
0.923692,515060522622174080,374211973,31.25606637737841,64.38558600736819,6.849,7.04821,53868,31.25625,64.38583,NSV 15433,1,BCEP:,,7.09,,V,,,,,,,,,,,B1.5II,B
0.943785,1826976974906305536,352529679,300.5920729778371,22.151407852132227,6.333,6.42946,63413,300.59207,22.15167,NSV 24978,1,,,6.52,,Hp,,,6.58,,Hp,,,,,,B1Iab,B
0.950881,5971837225488713472,463501462,259.16237977882685,-40.86625445729736,8.11,8.52409,47048,259.16208,-40.86639,NSV 8424,2,,,8.76,,V,,,,,,,,,,,B0,B
0.954085,4054618353452782976,102142779,263.59175794434,-32.56079736861,8.959,8.95318,47786,263.59207,-32.56083,NSV 9162,1,,,9.03,,V,,,9.4,,V,,,,,,B5,B
0.963159,1970299999201029888,137113608,318.1182871862295,44.531673480476,7.487,7.63592,52224,318.11832,44.53194,NSV 13600,1,,,7.74,,V,,,7.8,,V,,,,,,O9,B
1.027727,3131327653265432704,234834992,97.8369118428692,4.834401133368054,8.095,8.17593,55323,97.83708,4.83417,NSV 16888,1,,,8.14,,V,,,,,,,,,,,O8Vn,B
1.058006,3373408159144488320,386047543,93.18407069818036,17.987286094375868,10.107,10.5674,615169,93.184,17.987,EPIC 202060196,1,VAR,,10.8,,Kp,Y,,0.005,,Kp,,,,1.268619,,,B
1.090779,4153401261232198528,385612674,276.67772354848165,-11.356903899084172,7.285,8.0436,49427,276.67792,-11.35667,NSV 10803,1,,,8.4,,V,Y,,0.03,,V,,,,,,B2,B
1.105348,5934731113297450240,411762082,244.3408758104657,-51.76964163111944,8.941,9.55228,59002,244.34125,-51.76944,NSV 20567,1,VAR:,,9.88,,V,,,,,,,,,,,B0.5Ia,B
1.11946,5543183649492723584,146769327,124.13372272205751,-35.64801982984726,9.826,10.3366,56247,124.13375,-35.64833,NSV 17812,1,VAR:,,10.43,,V,,,,,,,,,,,B0V,B
1.153394,3113680251125330304,301783031,104.16581674911,0.19004033275,10.47,11.2259,18860,104.16563,0.18978,TY Mon,0,DCEP,,12.5,,pg,,,13.4,,pg,2431901.142,,,4.0226946,,K5,B
1.200229,2163389565479690624,297519305,313.38630232989,46.09144723088,10.331,10.6065,52017,313.38666,46.09167,NSV 13393,1,,,10.6,:,V,,,,,,,,,,,OB,B
1.232024,2173415771492887936,421084921,325.89601675005,53.03773151336,9.835,10.6161,230323,325.89642,53.03749,NSVS 3408800,0,CEP,,10.99,,R1,Y,,0.38,,R1,,,,3.63975019,,em,B
1.25038,2061037024473997824,273897184,304.7812524269636,37.769359999228,8.024,8.38171,51631,304.78168,37.76944,NSV 13007,0,,,8.48,,V,,,8.61,,V,,,,,,Bp,B
1.262946,2061342138964571136,11705892,304.1683280400893,38.8992703039455,8.038,8.21716,51600,304.16876,38.89917,NSV 12976,1,,,8.32,,V,,,8.36,,V,,,,,,B0,B
1.290501,3424616538818268928,44755160,91.27361128956954,23.39403502900616,9.772,10.1058,618480,91.274,23.394,EPIC 202060187,0,VAR,,10.2,,Kp,Y,,0.015,,Kp,,,,3.74185,,,B
1.324873,181173677734249600,2856211,80.72380474848049,33.39208409292185,11.911,11.9557,285962,80.7236,33.39241,[LPC2012] V38,0,ROT,,12.005,,V,Y,,0.02,,V,,,,0.28,,B1.5V,B
1.579959,2059236196250413696,42357160,302.35864109756795,36.48875372307735,8.263,8.46603,51474,302.35916,36.48889,NSV 12850,1,,,8.96,,B,Y,,0.08,,B,,,,,,B0,B
