angDist,ID,database,ra,dec,TIC,RAdeg,DEdeg,HIP,TYC,UCAC4,2MASS,objID,WISEA,GAIA,APASS,KIC,S/G,Ref,r_Pos,pmRA,e_pmRA,pmDE,e_pmDE,r_pm,Plx,e_Plx,Vmag,e_Vmag,Gmag,e_Gmag,Tmag,e_Tmag,f_Tmag,Flag,Teff,s_Teff,logg,s_logg,[M/H],e_[M/H],Rad,s_Rad,Mass,s_Mass,Dist,s_Dist,E(B-V),s_E(B-V),e_Dist,E_Dist,RAOdeg,DEOdeg,l,b,sector_list,filenames
0.201345,OGLE-LMC-LPV-12396,3,75.44458333333333,-69.11502777777777,30726507,75.4446767046,-69.11498283218,0,,105-006488,05014670-6906540,0,J050146.72-690653.9,4655290180050563456,0,0,STAR,tmgaia2,tmgaia2,2.003,0.054,0.166,0.066,gaia2,-0.045,0.0333,15.337,0.137,13.8276,0.006092,12.542,0.009,rered,gaia2,3760.0,124.0,,,,,75.031,,,,8327.7,1294.18,0.4871,,1169.56,1418.8,75.44470089778,-69.11498211831,-79.76394167120915,-34.897328893697825,"[61, 63, 64, 65, 67, 69, 66]","['hlsp_tess-spoc_tess_phot_0000000030726507-s0061_tess_v1_lc.fits', 'hlsp_tess-spoc_tess_phot_0000000030726507-s0063_tess_v1_lc.fits', 'hlsp_tess-spoc_tess_phot_0000000030726507-s0064_tess_v1_lc.fits', 'hlsp_tess-spoc_tess_phot_0000000030726507-s0065_tess_v1_lc.fits', 'hlsp_tess-spoc_tess_phot_0000000030726507-s0067_tess_v1_lc.fits', 'hlsp_tess-spoc_tess_phot_0000000030726507-s0069_tess_v1_lc.fits', 'hlsp_tess-spoc_tess_phot_0000000030726507-s0066_tess_v1_lc.fits']"
0.0673,OGLE-LMC-LPV-01700,3,70.57912499999999,-69.34938888888888,294665029,70.57909510321,-69.34937345157,0,,104-004413,04421899-6920577,0,J044218.99-692057.7,4656160306000923648,32263085,0,STAR,tmgaia2,tmgaia2,2.092,0.094,-0.298,0.123,gaia2,-0.0203,0.0591,15.693,0.206,13.9437,0.016249,12.563,0.017,rered,gaia2,3040.0,128.0,,,,,,,,,5444.48,1041.53,0.1349,0.0,916.34,1166.72,70.57912063753,-69.34937473391,-78.82933379944562,-36.46364729414114,"[61, 63, 64, 65, 67, 68, 69, 66]","['hlsp_tess-spoc_tess_phot_0000000294665029-s0061_tess_v1_lc.fits', 'hlsp_tess-spoc_tess_phot_0000000294665029-s0063_tess_v1_lc.fits', 'hlsp_tess-spoc_tess_phot_0000000294665029-s0064_tess_v1_lc.fits', 'hlsp_tess-spoc_tess_phot_0000000294665029-s0065_tess_v1_lc.fits', 'hlsp_tess-spoc_tess_phot_0000000294665029-s0067_tess_v1_lc.fits', 'hlsp_tess-spoc_tess_phot_0000000294665029-s0068_tess_v1_lc.fits', 'hlsp_tess-spoc_tess_phot_0000000294665029-s0069_tess_v1_lc.fits', 'hlsp_tess-spoc_tess_phot_0000000294665029-s0066_tess_v1_lc.fits']"
0.090987,OGLE-LMC-LPV-11379,3,75.19429166666666,-69.06780555555555,30636617,75.19432633294,-69.06778352398,0,,105-006294,05004662-6904040,0,J050046.62-690404.0,4655293134989278464,0,0,STAR,tmgaia2,tmgaia2,2.079,0.07,0.189,0.087,gaia2,-0.1685,0.0427,15.253,0.103,13.9781,0.005587,12.7,0.008,rered,gaia2,3631.0,124.0,,,,,72.719,,,,8819.65,1415.14,0.3798,,1287.72,1542.55,75.19435138643,-69.06778271132,-79.7899344562769,-34.99609466504842,"[61, 63, 64, 65, 69]","['hlsp_tess-spoc_tess_phot_0000000030636617-s0061_tess_v1_lc.fits', 'hlsp_tess-spoc_tess_phot_0000000030636617-s0063_tess_v1_lc.fits', 'hlsp_tess-spoc_tess_phot_0000000030636617-s0064_tess_v1_lc.fits', 'hlsp_tess-spoc_tess_phot_0000000030636617-s0065_tess_v1_lc.fits', 'hlsp_tess-spoc_tess_phot_0000000030636617-s0069_tess_v1_lc.fits']"
0.058746,OGLE-LMC-LPV-88458,3,88.85058333333333,-69.58727777777777,31414244,88.85062202862,-69.58726860477,0,,103-019006,05552414-6935142,0,J055524.15-693514.2,4657455839941008000,33108357,0,STAR,tmgaia2,tmgaia2,1.728,0.087,0.912,0.127,gaia2,-0.2124,0.0574,16.186,0.16,14.0912,0.005924,12.813,0.008,rered,gaia2,3227.0,124.0,,,,,,,,,7857.41,1460.47,0.1244,0.0,1310.74,1610.21,88.85064335972,-69.58726467976,-80.110393289532,-30.16499933839008,"[61, 63, 64, 65, 67, 68, 69]","['hlsp_tess-spoc_tess_phot_0000000031414244-s0061_tess_v1_lc.fits', 'hlsp_tess-spoc_tess_phot_0000000031414244-s0063_tess_v1_lc.fits', 'hlsp_tess-spoc_tess_phot_0000000031414244-s0064_tess_v1_lc.fits', 'hlsp_tess-spoc_tess_phot_0000000031414244-s0065_tess_v1_lc.fits', 'hlsp_tess-spoc_tess_phot_0000000031414244-s0067_tess_v1_lc.fits', 'hlsp_tess-spoc_tess_phot_0000000031414244-s0068_tess_v1_lc.fits', 'hlsp_tess-spoc_tess_phot_0000000031414244-s0069_tess_v1_lc.fits']"
0.06827,OGLE-BLG-ECL-138753,4,267.86775,-29.876472222222223,130150682,267.86774580316,-29.87645361081,0,,301-144819,17512823-2952356,0,,4056443366649948160,0,0,STAR,tmgaia2,tmgaia2,0.499,0.215,-5.161,0.153,gaia2,0.7214,0.0597,16.006,0.15,15.6845,0.00087,14.95,0.016,rered,spect,6075.0,86.0,4.3065,,0.28,0.1,1.242,,1.14,,1344.97,111.665,0.3932,,,,267.86774828204,-29.87647583264,-0.1485012606627836,-1.5766584706818572,[39],['hlsp_tess-spoc_tess_phot_0000000130150682-s0039_tess_v1_lc.fits']
0.164691,OGLE-GD-LPV-018489,4,277.92125,-9.141805555555557,215675516,277.92126351573,-9.14184931365,0,,,18314110-0908305,0,J183141.10-090830.6,4156335720319666816,0,0,STAR,tmgaia2,tmgaia2,,,,,,,,,,15.7685,0.088683,9.633,1.0,jhk,,,,,,,,,,,,,,,,,,277.92126351573,-9.14184931365,22.55318644990419,0.1829187719984134,[80],['hlsp_tess-spoc_tess_phot_0000000215675516-s0080_tess_v1_lc.fits']
0.114644,OGLE-GD-LPV-002414,4,182.259875,-63.72025,381038804,182.25980554158,-63.72025826956,0,,,12090237-6343129,0,J120902.35-634312.9,6054086227173392512,0,0,STAR,tmgaia2,tmgaia2,,,,,,,,,,13.3738,0.024987,9.396,1.0,jhk,,,,,,,,,,,,,,,,,,182.25980554158,-63.72025826956,-61.74063094786232,-1.2338096003185175,"[64, 65]","['hlsp_tess-spoc_tess_phot_0000000381038804-s0064_tess_v1_lc.fits', 'hlsp_tess-spoc_tess_phot_0000000381038804-s0065_tess_v1_lc.fits']"
0.183969,OGLE-GD-LPV-019857,4,280.256,-2.20675,180119596,280.25596358874,-2.20678588397,0,,,18410143-0212243,0,J184101.46-021224.7,4259520965276030080,0,0,STAR,tmgaia2,tmgaia2,,,,,,,,,,12.9583,0.035241,7.981,1.0,jhk,,,,,,,,,,,,,,,,,,280.25596358874,-2.20678588397,29.780163466386945,1.3086694834586758,[80],['hlsp_tess-spoc_tess_phot_0000000180119596-s0080_tess_v1_lc.fits']
0.118529,OGLE-GD-LPV-021904,4,282.7250416666666,-0.7689166666666667,183482805,282.72503936112,-0.7689495107,0,,,18505400-0046082,0,J185054.02-004608.0,4266063716629415808,0,0,STAR,tmgaia2,tmgaia2,,,,,,,,,,15.3798,0.098824,9.8,1.0,jhk,,,,,,,,,,,,,,,,,,282.72503936112,-0.7689495107,32.186296865890455,-0.2309679002944682,[80],['hlsp_tess-spoc_tess_phot_0000000183482805-s0080_tess_v1_lc.fits']
0.126117,OGLE-GD-LPV-023510,4,285.18091666666663,9.332055555555556,222767597,285.18095060503,9.33204527255,0,,,19004343+0919553,0,J190043.41+091955.2,4310637368234584704,0,0,STAR,tmgaia2,tmgaia2,,,,,,,,,,15.1182,0.030447,10.416,1.0,jhk,,,,,,,,,,,,,,,,,,285.18095060503,9.33204527255,42.29337227933088,2.1988656200695385,[80],['hlsp_tess-spoc_tess_phot_0000000222767597-s0080_tess_v1_lc.fits']
0.159592,OGLE-GD-LPV-020554,4,280.9720416666666,-2.791722222222222,186427056,280.97206650047,-2.79175896459,0,,,18435329-0247302,0,J184353.30-024730.2,4258676647729660544,0,0,STAR,tmgaia2,tmgaia2,,,,,,,,,,14.0828,0.075072,10.411,1.0,jhk,,,,,,,,,,,,,,,,,,280.97206650047,-2.79175896459,29.58686181995689,0.4050255452840456,[80],['hlsp_tess-spoc_tess_phot_0000000186427056-s0080_tess_v1_lc.fits']
0.098524,OGLE-GD-LPV-016726,4,256.1864583333333,-43.79413888888889,124671431,256.18642745509,-43.79415476995,0,,,17044474-4347389,0,J170444.74-434738.8,5965322825248279936,0,0,STAR,tmgaia2,tmgaia2,,,,,,,,,,14.0871,0.045954,6.664,1.0,jhk,,,,,,,,,,,,,,,,,,256.18642745509,-43.79415476995,-16.883321263644774,-1.5581069215819527,[66],['hlsp_tess-spoc_tess_phot_0000000124671431-s0066_tess_v1_lc.fits']
0.067842,OGLE-GD-LPV-009845,4,237.5932083333333,-50.79975,277197160,237.59318334448,-50.79976028039,0,,,15502236-5047590,0,J155022.37-504759.1,5982177067189572736,0,0,STAR,tmgaia2,tmgaia2,,,,,,,,,,14.1942,0.016508,9.608,1.0,jhk,,,,,,,,,,,,,,,,,,237.59318334448,-50.79976028039,-30.6249648831452,2.649838459868341,[65],['hlsp_tess-spoc_tess_phot_0000000277197160-s0065_tess_v1_lc.fits']
0.063462,OGLE-BLG-LPV-233092,4,255.679125,-38.16533333333333,346509039,255.67913935621,-38.16534687405,0,,,17024300-3809551,0,J170243.00-380955.4,5976349380713740544,0,0,STAR,tmgaia2,tmgaia2,,,,,,,,,,15.0556,0.028452,9.593,1.0,jhk,,,,,,,,,,,,,,,,,,255.67913935621,-38.16534687405,-12.648143957789628,2.170146827441361,[66],['hlsp_tess-spoc_tess_phot_0000000346509039-s0066_tess_v1_lc.fits']
0.07999,OGLE-GD-LPV-017154,4,257.7532916666666,-43.02744444444444,381892596,257.75329340856,-43.02746662733,0,,,17110079-4301388,0,J171100.84-430138.7,5965275683685235328,0,0,STAR,tmgaia2,tmgaia2,,,,,,,,,,14.7136,0.02181,9.898,1.0,jhk,,,,,,,,,,,,,,,,,,257.75329340856,-43.02746662733,-15.5872298848837,-2.01091772642143,[66],['hlsp_tess-spoc_tess_phot_0000000381892596-s0066_tess_v1_lc.fits']
0.034672,OGLE-GD-LPV-024114,4,286.21312499999993,1.5284444444444445,177842223,286.21313051288,1.52843654596,0,,,19045115+0131423,0,J190451.17+013142.6,4267574239424462208,0,0,STAR,tmgaia2,tmgaia2,,,,,,,,,,14.1789,0.06369,9.74,1.0,jhk,,,,,,,,,,,,,,,,,,286.21313051288,1.52843654596,35.823379871570495,-2.285683525333257,[80],['hlsp_tess-spoc_tess_phot_0000000177842223-s0080_tess_v1_lc.fits']
0.194987,OGLE-BLG-LPV-263717,4,276.6015833333333,-11.39925,385525361,276.60155852952,-11.39929839874,0,,,18262436-1123572,0,J182624.47-112358.2,4153395866753305600,0,0,STAR,tmgaia2,tmgaia2,,,,,,,,,,13.369,0.024918,9.181,1.0,jhk,,,,,,,,,,,,,,,,,,276.60155852952,-11.39929839874,19.950947545042062,0.2850899007705361,[80],['hlsp_tess-spoc_tess_phot_0000000385525361-s0080_tess_v1_lc.fits']
0.077394,OGLE-GD-LPV-013769,4,249.22791666666663,-48.35316666666667,31031069,249.22788653158,-48.35315884748,0,,,16365469-4821115,0,J163654.67-482111.3,5940944968860091776,0,0,STAR,tmgaia2,tmgaia2,,,,,,,,,,15.6473,0.029678,9.897,1.0,jhk,,,,,,,,,,,,,,,,,,249.22788653158,-48.35315884748,-23.470758643464592,-0.7547485170105049,[66],['hlsp_tess-spoc_tess_phot_0000000031031069-s0066_tess_v1_lc.fits']
0.10432,OGLE-GD-LPV-018623,4,278.216375,-8.899638888888889,216693041,278.21640140343,-8.89965150823,0,,,18325193-0853587,0,J183251.95-085358.8,4156346784155389568,0,0,STAR,tmgaia2,tmgaia2,-1.573,0.629,-3.907,0.595,gaia2,0.5454,0.382,,,16.3374,0.050864,10.03,1.0,jhk,gaia2,,,,,,,,,,,2354.06,1833.51,1.1157,0.1636,1109.24,2557.78,278.21639454974,-8.89966833007,22.902621221916583,0.0362969138034802,[80],['hlsp_tess-spoc_tess_phot_0000000216693041-s0080_tess_v1_lc.fits']
0.080362,OGLE-GD-LPV-018080,4,276.86024999999995,-4.379527777777778,132672189,276.8602276142,-4.37952745707,0,,,18272645-0422462,0,J182726.46-042246.1,4257475706139559296,0,0,STAR,tmgaia2,tmgaia2,,,,,,,,,,16.6886,0.103754,10.153,1.0,jhk,,,,,,,,,,,,,,,,,,276.8602276142,-4.37952745707,26.289411766971824,3.320738054243124,[80],['hlsp_tess-spoc_tess_phot_0000000132672189-s0080_tess_v1_lc.fits']
0.038673,OGLE-BLG-LPV-237989,4,261.256,-39.81022222222222,463772527,261.25599651402,-39.81023262548,0,,,17250144-3948367,0,J172501.45-394836.7,5960396978840589312,0,0,STAR,tmgaia2,tmgaia2,,,,,,,,,,13.8953,0.027199,9.733,1.0,jhk,,,,,,,,,,,,,,,,,,261.25599651402,-39.81023262548,-11.442305951438334,-2.3056878642502374,[66],['hlsp_tess-spoc_tess_phot_0000000463772527-s0066_tess_v1_lc.fits']
0.088184,OGLE-GD-LPV-018680,4,278.35966666666667,-10.098833333333332,217729833,278.35967753782,-10.09885536718,0,,,18332631-1005557,0,,4155102858547521024,0,0,STAR,tmgaia2,tmgaia2,,,,,,,,,,16.9528,0.00596,10.25,1.0,jhk,,,,,,,,,,,,,,,,,,278.35967753782,-10.09885536718,21.90391904889697,-0.6424322935412667,[80],['hlsp_tess-spoc_tess_phot_0000000217729833-s0080_tess_v1_lc.fits']
0.134974,OGLE-GD-LPV-016414,4,255.1798333333333,-47.381972222222224,122205843,255.17981210162,-47.38200684938,0,,,17004315-4722552,0,J170043.16-472255.2,5939039034140714112,0,0,STAR,tmgaia2,tmgaia2,,,,,,,,,,14.8449,0.065836,9.342,1.0,jhk,,,,,,,,,,,,,,,,,,255.17981210162,-47.38200684938,-20.158913049406504,-3.188366966333174,[66],['hlsp_tess-spoc_tess_phot_0000000122205843-s0066_tess_v1_lc.fits']
0.171994,OGLE-GD-LPV-018950,4,279.0600833333333,5.07775,106774563,279.0601143383,5.0777864526,0,,476-084421,18361442+0504399,0,J183614.42+050439.8,4283893912559950848,38796579,0,STAR,tmgaia2,tmgaia2,-4.534,0.296,-13.867,0.254,gaia2,0.6021,0.1778,14.664,0.08,11.528,0.02998,9.628,0.032,rered,gaia2,,,,,,,,,,,1704.68,733.305,0.4554,0.0588,475.71,990.9,279.06009473879,5.07772674918,35.73566471302537,5.687354863149647,[80],['hlsp_tess-spoc_tess_phot_0000000106774563-s0080_tess_v1_lc.fits']
0.199996,OGLE-GD-LPV-002961,4,189.60891666666663,-61.33175000000001,338531279,189.60880106087,-61.33174677091,0,,,12382613-6119542,0,J123826.14-611954.1,6056292873963262208,0,0,STAR,tmgaia2,tmgaia2,,,,,,,,,,13.2497,0.019535,9.777,1.0,jhk,,,,,,,,,,,,,,,,,,189.60880106087,-61.33174677091,-58.62738120418812,1.5006255172171905,"[64, 65]","['hlsp_tess-spoc_tess_phot_0000000338531279-s0064_tess_v1_lc.fits', 'hlsp_tess-spoc_tess_phot_0000000338531279-s0065_tess_v1_lc.fits']"
0.080918,OGLE-GD-LPV-000483,4,130.530625,-41.25186111111111,181141151,130.53060592846,-41.25184380094,0,,,08420736-4115067,0,J084207.34-411506.7,5525285867925852032,0,0,STAR,tmgaia2,tmgaia2,,,,,,,,,,13.5325,0.012713,9.133,1.0,jhk,,,,,,,,,,,,,,,,,,130.53060592846,-41.25184380094,-98.81678516817948,0.5769584216885557,"[61, 62]","['hlsp_tess-spoc_tess_phot_0000000181141151-s0061_tess_v1_lc.fits', 'hlsp_tess-spoc_tess_phot_0000000181141151-s0062_tess_v1_lc.fits']"
0.094262,OGLE-GD-LPV-024794,4,287.33883333333324,17.030055555555556,395154410,287.33881846599,17.03003356668,0,,536-091871,19092132+1701483,0,J190921.31+170147.9,4513538387859402112,0,0,STAR,tmgaia2,tmgaia2,,,,,,,,,,14.1338,0.03568,8.969,1.0,jhk,,,,,,,,,,,,,,,,,,287.33881846599,17.03003356668,50.1116435892728,3.846596926291171,"[80, 81]","['hlsp_tess-spoc_tess_phot_0000000395154410-s0080_tess_v1_lc.fits', 'hlsp_tess-spoc_tess_phot_0000000395154410-s0081_tess_v1_lc.fits']"
0.058625,OGLE-GD-LPV-024863,4,287.46225,16.416527777777777,395577072,287.46224563008,16.41651204166,0,,,19095094+1624593,0,J190950.92+162459.8,4513080372541275904,0,0,STAR,tmgaia2,tmgaia2,,,,,,,,,,14.6627,0.022772,9.934,1.0,jhk,,,,,,,,,,,,,,,,,,287.46224563008,16.41651204166,49.61933647172268,3.46058465259523,"[80, 81]","['hlsp_tess-spoc_tess_phot_0000000395577072-s0080_tess_v1_lc.fits', 'hlsp_tess-spoc_tess_phot_0000000395577072-s0081_tess_v1_lc.fits']"
0.124241,OGLE-GD-LPV-012439,4,246.39058333333327,-49.45238888888889,5331069,246.39055125153,-49.45241638576,0,,,16253373-4927085,0,J162533.70-492708.5,5941380203645400960,0,0,STAR,tmgaia2,tmgaia2,,,,,,,,,,15.9392,0.010328,9.132,1.0,jhk,,,,,,,,,,,,,,,,,,246.39055125153,-49.45241638576,-25.54898360265421,-0.1487738359413827,[66],['hlsp_tess-spoc_tess_phot_0000000005331069-s0066_tess_v1_lc.fits']
0.195181,OGLE-GD-LPV-025030,4,287.7720833333333,14.306361111111112,396404087,287.77205878648,14.30631239016,0,,,19110530+1418230,0,J191105.31+141822.6,4320376911001713664,0,0,STAR,tmgaia2,tmgaia2,,,,,,,,,,14.1818,0.037524,9.313,1.0,jhk,,,,,,,,,,,,,,,,,,287.77205878648,14.30631239016,47.88062734501762,2.22507013792493,"[80, 81]","['hlsp_tess-spoc_tess_phot_0000000396404087-s0080_tess_v1_lc.fits', 'hlsp_tess-spoc_tess_phot_0000000396404087-s0081_tess_v1_lc.fits']"
0.078962,OGLE-BLG-LPV-236863,4,260.24162499999994,-39.47741666666667,195834343,260.24162595729,-39.47743858812,0,,,17205798-3928386,0,J172058.01-392838.9,5972393715817452544,0,0,STAR,tmgaia2,tmgaia2,,,,,,,,,,12.9489,0.006314,9.924,1.0,jhk,,,,,,,,,,,,,,,,,,260.24162595729,-39.47743858812,-11.60927627683566,-1.4732166376804474,[66],['hlsp_tess-spoc_tess_phot_0000000195834343-s0066_tess_v1_lc.fits']
0.178158,OGLE-GD-LPV-022343,4,283.27087499999993,-1.589527777777778,54681114,283.27089458266,-1.58957322993,0,,,18530501-0135224,0,J185305.03-013522.4,4265196786091659520,0,0,STAR,tmgaia2,tmgaia2,,,,,,,,,,14.8973,0.125484,9.95,1.0,jhk,,,,,,,,,,,,,,,,,,283.27089458266,-1.58957322993,31.704646359715365,-1.0907663348241647,[80],['hlsp_tess-spoc_tess_phot_0000000054681114-s0080_tess_v1_lc.fits']
0.084907,OGLE-GD-LPV-003393,4,194.68041666666664,-58.16138888888889,253127988,194.68037195815,-58.16138896994,0,,,12584330-5809409,0,J125843.28-580941.1,6057294567748864512,0,0,STAR,tmgaia2,tmgaia2,,,,,,,,,,14.3436,0.029745,9.968,1.0,jhk,,,,,,,,,,,,,,,,,,194.68037195815,-58.16138896994,-56.104358121893206,4.696728673523547,"[64, 65]","['hlsp_tess-spoc_tess_phot_0000000253127988-s0064_tess_v1_lc.fits', 'hlsp_tess-spoc_tess_phot_0000000253127988-s0065_tess_v1_lc.fits']"
0.094161,OGLE-BLG-LPV-240065,4,262.6884166666666,-37.13875,175626103,262.68842883811,-37.13877428966,0,,,17304521-3708195,0,J173045.24-370819.5,5974215950162096512,0,0,STAR,tmgaia2,tmgaia2,,,,,,,,,,13.9191,0.039378,9.572,1.0,jhk,,,,,,,,,,,,,,,,,,262.68842883811,-37.13877428966,-8.59582796096418,-1.7566316661486834,[66],['hlsp_tess-spoc_tess_phot_0000000175626103-s0066_tess_v1_lc.fits']
0.139097,OGLE-GD-LPV-009704,4,236.980125,-52.440861111111104,272514690,236.98006330796,-52.4408699808,0,,,15475524-5226270,0,J154755.21-522627.1,5885899671538170880,0,0,STAR,tmgaia2,tmgaia2,,,,,,,,,,16.0428,0.031703,9.696,1.0,jhk,,,,,,,,,,,,,,,,,,236.98006330796,-52.4408699808,-31.946614231448805,1.604001040153868,[65],['hlsp_tess-spoc_tess_phot_0000000272514690-s0065_tess_v1_lc.fits']
0.016012,OGLE-GD-LPV-015849,4,253.6109166666666,-46.82055555555556,247143687,253.61091995206,-46.82055939341,0,,,16542662-4649142,0,J165426.63-464914.0,5939898439905594752,0,0,STAR,tmgaia2,tmgaia2,-0.035,0.438,-2.166,0.34,gaia2,-0.3791,0.2354,,,14.1043,0.056179,9.069,1.0,jhk,gaia2,,,,,,,,,,,5487.81,2379.78,2.2291,0.3829,1896.12,2863.44,253.61091973286,-46.82056872126,-20.383464092576443,-2.002892651236514,[66],['hlsp_tess-spoc_tess_phot_0000000247143687-s0066_tess_v1_lc.fits']
0.24337,OGLE-GD-LPV-023566,4,285.2904583333333,9.85886111111111,222852929,285.29040791151,9.85881526017,0,,,19010970+0951317,0,J190109.69+095131.5,4310949560803777664,0,0,STAR,tmgaia2,tmgaia2,,,,,,,,,,14.0483,0.067714,8.659,1.0,jhk,,,,,,,,,,,,,,,,,,285.29040791151,9.85881526017,42.8118595722874,2.3430292199301954,[80],['hlsp_tess-spoc_tess_phot_0000000222852929-s0080_tess_v1_lc.fits']
0.103369,OGLE-GD-LPV-000513,4,131.88049999999998,-38.81066666666666,181724026,131.88048407298,-38.8106407736,0,,256-030876,08473133-3848382,0,J084731.34-384838.3,5528914565541320064,0,0,STAR,tmgaia2,tmgaia2,,,,,,,,15.431,0.186,13.271,0.024644,9.89,0.168,vjk,,,,,,,,,,,,,,,,,,131.88048407298,-38.8106407736,-100.08852361333156,2.9032453672092924,[62],['hlsp_tess-spoc_tess_phot_0000000181724026-s0062_tess_v1_lc.fits']
0.095126,OGLE-GD-LPV-016124,4,254.352125,-41.57486111111111,342388505,254.35209424728,-41.57487410926,0,,,16572452-4134295,0,J165724.50-413429.4,5966583518389222912,0,0,STAR,tmgaia2,tmgaia2,,,,,,,,,,15.459,0.027334,10.044,1.0,jhk,,,,,,,,,,,,,,,,,,254.35209424728,-41.57487410926,-15.96135912784118,0.8693776205829143,[66],['hlsp_tess-spoc_tess_phot_0000000342388505-s0066_tess_v1_lc.fits']
0.086153,OGLE-GD-LPV-003688,4,197.75791666666663,-64.18738888888889,441983695,197.75786341895,-64.18738296138,0,,,13110191-6411145,0,J131101.90-641114.5,5862045560661722624,0,0,STAR,tmgaia2,tmgaia2,,,,,,,,,,14.858,0.048553,9.541,1.0,jhk,,,,,,,,,,,,,,,,,,197.75786341895,-64.18738296138,-54.93662382618231,-1.3967601365611844,"[64, 65]","['hlsp_tess-spoc_tess_phot_0000000441983695-s0064_tess_v1_lc.fits', 'hlsp_tess-spoc_tess_phot_0000000441983695-s0065_tess_v1_lc.fits']"
0.034315,OGLE-BLG-LPV-245655,4,264.8250833333333,-36.1395,263675855,264.82508545717,-36.13950937636,0,,,17391802-3608222,0,,4041155280341918976,0,0,STAR,tmgaia2,tmgaia2,,,,,,,,,,13.7088,0.021101,9.658,1.0,jhk,,,,,,,,,,,,,,,,,,264.82508545717,-36.13950937636,-6.82757924163697,-2.659757814246696,[66],['hlsp_tess-spoc_tess_phot_0000000263675855-s0066_tess_v1_lc.fits']
0.057493,OGLE-GD-LPV-018082,4,276.863375,-11.086972222222222,386345413,276.86339071398,-11.08696806914,0,,,18272720-1105132,0,J182727.21-110513.1,4153433799899249408,0,0,STAR,tmgaia2,tmgaia2,,,,,,,,,,14.6958,0.027382,10.182,1.0,jhk,,,,,,,,,,,,,,,,,,276.86339071398,-11.08696806914,20.346881022063595,0.2033197624081939,[80],['hlsp_tess-spoc_tess_phot_0000000386345413-s0080_tess_v1_lc.fits']
0.097719,OGLE-GD-LPV-004116,4,201.99825,-61.20827777777778,312912020,201.99819385053,-61.20827543854,0,,,13275957-6112297,0,J132759.61-611229.6,5868670839755504384,0,0,STAR,tmgaia2,tmgaia2,,,,,,,,,,14.623,0.033399,9.718,1.0,jhk,,,,,,,,,,,,,,,,,,201.99819385053,-61.20827543854,-52.679724842303656,1.3516181244275671,[65],['hlsp_tess-spoc_tess_phot_0000000312912020-s0065_tess_v1_lc.fits']
0.143397,OGLE-GD-LPV-023882,4,285.85341666666665,-0.5438055555555555,308333772,285.85342127956,-0.54376599098,0,,448-094716,19032482-0032375,0,J190324.87-003237.9,4265533992516182912,0,0,STAR,tmgaia2,tmgaia2,-4.829,0.424,-7.079,0.359,gaia2,0.4503,0.1839,16.851,0.103,11.3881,0.016415,9.554,0.025,rered,gaia2,,,,,,,,,,,2246.0,1201.77,0.335,0.1032,741.33,1662.2,285.85340048731,-0.54379647212,33.81363065756159,-2.9124542791030863,[80],['hlsp_tess-spoc_tess_phot_0000000308333772-s0080_tess_v1_lc.fits']
0.126791,OGLE-GD-LPV-022197,4,283.0817083333333,-0.5386111111111112,53632032,283.08169181249,-0.53864221602,0,,,18521960-0032190,0,J185219.62-003218.9,4266085260191938048,0,0,STAR,tmgaia2,tmgaia2,,,,,,,,,,15.4523,0.037304,10.322,1.0,jhk,,,,,,,,,,,,,,,,,,283.08169181249,-0.53864221602,32.55388954330108,-0.4433719601129465,[80],['hlsp_tess-spoc_tess_phot_0000000053632032-s0080_tess_v1_lc.fits']
0.092592,OGLE-GD-LPV-011156,4,242.80379166666663,-46.88188888888889,163812501,242.80375456089,-46.88188461168,0,,,16111290-4652547,0,J161112.90-465254.8,5990093997593735552,0,0,STAR,tmgaia2,tmgaia2,,,,,,,,,,13.6884,0.033859,9.48,1.0,jhk,,,,,,,,,,,,,,,,,,242.80375456089,-46.88188461168,-25.46248996636288,3.3608198350808696,[65],['hlsp_tess-spoc_tess_phot_0000000163812501-s0065_tess_v1_lc.fits']
0.037265,OGLE-BLG-LPV-235035,4,258.53816666666665,-36.96638888888889,188674295,258.53817296892,-36.9663979331,0,,,17140916-3657591,0,,5973808203149220352,0,0,STAR,tmgaia2,tmgaia2,,,,,,,,,,16.2083,0.019898,10.057,1.0,jhk,,,,,,,,,,,,,,,,,,258.53817296892,-36.9663979331,-10.331942442946602,1.0692363581791773,[66],['hlsp_tess-spoc_tess_phot_0000000188674295-s0066_tess_v1_lc.fits']
0.067532,OGLE-BLG-LPV-259374,4,272.68720833333333,-15.903111111111112,106702430,272.68719762324,-15.9031267891,0,,,18104493-1554110,0,J181044.93-155411.1,4145700144356912384,0,0,STAR,tmgaia2,tmgaia2,,,,,,,,,,14.8407,0.034252,10.073,1.0,jhk,,,,,,,,,,,,,,,,,,272.68719762324,-15.9031267891,14.182753296411994,1.502396233458422,[80],['hlsp_tess-spoc_tess_phot_0000000106702430-s0080_tess_v1_lc.fits']
0.043866,OGLE-BLG-LPV-263130,4,276.06637499999994,-13.924638888888888,332928247,276.06637924692,-13.92465035548,0,,,18241592-1355286,0,,4152367239254871808,0,0,STAR,tmgaia2,tmgaia2,,,,,,,,,,15.424,0.025591,9.823,1.0,jhk,,,,,,,,,,,,,,,,,,276.06637924692,-13.92465035548,17.4740416028478,-0.4327194373989413,[80],['hlsp_tess-spoc_tess_phot_0000000332928247-s0080_tess_v1_lc.fits']
0.10769,OGLE-GD-LPV-014107,4,249.9159583333333,-46.27494444444444,231788908,249.91595604461,-46.27497431652,0,,,16393983-4616299,0,J163939.86-461629.5,5942931477143386624,0,0,STAR,tmgaia2,tmgaia2,,,,,,,,,,13.1385,0.03471,8.275,1.0,jhk,,,,,,,,,,,,,,,,,,249.91595604461,-46.27497431652,-21.612895181857603,0.2868828651566047,[66],['hlsp_tess-spoc_tess_phot_0000000231788908-s0066_tess_v1_lc.fits']
0.016287,OGLE-GD-LPV-021896,4,282.70775,-2.0181666666666667,183548180,282.70775177184,-2.01816250353,0,,,18504985-0201054,0,J185049.84-020105.3,4259165758599846400,0,0,STAR,tmgaia2,tmgaia2,-4.097,0.642,-6.341,0.554,gaia2,1.3377,0.3759,,,17.1642,0.086917,10.191,1.0,jhk,gaia2,,,,,,,,,,,830.336,519.302,0.9622,0.2406,272.321,766.284,282.70773412293,-2.01818980299,31.0665052761355,-0.7851335260885239,[80],['hlsp_tess-spoc_tess_phot_0000000183548180-s0080_tess_v1_lc.fits']
0.288137,OGLE-GD-LPV-020785,4,281.232625,-9.734805555555557,164355155,281.23254661966,-9.73482649066,0,,,18445580-0944052,0,J184455.82-094405.1,4107279252394675200,4405458,0,STAR,tmgaia2,tmgaia2,,,,,,,,,,13.7051,0.049394,9.495,1.0,jhk,,,,,,,,,,,,,,,,,,281.23254661966,-9.73482649066,23.523658306789905,-2.9921078305454283,[80],['hlsp_tess-spoc_tess_phot_0000000164355155-s0080_tess_v1_lc.fits']
0.066814,OGLE-GD-LPV-013135,4,248.0655416666667,-43.347388888888894,227587714,248.06551685867,-43.34739324691,0,,,16321572-4320505,0,J163215.72-432050.3,5944521164776175232,0,0,STAR,tmgaia2,tmgaia2,,,,,,,,,,13.1763,0.009092,8.509,1.0,jhk,,,,,,,,,,,,,,,,,,248.06551685867,-43.34739324691,-20.331475352405725,3.2283445634419845,[66],['hlsp_tess-spoc_tess_phot_0000000227587714-s0066_tess_v1_lc.fits']
0.109441,OGLE-BLG-LPV-236942,4,260.31595833333336,-39.81011111111111,196657447,260.31594233798,-39.81013891754,0,,,17211582-3948365,0,J172115.81-394836.7,5972351522066293888,0,0,STAR,tmgaia2,tmgaia2,,,,,,,,,,15.6599,0.053581,10.044,1.0,jhk,,,,,,,,,,,,,,,,,,260.31594233798,-39.81013891754,-11.85028041088305,-1.7096985902565078,[66],['hlsp_tess-spoc_tess_phot_0000000196657447-s0066_tess_v1_lc.fits']
0.107148,OGLE-GD-LPV-008757,4,232.768625,-59.3945,282411850,232.76857858902,-59.39451809789,0,,,15310447-5923400,0,J153104.47-592340.0,5881992831898444416,0,0,STAR,tmgaia2,tmgaia2,,,,,,,,,,14.4218,0.035199,9.811,1.0,jhk,,,,,,,,,,,,,,,,,,232.76857858902,-59.39451809789,-37.9831379365359,-2.573161136485937,[65],['hlsp_tess-spoc_tess_phot_0000000282411850-s0065_tess_v1_lc.fits']
0.115594,OGLE-BLG-LPV-241778,4,263.3885833333333,-37.37027777777778,465085266,263.38857737653,-37.37030953646,0,,,17333326-3722131,0,J173333.26-372213.2,5962558236383781120,0,0,STAR,tmgaia2,tmgaia2,,,,,,,,,,13.7368,0.053921,9.087,1.0,jhk,,,,,,,,,,,,,,,,,,263.38857737653,-37.37030953646,-8.485457579274483,-2.349944999548835,[66],['hlsp_tess-spoc_tess_phot_0000000465085266-s0066_tess_v1_lc.fits']
0.096557,OGLE-GD-LPV-006686,4,221.8775833333333,-57.21252777777778,192872153,221.87754335241,-57.21254360923,0,,,14473060-5712451,0,J144730.60-571245.2,5880967502926161920,0,0,STAR,tmgaia2,tmgaia2,,,,,,,,,,14.8119,0.053379,9.933,1.0,jhk,,,,,,,,,,,,,,,,,,221.87754335241,-57.21254360923,-41.8272407310325,2.184104010597809,[65],['hlsp_tess-spoc_tess_phot_0000000192872153-s0065_tess_v1_lc.fits']
0.146188,OGLE-GD-LPV-016021,4,254.0825833333333,-39.06180555555555,341244747,254.08261519786,-39.06183775558,0,,,16561982-3903425,0,J165619.82-390342.5,5970378001766726400,0,0,STAR,tmgaia2,tmgaia2,-5.467,0.468,-5.374,0.326,gaia2,0.7546,0.5268,,,14.325,0.01081,10.081,1.0,jhk,gaia2,,,,,,,,,,,2142.11,1869.86,0.9932,0.4729,1130.61,2609.12,254.08258488422,-39.06186089382,-14.124800899328587,2.597978479324001,[66],['hlsp_tess-spoc_tess_phot_0000000341244747-s0066_tess_v1_lc.fits']
0.375413,OGLE-LMC-LPV-85382,3,87.03374999999998,-70.3896388888889,389751197,87.03379335489,-70.38953562768,0,,099-012938,05480810-7023223,0,J054808.11-702322.3,4656999641397218560,0,0,STAR,tmgaia2,tmgaia2,2.107,0.134,0.956,0.164,gaia2,-0.0611,0.0699,15.758,0.092,14.4619,0.02918,12.847,0.03,rered,gaia2,3016.0,122.0,,,,,,,,,5533.4,1173.59,0.466,0.0,1023.76,1323.43,87.03382038305,-70.38953151256,-79.13239605409596,-30.73008286727534,"[61, 62, 63, 64, 69]","['hlsp_tess-spoc_tess_phot_0000000389751197-s0061_tess_v1_lc.fits', 'hlsp_tess-spoc_tess_phot_0000000389751197-s0062_tess_v1_lc.fits', 'hlsp_tess-spoc_tess_phot_0000000389751197-s0063_tess_v1_lc.fits', 'hlsp_tess-spoc_tess_phot_0000000389751197-s0064_tess_v1_lc.fits', 'hlsp_tess-spoc_tess_phot_0000000389751197-s0069_tess_v1_lc.fits']"
0.255469,OGLE-GD-LPV-018067,4,276.8288333333333,-9.95872222222222,386238359,276.82886428444,-9.95865814005,0,,,18271891-0957313,0,J182718.93-095731.0,4155821045812205568,0,0,STAR,tmgaia2,tmgaia2,-3.769,0.467,-6.42,0.402,gaia2,0.5878,0.3367,,,14.4455,0.08004,9.825,1.0,jhk,gaia2,,,,,,,,,,,2074.7,1609.03,0.9064,0.484,906.73,2311.33,276.82884781035,-9.95868578025,21.32975886784524,0.7584126353287718,[80],['hlsp_tess-spoc_tess_phot_0000000386238359-s0080_tess_v1_lc.fits']
0.190332,OGLE-GD-LPV-022910,4,284.1148333333333,10.529722222222222,103818914,284.11481946138,10.52967114162,0,,,18562756+1031470,0,J185627.55+103146.8,4311754055423855232,0,0,STAR,tmgaia2,tmgaia2,,,,,,,,,,14.284,0.016213,10.155,1.0,jhk,,,,,,,,,,,,,,,,,,284.11481946138,10.52967114162,42.88369071418744,3.6785786065369326,[80],['hlsp_tess-spoc_tess_phot_0000000103818914-s0080_tess_v1_lc.fits']
0.209151,OGLE-GD-LPV-007296,4,225.19929166666665,-55.98202777777778,36038815,225.19921462897,-55.98206673676,0,,,15004783-5558554,0,,5881368000020448896,0,0,STAR,tmgaia2,tmgaia2,,,,,,,,,,14.2745,0.044306,8.941,1.0,jhk,,,,,,,,,,,,,,,,,,225.19921462897,-55.98206673676,-39.6376728861386,2.448914321289555,[65],['hlsp_tess-spoc_tess_phot_0000000036038815-s0065_tess_v1_lc.fits']
0.036003,OGLE-GD-LPV-007766,4,227.867375,-54.21994444444445,41413961,227.8673579393,-54.2199451631,0,,,15112817-5413116,0,J151128.16-541311.7,5887577904270402048,0,0,STAR,tmgaia2,tmgaia2,,,,,,,,,,14.5174,0.037223,9.202,1.0,jhk,,,,,,,,,,,,,,,,,,227.8673579393,-54.2199451631,-37.437481892448986,3.2264916245435176,[65],['hlsp_tess-spoc_tess_phot_0000000041413961-s0065_tess_v1_lc.fits']
0.133842,OGLE-GD-LPV-014658,4,251.01929166666665,-44.39447222222222,234864470,251.01924101581,-44.39448072906,0,,,16440462-4423400,0,J164404.62-442338.8,5943339189772171520,0,0,STAR,tmgaia2,tmgaia2,,,,,,,,,,14.2628,0.043611,8.805,1.0,jhk,,,,,,,,,,,,,,,,,,251.01924101581,-44.39448072906,-19.687914910540737,0.94447469841517,[66],['hlsp_tess-spoc_tess_phot_0000000234864470-s0066_tess_v1_lc.fits']
0.111541,OGLE-GD-LPV-003704,4,197.89554166666665,-64.53877777777778,441983177,197.89546972915,-64.53877966534,0,,,13113492-6432195,0,J131134.93-643219.6,5859021457042150016,0,0,STAR,tmgaia2,tmgaia2,,,,,,,,,,14.1639,0.038218,9.712,1.0,jhk,,,,,,,,,,,,,,,,,,197.89546972915,-64.53877966534,-54.90433172487573,-1.7516935131413571,"[64, 65]","['hlsp_tess-spoc_tess_phot_0000000441983177-s0064_tess_v1_lc.fits', 'hlsp_tess-spoc_tess_phot_0000000441983177-s0065_tess_v1_lc.fits']"
0.149018,OGLE-GD-LPV-020049,4,280.44629166666664,-9.066194444444443,162062651,280.44632522778,-9.06621924515,0,,,18414711-0903583,0,J184147.15-090358.1,4155600520690269696,0,0,STAR,tmgaia2,tmgaia2,,,,,,,,,,13.7188,0.03195,9.416,1.0,jhk,,,,,,,,,,,,,,,,,,280.44632522778,-9.06621924515,23.76585321757725,-1.996963693182772,[80],['hlsp_tess-spoc_tess_phot_0000000162062651-s0080_tess_v1_lc.fits']
0.310775,OGLE-GD-LPV-002914,4,189.150625,-61.52755555555555,415027842,189.15060710888,-61.52746965157,0,,,12363616-6131388,0,J123636.17-613138.8,6054788574576299520,0,0,STAR,tmgaia2,tmgaia2,,,,,,,,,,15.081,0.061811,7.286,1.0,jhk,,,,,,,,,,,,,,,,,,189.15060710888,-61.52746965157,-58.83571466729045,1.293264551396828,"[64, 65]","['hlsp_tess-spoc_tess_phot_0000000415027842-s0064_tess_v1_lc.fits', 'hlsp_tess-spoc_tess_phot_0000000415027842-s0065_tess_v1_lc.fits']"
0.093692,OGLE-GD-LPV-010271,4,239.55654166666665,-54.554472222222216,419481627,239.55652465949,-54.55449630643,0,,,15581358-5433160,0,J155813.58-543316.1,5884696840185326080,0,0,STAR,tmgaia2,tmgaia2,,,,,,,,,,14.1604,0.00271,8.068,1.0,jhk,,,,,,,,,,,,,,,,,,239.55652465949,-54.55449630643,-32.100805832338786,-1.0018481114679143,[65],['hlsp_tess-spoc_tess_phot_0000000419481627-s0065_tess_v1_lc.fits']
0.125046,OGLE-BLG-LPV-233493,4,256.60766666666666,-39.93872222222222,377858631,256.60763326979,-39.93874569206,0,,,17062584-3956193,0,J170625.82-395619.4,5966960749670557568,0,0,STAR,tmgaia2,tmgaia2,,,,,,,,,,13.6538,0.03818,8.773,1.0,jhk,,,,,,,,,,,,,,,,,,256.60763326979,-39.93874569206,-13.621467278427886,0.521520602893643,[66],['hlsp_tess-spoc_tess_phot_0000000377858631-s0066_tess_v1_lc.fits']
0.053379,OGLE-GD-LPV-002822,4,188.0644583333333,-64.41688888888889,179551379,188.06442544095,-64.41688463332,0,,,12321547-6425006,0,J123215.49-642500.6,5861366646590577664,0,0,STAR,tmgaia2,tmgaia2,,,,,,,,,,15.0445,0.05261,9.889,1.0,jhk,,,,,,,,,,,,,,,,,,188.06442544095,-64.41688463332,-59.13752262486593,-1.622236521352809,"[64, 65]","['hlsp_tess-spoc_tess_phot_0000000179551379-s0064_tess_v1_lc.fits', 'hlsp_tess-spoc_tess_phot_0000000179551379-s0065_tess_v1_lc.fits']"
0.088332,OGLE-GD-LPV-019966,4,280.360625,-1.6097222222222225,180116505,280.36063525849,-1.60974451337,0,,,18412654-0136349,0,J184126.55-013634.8,4260141678264177792,0,0,STAR,tmgaia2,tmgaia2,,,,,,,,,,15.9179,0.045903,10.413,1.0,jhk,,,,,,,,,,,,,,,,,,280.36063525849,-1.60974451337,30.3591218322084,1.488623672047456,[80],['hlsp_tess-spoc_tess_phot_0000000180116505-s0080_tess_v1_lc.fits']
0.062105,OGLE-BLG-LPV-236629,4,260.0291666666666,-40.42697222222222,194756126,260.02914432918,-40.42697513389,0,,,17200701-4025368,0,J172006.99-402537.0,5959948068850342656,0,0,STAR,tmgaia2,tmgaia2,,,,,,,,,,13.2938,0.001082,9.744,1.0,jhk,,,,,,,,,,,,,,,,,,260.02914432918,-40.42697513389,-12.482404171748046,-1.881240325862973,[66],['hlsp_tess-spoc_tess_phot_0000000194756126-s0066_tess_v1_lc.fits']
0.028275,OGLE-GD-LPV-019064,4,279.290125,0.6229722222222223,107384091,279.29012781938,0.6229648914,0,,,18370962+0037227,1237668690120736949,J183709.64+003722.8,4272744246156499456,0,0,STAR,tmgaia2,tmgaia2,,,,,,,,,,13.2784,0.014862,9.634,1.0,jhk,,,,,,,,,,,,,,,,,,279.29012781938,0.6229648914,31.857912508698856,3.4606028311634547,[80],['hlsp_tess-spoc_tess_phot_0000000107384091-s0080_tess_v1_lc.fits']
0.182673,OGLE-GD-LPV-019019,4,279.2128333333333,0.7641944444444444,106979884,279.21285511136,0.76424027688,0,,,18365108+0045510,1237668690120674367,J183651.09+004551.2,4273497755224671232,0,0,STAR,tmgaia2,tmgaia2,-5.199,0.513,-6.508,0.441,gaia2,0.4715,0.309,,,15.6641,0.037808,9.98,1.0,jhk,gaia2,,,,,,,,,,,2164.9,1383.93,1.5477,0.0768,869.91,1897.95,279.21283272388,0.76421225533,31.94850626443534,3.593796971104872,[80],['hlsp_tess-spoc_tess_phot_0000000106979884-s0080_tess_v1_lc.fits']
0.089999,OGLE-BLG-LPV-263725,4,276.60849999999994,-15.55763888888889,176339968,276.60852187434,-15.55762543846,0,,,18262604-1533274,0,J182626.04-153327.5,4097920316832287616,0,0,STAR,tmgaia2,tmgaia2,,,,,,,,,,15.4396,0.036435,9.785,1.0,jhk,,,,,,,,,,,,,,,,,,276.60852187434,-15.55762543846,16.274311131577555,-1.6585735009144515,[80],['hlsp_tess-spoc_tess_phot_0000000176339968-s0080_tess_v1_lc.fits']
0.076203,OGLE-GD-LPV-016593,4,255.7707083333333,-43.162444444444446,123396860,255.77068844764,-43.16245986108,0,,,17030495-4309447,0,J170304.95-430944.5,5965400100294063616,0,0,STAR,tmgaia2,tmgaia2,,,,,,,,,,12.8815,0.040617,7.632,1.0,jhk,,,,,,,,,,,,,,,,,,255.77068844764,-43.16245986108,-16.565062875104434,-0.9345627727583432,[66],['hlsp_tess-spoc_tess_phot_0000000123396860-s0066_tess_v1_lc.fits']
0.091896,OGLE-GD-LPV-013460,4,248.6599583333333,-49.69369444444444,24555292,248.6599320704,-49.69371349667,0,,,16343839-4941373,0,J163438.35-494137.2,5940479738028279936,0,0,STAR,tmgaia2,tmgaia2,,,,,,,,,,13.9862,0.032359,9.822,1.0,jhk,,,,,,,,,,,,,,,,,,248.6599320704,-49.69371349667,-24.712248938414948,-1.383196664149743,[66],['hlsp_tess-spoc_tess_phot_0000000024555292-s0066_tess_v1_lc.fits']
0.032054,OGLE-BLG-LPV-265647,4,280.0685,-11.63697222222222,197565122,280.0685090109,-11.63697104555,0,,392-092153,18401643-1138131,0,J184016.45-113813.0,4106595527958994816,0,0,STAR,tmgaia2,tmgaia2,,,,,,,,,,12.897,0.029555,9.281,1.0,jhk,,,,,,,,,,,,,,,,,,280.0685090109,-11.63697104555,21.30645048550016,-2.8391079280866194,[80],['hlsp_tess-spoc_tess_phot_0000000197565122-s0080_tess_v1_lc.fits']
0.064356,OGLE-BLG-LPV-252123,4,267.67466666666667,-43.676833333333335,21476181,267.6746572363,-43.67681680887,0,,,17504192-4340365,0,J175041.91-434036.3,5956364073241078400,0,0,STAR,tmgaia2,tmgaia2,,,,,,,,,,15.8246,0.094661,10.101,1.0,jhk,,,,,,,,,,,,,,,,,,267.6746572363,-43.67681680887,-12.19112610287362,-8.41236016654723,[66],['hlsp_tess-spoc_tess_phot_0000000021476181-s0066_tess_v1_lc.fits']
0.095332,OGLE-GD-LPV-017721,4,275.45475,-5.799805555555555,168867735,275.45477410802,-5.79981678021,0,,,18214913-0547593,0,J182149.12-054759.2,4161203013467278976,4331211,0,STAR,tmgaia2,tmgaia2,,,,,,,,,,13.5448,0.034641,9.376,1.0,jhk,,,,,,,,,,,,,,,,,,275.45477410802,-5.79981678021,24.377678210628908,3.9010592476438015,[80],['hlsp_tess-spoc_tess_phot_0000000168867735-s0080_tess_v1_lc.fits']
0.035285,OGLE-BLG-LPV-234470,4,257.9405,-35.72522222222222,45589186,257.94051207219,-35.72522234497,0,,,17114573-3543308,0,J171145.72-354330.6,5977062134781258752,0,0,STAR,tmgaia2,tmgaia2,,,,,,,,,,13.9092,0.013992,10.052,1.0,jhk,,,,,,,,,,,,,,,,,,257.94051207219,-35.72522234497,-9.609710385588553,2.1877302318236915,[66],['hlsp_tess-spoc_tess_phot_0000000045589186-s0066_tess_v1_lc.fits']
0.143558,OGLE-GD-LPV-007575,4,226.795375,-65.16097222222223,454622858,226.79546661194,-65.16098267239,0,,125-134368,15071092-6509395,0,J150710.94-650939.5,5872874616260313472,0,0,STAR,tmgaia2,tmgaia2,-9.158,0.097,-5.186,0.19,gaia2,0.1773,0.111,12.211,0.065,10.3541,0.034536,8.479,0.035,rered,gaia2,,,,,,,,,,,4340.76,1962.68,0.5661,0.0238,1374.35,2551.0,226.795372746,-65.16100500142,-43.4304735381232,-5.947997378020712,[65],['hlsp_tess-spoc_tess_phot_0000000454622858-s0065_tess_v1_lc.fits']
0.197528,OGLE-GD-LPV-008500,4,231.71525,-52.55175,142336741,231.71518833241,-52.5517099427,0,,,15265166-5233061,0,J152651.64-523306.3,5888806574151658880,24854757,0,STAR,tmgaia2,tmgaia2,,,,,,,,11.726,0.06,14.2549,0.051418,9.405,0.032,vjk,,,,,,,,,,,,,,,,,,231.71518833241,-52.5517099427,-34.60183423776678,3.405576538035036,[65],['hlsp_tess-spoc_tess_phot_0000000142336741-s0065_tess_v1_lc.fits']
0.173991,OGLE-GD-LPV-021909,4,282.73370833333325,-5.989972222222223,151453295,282.73373226367,-5.99001428692,0,,,18505609-0559238,0,J185056.08-055924.0,4254024163050344960,0,0,STAR,tmgaia2,tmgaia2,,,,,,,,,,14.1211,0.046746,9.52,1.0,jhk,,,,,,,,,,,,,,,,,,282.73373226367,-5.99001428692,27.540025876870704,-2.615944269332636,[80],['hlsp_tess-spoc_tess_phot_0000000151453295-s0080_tess_v1_lc.fits']
0.093352,OGLE-GD-LPV-002957,4,189.57679166666665,-59.13966666666666,411807282,189.576820258,-59.13968805192,0,,155-100174,12381843-5908229,0,J123818.44-590822.9,6059903983716847232,28418383,0,STAR,tmgaia2,tmgaia2,-8.507,0.162,-1.148,0.142,gaia2,0.2871,0.1199,14.537,0.166,12.0087,0.03396,10.009,0.038,rered,gaia2,,,,,,,,,,,3037.27,1182.05,0.6154,0.0883,838.88,1525.21,189.57674885415,-59.13969299408,-58.75473599266952,3.6890723048534473,[64],['hlsp_tess-spoc_tess_phot_0000000411807282-s0064_tess_v1_lc.fits']
0.066871,OGLE-BLG-LPV-238286,4,261.50562499999995,-34.777027777777775,159552001,261.50561408007,-34.77701151151,0,,,17260134-3446372,0,J172601.34-344637.4,5975824570021548672,0,0,STAR,tmgaia2,tmgaia2,-1.509,0.981,-3.956,0.743,gaia2,-0.2339,0.5055,,,16.1278,0.059009,10.107,1.0,jhk,gaia2,,,,,,,,,,,4329.93,2684.51,2.0242,1.0943,2019.45,3349.57,261.50560617239,-34.77702854394,-7.1607191380371225,0.3493179263675735,[66],['hlsp_tess-spoc_tess_phot_0000000159552001-s0066_tess_v1_lc.fits']
0.142622,OGLE-GD-LPV-001407,4,163.498125,-61.80547222222222,465507669,163.49806424444,-61.80544491766,0,,,10535956-6148196,0,J105359.55-614819.5,5242051603927750912,30415238,0,STAR,tmgaia2,tmgaia2,,,,,,,,,,13.5663,0.026478,9.312,1.0,jhk,,,,,,,,,,,,,,,,,,163.49806424444,-61.80544491766,-70.47133500060232,-2.028990532897283,"[63, 64]","['hlsp_tess-spoc_tess_phot_0000000465507669-s0063_tess_v1_lc.fits', 'hlsp_tess-spoc_tess_phot_0000000465507669-s0064_tess_v1_lc.fits']"
0.184757,OGLE-BLG-LPV-050602,4,267.301875,-34.52491666666666,114378733,267.30184767223,-34.52496278568,0,,,17491245-3431297,0,J174912.44-343129.9,4041539830134983296,0,0,STAR,tmgaia2,tmgaia2,,,,,,,,,,14.2447,0.03641,9.297,1.0,jhk,,,,,,,,,,,,,,,,,,267.30184767223,-34.52496278568,-4.392728609184238,-3.541672651034695,[66],['hlsp_tess-spoc_tess_phot_0000000114378733-s0066_tess_v1_lc.fits']
0.0457,OGLE-BLG-LPV-262743,4,275.7199583333333,-10.006,18742573,275.71995176861,-10.00601092481,0,,,18225279-1000215,0,J182252.79-100021.6,4154539530638392320,0,0,STAR,tmgaia2,tmgaia2,,,,,,,,,,14.5619,0.059527,9.296,1.0,jhk,,,,,,,,,,,,,,,,,,275.71995176861,-10.00601092481,20.77793553475763,1.702090706056523,[80],['hlsp_tess-spoc_tess_phot_0000000018742573-s0080_tess_v1_lc.fits']
0.157835,OGLE-GD-LPV-001703,4,170.0474583333333,-61.87138888888889,468095433,170.04747549788,-61.87134579925,0,,141-071692,11201139-6152168,0,J112011.31-615217.0,5336958045990681856,30510530,0,STAR,tmgaia2,tmgaia2,-8.234,0.264,-0.046,0.195,gaia2,0.2789,0.1795,12.43,0.087,10.1682,0.041499,8.018,0.116,rered,gaia2,,,,,,,,,,,3251.19,1833.39,1.1219,0.4799,1195.61,2471.16,170.04740030096,-61.87134599946,-67.60142735710971,-0.8801352185907888,[64],['hlsp_tess-spoc_tess_phot_0000000468095433-s0064_tess_v1_lc.fits']
0.158823,OGLE-GD-LPV-025315,4,288.2989166666666,3.426,182000029,288.29889993625,3.42595916554,0,,,19131174+0325335,0,J191311.73+032533.4,4268281328529212928,0,0,STAR,tmgaia2,tmgaia2,,,,,,,,,,14.8363,0.004366,10.03,1.0,jhk,,,,,,,,,,,,,,,,,,288.29889993625,3.42595916554,38.4689452362292,-3.2656261107529776,[80],['hlsp_tess-spoc_tess_phot_0000000182000029-s0080_tess_v1_lc.fits']
0.068084,OGLE-GD-LPV-020395,4,280.7985416666666,-10.803805555555556,163317548,280.79856088964,-10.80380448975,0,,,18431165-1048135,0,J184311.65-104813.6,4107057636463952128,0,0,STAR,tmgaia2,tmgaia2,,,,,,,,,,14.0658,0.014965,10.165,1.0,jhk,,,,,,,,,,,,,,,,,,280.79856088964,-10.80380448975,22.37569362219189,-3.0974190496000724,[80],['hlsp_tess-spoc_tess_phot_0000000163317548-s0080_tess_v1_lc.fits']
0.078939,OGLE-GD-LPV-009965,4,238.0929583333333,-54.20063888888889,81123317,238.09293175477,-54.20065435175,0,,,15522230-5412023,0,J155222.32-541202.3,5884939935314065408,0,0,STAR,tmgaia2,tmgaia2,,,,,,,,,,13.1375,0.012112,8.321,1.0,jhk,,,,,,,,,,,,,,,,,,238.09293175477,-54.20065435175,-32.529526490488266,-0.1845040989993805,[65],['hlsp_tess-spoc_tess_phot_0000000081123317-s0065_tess_v1_lc.fits']
0.027959,OGLE-BLG-LPV-239917,4,262.61566666666664,-38.42480555555555,389817837,262.61567181073,-38.42481219468,0,,,17302775-3825292,0,J173027.75-382529.2,5961990068089829120,0,0,STAR,tmgaia2,tmgaia2,,,,,,,,,,13.6978,0.013777,9.312,1.0,jhk,,,,,,,,,,,,,,,,,,262.61567181073,-38.42481219468,-9.702979446529426,-2.414732909735855,[66],['hlsp_tess-spoc_tess_phot_0000000389817837-s0066_tess_v1_lc.fits']
0.114016,OGLE-BLG-LPV-261235,4,274.2907083333333,-10.581861111111111,14383421,274.29071963315,-10.58183145173,0,,,18170977-1034546,0,J181709.78-103455.1,4157392728966128512,0,0,STAR,tmgaia2,tmgaia2,-2.524,0.387,-7.359,0.331,gaia2,0.3012,0.2505,,,14.6283,0.073642,9.94,1.0,jhk,gaia2,,,,,,,,,,,2907.58,1722.59,1.429,0.1581,1150.01,2295.18,274.29070857753,-10.58186313579,19.60702876805574,2.671691326683053,[80],['hlsp_tess-spoc_tess_phot_0000000014383421-s0080_tess_v1_lc.fits']
0.069979,OGLE-GD-LPV-020019,4,280.4178333333333,-7.348444444444445,162185701,280.4178137816,-7.34844580081,0,,,18414027-0720542,0,J184140.27-072054.5,4252696610218651520,0,0,STAR,tmgaia2,tmgaia2,,,,,,,,,,15.441,0.066619,10.122,1.0,jhk,,,,,,,,,,,,,,,,,,280.4178137816,-7.34844580081,25.28159116426446,-1.1871435537939612,[80],['hlsp_tess-spoc_tess_phot_0000000162185701-s0080_tess_v1_lc.fits']
0.142104,OGLE-GD-LPV-018843,4,278.7907916666666,-7.090916666666667,219044225,278.79081257157,-7.09095024933,0,,,18350979-0705273,0,J183509.84-070527.3,4252903833718350208,0,0,STAR,tmgaia2,tmgaia2,,,,,,,,,,15.7597,0.03447,8.824,1.0,jhk,,,,,,,,,,,,,,,,,,278.79081257157,-7.09095024933,24.769930817027987,0.3652739707819423,[80],['hlsp_tess-spoc_tess_phot_0000000219044225-s0080_tess_v1_lc.fits']
0.098995,OGLE-GD-LPV-023181,4,284.5741249999999,-3.6493055555555554,329750712,284.57410497634,-3.649324446,0,,,18581778-0338575,0,J185817.79-033857.1,4255559944609494528,0,0,STAR,tmgaia2,tmgaia2,,,,,,,,,,13.9252,0.025061,9.383,1.0,jhk,,,,,,,,,,,,,,,,,,284.57410497634,-3.649324446,30.46184720674007,-3.187236843820508,[80],['hlsp_tess-spoc_tess_phot_0000000329750712-s0080_tess_v1_lc.fits']
0.095086,OGLE-GD-LPV-003118,4,191.227375,-66.5923611111111,328853519,191.22731369629,-66.59237133441,0,,,12445458-6635324,0,J124454.54-663532.5,5856926475031194752,0,0,STAR,tmgaia2,tmgaia2,,,,,,,,,,13.68,0.023515,9.956,1.0,jhk,,,,,,,,,,,,,,,,,,191.22731369629,-66.59237133441,-57.71776226178716,-3.7288492473927,"[64, 65]","['hlsp_tess-spoc_tess_phot_0000000328853519-s0064_tess_v1_lc.fits', 'hlsp_tess-spoc_tess_phot_0000000328853519-s0065_tess_v1_lc.fits']"
0.091568,OGLE-BLG-LPV-265304,4,279.114625,-14.404722222222222,433672864,279.11462735592,-14.40474755518,0,,378-127208,18362750-1424170,0,J183627.53-142416.9,4103730479901942656,6769320,0,STAR,tmgaia2,tmgaia2,,,,,,,,17.379,1.133,12.9606,0.042861,9.926,0.032,vjk,,,,,,,,,,,,,,,,,,279.11462735592,-14.40474755518,18.415522705153307,-3.2753284428925564,[80],['hlsp_tess-spoc_tess_phot_0000000433672864-s0080_tess_v1_lc.fits']
0.19467,OGLE-GD-LPV-018110,4,276.9266666666666,-10.74336111111111,386549924,276.9267003729,-10.74340386007,0,,,18274241-1044361,0,J182742.40-104436.2,4154199712834452608,0,0,STAR,tmgaia2,tmgaia2,,,,,,,,,,15.5188,0.074358,10.175,1.0,jhk,,,,,,,,,,,,,,,,,,276.9267003729,-10.74340386007,20.67995545433154,0.3081741885698564,[80],['hlsp_tess-spoc_tess_phot_0000000386549924-s0080_tess_v1_lc.fits']
0.327648,OGLE-LMC-LPV-03910,3,72.42279166666665,-68.63080555555555,295068032,72.42279523959,-68.63089655951,0,,,04494147-6837514,0,J044941.45-683751.2,4655541487140819584,0,0,STAR,tmgaia2,tmgaia2,,,,,,,,,,14.7836,0.053226,13.134,0.054,gbprp,,,,,,,,,,,,,,,,,,72.42279523959,-68.63089655951,-79.94296887849418,-36.08017413217589,"[62, 63, 64, 65, 67, 68, 69, 66]","['hlsp_tess-spoc_tess_phot_0000000295068032-s0062_tess_v1_lc.fits', 'hlsp_tess-spoc_tess_phot_0000000295068032-s0063_tess_v1_lc.fits', 'hlsp_tess-spoc_tess_phot_0000000295068032-s0064_tess_v1_lc.fits', 'hlsp_tess-spoc_tess_phot_0000000295068032-s0065_tess_v1_lc.fits', 'hlsp_tess-spoc_tess_phot_0000000295068032-s0067_tess_v1_lc.fits', 'hlsp_tess-spoc_tess_phot_0000000295068032-s0068_tess_v1_lc.fits', 'hlsp_tess-spoc_tess_phot_0000000295068032-s0069_tess_v1_lc.fits', 'hlsp_tess-spoc_tess_phot_0000000295068032-s0066_tess_v1_lc.fits']"
0.14367,OGLE-BLG-LPV-237173,4,260.51145833333334,-33.498555555555555,156329887,260.51147525955,-33.49859288456,0,,,17220275-3329549,0,J172202.77-332954.9,5979153032243168128,0,0,STAR,tmgaia2,tmgaia2,-0.724,0.601,0.748,0.396,gaia2,-0.2165,0.2949,,,14.9772,0.050797,9.261,1.0,jhk,gaia2,,,,,,,,,,,5386.37,2897.75,1.9477,0.4644,2214.74,3580.76,260.51147152371,-33.49858966228,-6.567918342829302,1.7494049812268866,[66],['hlsp_tess-spoc_tess_phot_0000000156329887-s0066_tess_v1_lc.fits']
0.0589,OGLE-GD-LPV-013381,4,248.5345,-49.27372222222222,24565604,248.53450067258,-49.27373857755,0,,,16340828-4916254,0,J163408.28-491624.4,5940705442782233472,0,0,STAR,tmgaia2,tmgaia2,,,,,,,,,,14.087,0.023987,8.928,1.0,jhk,,,,,,,,,,,,,,,,,,248.53450067258,-49.27373857755,-24.458415973288737,-1.0387877403616688,[66],['hlsp_tess-spoc_tess_phot_0000000024565604-s0066_tess_v1_lc.fits']
0.034923,OGLE-GD-LPV-024067,4,286.1443333333333,-0.0705555555555555,309562965,286.14433035168,-0.07056478668,0,,,19043464-0004139,0,J190434.64-000414.0,4265646825580575360,0,0,STAR,tmgaia2,tmgaia2,,,,,,,,,,13.7281,0.033445,9.532,1.0,jhk,,,,,,,,,,,,,,,,,,286.14433035168,-0.07056478668,34.368211509175886,-2.955361162264304,[80],['hlsp_tess-spoc_tess_phot_0000000309562965-s0080_tess_v1_lc.fits']
0.073612,OGLE-GD-LPV-015332,4,252.3267916666666,-50.642472222222224,53448676,252.3267765967,-50.64249029918,0,,,16491844-5038329,0,J164918.44-503832.5,5937463365310766720,0,0,STAR,tmgaia2,tmgaia2,-2.127,0.257,-3.528,0.2,gaia2,0.3506,0.1863,,,13.2838,0.033584,8.242,1.0,jhk,gaia2,,,,,,,,,,,2861.78,1716.62,0.6099,0.1264,1055.26,2377.98,252.32676215481,-50.64250548767,-23.87838099438236,-3.77509418756931,[66],['hlsp_tess-spoc_tess_phot_0000000053448676-s0066_tess_v1_lc.fits']
0.108588,OGLE-GD-LPV-001743,4,170.52487499999998,-63.18375,281546047,170.52481915168,-63.18373341553,0,,,11220595-6311014,0,J112205.95-631101.5,5333793617178846336,0,0,STAR,tmgaia2,tmgaia2,,,,,,,,,,15.3105,0.055443,10.236,1.0,jhk,,,,,,,,,,,,,,,,,,170.52481915168,-63.18373341553,-66.94572906603253,-2.03820510276762,[64],['hlsp_tess-spoc_tess_phot_0000000281546047-s0064_tess_v1_lc.fits']
0.099885,OGLE-LMC-LPV-11378,3,75.19387499999999,-66.90119444444446,30643326,75.19384264411,-66.90116977263,0,,116-005546,05004653-6654043,0,J050046.52-665404.2,4662077602729928448,32435076,0,STAR,tmgaia2,tmgaia2,2.167,0.115,-0.423,0.147,gaia2,0.1101,0.078,17.412,1.133,14.2891,0.001157,12.88,0.006,rered,gaia2,,,,,,,,,,,3729.52,794.665,0.1269,0.0,677.44,911.89,75.19386642869,-66.90117159485,-82.35277586447316,-35.55930261432182,"[61, 62, 63, 64, 65, 67, 68, 66]","['hlsp_tess-spoc_tess_phot_0000000030643326-s0061_tess_v1_lc.fits', 'hlsp_tess-spoc_tess_phot_0000000030643326-s0062_tess_v1_lc.fits', 'hlsp_tess-spoc_tess_phot_0000000030643326-s0063_tess_v1_lc.fits', 'hlsp_tess-spoc_tess_phot_0000000030643326-s0064_tess_v1_lc.fits', 'hlsp_tess-spoc_tess_phot_0000000030643326-s0065_tess_v1_lc.fits', 'hlsp_tess-spoc_tess_phot_0000000030643326-s0067_tess_v1_lc.fits', 'hlsp_tess-spoc_tess_phot_0000000030643326-s0068_tess_v1_lc.fits', 'hlsp_tess-spoc_tess_phot_0000000030643326-s0066_tess_v1_lc.fits']"
0.099822,OGLE-BLG-LPV-239506,4,262.3534583333333,-41.91916666666666,389283262,262.3534383496,-41.91919007069,0,,241-124876,17292483-4155088,0,J172924.82-415508.8,5959140610649507584,21547780,0,STAR,tmgaia2,tmgaia2,,,,,,,,17.284,1.133,13.9243,0.040342,9.63,0.034,vjk,,,,,,,,,,,,,,,,,,262.3534383496,-41.91919007069,-12.738399632517345,-4.166295853894639,[66],['hlsp_tess-spoc_tess_phot_0000000389283262-s0066_tess_v1_lc.fits']
0.059423,OGLE-GD-LPV-019740,4,280.1331666666666,-8.097833333333334,197443507,280.13318207796,-8.09782703507,0,,,18403196-0805520,0,J184031.95-080551.9,4252535772224357248,0,0,STAR,tmgaia2,tmgaia2,,,,,,,,,,13.1548,0.024789,8.201,1.0,jhk,,,,,,,,,,,,,,,,,,280.13318207796,-8.09782703507,24.485974537532883,-1.2790218163894265,[80],['hlsp_tess-spoc_tess_phot_0000000197443507-s0080_tess_v1_lc.fits']
0.097499,OGLE-GD-LPV-016544,4,255.5728333333333,-44.41222222222222,123173366,255.57280272846,-44.41223820826,0,,,17021747-4424441,0,J170217.40-442444.3,5963733446861413760,0,0,STAR,tmgaia2,tmgaia2,,,,,,,,,,15.4213,0.044989,9.886,1.0,jhk,,,,,,,,,,,,,,,,,,255.57280272846,-44.41223820826,-17.6422054138659,-1.584704508260269,[66],['hlsp_tess-spoc_tess_phot_0000000123173366-s0066_tess_v1_lc.fits']
0.080359,OGLE-GD-LPV-000918,4,150.4435,-59.72472222222223,462162214,150.4434566249,-59.72472670228,0,,,10014644-5943291,0,J100146.43-594329.0,5256720738304941824,0,0,STAR,tmgaia2,tmgaia2,,,,,,,,,,13.1982,0.024124,9.628,1.0,jhk,,,,,,,,,,,,,,,,,,150.4434566249,-59.72472670228,-76.98904738901264,-3.585562424117612,"[63, 64]","['hlsp_tess-spoc_tess_phot_0000000462162214-s0063_tess_v1_lc.fits', 'hlsp_tess-spoc_tess_phot_0000000462162214-s0064_tess_v1_lc.fits']"
0.098874,OGLE-GD-LPV-018114,4,276.93679166666664,-9.049722222222222,386670866,276.93678741551,-9.04974936445,0,,,18274482-0902590,0,J182744.82-090258.7,4156200205524804224,0,0,STAR,tmgaia2,tmgaia2,,,,,,,,,,15.7618,0.09638,10.136,1.0,jhk,,,,,,,,,,,,,,,,,,276.93678741551,-9.04974936445,22.18409791066044,1.0869153600810424,[80],['hlsp_tess-spoc_tess_phot_0000000386670866-s0080_tess_v1_lc.fits']
0.090629,OGLE-GD-LPV-008557,4,231.93425,-56.72888888888889,413348930,231.93421117557,-56.72890230961,0,,,15274421-5643439,0,J152744.25-564344.2,5883107702274110208,0,0,STAR,tmgaia2,tmgaia2,-1.641,0.452,-1.889,0.429,gaia2,0.1059,0.2785,,,14.7172,0.034341,9.657,1.0,jhk,gaia2,,,,,,,,,,,3587.47,1970.28,0.5443,0.287,1434.46,2506.09,231.9341982977,-56.72891044268,-36.83725725576633,-0.1261458469909477,[65],['hlsp_tess-spoc_tess_phot_0000000413348930-s0065_tess_v1_lc.fits']
0.149744,OGLE-GD-LPV-000758,4,143.86874999999998,-48.00613888888889,299752636,143.86869570358,-48.00615915056,0,,210-034443,09352850-4800222,0,J093528.48-480021.9,5410196412447649664,22709115,0,STAR,tmgaia2,tmgaia2,-5.836,0.123,5.133,0.125,gaia2,0.2113,0.0723,12.433,0.04,11.8612,0.01693,10.247,0.025,rered,gaia2,3119.0,137.0,,,,,,,,,3698.13,969.3,0.5561,0.0581,767.49,1171.11,143.86865814538,-48.00613705174,-87.43578156290113,2.9707794715662925,"[62, 63]","['hlsp_tess-spoc_tess_phot_0000000299752636-s0062_tess_v1_lc.fits', 'hlsp_tess-spoc_tess_phot_0000000299752636-s0063_tess_v1_lc.fits']"
0.153932,OGLE-BLG-LPV-241195,4,263.17104166666667,-33.86408333333333,100696581,263.17106434785,-33.86412172114,0,,,17324104-3351506,0,J173241.05-335150.5,4054377972724379520,0,0,STAR,tmgaia2,tmgaia2,,,,,,,,,,14.8043,0.070022,8.849,1.0,jhk,,,,,,,,,,,,,,,,,,263.17106434785,-33.86412172114,-5.6398407916625874,-0.2926915906187936,[66],['hlsp_tess-spoc_tess_phot_0000000100696581-s0066_tess_v1_lc.fits']
0.100077,OGLE-GD-LPV-022286,4,283.2094583333333,0.1712222222222222,226505250,283.2094305925,0.17122042052,0,,,18525026+0010164,0,J185250.26+001016.7,4266298771618815104,0,0,STAR,tmgaia2,tmgaia2,,,,,,,,,,14.1466,0.058025,9.209,1.0,jhk,,,,,,,,,,,,,,,,,,283.2094305925,0.17122042052,33.243898603546555,-0.2334012865315455,[80],['hlsp_tess-spoc_tess_phot_0000000226505250-s0080_tess_v1_lc.fits']
0.091282,OGLE-GD-LPV-001443,4,164.3300833333333,-55.59016666666667,303722464,164.33007210731,-55.59014211708,0,,,10571923-5535246,0,J105719.26-553524.1,5353101144448042240,28058393,0,STAR,tmgaia2,tmgaia2,,,,,,,,12.444,0.266,12.2068,0.032614,8.59,0.169,vjk,,,,,,,,,,,,,,,,,,164.33007210731,-55.59014211708,-72.7612175192539,3.765601790158828,"[63, 64]","['hlsp_tess-spoc_tess_phot_0000000303722464-s0063_tess_v1_lc.fits', 'hlsp_tess-spoc_tess_phot_0000000303722464-s0064_tess_v1_lc.fits']"
0.086636,OGLE-BLG-LPV-264591,4,277.7964166666666,-13.808722222222222,432853145,277.79639594088,-13.80873541551,0,,,18311114-1348313,0,J183111.16-134831.2,4104562501018416256,0,0,STAR,tmgaia2,tmgaia2,,,,,,,,,,13.7643,0.05747,9.112,1.0,jhk,,,,,,,,,,,,,,,,,,277.79639594088,-13.80873541551,18.35761651661377,-1.8659679787069456,[80],['hlsp_tess-spoc_tess_phot_0000000432853145-s0080_tess_v1_lc.fits']
0.130909,OGLE-GD-LPV-022725,4,283.8035,10.696444444444444,101292353,283.80348692573,10.69641042582,0,,504-094772,18551284+1041470,0,J185512.85+104147.0,4311954411359207424,41254281,0,STAR,tmgaia2,tmgaia2,,,,,,,,17.887,0.551,12.3328,0.012237,9.094,0.297,vjk,,,,,,,,,,,,,,,,,,283.80348692573,10.69641042582,42.8939808200389,4.026905137362149,[80],['hlsp_tess-spoc_tess_phot_0000000101292353-s0080_tess_v1_lc.fits']
0.110107,OGLE-GD-LPV-003074,4,190.75625,-63.8785,433931982,190.75618083454,-63.87849714564,0,,,12430149-6352425,0,J124301.49-635242.7,5862850677978656768,0,0,STAR,tmgaia2,tmgaia2,,,,,,,,,,13.8482,0.0266,9.463,1.0,jhk,,,,,,,,,,,,,,,,,,190.75618083454,-63.87849714564,-57.99405538445724,-1.0218792699682513,"[64, 65]","['hlsp_tess-spoc_tess_phot_0000000433931982-s0064_tess_v1_lc.fits', 'hlsp_tess-spoc_tess_phot_0000000433931982-s0065_tess_v1_lc.fits']"
0.029943,OGLE-GD-LPV-011339,4,243.35308333333325,-49.73347222222223,409398999,243.35308045691,-49.73346411525,0,,,16132474-4944003,0,J161324.75-494400.4,5935181225806992512,0,0,STAR,tmgaia2,tmgaia2,,,,,,,,,,14.4458,0.013367,9.275,1.0,jhk,,,,,,,,,,,,,,,,,,243.35308045691,-49.73346411525,-27.14941645383861,1.031929930323376,[65],['hlsp_tess-spoc_tess_phot_0000000409398999-s0065_tess_v1_lc.fits']
0.165082,OGLE-GD-LPV-023957,4,285.96279166666665,-2.0046666666666666,308676587,285.96276125646,-2.00470100508,0,,440-087971,19035106-0200168,0,J190351.06-020017.1,4261803177790386560,0,0,STAR,tmgaia2,tmgaia2,,,,,,,,17.239,1.133,11.3928,0.011045,9.849,0.013,gbprp,,,,,,,,,,,,,,,,,,285.96276125646,-2.00470100508,32.56089761652833,-3.6753015236541056,[80],['hlsp_tess-spoc_tess_phot_0000000308676587-s0080_tess_v1_lc.fits']
0.045897,OGLE-GD-LPV-003207,4,192.34729166666665,-59.92505555555555,405755967,192.34726784871,-59.92505107497,0,,,12492335-5955302,0,J124923.38-595529.4,6056674752438872704,0,0,STAR,tmgaia2,tmgaia2,,,,,,,,,,13.3995,0.020079,9.402,1.0,jhk,,,,,,,,,,,,,,,,,,192.34726784871,-59.92505107497,-57.32508486257096,2.9456696519154604,"[64, 65]","['hlsp_tess-spoc_tess_phot_0000000405755967-s0064_tess_v1_lc.fits', 'hlsp_tess-spoc_tess_phot_0000000405755967-s0065_tess_v1_lc.fits']"
0.113861,OGLE-GD-LPV-006977,4,223.4657083333333,-56.27513888888889,415933100,223.46568969479,-56.27516877601,0,,169-124631,14535177-5616305,0,J145351.77-561630.5,5881114562610543488,28893701,0,STAR,tmgaia2,tmgaia2,,,,,,,,16.846,0.286,12.9289,0.023541,9.706,0.033,vjk,,,,,,,,,,,,,,,,,,223.46568969479,-56.27516877601,-40.63025862138824,2.638830061261027,[65],['hlsp_tess-spoc_tess_phot_0000000415933100-s0065_tess_v1_lc.fits']
0.15714,OGLE-GD-LPV-009296,4,235.20254166666663,-56.211194444444445,278889651,235.20247103865,-56.21121348419,0,,,15404860-5612402,0,J154048.60-561240.2,5882804821193053696,0,0,STAR,tmgaia2,tmgaia2,,,,,,,,,,14.994,0.041923,9.784,1.0,jhk,,,,,,,,,,,,,,,,,,235.20247103865,-56.21121348419,-35.066875477513406,-0.7525234416881637,[65],['hlsp_tess-spoc_tess_phot_0000000278889651-s0065_tess_v1_lc.fits']
0.140563,OGLE-BLG-LPV-233195,4,255.9665416666666,-37.55302777777778,347604809,255.96658980342,-37.55301952082,0,,263-112016,17035197-3733108,0,J170352.01-373310.7,5976396831509180928,0,0,STAR,tmgaia2,tmgaia2,-9.155,0.709,-3.415,0.42,gaia2,2.5334,0.3328,16.81,0.288,10.4061,0.071522,8.679,0.072,rered,gaia2,,,,,,,,,,,402.414,59.854,0.2222,0.0308,51.217,68.491,255.96654008343,-37.55303422525,-12.02374252664902,2.362872309482853,[66],['hlsp_tess-spoc_tess_phot_0000000347604809-s0066_tess_v1_lc.fits']
0.207072,OGLE-GD-LPV-018327,4,277.51829166666664,-5.369555555555555,133733900,277.51831258758,-5.36960917172,0,,,18300439-0522103,0,J183004.40-052210.7,4257076892689766272,0,0,STAR,tmgaia2,tmgaia2,,,,,,,,,,15.5015,0.030148,10.423,1.0,jhk,,,,,,,,,,,,,,,,,,277.51831258758,-5.36960917172,25.713996828309085,2.281635671441398,[80],['hlsp_tess-spoc_tess_phot_0000000133733900-s0080_tess_v1_lc.fits']
0.150771,OGLE-GD-LPV-019823,4,280.22091666666665,-9.578694444444444,203433082,280.22088286116,-9.57871979867,0,,,18405301-0934434,0,J184053.01-093443.3,4155359388420548608,0,0,STAR,tmgaia2,tmgaia2,,,,,,,,,,13.4837,0.03873,9.452,1.0,jhk,,,,,,,,,,,,,,,,,,280.22088286116,-9.57871979867,23.20800452368865,-2.03310923387536,[80],['hlsp_tess-spoc_tess_phot_0000000203433082-s0080_tess_v1_lc.fits']
0.132444,OGLE-GD-LPV-000037,4,89.53129166666665,17.349638888888887,88931346,89.53129902917,17.34960277619,0,,,05580750+1720584,0,J055807.52+172058.7,3349814666837826048,0,0,STAR,tmgaia2,tmgaia2,,,,,,,,,,16.1977,0.144318,9.652,1.0,jhk,,,,,,,,,,,,,,,,,,89.53129902917,17.34960277619,-168.56109187210373,-3.4316491400092723,"[71, 72]","['hlsp_tess-spoc_tess_phot_0000000088931346-s0071_tess_v1_lc.fits', 'hlsp_tess-spoc_tess_phot_0000000088931346-s0072_tess_v1_lc.fits']"
0.125302,OGLE-GD-LPV-003367,4,194.3507083333333,-60.25002777777778,437625607,194.35063848377,-60.25002459829,0,,,12572416-6015001,0,J125724.14-601500.0,6056034321267586304,0,0,STAR,tmgaia2,tmgaia2,,,,,,,,,,14.1913,0.024282,6.875,1.0,jhk,,,,,,,,,,,,,,,,,,194.35063848377,-60.25002459829,-56.32739494573176,2.6131411222402847,"[64, 65]","['hlsp_tess-spoc_tess_phot_0000000437625607-s0064_tess_v1_lc.fits', 'hlsp_tess-spoc_tess_phot_0000000437625607-s0065_tess_v1_lc.fits']"
0.141222,OGLE-GD-LPV-008916,4,233.532375,-56.91383333333333,284636683,233.53235007723,-56.91387012691,0,,,15340776-5654498,0,J153407.73-565450.3,5883426491917641728,0,0,STAR,tmgaia2,tmgaia2,,,,,,,,,,15.1462,0.009636,9.729,1.0,jhk,,,,,,,,,,,,,,,,,,233.53235007723,-56.91387012691,-36.22453631522127,-0.7770281139498637,[65],['hlsp_tess-spoc_tess_phot_0000000284636683-s0065_tess_v1_lc.fits']
0.019063,OGLE-GD-LPV-020344,4,280.747,-7.992444444444445,162833504,280.74699669301,-7.99244860575,0,,,18425926-0759329,0,J184259.30-075933.6,4251801397207217920,0,0,STAR,tmgaia2,tmgaia2,,,,,,,,,,13.6124,0.041746,9.24,1.0,jhk,,,,,,,,,,,,,,,,,,280.74699669301,-7.99244860575,24.857563131195253,-1.7715037159898537,[80],['hlsp_tess-spoc_tess_phot_0000000162833504-s0080_tess_v1_lc.fits']
0.056226,OGLE-GD-LPV-020032,4,280.4294583333333,-8.106666666666666,162073571,280.42944448416,-8.10667414644,0,,,18414307-0806239,0,J184143.08-080624.0,4251806001417658496,0,0,STAR,tmgaia2,tmgaia2,,,,,,,,,,13.847,0.02522,9.182,1.0,jhk,,,,,,,,,,,,,,,,,,280.42944448416,-8.10667414644,24.61227335136688,-1.5439392496383255,[80],['hlsp_tess-spoc_tess_phot_0000000162073571-s0080_tess_v1_lc.fits']
0.167952,OGLE-GD-LPV-002067,4,176.8347083333333,-64.1996388888889,324390118,176.83461993001,-64.19961250537,0,,,11472033-6411587,0,J114720.32-641158.5,5332733962858155264,0,0,STAR,tmgaia2,tmgaia2,,,,,,,,,,15.2235,0.057933,10.303,1.0,jhk,,,,,,,,,,,,,,,,,,176.83461993001,-64.19961250537,-63.97381203746821,-2.190704414430369,"[64, 65]","['hlsp_tess-spoc_tess_phot_0000000324390118-s0064_tess_v1_lc.fits', 'hlsp_tess-spoc_tess_phot_0000000324390118-s0065_tess_v1_lc.fits']"
0.142252,OGLE-GD-LPV-010336,4,239.8638333333333,-49.91341666666666,298367219,239.86383034729,-49.91345613442,0,,,15592733-4954483,0,J155927.32-495448.4,5981897378923645568,0,0,STAR,tmgaia2,tmgaia2,,,,,,,,,,13.5134,0.011518,8.975,1.0,jhk,,,,,,,,,,,,,,,,,,239.86383034729,-49.91345613442,-28.94287609675024,2.4049999018104664,[65],['hlsp_tess-spoc_tess_phot_0000000298367219-s0065_tess_v1_lc.fits']
0.140081,OGLE-GD-LPV-009741,4,237.15620833333327,-55.79775,76120274,237.15616855294,-55.79778184457,0,,,15483748-5547519,0,J154837.48-554752.1,5884191545911955200,0,0,STAR,tmgaia2,tmgaia2,,,,,,,,,,14.2763,0.000744,9.526,1.0,jhk,,,,,,,,,,,,,,,,,,237.15616855294,-55.79778184457,-33.94928879685679,-1.0921903460020526,[65],['hlsp_tess-spoc_tess_phot_0000000076120274-s0065_tess_v1_lc.fits']
0.031065,OGLE-GD-LPV-021733,4,282.48854166666666,-5.677444444444445,183113422,282.48853750343,-5.67745201407,0,,,18495724-0540388,0,J184957.25-054038.8,4254796986575355520,0,0,STAR,tmgaia2,tmgaia2,,,,,,,,,,14.5807,0.047968,9.856,1.0,jhk,,,,,,,,,,,,,,,,,,282.48853750343,-5.67745201407,27.70774061766877,-2.256664606684808,[80],['hlsp_tess-spoc_tess_phot_0000000183113422-s0080_tess_v1_lc.fits']
0.057675,OGLE-BLG-LPV-260658,4,273.750125,-14.849694444444443,110914399,273.75011533399,-14.84970745861,0,,,18150002-1450590,0,J181500.04-145058.9,4146417678747621376,0,0,STAR,tmgaia2,tmgaia2,,,,,,,,,,13.5569,0.041227,9.414,1.0,jhk,,,,,,,,,,,,,,,,,,273.75011533399,-14.84970745861,15.598877050946836,1.1078748950162374,[80],['hlsp_tess-spoc_tess_phot_0000000110914399-s0080_tess_v1_lc.fits']
0.058411,OGLE-GD-LPV-021466,4,282.097875,-8.311694444444445,146392204,282.09787200812,-8.31171039744,0,,,18482348-0818420,0,J184823.47-081841.9,4251599469416159744,0,0,STAR,tmgaia2,tmgaia2,,,,,,,,,,14.3367,0.070405,9.928,1.0,jhk,,,,,,,,,,,,,,,,,,282.09787200812,-8.31171039744,25.18194133642133,-3.1075643547039378,[80],['hlsp_tess-spoc_tess_phot_0000000146392204-s0080_tess_v1_lc.fits']
0.101905,OGLE-GD-LPV-013868,4,249.40766666666664,-43.91197222222222,230578736,249.40768443512,-43.91199746968,0,,,16373783-4354430,0,J163737.87-435443.3,5944338920713145472,0,0,STAR,tmgaia2,tmgaia2,,,,,,,,,,14.5845,0.042421,9.866,1.0,jhk,,,,,,,,,,,,,,,,,,249.40768443512,-43.91199746968,-20.091636446005648,2.130608535563575,[66],['hlsp_tess-spoc_tess_phot_0000000230578736-s0066_tess_v1_lc.fits']
0.081034,OGLE-GD-LPV-017338,4,258.8897916666666,-43.76255555555556,216479558,258.88979022599,-43.76257804094,0,,,17153356-4345451,0,J171533.56-434545.3,5953173531017127424,0,0,STAR,tmgaia2,tmgaia2,-4.938,0.323,-2.913,0.262,gaia2,0.5726,0.2363,,,13.9355,0.035944,8.396,1.0,jhk,gaia2,,,,,,,,,,,1925.98,1310.06,1.0338,0.3657,711.93,1908.2,258.88976078762,-43.76259058359,-15.699292177194849,-3.11082224040972,"[39, 66]","['hlsp_tess-spoc_tess_phot_0000000216479558-s0039_tess_v1_lc.fits', 'hlsp_tess-spoc_tess_phot_0000000216479558-s0066_tess_v1_lc.fits']"
0.113968,OGLE-GD-LPV-009096,4,234.330875,-53.21083333333333,189419960,234.3308340504,-53.21085335361,0,,,15371939-5312391,0,J153719.43-531238.9,5885617475013646208,0,0,STAR,tmgaia2,tmgaia2,,,,,,,,,,15.4543,0.061299,9.661,1.0,jhk,,,,,,,,,,,,,,,,,,234.3308340504,-53.21085335361,-33.687747337847746,1.959285049289688,[65],['hlsp_tess-spoc_tess_phot_0000000189419960-s0065_tess_v1_lc.fits']
0.01216,OGLE-GD-LPV-018620,4,278.21195833333337,-0.2279166666666666,43855395,278.21196170994,-0.2279167601,0,,,18325087-0013405,1237668688509866761,J183250.86-001340.4,4272217614448348928,0,0,STAR,tmgaia2,tmgaia2,,,,,,,,,,15.0345,0.034681,9.951,1.0,jhk,,,,,,,,,,,,,,,,,,278.21196170994,-0.2279167601,30.60583696220969,4.0310686808019405,[80],['hlsp_tess-spoc_tess_phot_0000000043855395-s0080_tess_v1_lc.fits']
0.074707,OGLE-BLG-LPV-260436,4,273.540125,-12.92725,109999199,273.54010553425,-12.92725840769,0,,,18140962-1255381,0,J181409.59-125538.3,4147513273372231680,0,0,STAR,tmgaia2,tmgaia2,,,,,,,,,,14.8158,0.059843,10.173,1.0,jhk,,,,,,,,,,,,,,,,,,273.54010553425,-12.92725840769,17.19192742558402,2.2041115238663207,[80],['hlsp_tess-spoc_tess_phot_0000000109999199-s0080_tess_v1_lc.fits']
0.132986,OGLE-GD-LPV-007629,4,227.03604166666665,-56.50911111111111,39755625,227.03598691143,-56.50913236447,0,,,15080864-5630327,0,J150808.64-563032.7,5880541064179476096,0,0,STAR,tmgaia2,tmgaia2,,,,,,,,,,14.0327,0.016374,9.844,1.0,jhk,,,,,,,,,,,,,,,,,,227.03598691143,-56.50913236447,-39.00412602185911,1.4906102576387472,[65],['hlsp_tess-spoc_tess_phot_0000000039755625-s0065_tess_v1_lc.fits']
0.044006,OGLE-BLG-LPV-233574,4,256.733,-37.89127777777778,378338920,256.73299943327,-37.89128999358,0,,,17065592-3753285,0,J170655.91-375328.6,5973415329593179136,0,0,STAR,tmgaia2,tmgaia2,,,,,,,,,,13.8792,0.040727,9.491,1.0,jhk,,,,,,,,,,,,,,,,,,256.73299943327,-37.89128999358,-11.92699524694638,1.6754065158993514,[66],['hlsp_tess-spoc_tess_phot_0000000378338920-s0066_tess_v1_lc.fits']
0.113401,OGLE-GD-LPV-024134,4,286.23225,9.552833333333334,223587931,286.23222148099,9.55281914386,0,,,19045574+0933102,0,J190455.72+093310.2,4310706053363754624,0,0,STAR,tmgaia2,tmgaia2,,,,,,,,,,14.4748,0.049777,10.41,1.0,jhk,,,,,,,,,,,,,,,,,,286.23222148099,9.55281914386,42.9642953269876,1.3775241066024806,[80],['hlsp_tess-spoc_tess_phot_0000000223587931-s0080_tess_v1_lc.fits']
0.16087,OGLE-GD-LPV-002151,4,178.06270833333332,-56.55125,301003708,178.06263077222,-56.5512369918,0,,,11521503-5633043,0,J115215.03-563304.3,5343616928932081536,0,0,STAR,tmgaia2,tmgaia2,,,,,,,,,,14.1736,0.050852,8.225,1.0,jhk,,,,,,,,,,,,,,,,,,178.06263077222,-56.5512369918,-65.19653650639653,5.383526133901604,[64],['hlsp_tess-spoc_tess_phot_0000000301003708-s0064_tess_v1_lc.fits']
0.220274,OGLE-GD-LPV-022925,4,284.146875,10.613638888888888,103811587,284.1468354664,10.61359162387,0,,,18563524+1036489,0,J185635.25+103649.0,4311767941096141312,0,0,STAR,tmgaia2,tmgaia2,,,,,,,,,,13.4322,0.029754,9.236,1.0,jhk,,,,,,,,,,,,,,,,,,284.1468354664,10.61359162387,42.97295842170729,3.6884924939722095,[80],['hlsp_tess-spoc_tess_phot_0000000103811587-s0080_tess_v1_lc.fits']
0.033427,OGLE-GD-LPV-017583,4,274.75199999999995,-9.351833333333332,15702358,274.75200873086,-9.35183679744,0,,,18190048-0921066,0,J181900.51-092106.1,4157650976761224320,0,0,STAR,tmgaia2,tmgaia2,,,,,,,,,,16.2676,0.078801,8.909,1.0,jhk,,,,,,,,,,,,,,,,,,274.75200873086,-9.35183679744,20.907371325707217,2.851723345012806,[80],['hlsp_tess-spoc_tess_phot_0000000015702358-s0080_tess_v1_lc.fits']
0.078294,OGLE-GD-LPV-014967,4,251.58,-46.71622222222223,236417058,251.58000581999,-46.71624360141,0,,,16461919-4642585,0,J164619.26-464258.4,5939680216910798464,0,0,STAR,tmgaia2,tmgaia2,,,,,,,,,,14.1966,0.044627,9.671,1.0,jhk,,,,,,,,,,,,,,,,,,251.58000581999,-46.71624360141,-21.19285030950647,-0.8665869851029159,[66],['hlsp_tess-spoc_tess_phot_0000000236417058-s0066_tess_v1_lc.fits']
0.174116,OGLE-LMC-LPV-10137,3,74.86083333333333,-67.894,30473992,74.86094850911,-67.89397853848,0,,,04592660-6753383,0,J045926.62-675338.3,4661554338275330944,0,0,STAR,tmgaia2,tmgaia2,,,,,,,,,,15.2473,0.070241,13.707,0.073,gbprp,,,,,,,,,,,,,,,,,,74.86094850911,-67.89397853848,-81.13374486048694,-35.42896647181947,"[61, 63, 64, 69]","['hlsp_tess-spoc_tess_phot_0000000030473992-s0061_tess_v1_lc.fits', 'hlsp_tess-spoc_tess_phot_0000000030473992-s0063_tess_v1_lc.fits', 'hlsp_tess-spoc_tess_phot_0000000030473992-s0064_tess_v1_lc.fits', 'hlsp_tess-spoc_tess_phot_0000000030473992-s0069_tess_v1_lc.fits']"
0.07234,OGLE-GD-LPV-008800,4,232.97991666666664,-58.5995,283271710,232.97987943054,-58.59950523465,0,,,15315516-5835581,0,J153155.18-583558.1,5882052549130555904,0,0,STAR,tmgaia2,tmgaia2,,,,,,,,,,13.9595,0.024285,9.401,1.0,jhk,,,,,,,,,,,,,,,,,,232.97987943054,-58.59950523465,-37.438189281052594,-1.9837794619720976,[65],['hlsp_tess-spoc_tess_phot_0000000283271710-s0065_tess_v1_lc.fits']
0.074146,OGLE-GD-LPV-009377,4,235.51054166666663,-57.76,64436700,235.51050455275,-57.7600056742,0,,,15420253-5745359,0,J154202.53-574536.1,5882383845741668736,0,0,STAR,tmgaia2,tmgaia2,,,,,,,,,,14.6554,0.023239,9.47,1.0,jhk,,,,,,,,,,,,,,,,,,235.51050455275,-57.7600056742,-35.864573439793666,-2.090822652923564,[65],['hlsp_tess-spoc_tess_phot_0000000064436700-s0065_tess_v1_lc.fits']
0.060926,OGLE-GD-LPV-013973,4,249.619125,-44.47997222222222,230919747,249.61910501918,-44.47998134249,0,,,16382859-4428479,0,J163828.63-442847.9,5943466595697740928,0,0,STAR,tmgaia2,tmgaia2,,,,,,,,,,15.809,0.02237,9.619,1.0,jhk,,,,,,,,,,,,,,,,,,249.61910501918,-44.47998134249,-20.41300641743511,1.6382249158541986,[66],['hlsp_tess-spoc_tess_phot_0000000230919747-s0066_tess_v1_lc.fits']
0.042699,OGLE-GD-LPV-017160,4,257.7960833333333,-45.28775,382348871,257.79606746781,-45.28775401076,0,,,17111105-4517157,0,J171111.08-451715.7,5963506088447476352,0,0,STAR,tmgaia2,tmgaia2,,,,,,,,,,14.3962,0.026758,8.897,1.0,jhk,,,,,,,,,,,,,,,,,,257.79606746781,-45.28775401076,-17.39509984640328,-3.370655694766294,[66],['hlsp_tess-spoc_tess_phot_0000000382348871-s0066_tess_v1_lc.fits']
0.19151,OGLE-GD-LPV-021827,4,282.6274166666666,-4.028222222222222,183629826,282.62737112883,-4.02824990771,0,,,18503056-0401415,0,J185030.54-040141.4,4255308671845858816,0,0,STAR,tmgaia2,tmgaia2,,,,,,,,,,13.8988,0.036285,9.628,1.0,jhk,,,,,,,,,,,,,,,,,,282.62737112883,-4.02824990771,29.240208061806698,-1.6294900326555837,[80],['hlsp_tess-spoc_tess_phot_0000000183629826-s0080_tess_v1_lc.fits']
0.077702,OGLE-GD-LPV-006661,4,221.7619583333333,-61.36869444444444,293040910,221.76192020992,-61.36870594058,0,,144-146719,14470287-6122073,0,J144702.90-612207.4,5877473186299150336,31132615,0,STAR,tmgaia2,tmgaia2,,,,,,,,17.646,1.133,14.0446,0.055821,9.469,0.128,vjk,,,,,,,,,,,,,,,,,,221.76192020992,-61.36870594058,-43.67224691337629,-1.5407385435431755,[65],['hlsp_tess-spoc_tess_phot_0000000293040910-s0065_tess_v1_lc.fits']
0.248342,OGLE-GD-LPV-018722,4,278.4498333333333,-2.5634166666666665,44701510,278.44989840856,-2.56339359168,0,,,18334796-0233482,0,J183347.97-023347.9,4258146751843373184,0,0,STAR,tmgaia2,tmgaia2,-8.893,0.433,-8.383,0.401,gaia2,0.3203,0.2571,,,14.8959,0.068602,10.561,1.0,jhk,gaia2,,,,,,,,,,,2650.07,1491.69,1.7694,0.0579,1007.17,1976.22,278.44986008048,-2.56342968717,28.6355782917317,2.7493028918579654,[80],['hlsp_tess-spoc_tess_phot_0000000044701510-s0080_tess_v1_lc.fits']
0.066719,OGLE-GD-LPV-025098,4,287.9040416666666,3.837222222222223,181615713,287.90404485673,3.83720396464,0,,470-092332,19113697+0350142,0,J191136.96+035013.9,4269060328157977728,36347725,0,STAR,tmgaia2,tmgaia2,,,,,,,,16.719,0.046,12.3658,0.008896,9.222,0.031,vjk,,,,,,,,,,,,,,,,,,287.90404485673,3.83720396464,38.65253794241392,-2.72637685597866,[80],['hlsp_tess-spoc_tess_phot_0000000181615713-s0080_tess_v1_lc.fits']
0.139449,OGLE-GD-LPV-007015,4,223.6280833333333,-56.163916666666665,417359444,223.62804365594,-56.16394848423,0,,,14543076-5609501,0,J145430.73-560950.0,5881490733023933696,0,0,STAR,tmgaia2,tmgaia2,,,,,,,,,,14.7802,0.034953,9.635,1.0,jhk,,,,,,,,,,,,,,,,,,223.62804365594,-56.16394848423,-40.499134063330914,2.69683775199883,[65],['hlsp_tess-spoc_tess_phot_0000000417359444-s0065_tess_v1_lc.fits']
0.104806,OGLE-GD-LPV-001672,4,169.51295833333333,-58.43588888888888,450743580,169.51297696465,-58.43586145817,0,,158-066029,11180312-5826091,0,J111803.12-582609.1,5339289148117435264,0,0,STAR,tmgaia2,tmgaia2,-5.713,0.199,2.978,0.139,gaia2,0.2321,0.135,15.847,0.035,12.1033,0.033025,10.326,0.04,rered,gaia2,,,,,,,,,,,3422.49,1496.75,0.4905,0.108,1055.79,1937.71,169.51292997302,-58.43584863606,-69.04976162347836,2.246580703749576,[64],['hlsp_tess-spoc_tess_phot_0000000450743580-s0064_tess_v1_lc.fits']
0.149426,OGLE-GD-LPV-024692,4,287.14416666666665,0.9640555555555556,180015860,287.14412575966,0.96404848887,0,,,19083460+0057506,0,J190834.62+005751.2,4267279359831357312,0,0,STAR,tmgaia2,tmgaia2,,,,,,,,,,13.7529,0.038073,9.467,1.0,jhk,,,,,,,,,,,,,,,,,,287.14412575966,0.96404848887,35.7475393350021,-3.3716019032494526,[80],['hlsp_tess-spoc_tess_phot_0000000180015860-s0080_tess_v1_lc.fits']
0.117451,OGLE-GD-LPV-017810,4,275.8887083333333,-8.768805555555556,19109738,275.88874045866,-8.76881306271,0,,,18233328-0846076,0,J182333.29-084607.7,4159142395564552192,0,0,STAR,tmgaia2,tmgaia2,-8.789,0.605,-1.433,0.458,gaia2,-1.5539,0.3018,,,14.8516,0.100444,9.793,1.0,jhk,gaia2,,,,,,,,,,,6614.02,2482.52,1.7207,0.1987,2059.71,2905.33,275.88870217072,-8.76881923218,21.94987131979017,2.1339234048160938,[80],['hlsp_tess-spoc_tess_phot_0000000019109738-s0080_tess_v1_lc.fits']
0.150121,OGLE-BLG-LPV-235132,4,258.64062499999994,-41.34752777777778,463220078,258.64057074305,-41.34753671318,0,,,17143375-4120510,0,J171433.72-412051.1,5971794928644813696,0,0,STAR,tmgaia2,tmgaia2,,,,,,,,,,15.0066,0.045405,9.791,1.0,jhk,,,,,,,,,,,,,,,,,,258.64057074305,-41.34753671318,-13.840744920866909,-1.5559040417945045,[66],['hlsp_tess-spoc_tess_phot_0000000463220078-s0066_tess_v1_lc.fits']
0.113685,OGLE-GD-LPV-010551,4,240.8114583333333,-53.891305555555554,276228821,240.81142049355,-53.89132791562,0,,,16031474-5353288,0,J160314.75-535328.5,5932780614017428352,0,0,STAR,tmgaia2,tmgaia2,,,,,,,,,,14.8536,0.010781,8.972,1.0,jhk,,,,,,,,,,,,,,,,,,240.81142049355,-53.89132791562,-31.11194781638802,-0.9805387191036248,[65],['hlsp_tess-spoc_tess_phot_0000000276228821-s0065_tess_v1_lc.fits']
0.043504,OGLE-GD-LPV-023859,4,285.8235,-0.2397222222222222,308492322,285.82351133427,-0.23972641415,0,,,19031764-0014229,0,J190317.63-001422.9,4265683423067692032,0,0,STAR,tmgaia2,tmgaia2,,,,,,,,,,14.6931,0.023199,10.158,1.0,jhk,,,,,,,,,,,,,,,,,,285.82351133427,-0.23972641415,34.07089130229966,-2.7471063099644373,[80],['hlsp_tess-spoc_tess_phot_0000000308492322-s0080_tess_v1_lc.fits']
0.061492,OGLE-GD-LPV-000785,4,144.8912083333333,-54.88191666666667,440971353,144.89120797553,-54.88189958684,0,,176-037890,09393388-5452548,0,J093933.93-545254.8,5308685822467307008,25210895,0,STAR,tmgaia2,tmgaia2,-6.895,0.284,3.949,0.25,gaia2,-0.1597,0.1542,13.338,0.24,12.3736,0.03103,10.058,0.055,rered,gaia2,,,,,,,,,,,6300.22,2567.52,1.3127,0.2135,2044.86,3090.19,144.89115636705,-54.88188258576,-82.37617447013571,-1.7300065225891317,"[62, 63]","['hlsp_tess-spoc_tess_phot_0000000440971353-s0062_tess_v1_lc.fits', 'hlsp_tess-spoc_tess_phot_0000000440971353-s0063_tess_v1_lc.fits']"
0.089173,OGLE-GD-LPV-004554,4,205.50529166666664,-61.69266666666666,321051939,205.5052397823,-61.69266379766,0,,,13420128-6141336,0,J134201.24-614133.4,5865725110647137408,0,0,STAR,tmgaia2,tmgaia2,,,,,,,,,,13.9333,0.030471,9.391,1.0,jhk,,,,,,,,,,,,,,,,,,205.5052397823,-61.69266379766,-51.10893038244584,0.5924329439273923,[65],['hlsp_tess-spoc_tess_phot_0000000321051939-s0065_tess_v1_lc.fits']
0.170234,OGLE-GD-LPV-007180,4,224.52466666666663,-55.47138888888889,414708959,224.52459803115,-55.47141576966,0,,,14580591-5528169,0,J145805.91-552817.2,5881630783323226496,0,0,STAR,tmgaia2,tmgaia2,,,,,,,,,,14.0198,0.025405,9.86,1.0,jhk,,,,,,,,,,,,,,,,,,224.52459803115,-55.47141576966,-39.731542577733016,3.07842497348774,[65],['hlsp_tess-spoc_tess_phot_0000000414708959-s0065_tess_v1_lc.fits']
0.082104,OGLE-GD-LPV-013154,4,248.11666666666667,-50.51319444444445,19731377,248.11664249263,-50.51321129175,0,,,16322799-5030475,0,J163228.00-503047.6,5940340855934479744,0,0,STAR,tmgaia2,tmgaia2,,,,,,,,,,13.6742,0.043573,8.687,1.0,jhk,,,,,,,,,,,,,,,,,,248.11664249263,-50.51321129175,-25.550709649682712,-1.684009465339447,[66],['hlsp_tess-spoc_tess_phot_0000000019731377-s0066_tess_v1_lc.fits']
0.301231,OGLE-GD-LPV-025412,4,288.4932916666666,-0.4860555555555556,7823492,288.49320890628,-0.48606791481,0,,448-103266,19135836-0029099,0,J191358.37-002909.9,4263844146238887680,0,0,STAR,tmgaia2,tmgaia2,-2.666,0.425,-6.31,0.338,gaia2,0.9793,0.2024,15.766,0.103,12.0252,0.028984,10.218,0.03,rered,gaia2,,,,,,,,,,,1053.29,294.911,0.3808,0.0188,218.943,370.88,288.49319742579,-0.48609508467,35.07347294001951,-5.234681278656651,[80],['hlsp_tess-spoc_tess_phot_0000000007823492-s0080_tess_v1_lc.fits']
0.097888,OGLE-GD-LPV-005992,4,217.24,-57.52747222222222,264263894,217.23995220242,-57.52746323322,0,,,14285760-5731389,0,J142857.62-573139.0,5891630807189931392,0,0,STAR,tmgaia2,tmgaia2,,,,,,,,,,14.578,0.029855,9.608,1.0,jhk,,,,,,,,,,,,,,,,,,217.23995220242,-57.52746323322,-44.24677420977444,2.8963338077287184,[65],['hlsp_tess-spoc_tess_phot_0000000264263894-s0065_tess_v1_lc.fits']
0.128624,OGLE-GD-LPV-017881,4,276.2279583333333,-5.140888888888889,131506303,276.22798499838,-5.14091278956,0,,,18245472-0508273,0,J182454.71-050827.2,4257328886991249408,0,0,STAR,tmgaia2,tmgaia2,,,,,,,,,,14.8855,0.046793,10.365,1.0,jhk,,,,,,,,,,,,,,,,,,276.22798499838,-5.14091278956,25.32101932346337,3.5263240904192106,[80],['hlsp_tess-spoc_tess_phot_0000000131506303-s0080_tess_v1_lc.fits']
0.116415,OGLE-BLG-LPV-265693,4,280.250125,-13.129,424936944,280.25009690098,-13.12901723064,0,,,18410003-1307442,0,J184100.02-130744.6,4105411839337857536,0,0,STAR,tmgaia2,tmgaia2,,,,,,,,,,15.4707,0.043888,10.203,1.0,jhk,,,,,,,,,,,,,,,,,,280.25009690098,-13.12901723064,20.05657837044352,-3.676071347261787,[80],['hlsp_tess-spoc_tess_phot_0000000424936944-s0080_tess_v1_lc.fits']
0.064086,OGLE-GD-LPV-022927,4,284.1485,9.733583333333332,103813236,284.14848286591,9.73357770192,0,,,18563564+0944009,0,J185635.62+094400.8,4311636412012055424,0,0,STAR,tmgaia2,tmgaia2,,,,,,,,,,15.1405,0.066661,9.166,1.0,jhk,,,,,,,,,,,,,,,,,,284.14848286591,9.73357770192,42.187730536701245,3.2882390818662857,[80],['hlsp_tess-spoc_tess_phot_0000000103813236-s0080_tess_v1_lc.fits']
0.151837,OGLE-GD-LPV-017978,4,276.58174999999994,-8.186333333333334,385263230,276.58178311111,-8.18635988093,0,,,18261961-0811108,0,J182619.67-081111.4,4159283098670447232,0,0,STAR,tmgaia2,tmgaia2,,,,,,,,,,14.6221,0.047545,10.12,1.0,jhk,,,,,,,,,,,,,,,,,,276.58178311111,-8.18635988093,22.785312909043665,1.7992611134149332,[80],['hlsp_tess-spoc_tess_phot_0000000385263230-s0080_tess_v1_lc.fits']
0.09347,OGLE-GD-LPV-004299,4,203.216125,-63.068333333333335,315634576,203.21606773236,-63.06833217526,0,,,13325187-6304059,0,J133251.87-630405.6,5865247132341014784,0,0,STAR,tmgaia2,tmgaia2,,,,,,,,,,13.3024,0.012816,8.828,1.0,jhk,,,,,,,,,,,,,,,,,,203.21606773236,-63.06833217526,-52.39736193085433,-0.5728789658014508,[65],['hlsp_tess-spoc_tess_phot_0000000315634576-s0065_tess_v1_lc.fits']
0.14096,OGLE-GD-LPV-003639,4,197.2705,-63.23744444444444,441362393,197.27041363704,-63.23744900799,0,,,13090494-6314150,0,J130904.92-631414.9,5862344799580984832,0,0,STAR,tmgaia2,tmgaia2,,,,,,,,,,13.6192,0.021815,8.592,1.0,jhk,,,,,,,,,,,,,,,,,,197.27041363704,-63.23744900799,-55.08332519244741,-0.4337114946037479,"[64, 65]","['hlsp_tess-spoc_tess_phot_0000000441362393-s0064_tess_v1_lc.fits', 'hlsp_tess-spoc_tess_phot_0000000441362393-s0065_tess_v1_lc.fits']"
0.075186,OGLE-GD-LPV-009769,4,237.2767083333333,-52.244527777777776,275350739,237.27669533426,-52.24454708674,0,,,15490640-5214401,0,J154906.49-521440.7,5981938129564365184,0,0,STAR,tmgaia2,tmgaia2,,,,,,,,,,15.1433,0.032097,9.851,1.0,jhk,,,,,,,,,,,,,,,,,,237.27669533426,-52.24454708674,-31.68253829282148,1.645204079561341,[65],['hlsp_tess-spoc_tess_phot_0000000275350739-s0065_tess_v1_lc.fits']
0.174478,OGLE-GD-LPV-002501,4,183.6168333333333,-63.48994444444445,382976447,183.61672913908,-63.48995808279,0,,,12142802-6329239,0,,6054186454554176000,0,0,STAR,tmgaia2,tmgaia2,,,,,,,,,,14.2375,0.036154,9.613,1.0,jhk,,,,,,,,,,,,,,,,,,183.61672913908,-63.48995808279,-61.17975541857345,-0.9137269057101016,"[64, 65]","['hlsp_tess-spoc_tess_phot_0000000382976447-s0064_tess_v1_lc.fits', 'hlsp_tess-spoc_tess_phot_0000000382976447-s0065_tess_v1_lc.fits']"
0.101442,OGLE-BLG-LPV-239838,4,262.56699999999995,-36.107527777777776,389704640,262.5669767804,-36.10754880411,0,,,17301608-3606272,0,,5974692828997187200,0,0,STAR,tmgaia2,tmgaia2,0.873,0.506,-2.661,0.388,gaia2,0.6396,0.3065,,,15.7398,0.070902,9.209,1.0,jhk,gaia2,,,,,,,,,,,1976.92,1791.65,1.8392,1.2505,865.4,2717.9,262.56698143327,-36.1075602602,-7.787715683508857,-1.1083385252094446,[66],['hlsp_tess-spoc_tess_phot_0000000389704640-s0066_tess_v1_lc.fits']
0.099608,OGLE-GD-LPV-020215,4,280.60825,-2.137694444444445,183441951,280.60826916036,-2.13771441855,0,,,18422597-0208158,0,J184225.97-020815.7,4259539111556084608,0,0,STAR,tmgaia2,tmgaia2,,,,,,,,,,13.6694,0.038085,8.999,1.0,jhk,,,,,,,,,,,,,,,,,,280.60826916036,-2.13771441855,30.002552300277287,1.0271835893397308,[80],['hlsp_tess-spoc_tess_phot_0000000183441951-s0080_tess_v1_lc.fits']
0.145211,OGLE-GD-LPV-016805,4,256.45941666666664,-49.78486111111111,212694370,256.45942038327,-49.78490137616,0,,,17055026-4947054,0,J170550.25-494705.5,5938182342818632320,0,0,STAR,tmgaia2,tmgaia2,,,,,,,,,,14.2694,0.04408,9.844,0.258,bpjk,,,,,,,,,,,,,,,,,,256.45942038327,-49.78490137616,-21.55945252981309,-5.318951059947501,[66],['hlsp_tess-spoc_tess_phot_0000000212694370-s0066_tess_v1_lc.fits']
0.045617,OGLE-GD-LPV-022220,4,283.1225,0.0610555555555555,226504033,283.12249357111,0.06104463601,0,,,18522941+0003397,0,J185229.38+000339.9,4266262625172064384,0,0,STAR,tmgaia2,tmgaia2,,,,,,,,,,13.9427,0.059215,9.47,1.0,jhk,,,,,,,,,,,,,,,,,,283.12249357111,0.06104463601,33.10619869216546,-0.2062456858651059,[80],['hlsp_tess-spoc_tess_phot_0000000226504033-s0080_tess_v1_lc.fits']
0.074244,OGLE-GD-LPV-010651,4,241.12479166666665,-51.03025,214825242,241.12475903714,-51.03025205063,0,,,16042994-5101487,0,J160429.94-510148.9,5981607210927369856,0,0,STAR,tmgaia2,tmgaia2,-3.027,0.505,-3.202,0.361,gaia2,0.4514,0.1989,,,15.0198,0.026445,10.293,1.0,jhk,gaia2,,,,,,,,,,,2210.75,1171.3,1.163,0.4934,736.91,1605.68,241.1247383109,-51.03026583633,-29.07326481632819,1.0359540472142137,[65],['hlsp_tess-spoc_tess_phot_0000000214825242-s0065_tess_v1_lc.fits']
0.083925,OGLE-GD-LPV-023698,4,285.54408333333333,0.3113888888888889,228526511,285.54406286407,0.311377731,0,,,19021058+0018408,0,J190210.60+001841.0,4265908925978570368,0,0,STAR,tmgaia2,tmgaia2,,,,,,,,,,14.0533,0.067501,9.596,1.0,jhk,,,,,,,,,,,,,,,,,,285.54406286407,0.311377731,34.43405386141505,-2.2469457019283183,[80],['hlsp_tess-spoc_tess_phot_0000000228526511-s0080_tess_v1_lc.fits']
0.082334,OGLE-GD-LPV-015575,4,252.89725,-42.48927777777778,246622585,252.8972557481,-42.48930025209,0,,,16513533-4229214,0,J165135.35-422921.6,5967975431422145920,0,0,STAR,tmgaia2,tmgaia2,,,,,,,,,,13.821,0.02642,8.892,1.0,jhk,,,,,,,,,,,,,,,,,,252.8972557481,-42.48930025209,-17.352406317788493,1.132824635951047,[66],['hlsp_tess-spoc_tess_phot_0000000246622585-s0066_tess_v1_lc.fits']
0.186092,OGLE-GD-LPV-024292,4,286.4879166666666,13.695194444444445,356952113,286.48786888874,13.69517169971,0,,,19055710+1341427,0,J190557.09+134142.8,4314383060768106368,0,0,STAR,tmgaia2,tmgaia2,,,,,,,,,,14.5671,0.035068,9.462,1.0,jhk,,,,,,,,,,,,,,,,,,286.48786888874,13.69517169971,46.7645573324652,3.0515754927491057,"[80, 81]","['hlsp_tess-spoc_tess_phot_0000000356952113-s0080_tess_v1_lc.fits', 'hlsp_tess-spoc_tess_phot_0000000356952113-s0081_tess_v1_lc.fits']"
0.094287,OGLE-GD-LPV-024398,4,286.653125,-0.6647500000000001,373976779,286.65315094335,-0.66474639581,0,,,19063676-0039530,0,J190636.75-003953.0,4262596990835100416,0,0,STAR,tmgaia2,tmgaia2,,,,,,,,,,14.66,0.043369,9.064,1.0,jhk,,,,,,,,,,,,,,,,,,286.65315094335,-0.66474639581,34.071203690854446,-3.679243702892182,[80],['hlsp_tess-spoc_tess_phot_0000000373976779-s0080_tess_v1_lc.fits']
0.173943,OGLE-LMC-LPV-83882,3,86.47429166666664,-69.52316666666667,389616448,86.47432214526,-69.52311954018,0,,,05455384-6931233,0,J054553.82-693123.3,4657611627016206848,0,0,STAR,tmgaia2,tmgaia2,,,,,,,,,,15.9515,0.061807,14.407,0.062,gbprp,,,,,,,,,,,,,,,,,,86.47432214526,-69.52311954018,-80.1181932377766,-30.99744066224276,"[63, 64]","['hlsp_tess-spoc_tess_phot_0000000389616448-s0063_tess_v1_lc.fits', 'hlsp_tess-spoc_tess_phot_0000000389616448-s0064_tess_v1_lc.fits']"
0.12401,OGLE-GD-LPV-021009,4,281.5067083333333,-6.133361111111111,145072989,281.50671415119,-6.13339506912,0,,,18460162-0608001,0,J184601.60-060800.1,4253303678050747648,0,0,STAR,tmgaia2,tmgaia2,,,,,,,,,,13.7311,0.036333,8.946,1.0,jhk,,,,,,,,,,,,,,,,,,281.50671415119,-6.13339506912,26.8567474824074,-1.5946349543408809,[80],['hlsp_tess-spoc_tess_phot_0000000145072989-s0080_tess_v1_lc.fits']
0.115358,OGLE-GD-LPV-010550,4,240.8105833333333,-53.213166666666666,276209226,240.81052983458,-53.21316732867,0,,,16031454-5312474,0,J160314.46-531247.7,5980932488741634176,0,0,STAR,tmgaia2,tmgaia2,,,,,,,,,,15.4542,0.05,9.699,1.0,jhk,,,,,,,,,,,,,,,,,,240.81052983458,-53.21316732867,-30.66409045109233,-0.4712942602657097,[65],['hlsp_tess-spoc_tess_phot_0000000276209226-s0065_tess_v1_lc.fits']
0.043232,OGLE-BLG-LPV-263628,4,276.5239583333333,-14.829138888888888,413577630,276.52395342632,-14.82912785655,0,,,18260575-1449449,0,J182605.81-144944.9,4104197218218028416,0,0,STAR,tmgaia2,tmgaia2,,,,,,,,,,13.1989,0.031266,8.356,1.0,jhk,,,,,,,,,,,,,,,,,,276.52395342632,-14.82912785655,16.881165809334558,-1.2470710801016462,[80],['hlsp_tess-spoc_tess_phot_0000000413577630-s0080_tess_v1_lc.fits']
0.156138,OGLE-GD-LPV-017856,4,276.1312083333333,-4.7596944444444444,170026928,276.13118489904,-4.75973099177,0,,,18243149-0445348,0,J182431.47-044535.1,4257395063848976384,0,0,STAR,tmgaia2,tmgaia2,,,,,,,,,,15.2981,0.053099,10.376,1.0,jhk,,,,,,,,,,,,,,,,,,276.13118489904,-4.75973099177,25.61452086235693,3.788636080013824,[80],['hlsp_tess-spoc_tess_phot_0000000170026928-s0080_tess_v1_lc.fits']
0.471498,OGLE-GD-LPV-000267,4,117.42020833333332,-39.55808333333333,131038159,117.42036052633,-39.55814151803,0,,253-020127,07494088-3933293,0,J074940.89-393329.0,5537596274996132864,17860318,0,STAR,tmgaia2,tmgaia2,,,,,,,,15.696,0.13,13.3397,0.028775,9.952,0.161,vjk,,,,,,,,,,,,,,,,,,117.42036052633,-39.55814151803,-105.7848393466655,-6.770489600611319,[61],['hlsp_tess-spoc_tess_phot_0000000131038159-s0061_tess_v1_lc.fits']
0.063524,OGLE-GD-LPV-020017,4,280.41454166666665,-8.92686111111111,203778767,280.41455354901,-8.92684793617,0,,,18413948-0855366,0,J184139.49-085536.5,4155607049041026560,0,0,STAR,tmgaia2,tmgaia2,,,,,,,,,,13.9756,0.031722,9.939,1.0,jhk,,,,,,,,,,,,,,,,,,280.41455354901,-8.92684793617,23.875565580704883,-1.9054522527162696,[80],['hlsp_tess-spoc_tess_phot_0000000203778767-s0080_tess_v1_lc.fits']
0.071375,OGLE-BLG-LPV-236591,4,259.9907083333333,-38.26,195049945,259.99072085876,-38.26001721518,0,,,17195776-3815358,0,J171957.76-381535.8,5972782668044117760,0,0,STAR,tmgaia2,tmgaia2,,,,,,,,,,13.3838,0.030402,8.938,1.0,jhk,,,,,,,,,,,,,,,,,,259.99072085876,-38.26001721518,-10.721258161461934,-0.6176666995022434,[66],['hlsp_tess-spoc_tess_phot_0000000195049945-s0066_tess_v1_lc.fits']
0.123843,OGLE-GD-LPV-021425,4,282.0455416666666,-0.8232222222222222,182205841,282.04553330357,-0.8232555912,0,,,18481092-0049235,1237662981577834842,J184810.99-004924.6,4260105428725767296,0,0,STAR,tmgaia2,tmgaia2,,,,,,,,,,15.0759,0.017373,9.726,1.0,jhk,,,,,,,,,,,,,,,,,,282.04553330357,-0.8232555912,31.828112806218083,0.3489334634298192,[80],['hlsp_tess-spoc_tess_phot_0000000182205841-s0080_tess_v1_lc.fits']
0.07685,OGLE-BLG-LPV-233327,4,256.25429166666663,-32.98708333333333,41138737,256.25429203024,-32.9871046783,0,,286-112646,17050104-3259134,0,J170501.03-325913.3,5980011304184614144,16842158,0,STAR,tmgaia2,tmgaia2,,,,,,,,15.286,0.194,10.9816,0.005464,9.519,0.011,gbprp,,,,,,,,,,,,,,,,,,256.25429203024,-32.9871046783,-8.237231892507626,4.936947295326195,[66],['hlsp_tess-spoc_tess_phot_0000000041138737-s0066_tess_v1_lc.fits']
0.082665,OGLE-GD-LPV-001007,4,153.10466666666662,-58.91480555555555,463076498,153.10462627713,-58.91479594261,0,,,10122512-5854532,0,J101225.14-585453.1,5258175598337271296,0,0,STAR,tmgaia2,tmgaia2,,,,,,,,,,13.9953,0.029317,9.931,1.0,jhk,,,,,,,,,,,,,,,,,,153.10462627713,-58.91479594261,-76.36189257490066,-2.134058961198212,"[63, 64]","['hlsp_tess-spoc_tess_phot_0000000463076498-s0063_tess_v1_lc.fits', 'hlsp_tess-spoc_tess_phot_0000000463076498-s0064_tess_v1_lc.fits']"
0.039266,OGLE-GD-LPV-013156,4,248.12466666666668,-48.60647222222222,18839660,248.12465032762,-48.60647072381,0,,,16322991-4836233,0,J163229.89-483622.3,5940740013009395328,0,0,STAR,tmgaia2,tmgaia2,,,,,,,,,,16.4351,0.031927,9.972,1.0,jhk,,,,,,,,,,,,,,,,,,248.12465032762,-48.60647072381,-24.152164528488683,-0.3877028477580043,[66],['hlsp_tess-spoc_tess_phot_0000000018839660-s0066_tess_v1_lc.fits']
0.094795,OGLE-GD-LPV-018720,4,278.44804166666665,-2.1401666666666666,44697371,278.44806769452,-2.14016255976,0,,,18334751-0208245,0,J183347.52-020824.5,4271672531557439744,0,0,STAR,tmgaia2,tmgaia2,-1.9,0.453,-6.704,0.376,gaia2,-0.3089,0.2423,,,15.6595,0.089631,10.583,1.0,jhk,gaia2,,,,,,,,,,,4641.19,1962.1,1.0628,0.1408,1561.95,2362.25,278.44805950928,-2.14019142214,29.011256936906825,2.945154108417342,[80],['hlsp_tess-spoc_tess_phot_0000000044697371-s0080_tess_v1_lc.fits']
0.003703,OGLE-GD-LPV-010812,4,241.652,-45.55508333333333,162050864,241.65200141841,-45.55508360036,0,,,16063649-4533182,0,J160636.48-453318.3,5991024424974975872,23858967,0,STAR,tmgaia2,tmgaia2,,,,,,,,,,15.2787,0.001371,8.413,1.0,jhk,,,,,,,,,,,,,,,,,,241.65200141841,-45.55508360036,-25.14959091003616,4.876733261034624,[65],['hlsp_tess-spoc_tess_phot_0000000162050864-s0065_tess_v1_lc.fits']
0.050473,OGLE-GD-LPV-022134,4,283.0081666666666,-5.223333333333334,54026517,283.00815684761,-5.22334338094,0,,,18520196-0513241,0,J185201.94-051324.1,4254843922059066112,0,0,STAR,tmgaia2,tmgaia2,,,,,,,,,,13.1313,0.032702,9.076,1.0,jhk,,,,,,,,,,,,,,,,,,283.00815684761,-5.22334338094,28.347889690276524,-2.511043042338706,[80],['hlsp_tess-spoc_tess_phot_0000000054026517-s0080_tess_v1_lc.fits']
0.107995,OGLE-GD-LPV-007965,4,229.0808333333333,-59.79272222222222,43464434,229.0807811261,-59.79273671232,0,,152-146715,15161938-5947338,0,J151619.41-594734.0,5876714866825764224,28958565,0,STAR,tmgaia2,tmgaia2,,,,,,,,15.198,0.092,13.2229,0.030151,9.771,0.033,vjk,,,,,,,,,,,,,,,,,,229.0807811261,-59.79273671232,-39.76279414850816,-1.8810450747921703,[65],['hlsp_tess-spoc_tess_phot_0000000043464434-s0065_tess_v1_lc.fits']
0.06897,OGLE-GD-LPV-010404,4,240.19679166666663,-54.965944444444446,423415357,240.19676440575,-54.96595549596,0,,,16004722-5457573,0,J160047.25-545757.4,5836634506937488384,0,0,STAR,tmgaia2,tmgaia2,,,,,,,,,,13.7931,0.024414,8.925,1.0,jhk,,,,,,,,,,,,,,,,,,240.19676440575,-54.96595549596,-32.08842458235617,-1.55468193606843,[65],['hlsp_tess-spoc_tess_phot_0000000423415357-s0065_tess_v1_lc.fits']
0.055818,OGLE-GD-LPV-021837,4,282.63858333333326,-2.766305555555556,183558529,282.63858361683,-2.76632105783,0,,,18503325-0245588,0,J185033.26-024558.6,4258829789073755648,0,0,STAR,tmgaia2,tmgaia2,,,,,,,,,,15.477,0.054409,10.42,1.0,jhk,,,,,,,,,,,,,,,,,,282.63858361683,-2.76632105783,30.36899912517791,-1.064597860509368,[80],['hlsp_tess-spoc_tess_phot_0000000183558529-s0080_tess_v1_lc.fits']
0.059415,OGLE-BLG-LPV-261979,4,274.99524999999994,-11.81275,16566034,274.99526679054,-11.81274848953,0,,,18195886-1148458,0,J181958.88-114845.9,4153695380610563968,0,0,STAR,tmgaia2,tmgaia2,,,,,,,,,,14.0804,0.03995,9.101,1.0,jhk,,,,,,,,,,,,,,,,,,274.99526679054,-11.81274848953,18.84797112398103,1.481171962085636,[80],['hlsp_tess-spoc_tess_phot_0000000016566034-s0080_tess_v1_lc.fits']
0.178028,OGLE-GD-LPV-001887,4,173.28566666666666,-64.06863888888888,318509763,173.2855787104,-64.06860780616,0,,,11330854-6404072,0,J113308.55-640406.8,5333495031056274048,0,0,STAR,tmgaia2,tmgaia2,,,,,,,,,,15.0666,0.064109,10.244,1.0,jhk,,,,,,,,,,,,,,,,,,173.2855787104,-64.06860780616,-65.50037564432071,-2.4862136963236505,[64],['hlsp_tess-spoc_tess_phot_0000000318509763-s0064_tess_v1_lc.fits']
0.076242,OGLE-GD-LPV-019633,4,280.026875,-9.788722222222225,197210542,280.02688164095,-9.78874236422,0,,,18400645-0947193,0,J184006.45-094719.5,4155256412281731456,0,0,STAR,tmgaia2,tmgaia2,,,,,,,,,,14.1301,0.048449,9.228,1.0,jhk,,,,,,,,,,,,,,,,,,280.02688164095,-9.78874236422,22.933619402418845,-1.958929735814296,[80],['hlsp_tess-spoc_tess_phot_0000000197210542-s0080_tess_v1_lc.fits']
0.108851,OGLE-BLG-LPV-263093,4,276.02775,-11.717194444444443,19717724,276.02775309317,-11.71722452874,0,,,18240665-1143018,0,J182406.69-114302.3,4153292134710872064,0,0,STAR,tmgaia2,tmgaia2,,,,,,,,,,14.8122,0.025358,10.435,1.0,jhk,,,,,,,,,,,,,,,,,,276.02775309317,-11.71722452874,19.40720697458064,0.6336858458144252,[80],['hlsp_tess-spoc_tess_phot_0000000019717724-s0080_tess_v1_lc.fits']
0.205383,OGLE-GD-LPV-015322,4,252.308125,-49.06361111111111,53043415,252.30809206475,-49.06366392301,0,,,16491395-4903489,0,J164913.94-490349.1,5939210180040822528,0,0,STAR,tmgaia2,tmgaia2,,,,,,,,,,14.5058,0.069225,9.93,1.0,jhk,,,,,,,,,,,,,,,,,,252.30809206475,-49.06366392301,-22.67192435944862,-2.754227405026303,[66],['hlsp_tess-spoc_tess_phot_0000000053043415-s0066_tess_v1_lc.fits']
0.110744,OGLE-GD-LPV-000257,4,116.45658333333331,-36.04197222222222,175470784,116.45661292855,-36.04195289185,0,,270-021810,07454958-3602310,0,J074549.58-360230.9,5587407484628386048,17848111,0,STAR,tmgaia2,tmgaia2,-0.865,0.173,3.226,0.163,gaia2,0.2122,0.1103,16.373,0.057,12.7195,0.014265,10.817,0.017,rered,gaia2,,,,,,,,,,,3921.63,1732.11,0.6825,0.0385,1199.26,2264.96,116.45660832211,-36.04193900058,-109.23606988610652,-5.687937559744481,[61],['hlsp_tess-spoc_tess_phot_0000000175470784-s0061_tess_v1_lc.fits']
0.219322,OGLE-GD-LPV-018619,4,278.2114583333333,-6.574166666666667,216558460,278.21142272481,-6.57421626741,0,,,18325074-0634270,0,J183250.77-063427.5,4255986074060000000,0,0,STAR,tmgaia2,tmgaia2,,,,,,,,,,16.8449,0.069861,10.009,1.0,jhk,,,,,,,,,,,,,,,,,,278.21142272481,-6.57421626741,24.9634847169792,1.113905191299727,[80],['hlsp_tess-spoc_tess_phot_0000000216558460-s0080_tess_v1_lc.fits']
0.017423,OGLE-BLG-LPV-263014,4,275.9570833333333,-11.216527777777776,19711072,275.95708675604,-11.21652429206,0,,,18234970-1112595,0,J182349.68-111259.4,4154076253982961536,0,0,STAR,tmgaia2,tmgaia2,,,,,,,,,,14.1114,0.055487,9.024,1.0,jhk,,,,,,,,,,,,,,,,,,275.95708675604,-11.21652429206,19.81726075540469,0.9292379359575608,[80],['hlsp_tess-spoc_tess_phot_0000000019711072-s0080_tess_v1_lc.fits']
0.028665,OGLE-BLG-LPV-265661,4,280.12466666666666,-12.72113888888889,424503400,280.12466335668,-12.72114616744,0,,,18402992-1243161,0,J184029.92-124316.0,4106200120455457792,0,0,STAR,tmgaia2,tmgaia2,,,,,,,,,,14.0472,0.047934,9.466,1.0,jhk,,,,,,,,,,,,,,,,,,280.12466335668,-12.72114616744,20.36486455674954,-3.3817537625155465,[80],['hlsp_tess-spoc_tess_phot_0000000424503400-s0080_tess_v1_lc.fits']
0.081324,OGLE-GD-LPV-014821,4,251.3175416666666,-49.789027777777775,45700933,251.31751437275,-49.78904191328,0,,,16451620-4947204,0,J164516.19-494720.6,5937757312842792576,0,0,STAR,tmgaia2,tmgaia2,,,,,,,,,,14.8833,0.066658,9.98,1.0,jhk,,,,,,,,,,,,,,,,,,251.31751437275,-49.78904191328,-23.642973831005435,-2.7309851267537626,[66],['hlsp_tess-spoc_tess_phot_0000000045700933-s0066_tess_v1_lc.fits']
0.13338,OGLE-BLG-LPV-233073,4,255.6253333333333,-39.05180555555555,345960582,255.62531704036,-39.05184037803,0,,,17023007-3903063,0,J170230.08-390306.5,5967257828262562816,0,0,STAR,tmgaia2,tmgaia2,,,,,,,,,,14.2861,0.053779,9.282,1.0,jhk,,,,,,,,,,,,,,,,,,255.62531704036,-39.05184037803,-13.376272090115595,1.662184778456545,[66],['hlsp_tess-spoc_tess_phot_0000000345960582-s0066_tess_v1_lc.fits']
0.136227,OGLE-GD-LPV-015737,4,253.327125,-39.33069444444445,338863103,253.3270917906,-39.33072223072,0,,,16531850-3919505,0,J165318.48-391950.4,5970003927309060864,0,0,STAR,tmgaia2,tmgaia2,,,,,,,,,,13.6207,0.040505,8.688,1.0,jhk,,,,,,,,,,,,,,,,,,253.3270917906,-39.33072223072,-14.702428684185383,2.8846524639019573,[66],['hlsp_tess-spoc_tess_phot_0000000338863103-s0066_tess_v1_lc.fits']
0.115,OGLE-GD-LPV-015214,4,252.0880833333333,-36.55361111111111,335559324,252.08805889976,-36.55363631436,0,,,16482113-3633130,0,J164821.12-363313.1,6019665873897765376,0,0,STAR,tmgaia2,tmgaia2,,,,,,,,,,14.0772,0.012844,9.481,1.0,jhk,,,,,,,,,,,,,,,,,,252.08805889976,-36.55363631436,-13.176950815529835,5.404954360427164,[66],['hlsp_tess-spoc_tess_phot_0000000335559324-s0066_tess_v1_lc.fits']
0.101448,OGLE-GD-LPV-020466,4,280.8694583333333,-2.71,185384134,280.86945623372,-2.7100281018,0,,,18432867-0242359,0,J184328.69-024236.0,4259431668645165184,0,0,STAR,tmgaia2,tmgaia2,,,,,,,,,,13.9621,0.044034,9.319,1.0,jhk,,,,,,,,,,,,,,,,,,280.86945623372,-2.7100281018,29.612737091251205,0.533509539480521,[80],['hlsp_tess-spoc_tess_phot_0000000185384134-s0080_tess_v1_lc.fits']
0.123996,OGLE-BLG-LPV-236369,4,259.785625,-33.956027777777784,154280948,259.78563777919,-33.95606054962,0,,,17190855-3357216,0,J171908.56-335721.8,5978738688171314176,0,0,STAR,tmgaia2,tmgaia2,,,,,,,,,,14.512,0.035783,9.828,1.0,jhk,,,,,,,,,,,,,,,,,,259.78563777919,-33.95606054962,-7.28836224345593,1.9843564626122017,[66],['hlsp_tess-spoc_tess_phot_0000000154280948-s0066_tess_v1_lc.fits']
0.07417,OGLE-BLG-LPV-233039,4,255.4868333333333,-37.59702777777778,345676821,255.48680739307,-37.59702920897,0,,,17015683-3735494,0,J170156.82-373549.2,5976569489201065856,0,0,STAR,tmgaia2,tmgaia2,,,,,,,,,,14.3784,0.06596,9.06,1.0,jhk,,,,,,,,,,,,,,,,,,255.48680739307,-37.59702920897,-12.290601603477894,2.6374741140220506,[66],['hlsp_tess-spoc_tess_phot_0000000345676821-s0066_tess_v1_lc.fits']
0.107286,OGLE-GD-LPV-016688,4,256.07716666666664,-52.04136111111111,212374773,256.07713614147,-52.04138425416,0,,190-165489,17041852-5202289,0,J170418.52-520228.5,5924437622822786432,0,0,STAR,tmgaia2,tmgaia2,,,,,,,,14.13,0.092,12.8238,0.027916,9.748,0.05,vjk,,,,,,,,,,,,,,,,,,256.07713614147,-52.04138425416,-23.519842802203065,-6.479744829597442,[66],['hlsp_tess-spoc_tess_phot_0000000212374773-s0066_tess_v1_lc.fits']
0.089933,OGLE-GD-LPV-006595,4,221.32304166666663,-53.03061111111112,365804950,221.32304323509,-53.03063607461,0,,,14451753-5301501,0,J144517.54-530150.0,5894785855807752320,0,0,STAR,tmgaia2,tmgaia2,,,,,,,,,,14.7898,0.047708,8.517,1.0,jhk,,,,,,,,,,,,,,,,,,221.32304323509,-53.03063607461,-40.31472666319419,6.097387981178213,[65],['hlsp_tess-spoc_tess_phot_0000000365804950-s0065_tess_v1_lc.fits']
0.079427,OGLE-BLG-LPV-263451,4,276.343125,-15.53325,413133647,276.34310321679,-15.53325680468,0,,,18252234-1531597,0,J182522.35-153159.6,4097965740393789568,0,0,STAR,tmgaia2,tmgaia2,,,,,,,,,,14.2103,0.045183,9.143,1.0,jhk,,,,,,,,,,,,,,,,,,276.34310321679,-15.53325680468,16.176716172412338,-1.4209970074079463,[80],['hlsp_tess-spoc_tess_phot_0000000413133647-s0080_tess_v1_lc.fits']
0.116535,OGLE-GD-LPV-009595,4,236.4615,-52.18725,268210415,236.46145387605,-52.18726575543,0,,,15455074-5211140,0,J154550.75-521114.2,5885919909424678528,0,0,STAR,tmgaia2,tmgaia2,,,,,,,,,,15.4859,0.04724,9.427,1.0,jhk,,,,,,,,,,,,,,,,,,236.46145387605,-52.18726575543,-32.03969550700152,1.999202206419302,[65],['hlsp_tess-spoc_tess_phot_0000000268210415-s0065_tess_v1_lc.fits']
0.123044,OGLE-GD-LPV-002577,4,184.56691666666663,-61.40977777777778,309365800,184.56685118601,-61.40979142705,0,,,12181605-6124351,0,J121816.03-612435.3,6057605214152162560,0,0,STAR,tmgaia2,tmgaia2,,,,,,,,,,16.183,0.045741,14.498,0.047,gbprp,,,,,,,,,,,,,,,,,,184.56685118601,-61.40979142705,-61.02659954294265,1.206764967229909,"[37, 38]","['hlsp_tess-spoc_tess_phot_0000000309365800-s0037_tess_v1_lc.fits', 'hlsp_tess-spoc_tess_phot_0000000309365800-s0038_tess_v1_lc.fits']"
0.144751,OGLE-GD-LPV-025549,4,288.795625,12.633805555555556,342923043,288.7956661713,12.63380721202,0,,,19151095+1238016,0,J191510.97+123801.5,4313230910020545152,0,0,STAR,tmgaia2,tmgaia2,-3.025,0.269,-6.076,0.239,gaia2,-0.239,0.166,,,13.2686,0.017027,8.346,1.0,jhk,gaia2,,,,,,,,,,,5923.61,2288.6,2.2156,0.6511,1848.62,2728.59,288.79565282576,12.63378105056,46.85891204075899,0.5682835340775875,"[54, 80, 81]","['hlsp_tess-spoc_tess_phot_0000000342923043-s0054_tess_v1_lc.fits', 'hlsp_tess-spoc_tess_phot_0000000342923043-s0080_tess_v1_lc.fits', 'hlsp_tess-spoc_tess_phot_0000000342923043-s0081_tess_v1_lc.fits']"
0.110484,OGLE-BLG-LPV-234901,4,258.40029166666665,-36.94083333333333,266568720,258.40027287015,-36.94080657172,0,,,17133607-3656269,0,J171336.11-365626.8,5973811707842653824,0,0,STAR,tmgaia2,tmgaia2,1.451,0.312,-6.222,0.235,gaia2,-0.1874,0.2498,,,14.9899,0.013897,10.026,1.0,jhk,gaia2,,,,,,,,,,,4929.61,2367.54,2.5383,0.7443,1834.07,2901.02,258.40028068619,-36.94083336291,-10.375735806083414,1.1735214265888274,[66],['hlsp_tess-spoc_tess_phot_0000000266568720-s0066_tess_v1_lc.fits']
0.128158,OGLE-GD-LPV-012651,4,246.9058333333333,-45.72866666666667,225117561,246.90579057211,-45.72868606564,0,,,16273739-4543433,0,J162737.48-454342.4,5942409965017367296,0,0,STAR,tmgaia2,tmgaia2,,,,,,,,,,15.2534,0.029859,9.841,1.0,jhk,,,,,,,,,,,,,,,,,,246.90579057211,-45.72868606564,-22.63203798357865,2.1925902465365947,[66],['hlsp_tess-spoc_tess_phot_0000000225117561-s0066_tess_v1_lc.fits']
0.179334,OGLE-GD-LPV-025550,4,288.80079166666667,13.339111111111112,342931886,288.80081085813,13.33906492849,0,,,19151219+1320207,0,J191512.20+132020.7,4319321001846581504,0,0,STAR,tmgaia2,tmgaia2,,,,,,,,,,16.1886,0.031794,9.796,1.0,jhk,,,,,,,,,,,,,,,,,,288.80081085813,13.33906492849,47.48570121493049,0.8918286300304424,"[80, 81]","['hlsp_tess-spoc_tess_phot_0000000342931886-s0080_tess_v1_lc.fits', 'hlsp_tess-spoc_tess_phot_0000000342931886-s0081_tess_v1_lc.fits']"
0.156305,OGLE-GD-LPV-021708,4,282.45954166666667,-5.125194444444444,183107048,282.45952487528,-5.1252345123,0,,,18495028-0507306,0,J184950.29-050730.9,4254900817408535424,0,0,STAR,tmgaia2,tmgaia2,,,,,,,,,,13.7636,0.029303,10.186,1.0,jhk,,,,,,,,,,,,,,,,,,282.45952487528,-5.1252345123,28.18675823659668,-1.9797717606279857,[80],['hlsp_tess-spoc_tess_phot_0000000183107048-s0080_tess_v1_lc.fits']
0.153261,OGLE-GD-LPV-018779,4,278.6402083333333,-6.763166666666667,218308578,278.64020889455,-6.7632092356,0,,,18343364-0645473,0,J183433.63-064547.4,4255918866409839744,0,0,STAR,tmgaia2,tmgaia2,,,,,,,,,,14.4792,0.03056,9.644,1.0,jhk,,,,,,,,,,,,,,,,,,278.64020889455,-6.7632092356,24.992055639251976,0.6488758744535122,[80],['hlsp_tess-spoc_tess_phot_0000000218308578-s0080_tess_v1_lc.fits']
0.111557,OGLE-GD-LPV-018605,4,278.18241666666665,-4.122944444444444,43638503,278.18244026874,-4.12296459583,0,,430-076579,18324378-0407224,0,J183243.79-040722.2,4257676160873135872,0,0,STAR,tmgaia2,tmgaia2,,,,,,,,,,14.0784,0.03332,9.751,1.0,jhk,,,,,,,,,,,,,,,,,,278.18244026874,-4.12296459583,27.12646228437893,2.26936646739374,[80],['hlsp_tess-spoc_tess_phot_0000000043638503-s0080_tess_v1_lc.fits']
0.099233,OGLE-GD-LPV-008405,4,231.2480416666667,-55.30761111111111,412501444,231.24799877691,-55.30762391329,0,,,15245953-5518274,0,J152459.51-551827.1,5886805016292851456,0,0,STAR,tmgaia2,tmgaia2,,,,,,,,,,13.9966,0.044846,8.809,1.0,jhk,,,,,,,,,,,,,,,,,,231.24799877691,-55.30762391329,-36.3643047454955,1.267922045611346,[65],['hlsp_tess-spoc_tess_phot_0000000412501444-s0065_tess_v1_lc.fits']
0.139361,OGLE-GD-LPV-025399,4,288.46804166666664,7.805611111111111,208461703,288.46800739613,7.80562970594,0,,,19135233+0748201,0,J191352.32+074820.2,4306485814173925888,0,0,STAR,tmgaia2,tmgaia2,,,,,,,,,,14.0329,0.022956,9.197,1.0,jhk,,,,,,,,,,,,,,,,,,288.46800739613,7.80562970594,42.43329955399978,-1.3893151650963618,"[80, 81]","['hlsp_tess-spoc_tess_phot_0000000208461703-s0080_tess_v1_lc.fits', 'hlsp_tess-spoc_tess_phot_0000000208461703-s0081_tess_v1_lc.fits']"
0.038308,OGLE-BLG-LPV-262358,4,275.36275,-11.66525,17328347,275.36273920041,-11.66525117089,0,,,18212705-1139547,0,J182127.10-113954.6,4154031762440247808,0,0,STAR,tmgaia2,tmgaia2,,,,,,,,,,15.8598,0.031914,10.454,1.0,jhk,,,,,,,,,,,,,,,,,,275.36273920041,-11.66525117089,19.147580366946325,1.2331664060815806,[80],['hlsp_tess-spoc_tess_phot_0000000017328347-s0080_tess_v1_lc.fits']
0.057916,OGLE-GD-LPV-015542,4,252.81329166666663,-47.06625,246440797,252.81326879852,-47.06625402321,0,,,16511518-4703584,0,J165115.27-470358.1,5939789622630717440,0,0,STAR,tmgaia2,tmgaia2,,,,,,,,,,13.8383,0.02195,8.878,1.0,jhk,,,,,,,,,,,,,,,,,,252.81326879852,-47.06625402321,-20.91876515450869,-1.7370738239639574,[66],['hlsp_tess-spoc_tess_phot_0000000246440797-s0066_tess_v1_lc.fits']
0.09219,OGLE-GD-LPV-010828,4,241.70075,-49.07372222222222,215203663,241.70072253456,-49.07374044496,0,,,16064818-4904255,0,J160648.21-490425.0,5983495828299751168,0,0,STAR,tmgaia2,tmgaia2,,,,,,,,,,16.4758,0.021057,9.109,1.0,jhk,,,,,,,,,,,,,,,,,,241.70072253456,-49.07374044496,-27.491425191474463,2.2461708321454643,[65],['hlsp_tess-spoc_tess_phot_0000000215203663-s0065_tess_v1_lc.fits']
0.136997,OGLE-BLG-LPV-264528,4,277.69266666666664,-13.79847222222222,432717958,277.69263763955,-13.79849778635,0,,,18304623-1347544,0,J183046.22-134754.4,4104750792258679424,0,0,STAR,tmgaia2,tmgaia2,,,,,,,,,,13.5917,0.029028,9.268,1.0,jhk,,,,,,,,,,,,,,,,,,277.69263763955,-13.79849778635,18.320142203257724,-1.771875222519791,[80],['hlsp_tess-spoc_tess_phot_0000000432717958-s0080_tess_v1_lc.fits']
0.048721,OGLE-GD-LPV-013332,4,248.44375,-45.508,228251353,248.44373071553,-45.50799928678,0,,,16334649-4530287,0,J163346.49-453028.7,5943774115368196864,0,0,STAR,tmgaia2,tmgaia2,,,,,,,,,,14.073,0.0181,9.976,1.0,jhk,,,,,,,,,,,,,,,,,,248.44373071553,-45.50799928678,-21.733257204548035,1.5610912218780526,[66],['hlsp_tess-spoc_tess_phot_0000000228251353-s0066_tess_v1_lc.fits']
0.100664,OGLE-GD-LPV-000248,4,115.64920833333332,-31.13958333333333,149205460,115.64923972086,-31.13957557703,0,,295-028697,07423581-3108227,0,J074235.81-310822.4,5598219669661648512,0,0,STAR,tmgaia2,tmgaia2,,,,,,,,13.826,0.114,13.3789,0.028067,9.755,0.059,vjk,,,,,,,,,,,,,,,,,,115.64923972086,-31.13957557703,-113.84705535847424,-3.8514092960909134,[61],['hlsp_tess-spoc_tess_phot_0000000149205460-s0061_tess_v1_lc.fits']
0.15411,OGLE-GD-LPV-015437,4,252.5525833333333,-46.49963888888889,246112223,252.55254211072,-46.49967094116,0,,,16501260-4629587,0,J165012.64-462958.8,5940028594606792064,0,0,STAR,tmgaia2,tmgaia2,,,,,,,,,,14.9887,0.020512,9.356,1.0,jhk,,,,,,,,,,,,,,,,,,252.55254211072,-46.49967094116,-20.596553161228755,-1.237906777667786,[66],['hlsp_tess-spoc_tess_phot_0000000246112223-s0066_tess_v1_lc.fits']
0.241825,OGLE-GD-LPV-024367,4,286.5987083333333,12.638277777777777,356961065,286.59865143915,12.63823995858,0,,,19062368+1238177,0,J190623.67+123817.8,4313970331611980544,0,0,STAR,tmgaia2,tmgaia2,,,,,,,,,,14.0121,0.047188,9.683,1.0,jhk,,,,,,,,,,,,,,,,,,286.59865143915,12.63823995858,45.87308170432659,2.472064027556049,"[80, 81]","['hlsp_tess-spoc_tess_phot_0000000356961065-s0080_tess_v1_lc.fits', 'hlsp_tess-spoc_tess_phot_0000000356961065-s0081_tess_v1_lc.fits']"
0.105435,OGLE-GD-LPV-004854,4,208.19704166666665,-64.46763888888889,299788961,208.19700128662,-64.46766244373,0,,128-104413,13524728-6428035,0,J135247.29-642803.4,5852279148658157440,0,0,STAR,tmgaia2,tmgaia2,,,,,,,,13.604,0.057,12.3543,0.039722,9.415,0.05,vjk,,,,,,,,,,,,,,,,,,208.19700128662,-64.46766244373,-50.51603004269306,-2.3791628285304625,[65],['hlsp_tess-spoc_tess_phot_0000000299788961-s0065_tess_v1_lc.fits']
0.085496,OGLE-GD-LPV-005853,4,216.2505,-59.48469444444444,90530886,216.2504536735,-59.48469117779,0,,,14250009-5929046,0,J142500.09-592904.6,5890818989645825920,0,0,STAR,tmgaia2,tmgaia2,,,,,,,,,,14.121,0.022797,9.802,1.0,jhk,,,,,,,,,,,,,,,,,,216.2504536735,-59.48469117779,-45.43550578829354,1.257261166297839,[65],['hlsp_tess-spoc_tess_phot_0000000090530886-s0065_tess_v1_lc.fits']
0.118534,OGLE-GD-LPV-009589,4,236.438,-50.71897222222223,268207222,236.43794872854,-50.71896670881,0,,,15454512-5043081,0,J154545.11-504308.2,5982403394804109696,0,0,STAR,tmgaia2,tmgaia2,,,,,,,,,,14.4874,0.060316,9.998,1.0,jhk,,,,,,,,,,,,,,,,,,236.43794872854,-50.71896670881,-31.148398215299608,3.1667998417336185,[65],['hlsp_tess-spoc_tess_phot_0000000268207222-s0065_tess_v1_lc.fits']
0.108771,OGLE-GD-LPV-014084,4,249.8709166666666,-50.28344444444444,34891130,249.87088311536,-50.28346573441,0,,,16392902-5017002,0,J163929.00-501700.3,5937394439642992256,0,0,STAR,tmgaia2,tmgaia2,,,,,,,,,,15.0435,0.041643,9.185,1.0,jhk,,,,,,,,,,,,,,,,,,249.87088311536,-50.28346573441,-24.62745864005968,-2.3562124359815644,[66],['hlsp_tess-spoc_tess_phot_0000000034891130-s0066_tess_v1_lc.fits']
0.070408,OGLE-BLG-LPV-264929,4,278.3082083333333,-13.1285,433138962,278.3081984359,-13.12851701756,0,,,18331396-1307425,0,J183313.96-130743.0,4104895820427964928,0,0,STAR,tmgaia2,tmgaia2,,,,,,,,,,14.9385,0.066415,9.76,1.0,jhk,,,,,,,,,,,,,,,,,,278.3081984359,-13.12851701756,19.19117599232388,-1.9939803447756488,[80],['hlsp_tess-spoc_tess_phot_0000000433138962-s0080_tess_v1_lc.fits']
0.138001,OGLE-GD-LPV-018377,4,277.66279166666664,-9.14372222222222,215176612,277.66276773987,-9.14375241221,0,,,18303907-0908373,0,J183039.06-090837.3,4155974530751712512,0,0,STAR,tmgaia2,tmgaia2,,,,,,,,,,15.5545,0.109068,10.097,1.0,jhk,,,,,,,,,,,,,,,,,,277.66276773987,-9.14375241221,22.43341927701554,0.4082497428480963,[80],['hlsp_tess-spoc_tess_phot_0000000215176612-s0080_tess_v1_lc.fits']
0.131488,OGLE-GD-LPV-020680,4,281.122125,-4.509805555555555,203913008,281.12211044294,-4.50983907342,0,,,18442930-0430352,0,J184429.28-043034.9,4258174342728360704,0,0,STAR,tmgaia2,tmgaia2,,,,,,,,,,14.7761,0.068262,10.123,1.0,jhk,,,,,,,,,,,,,,,,,,281.12211044294,-4.50983907342,28.12694153535464,-0.513082609039498,[80],['hlsp_tess-spoc_tess_phot_0000000203913008-s0080_tess_v1_lc.fits']
0.149564,OGLE-GD-LPV-018606,4,278.1844166666666,-8.876583333333334,216693426,278.18439098556,-8.87661623035,0,,,18324425-0852357,0,J183244.29-085235.7,4156358672624932096,0,0,STAR,tmgaia2,tmgaia2,1.342,0.588,0.127,0.524,gaia2,0.4401,0.341,,,15.8155,0.04305,9.986,1.0,jhk,gaia2,,,,,,,,,,,2589.73,1865.71,1.2562,0.0887,1174.77,2556.65,278.18439683549,-8.87661568145,22.908495318664123,0.0749493069493883,[80],['hlsp_tess-spoc_tess_phot_0000000216693426-s0080_tess_v1_lc.fits']
0.062096,OGLE-GD-LPV-000464,4,129.82945833333332,-39.81311111111111,180840358,129.82943859738,-39.81310288317,0,,,08391907-3948474,0,J083919.07-394847.2,5528438511361690752,0,0,STAR,tmgaia2,tmgaia2,,,,,,,,,,15.2772,0.033144,9.761,1.0,jhk,,,,,,,,,,,,,,,,,,129.82943859738,-39.81310288317,-100.28085467977311,1.0361810629239732,"[61, 62]","['hlsp_tess-spoc_tess_phot_0000000180840358-s0061_tess_v1_lc.fits', 'hlsp_tess-spoc_tess_phot_0000000180840358-s0062_tess_v1_lc.fits']"
0.073545,OGLE-GD-LPV-020953,4,281.436375,-2.602305555555556,225773894,281.43638671199,-2.60232230253,0,,,18454473-0236083,1237668708911810231,,4258698290050218368,0,0,STAR,tmgaia2,tmgaia2,,,,,,,,,,13.1539,0.037008,7.763,1.0,jhk,,,,,,,,,,,,,,,,,,281.43638671199,-2.60232230253,29.96719888668177,0.0789071175268014,[80],['hlsp_tess-spoc_tess_phot_0000000225773894-s0080_tess_v1_lc.fits']
0.095907,OGLE-GD-LPV-015723,4,253.2975833333333,-46.25486111111111,246836393,253.29754558056,-46.25485579099,0,,,16531142-4615175,0,J165311.42-461517.4,5939950563630273664,0,0,STAR,tmgaia2,tmgaia2,-0.979,0.421,-4.219,0.333,gaia2,-0.1325,0.2752,,,13.7819,0.037988,9.195,1.0,jhk,gaia2,,,,,,,,,,,4314.25,2127.93,2.8376,0.8086,1632.16,2623.7,253.29753948526,-46.2548739541,-20.080546513239284,-1.478688477964626,[66],['hlsp_tess-spoc_tess_phot_0000000246836393-s0066_tess_v1_lc.fits']
0.019827,OGLE-GD-LPV-019536,4,279.9167499999999,-10.113194444444444,327813658,279.91675499445,-10.1131969257,0,,,18394002-1006475,0,J183940.03-100647.7,4155239953967463936,0,0,STAR,tmgaia2,tmgaia2,,,,,,,,,,14.6948,0.043011,9.973,1.0,jhk,,,,,,,,,,,,,,,,,,279.91675499445,-10.1131969257,22.59524773056325,-2.010790383083126,[80],['hlsp_tess-spoc_tess_phot_0000000327813658-s0080_tess_v1_lc.fits']
0.222986,OGLE-GD-LPV-019463,4,279.8266249999999,-2.5747777777777774,175536070,279.82662401807,-2.57483971062,0,,,18391839-0234292,0,J183918.38-023429.5,4259413251831039232,0,0,STAR,tmgaia2,tmgaia2,,,,,,,,,,14.0134,0.079393,8.435,1.0,jhk,,,,,,,,,,,,,,,,,,279.82662401807,-2.57483971062,29.25646870137343,1.521735867361151,[80],['hlsp_tess-spoc_tess_phot_0000000175536070-s0080_tess_v1_lc.fits']
0.101917,OGLE-GD-LPV-015701,4,253.227375,-40.18547222222222,338622007,253.22737736074,-40.18550047491,0,,,16525457-4011078,0,J165254.54-401106.6,5969756262293652352,0,0,STAR,tmgaia2,tmgaia2,,,,,,,,,,13.3417,0.041295,9.253,1.0,jhk,,,,,,,,,,,,,,,,,,253.22737736074,-40.18550047491,-15.413951986475633,2.4036742506336544,[66],['hlsp_tess-spoc_tess_phot_0000000338622007-s0066_tess_v1_lc.fits']
0.063531,OGLE-GD-LPV-011286,4,243.2297916666666,-48.74697222222223,266824631,243.22981528692,-48.74698052017,0,,,16125515-4844489,0,J161255.10-484449.3,5983661545320284416,0,0,STAR,tmgaia2,tmgaia2,-6.455,0.713,-6.283,0.512,gaia2,0.4674,0.3646,,,16.6919,0.05073,10.309,1.0,jhk,gaia2,,,,,,,,,,,2341.94,1631.47,1.7274,0.7819,1037.53,2225.41,243.22977313902,-48.74700757315,-26.530754971586337,1.804690746217516,[65],['hlsp_tess-spoc_tess_phot_0000000266824631-s0065_tess_v1_lc.fits']
0.06173,OGLE-BLG-LPV-232592,4,253.1844166666666,-36.54625,338343062,253.18440363921,-36.54626358287,0,,,16524425-3632465,0,J165244.26-363246.3,5971665942223383424,0,0,STAR,tmgaia2,tmgaia2,,,,,,,,,,14.4346,0.043783,9.532,1.0,jhk,,,,,,,,,,,,,,,,,,253.18440363921,-36.54626358287,-12.609268186322986,4.72969200974213,[66],['hlsp_tess-spoc_tess_phot_0000000338343062-s0066_tess_v1_lc.fits']
0.243124,OGLE-GD-LPV-017710,4,275.39470833333337,-6.463861111111111,17697328,275.39469733628,-6.46392775563,0,,,18213473-0627498,0,J182134.73-062749.9,4160862237925240320,0,0,STAR,tmgaia2,tmgaia2,,,,,,,,,,14.708,0.064263,10.196,1.0,jhk,,,,,,,,,,,,,,,,,,275.39469733628,-6.46392775563,23.76117564999701,3.643951868302775,[80],['hlsp_tess-spoc_tess_phot_0000000017697328-s0080_tess_v1_lc.fits']
0.0783,OGLE-BLG-LPV-261093,4,274.1511666666666,-14.479416666666667,112292428,274.15117119826,-14.47943796955,0,,,18163627-1428457,0,J181636.30-142846.1,4146454890361440128,0,0,STAR,tmgaia2,tmgaia2,,,,,,,,,,15.3091,0.085115,9.844,1.0,jhk,,,,,,,,,,,,,,,,,,274.15117119826,-14.47943796955,16.109293741291964,0.9429810955672494,[80],['hlsp_tess-spoc_tess_phot_0000000112292428-s0080_tess_v1_lc.fits']
0.18236,OGLE-GD-LPV-023056,4,284.36625,-7.524416666666666,35943617,284.3662657538,-7.52436847878,0,,413-110211,18572791-0731278,0,J185727.94-073128.5,4204039303661600512,4472108,0,STAR,tmgaia2,tmgaia2,-5.205,0.306,-10.658,0.286,gaia2,0.9202,0.1759,14.724,0.311,11.7916,0.023757,10.143,0.025,rered,gaia2,,,,,,,,,,,1110.09,268.201,0.1588,0.0101,207.522,328.88,284.36624314904,-7.52441436653,26.903753086064576,-4.755926871429007,[80],['hlsp_tess-spoc_tess_phot_0000000035943617-s0080_tess_v1_lc.fits']
0.136172,OGLE-BLG-LPV-263198,4,276.1201249999999,-14.659944444444443,332945853,276.12011599339,-14.65998125272,0,,,18242884-1439358,0,J182428.84-143935.7,4104259787307030912,0,0,STAR,tmgaia2,tmgaia2,,,,,,,,,,14.4048,0.0441,9.23,1.0,jhk,,,,,,,,,,,,,,,,,,276.12011599339,-14.65998125272,16.848472225616966,-0.8227176969427963,[80],['hlsp_tess-spoc_tess_phot_0000000332945853-s0080_tess_v1_lc.fits']
0.042371,OGLE-GD-LPV-011244,4,243.09008333333333,-49.031527777777775,266827758,243.09009854026,-49.03152152329,0,,,16122162-4901533,0,J161221.64-490153.2,5983628697409616256,0,0,STAR,tmgaia2,tmgaia2,-2.614,0.624,-3.665,0.44,gaia2,0.2548,0.332,,,14.5336,0.012607,9.768,1.0,jhk,gaia2,,,,,,,,,,,2886.89,1747.0,1.95,0.7532,1216.92,2277.08,243.09008137415,-49.03153730259,-26.792734294930987,1.660330978958148,[65],['hlsp_tess-spoc_tess_phot_0000000266827758-s0065_tess_v1_lc.fits']
0.173254,OGLE-GD-LPV-017889,4,276.25316666666663,-9.243555555555554,20395242,276.25318506878,-9.24360012267,0,,,18250076-0914368,0,J182500.76-091437.0,4156105265248045696,0,0,STAR,tmgaia2,tmgaia2,,,,,,,,,,14.6172,0.078825,9.128,1.0,jhk,,,,,,,,,,,,,,,,,,276.25318506878,-9.24360012267,21.69808460462384,1.5938932091195808,[80],['hlsp_tess-spoc_tess_phot_0000000020395242-s0080_tess_v1_lc.fits']
0.018286,OGLE-GD-LPV-021233,4,281.80558333333335,-0.8192222222222222,226070804,281.80558534923,-0.81921755971,0,,,18471333-0049090,1237662981577704667,J184713.31-004909.6,4260113640703429504,0,0,STAR,tmgaia2,tmgaia2,-1.754,0.95,-9.965,0.79,gaia2,-0.2205,0.723,,,18.2224,0.06024,9.804,1.0,jhk,gaia2,,,,,,,,,,,2861.87,1786.65,1.3515,0.0614,1338.07,2235.23,281.80557779863,-0.81926046474,31.72222091493628,0.5642746025309419,[80],['hlsp_tess-spoc_tess_phot_0000000226070804-s0080_tess_v1_lc.fits']
0.052572,OGLE-BLG-LPV-237058,4,260.41154166666666,-34.04397222222222,156232629,260.41152636162,-34.04397946262,0,,,17213876-3402383,0,J172138.80-340238.5,5976097661223259392,0,0,STAR,tmgaia2,tmgaia2,-0.748,0.524,-2.401,0.33,gaia2,0.7269,0.2707,,,14.6658,0.046496,9.03,1.0,jhk,gaia2,,,,,,,,,,,1607.29,1409.86,0.8181,0.5193,630.571,2189.14,260.4115224727,-34.04398979919,-7.064253325018864,1.508098815693265,[66],['hlsp_tess-spoc_tess_phot_0000000156232629-s0066_tess_v1_lc.fits']
0.195612,OGLE-GD-LPV-002148,4,178.05029166666665,-62.94594444444444,304677040,178.05019112694,-62.9459150952,0,,,11521205-6256452,0,J115212.05-625645.2,5333098588427943808,0,0,STAR,tmgaia2,tmgaia2,,,,,,,,,,15.0687,0.050457,10.159,1.0,jhk,,,,,,,,,,,,,,,,,,178.05019112694,-62.9459150952,-63.74482784873583,-0.8446425117357885,[64],['hlsp_tess-spoc_tess_phot_0000000304677040-s0064_tess_v1_lc.fits']
0.04004,OGLE-GD-LPV-001610,4,168.12137499999997,-63.86230555555556,467316701,168.12135533823,-63.86229857862,0,,,11122914-6351443,0,J111229.14-635144.2,5240620245944424320,0,0,STAR,tmgaia2,tmgaia2,,,,,,,,,,15.5308,0.052211,10.484,1.0,jhk,,,,,,,,,,,,,,,,,,168.12135533823,-63.86229857862,-67.70653694400303,-3.053449848339179,"[37, 38, 64]","['hlsp_tess-spoc_tess_phot_0000000467316701-s0037_tess_v1_lc.fits', 'hlsp_tess-spoc_tess_phot_0000000467316701-s0038_tess_v1_lc.fits', 'hlsp_tess-spoc_tess_phot_0000000467316701-s0064_tess_v1_lc.fits']"
0.142234,OGLE-GD-LPV-020285,4,280.682,-5.045416666666666,182922237,280.68202063032,-5.04545041103,0,,,18424368-0502435,0,J184243.69-050243.9,4256619598928439296,0,0,STAR,tmgaia2,tmgaia2,,,,,,,,,,14.9066,0.029319,9.444,1.0,jhk,,,,,,,,,,,,,,,,,,280.68202063032,-5.04545041103,27.45008399646164,-0.3677028805159298,[80],['hlsp_tess-spoc_tess_phot_0000000182922237-s0080_tess_v1_lc.fits']
0.089768,OGLE-GD-LPV-016486,4,255.3897083333333,-43.99208333333333,122749700,255.38969601351,-43.99210664057,0,,,17013353-4359315,0,J170133.52-435931.6,5963853877713308928,0,0,STAR,tmgaia2,tmgaia2,,,,,,,,,,14.2512,0.062908,9.331,1.0,jhk,,,,,,,,,,,,,,,,,,255.38969601351,-43.99210664057,-17.390390019379403,-1.2236256063774695,[66],['hlsp_tess-spoc_tess_phot_0000000122749700-s0066_tess_v1_lc.fits']
0.13395,OGLE-GD-LPV-018970,4,279.11020833333333,1.48975,106876016,279.11023328383,1.48972238929,0,,,18362645+0129229,0,J183626.45+012923.0,4273619938455662592,36028331,0,STAR,tmgaia2,tmgaia2,,,,,,,,,,13.5962,0.043902,9.242,1.0,jhk,,,,,,,,,,,,,,,,,,279.11023328383,1.48972238929,32.54888333546488,4.0158097205638255,[80],['hlsp_tess-spoc_tess_phot_0000000106876016-s0080_tess_v1_lc.fits']
0.136574,OGLE-GD-LPV-024197,4,286.33287499999994,2.4614444444444445,178239466,286.33284221486,2.46142530441,0,,,19051988+0227410,0,J190519.90+022740.8,4268487933602877696,0,0,STAR,tmgaia2,tmgaia2,,,,,,,,,,14.7939,0.106801,9.962,1.0,jhk,,,,,,,,,,,,,,,,,,286.33284221486,2.46142530441,36.70824242938826,-1.964889960575936,[80],['hlsp_tess-spoc_tess_phot_0000000178239466-s0080_tess_v1_lc.fits']
0.064356,OGLE-GD-LPV-000510,4,131.820875,-42.86088888888889,28710032,131.82086237582,-42.86087359349,0,,,08471700-4251392,0,J084716.99-425139.0,5524160071100007040,0,0,STAR,tmgaia2,tmgaia2,,,,,,,,,,15.3276,0.046857,10.538,1.0,jhk,,,,,,,,,,,,,,,,,,131.82086237582,-42.86087359349,-96.96082037604494,0.3277392596876251,[62],['hlsp_tess-spoc_tess_phot_0000000028710032-s0062_tess_v1_lc.fits']
0.098546,OGLE-GD-LPV-020141,4,280.5370833333333,-6.595805555555556,162282468,280.53708977116,-6.59583217192,0,,,18420889-0635450,0,J184208.91-063544.7,4252805358804362368,0,0,STAR,tmgaia2,tmgaia2,,,,,,,,,,13.8175,0.058251,8.762,1.0,jhk,,,,,,,,,,,,,,,,,,280.53708977116,-6.59583217192,26.00520998668965,-0.948324588395464,[80],['hlsp_tess-spoc_tess_phot_0000000162282468-s0080_tess_v1_lc.fits']
0.117285,OGLE-BLG-LPV-264154,4,277.14241666666663,-13.253722222222224,204630529,277.14238873083,-13.2537401671,0,,,18283418-1315133,0,J182834.17-131513.4,4104842773363174528,0,0,STAR,tmgaia2,tmgaia2,,,,,,,,,,14.6324,0.056381,8.938,1.0,jhk,,,,,,,,,,,,,,,,,,277.14238873083,-13.2537401671,18.55518581698798,-1.0454107136142217,[80],['hlsp_tess-spoc_tess_phot_0000000204630529-s0080_tess_v1_lc.fits']
0.125095,OGLE-GD-LPV-000631,4,138.475875,-42.64794444444444,75144910,138.47585481238,-42.64791302814,0,,237-034608,09135420-4238524,0,J091354.21-423852.4,5427306359550300800,0,0,STAR,tmgaia2,tmgaia2,,,,,,,,15.326,0.103,13.4172,0.036947,10.722,0.056,vjk,,,,,,,,,,,,,,,,,,138.47585481238,-42.64791302814,-93.90263016271528,4.145671908439132,[62],['hlsp_tess-spoc_tess_phot_0000000075144910-s0062_tess_v1_lc.fits']
0.081296,OGLE-BLG-LPV-263898,4,276.81520833333326,-15.8265,177000674,276.81520981537,-15.82652253708,0,,,18271563-1549354,0,J182715.65-154935.5,4097898532723434368,0,0,STAR,tmgaia2,tmgaia2,,,,,,,,,,14.9161,0.074915,8.969,1.0,jhk,,,,,,,,,,,,,,,,,,276.81520981537,-15.82652253708,16.12874885825257,-1.9597738441011705,[80],['hlsp_tess-spoc_tess_phot_0000000177000674-s0080_tess_v1_lc.fits']
0.299633,OGLE-GD-LPV-019098,4,279.34775,-0.5345833333333333,174114887,279.34780097776,-0.53464912802,0,,,18372346-0032045,1237668709984370811,J183723.46-003204.6,4272322377292501632,0,0,STAR,tmgaia2,tmgaia2,-2.912,0.761,-3.135,0.834,gaia2,-0.1143,0.4017,,,14.5832,0.024047,9.86,1.0,jhk,gaia2,,,,,,,,,,,3252.76,1762.29,1.6278,0.0975,1325.85,2198.73,279.34778844034,-0.53466262447,30.85285734240844,2.880759296452081,[80],['hlsp_tess-spoc_tess_phot_0000000174114887-s0080_tess_v1_lc.fits']
0.085475,OGLE-GD-LPV-002540,4,184.11441666666664,-64.77341666666666,308762385,184.11437513211,-64.77340084346,0,,,12162748-6446243,0,,6053089416817626240,0,0,STAR,tmgaia2,tmgaia2,,,,,,,,,,15.2249,0.065423,9.267,1.0,jhk,,,,,,,,,,,,,,,,,,184.11437513211,-64.77340084346,-60.78599220820284,-2.154481819958596,[65],['hlsp_tess-spoc_tess_phot_0000000308762385-s0065_tess_v1_lc.fits']
0.125938,OGLE-BLG-LPV-237927,4,261.2025833333333,-35.81888888888889,158688465,261.20259962407,-35.81892128188,0,,,17244862-3549079,0,J172448.69-354908.0,5975333633782328576,0,0,STAR,tmgaia2,tmgaia2,,,,,,,,,,13.3097,0.017189,7.993,1.0,jhk,,,,,,,,,,,,,,,,,,261.20259962407,-35.81892128188,-8.162090772840408,-0.0300350766061042,[66],['hlsp_tess-spoc_tess_phot_0000000158688465-s0066_tess_v1_lc.fits']
0.054283,OGLE-GD-LPV-016137,4,254.39262499999995,-46.95508333333333,248006064,254.39260499147,-46.95508972439,0,,,16573423-4657181,0,J165734.22-465717.8,5939110330582468736,0,0,STAR,tmgaia2,tmgaia2,,,,,,,,,,14.1917,0.049293,7.886,1.0,jhk,,,,,,,,,,,,,,,,,,254.39260499147,-46.95508972439,-20.153958649591548,-2.5038102649531533,[66],['hlsp_tess-spoc_tess_phot_0000000248006064-s0066_tess_v1_lc.fits']
0.180151,OGLE-BLG-LPV-240222,4,262.762,-37.38675,175629004,262.76194712356,-37.38677718626,0,,,17310285-3723124,0,J173102.86-372312.3,5974203615015601024,0,0,STAR,tmgaia2,tmgaia2,,,,,,,,,,14.8795,0.034905,10.113,1.0,jhk,,,,,,,,,,,,,,,,,,262.76194712356,-37.38677718626,-8.771124237716622,-1.941663548372582,[66],['hlsp_tess-spoc_tess_phot_0000000175629004-s0066_tess_v1_lc.fits']
0.162323,OGLE-GD-LPV-024094,4,286.18074999999993,10.690888888888889,223618548,286.1807467294,10.69084391394,0,,,19044339+1041272,0,J190443.37+104126.9,4312511314032999040,0,0,STAR,tmgaia2,tmgaia2,,,,,,,,,,14.2038,0.04468,9.868,1.0,jhk,,,,,,,,,,,,,,,,,,286.1807467294,10.69084391394,43.95304210166002,1.9440483064627807,[80],['hlsp_tess-spoc_tess_phot_0000000223618548-s0080_tess_v1_lc.fits']
0.224669,OGLE-GD-LPV-025330,4,288.3305416666666,7.180888888888889,207531558,288.33049382248,7.18084837389,0,,,19131931+0710511,0,J191319.32+071051.1,4306238600191630720,0,0,STAR,tmgaia2,tmgaia2,,,,,,,,,,15.2881,0.047736,10.317,1.0,jhk,,,,,,,,,,,,,,,,,,288.33049382248,7.18084837389,41.816334112531166,-1.5580399740396915,[80],['hlsp_tess-spoc_tess_phot_0000000207531558-s0080_tess_v1_lc.fits']
0.089725,OGLE-GD-LPV-019375,4,279.72762499999993,-3.0431944444444445,174990873,279.72762957629,-3.04321894546,0,,,18385462-0302355,0,J183854.64-030235.1,4259359508866621440,0,0,STAR,tmgaia2,tmgaia2,,,,,,,,,,13.9458,0.036727,9.362,1.0,jhk,,,,,,,,,,,,,,,,,,279.72762957629,-3.04321894546,28.794621517500424,1.3951379888362414,[80],['hlsp_tess-spoc_tess_phot_0000000174990873-s0080_tess_v1_lc.fits']
0.081385,OGLE-GD-LPV-001427,4,163.92412499999998,-62.3995,465591017,163.92407701932,-62.39949588674,0,,,10554180-6223581,0,J105541.80-622357.9,5241740098552377728,0,0,STAR,tmgaia2,tmgaia2,,,,,,,,,,12.5703,0.028172,7.356,1.0,jhk,,,,,,,,,,,,,,,,,,163.92407701932,-62.39949588674,-70.03370579510808,-2.477735001771159,"[63, 64]","['hlsp_tess-spoc_tess_phot_0000000465591017-s0063_tess_v1_lc.fits', 'hlsp_tess-spoc_tess_phot_0000000465591017-s0064_tess_v1_lc.fits']"
0.143824,OGLE-GD-LPV-008637,4,232.33075,-57.98463888888889,414086053,232.33071325308,-57.98467376836,0,,,15291936-5759047,0,J152919.35-575904.9,5882971328468283776,0,0,STAR,tmgaia2,tmgaia2,,,,,,,,,,13.225,0.00187,8.641,1.0,jhk,,,,,,,,,,,,,,,,,,232.33071325308,-57.98467376836,-37.36813819207801,-1.2840978231911169,[65],['hlsp_tess-spoc_tess_phot_0000000414086053-s0065_tess_v1_lc.fits']
0.230374,OGLE-GD-LPV-024700,4,287.1531666666666,3.6115,180080302,287.1531025757,3.61149806784,0,,,19083674+0336416,0,J190836.74+033641.4,4269082185315538176,0,0,STAR,tmgaia2,tmgaia2,,,,,,,,,,14.1449,0.040886,10.141,1.0,jhk,,,,,,,,,,,,,,,,,,287.1531025757,3.61149806784,38.10684722056229,-2.164994321177286,[80],['hlsp_tess-spoc_tess_phot_0000000180080302-s0080_tess_v1_lc.fits']
0.166694,OGLE-BLG-LPV-259675,4,272.9130833333333,-14.78486111111111,107432292,272.91310135751,-14.78490401021,0,,,18113915-1447054,0,,4146105310088704256,0,0,STAR,tmgaia2,tmgaia2,,,,,,,,,,13.962,0.047708,8.871,1.0,jhk,,,,,,,,,,,,,,,,,,272.91310135751,-14.78490401021,15.268356110142635,1.8493926436464945,[80],['hlsp_tess-spoc_tess_phot_0000000107432292-s0080_tess_v1_lc.fits']
0.094645,OGLE-GD-LPV-022575,4,283.58779166666665,10.086472222222223,99587861,283.58777141391,10.08645508774,0,,,18542105+1005113,0,J185421.06+100511.3,4311710457251421312,0,0,STAR,tmgaia2,tmgaia2,,,,,,,,,,14.3794,0.046081,9.991,1.0,jhk,,,,,,,,,,,,,,,,,,283.58777141391,10.08645508774,42.252418174808575,3.940499347470389,[80],['hlsp_tess-spoc_tess_phot_0000000099587861-s0080_tess_v1_lc.fits']
0.114472,OGLE-GD-LPV-010558,4,240.834625,-54.45827777777778,425495698,240.83459970856,-54.45830597262,0,,,16032031-5427296,0,J160320.29-542729.8,5932727837455835392,0,0,STAR,tmgaia2,tmgaia2,,,,,,,,,,13.7398,0.011976,9.354,1.0,jhk,,,,,,,,,,,,,,,,,,240.83459970856,-54.45830597262,-31.476713014871493,-1.4148732431197608,[65],['hlsp_tess-spoc_tess_phot_0000000425495698-s0065_tess_v1_lc.fits']
0.13735,OGLE-GD-LPV-005437,4,213.2099583333333,-69.3526111111111,448782188,213.20987972647,-69.35263732853,0,,,14125041-6921092,0,J141250.45-692109.2,5846602400091413632,0,0,STAR,tmgaia2,tmgaia2,,,,,,,,,,14.9592,0.079565,9.747,1.0,jhk,,,,,,,,,,,,,,,,,,213.20987972647,-69.35263732853,-49.96143729659981,-7.611730817615938,[65],['hlsp_tess-spoc_tess_phot_0000000448782188-s0065_tess_v1_lc.fits']
0.050354,OGLE-GD-LPV-021962,4,282.8005833333333,-1.898083333333333,183880413,282.80056947816,-1.89808530578,0,,,18511213-0153530,0,J185112.12-015352.4,4259191734562730240,0,0,STAR,tmgaia2,tmgaia2,,,,,,,,,,14.597,0.039443,10.309,1.0,jhk,,,,,,,,,,,,,,,,,,282.80056947816,-1.89808530578,31.21569310422191,-0.8129775699512938,[80],['hlsp_tess-spoc_tess_phot_0000000183880413-s0080_tess_v1_lc.fits']
0.031357,OGLE-BLG-LPV-253029,4,268.1168333333333,-15.099416666666666,206297084,268.11683721935,-15.09940880577,0,,,17522804-1505576,0,J175228.07-150557.5,4148469676749568256,0,0,STAR,tmgaia2,tmgaia2,,,,,,,,,,14.6191,0.027479,9.915,1.0,jhk,,,,,,,,,,,,,,,,,,268.11683721935,-15.09940880577,12.713684566899492,5.732353351478611,[80],['hlsp_tess-spoc_tess_phot_0000000206297084-s0080_tess_v1_lc.fits']
0.033261,OGLE-BLG-LPV-239421,4,262.30104166666666,-31.816944444444445,161991921,262.30104725577,-31.81695236945,0,,,17291224-3149010,0,J172912.25-314901.2,4057891565242519680,0,0,STAR,tmgaia2,tmgaia2,,,,,,,,,,15.3109,0.019187,10.027,1.0,jhk,,,,,,,,,,,,,,,,,,262.30104725577,-31.81695236945,-4.330276472803558,1.442328155968645,[66],['hlsp_tess-spoc_tess_phot_0000000161991921-s0066_tess_v1_lc.fits']
0.094827,OGLE-GD-LPV-010292,4,239.6583333333333,-55.924,420995989,239.65833158303,-55.92402632249,0,,,15583800-5555263,0,J155838.02-555526.5,5836418624710004736,0,0,STAR,tmgaia2,tmgaia2,,,,,,,,,,13.4845,0.024061,8.965,1.0,jhk,,,,,,,,,,,,,,,,,,239.65833158303,-55.92402632249,-32.94503480270818,-2.082027765576917,[65],['hlsp_tess-spoc_tess_phot_0000000420995989-s0065_tess_v1_lc.fits']
0.068916,OGLE-GD-LPV-020747,4,281.18583333333333,-2.01,204053074,281.18585237549,-2.00999792325,0,,,18444460-0200360,1237662979967093049,J184444.61-020035.5,4259870167596480128,0,0,STAR,tmgaia2,tmgaia2,,,,,,,,,,15.0712,0.089928,9.792,1.0,jhk,,,,,,,,,,,,,,,,,,281.18585237549,-2.00999792325,30.37986837274095,0.5720655517495438,[80],['hlsp_tess-spoc_tess_phot_0000000204053074-s0080_tess_v1_lc.fits']
0.082481,OGLE-GD-LPV-024855,4,287.45583333333326,-8.067638888888888,123252876,287.45583475769,-8.0676617568,0,,,19094939-0804034,0,J190949.41-080403.3,4204377884471679360,4556945,0,STAR,tmgaia2,tmgaia2,,,,,,,,,,13.8829,0.03706,9.213,1.0,jhk,,,,,,,,,,,,,,,,,,287.45583475769,-8.0676617568,27.79485187771841,-7.735924614879861,[80],['hlsp_tess-spoc_tess_phot_0000000123252876-s0080_tess_v1_lc.fits']
0.078854,OGLE-GD-LPV-014089,4,249.888125,-48.70072222222223,34485435,249.8880921342,-48.70072526818,0,,,16393314-4842024,0,J163933.11-484202.7,5940876180657320832,0,0,STAR,tmgaia2,tmgaia2,,,,,,,,,,14.1322,0.025626,9.243,1.0,jhk,,,,,,,,,,,,,,,,,,249.8880921342,-48.70072526818,-23.43715577040326,-1.312275415643937,[66],['hlsp_tess-spoc_tess_phot_0000000034485435-s0066_tess_v1_lc.fits']
0.139541,OGLE-GD-LPV-010709,4,241.33429166666664,-47.71016666666667,161677812,241.33427483089,-47.71020373565,0,,,16052023-4742366,0,J160520.25-474236.6,5984756280961544448,0,0,STAR,tmgaia2,tmgaia2,,,,,,,,,,14.6258,0.036805,9.714,1.0,jhk,,,,,,,,,,,,,,,,,,241.33427483089,-47.71020373565,-26.75913896303345,3.4224239756885404,[65],['hlsp_tess-spoc_tess_phot_0000000161677812-s0065_tess_v1_lc.fits']
0.05335,OGLE-GD-LPV-021794,4,282.5819583333333,-0.9279444444444443,183377703,282.58195602048,-0.92795908232,0,,,18501966-0055405,0,J185019.72-005539.6,4266054748737584896,0,0,STAR,tmgaia2,tmgaia2,,,,,,,,,,15.9002,0.063538,9.58,1.0,jhk,,,,,,,,,,,,,,,,,,282.58195602048,-0.92795908232,31.979526178385854,-0.1761536858510243,[80],['hlsp_tess-spoc_tess_phot_0000000183377703-s0080_tess_v1_lc.fits']
0.071792,OGLE-GD-LPV-017241,4,258.2258749999999,-42.96236111111112,383158603,258.22584903182,-42.96236715745,0,,,17125421-4257444,0,J171254.21-425744.3,5965594920011661440,0,0,STAR,tmgaia2,tmgaia2,,,,,,,,,,15.6882,0.047304,9.52,1.0,jhk,,,,,,,,,,,,,,,,,,258.22584903182,-42.96236715745,-15.33081753079678,-2.2518660125637635,[66],['hlsp_tess-spoc_tess_phot_0000000383158603-s0066_tess_v1_lc.fits']
0.120529,OGLE-GD-LPV-005743,4,215.4418333333333,-57.32705555555556,413859538,215.44177200916,-57.32706055147,0,,,14214603-5719373,0,J142146.03-571937.3,5892060613157893248,0,0,STAR,tmgaia2,tmgaia2,,,,,,,,,,14.3555,0.050562,10.248,1.0,jhk,,,,,,,,,,,,,,,,,,215.44177200916,-57.32706055147,-45.08181665931392,3.4274752465646574,[65],['hlsp_tess-spoc_tess_phot_0000000413859538-s0065_tess_v1_lc.fits']
0.166466,OGLE-GD-LPV-013967,4,249.610875,-47.9305,34032102,249.61080689081,-47.93050745629,0,,,16382660-4755498,0,J163826.62-475549.6,5941063028910119680,0,0,STAR,tmgaia2,tmgaia2,,,,,,,,,,15.1378,0.00393,9.604,1.0,jhk,,,,,,,,,,,,,,,,,,249.61080689081,-47.93050745629,-22.985687688915537,-0.6615262137762717,[66],['hlsp_tess-spoc_tess_phot_0000000034032102-s0066_tess_v1_lc.fits']
0.068113,OGLE-GD-LPV-015822,4,253.5363333333333,-45.79975,247063630,253.53632915777,-45.79976869494,0,,,16540871-4547592,0,J165408.73-454759.2,5963982795444943616,0,0,STAR,tmgaia2,tmgaia2,-3.132,0.521,-2.209,0.428,gaia2,0.8805,0.2365,,,15.6984,0.024157,9.486,1.0,jhk,gaia2,,,,,,,,,,,1201.76,528.235,0.9768,0.3707,334.43,722.04,253.53630981708,-45.79977820682,-19.62287106666568,-1.3197460952833764,[66],['hlsp_tess-spoc_tess_phot_0000000247063630-s0066_tess_v1_lc.fits']
0.051597,OGLE-GD-LPV-024685,4,287.1302916666666,-0.4150277777777778,310674685,287.13028158628,-0.41503796671,0,,,19083127-0024540,0,J190831.27-002454.3,4262584243370375296,0,0,STAR,tmgaia2,tmgaia2,,,,,,,,,,13.0464,0.028857,8.623,1.0,jhk,,,,,,,,,,,,,,,,,,287.13028158628,-0.41503796671,34.51215640927602,-3.989822865005072,[80],['hlsp_tess-spoc_tess_phot_0000000310674685-s0080_tess_v1_lc.fits']
0.144141,OGLE-BLG-LPV-239832,4,262.5647916666666,-36.026444444444444,389703643,262.56475407878,-36.02647050252,0,,,17301554-3601353,0,J173015.58-360135.2,5974881360847908352,0,0,STAR,tmgaia2,tmgaia2,2.88,0.554,-0.444,0.423,gaia2,0.6276,0.3199,,,15.0182,0.025155,9.504,1.0,jhk,gaia2,,,,,,,,,,,2075.99,1884.77,2.1166,1.4444,937.07,2832.46,262.56476941027,-36.02647241462,-7.720990211706803,-1.0622190903469384,[66],['hlsp_tess-spoc_tess_phot_0000000389703643-s0066_tess_v1_lc.fits']
0.215048,OGLE-GD-LPV-019118,4,279.37220833333333,-3.9780277777777777,174014525,279.37225144374,-3.97806923567,0,,,18372934-0358407,0,J183729.31-035841.4,4257740619760168064,0,0,STAR,tmgaia2,tmgaia2,,,,,,,,,,15.3575,0.059413,10.23,1.0,jhk,,,,,,,,,,,,,,,,,,279.37225144374,-3.97806923567,27.800905604052723,1.2818872073831495,[80],['hlsp_tess-spoc_tess_phot_0000000174014525-s0080_tess_v1_lc.fits']
0.1309,OGLE-GD-LPV-023019,4,284.3062916666666,-0.5972222222222222,58039276,284.30629026069,-0.59725855603,0,,,18571351-0035500,0,J185713.50-003550.0,4265387310871181824,0,0,STAR,tmgaia2,tmgaia2,,,,,,,,,,14.8337,0.031746,10.273,1.0,jhk,,,,,,,,,,,,,,,,,,284.30629026069,-0.59725855603,33.06007954756823,-1.5599516641379847,[80],['hlsp_tess-spoc_tess_phot_0000000058039276-s0080_tess_v1_lc.fits']
0.039829,OGLE-GD-LPV-016660,4,255.99766666666665,-43.64827777777778,124169816,255.99766881411,-43.64828873173,0,,,17035944-4338538,0,J170359.47-433854.0,5965371616080419712,0,0,STAR,tmgaia2,tmgaia2,,,,,,,,,,13.1481,0.020507,8.166,1.0,jhk,,,,,,,,,,,,,,,,,,255.99766881411,-43.64828873173,-16.850157811209584,-1.3611482824763907,[66],['hlsp_tess-spoc_tess_phot_0000000124169816-s0066_tess_v1_lc.fits']
0.083637,OGLE-GD-LPV-019860,4,280.2577083333333,0.3465555555555555,109282813,280.25772529021,0.34653967415,0,,,18410186+0020477,0,J184101.88+002047.3,4272497508884299264,0,0,STAR,tmgaia2,tmgaia2,,,,,,,,,,15.0123,0.123055,9.322,1.0,jhk,,,,,,,,,,,,,,,,,,280.25772529021,0.34653967415,32.053565499057136,2.4734968245109648,[80],['hlsp_tess-spoc_tess_phot_0000000109282813-s0080_tess_v1_lc.fits']
0.167226,OGLE-GD-LPV-000992,4,152.56512499999997,-59.08688888888889,462916992,152.56503537777,-59.08688273653,0,,,10101563-5905128,0,J101015.62-590512.7,5258169654102399232,0,0,STAR,tmgaia2,tmgaia2,,,,,,,,,,14.3013,0.017329,12.663,0.02,gbprp,,,,,,,,,,,,,,,,,,152.56503537777,-59.08688273653,-76.49119342642936,-2.434284867750184,"[9, 10]","['hlsp_tess-spoc_tess_phot_0000000462916992-s0009_tess_v1_lc.fits', 'hlsp_tess-spoc_tess_phot_0000000462916992-s0010_tess_v1_lc.fits']"
0.118086,OGLE-GD-LPV-007035,4,223.7232083333333,-64.23361111111112,296283279,223.72319880642,-64.23357857181,0,,,14545357-6414008,0,J145453.52-641400.8,5873115993469944320,0,0,STAR,tmgaia2,tmgaia2,-5.927,0.141,-3.256,0.229,gaia2,-0.8759,0.1691,,,13.39,0.024981,9.976,0.328,bpjk,gaia2,,,,,,,,,,,9439.88,3218.22,0.6958,0.005,2706.21,3730.22,223.72314010523,-64.23359258942,-44.14204576268732,-4.505394943382516,[65],['hlsp_tess-spoc_tess_phot_0000000296283279-s0065_tess_v1_lc.fits']
0.123704,OGLE-GD-LPV-008754,4,232.76491666666664,-56.587583333333335,282691041,232.76491827024,-56.58761768412,0,,,15310358-5635153,0,J153103.57-563515.1,5883475935582049536,0,0,STAR,tmgaia2,tmgaia2,-7.113,0.623,0.763,0.459,gaia2,0.1101,0.2784,,,14.216,0.036998,9.275,1.0,jhk,gaia2,,,,,,,,,,,3588.29,1978.68,1.6092,0.8133,1438.45,2518.9,232.76486265397,-56.58761439974,-36.38088564097743,-0.2680586839224526,[65],['hlsp_tess-spoc_tess_phot_0000000282691041-s0065_tess_v1_lc.fits']
0.149004,OGLE-GD-LPV-001682,4,169.677625,-63.55547222222222,467918103,169.67757592432,-63.55543707255,0,,,11184262-6333196,0,J111842.63-633319.8,5240681406270322048,0,0,STAR,tmgaia2,tmgaia2,,,,,,,,,,15.0751,0.043238,9.905,1.0,jhk,,,,,,,,,,,,,,,,,,169.67757592432,-63.55543707255,-67.17434004278218,-2.51800778740587,[64],['hlsp_tess-spoc_tess_phot_0000000467918103-s0064_tess_v1_lc.fits']
0.146267,OGLE-GD-LPV-020352,4,280.7592916666666,-6.225972222222223,162958897,280.75925723636,-6.22599411425,0,,,18430222-0613334,0,J184302.29-061332.8,4253384389087313920,0,0,STAR,tmgaia2,tmgaia2,,,,,,,,,,15.8627,0.080902,10.145,1.0,jhk,,,,,,,,,,,,,,,,,,280.75925723636,-6.22599411425,26.435140024559807,-0.9757058180639404,[80],['hlsp_tess-spoc_tess_phot_0000000162958897-s0080_tess_v1_lc.fits']
0.183097,OGLE-GD-LPV-006282,4,219.2878333333333,-58.34027777777778,412031756,219.28779251954,-58.34032390641,0,,,14370909-5820249,0,J143709.07-582025.4,5891310162115139200,0,0,STAR,tmgaia2,tmgaia2,,,,,,,,,,14.1327,0.052821,9.276,1.0,jhk,,,,,,,,,,,,,,,,,,219.28779251954,-58.34032390641,-43.55210717697018,1.7298804030993329,[65],['hlsp_tess-spoc_tess_phot_0000000412031756-s0065_tess_v1_lc.fits']
0.077456,OGLE-BLG-LPV-263999,4,276.9529583333333,-15.289861111111112,204336527,276.95296431449,-15.28988183882,0,,,18274872-1517235,0,,4103936152929913856,0,0,STAR,tmgaia2,tmgaia2,,,,,,,,,,14.2366,0.050199,10.141,1.0,jhk,,,,,,,,,,,,,,,,,,276.95296431449,-15.28988183882,16.66593343985519,-1.828095539958282,[80],['hlsp_tess-spoc_tess_phot_0000000204336527-s0080_tess_v1_lc.fits']
0.100883,OGLE-GD-LPV-010803,4,241.6409583333333,-54.74511111111112,428576340,241.64091529865,-54.74512408266,0,,177-148973,16063382-5444425,0,,5932495325156445568,0,0,STAR,tmgaia2,tmgaia2,,,,,,,,13.457,0.092,12.4193,0.010914,9.368,0.15,vjk,,,,,,,,,,,,,,,,,,241.64091529865,-54.74512408266,-31.318974314455843,-1.939817225847695,[65],['hlsp_tess-spoc_tess_phot_0000000428576340-s0065_tess_v1_lc.fits']
0.060962,OGLE-GD-LPV-000501,4,131.57233333333332,-52.58716666666667,144993869,131.57231451257,-52.58715417635,0,,,08461735-5235137,0,J084617.35-523513.7,5318613656560305024,0,0,STAR,tmgaia2,tmgaia2,,,,,,,,,,14.5384,0.055946,12.977,0.064,gbprp,,,,,,,,,,,,,,,,,,131.57231451257,-52.58715417635,-89.45704231607023,-5.8778174607545095,"[8, 9]","['hlsp_tess-spoc_tess_phot_0000000144993869-s0008_tess_v1_lc.fits', 'hlsp_tess-spoc_tess_phot_0000000144993869-s0009_tess_v1_lc.fits']"
0.117032,OGLE-GD-LPV-014324,4,250.3649583333333,-50.777388888888886,39194870,250.36498159193,-50.77741788069,0,,,16412761-5046385,0,J164127.60-504638.5,5937317989196945664,24917327,0,STAR,tmgaia2,tmgaia2,,,,,,,,,,12.3913,0.035703,8.266,1.0,jhk,,,,,,,,,,,,,,,,,,250.36498159193,-50.77741788069,-24.78984136049215,-2.9186096961822807,[66],['hlsp_tess-spoc_tess_phot_0000000039194870-s0066_tess_v1_lc.fits']
0.028557,OGLE-GD-LPV-022563,4,283.5765416666666,-2.817555555555556,55691669,283.57654753034,-2.81756090583,0,,,18541837-0249031,0,J185418.37-024903.1,4255863650345584384,0,0,STAR,tmgaia2,tmgaia2,,,,,,,,,,14.719,0.047025,9.624,1.0,jhk,,,,,,,,,,,,,,,,,,283.57654753034,-2.81756090583,30.75015629006657,-1.9219925039995065,[80],['hlsp_tess-spoc_tess_phot_0000000055691669-s0080_tess_v1_lc.fits']
0.046102,OGLE-GD-LPV-005863,4,216.3275,-60.5155,383538189,216.32748906248,-60.51548838035,0,,,14251859-6030556,0,J142518.59-603055.8,5878693815922189184,0,0,STAR,tmgaia2,tmgaia2,,,,,,,,,,15.1719,0.021867,9.093,1.0,jhk,,,,,,,,,,,,,,,,,,216.32748906248,-60.51548838035,-45.76434792884809,0.2795460469168769,[65],['hlsp_tess-spoc_tess_phot_0000000383538189-s0065_tess_v1_lc.fits']
0.096187,OGLE-GD-LPV-009691,4,236.92754166666663,-50.33222222222223,272986106,236.92752857382,-50.33224760015,0,,,15474261-5019559,0,J154742.61-501956.0,5982436483234226944,0,0,STAR,tmgaia2,tmgaia2,,,,,,,,,,14.14,0.036318,9.633,1.0,jhk,,,,,,,,,,,,,,,,,,236.92752857382,-50.33224760015,-30.66405870880085,3.278990064632399,[65],['hlsp_tess-spoc_tess_phot_0000000272986106-s0065_tess_v1_lc.fits']
0.15382,OGLE-LMC-LPV-12184,3,75.39412499999999,-68.09855555555555,30722286,75.39423933174,-68.09855818062,0,,110-005659,05013461-6805549,0,J050134.61-680554.9,4661361472734880384,32435375,0,STAR,tmgaia2,tmgaia2,3.148,0.213,-0.117,0.224,gaia2,0.3067,0.1174,12.579,0.744,11.6113,0.02162,9.774,0.022,rered,gaia2,,,,,,,,,,,2349.47,567.6,0.3104,0.0,463.61,671.59,75.39427566274,-68.09855868554,-80.95573411674827,-35.18267172854744,"[61, 62, 63, 64, 65, 67, 68, 69, 66]","['hlsp_tess-spoc_tess_phot_0000000030722286-s0061_tess_v1_lc.fits', 'hlsp_tess-spoc_tess_phot_0000000030722286-s0062_tess_v1_lc.fits', 'hlsp_tess-spoc_tess_phot_0000000030722286-s0063_tess_v1_lc.fits', 'hlsp_tess-spoc_tess_phot_0000000030722286-s0064_tess_v1_lc.fits', 'hlsp_tess-spoc_tess_phot_0000000030722286-s0065_tess_v1_lc.fits', 'hlsp_tess-spoc_tess_phot_0000000030722286-s0067_tess_v1_lc.fits', 'hlsp_tess-spoc_tess_phot_0000000030722286-s0068_tess_v1_lc.fits', 'hlsp_tess-spoc_tess_phot_0000000030722286-s0069_tess_v1_lc.fits', 'hlsp_tess-spoc_tess_phot_0000000030722286-s0066_tess_v1_lc.fits']"
0.158316,OGLE-GD-LPV-012878,4,247.42995833333333,-59.72869444444444,221179645,247.43004520508,-59.72869847363,0,,152-180657,16294320-5943431,0,J162943.19-594343.4,5831653684859692416,0,0,STAR,tmgaia2,tmgaia2,-5.627,0.206,-7.076,0.178,gaia2,0.3576,0.1251,17.505,0.229,11.3145,0.011814,9.823,0.014,rered,gaia2,,,,,,,,,,,2757.78,1287.55,0.1822,0.0113,822.93,1752.16,247.42999714655,-59.72872894078,-32.58184415770857,-7.685375903757311,[66],['hlsp_tess-spoc_tess_phot_0000000221179645-s0066_tess_v1_lc.fits']
0.14683,OGLE-GD-LPV-017813,4,275.8925833333333,-7.372972222222222,19217203,275.89255969479,-7.37300559794,0,,,18233421-0722227,0,J182334.20-072222.5,4159993555000545280,0,0,STAR,tmgaia2,tmgaia2,,,,,,,,,,13.3488,0.02418,10.003,1.0,jhk,,,,,,,,,,,,,,,,,,275.89255969479,-7.37300559794,23.187048283602014,2.7824530937594063,[80],['hlsp_tess-spoc_tess_phot_0000000019217203-s0080_tess_v1_lc.fits']
0.082427,OGLE-GD-LPV-017534,4,274.4459583333333,-9.082138888888888,14655089,274.44598112825,-9.08213469603,0,,,18174702-0904558,0,J181747.03-090455.6,4157860983453147520,0,0,STAR,tmgaia2,tmgaia2,-2.892,0.351,-6.215,0.312,gaia2,0.204,0.2148,,,13.8875,0.037833,9.57,1.0,jhk,gaia2,,,,,,,,,,,3330.68,1753.72,1.3173,0.051,1234.02,2273.43,274.44596851749,-9.08216145652,21.003020368947546,3.2452594067732154,[80],['hlsp_tess-spoc_tess_phot_0000000014655089-s0080_tess_v1_lc.fits']
0.099269,OGLE-BLG-LPV-258945,4,272.290875,-15.855583333333334,364989919,272.29085174524,-15.85559945625,0,,,18090980-1551201,0,J180909.78-155120.1,4145897712881793280,0,0,STAR,tmgaia2,tmgaia2,,,,,,,,,,14.7992,0.0585,9.365,1.0,jhk,,,,,,,,,,,,,,,,,,272.29085174524,-15.85559945625,14.040336192296277,1.85920740759994,[80],['hlsp_tess-spoc_tess_phot_0000000364989919-s0080_tess_v1_lc.fits']
0.11539,OGLE-GD-LPV-000797,4,145.30829166666666,-49.379777777777775,362368622,145.30832001706,-49.37975157255,0,,204-030054,09411399-4922471,0,J094114.01-492247.1,5409069172514684416,22724899,0,STAR,tmgaia2,tmgaia2,-3.152,3.401,-3.25,3.401,hsoy,,,16.77,0.183,14.6214,0.016566,13.47,0.018,gbprp,,,,,,,,,,,,,,,,,,145.30829917372,-49.37976556423,-85.81080962119074,2.576763154383371,"[35, 36]","['hlsp_tess-spoc_tess_phot_0000000362368622-s0035_tess_v1_lc.fits', 'hlsp_tess-spoc_tess_phot_0000000362368622-s0036_tess_v1_lc.fits']"
0.096647,OGLE-GD-LPV-016085,4,254.27125,-41.51436111111112,341504191,254.27122972946,-41.51438325497,0,,,16570509-4130514,0,J165705.11-413051.9,5966584858423551360,0,0,STAR,tmgaia2,tmgaia2,,,,,,,,,,14.3359,0.012894,9.386,1.0,jhk,,,,,,,,,,,,,,,,,,254.27122972946,-41.51438325497,-15.951790183634415,0.9544222799852736,[66],['hlsp_tess-spoc_tess_phot_0000000341504191-s0066_tess_v1_lc.fits']
0.1561,OGLE-GD-LPV-010697,4,241.295375,-50.71627777777778,214942904,241.29532704452,-50.71630873333,0,,,16051088-5042586,0,J160510.89-504258.7,5981618480930268160,0,0,STAR,tmgaia2,tmgaia2,,,,,,,,,,14.8368,0.045388,9.687,1.0,jhk,,,,,,,,,,,,,,,,,,241.29532704452,-50.71630873333,-28.78399246307416,1.1988009734855425,[65],['hlsp_tess-spoc_tess_phot_0000000214942904-s0065_tess_v1_lc.fits']
0.137661,OGLE-GD-LPV-009570,4,236.359,-51.58880555555556,268195400,236.35895820328,-51.58883362475,0,,,15452616-5135197,0,J154526.15-513519.7,5982214278806619904,0,0,STAR,tmgaia2,tmgaia2,,,,,,,,,,14.4392,0.03295,10.265,1.0,jhk,,,,,,,,,,,,,,,,,,236.35895820328,-51.58883362475,-31.72214711735425,2.5105313936765747,[65],['hlsp_tess-spoc_tess_phot_0000000268195400-s0065_tess_v1_lc.fits']
0.133772,OGLE-GD-LPV-008045,4,229.53379166666667,-58.625416666666666,44419844,229.53372210777,-58.62542499058,0,,,15180810-5837314,0,J151808.09-583731.2,5877066504368669952,0,0,STAR,tmgaia2,tmgaia2,,,,,,,,,,13.2,0.000948,9.241,1.0,jhk,,,,,,,,,,,,,,,,,,229.53372210777,-58.62542499058,-38.94835328302819,-1.013017932849544,[65],['hlsp_tess-spoc_tess_phot_0000000044419844-s0065_tess_v1_lc.fits']
0.037576,OGLE-GD-LPV-000358,4,123.59099999999998,-31.40086111111111,146187590,123.59099060168,-31.40086778918,0,,293-038852,08142183-3124034,0,J081421.83-312403.2,5548200819831543552,0,0,STAR,tmgaia2,tmgaia2,-1.015,0.3,3.227,0.267,gaia2,1.1777,0.269,14.234,0.057,11.2326,0.026845,9.665,0.028,rered,gaia2,,,,,,,,,,,886.006,289.56,0.0995,0.0285,205.046,374.074,123.59098548289,-31.400853893,-110.0711280392164,1.7952450572548464,[61],['hlsp_tess-spoc_tess_phot_0000000146187590-s0061_tess_v1_lc.fits']
0.048161,OGLE-BLG-LPV-262250,4,275.259,-15.883472222222222,116770053,275.25898696406,-15.88347688793,0,,,18210216-1553005,0,J182102.17-155300.3,4098031504918181888,0,0,STAR,tmgaia2,tmgaia2,,,,,,,,,,14.0017,0.034543,9.056,1.0,jhk,,,,,,,,,,,,,,,,,,275.25898696406,-15.88347688793,15.37809928391352,-0.6632007673383905,[80],['hlsp_tess-spoc_tess_phot_0000000116770053-s0080_tess_v1_lc.fits']
0.134995,OGLE-GD-LPV-020166,4,280.56137499999994,-8.7035,162384861,280.56140615855,-8.70347861044,0,,,18421473-0842124,0,J184214.73-084212.2,4251688220623016704,0,0,STAR,tmgaia2,tmgaia2,,,,,,,,,,14.8015,0.057769,9.346,1.0,jhk,,,,,,,,,,,,,,,,,,280.56140615855,-8.70347861044,24.140681419818765,-1.9325863954115912,[80],['hlsp_tess-spoc_tess_phot_0000000162384861-s0080_tess_v1_lc.fits']
0.064486,OGLE-GD-LPV-025619,4,288.9748333333333,9.615472222222222,210555714,288.97485124773,9.61547520554,0,,,19155397+0936556,0,J191553.97+093655.6,4309065307121024512,0,0,STAR,tmgaia2,tmgaia2,,,,,,,,,,13.2633,0.051498,8.189,1.0,jhk,,,,,,,,,,,,,,,,,,288.97485124773,9.61547520554,44.269102074216754,-0.9920493795776488,"[80, 81]","['hlsp_tess-spoc_tess_phot_0000000210555714-s0080_tess_v1_lc.fits', 'hlsp_tess-spoc_tess_phot_0000000210555714-s0081_tess_v1_lc.fits']"
0.155746,OGLE-GD-LPV-024588,4,286.9599583333333,12.082694444444444,198628976,286.95993212916,12.08265958616,0,,,19075039+1204578,0,J190750.37+120457.5,4313135557423927168,0,0,STAR,tmgaia2,tmgaia2,,,,,,,,,,14.1091,0.053835,9.782,1.0,jhk,,,,,,,,,,,,,,,,,,286.95993212916,12.08265958616,45.54105905569968,1.9036311814864253,"[80, 81]","['hlsp_tess-spoc_tess_phot_0000000198628976-s0080_tess_v1_lc.fits', 'hlsp_tess-spoc_tess_phot_0000000198628976-s0081_tess_v1_lc.fits']"
0.105452,OGLE-GD-LPV-019717,4,280.1068333333333,1.0546666666666666,108798726,280.10681734196,1.05464212305,0,,,18402564+0103169,0,J184025.62+010316.6,4278777541341067264,0,0,STAR,tmgaia2,tmgaia2,,,,,,,,,,16.8835,0.09062,10.274,1.0,jhk,,,,,,,,,,,,,,,,,,280.10681734196,1.05464212305,32.615631713260555,2.9306251173989675,[80],['hlsp_tess-spoc_tess_phot_0000000108798726-s0080_tess_v1_lc.fits']
0.052679,OGLE-BLG-LPV-233733,4,256.96054166666664,-39.32941666666667,378759794,256.96055005339,-39.32942978323,0,,,17075050-3919460,0,J170750.58-391946.1,5972997309016273792,0,0,STAR,tmgaia2,tmgaia2,,,,,,,,,,13.0037,0.028634,8.056,1.0,jhk,,,,,,,,,,,,,,,,,,256.96055005339,-39.32942978323,-12.971069938242804,0.670296968382531,[66],['hlsp_tess-spoc_tess_phot_0000000378759794-s0066_tess_v1_lc.fits']
0.16223,OGLE-GD-LPV-021241,4,281.8170416666667,-2.196361111111111,226089108,281.81703139424,-2.19640499024,0,,,18471608-0211471,0,J184716.13-021147.3,4259121567667650944,0,0,STAR,tmgaia2,tmgaia2,,,,,,,,,,12.987,0.017752,8.256,1.0,jhk,,,,,,,,,,,,,,,,,,281.81703139424,-2.19640499024,30.5019797250926,-0.0742367877195019,[80],['hlsp_tess-spoc_tess_phot_0000000226089108-s0080_tess_v1_lc.fits']
0.055672,OGLE-GD-LPV-020302,4,280.70308333333327,-7.665388888888889,162837294,280.70308479673,-7.66540428504,0,,,18424874-0739551,0,J184248.74-073955.2,4251916845939361280,0,0,STAR,tmgaia2,tmgaia2,,,,,,,,,,14.3586,0.055456,9.627,1.0,jhk,,,,,,,,,,,,,,,,,,280.70308479673,-7.66540428504,25.12881931582709,-1.5835105722605691,[80],['hlsp_tess-spoc_tess_phot_0000000162837294-s0080_tess_v1_lc.fits']
0.07076,OGLE-GD-LPV-018516,4,277.9821666666666,-4.663722222222223,43394100,277.98217338677,-4.66374070138,0,,,18315572-0439494,0,J183155.76-043949.1,4257234569508221440,0,0,STAR,tmgaia2,tmgaia2,,,,,,,,,,15.1285,0.045484,9.543,1.0,jhk,,,,,,,,,,,,,,,,,,277.98217338677,-4.66374070138,26.554070928272388,2.197458082249822,[80],['hlsp_tess-spoc_tess_phot_0000000043394100-s0080_tess_v1_lc.fits']
0.12787,OGLE-GD-LPV-024305,4,286.5061666666666,1.834305555555556,178901574,286.5061442955,1.83427795698,0,,,19060148+0150034,0,J190601.48+015003.4,4267679998727440256,0,0,STAR,tmgaia2,tmgaia2,,,,,,,,,,15.259,0.018295,9.831,1.0,jhk,,,,,,,,,,,,,,,,,,286.5061442955,1.83427795698,36.22973999939691,-2.4060931344367864,[80],['hlsp_tess-spoc_tess_phot_0000000178901574-s0080_tess_v1_lc.fits']
0.1707,OGLE-GD-LPV-009001,4,233.92766666666665,-61.78644444444444,422635516,233.92757869389,-61.78646721743,0,,,15354264-6147112,0,J153542.63-614711.9,5827441352735490432,0,0,STAR,tmgaia2,tmgaia2,,,,,,,,,,14.5139,0.037544,9.738,1.0,jhk,,,,,,,,,,,,,,,,,,233.92757869389,-61.78646721743,-38.90638441547492,-4.852663137882641,[65],['hlsp_tess-spoc_tess_phot_0000000422635516-s0065_tess_v1_lc.fits']
0.043244,OGLE-GD-LPV-014374,4,250.479875,-46.48002777777778,233550023,250.47987762512,-46.48003965313,0,,,16415517-4628482,0,J164155.15-462848.3,5942747377635868800,0,0,STAR,tmgaia2,tmgaia2,,,,,,,,,,14.3028,0.038194,8.951,1.0,jhk,,,,,,,,,,,,,,,,,,250.47987762512,-46.48003965313,-21.50889651841988,-0.1404353233389393,[66],['hlsp_tess-spoc_tess_phot_0000000233550023-s0066_tess_v1_lc.fits']
0.073358,OGLE-GD-LPV-023311,4,284.8002083333333,-1.5155833333333333,330921666,284.80022285591,-1.5155976327,0,,,18591205-0130562,0,J185912.07-013055.9,4265063951357839744,0,0,STAR,tmgaia2,tmgaia2,,,,,,,,,,14.0625,0.046982,9.016,1.0,jhk,,,,,,,,,,,,,,,,,,284.80022285591,-1.5155976327,32.46727559777413,-2.418011122787428,[80],['hlsp_tess-spoc_tess_phot_0000000330921666-s0080_tess_v1_lc.fits']
0.14109,OGLE-GD-LPV-011000,4,242.24625,-49.96983333333333,215457091,242.24620164105,-49.96985717723,0,,,16085910-4958115,0,J160859.11-495811.6,5983244211947602560,0,0,STAR,tmgaia2,tmgaia2,,,,,,,,,,15.5162,0.002021,9.657,1.0,jhk,,,,,,,,,,,,,,,,,,242.24620164105,-49.96985717723,-27.8329768525824,1.3451385330401122,[65],['hlsp_tess-spoc_tess_phot_0000000215457091-s0065_tess_v1_lc.fits']
0.053889,OGLE-BLG-LPV-237747,4,261.0200416666666,-36.99527777777778,200096770,261.02004559635,-36.99529241414,0,,,17240481-3659431,0,,5974414824319829120,0,0,STAR,tmgaia2,tmgaia2,-3.516,0.899,-1.608,0.631,gaia2,-0.3596,0.4811,,,16.2227,0.039422,10.024,1.0,jhk,gaia2,,,,,,,,,,,4193.75,2435.47,2.7882,1.3099,1851.1,3019.83,261.02002664109,-36.99529933899,-9.217243620726771,-0.5705567060906162,[66],['hlsp_tess-spoc_tess_phot_0000000200096770-s0066_tess_v1_lc.fits']
0.139189,OGLE-GD-LPV-003934,4,200.4994583333333,-62.2725,449545721,200.49937891877,-62.27251138588,0,,,13215987-6216208,0,J132159.91-621621.0,5868507149936152704,0,0,STAR,tmgaia2,tmgaia2,,,,,,,,,,15.6847,0.058491,9.507,1.0,jhk,,,,,,,,,,,,,,,,,,200.49937891877,-62.27251138588,-53.521623053194965,0.3886317352928349,"[64, 65]","['hlsp_tess-spoc_tess_phot_0000000449545721-s0064_tess_v1_lc.fits', 'hlsp_tess-spoc_tess_phot_0000000449545721-s0065_tess_v1_lc.fits']"
0.088964,OGLE-GD-LPV-010730,4,241.3825833333333,-55.547888888888885,428334788,241.38254025776,-55.54788478206,0,,,16053182-5532523,0,J160531.89-553252.5,5836368390792993024,0,0,STAR,tmgaia2,tmgaia2,,,,,,,,,,14.3608,0.031428,9.207,1.0,jhk,,,,,,,,,,,,,,,,,,241.38254025776,-55.54788478206,-31.96599504140941,-2.438043548069566,[65],['hlsp_tess-spoc_tess_phot_0000000428334788-s0065_tess_v1_lc.fits']
0.110882,OGLE-GD-LPV-002288,4,180.44029166666667,-62.88838888888889,378797736,180.44022954831,-62.88837675331,0,,,12014566-6253182,0,J120145.68-625318.4,6057415337901083136,0,0,STAR,tmgaia2,tmgaia2,,,,,,,,,,13.1833,0.015068,9.028,1.0,jhk,,,,,,,,,,,,,,,,,,180.44022954831,-62.88837675331,-62.69289684649426,-0.5604261164959683,[64],['hlsp_tess-spoc_tess_phot_0000000378797736-s0064_tess_v1_lc.fits']
0.054887,OGLE-GD-LPV-005544,4,213.99616666666665,-57.37705555555556,409965490,213.99613916158,-57.37705200869,0,,,14155906-5722373,0,J141559.09-572237.4,5892175134163051776,0,0,STAR,tmgaia2,tmgaia2,,,,,,,,,,14.6334,0.065607,9.414,1.0,jhk,,,,,,,,,,,,,,,,,,213.99613916158,-57.37705200869,-45.8355002607485,3.6392366556647255,[65],['hlsp_tess-spoc_tess_phot_0000000409965490-s0065_tess_v1_lc.fits']
0.115354,OGLE-GD-LPV-007441,4,226.019875,-61.21838888888889,454175822,226.01981768356,-61.21840517345,0,,,15040477-6113061,0,J150404.76-611306.2,5874851606964695552,0,0,STAR,tmgaia2,tmgaia2,,,,,,,,,,14.2301,0.035112,9.981,1.0,jhk,,,,,,,,,,,,,,,,,,226.01981768356,-61.21840517345,-41.78554387522352,-2.3459215546393355,[65],['hlsp_tess-spoc_tess_phot_0000000454175822-s0065_tess_v1_lc.fits']
0.091351,OGLE-GD-LPV-006202,4,218.75141666666664,-64.41572222222223,394068531,218.75136446257,-64.41573387042,0,,,14350036-6424565,0,J143500.30-642456.6,5850029135532924928,0,0,STAR,tmgaia2,tmgaia2,,,,,,,,,,14.0889,0.030046,10.07,1.0,jhk,,,,,,,,,,,,,,,,,,218.75136446257,-64.41573387042,-46.17485827922074,-3.7569180722717417,[65],['hlsp_tess-spoc_tess_phot_0000000394068531-s0065_tess_v1_lc.fits']
0.172494,OGLE-GD-LPV-019904,4,280.2994166666667,-6.35525,203639534,280.29940845152,-6.35529721436,0,,,18411186-0621189,0,J184111.87-062118.9,4253387412745165952,0,0,STAR,tmgaia2,tmgaia2,,,,,,,,,,13.9931,0.042106,9.154,1.0,jhk,,,,,,,,,,,,,,,,,,280.29940845152,-6.35529721436,26.111124518019345,-0.6282962204358645,[80],['hlsp_tess-spoc_tess_phot_0000000203639534-s0080_tess_v1_lc.fits']
0.16884,OGLE-GD-LPV-001380,4,163.166,-56.42705555555556,459605299,163.16593714143,-56.42702407064,0,,,10523983-5625374,0,J105239.83-562537.5,5352595472188882944,0,0,STAR,tmgaia2,tmgaia2,,,,,,,,,,13.6814,0.046367,9.361,1.0,jhk,,,,,,,,,,,,,,,,,,163.16593714143,-56.42702407064,-72.98505000516695,2.729300526620128,"[63, 64]","['hlsp_tess-spoc_tess_phot_0000000459605299-s0063_tess_v1_lc.fits', 'hlsp_tess-spoc_tess_phot_0000000459605299-s0064_tess_v1_lc.fits']"
0.091731,OGLE-GD-LPV-018016,4,276.678875,-8.86561111111111,385832617,276.6789006059,-8.86561414086,0,,,18264293-0851561,0,J182642.96-085155.7,4156217591539932416,0,0,STAR,tmgaia2,tmgaia2,-3.358,0.396,-5.928,0.352,gaia2,0.5166,0.2225,,,15.0739,0.057682,9.852,1.0,jhk,gaia2,,,,,,,,,,,2043.64,1227.84,1.0433,0.4636,722.28,1733.41,276.67888597232,-8.86563966471,22.228586108428747,1.39808549009367,[80],['hlsp_tess-spoc_tess_phot_0000000385832617-s0080_tess_v1_lc.fits']
0.335372,OGLE-BLG-LPV-245709,4,264.84416666666664,-33.26463888888889,106847599,264.84427754076,-33.26464805286,0,,,17392262-3315526,0,J173922.63-331552.6,4054102854328835456,0,0,STAR,tmgaia2,tmgaia2,,,,,,,,,,13.8125,0.038535,9.177,1.0,jhk,,,,,,,,,,,,,,,,,,264.84427754076,-33.26464805286,-4.383381976942018,-1.1438745425671537,[66],['hlsp_tess-spoc_tess_phot_0000000106847599-s0066_tess_v1_lc.fits']
0.127245,OGLE-GD-LPV-023289,4,284.776875,-0.0121111111111111,330073277,284.77689378005,-0.01214105498,0,,,18590645-0000435,0,J185906.47-000043.6,4265788357682966528,0,0,STAR,tmgaia2,tmgaia2,,,,,,,,,,14.3649,0.075749,8.353,1.0,jhk,,,,,,,,,,,,,,,,,,284.77689378005,-0.01214105498,33.79570359432246,-1.711919188393656,[80],['hlsp_tess-spoc_tess_phot_0000000330073277-s0080_tess_v1_lc.fits']
0.101856,OGLE-GD-LPV-007685,4,227.3694583333333,-54.21933333333334,39875310,227.36941019265,-54.21933620709,0,,179-128823,15092866-5413096,0,J150928.66-541309.4,5887569138185143296,26772795,0,STAR,tmgaia2,tmgaia2,,,,,,,,15.379,0.126,13.1857,0.058078,9.362,0.169,vjk,,,,,,,,,,,,,,,,,,227.36941019265,-54.21933620709,-37.68830426622302,3.3749793984746943,[65],['hlsp_tess-spoc_tess_phot_0000000039875310-s0065_tess_v1_lc.fits']
0.068995,OGLE-GD-LPV-016558,4,255.64991666666663,-41.159,346342231,255.64989887856,-41.1590137096,0,,,17023597-4109324,0,J170235.95-410932.4,5966781155609524608,0,0,STAR,tmgaia2,tmgaia2,,,,,,,,,,14.1945,0.028192,9.196,1.0,jhk,,,,,,,,,,,,,,,,,,255.64989887856,-41.1590137096,-15.03303619356487,0.3595999352422781,[66],['hlsp_tess-spoc_tess_phot_0000000346342231-s0066_tess_v1_lc.fits']
0.060895,OGLE-GD-LPV-013307,4,248.4082083333333,-48.1705,21938436,248.40818366278,-48.17050392653,0,,,16333797-4810138,0,J163338.00-481014.3,5941149993398022400,0,0,STAR,tmgaia2,tmgaia2,,,,,,,,,,13.4677,0.012403,7.78,1.0,jhk,,,,,,,,,,,,,,,,,,248.40818366278,-48.17050392653,-23.704589483805577,-0.2289331703381428,[66],['hlsp_tess-spoc_tess_phot_0000000021938436-s0066_tess_v1_lc.fits']
0.050672,OGLE-GD-LPV-007802,4,228.06904166666664,-55.82297222222223,41566369,228.06901972892,-55.82297902301,0,,,15121656-5549226,0,J151216.58-554922.6,5886545222295331968,0,0,STAR,tmgaia2,tmgaia2,,,,,,,,,,14.8142,0.051716,9.912,1.0,jhk,,,,,,,,,,,,,,,,,,228.06901972892,-55.82297902301,-38.16024511055312,1.7906299040017355,[65],['hlsp_tess-spoc_tess_phot_0000000041566369-s0065_tess_v1_lc.fits']
0.141298,OGLE-GD-LPV-015467,4,252.6300833333333,-55.24188888888889,170146603,252.63001739636,-55.24187760189,0,,,16503119-5514308,0,J165031.22-551430.6,5929455519026722560,29248550,0,STAR,tmgaia2,tmgaia2,-1.841,0.322,-5.291,0.315,gaia2,-0.2658,0.3353,14.183,0.14,13.3825,0.063824,9.925,0.074,vjk,gaia2,,,,,,,,,,,5389.89,3009.27,0.2306,0.006,2295.47,3723.07,252.63000349422,-55.2419003806,-27.32428387628657,-6.844015360971238,[66],['hlsp_tess-spoc_tess_phot_0000000170146603-s0066_tess_v1_lc.fits']
0.057154,OGLE-GD-LPV-020018,4,280.4171666666666,-5.77725,180860782,280.4171696325,-5.77726559959,0,,,18414012-0546380,0,J184140.11-054638.1,4253492072520370432,0,0,STAR,tmgaia2,tmgaia2,,,,,,,,,,13.9923,0.053383,8.792,1.0,jhk,,,,,,,,,,,,,,,,,,280.4171696325,-5.77726559959,26.678672547857506,-0.467943419460644,[80],['hlsp_tess-spoc_tess_phot_0000000180860782-s0080_tess_v1_lc.fits']
0.037187,OGLE-BLG-LPV-264005,4,276.95804166666665,-11.545083333333332,386453654,276.95803679634,-11.54509249494,0,,,18274993-1132423,0,J182749.94-113242.6,4153336493105875712,0,0,STAR,tmgaia2,tmgaia2,,,,,,,,,,13.3301,0.021222,7.898,1.0,jhk,,,,,,,,,,,,,,,,,,276.95803679634,-11.54509249494,19.984546246488154,-0.0919705876478981,[80],['hlsp_tess-spoc_tess_phot_0000000386453654-s0080_tess_v1_lc.fits']
0.024039,OGLE-GD-LPV-018187,4,277.1470833333333,-10.943444444444443,213265176,277.14707679365,-10.94344261019,0,,,18283530-1056364,0,J182835.40-105635.7,4153439194385255680,0,0,STAR,tmgaia2,tmgaia2,,,,,,,,,,16.1921,0.067849,9.651,1.0,jhk,,,,,,,,,,,,,,,,,,277.14707679365,-10.94344261019,20.603427826690066,0.0234972676330206,[80],['hlsp_tess-spoc_tess_phot_0000000213265176-s0080_tess_v1_lc.fits']
0.079276,OGLE-BLG-LPV-234965,4,258.45783333333327,-40.67275,266254038,258.45782632726,-40.67277137053,0,,,17134987-4040218,0,J171349.95-404021.4,5971900997154767232,0,0,STAR,tmgaia2,tmgaia2,,,,,,,,,,14.2958,0.047657,8.749,1.0,jhk,,,,,,,,,,,,,,,,,,258.45782632726,-40.67277137053,-13.373828511141909,-1.0494920420034637,[66],['hlsp_tess-spoc_tess_phot_0000000266254038-s0066_tess_v1_lc.fits']
0.173625,OGLE-GD-LPV-001783,4,171.32583333333332,-64.71416666666667,315563973,171.32574588205,-64.7141361583,0,,,11251820-6442509,0,J112518.21-644251.0,5237563569243172224,0,0,STAR,tmgaia2,tmgaia2,,,,,,,,,,14.4097,0.047221,9.473,1.0,jhk,,,,,,,,,,,,,,,,,,171.32574588205,-64.7141361583,-66.10373979706401,-3.3642775572764614,[64],['hlsp_tess-spoc_tess_phot_0000000315563973-s0064_tess_v1_lc.fits']
0.093739,OGLE-BLG-LPV-262153,4,275.15874999999994,-10.7925,16711578,275.15877534079,-10.79250764011,0,,,18203809-1047330,0,J182038.09-104733.1,4154345501182869248,0,0,STAR,tmgaia2,tmgaia2,-5.53,0.753,-2.58,0.556,gaia2,-0.2835,0.3485,,,15.2972,0.035017,10.211,1.0,jhk,gaia2,,,,,,,,,,,4196.89,2149.48,1.5161,0.4027,1655.26,2643.7,275.15875110058,-10.79251875025,19.823905634508908,1.820228993124128,[80],['hlsp_tess-spoc_tess_phot_0000000016711578-s0080_tess_v1_lc.fits']
0.016327,OGLE-GD-LPV-011270,4,243.17104166666664,-49.90025,266971563,243.17104624117,-49.90025344778,0,,,16124106-4954008,0,J161241.05-495400.7,5983210986079027456,0,0,STAR,tmgaia2,tmgaia2,,,,,,,,,,16.676,0.063559,9.327,1.0,jhk,,,,,,,,,,,,,,,,,,243.17104624117,-49.90025344778,-27.349313848844737,0.9911263004066472,[65],['hlsp_tess-spoc_tess_phot_0000000266971563-s0065_tess_v1_lc.fits']
0.038254,OGLE-BLG-LPV-234759,4,258.2605416666666,-30.896944444444443,46765139,258.2605367561,-30.89695419948,0,,,17130253-3053488,0,J171302.50-305348.8,5980715438312609792,0,0,STAR,tmgaia2,tmgaia2,,,,,,,,,,14.8043,0.039097,9.891,1.0,jhk,,,,,,,,,,,,,,,,,,258.2605367561,-30.89695419948,-5.53513081338843,4.80424917400109,[66],['hlsp_tess-spoc_tess_phot_0000000046765139-s0066_tess_v1_lc.fits']
0.082565,OGLE-GD-LPV-005561,4,214.12616666666665,-62.34147222222222,334905328,214.12613101246,-62.34148809893,0,,,14163028-6220292,0,J141630.34-622029.2,5854418415931680384,0,0,STAR,tmgaia2,tmgaia2,,,,,,,,,,13.8677,0.016295,9.545,1.0,jhk,,,,,,,,,,,,,,,,,,214.12613101246,-62.34148809893,-47.37326193463678,-1.0817244342799486,[65],['hlsp_tess-spoc_tess_phot_0000000334905328-s0065_tess_v1_lc.fits']
0.057881,OGLE-GD-LPV-018199,4,277.20312499999994,-11.098722222222223,213253504,277.20314084632,-11.09872630931,0,,,18284874-1105552,0,J182848.74-110554.9,4153424969453401600,0,0,STAR,tmgaia2,tmgaia2,,,,,,,,,,15.7743,0.073448,10.005,1.0,jhk,,,,,,,,,,,,,,,,,,277.20314084632,-11.09872630931,20.491459096567144,-0.0973335600753698,[80],['hlsp_tess-spoc_tess_phot_0000000213253504-s0080_tess_v1_lc.fits']
0.099524,OGLE-GD-LPV-000803,4,145.45654166666665,-56.34569444444445,441536476,145.45650421878,-56.34567617983,0,,,09414956-5620444,0,J094149.55-562044.3,5306294556499855872,0,0,STAR,tmgaia2,tmgaia2,,,,,,,,,,14.4275,0.035029,10.223,1.0,jhk,,,,,,,,,,,,,,,,,,145.45650421878,-56.34567617983,-81.17101762592101,-2.6212216970412268,[62],['hlsp_tess-spoc_tess_phot_0000000441536476-s0062_tess_v1_lc.fits']
0.122729,OGLE-GD-LPV-007257,4,224.9747083333333,-55.2365,35902292,224.97466032126,-55.23652031702,0,,174-127637,14595392-5514117,0,J145953.91-551411.4,5881593739169851648,0,0,STAR,tmgaia2,tmgaia2,,,,,,,,14.01,0.092,12.5484,0.022331,9.498,0.053,vjk,,,,,,,,,,,,,,,,,,224.97466032126,-55.23652031702,-39.39472892441515,3.1651698707410283,[65],['hlsp_tess-spoc_tess_phot_0000000035902292-s0065_tess_v1_lc.fits']
0.119558,OGLE-GD-LPV-009863,4,237.6749583333333,-51.57541666666667,278652989,237.67492029919,-51.57543999489,0,,,15504199-5134316,0,J155042.01-513431.6,5982117556109583616,0,0,STAR,tmgaia2,tmgaia2,,,,,,,,,,14.5103,0.051007,9.116,1.0,jhk,,,,,,,,,,,,,,,,,,237.67492029919,-51.57543999489,-31.072057654426523,2.0136584924716145,[65],['hlsp_tess-spoc_tess_phot_0000000278652989-s0065_tess_v1_lc.fits']
0.123102,OGLE-GD-LPV-007943,4,228.956,-58.56847222222223,43355546,228.95594118893,-58.56848734616,0,,,15154945-5834066,0,J151549.41-583406.5,5877076503053273856,0,0,STAR,tmgaia2,tmgaia2,,,,,,,,,,17.0314,0.031629,9.968,1.0,jhk,,,,,,,,,,,,,,,,,,228.95594118893,-58.56848734616,-39.17398448150273,-0.8056935394677696,[65],['hlsp_tess-spoc_tess_phot_0000000043355546-s0065_tess_v1_lc.fits']
0.176459,OGLE-BLG-LPV-241649,4,263.33958333333334,-36.877944444444445,465091527,263.33962019745,-36.8779835988,0,,,17332152-3652405,0,J173321.46-365240.5,5962588717835906176,0,0,STAR,tmgaia2,tmgaia2,,,,,,,,,,14.5524,0.033054,9.791,1.0,jhk,,,,,,,,,,,,,,,,,,263.33962019745,-36.8779835988,-8.093036617818624,-2.0496925704476787,[66],['hlsp_tess-spoc_tess_phot_0000000465091527-s0066_tess_v1_lc.fits']
0.118867,OGLE-GD-LPV-000067,4,95.77258333333332,11.135277777777777,263588541,95.77257045876,11.13524727105,0,,,06230541+1108069,0,J062305.43+110807.0,3330848331778015872,41069297,0,STAR,tmgaia2,tmgaia2,,,,,,,,14.478,0.006,13.49,0.015714,10.677,0.041,vjk,,,,,,,,,,,,,,,,,,95.77257045876,11.13524727105,-160.19574077317006,-1.1272127683244286,"[71, 72]","['hlsp_tess-spoc_tess_phot_0000000263588541-s0071_tess_v1_lc.fits', 'hlsp_tess-spoc_tess_phot_0000000263588541-s0072_tess_v1_lc.fits']"
0.114615,OGLE-GD-LPV-018554,4,278.068875,-3.047111111111111,43378021,278.06889919861,-3.04713184041,0,,,18321653-0302496,0,J183216.53-030249.6,4258091016035208832,0,0,STAR,tmgaia2,tmgaia2,,,,,,,,,,15.9564,0.059989,10.581,1.0,jhk,,,,,,,,,,,,,,,,,,278.06889919861,-3.04713184041,28.030407239700324,2.8650077531617826,[80],['hlsp_tess-spoc_tess_phot_0000000043378021-s0080_tess_v1_lc.fits']
0.114584,OGLE-GD-LPV-024313,4,286.5148333333333,0.7597777777777778,178911894,286.5148015139,0.75977689897,0,,,19060356+0045351,0,J190603.57+004535.3,4267264074071292928,0,0,STAR,tmgaia2,tmgaia2,,,,,,,,,,14.2213,0.047394,9.0,1.0,jhk,,,,,,,,,,,,,,,,,,286.5148015139,0.75977689897,35.277273723645834,-2.905539426692862,[80],['hlsp_tess-spoc_tess_phot_0000000178911894-s0080_tess_v1_lc.fits']
0.224553,OGLE-GD-LPV-017826,4,275.9485833333333,-6.255361111111111,19368480,275.94855432131,-6.25541641985,0,,,18234766-0615193,0,J182347.65-061519.4,4160880654746718208,0,0,STAR,tmgaia2,tmgaia2,,,,,,,,,,14.512,0.03,10.186,1.0,jhk,,,,,,,,,,,,,,,,,,275.94855432131,-6.25541641985,24.20313087514677,3.254248585618058,[80],['hlsp_tess-spoc_tess_phot_0000000019368480-s0080_tess_v1_lc.fits']
0.06306,OGLE-LMC-LPV-51998,3,81.13804166666665,-70.71002777777778,373687515,81.13809263425,-70.71002294638,0,,097-007716,05243313-7042361,0,J052433.13-704236.0,4651905299124204544,33591749,0,STAR,tmgaia2,tmgaia2,,,,,,,,14.359,0.149,14.7654,0.074413,13.273,0.075,gbprp,,,,,,,,,,,,,,,,,,81.13809263425,-70.71002294638,-78.43885807561331,-32.62882874086992,"[62, 63, 64, 65, 68, 69, 66]","['hlsp_tess-spoc_tess_phot_0000000373687515-s0062_tess_v1_lc.fits', 'hlsp_tess-spoc_tess_phot_0000000373687515-s0063_tess_v1_lc.fits', 'hlsp_tess-spoc_tess_phot_0000000373687515-s0064_tess_v1_lc.fits', 'hlsp_tess-spoc_tess_phot_0000000373687515-s0065_tess_v1_lc.fits', 'hlsp_tess-spoc_tess_phot_0000000373687515-s0068_tess_v1_lc.fits', 'hlsp_tess-spoc_tess_phot_0000000373687515-s0069_tess_v1_lc.fits', 'hlsp_tess-spoc_tess_phot_0000000373687515-s0066_tess_v1_lc.fits']"
0.082615,OGLE-BLG-LPV-259880,4,273.07104166666664,-15.789527777777778,107959134,273.07102883149,-15.78954711918,0,,,18121704-1547221,0,J181217.05-154722.2,4145792881308272512,0,0,STAR,tmgaia2,tmgaia2,,,,,,,,,,14.4204,0.031124,10.277,1.0,jhk,,,,,,,,,,,,,,,,,,273.07102883149,-15.78954711918,14.459993762006166,1.2332756439510288,[80],['hlsp_tess-spoc_tess_phot_0000000107959134-s0080_tess_v1_lc.fits']
0.210712,OGLE-GD-LPV-001410,4,163.56395833333332,-58.4005,459810320,163.56384699592,-58.40049525536,0,,158-057376,10541534-5824018,0,J105415.33-582401.8,5338870302908785792,28044980,0,STAR,tmgaia2,tmgaia2,,,,,,,,13.731,0.137,12.6668,0.024431,9.277,0.038,vjk,,,,,,,,,,,,,,,,,,163.56384699592,-58.40049525536,-71.92659819235897,1.0496102496847932,"[63, 64]","['hlsp_tess-spoc_tess_phot_0000000459810320-s0063_tess_v1_lc.fits', 'hlsp_tess-spoc_tess_phot_0000000459810320-s0064_tess_v1_lc.fits']"
0.082558,OGLE-GD-LPV-018617,4,278.210125,-6.895361111111111,216558942,278.21012409522,-6.89538402638,0,,,18325043-0653432,0,,4255924256577943680,0,0,STAR,tmgaia2,tmgaia2,,,,,,,,,,14.9758,0.020739,8.076,1.0,jhk,,,,,,,,,,,,,,,,,,278.21012409522,-6.89538402638,24.67786072411832,0.9668898843925016,[80],['hlsp_tess-spoc_tess_phot_0000000216558942-s0080_tess_v1_lc.fits']
0.121011,OGLE-GD-LPV-021350,4,281.95141666666666,-9.32425,146091315,281.95140933422,-9.32428282613,0,,,18474833-0919274,0,J184748.35-091927.7,4203380043367283712,0,0,STAR,tmgaia2,tmgaia2,,,,,,,,,,13.7973,0.003041,8.348,1.0,jhk,,,,,,,,,,,,,,,,,,281.95140933422,-9.32428282613,24.21221224032529,-3.437574693669957,[80],['hlsp_tess-spoc_tess_phot_0000000146091315-s0080_tess_v1_lc.fits']
0.063539,OGLE-GD-LPV-008438,4,231.3979583333333,-56.97366666666667,412786165,231.3979455531,-56.97365044954,0,,,15253550-5658251,0,,5883262218013272704,0,0,STAR,tmgaia2,tmgaia2,-3.944,0.524,-2.447,0.415,gaia2,-0.3277,0.2429,,,14.207,0.059151,8.64,1.0,jhk,gaia2,,,,,,,,,,,5157.66,2280.81,0.8682,0.3577,1806.14,2755.48,231.39791439414,-56.9736609873,-37.217183191281975,-0.1657507601152018,[65],['hlsp_tess-spoc_tess_phot_0000000412786165-s0065_tess_v1_lc.fits']
0.010211,OGLE-GD-LPV-005194,4,211.30366666666663,-63.33388888888889,328932770,211.30366453192,-63.33389155846,0,,134-107125,14051288-6320020,0,J140512.89-632002.1,5853942297363277568,0,0,STAR,tmgaia2,tmgaia2,-4.567,0.166,-2.692,0.269,gaia2,2.5052,0.2568,15.489,0.08,10.7376,0.01418,8.972,0.016,rered,gaia2,,,,,,,,,,,401.841,43.974,0.2523,0.0263,39.278,48.67,211.3036207162,-63.33390314959,-48.90177636094656,-1.6379082844139858,[65],['hlsp_tess-spoc_tess_phot_0000000328932770-s0065_tess_v1_lc.fits']
0.179437,OGLE-GD-LPV-003478,4,195.631375,-63.76638888888889,439165250,195.63127439119,-63.76641139652,0,,,13023152-6345591,0,,5862303774058959744,0,0,STAR,tmgaia2,tmgaia2,,,,,,,,,,14.3577,0.028143,9.741,1.0,jhk,,,,,,,,,,,,,,,,,,195.63127439119,-63.76641139652,-55.84303346792829,-0.9210173332886216,"[64, 65]","['hlsp_tess-spoc_tess_phot_0000000439165250-s0064_tess_v1_lc.fits', 'hlsp_tess-spoc_tess_phot_0000000439165250-s0065_tess_v1_lc.fits']"
0.157445,OGLE-GD-LPV-006632,4,221.5765,-57.65372222222222,191324988,221.57642670175,-57.65374158039,0,,,14461836-5739132,0,J144618.39-573913.4,5880882496927718400,0,0,STAR,tmgaia2,tmgaia2,,,,,,,,,,14.3534,0.033118,8.742,1.0,jhk,,,,,,,,,,,,,,,,,,221.57642670175,-57.65374158039,-42.16346160978439,1.8554495186499904,[65],['hlsp_tess-spoc_tess_phot_0000000191324988-s0065_tess_v1_lc.fits']
0.193511,OGLE-GD-LPV-003891,4,200.043375,-61.04141666666666,449373613,200.04326776221,-61.04143057648,0,,,13201040-6102290,0,J132010.39-610229.0,5869377447751274496,0,0,STAR,tmgaia2,tmgaia2,,,,,,,,,,13.1925,0.019482,9.007,1.0,jhk,,,,,,,,,,,,,,,,,,200.04326776221,-61.04143057648,-53.5953601860254,1.6364272114483884,"[64, 65]","['hlsp_tess-spoc_tess_phot_0000000449373613-s0064_tess_v1_lc.fits', 'hlsp_tess-spoc_tess_phot_0000000449373613-s0065_tess_v1_lc.fits']"
0.137838,OGLE-GD-LPV-008834,4,233.168625,-55.3055,283803160,233.16859762283,-55.3055349738,0,,,15324047-5518196,0,J153240.49-551819.7,5883852483959218816,0,0,STAR,tmgaia2,tmgaia2,,,,,,,,,,14.0644,0.028864,9.127,1.0,jhk,,,,,,,,,,,,,,,,,,233.16859762283,-55.3055349738,-35.460570381436895,0.652741768941273,[65],['hlsp_tess-spoc_tess_phot_0000000283803160-s0065_tess_v1_lc.fits']
0.062549,OGLE-BLG-LPV-232975,4,255.26566666666665,-38.000416666666666,344961431,255.26568421027,-38.00042719129,0,,,17010376-3800016,0,J170103.76-380001.3,5970364567114902272,0,0,STAR,tmgaia2,tmgaia2,,,,,,,,,,14.1581,0.016076,10.082,1.0,jhk,,,,,,,,,,,,,,,,,,255.26568421027,-38.00042719129,-12.716920219988491,2.5284578796401527,[66],['hlsp_tess-spoc_tess_phot_0000000344961431-s0066_tess_v1_lc.fits']
0.144959,OGLE-GD-LPV-005180,4,211.22825,-63.65394444444444,328655104,211.22819730814,-63.65397722485,0,,,14045478-6339142,0,J140454.74-633914.3,5853864884885694080,0,0,STAR,tmgaia2,tmgaia2,,,,,,,,,,14.7656,0.031714,9.905,1.0,jhk,,,,,,,,,,,,,,,,,,211.22819730814,-63.65397722485,-49.024121800007705,-1.935590253185265,[65],['hlsp_tess-spoc_tess_phot_0000000328655104-s0065_tess_v1_lc.fits']
0.034516,OGLE-BLG-LPV-236513,4,259.9165833333333,-30.904527777777776,154739492,259.916572385,-30.90452585898,0,,,17193998-3054162,0,J171939.96-305416.1,4058941976778272256,0,0,STAR,tmgaia2,tmgaia2,,,,,,,,,,15.2776,0.041398,9.847,1.0,jhk,,,,,,,,,,,,,,,,,,259.916572385,-30.90452585898,-4.719097570022245,3.6393768966750817,[66],['hlsp_tess-spoc_tess_phot_0000000154739492-s0066_tess_v1_lc.fits']
0.048535,OGLE-GD-LPV-020634,4,281.07766666666663,-2.8935833333333334,203973430,281.07766778969,-2.89359676845,0,,,18441864-0253368,0,J184418.64-025336.7,4258663109992383744,0,0,STAR,tmgaia2,tmgaia2,,,,,,,,,,14.0692,0.05465,8.985,1.0,jhk,,,,,,,,,,,,,,,,,,281.07766778969,-2.89359676845,29.5444455240356,0.2646481820778836,[80],['hlsp_tess-spoc_tess_phot_0000000203973430-s0080_tess_v1_lc.fits']
0.116186,OGLE-BLG-LPV-260676,4,273.7603333333333,-14.130611111111111,110923021,273.76030880922,-14.13063292896,0,,,18150248-1407502,0,J181502.43-140750.0,4146526392973229184,0,0,STAR,tmgaia2,tmgaia2,,,,,,,,,,14.6449,0.096625,9.741,1.0,jhk,,,,,,,,,,,,,,,,,,273.76030880922,-14.13063292896,16.23581904249962,1.4420686007270176,[80],['hlsp_tess-spoc_tess_phot_0000000110923021-s0080_tess_v1_lc.fits']
0.235936,OGLE-GD-LPV-005209,4,211.45429166666665,-62.45511111111112,329061599,211.45420756017,-62.45516385975,0,,,14054902-6227185,0,J140548.90-622719.0,5866097050487854080,0,0,STAR,tmgaia2,tmgaia2,,,,,,,,,,13.6498,0.014597,9.384,1.0,jhk,,,,,,,,,,,,,,,,,,211.45420756017,-62.45516385975,-48.58739791311617,-0.8143960706370451,[65],['hlsp_tess-spoc_tess_phot_0000000329061599-s0065_tess_v1_lc.fits']
0.115336,OGLE-GD-LPV-009329,4,235.32329166666665,-57.65997222222222,279408975,235.32323737027,-57.65998574206,0,,,15411758-5739357,0,J154117.54-573935.7,5882397692717920640,0,0,STAR,tmgaia2,tmgaia2,,,,,,,,,,13.4218,0.007262,9.054,1.0,jhk,,,,,,,,,,,,,,,,,,235.32323737027,-57.65998574206,-35.8841898817835,-1.950725611239556,[65],['hlsp_tess-spoc_tess_phot_0000000279408975-s0065_tess_v1_lc.fits']
0.046259,OGLE-BLG-LPV-261730,4,274.7339583333333,-13.05525,115084048,274.73396653689,-13.05526006232,0,,,18185615-1303189,0,J181856.15-130318.6,4152723790263076224,0,0,STAR,tmgaia2,tmgaia2,-2.062,0.542,-1.409,0.465,gaia2,0.2455,0.3366,,,15.4074,0.068647,10.074,1.0,jhk,gaia2,,,,,,,,,,,3095.62,1949.04,1.388,0.6288,1354.39,2543.68,274.73395742159,-13.05526613014,17.63186037672757,1.119574497860124,[80],['hlsp_tess-spoc_tess_phot_0000000115084048-s0080_tess_v1_lc.fits']
0.076803,OGLE-GD-LPV-003423,4,194.92645833333327,-64.91722222222222,438029156,194.92641100782,-64.91721496724,0,,,12594233-6455019,0,J125942.34-645502.0,5861635133598260736,0,0,STAR,tmgaia2,tmgaia2,,,,,,,,,,14.4687,0.040345,9.893,1.0,jhk,,,,,,,,,,,,,,,,,,194.92641100782,-64.91721496724,-56.1914150688704,-2.059548949978639,"[64, 65]","['hlsp_tess-spoc_tess_phot_0000000438029156-s0064_tess_v1_lc.fits', 'hlsp_tess-spoc_tess_phot_0000000438029156-s0065_tess_v1_lc.fits']"
0.095245,OGLE-BLG-LPV-246847,4,265.25579166666665,-33.57038888888889,108224689,265.25576487771,-33.57037468494,0,,,17410139-3334133,0,J174101.36-333413.7,4053892332241094400,0,0,STAR,tmgaia2,tmgaia2,,,,,,,,,,14.1949,0.019305,9.404,1.0,jhk,,,,,,,,,,,,,,,,,,265.25576487771,-33.57037468494,-4.460229381203618,-1.59733226951866,[66],['hlsp_tess-spoc_tess_phot_0000000108224689-s0066_tess_v1_lc.fits']
0.085092,OGLE-GD-LPV-019831,4,280.2285833333333,-5.337277777777778,47471093,280.22860632389,-5.33728366834,0,,,18405487-0520141,0,J184054.86-052014.4,4256526346610410880,0,0,STAR,tmgaia2,tmgaia2,,,,,,,,,,16.6902,0.068974,10.064,1.0,jhk,,,,,,,,,,,,,,,,,,280.22860632389,-5.33728366834,26.983967560000423,-0.0997001632782594,[80],['hlsp_tess-spoc_tess_phot_0000000047471093-s0080_tess_v1_lc.fits']
0.220136,OGLE-GD-LPV-018520,4,277.9889583333333,-9.1105,216175093,277.98900522153,-9.11053994764,0,,,18315735-0906377,0,J183157.35-090638.4,4156336029557273728,0,0,STAR,tmgaia2,tmgaia2,,,,,,,,,,15.4111,0.053315,10.176,1.0,jhk,,,,,,,,,,,,,,,,,,277.98900522153,-9.11053994764,22.611850467615582,0.1381115485042371,[80],['hlsp_tess-spoc_tess_phot_0000000216175093-s0080_tess_v1_lc.fits']
0.113926,OGLE-BLG-LPV-262580,4,275.5712083333333,-12.052,118235908,275.57119942133,-12.05203042228,0,,,18221708-1203072,0,J182217.07-120306.9,4153632296140228608,0,0,STAR,tmgaia2,tmgaia2,,,,,,,,,,14.897,0.068743,9.469,1.0,jhk,,,,,,,,,,,,,,,,,,275.57119942133,-12.05203042228,18.90199461285669,0.871360697465939,[80],['hlsp_tess-spoc_tess_phot_0000000118235908-s0080_tess_v1_lc.fits']
0.119577,OGLE-GD-LPV-000296,4,120.03495833333332,-39.83902777777778,132707516,120.03496254152,-39.83899471948,0,,251-022629,08000840-3950204,0,J080008.41-395020.3,5534770770632166400,17885794,0,STAR,tmgaia2,tmgaia2,,,,,,,,17.32,0.08,13.4988,0.026291,10.445,0.034,vjk,,,,,,,,,,,,,,,,,,120.03496254152,-39.83899471948,-104.511984782639,-5.181909377216639,"[61, 62]","['hlsp_tess-spoc_tess_phot_0000000132707516-s0061_tess_v1_lc.fits', 'hlsp_tess-spoc_tess_phot_0000000132707516-s0062_tess_v1_lc.fits']"
0.180502,OGLE-GD-LPV-005971,4,217.1035,-54.30416666666667,263760730,217.10344824681,-54.30420669297,0,,179-117598,14282484-5418150,0,J142824.80-541814.9,5895965597413156736,26711161,0,STAR,tmgaia2,tmgaia2,,,,,,,,17.586,1.133,12.1695,0.004994,9.693,0.035,vjk,,,,,,,,,,,,,,,,,,217.10344824681,-54.30420669297,-43.129757420650485,5.922136266071756,[65],['hlsp_tess-spoc_tess_phot_0000000263760730-s0065_tess_v1_lc.fits']
0.10949,OGLE-GD-LPV-023287,4,284.77625,-0.1711388888888888,330075087,284.77626332349,-0.1711662291,0,,,18590629-0010160,0,J185906.30-001016.2,4265781760612787328,0,0,STAR,tmgaia2,tmgaia2,,,,,,,,,,14.1833,0.056831,10.173,1.0,jhk,,,,,,,,,,,,,,,,,,284.77626332349,-0.1711662291,33.65383301649821,-1.783903162085674,[80],['hlsp_tess-spoc_tess_phot_0000000330075087-s0080_tess_v1_lc.fits']
0.154191,OGLE-GD-LPV-002343,4,181.16929166666665,-62.70505555555556,379646103,181.1692072091,-62.70507384426,0,,,12044060-6242184,0,J120440.61-624217.5,6057423554222231680,0,0,STAR,tmgaia2,tmgaia2,,,,,,,,,,13.7539,0.01827,9.504,1.0,jhk,,,,,,,,,,,,,,,,,,181.1692072091,-62.70507384426,-62.39951259476474,-0.3183458803544086,[64],['hlsp_tess-spoc_tess_phot_0000000379646103-s0064_tess_v1_lc.fits']
0.087199,OGLE-GD-LPV-000602,4,137.05049999999997,-47.86380555555556,32067835,137.05046979846,-47.86379228318,0,,,09081211-4751496,0,J090812.11-475149.5,5326877207987793280,0,0,STAR,tmgaia2,tmgaia2,,,,,,,,,,16.3845,0.042358,10.406,1.0,jhk,,,,,,,,,,,,,,,,,,137.05046979846,-47.86379228318,-90.77502510242704,-0.1489421931574263,"[62, 63]","['hlsp_tess-spoc_tess_phot_0000000032067835-s0062_tess_v1_lc.fits', 'hlsp_tess-spoc_tess_phot_0000000032067835-s0063_tess_v1_lc.fits']"
0.085804,OGLE-GD-LPV-021684,4,282.41687499999995,-0.9443611111111112,182855999,282.416859311,-0.9443790554,0,,,18494005-0056396,0,J184940.05-005638.9,4266056879042276352,0,0,STAR,tmgaia2,tmgaia2,,,,,,,,,,14.3592,0.037647,9.211,1.0,jhk,,,,,,,,,,,,,,,,,,282.416859311,-0.9443790554,31.889645153319545,-0.0367400129746247,[80],['hlsp_tess-spoc_tess_phot_0000000182855999-s0080_tess_v1_lc.fits']
0.043201,OGLE-BLG-LPV-263518,4,276.40125,-10.589555555555556,384692050,276.40125582422,-10.58954500885,0,,,18253630-1035223,0,J182536.23-103522.2,4154261285480733952,0,0,STAR,tmgaia2,tmgaia2,,,,,,,,,,15.5564,0.063608,9.315,1.0,jhk,,,,,,,,,,,,,,,,,,276.40125582422,-10.58954500885,20.57547738599647,0.8367065939531322,[80],['hlsp_tess-spoc_tess_phot_0000000384692050-s0080_tess_v1_lc.fits']
0.214904,OGLE-GD-LPV-017677,4,275.2558333333333,-5.927888888888889,168480199,275.25582561344,-5.92794808867,0,,,18210140-0555403,0,J182101.39-055540.6,4161106535626595968,0,0,STAR,tmgaia2,tmgaia2,,,,,,,,,,14.6718,0.034419,9.822,1.0,jhk,,,,,,,,,,,,,,,,,,275.25582561344,-5.92794808867,24.171573689094288,4.016313615088852,[80],['hlsp_tess-spoc_tess_phot_0000000168480199-s0080_tess_v1_lc.fits']
0.07302,OGLE-GD-LPV-000215,4,111.99733333333332,-22.95711111111111,139521930,111.99735028226,-22.95709815553,0,,336-028553,07275936-2257255,0,,5618643093846840704,0,0,STAR,tmgaia2,tmgaia2,,,,,,,,14.309,0.103,13.1841,0.020532,9.967,0.055,vjk,,,,,,,,,,,,,,,,,,111.99735028226,-22.95709815553,-122.59384399368749,-2.7345015922085034,[61],['hlsp_tess-spoc_tess_phot_0000000139521930-s0061_tess_v1_lc.fits']
0.101494,OGLE-GD-LPV-004828,4,207.97029166666664,-64.24330555555555,299581303,207.97024299009,-64.24332419457,0,,,13515285-6414359,0,J135152.84-641435.9,5864295505071414912,0,0,STAR,tmgaia2,tmgaia2,,,,,,,,,,14.3279,0.03775,9.673,1.0,jhk,,,,,,,,,,,,,,,,,,207.97024299009,-64.24332419457,-50.55900655197183,-2.1380995576524224,[65],['hlsp_tess-spoc_tess_phot_0000000299581303-s0065_tess_v1_lc.fits']
0.089347,OGLE-GD-LPV-017660,4,275.1659166666666,-8.993638888888889,16856946,275.16594096683,-8.99364520536,0,,,18203982-0859370,0,J182039.82-085936.9,4159165657108708096,0,0,STAR,tmgaia2,tmgaia2,,,,,,,,,,14.7088,0.070483,9.993,1.0,jhk,,,,,,,,,,,,,,,,,,275.16594096683,-8.99364520536,21.416222546140425,2.6595123983083413,[80],['hlsp_tess-spoc_tess_phot_0000000016856946-s0080_tess_v1_lc.fits']
0.076543,OGLE-GD-LPV-015233,4,252.12420833333329,-45.62372222222222,245769960,252.12422105036,-45.62370290967,0,,,16482981-4537253,0,J164830.00-453725.4,5940206681112600576,0,0,STAR,tmgaia2,tmgaia2,-3.454,0.397,-5.134,0.322,gaia2,0.5239,0.2592,,,16.5161,0.063367,8.871,1.0,jhk,gaia2,,,,,,,,,,,2067.04,1371.3,1.5463,0.9281,793.98,1948.62,252.12419978527,-45.62372501435,-20.11568742800713,-0.4477185797357501,[66],['hlsp_tess-spoc_tess_phot_0000000245769960-s0066_tess_v1_lc.fits']
0.085194,OGLE-GD-LPV-002285,4,180.39404166666665,-61.50688888888889,308046568,180.39399245818,-61.50688589619,0,,143-099731,12013456-6130246,0,J120134.58-613024.6,6058492004630808320,0,0,STAR,tmgaia2,tmgaia2,-3.3,0.217,1.162,0.179,gaia2,0.5771,0.1787,12.167,0.549,10.3581,0.030812,8.54,0.04,rered,gaia2,,,,,,,,,,,1769.43,786.68,0.3648,0.1425,506.5,1066.86,180.39396267211,-61.50688089443,-62.978989731185294,0.7912995687881408,[64],['hlsp_tess-spoc_tess_phot_0000000308046568-s0064_tess_v1_lc.fits']
0.126595,OGLE-BLG-LPV-233486,4,256.59095833333333,-35.80052777777777,41631975,256.59094290303,-35.80049491469,0,,271-101565,17062181-3548016,0,J170621.83-354801.8,5977155288376448768,19100755,0,STAR,tmgaia2,tmgaia2,,,,,,,,16.461,0.103,12.6185,0.014245,9.308,0.043,vjk,,,,,,,,,,,,,,,,,,256.59094290303,-35.80049491469,-10.322876249577863,3.0227731507392823,[66],['hlsp_tess-spoc_tess_phot_0000000041631975-s0066_tess_v1_lc.fits']
0.075576,OGLE-GD-LPV-022917,4,284.1322916666666,0.0501111111111111,57935569,284.13227091451,0.05011428379,0,,,18563174+0003004,0,J185631.73+000300.4,4265847658258073600,0,0,STAR,tmgaia2,tmgaia2,,,,,,,,,,13.7925,0.043188,9.969,1.0,jhk,,,,,,,,,,,,,,,,,,284.13227091451,0.05011428379,33.55698773514231,-1.1099150320162177,[80],['hlsp_tess-spoc_tess_phot_0000000057935569-s0080_tess_v1_lc.fits']
0.096801,OGLE-GD-LPV-015810,4,253.502125,-43.942,247022680,253.50210574579,-43.94202303955,0,,,16540050-4356312,0,J165400.48-435631.2,5964742661053605376,0,0,STAR,tmgaia2,tmgaia2,,,,,,,,,,14.4305,0.027342,9.611,1.0,jhk,,,,,,,,,,,,,,,,,,253.50210574579,-43.94202303955,-18.19659451402787,-0.12896644341624,[66],['hlsp_tess-spoc_tess_phot_0000000247022680-s0066_tess_v1_lc.fits']
0.081334,OGLE-GD-LPV-025413,4,288.4935833333333,15.282305555555556,315585009,288.49358972097,15.28228381927,0,,,19135846+1516562,0,J191358.47+151656.4,4320614680378696448,0,0,STAR,tmgaia2,tmgaia2,,,,,,,,,,14.1981,0.056706,8.866,1.0,jhk,,,,,,,,,,,,,,,,,,288.49358972097,15.28228381927,49.06929707988815,2.0574086593095795,"[80, 81]","['hlsp_tess-spoc_tess_phot_0000000315585009-s0080_tess_v1_lc.fits', 'hlsp_tess-spoc_tess_phot_0000000315585009-s0081_tess_v1_lc.fits']"
0.172822,OGLE-GD-LPV-003418,4,194.90237499999995,-62.21747222222223,438143213,194.90227565292,-62.21748487994,0,,,12593657-6213028,0,J125936.61-621302.8,5863430189343118848,0,0,STAR,tmgaia2,tmgaia2,,,,,,,,,,13.6669,0.02767,9.193,1.0,jhk,,,,,,,,,,,,,,,,,,194.90227565292,-62.21748487994,-56.115944630529256,0.6391675700471741,"[64, 65]","['hlsp_tess-spoc_tess_phot_0000000438143213-s0064_tess_v1_lc.fits', 'hlsp_tess-spoc_tess_phot_0000000438143213-s0065_tess_v1_lc.fits']"
0.096446,OGLE-BLG-LPV-251411,4,267.30316666666664,-31.208222222222226,114129429,267.3031845033,-31.20824424514,0,,,17491276-3112297,0,J174912.75-311229.6,4055916739273575296,0,0,STAR,tmgaia2,tmgaia2,,,,,,,,,,16.1139,0.067146,9.633,1.0,jhk,,,,,,,,,,,,,,,,,,267.3031845033,-31.20824424514,-1.541998002853307,-1.8409907468526616,[66],['hlsp_tess-spoc_tess_phot_0000000114129429-s0066_tess_v1_lc.fits']
0.161243,OGLE-GD-LPV-005108,4,210.505375,-58.38944444444444,209437133,210.50528957854,-58.38944566605,0,,,14020128-5823220,0,J140201.27-582322.0,5871022523332194688,0,0,STAR,tmgaia2,tmgaia2,,,,,,,,,,14.7835,0.021863,10.316,1.0,jhk,,,,,,,,,,,,,,,,,,210.50528957854,-58.38944566605,-47.91128402883914,3.221857266904029,[65],['hlsp_tess-spoc_tess_phot_0000000209437133-s0065_tess_v1_lc.fits']
0.125084,OGLE-GD-LPV-003112,4,191.1302083333333,-61.16788888888889,434470471,191.13014928004,-61.1678689831,0,,,12443125-6110043,0,J124431.27-611004.1,6056265626687244544,0,0,STAR,tmgaia2,tmgaia2,,,,,,,,,,14.4001,0.038607,9.115,1.0,jhk,,,,,,,,,,,,,,,,,,191.13014928004,-61.1678689831,-57.90227271486996,1.6926544597021866,"[64, 65]","['hlsp_tess-spoc_tess_phot_0000000434470471-s0064_tess_v1_lc.fits', 'hlsp_tess-spoc_tess_phot_0000000434470471-s0065_tess_v1_lc.fits']"
0.101175,OGLE-GD-LPV-015414,4,252.4937916666666,-47.98486111111112,246149619,252.49375616307,-47.98487611565,0,,,16495850-4759054,0,J164958.50-475905.5,5939364283440172928,0,0,STAR,tmgaia2,tmgaia2,-2.007,0.508,-2.434,0.483,gaia2,0.5746,0.2705,,,14.5388,0.015851,9.761,1.0,jhk,gaia2,,,,,,,,,,,1974.12,1421.29,1.0447,0.4674,777.19,2065.39,252.49374325502,-47.98488659602,-21.76397015519137,-2.1576028888030274,[66],['hlsp_tess-spoc_tess_phot_0000000246149619-s0066_tess_v1_lc.fits']
0.097855,OGLE-BLG-LPV-262111,4,275.12595833333324,-12.570833333333333,116170862,275.12598038251,-12.57084993798,0,,,18203024-1234149,0,J182030.23-123415.3,4152836455860778624,0,0,STAR,tmgaia2,tmgaia2,,,,,,,,,,14.6521,0.019084,9.801,1.0,jhk,,,,,,,,,,,,,,,,,,275.12598038251,-12.57084993798,18.23943546219981,1.0111992379558463,[80],['hlsp_tess-spoc_tess_phot_0000000116170862-s0080_tess_v1_lc.fits']
0.200818,OGLE-GD-LPV-018077,4,276.8519999999999,-6.608027777777777,386109284,276.85195734425,-6.60806405845,0,,,18272446-0636289,0,J182724.47-063628.9,4160140644720855680,0,0,STAR,tmgaia2,tmgaia2,,,,,,,,,,12.979,0.009194,8.645,1.0,jhk,,,,,,,,,,,,,,,,,,276.85195734425,-6.60806405845,24.30834144130269,2.295474264228848,[80],['hlsp_tess-spoc_tess_phot_0000000386109284-s0080_tess_v1_lc.fits']
0.088938,OGLE-GD-LPV-007820,4,228.20133333333328,-59.72852777777778,41762338,228.20129237516,-59.72854134396,0,,,15124833-5943426,0,J151248.56-594342.7,5876540181895974528,0,0,STAR,tmgaia2,tmgaia2,,,,,,,,,,15.5274,0.012181,9.699,1.0,jhk,,,,,,,,,,,,,,,,,,228.20129237516,-59.72854134396,-40.10769987409173,-1.5956451778039402,[65],['hlsp_tess-spoc_tess_phot_0000000041762338-s0065_tess_v1_lc.fits']
0.120261,OGLE-GD-LPV-002413,4,182.25691666666663,-62.22911111111112,380931552,182.25684603943,-62.22910536413,0,,,12090166-6213446,0,J120901.66-621344.6,6057463342802850048,0,0,STAR,tmgaia2,tmgaia2,,,,,,,,,,14.375,0.046924,8.677,1.0,jhk,,,,,,,,,,,,,,,,,,182.25684603943,-62.22910536413,-61.98613466159786,0.2369836513657755,[64],['hlsp_tess-spoc_tess_phot_0000000380931552-s0064_tess_v1_lc.fits']
0.115983,OGLE-GD-LPV-010001,4,238.28379166666664,-55.85772222222222,83665761,238.28373868635,-55.85773462337,0,,,15530810-5551277,0,J155308.09-555127.8,5884143373554816128,0,0,STAR,tmgaia2,tmgaia2,,,,,,,,,,14.7684,0.0194,9.952,1.0,jhk,,,,,,,,,,,,,,,,,,238.28373868635,-55.85773462337,-33.493927047196465,-1.5365644798422928,[65],['hlsp_tess-spoc_tess_phot_0000000083665761-s0065_tess_v1_lc.fits']
0.089487,OGLE-GD-LPV-024380,4,286.616125,0.995222222222222,178983580,286.61610346771,0.99520979678,0,,,19062787+0059426,0,J190627.83+005942.8,4267479612702430848,0,0,STAR,tmgaia2,tmgaia2,,,,,,,,,,15.099,0.068368,10.208,1.0,jhk,,,,,,,,,,,,,,,,,,286.61610346771,0.99520979678,35.533297859812336,-2.8879123993315066,[80],['hlsp_tess-spoc_tess_phot_0000000178983580-s0080_tess_v1_lc.fits']
0.189917,OGLE-GD-LPV-005183,4,211.249625,-58.13605555555556,209886502,211.24953253059,-58.13607555961,0,,,14045990-5808098,0,J140459.90-580810.0,5871052966064219392,0,0,STAR,tmgaia2,tmgaia2,,,,,,,,,,14.9879,0.061885,9.705,1.0,jhk,,,,,,,,,,,,,,,,,,211.24953253059,-58.13607555961,-47.46436445577324,3.357468183723374,[65],['hlsp_tess-spoc_tess_phot_0000000209886502-s0065_tess_v1_lc.fits']
0.157133,OGLE-BLG-LPV-259183,4,272.49912499999994,-14.854388888888888,106172159,272.49914234577,-14.85442918836,0,,,18095980-1451159,0,J180959.80-145115.8,4146089985627701632,0,0,STAR,tmgaia2,tmgaia2,,,,,,,,,,13.877,0.046728,9.414,1.0,jhk,,,,,,,,,,,,,,,,,,272.49914234577,-14.85442918836,15.01466554602898,2.166733226933872,[80],['hlsp_tess-spoc_tess_phot_0000000106172159-s0080_tess_v1_lc.fits']
0.030858,OGLE-GD-LPV-017516,4,274.32475,-6.240694444444444,14151084,274.32475737258,-6.24069888973,0,,,18171794-0614263,0,J181717.93-061426.3,4160742975236866944,0,0,STAR,tmgaia2,tmgaia2,,,,,,,,,,14.5078,0.096304,9.89,1.0,jhk,,,,,,,,,,,,,,,,,,274.32475737258,-6.24069888973,23.45977868379847,4.688097436999013,[80],['hlsp_tess-spoc_tess_phot_0000000014151084-s0080_tess_v1_lc.fits']
0.173536,OGLE-GD-LPV-017297,4,258.50833333333327,-43.03266666666666,216260570,258.50832041371,-43.03261939624,0,,,17140202-4301573,0,J171402.00-430157.5,5953582686751489920,0,0,STAR,tmgaia2,tmgaia2,-0.905,0.345,-5.852,0.247,gaia2,0.0319,0.1947,,,14.5129,0.035675,9.98,1.0,jhk,gaia2,,,,,,,,,,,4463.91,2144.15,1.646,0.3034,1609.52,2678.78,258.50831508175,-43.03264459058,-15.266772744317606,-2.4604936779266264,[66],['hlsp_tess-spoc_tess_phot_0000000216260570-s0066_tess_v1_lc.fits']
0.127913,OGLE-GD-LPV-025542,4,288.78037499999994,15.25375,343081566,288.7803676073,15.25371519184,0,,,19150727+1515135,0,J191507.29+151513.5,4320564682621282048,0,0,STAR,tmgaia2,tmgaia2,,,,,,,,,,15.1832,0.053148,9.086,1.0,jhk,,,,,,,,,,,,,,,,,,288.7803676073,15.25371519184,49.172360127276384,1.7990459032715256,"[80, 81]","['hlsp_tess-spoc_tess_phot_0000000343081566-s0080_tess_v1_lc.fits', 'hlsp_tess-spoc_tess_phot_0000000343081566-s0081_tess_v1_lc.fits']"
0.148517,OGLE-GD-LPV-022984,4,284.22775,-1.105138888888889,58045914,284.22778327601,-1.10516328286,0,,445-089195,18565466-0106183,0,J185654.68-010618.6,4265145860595366400,0,0,STAR,tmgaia2,tmgaia2,-6.287,0.407,-6.004,0.306,gaia2,0.4983,0.2386,18.048,1.133,12.1756,0.009192,10.191,0.024,rered,gaia2,,,,,,,,,,,2115.28,1320.73,0.5583,0.1272,781.44,1860.03,284.22775620285,-1.10518913229,32.57199557551685,-1.721556837307938,[80],['hlsp_tess-spoc_tess_phot_0000000058045914-s0080_tess_v1_lc.fits']
0.139766,OGLE-GD-LPV-005070,4,210.21733333333333,-57.33841666666667,209345408,210.21726622756,-57.33843065742,0,,,14005215-5720183,0,J140052.15-572018.2,5871348356733406464,0,0,STAR,tmgaia2,tmgaia2,,,,,,,,,,14.2963,0.034942,10.155,1.0,jhk,,,,,,,,,,,,,,,,,,210.21726622756,-57.33843065742,-47.77668062897487,4.275465110986298,[65],['hlsp_tess-spoc_tess_phot_0000000209345408-s0065_tess_v1_lc.fits']
0.053744,OGLE-GD-LPV-006797,4,222.471125,-63.33477777777778,294239459,222.47109573767,-63.33478487844,0,,,14495308-6320052,0,J144953.13-632005.3,5874243370788232960,0,0,STAR,tmgaia2,tmgaia2,,,,,,,,,,15.7869,0.059145,9.414,1.0,jhk,,,,,,,,,,,,,,,,,,222.47109573767,-63.33478487844,-44.23258827331423,-3.453928193439903,[65],['hlsp_tess-spoc_tess_phot_0000000294239459-s0065_tess_v1_lc.fits']
0.067291,OGLE-GD-LPV-018142,4,277.0113333333333,-9.809361111111112,387155970,277.01134175759,-9.80937785871,0,,,18280272-0948336,0,J182802.74-094833.6,4155829841905486592,0,0,STAR,tmgaia2,tmgaia2,,,,,,,,,,15.3427,0.041766,9.667,1.0,jhk,,,,,,,,,,,,,,,,,,277.01134175759,-9.80937785871,21.54561561570844,0.6687092847767232,[80],['hlsp_tess-spoc_tess_phot_0000000387155970-s0080_tess_v1_lc.fits']
0.049129,OGLE-GD-LPV-021887,4,282.69991666666664,-1.1658055555555555,183488968,282.69993003979,-1.16580282256,0,,,18504798-0109567,0,J185047.93-010955.7,4265284295984083712,0,0,STAR,tmgaia2,tmgaia2,,,,,,,,,,13.8582,0.022982,8.985,1.0,jhk,,,,,,,,,,,,,,,,,,282.69993003979,-1.16580282256,31.82160647213192,-0.3895767749834281,[80],['hlsp_tess-spoc_tess_phot_0000000183488968-s0080_tess_v1_lc.fits']
0.096842,OGLE-GD-LPV-000568,4,135.27916666666664,-46.487722222222224,31150648,135.27913738824,-46.48770441021,0,,,09010699-4629157,0,J090106.99-462915.7,5330243191034374912,0,0,STAR,tmgaia2,tmgaia2,,,,,,,,,,14.1655,0.042117,8.407,1.0,jhk,,,,,,,,,,,,,,,,,,135.27913738824,-46.48770441021,-92.60325965794264,-0.1247710284374441,"[62, 63]","['hlsp_tess-spoc_tess_phot_0000000031150648-s0062_tess_v1_lc.fits', 'hlsp_tess-spoc_tess_phot_0000000031150648-s0063_tess_v1_lc.fits']"
0.132221,OGLE-GD-LPV-003970,4,200.7118333333333,-64.48172222222222,449598937,200.71176369024,-64.48170103711,0,,,13225085-6428542,0,J132250.85-642854.1,5858882506255131392,30913572,0,STAR,tmgaia2,tmgaia2,,,,,,,,,,14.28,0.040085,9.248,1.0,jhk,,,,,,,,,,,,,,,,,,200.71176369024,-64.48170103711,-53.69221991842742,-1.816047423704408,[65],['hlsp_tess-spoc_tess_phot_0000000449598937-s0065_tess_v1_lc.fits']
0.140223,OGLE-GD-LPV-008316,4,230.8065833333333,-59.13275,46803057,230.80650841243,-59.13275629821,0,,,15231356-5907577,0,J152313.62-590757.5,5876815334696348672,0,0,STAR,tmgaia2,tmgaia2,,,,,,,,,,14.0422,0.027853,9.897,1.0,jhk,,,,,,,,,,,,,,,,,,230.80650841243,-59.13275629821,-38.66819227784502,-1.7951022171079976,[65],['hlsp_tess-spoc_tess_phot_0000000046803057-s0065_tess_v1_lc.fits']
0.061566,OGLE-GD-LPV-017615,4,274.9155833333333,-9.839027777777778,15968908,274.91557646128,-9.83904348209,0,,,18193974-0950204,0,J181939.73-095020.6,4157553012820813952,0,0,STAR,tmgaia2,tmgaia2,,,,,,,,,,14.312,0.059855,9.951,1.0,jhk,,,,,,,,,,,,,,,,,,274.91557646128,-9.83904348209,20.553112324913663,2.4800423870236097,[80],['hlsp_tess-spoc_tess_phot_0000000015968908-s0080_tess_v1_lc.fits']
0.038423,OGLE-GD-LPV-011582,4,244.0721666666666,-45.838,14941760,244.07215324424,-45.83800514474,0,,,16161731-4550167,0,J161617.31-455016.6,5990068743189163520,0,0,STAR,tmgaia2,tmgaia2,,,,,,,,,,15.8144,0.066718,9.543,1.0,jhk,,,,,,,,,,,,,,,,,,244.07215324424,-45.83800514474,-24.10649047849999,3.5147411361716765,[65],['hlsp_tess-spoc_tess_phot_0000000014941760-s0065_tess_v1_lc.fits']
0.083666,OGLE-GD-LPV-023124,4,284.470625,-1.7614166666666666,329222660,284.47064792972,-1.76141281367,0,,,18575296-0145411,0,J185752.95-014541.0,4264959218497285248,0,0,STAR,tmgaia2,tmgaia2,,,,,,,,,,14.256,0.030404,10.064,1.0,jhk,,,,,,,,,,,,,,,,,,284.47064792972,-1.76141281367,32.0980807808115,-2.236654293083763,[80],['hlsp_tess-spoc_tess_phot_0000000329222660-s0080_tess_v1_lc.fits']
0.130121,OGLE-GD-LPV-008856,4,233.27525,-54.70536111111112,283955754,233.27523347913,-54.70539597256,0,,,15330606-5442193,0,J153306.09-544219.2,5885384550336127616,0,0,STAR,tmgaia2,tmgaia2,,,,,,,,,,15.0802,0.073343,8.933,1.0,jhk,,,,,,,,,,,,,,,,,,233.27523347913,-54.70539597256,-35.064608926443526,1.1078879427281605,[65],['hlsp_tess-spoc_tess_phot_0000000283955754-s0065_tess_v1_lc.fits']
0.119113,OGLE-GD-LPV-010449,4,240.3670833333333,-49.53580555555556,275032985,240.36707389641,-49.53583807066,0,,,16012808-4932091,0,J160128.14-493209.3,5983412437220904704,0,0,STAR,tmgaia2,tmgaia2,,,,,,,,,,13.5493,0.033728,7.789,1.0,jhk,,,,,,,,,,,,,,,,,,240.36707389641,-49.53583807066,-28.44934203338565,2.4777656950927183,[65],['hlsp_tess-spoc_tess_phot_0000000275032985-s0065_tess_v1_lc.fits']
0.06436,OGLE-GD-LPV-023634,4,285.4032083333333,0.786,228516362,285.40321061356,0.7859822682,0,,,19013678+0047096,0,,4266005850493037312,0,0,STAR,tmgaia2,tmgaia2,,,,,,,,,,13.4274,0.037791,8.523,1.0,jhk,,,,,,,,,,,,,,,,,,285.40321061356,0.7859822682,34.792198402512035,-1.9048920276585244,[80],['hlsp_tess-spoc_tess_phot_0000000228516362-s0080_tess_v1_lc.fits']
0.112494,OGLE-GD-LPV-015558,4,252.8532083333333,-41.28619444444444,337793617,252.85318642757,-41.28622100591,0,,,16512477-4117102,0,J165124.78-411710.2,5969593946904081536,0,0,STAR,tmgaia2,tmgaia2,,,,,,,,,,13.9556,0.029444,8.558,1.0,jhk,,,,,,,,,,,,,,,,,,252.85318642757,-41.28622100591,-16.44518596988533,1.9240479117872664,[66],['hlsp_tess-spoc_tess_phot_0000000337793617-s0066_tess_v1_lc.fits']
0.071006,OGLE-GD-LPV-020181,4,280.5765416666666,-7.040583333333333,162288151,280.5765227921,-7.04058950845,0,,,18421837-0702261,0,J184218.34-070226.1,4252773816559848832,0,0,STAR,tmgaia2,tmgaia2,,,,,,,,,,14.1536,0.029996,9.066,1.0,jhk,,,,,,,,,,,,,,,,,,280.5765227921,-7.04058950845,25.627456069774308,-1.186471565757641,[80],['hlsp_tess-spoc_tess_phot_0000000162288151-s0080_tess_v1_lc.fits']
0.060633,OGLE-BLG-LPV-265680,4,280.20379166666663,-11.957555555555556,425027401,280.20377611826,-11.95756278729,0,,,18404890-1157273,0,J184048.93-115727.1,4106394974525148416,0,0,STAR,tmgaia2,tmgaia2,,,,,,,,,,14.5853,0.068663,9.336,1.0,jhk,,,,,,,,,,,,,,,,,,280.20377611826,-11.95756278729,21.081108462253017,-3.1030583941790604,[80],['hlsp_tess-spoc_tess_phot_0000000425027401-s0080_tess_v1_lc.fits']
0.006776,OGLE-GD-LPV-007159,4,224.386375,-58.66080555555556,414800699,224.38637499369,-58.66080367333,0,,,14573273-5839388,0,J145732.72-583938.9,5879800130768776448,0,0,STAR,tmgaia2,tmgaia2,-0.61,0.425,-2.531,0.28,gaia2,0.3892,0.1575,,,14.1548,0.012422,9.916,1.0,jhk,gaia2,,,,,,,,,,,2457.31,1137.16,0.6663,0.2886,749.71,1524.61,224.38636994758,-58.66081457009,-41.286843889153104,0.2924551977756323,[65],['hlsp_tess-spoc_tess_phot_0000000414800699-s0065_tess_v1_lc.fits']
0.053625,OGLE-GD-LPV-007853,4,228.39691666666664,-51.777388888888886,127511028,228.39690227927,-51.77740083227,0,,,15133526-5146387,0,J151335.24-514638.5,5888427792387254528,0,0,STAR,tmgaia2,tmgaia2,,,,,,,,,,14.3435,0.054846,9.655,1.0,jhk,,,,,,,,,,,,,,,,,,228.39690227927,-51.77740083227,-35.90144809772794,5.155474536370595,[65],['hlsp_tess-spoc_tess_phot_0000000127511028-s0065_tess_v1_lc.fits']
0.030832,OGLE-GD-LPV-008250,4,230.4319583333333,-54.471916666666665,46219412,230.43195304753,-54.47192466148,0,,,15214367-5428188,0,J152143.74-542819.2,5887093363243447040,0,0,STAR,tmgaia2,tmgaia2,,,,,,,,,,14.2527,0.048973,9.51,1.0,jhk,,,,,,,,,,,,,,,,,,230.43195304753,-54.47192466148,-36.29899041280766,2.224166148801364,[65],['hlsp_tess-spoc_tess_phot_0000000046219412-s0065_tess_v1_lc.fits']
0.169856,OGLE-GD-LPV-002947,4,189.48054166666665,-62.95341666666667,338403257,189.48044422919,-62.95340044594,0,,,12375533-6257122,0,J123755.35-625712.3,6053674597498974208,0,0,STAR,tmgaia2,tmgaia2,,,,,,,,,,14.9566,0.065848,10.018,1.0,jhk,,,,,,,,,,,,,,,,,,189.48044422919,-62.95340044594,-58.603823864999626,-0.1219783974988722,[64],['hlsp_tess-spoc_tess_phot_0000000338403257-s0064_tess_v1_lc.fits']
0.133254,OGLE-GD-LPV-023831,4,285.79,-1.4768333333333334,308323947,285.7900117179,-1.47686844604,0,,,19030960-0128366,0,J190309.62-012836.6,4262070908896523136,944972,0,STAR,tmgaia2,tmgaia2,,,,,,,,13.508,0.077,13.089,0.032561,9.704,0.049,vjk,,,,,,,,,,,,,,,,,,285.7900117179,-1.47686844604,32.952985691710154,-3.281257554055736,[80],['hlsp_tess-spoc_tess_phot_0000000308323947-s0080_tess_v1_lc.fits']
0.012825,OGLE-BLG-LPV-265183,4,278.8107499999999,-14.429694444444443,433485888,278.81074989292,-14.42969800555,0,,,18351457-1425469,0,J183514.57-142546.9,4103720687414560768,0,0,STAR,tmgaia2,tmgaia2,,,,,,,,,,13.9065,0.049746,8.693,1.0,jhk,,,,,,,,,,,,,,,,,,278.81074989292,-14.42969800555,18.25847018286452,-3.0250319088649986,[80],['hlsp_tess-spoc_tess_phot_0000000433485888-s0080_tess_v1_lc.fits']
0.102056,OGLE-GD-LPV-017551,4,274.52162500000003,-9.40538888888889,14995923,274.52164216072,-9.40541162715,0,,,18180518-0924193,0,J181805.17-092419.4,4157629119650761600,0,0,STAR,tmgaia2,tmgaia2,,,,,,,,,,13.5576,0.037471,9.024,1.0,jhk,,,,,,,,,,,,,,,,,,274.52164216072,-9.40541162715,20.752818619734217,3.0269596635531992,[80],['hlsp_tess-spoc_tess_phot_0000000014995923-s0080_tess_v1_lc.fits']
0.148619,OGLE-GD-LPV-009836,4,237.556125,-57.15266666666667,77397614,237.55605996068,-57.15268810961,0,,,15501345-5709096,0,J155013.43-570909.5,5835923913211244160,0,0,STAR,tmgaia2,tmgaia2,,,,,,,,,,14.0208,0.032022,9.398,1.0,jhk,,,,,,,,,,,,,,,,,,237.55605996068,-57.15268810961,-34.62254033189073,-2.288730971068206,[65],['hlsp_tess-spoc_tess_phot_0000000077397614-s0065_tess_v1_lc.fits']
0.123633,OGLE-GD-LPV-011017,4,242.30487499999995,-50.09488888888889,215458656,242.30483600288,-50.09491241634,0,,,16091316-5005416,0,J160913.17-500541.6,5983196142671009024,0,0,STAR,tmgaia2,tmgaia2,,,,,,,,,,15.3143,0.001047,10.08,1.0,jhk,,,,,,,,,,,,,,,,,,242.30483600288,-50.09491241634,-27.88979049677519,1.2275338755012402,[65],['hlsp_tess-spoc_tess_phot_0000000215458656-s0065_tess_v1_lc.fits']
0.124301,OGLE-GD-LPV-004475,4,204.69979166666664,-55.60236111111112,412942997,204.6997321209,-55.60236889378,0,,,13384793-5536085,0,J133847.98-553608.3,6064491214935756928,0,0,STAR,tmgaia2,tmgaia2,,,,,,,,,,13.5704,0.023726,9.053,1.0,jhk,,,,,,,,,,,,,,,,,,204.6997321209,-55.60236889378,-50.36631524754194,6.651905345867903,"[64, 65]","['hlsp_tess-spoc_tess_phot_0000000412942997-s0064_tess_v1_lc.fits', 'hlsp_tess-spoc_tess_phot_0000000412942997-s0065_tess_v1_lc.fits']"
0.098655,OGLE-GD-LPV-022418,4,283.37408333333326,-0.538,55422604,283.37409181415,-0.53802605901,0,,,18532978-0032168,0,J185329.79-003217.1,4266175931199123328,0,0,STAR,tmgaia2,tmgaia2,,,,,,,,,,11.9849,0.013005,10.427,0.016,gbprp,,,,,,,,,,,,,,,,,,283.37409181415,-0.53802605901,32.687737826863255,-0.7032997005774683,[80],['hlsp_tess-spoc_tess_phot_0000000055422604-s0080_tess_v1_lc.fits']
0.170839,OGLE-GD-LPV-025175,4,288.0573333333333,10.825138888888889,205471209,288.05737805455,10.82515684925,0,,,19121375+1049304,0,J191213.78+104930.4,4312386794330783232,0,0,STAR,tmgaia2,tmgaia2,-2.606,0.405,-4.834,0.426,gaia2,-0.1652,0.2318,,,14.9171,0.078174,9.515,1.0,jhk,gaia2,,,,,,,,,,,4576.12,2046.72,0.9992,0.3879,1599.74,2493.71,288.05736662892,10.82513603679,44.921275934600175,0.3692975412945601,"[80, 81]","['hlsp_tess-spoc_tess_phot_0000000205471209-s0080_tess_v1_lc.fits', 'hlsp_tess-spoc_tess_phot_0000000205471209-s0081_tess_v1_lc.fits']"
0.575664,OGLE-BLG-LPV-036139,4,266.70445833333326,-34.25186111111111,111767235,266.70427436743,-34.25191058469,0,,,17464903-3415068,0,J174649.05-341506.4,4041755270045999872,0,0,STAR,tmgaia2,tmgaia2,,,,,,,,,,15.1227,0.118619,9.281,1.0,jhk,,,,,,,,,,,,,,,,,,266.70427436743,-34.25191058469,-4.412244588655227,-2.978439338309032,[66],['hlsp_tess-spoc_tess_phot_0000000111767235-s0066_tess_v1_lc.fits']
0.09307,OGLE-GD-LPV-003293,4,193.41641666666663,-62.74722222222222,436184751,193.41636051343,-62.74721954313,0,,,12533994-6244500,0,J125339.95-624450.0,5863040549917425536,0,0,STAR,tmgaia2,tmgaia2,,,,,,,,,,14.5085,0.019265,9.997,1.0,jhk,,,,,,,,,,,,,,,,,,193.41636051343,-62.74721954313,-56.81304558677003,0.1234222222817825,[64],['hlsp_tess-spoc_tess_phot_0000000436184751-s0064_tess_v1_lc.fits']
0.076797,OGLE-GD-LPV-019645,4,280.03383333333335,-10.200722222222222,197206273,280.0338165371,-10.20073570599,0,,,18400811-1012026,0,J184008.11-101202.6,4155190024895054976,0,0,STAR,tmgaia2,tmgaia2,,,,,,,,,,13.8193,0.04481,10.059,1.0,jhk,,,,,,,,,,,,,,,,,,280.0338165371,-10.20073570599,22.57005241901781,-2.1533012513404577,[80],['hlsp_tess-spoc_tess_phot_0000000197206273-s0080_tess_v1_lc.fits']
0.071673,OGLE-GD-LPV-008925,4,233.58816666666664,-54.61577777777778,284786771,233.58814082367,-54.61579090944,0,,,15342116-5436566,0,J153421.19-543656.7,5885387470914174336,0,0,STAR,tmgaia2,tmgaia2,,,,,,,,,,14.4852,0.042129,9.114,1.0,jhk,,,,,,,,,,,,,,,,,,233.58814082367,-54.61579090944,-34.865130767859995,1.0761404718379564,[65],['hlsp_tess-spoc_tess_phot_0000000284786771-s0065_tess_v1_lc.fits']
0.148099,OGLE-GD-LPV-008379,4,231.177625,-57.81861111111112,412283633,231.17755441678,-57.81862781983,0,,,15244262-5749070,0,J152442.69-574906.5,5882941194991915520,0,0,STAR,tmgaia2,tmgaia2,,,,,,,,,,14.5932,0.003881,9.715,1.0,jhk,,,,,,,,,,,,,,,,,,231.17755441678,-57.81862781983,-37.783514604942766,-0.8039661022984728,[65],['hlsp_tess-spoc_tess_phot_0000000412283633-s0065_tess_v1_lc.fits']
0.032921,OGLE-BLG-LPV-261546,4,274.5544166666666,-12.173444444444444,114075046,274.55441592572,-12.17345356041,0,,,18181305-1210243,0,J181813.08-121024.4,4153660986523213696,0,0,STAR,tmgaia2,tmgaia2,,,,,,,,,,13.9443,0.050794,9.516,1.0,jhk,,,,,,,,,,,,,,,,,,274.55441592572,-12.17345356041,18.326198920219984,1.690946611558642,[80],['hlsp_tess-spoc_tess_phot_0000000114075046-s0080_tess_v1_lc.fits']
0.153156,OGLE-GD-LPV-006081,4,217.96029166666665,-59.66361111111111,291921999,217.96021071874,-59.66362287385,0,,,14315046-5939490,0,J143150.41-593949.0,5878830533326334592,0,0,STAR,tmgaia2,tmgaia2,,,,,,,,,,15.7088,0.062265,9.943,1.0,jhk,,,,,,,,,,,,,,,,,,217.96021071874,-59.66362287385,-44.6948462781595,0.7742426607525533,[65],['hlsp_tess-spoc_tess_phot_0000000291921999-s0065_tess_v1_lc.fits']
0.050076,OGLE-GD-LPV-023925,4,285.91425,9.996,223396808,285.91424465336,9.99598712516,0,,,19033942+0959457,0,J190339.41+095945.6,4310967427909642112,0,0,STAR,tmgaia2,tmgaia2,,,,,,,,,,14.5372,0.056854,9.969,1.0,jhk,,,,,,,,,,,,,,,,,,285.91424465336,9.99598712516,43.21481241855479,1.859081165466542,[80],['hlsp_tess-spoc_tess_phot_0000000223396808-s0080_tess_v1_lc.fits']
0.118362,OGLE-GD-LPV-021649,4,282.3557083333333,-4.812472222222223,182570620,282.3557061298,-4.81250502707,0,,,18492537-0448448,0,J184925.37-044845.0,4255105945053762816,0,0,STAR,tmgaia2,tmgaia2,,,,,,,,,,14.843,0.087295,9.313,1.0,jhk,,,,,,,,,,,,,,,,,,282.3557061298,-4.81250502707,28.41825964819,-1.745337491072616,[80],['hlsp_tess-spoc_tess_phot_0000000182570620-s0080_tess_v1_lc.fits']
0.091486,OGLE-GD-LPV-000939,4,151.05974999999998,-54.43847222222222,462367730,151.05971140431,-54.43846030702,0,,,10041433-5426184,0,J100414.33-542618.5,5356221077414267520,0,0,STAR,tmgaia2,tmgaia2,,,,,,,,,,13.3376,0.018599,9.161,1.0,jhk,,,,,,,,,,,,,,,,,,151.05971140431,-54.43846030702,-79.87835292586269,0.8547960238730143,[63],['hlsp_tess-spoc_tess_phot_0000000462367730-s0063_tess_v1_lc.fits']
0.095429,OGLE-BLG-LPV-236153,4,259.59804166666663,-43.349694444444445,217055503,259.59800931639,-43.34970666229,0,,,17182353-4320588,0,J171823.51-432059.0,5953528192216523520,0,0,STAR,tmgaia2,tmgaia2,,,,,,,,,,14.5189,0.041087,9.952,1.0,jhk,,,,,,,,,,,,,,,,,,259.59800931639,-43.34970666229,-15.064943148809409,-3.291790989606548,[66],['hlsp_tess-spoc_tess_phot_0000000217055503-s0066_tess_v1_lc.fits']
0.121099,OGLE-GD-LPV-001740,4,170.44579166666665,-63.46427777777778,468196106,170.44572767762,-63.46426004888,0,,,11214699-6327513,0,J112147.01-632751.3,5333760734908021376,0,0,STAR,tmgaia2,tmgaia2,,,,,,,,,,15.0618,0.052598,9.917,1.0,jhk,,,,,,,,,,,,,,,,,,170.44572767762,-63.46426004888,-66.88398090277865,-2.3141561982390884,[64],['hlsp_tess-spoc_tess_phot_0000000468196106-s0064_tess_v1_lc.fits']
0.071922,OGLE-BLG-LPV-264367,4,277.43354166666666,-13.781861111111112,432521375,277.43354858048,-13.78187992714,0,,,18294405-1346546,0,J182944.05-134654.6,4104389705820110464,0,0,STAR,tmgaia2,tmgaia2,,,,,,,,,,15.6549,0.093383,10.084,1.0,jhk,,,,,,,,,,,,,,,,,,277.43354858048,-13.78187992714,18.21840632060941,-1.541083055761174,[80],['hlsp_tess-spoc_tess_phot_0000000432521375-s0080_tess_v1_lc.fits']
0.033492,OGLE-GD-LPV-000346,4,123.22999999999996,-31.260472222222223,145910804,123.2300087226,-31.26046665855,0,,294-038342,08125520-3115377,0,J081255.20-311537.7,5548214499309124096,15629216,0,STAR,tmgaia2,tmgaia2,,,,,,,,16.798,0.252,13.42,0.023614,10.13,0.035,vjk,,,,,,,,,,,,,,,,,,123.2300087226,-31.26046665855,-110.35857300120112,1.615681962806394,[61],['hlsp_tess-spoc_tess_phot_0000000145910804-s0061_tess_v1_lc.fits']
0.06814,OGLE-BLG-LPV-260269,4,273.39416666666665,-14.45422222222222,109228659,273.39414931728,-14.45423094086,0,,,18133459-1427151,0,J181334.60-142715.2,4146490796288913024,0,0,STAR,tmgaia2,tmgaia2,,,,,,,,,,15.2961,0.062024,9.173,1.0,jhk,,,,,,,,,,,,,,,,,,273.39414931728,-14.45423094086,15.781895127612945,1.5993221109748383,[80],['hlsp_tess-spoc_tess_phot_0000000109228659-s0080_tess_v1_lc.fits']
0.128495,OGLE-GD-LPV-000678,4,140.3409583333333,-51.29077777777778,294853402,140.34092907306,-51.29074713218,0,,,09212183-5117268,0,J092121.84-511726.7,5313355001692011520,0,0,STAR,tmgaia2,tmgaia2,,,,,,,,,,14.178,0.036489,10.088,1.0,jhk,,,,,,,,,,,,,,,,,,140.34092907306,-51.29074713218,-86.82582623833243,-0.9822096681864247,"[62, 63]","['hlsp_tess-spoc_tess_phot_0000000294853402-s0062_tess_v1_lc.fits', 'hlsp_tess-spoc_tess_phot_0000000294853402-s0063_tess_v1_lc.fits']"
0.065034,OGLE-GD-LPV-007881,4,228.551,-56.01486111111111,42400484,228.55097038768,-56.01486834671,0,,,15141222-5600536,0,J151412.15-560053.5,5886525534148675840,0,0,STAR,tmgaia2,tmgaia2,,,,,,,,,,13.6371,0.03702,7.512,1.0,jhk,,,,,,,,,,,,,,,,,,228.55097038768,-56.01486834671,-38.02800755844832,1.4868413988172302,[65],['hlsp_tess-spoc_tess_phot_0000000042400484-s0065_tess_v1_lc.fits']
0.179542,OGLE-GD-LPV-003092,4,190.90929166666663,-64.816,434150656,190.90917635453,-64.815991079,0,,,12433824-6448575,0,J124338.21-644857.8,5862563327537290624,30804976,0,STAR,tmgaia2,tmgaia2,,,,,,,,14.027,0.024,12.5244,0.025748,9.057,0.152,vjk,,,,,,,,,,,,,,,,,,190.90917635453,-64.815991079,-57.89828381147799,-1.95682776906378,"[64, 65]","['hlsp_tess-spoc_tess_phot_0000000434150656-s0064_tess_v1_lc.fits', 'hlsp_tess-spoc_tess_phot_0000000434150656-s0065_tess_v1_lc.fits']"
0.093141,OGLE-GD-LPV-025464,4,288.61266666666666,15.37513888888889,315896488,288.6126550109,15.37511558483,0,,,19142703+1522304,0,J191427.03+152230.4,4320570356322950656,0,0,STAR,tmgaia2,tmgaia2,,,,,,,,,,14.2451,0.00795,10.289,1.0,jhk,,,,,,,,,,,,,,,,,,288.6126550109,15.37511558483,49.20486585973703,1.9986551988317875,"[80, 81]","['hlsp_tess-spoc_tess_phot_0000000315896488-s0080_tess_v1_lc.fits', 'hlsp_tess-spoc_tess_phot_0000000315896488-s0081_tess_v1_lc.fits']"
0.146698,OGLE-GD-LPV-003337,4,193.9584583333333,-62.76283333333333,436798749,193.95837041177,-62.76283975916,0,,,12555003-6245461,0,J125549.97-624546.0,5863025843949777152,30841214,0,STAR,tmgaia2,tmgaia2,,,,,,,,,,13.9974,0.032205,8.534,1.0,jhk,,,,,,,,,,,,,,,,,,193.95837041177,-62.76283975916,-56.56512265910074,0.1046213010149274,"[64, 65]","['hlsp_tess-spoc_tess_phot_0000000436798749-s0064_tess_v1_lc.fits', 'hlsp_tess-spoc_tess_phot_0000000436798749-s0065_tess_v1_lc.fits']"
0.065858,OGLE-GD-LPV-019337,4,279.6767083333333,5.691611111111111,108042967,279.67669387346,5.69159981343,0,,,18384242+0541298,0,J183842.40+054129.8,4284038189099531776,0,0,STAR,tmgaia2,tmgaia2,,,,,,,,,,16.2417,0.031822,9.637,1.0,jhk,,,,,,,,,,,,,,,,,,279.67669387346,5.69159981343,36.56431019429729,5.416292629172216,[80],['hlsp_tess-spoc_tess_phot_0000000108042967-s0080_tess_v1_lc.fits']
0.069044,OGLE-GD-LPV-019346,4,279.6832083333333,-0.9139166666666668,174894413,279.68322706875,-0.9139207774,0,,,18384398-0054502,1237656232030372627,J183843.97-005450.2,4272246888948555136,0,0,STAR,tmgaia2,tmgaia2,,,,,,,,,,15.7036,0.050399,9.874,1.0,jhk,,,,,,,,,,,,,,,,,,279.68322706875,-0.9139207774,30.66859481374204,2.409031098087687,[80],['hlsp_tess-spoc_tess_phot_0000000174894413-s0080_tess_v1_lc.fits']
0.147015,OGLE-GD-LPV-011810,4,244.669875,-51.34191666666667,314530892,244.66988008979,-51.34195738009,0,,,16184077-5120309,0,,5934839827479142144,0,0,STAR,tmgaia2,tmgaia2,,,,,,,,,,14.1675,0.029217,9.037,1.0,jhk,,,,,,,,,,,,,,,,,,244.66988008979,-51.34195738009,-27.66109009153168,-0.7074557712699809,[66],['hlsp_tess-spoc_tess_phot_0000000314530892-s0066_tess_v1_lc.fits']
0.129182,OGLE-GD-LPV-015499,4,252.69645833333328,-43.66483333333333,246266155,252.69646027737,-43.66486918953,0,,,16504716-4339534,0,J165047.13-433953.4,5964447884558121472,0,0,STAR,tmgaia2,tmgaia2,,,,,,,,,,14.1085,0.037099,9.754,1.0,jhk,,,,,,,,,,,,,,,,,,252.69646027737,-43.66486918953,-18.351613564916047,0.496243302029202,[66],['hlsp_tess-spoc_tess_phot_0000000246266155-s0066_tess_v1_lc.fits']
0.14491,OGLE-GD-LPV-005264,4,211.80854166666663,-63.54922222222222,329974830,211.80846107818,-63.54924043601,0,,,14071403-6332572,0,J140714.04-633256.8,5853878147745490816,0,0,STAR,tmgaia2,tmgaia2,,,,,,,,,,15.1129,0.039034,9.394,1.0,jhk,,,,,,,,,,,,,,,,,,211.80846107818,-63.54924043601,-48.746820334347866,-1.908713214057577,[65],['hlsp_tess-spoc_tess_phot_0000000329974830-s0065_tess_v1_lc.fits']
0.103168,OGLE-GD-LPV-004541,4,205.383375,-61.44847222222222,320289093,205.38331528452,-61.44847480806,0,,,13413202-6126544,0,J134131.99-612654.3,5865791214455029120,0,0,STAR,tmgaia2,tmgaia2,,,,,,,,,,16.1167,0.036163,9.85,1.0,jhk,,,,,,,,,,,,,,,,,,205.38331528452,-61.44847480806,-51.11851401878787,0.8432473452649104,[65],['hlsp_tess-spoc_tess_phot_0000000320289093-s0065_tess_v1_lc.fits']
0.24391,OGLE-GD-LPV-001847,4,172.4132083333333,-60.18358333333333,317242550,172.4130861824,-60.18355330734,0,,150-081410,11293915-6011008,0,J112939.12-601100.8,5335989543747116800,30539666,0,STAR,tmgaia2,tmgaia2,,,,,,,,16.226,0.24,13.2236,0.027667,9.808,0.178,vjk,,,,,,,,,,,,,,,,,,172.4130861824,-60.18355330734,-67.07258019441858,1.0899056686900097,[64],['hlsp_tess-spoc_tess_phot_0000000317242550-s0064_tess_v1_lc.fits']
0.129615,OGLE-GD-LPV-021174,4,281.7182916666666,-0.5168611111111112,226022150,281.71826988819,-0.51688978225,0,,,18465238-0031006,1237668690121916556,J184652.38-003100.6,4260316496290391424,0,0,STAR,tmgaia2,tmgaia2,,,,,,,,,,14.7381,0.051483,9.103,1.0,jhk,,,,,,,,,,,,,,,,,,281.71826988819,-0.51688978225,31.95148573375185,0.7798806316807632,[80],['hlsp_tess-spoc_tess_phot_0000000226022150-s0080_tess_v1_lc.fits']
0.118881,OGLE-GD-LPV-008508,4,231.7493333333333,-59.92383333333333,456500571,231.74928144814,-59.92385368915,0,,,15265984-5955258,0,J152659.83-595526.0,5875959738505450496,0,0,STAR,tmgaia2,tmgaia2,,,,,,,,,,13.7475,0.013776,9.022,1.0,jhk,,,,,,,,,,,,,,,,,,231.74928144814,-59.92385368915,-38.70788646311326,-2.718553274207375,[65],['hlsp_tess-spoc_tess_phot_0000000456500571-s0065_tess_v1_lc.fits']
0.140419,OGLE-GD-LPV-004535,4,205.31304166666663,-60.976416666666665,320113125,205.31296430044,-60.97642727259,0,,,13411512-6058350,0,J134115.14-605835.2,5868899950475205888,0,0,STAR,tmgaia2,tmgaia2,,,,,,,,,,14.705,0.041533,9.338,1.0,jhk,,,,,,,,,,,,,,,,,,205.31296430044,-60.97642727259,-51.06087302720661,1.3129943635919212,[65],['hlsp_tess-spoc_tess_phot_0000000320113125-s0065_tess_v1_lc.fits']
0.057312,OGLE-GD-LPV-004308,4,203.374,-62.29308333333333,316144181,203.37398900373,-62.29309841007,0,,,13332978-6217350,0,J133329.83-621735.0,5865361172319034624,0,0,STAR,tmgaia2,tmgaia2,,,,,,,,,,13.1684,0.0082,8.639,1.0,jhk,,,,,,,,,,,,,,,,,,203.37398900373,-62.29309841007,-52.20087653068055,0.1805505428249468,[65],['hlsp_tess-spoc_tess_phot_0000000316144181-s0065_tess_v1_lc.fits']
0.028943,OGLE-BLG-LPV-263937,4,276.8747916666666,-15.594833333333334,177003130,276.87478455338,-15.59483753993,0,,373-129582,18272995-1535413,0,J182729.95-153541.1,4097905920102214656,0,0,STAR,tmgaia2,tmgaia2,-0.081,0.301,-5.467,0.252,gaia2,0.2682,0.159,16.662,1.133,12.4499,0.039844,10.454,0.048,rered,gaia2,,,,,,,,,,,3294.78,1712.81,0.589,0.1498,1137.26,2288.36,276.87478419342,-15.59486107978,16.36068321274131,-1.9029683057433384,[80],['hlsp_tess-spoc_tess_phot_0000000177003130-s0080_tess_v1_lc.fits']
0.069139,OGLE-GD-LPV-015867,4,253.64925,-40.754444444444445,339682865,253.64923186864,-40.75445786812,0,,,16543582-4045159,0,,5969680052388927872,0,0,STAR,tmgaia2,tmgaia2,,,,,,,,,,13.7618,0.044993,8.809,1.0,jhk,,,,,,,,,,,,,,,,,,253.64923186864,-40.75445786812,-15.652949664930858,1.7956559722210903,[66],['hlsp_tess-spoc_tess_phot_0000000339682865-s0066_tess_v1_lc.fits']
0.205921,OGLE-GD-LPV-001819,4,171.9189583333333,-62.909277777777774,316374002,171.91883309237,-62.90928212702,0,,,11274054-6254334,0,J112740.50-625433.7,5333839075106157952,0,0,STAR,tmgaia2,tmgaia2,,,,,,,,,,16.0526,0.042104,9.928,1.0,jhk,,,,,,,,,,,,,,,,,,171.91883309237,-62.90928212702,-66.43873962603928,-1.5714982175911616,[64],['hlsp_tess-spoc_tess_phot_0000000316374002-s0064_tess_v1_lc.fits']
0.143723,OGLE-GD-LPV-006061,4,217.7960833333333,-54.10813888888889,291665040,217.79601975245,-54.10815318746,0,,,14311106-5406292,0,J143111.01-540629.3,5897472714293351040,0,0,STAR,tmgaia2,tmgaia2,,,,,,,,,,13.2262,0.009432,9.468,1.0,jhk,,,,,,,,,,,,,,,,,,217.79601975245,-54.10815318746,-42.67840376549948,5.95324021003522,[65],['hlsp_tess-spoc_tess_phot_0000000291665040-s0065_tess_v1_lc.fits']
0.125224,OGLE-GD-LPV-014350,4,250.4309583333333,-44.96186111111111,232989267,250.43093233128,-44.96189063146,0,,,16414343-4457427,0,J164143.43-445742.7,5943391377893878144,0,0,STAR,tmgaia2,tmgaia2,,,,,,,,,,14.8209,0.02584,9.539,1.0,jhk,,,,,,,,,,,,,,,,,,250.43093233128,-44.96189063146,-20.390588565522965,0.8869253557564091,[66],['hlsp_tess-spoc_tess_phot_0000000232989267-s0066_tess_v1_lc.fits']
0.22815,OGLE-GD-LPV-023622,4,285.37633333333326,9.901555555555555,222834581,285.37632824671,9.90149237888,0,,,19013031+0954055,0,J190130.30+095405.0,4310951446296964096,0,0,STAR,tmgaia2,tmgaia2,,,,,,,,,,13.1639,0.034292,8.128,1.0,jhk,,,,,,,,,,,,,,,,,,285.37632824671,9.90149237888,42.88850916241238,2.287220323494884,[80],['hlsp_tess-spoc_tess_phot_0000000222834581-s0080_tess_v1_lc.fits']
0.136463,OGLE-GD-LPV-000613,4,137.83079166666664,-56.03936111111111,385316933,137.8307802367,-56.03939847589,0,,,09111939-5602217,0,J091119.42-560221.7,5310057909917017728,0,0,STAR,tmgaia2,tmgaia2,-4.303,0.357,6.095,0.315,gaia2,0.3052,0.2391,,,13.1656,0.027725,7.412,1.0,jhk,gaia2,,,,,,,,,,,3840.17,2879.5,0.3357,0.038,1791.42,3967.58,137.83074706785,-56.03937223319,-84.43974353853916,-5.350194751806788,"[62, 63]","['hlsp_tess-spoc_tess_phot_0000000385316933-s0062_tess_v1_lc.fits', 'hlsp_tess-spoc_tess_phot_0000000385316933-s0063_tess_v1_lc.fits']"
0.085843,OGLE-GD-LPV-022043,4,282.9044583333333,-0.5028611111111111,53513831,282.904439152,-0.50287527786,0,,,18513706-0030102,0,J185137.07-003010.3,4266100790795437056,0,0,STAR,tmgaia2,tmgaia2,,,,,,,,,,15.5285,0.021887,10.122,1.0,jhk,,,,,,,,,,,,,,,,,,282.904439152,-0.50287527786,32.50489150061304,-0.2693250830251211,[80],['hlsp_tess-spoc_tess_phot_0000000053513831-s0080_tess_v1_lc.fits']
0.172176,OGLE-GD-LPV-006913,4,223.118125,-57.08475,415318011,223.11803712021,-57.0847526421,0,,,14522833-5705052,0,J145228.32-570505.1,5881010658756141312,0,0,STAR,tmgaia2,tmgaia2,,,,,,,,,,14.1387,0.040322,9.352,1.0,jhk,,,,,,,,,,,,,,,,,,223.11803712021,-57.0847526421,-41.16636729687287,2.002447861785867,[65],['hlsp_tess-spoc_tess_phot_0000000415318011-s0065_tess_v1_lc.fits']
0.086679,OGLE-GD-LPV-020348,4,280.755125,-5.709555555555556,184887101,280.75511112612,-5.7095752822,0,,,18430122-0542343,0,J184301.24-054234.3,4253484547736309120,0,0,STAR,tmgaia2,tmgaia2,,,,,,,,,,12.6091,0.041134,8.234,1.0,jhk,,,,,,,,,,,,,,,,,,280.75511112612,-5.7095752822,26.89264465417615,-0.7360396585812266,[80],['hlsp_tess-spoc_tess_phot_0000000184887101-s0080_tess_v1_lc.fits']
0.165006,OGLE-GD-LPV-019322,4,279.65441666666663,3.836555555555556,108032283,279.65446176065,3.83654680939,0,,,18383706+0350118,0,J183837.06+035011.6,4283505716235638784,0,0,STAR,tmgaia2,tmgaia2,,,,,,,,,,15.1178,0.060342,10.305,1.0,jhk,,,,,,,,,,,,,,,,,,279.65446176065,3.83654680939,34.89313486060012,4.597622431768818,[80],['hlsp_tess-spoc_tess_phot_0000000108032283-s0080_tess_v1_lc.fits']
0.043459,OGLE-GD-LPV-023238,4,284.7025,-2.658722222222222,330398900,284.70248972161,-2.65872857167,0,,,18584860-0239313,0,J185848.60-023931.4,4261834204637317760,0,0,STAR,tmgaia2,tmgaia2,,,,,,,,,,14.4333,0.041265,10.052,1.0,jhk,,,,,,,,,,,,,,,,,,284.70248972161,-2.65872857167,31.40380941931253,-2.8512954670273705,[80],['hlsp_tess-spoc_tess_phot_0000000330398900-s0080_tess_v1_lc.fits']
0.082844,OGLE-GD-LPV-007557,4,226.67129166666663,-58.20052777777778,38795499,226.67125889243,-58.20054298617,0,,,15064111-5812020,0,J150641.12-581201.9,5880096208640959616,0,0,STAR,tmgaia2,tmgaia2,,,,,,,,,,15.9636,0.059506,9.808,1.0,jhk,,,,,,,,,,,,,,,,,,226.67125889243,-58.20054298617,-40.016657004203466,0.121444946894183,[65],['hlsp_tess-spoc_tess_phot_0000000038795499-s0065_tess_v1_lc.fits']
0.095511,OGLE-GD-LPV-018411,4,277.73754166666663,-6.606888888888888,214968419,277.73754047295,-6.60691539318,0,,,18305702-0636247,0,J183057.00-063624.6,4159918543369725952,0,0,STAR,tmgaia2,tmgaia2,,,,,,,,,,14.655,0.08439,9.264,1.0,jhk,,,,,,,,,,,,,,,,,,277.73754047295,-6.60691539318,24.716990416101343,1.516375025184821,[80],['hlsp_tess-spoc_tess_phot_0000000214968419-s0080_tess_v1_lc.fits']
0.067732,OGLE-GD-LPV-000889,4,149.08166666666665,-52.93611111111111,132831652,149.08165771894,-52.9361291361,0,,,09561960-5256099,0,J095619.59-525609.9,5404640442742887936,0,0,STAR,tmgaia2,tmgaia2,,,,,,,,,,12.0963,0.017153,9.516,0.351,bpjk,,,,,,,,,,,,,,,,,,149.08165771894,-52.9361291361,-81.71998296186038,1.3429984174133227,[63],['hlsp_tess-spoc_tess_phot_0000000132831652-s0063_tess_v1_lc.fits']
0.078934,OGLE-GD-LPV-019741,4,280.135125,-9.026305555555556,197503140,280.13510295838,-9.0263081777,0,,,18403242-0901349,0,J184032.45-090134.6,4155610970391210240,0,0,STAR,tmgaia2,tmgaia2,,,,,,,,,,14.3288,0.070237,9.289,1.0,jhk,,,,,,,,,,,,,,,,,,280.13510295838,-9.0263081777,23.66090197584344,-1.7053837185215706,[80],['hlsp_tess-spoc_tess_phot_0000000197503140-s0080_tess_v1_lc.fits']
0.037899,OGLE-BLG-LPV-239375,4,262.274,-37.15555555555555,388957119,262.27399733533,-37.15556586653,0,,,17290576-3709199,0,J172905.74-370920.1,5974271200610132480,0,0,STAR,tmgaia2,tmgaia2,,,,,,,,,,13.6888,0.01405,8.527,1.0,jhk,,,,,,,,,,,,,,,,,,262.27399733533,-37.15556586653,-8.791884282048722,-1.4901912198741645,[66],['hlsp_tess-spoc_tess_phot_0000000388957119-s0066_tess_v1_lc.fits']
0.12233,OGLE-GD-LPV-020913,4,281.3924999999999,-6.664777777777778,145066202,281.39250114603,-6.66481173928,0,,417-091687,18453419-0639532,0,J184534.20-063952.6,4253140812948709376,0,0,STAR,tmgaia2,tmgaia2,,,,,,,,17.149,0.297,11.5455,0.003849,9.88,0.007,gbprp,,,,,,,,,,,,,,,,,,281.39250114603,-6.66481173928,26.33178563385915,-1.7358192924636795,[80],['hlsp_tess-spoc_tess_phot_0000000145066202-s0080_tess_v1_lc.fits']
0.145597,OGLE-GD-LPV-019863,4,280.2615833333333,-7.828694444444444,203502010,280.26158654741,-7.8287347626,0,,,18410278-0749432,0,J184102.78-074943.4,4252572605865709824,0,0,STAR,tmgaia2,tmgaia2,,,,,,,,,,15.668,0.04091,9.181,1.0,jhk,,,,,,,,,,,,,,,,,,280.26158654741,-7.8287347626,24.783553856847927,-1.269003357425673,[80],['hlsp_tess-spoc_tess_phot_0000000203502010-s0080_tess_v1_lc.fits']
0.165545,OGLE-GD-LPV-003419,4,194.90566666666663,-59.45730555555556,253171811,194.9055761939,-59.45730468246,0,,,12593736-5927262,0,J125937.35-592726.1,6056846207525988992,0,0,STAR,tmgaia2,tmgaia2,,,,,,,,,,12.8747,0.021629,8.8,1.0,jhk,,,,,,,,,,,,,,,,,,194.9055761939,-59.45730468246,-56.02657479743184,3.397889572000438,"[64, 65]","['hlsp_tess-spoc_tess_phot_0000000253171811-s0064_tess_v1_lc.fits', 'hlsp_tess-spoc_tess_phot_0000000253171811-s0065_tess_v1_lc.fits']"
0.036532,OGLE-GD-LPV-009171,4,234.68329166666663,-51.777166666666666,189603302,234.68329789375,-51.77717605452,0,,192-111253,15384399-5146379,0,J153843.99-514637.8,5889167042113848832,25974282,0,STAR,tmgaia2,tmgaia2,,,,,,,,17.015,0.057,13.9206,0.041113,9.919,0.034,vjk,,,,,,,,,,,,,,,,,,234.68329789375,-51.77717605452,-32.6651299345804,2.9877081102028145,[65],['hlsp_tess-spoc_tess_phot_0000000189603302-s0065_tess_v1_lc.fits']
0.256077,OGLE-GD-LPV-025390,4,288.4443333333333,-3.4355833333333337,7701400,288.44432725975,-3.43565420689,0,,,19134664-0326081,0,J191346.64-032608.3,4260971122343478400,0,0,STAR,tmgaia2,tmgaia2,,,,,,,,,,13.414,0.051511,8.95,1.0,jhk,,,,,,,,,,,,,,,,,,288.44432725975,-3.43565420689,32.41074055613705,-6.533450367387954,[80],['hlsp_tess-spoc_tess_phot_0000000007701400-s0080_tess_v1_lc.fits']
0.134723,OGLE-GD-LPV-023414,4,284.9905,10.697888888888889,222600966,284.99048095742,10.69785647971,0,,,18595772+1041522,0,J185957.83+104152.8,4311827761399485696,0,0,STAR,tmgaia2,tmgaia2,,,,,,,,,,14.0246,0.038834,9.701,1.0,jhk,,,,,,,,,,,,,,,,,,284.99048095742,10.69785647971,43.42504160116217,2.987933288052308,[80],['hlsp_tess-spoc_tess_phot_0000000222600966-s0080_tess_v1_lc.fits']
0.134072,OGLE-GD-LPV-011489,4,243.80716666666663,-48.86152777777778,410763513,243.80714602022,-48.86156245454,0,,,16151372-4851415,0,J161513.68-485141.7,5983736037241958528,0,0,STAR,tmgaia2,tmgaia2,,,,,,,,,,14.2173,0.044621,8.957,1.0,jhk,,,,,,,,,,,,,,,,,,243.80714602022,-48.86156245454,-26.333794521220323,1.4597675179520553,[65],['hlsp_tess-spoc_tess_phot_0000000410763513-s0065_tess_v1_lc.fits']
0.051583,OGLE-GD-LPV-015927,4,253.8261666666667,-40.90186111111111,340408542,253.82614850333,-40.9018652142,0,,,16551827-4054066,0,J165518.28-405406.4,5969663697130615936,0,0,STAR,tmgaia2,tmgaia2,,,,,,,,,,14.765,0.032611,10.11,1.0,jhk,,,,,,,,,,,,,,,,,,253.82614850333,-40.9018652142,-15.683493415202978,1.5988813915340112,[66],['hlsp_tess-spoc_tess_phot_0000000340408542-s0066_tess_v1_lc.fits']
0.148287,OGLE-GD-LPV-001462,4,164.76116666666664,-60.195361111111104,465934567,164.76108508281,-60.195353878,0,,,10590267-6011432,0,J105902.66-601143.2,5338132977269997312,0,0,STAR,tmgaia2,tmgaia2,,,,,,,,,,14.3421,0.04239,9.668,1.0,jhk,,,,,,,,,,,,,,,,,,164.76108508281,-60.195353878,-70.6069034685396,-0.3117966567979224,"[63, 64]","['hlsp_tess-spoc_tess_phot_0000000465934567-s0063_tess_v1_lc.fits', 'hlsp_tess-spoc_tess_phot_0000000465934567-s0064_tess_v1_lc.fits']"
0.115399,OGLE-GD-LPV-007777,4,227.9165,-58.33622222222223,41157203,227.91644615509,-58.33623734252,0,,,15113997-5820104,0,J151139.97-582010.3,5877053859978412288,0,0,STAR,tmgaia2,tmgaia2,,,,,,,,,,14.6955,0.025632,9.459,1.0,jhk,,,,,,,,,,,,,,,,,,227.91644615509,-58.33623734252,-39.51901933040075,-0.3253884726125711,[65],['hlsp_tess-spoc_tess_phot_0000000041157203-s0065_tess_v1_lc.fits']
0.048635,OGLE-GD-LPV-016754,4,256.2514583333333,-44.58261111111111,124595278,256.25146161799,-44.58262441662,0,,,17050034-4434574,0,J170500.36-443457.4,5963765744962361728,0,0,STAR,tmgaia2,tmgaia2,,,,,,,,,,14.0927,0.048891,9.116,1.0,jhk,,,,,,,,,,,,,,,,,,256.25146161799,-44.58262441662,-17.482957191746376,-2.0725587249979447,[66],['hlsp_tess-spoc_tess_phot_0000000124595278-s0066_tess_v1_lc.fits']
0.116004,OGLE-GD-LPV-009553,4,236.2865833333333,-52.60961111111112,266280127,236.28654253741,-52.60963171813,0,,,15450878-5236345,0,J154508.88-523634.6,5885882732186230144,0,0,STAR,tmgaia2,tmgaia2,,,,,,,,,,14.1742,0.023046,9.23,1.0,jhk,,,,,,,,,,,,,,,,,,236.28654253741,-52.60963171813,-32.38314866241433,1.7309772487305874,[65],['hlsp_tess-spoc_tess_phot_0000000266280127-s0065_tess_v1_lc.fits']
0.073477,OGLE-GD-LPV-004265,4,202.9535833333333,-63.93444444444444,315181712,202.95362514884,-63.93445333182,0,,131-093140,13314885-6356040,0,,5864972147033780736,0,0,STAR,tmgaia2,tmgaia2,-8.368,0.176,-1.9,0.198,gaia2,0.842,0.1334,15.882,0.167,11.4729,0.011329,9.652,0.017,rered,gaia2,,,,,,,,,,,1183.68,210.94,0.408,0.0641,175.12,246.76,202.95354315145,-63.93446151107,-52.64992805252079,-1.4095971617221277,[65],['hlsp_tess-spoc_tess_phot_0000000315181712-s0065_tess_v1_lc.fits']
0.028722,OGLE-BLG-LPV-262876,4,275.8327499999999,-10.269111111111112,19092612,275.83275809606,-10.26911067377,0,,,18231986-1016087,0,J182319.85-101609.0,4154483558627540864,0,0,STAR,tmgaia2,tmgaia2,,,,,,,,,,15.7708,0.026806,10.231,1.0,jhk,,,,,,,,,,,,,,,,,,275.83275809606,-10.26911067377,20.59739979500768,1.4807599812054744,[80],['hlsp_tess-spoc_tess_phot_0000000019092612-s0080_tess_v1_lc.fits']
0.13744,OGLE-GD-LPV-002064,4,176.8159583333333,-62.18311111111111,324267849,176.81587687324,-62.18311465176,0,,140-075041,11471583-6210591,0,J114715.77-621059.2,5334823477337591040,30597365,0,STAR,tmgaia2,tmgaia2,,,,,,,,16.285,0.16,14.1722,0.038935,9.763,0.031,vjk,,,,,,,,,,,,,,,,,,176.81587687324,-62.18311465176,-64.47799182485689,-0.2381683078762952,[64],['hlsp_tess-spoc_tess_phot_0000000324267849-s0064_tess_v1_lc.fits']
0.109954,OGLE-GD-LPV-009802,4,237.390875,-51.956694444444445,275343874,237.39085645083,-51.95672276747,0,,,15493381-5157242,0,,5982012346602310016,0,0,STAR,tmgaia2,tmgaia2,,,,,,,,,,14.4763,0.029487,9.751,1.0,jhk,,,,,,,,,,,,,,,,,,237.39085645083,-51.95672276747,-31.44806720976404,1.826422107144629,[65],['hlsp_tess-spoc_tess_phot_0000000275343874-s0065_tess_v1_lc.fits']
0.081637,OGLE-GD-LPV-007612,4,226.97941666666665,-53.03588888888888,121171141,226.97937934469,-53.03588563479,0,,,15075506-5302092,0,,5887887519866975616,0,0,STAR,tmgaia2,tmgaia2,,,,,,,,,,14.1143,0.043168,9.847,1.0,jhk,,,,,,,,,,,,,,,,,,226.97937934469,-53.03588563479,-37.29210456897711,4.514191798107591,[65],['hlsp_tess-spoc_tess_phot_0000000121171141-s0065_tess_v1_lc.fits']
0.05264,OGLE-GD-LPV-018062,4,276.8164583333333,-10.405527777777776,386336084,276.81645711738,-10.40551320446,0,,,18271595-1024198,0,J182715.91-102419.6,4155722295900637440,0,0,STAR,tmgaia2,tmgaia2,0.414,0.442,-3.051,0.396,gaia2,-0.0169,0.2537,,,13.3865,0.059252,8.623,1.0,jhk,gaia2,,,,,,,,,,,4171.34,2137.18,1.2596,0.5258,1604.44,2669.91,276.81645893007,-10.40552633972,20.928590869442782,0.5612596546357835,[80],['hlsp_tess-spoc_tess_phot_0000000386336084-s0080_tess_v1_lc.fits']
0.171649,OGLE-GD-LPV-003298,4,193.46474999999995,-61.33663888888889,436269270,193.46465142058,-61.33663276137,0,,,12535153-6120119,0,J125351.51-612011.7,6055368395151084544,0,0,STAR,tmgaia2,tmgaia2,,,,,,,,,,15.8105,0.040793,10.011,1.0,jhk,,,,,,,,,,,,,,,,,,193.46465142058,-61.33663276137,-56.77764852586369,1.5337434204643663,[64],['hlsp_tess-spoc_tess_phot_0000000436269270-s0064_tess_v1_lc.fits']
0.106209,OGLE-GD-LPV-005966,4,217.048875,-60.51063888888889,386361381,217.04882551163,-60.51065553009,0,,,14281172-6030383,0,J142811.75-603038.3,5878639424460578816,0,0,STAR,tmgaia2,tmgaia2,,,,,,,,,,14.5786,0.004085,9.028,1.0,jhk,,,,,,,,,,,,,,,,,,217.04882551163,-60.51065553009,-45.4312675068152,0.1564102800641349,[65],['hlsp_tess-spoc_tess_phot_0000000386361381-s0065_tess_v1_lc.fits']
0.021593,OGLE-GD-LPV-013165,4,248.14204166666667,-47.66738888888889,227370111,248.1420371974,-47.66739407701,0,,,16323407-4740024,0,,5941213215310399872,0,0,STAR,tmgaia2,tmgaia2,,,,,,,,,,13.3387,0.020572,8.32,1.0,jhk,,,,,,,,,,,,,,,,,,248.1420371974,-47.66739407701,-23.45734130512538,0.2441502058078919,[66],['hlsp_tess-spoc_tess_phot_0000000227370111-s0066_tess_v1_lc.fits']
0.044865,OGLE-BLG-LPV-233986,4,257.2917083333333,-35.67402777777777,43938393,257.29170344749,-35.67403959127,0,,,17090999-3540264,0,J170909.97-354026.6,5977168276360183552,0,0,STAR,tmgaia2,tmgaia2,,,,,,,,,,13.938,0.001752,10.092,1.0,jhk,,,,,,,,,,,,,,,,,,257.29170344749,-35.67403959127,-9.88077501853488,2.642562549871808,[66],['hlsp_tess-spoc_tess_phot_0000000043938393-s0066_tess_v1_lc.fits']
0.054625,OGLE-GD-LPV-017539,4,274.4745,-9.438027777777778,14996249,274.47450674353,-9.43804141539,0,,,18175387-0926169,0,J181753.88-092617.0,4157628574226011520,0,0,STAR,tmgaia2,tmgaia2,,,,,,,,,,13.965,0.047958,10.129,1.0,jhk,,,,,,,,,,,,,,,,,,274.47450674353,-9.43804141539,20.70203904902765,3.0525572758994053,[80],['hlsp_tess-spoc_tess_phot_0000000014996249-s0080_tess_v1_lc.fits']
0.066808,OGLE-BLG-LPV-233870,4,257.1465833333333,-38.65269444444444,379855669,257.14659408661,-38.65271099347,0,,,17083517-3839097,0,J170835.19-383909.8,5973231337486068480,0,0,STAR,tmgaia2,tmgaia2,,,,,,,,,,14.084,0.029027,9.791,1.0,jhk,,,,,,,,,,,,,,,,,,257.14659408661,-38.65271099347,-12.342233186733925,0.9592718521969008,[66],['hlsp_tess-spoc_tess_phot_0000000379855669-s0066_tess_v1_lc.fits']
0.031,OGLE-GD-LPV-021781,4,282.5670833333333,-1.075888888888889,183375473,282.5670828012,-1.07588029419,0,,,18501609-0104330,0,,4266039561733986688,0,0,STAR,tmgaia2,tmgaia2,,,,,,,,,,15.2709,0.043421,9.695,1.0,jhk,,,,,,,,,,,,,,,,,,282.5670828012,-1.07588029419,31.84107543054405,-0.2303790452123676,[80],['hlsp_tess-spoc_tess_phot_0000000183375473-s0080_tess_v1_lc.fits']
0.094513,OGLE-GD-LPV-003925,4,200.3993333333333,-56.23061111111112,256810006,200.39928615882,-56.23061239796,0,,,13213583-5613499,0,J132135.78-561350.2,6063830339719561984,0,0,STAR,tmgaia2,tmgaia2,,,,,,,,,,13.6348,0.003187,9.771,1.0,jhk,,,,,,,,,,,,,,,,,,200.39928615882,-56.23061239796,-52.85917427669697,6.394472310197538,"[64, 65]","['hlsp_tess-spoc_tess_phot_0000000256810006-s0064_tess_v1_lc.fits', 'hlsp_tess-spoc_tess_phot_0000000256810006-s0065_tess_v1_lc.fits']"
0.028041,OGLE-GD-LPV-011552,4,243.953,-49.08241666666667,410760844,243.95301130642,-49.08241425168,0,,,16154871-4904567,0,J161548.71-490456.6,5935598524823161984,0,0,STAR,tmgaia2,tmgaia2,-8.577,0.714,-5.804,0.474,gaia2,-0.6373,0.3655,,,16.082,0.056435,9.967,1.0,jhk,gaia2,,,,,,,,,,,4465.1,2104.69,2.1422,0.635,1661.41,2547.97,243.9529549259,-49.08243924247,-26.41757983644044,1.234069019681746,[65],['hlsp_tess-spoc_tess_phot_0000000410760844-s0065_tess_v1_lc.fits']
0.008912,OGLE-BLG-LPV-246434,4,265.10549999999995,-32.71044444444445,107822248,265.10549708296,-32.71044476739,0,,,17402531-3242375,0,J174025.30-324237.0,4054190506028008960,0,0,STAR,tmgaia2,tmgaia2,,,,,,,,,,14.2552,0.037088,9.456,1.0,jhk,,,,,,,,,,,,,,,,,,265.10549708296,-32.71044476739,-3.797319695815064,-1.0350808305527237,[66],['hlsp_tess-spoc_tess_phot_0000000107822248-s0066_tess_v1_lc.fits']
0.167947,OGLE-GD-LPV-001571,4,167.31041666666664,-64.87505555555555,466950482,167.31032137712,-64.87503232959,0,,126-044679,11091448-6452300,0,J110914.47-645230.1,5240176146320217856,0,0,STAR,tmgaia2,tmgaia2,,,,,,,,,,14.0597,0.046763,9.379,1.0,jhk,,,,,,,,,,,,,,,,,,167.31032137712,-64.87503232959,-67.64734075728018,-4.12358465385101,[64],['hlsp_tess-spoc_tess_phot_0000000466950482-s0064_tess_v1_lc.fits']
0.134535,OGLE-GD-LPV-006484,4,220.5699583333333,-60.83975,403167619,220.56991066388,-60.83977927593,0,,,14421679-6050229,0,J144216.76-605023.2,5877738958839502848,0,0,STAR,tmgaia2,tmgaia2,,,,,,,,,,14.765,0.003694,9.376,1.0,jhk,,,,,,,,,,,,,,,,,,220.56991066388,-60.83977927593,-43.97120325926468,-0.8181164489648055,[65],['hlsp_tess-spoc_tess_phot_0000000403167619-s0065_tess_v1_lc.fits']
0.1813,OGLE-GD-LPV-012766,4,247.16199999999995,-51.653055555555554,11412029,247.16193188945,-51.65308295186,0,,,16283886-5139110,0,J162838.89-513911.2,5934349170411295488,0,0,STAR,tmgaia2,tmgaia2,,,,,,,,,,14.1737,0.055918,8.073,1.0,jhk,,,,,,,,,,,,,,,,,,247.16193188945,-51.65308295186,-26.792026895791302,-2.029875292992529,[66],['hlsp_tess-spoc_tess_phot_0000000011412029-s0066_tess_v1_lc.fits']
0.10555,OGLE-BLG-LPV-238939,4,261.963,-36.50966666666667,201196281,261.96300564957,-36.50969563242,0,,,17275113-3630348,0,J172751.14-363034.7,5974489865983256448,0,0,STAR,tmgaia2,tmgaia2,,,,,,,,,,13.4436,0.027261,8.71,1.0,jhk,,,,,,,,,,,,,,,,,,261.96300564957,-36.50969563242,-8.392003348774633,-0.9251247970299272,[66],['hlsp_tess-spoc_tess_phot_0000000201196281-s0066_tess_v1_lc.fits']
0.024669,OGLE-GD-LPV-023395,4,284.96325,10.141833333333333,222574861,284.96325010507,10.14182648162,0,,,18595118+1008304,0,J185951.16+100830.6,4311018898801062144,0,0,STAR,tmgaia2,tmgaia2,,,,,,,,,,14.6457,0.039856,10.253,1.0,jhk,,,,,,,,,,,,,,,,,,284.96325010507,10.14182648162,42.91704103696009,2.758803822620697,[80],['hlsp_tess-spoc_tess_phot_0000000222574861-s0080_tess_v1_lc.fits']
0.150544,OGLE-GD-LPV-020748,4,281.19,-7.318888888888889,164484925,281.18997342584,-7.31892135429,0,,,18444559-0719079,0,J184445.61-071907.9,4251957527868624384,0,0,STAR,tmgaia2,tmgaia2,,,,,,,,,,14.4905,0.051906,9.609,1.0,jhk,,,,,,,,,,,,,,,,,,281.18997342584,-7.31892135429,25.65762686542281,-1.8550492743917155,[80],['hlsp_tess-spoc_tess_phot_0000000164484925-s0080_tess_v1_lc.fits']
0.139271,OGLE-GD-LPV-016456,4,255.3063333333333,-45.451638888888894,122317311,255.30634651118,-45.45167645463,0,,,17011351-4527059,0,J170113.51-452705.8,5963302055998583936,0,0,STAR,tmgaia2,tmgaia2,,,,,,,,,,13.7253,0.05039,8.523,1.0,jhk,,,,,,,,,,,,,,,,,,255.30634651118,-45.45167645463,-18.57981951661906,-2.072309645583347,[66],['hlsp_tess-spoc_tess_phot_0000000122317311-s0066_tess_v1_lc.fits']
0.075918,OGLE-GD-LPV-019687,4,280.075375,3.4829166666666667,108675298,280.07536188332,3.48290013469,0,,,18401810+0328585,0,J184018.08+032858.3,4280478515891684096,0,0,STAR,tmgaia2,tmgaia2,,,,,,,,,,14.1182,0.083456,10.076,1.0,jhk,,,,,,,,,,,,,,,,,,280.07536188332,3.48290013469,34.76803614627641,4.062848227508353,[80],['hlsp_tess-spoc_tess_phot_0000000108675298-s0080_tess_v1_lc.fits']
0.12873,OGLE-GD-LPV-023734,4,285.61808333333335,-1.2043333333333333,307352908,285.6180478978,-1.2043381842,0,,,19022833-0112155,0,J190228.33-011215.5,4262468622853261824,0,0,STAR,tmgaia2,tmgaia2,,,,,,,,,,14.951,0.072763,10.128,1.0,jhk,,,,,,,,,,,,,,,,,,285.6180478978,-1.2043381842,33.117533016292775,-3.0041276817276565,[80],['hlsp_tess-spoc_tess_phot_0000000307352908-s0080_tess_v1_lc.fits']
0.068009,OGLE-BLG-LPV-255020,4,269.1524583333333,-12.274277777777778,210825034,269.15247427678,-12.27428846315,0,,,17563659-1216273,0,J175636.56-121627.2,4151358506070432640,0,0,STAR,tmgaia2,tmgaia2,,,,,,,,,,13.8722,0.04703,10.016,1.0,jhk,,,,,,,,,,,,,,,,,,269.15247427678,-12.27428846315,15.68117732111877,6.265165099118657,[80],['hlsp_tess-spoc_tess_phot_0000000210825034-s0080_tess_v1_lc.fits']
0.186171,OGLE-GD-LPV-002708,4,186.5450833333333,-62.58036111111112,450574154,186.54498201096,-62.58033881186,0,,,12261081-6234492,0,J122610.81-623449.1,6054587776276894592,0,0,STAR,tmgaia2,tmgaia2,,,,,,,,,,14.3223,0.029882,9.866,1.0,jhk,,,,,,,,,,,,,,,,,,186.54498201096,-62.58033881186,-59.971248473895045,0.1489267267433143,"[64, 65]","['hlsp_tess-spoc_tess_phot_0000000450574154-s0064_tess_v1_lc.fits', 'hlsp_tess-spoc_tess_phot_0000000450574154-s0065_tess_v1_lc.fits']"
0.125558,OGLE-GD-LPV-003276,4,193.3037083333333,-57.64216666666667,412709621,193.30364450846,-57.64215962748,0,,,12531288-5738318,0,J125312.88-573831.6,6060455079550715264,0,0,STAR,tmgaia2,tmgaia2,,,,,,,,,,15.5554,0.051802,9.882,1.0,jhk,,,,,,,,,,,,,,,,,,193.30364450846,-57.64215962748,-56.82932849241624,5.2287572021100805,[64],['hlsp_tess-spoc_tess_phot_0000000412709621-s0064_tess_v1_lc.fits']
0.092618,OGLE-GD-LPV-008705,4,232.5742083333333,-54.181777777777775,414494752,232.57417184752,-54.18179212956,0,,,15301781-5410543,0,J153017.80-541054.4,5888459128470817920,0,0,STAR,tmgaia2,tmgaia2,,,,,,,,,,14.6601,0.029191,9.36,1.0,jhk,,,,,,,,,,,,,,,,,,232.57417184752,-54.18179212956,-35.098681297284415,1.770576232512796,[65],['hlsp_tess-spoc_tess_phot_0000000414494752-s0065_tess_v1_lc.fits']
0.123961,OGLE-GD-LPV-021287,4,281.8770416666666,-6.096027777777778,146287245,281.87700923723,-6.09601570061,0,,,18473048-0605456,0,J184730.48-060545.8,4253260281739345536,0,0,STAR,tmgaia2,tmgaia2,,,,,,,,,,13.6868,0.056017,9.129,1.0,jhk,,,,,,,,,,,,,,,,,,281.87700923723,-6.09601570061,27.057816187710664,-1.9054300878042791,[80],['hlsp_tess-spoc_tess_phot_0000000146287245-s0080_tess_v1_lc.fits']
0.006217,OGLE-GD-LPV-017550,4,274.51475,-10.156805555555556,15105353,274.51475171142,-10.15680517555,0,,,18180353-1009244,0,J181803.54-100924.5,4157442206991475712,0,0,STAR,tmgaia2,tmgaia2,-3.532,0.886,-4.682,0.626,gaia2,0.1773,0.3977,,,15.1141,0.072798,9.807,1.0,jhk,gaia2,,,,,,,,,,,3111.04,1936.07,1.2952,0.1538,1385.79,2486.36,274.51473626064,-10.15682533498,20.086295201825365,2.678360796107191,[80],['hlsp_tess-spoc_tess_phot_0000000015105353-s0080_tess_v1_lc.fits']
0.068476,OGLE-GD-LPV-014420,4,250.5642916666666,-45.85580555555556,233549723,250.56427033512,-45.85581743315,0,,,16421543-4551208,0,J164215.41-455120.5,5943141174594605312,0,0,STAR,tmgaia2,tmgaia2,,,,,,,,,,14.1106,0.030282,8.434,1.0,jhk,,,,,,,,,,,,,,,,,,250.56427033512,-45.85581743315,-21.00096444810872,0.2270931107492113,[66],['hlsp_tess-spoc_tess_phot_0000000233549723-s0066_tess_v1_lc.fits']
0.101667,OGLE-GD-LPV-022876,4,284.04725,-2.400333333333333,57321068,284.04727296956,-2.4003497914,0,,,18561134-0224012,0,J185611.35-022401.3,4258904006110023680,0,0,STAR,tmgaia2,tmgaia2,,,,,,,,,,14.5208,0.017241,10.006,1.0,jhk,,,,,,,,,,,,,,,,,,284.04727296956,-2.4003497914,31.33604247093912,-2.150797945759248,[80],['hlsp_tess-spoc_tess_phot_0000000057321068-s0080_tess_v1_lc.fits']
0.123003,OGLE-GD-LPV-010172,4,239.13779166666663,-55.29183333333333,89583005,239.13773425882,-55.29184327891,0,,,15563305-5517306,0,J155633.05-551730.4,5884554212926504960,0,0,STAR,tmgaia2,tmgaia2,,,,,,,,,,14.3959,0.026216,9.754,1.0,jhk,,,,,,,,,,,,,,,,,,239.13773425882,-55.29184327891,-32.760757447367524,-1.4096031088355852,[65],['hlsp_tess-spoc_tess_phot_0000000089583005-s0065_tess_v1_lc.fits']
0.163032,OGLE-GD-LPV-006293,4,219.339375,-57.48525,412039863,219.33929096116,-57.48525321531,0,,,14372145-5729068,0,J143721.43-572906.8,5891490310232509824,0,0,STAR,tmgaia2,tmgaia2,,,,,,,,,,14.6134,0.058429,10.21,1.0,jhk,,,,,,,,,,,,,,,,,,219.33929096116,-57.48525321531,-43.18749393982306,2.503871759220098,[65],['hlsp_tess-spoc_tess_phot_0000000412039863-s0065_tess_v1_lc.fits']
0.076838,OGLE-GD-LPV-003574,4,196.63716666666664,-62.87622222222223,440409759,196.63713314882,-62.87623712347,0,,,13063292-6252345,0,J130632.92-625234.0,5862416989394926336,0,0,STAR,tmgaia2,tmgaia2,,,,,,,,,,14.8429,0.060379,9.488,1.0,jhk,,,,,,,,,,,,,,,,,,196.63713314882,-62.87623712347,-55.34676026196527,-0.0549884167831755,"[64, 65]","['hlsp_tess-spoc_tess_phot_0000000440409759-s0064_tess_v1_lc.fits', 'hlsp_tess-spoc_tess_phot_0000000440409759-s0065_tess_v1_lc.fits']"
0.106604,OGLE-GD-LPV-018427,4,277.77812499999993,-8.947166666666666,424458398,277.7781536819,-8.94715805633,0,,,18310675-0856497,0,J183106.71-085648.9,4156541535157672960,0,0,STAR,tmgaia2,tmgaia2,,,,,,,,,,15.1745,0.104593,9.706,1.0,jhk,,,,,,,,,,,,,,,,,,277.7781536819,-8.94715805633,22.66037717523725,0.3982633207948238,[80],['hlsp_tess-spoc_tess_phot_0000000424458398-s0080_tess_v1_lc.fits']
0.062084,OGLE-GD-LPV-014019,4,249.72275,-45.54125,231355743,249.7227319333,-45.5412617171,0,,,16385345-4532285,0,J163853.41-453228.6,5942987689673741312,0,0,STAR,tmgaia2,tmgaia2,,,,,,,,,,15.3343,0.036231,9.432,1.0,jhk,,,,,,,,,,,,,,,,,,249.7227319333,-45.5412617171,-21.15496474288236,0.8756976231061451,[66],['hlsp_tess-spoc_tess_phot_0000000231355743-s0066_tess_v1_lc.fits']
0.069016,OGLE-GD-LPV-023083,4,284.401375,-0.1905277777777777,329038095,284.40136758198,-0.19051009987,0,,,18573632-0011257,0,J185736.32-001125.9,4265825603644454272,0,0,STAR,tmgaia2,tmgaia2,,,,,,,,,,15.1129,0.034612,10.395,1.0,jhk,,,,,,,,,,,,,,,,,,284.40136758198,-0.19051009987,33.46553023124202,-1.459131947859181,[80],['hlsp_tess-spoc_tess_phot_0000000329038095-s0080_tess_v1_lc.fits']
0.045672,OGLE-GD-LPV-020639,4,281.080875,-3.022777777777778,203971493,281.08088679109,-3.02278250092,0,,,18441940-0301219,0,J184419.41-030121.8,4258656684709046912,0,0,STAR,tmgaia2,tmgaia2,-1.02,0.417,-1.026,0.344,gaia2,0.1689,0.2631,,,13.6641,0.030951,9.283,1.0,jhk,gaia2,,,,,,,,,,,3290.94,1798.01,0.9632,0.1571,1285.62,2310.39,281.08088239188,-3.02278692053,29.43098122950752,0.2027810681237747,[80],['hlsp_tess-spoc_tess_phot_0000000203971493-s0080_tess_v1_lc.fits']
0.141132,OGLE-GD-LPV-020825,4,281.276875,-2.584361111111112,225523093,281.27685176308,-2.58439270311,0,,,18450643-0235037,0,J184506.45-023503.8,4258709392562134784,0,0,STAR,tmgaia2,tmgaia2,,,,,,,,,,14.1956,0.024955,9.251,1.0,jhk,,,,,,,,,,,,,,,,,,281.27685176308,-2.58439270311,29.910414497207714,0.2288595367502797,[80],['hlsp_tess-spoc_tess_phot_0000000225523093-s0080_tess_v1_lc.fits']
0.15114,OGLE-GD-LPV-011071,4,242.50454166666668,-49.12788888888889,215655151,242.50449591836,-49.12791832355,0,,,16100108-4907405,0,J161001.08-490740.5,5983671196099169280,0,0,STAR,tmgaia2,tmgaia2,,,,,,,,,,13.1236,0.000927,9.191,1.0,jhk,,,,,,,,,,,,,,,,,,242.50449591836,-49.12791832355,-27.139251932538844,1.8511759923334548,[65],['hlsp_tess-spoc_tess_phot_0000000215655151-s0065_tess_v1_lc.fits']
0.197218,OGLE-BLG-LPV-261368,4,274.4062083333333,-15.245583333333332,113313163,274.4061811722,-15.24563144202,0,,,18173748-1514442,0,J181737.46-151444.2,4146167436793511936,0,0,STAR,tmgaia2,tmgaia2,,,,,,,,,,14.0926,0.046077,8.951,1.0,jhk,,,,,,,,,,,,,,,,,,274.4061811722,-15.24563144202,15.55200778936392,0.3622468359840226,[80],['hlsp_tess-spoc_tess_phot_0000000113313163-s0080_tess_v1_lc.fits']
0.087485,OGLE-BLG-LPV-264277,4,277.30041666666665,-13.731555555555556,432447924,277.30039398914,-13.73156581542,0,,,18291209-1343535,0,J182912.07-134353.1,4104393794629425280,0,0,STAR,tmgaia2,tmgaia2,,,,,,,,,,15.024,0.029543,9.959,1.0,jhk,,,,,,,,,,,,,,,,,,277.30039398914,-13.73156581542,18.20307244318193,-1.4031853762503357,[80],['hlsp_tess-spoc_tess_phot_0000000432447924-s0080_tess_v1_lc.fits']
0.166563,OGLE-GD-LPV-000969,4,151.98291666666665,-58.66066666666666,462747386,151.98284037908,-58.66064286801,0,,,10075589-5839383,0,J100755.87-583938.2,5258381859838333824,0,0,STAR,tmgaia2,tmgaia2,,,,,,,,,,14.0115,0.029834,8.498,1.0,jhk,,,,,,,,,,,,,,,,,,151.98284037908,-58.66064286801,-76.98387077827515,-2.2613302058623845,"[63, 64]","['hlsp_tess-spoc_tess_phot_0000000462747386-s0063_tess_v1_lc.fits', 'hlsp_tess-spoc_tess_phot_0000000462747386-s0064_tess_v1_lc.fits']"
0.12395,OGLE-GD-LPV-000557,4,134.623125,-45.01730555555555,30742613,134.62307765408,-45.01729747286,0,,,08582954-4501022,0,J085829.54-450102.3,5331320712433220480,0,0,STAR,tmgaia2,tmgaia2,,,,,,,,,,14.0093,0.027599,10.289,1.0,jhk,,,,,,,,,,,,,,,,,,134.62307765408,-45.01729747286,-94.01264268389856,0.4959537008289653,[62],['hlsp_tess-spoc_tess_phot_0000000030742613-s0062_tess_v1_lc.fits']
0.168535,OGLE-GD-LPV-024273,4,286.4618333333333,19.25736111111112,451689639,286.46183367203,19.25731429686,0,,,19055083+1915264,0,J190550.84+191526.6,4517850882939629568,0,0,STAR,tmgaia2,tmgaia2,,,,,,,,,,13.17,0.033403,9.08,1.0,jhk,,,,,,,,,,,,,,,,,,286.46183367203,19.25731429686,51.72271958868943,5.600895171797599,"[80, 81]","['hlsp_tess-spoc_tess_phot_0000000451689639-s0080_tess_v1_lc.fits', 'hlsp_tess-spoc_tess_phot_0000000451689639-s0081_tess_v1_lc.fits']"
0.113717,OGLE-BLG-LPV-255183,4,269.2459583333333,-14.073055555555555,211007462,269.2459899504,-14.07306312343,0,,380-099256,17565903-1404228,0,J175659.05-140423.0,4148652470542905088,6626000,0,STAR,tmgaia2,tmgaia2,,,,,,,,17.001,0.16,11.0696,0.025133,10.092,0.035,vjk,,,,,,,,,,,,,,,,,,269.2459899504,-14.07306312343,14.15482372352828,5.296749672324252,[80],['hlsp_tess-spoc_tess_phot_0000000211007462-s0080_tess_v1_lc.fits']
0.0348,OGLE-GD-LPV-016474,4,255.3447916666666,-42.97911111111112,122642932,255.34478249252,-42.97911806794,0,,,17012275-4258449,0,J170122.76-425844.9,5966157835591820160,0,0,STAR,tmgaia2,tmgaia2,,,,,,,,,,16.2446,0.039378,9.174,1.0,jhk,,,,,,,,,,,,,,,,,,255.34478249252,-42.97911806794,-16.610458303231297,-0.5762943669240673,[66],['hlsp_tess-spoc_tess_phot_0000000122642932-s0066_tess_v1_lc.fits']
0.089492,OGLE-GD-LPV-010175,4,239.15554166666664,-55.833666666666666,89167929,239.15549959784,-55.83367439943,0,,,15563733-5550011,0,J155637.26-555000.9,5836480712723995520,0,0,STAR,tmgaia2,tmgaia2,,,,,,,,,,14.1385,0.025867,9.707,1.0,jhk,,,,,,,,,,,,,,,,,,239.15549959784,-55.83367439943,-33.1019104532756,-1.830782764892655,[65],['hlsp_tess-spoc_tess_phot_0000000089167929-s0065_tess_v1_lc.fits']
0.0515,OGLE-GD-LPV-000394,4,126.03820833333332,-47.48291666666667,53115810,126.03819626116,-47.48290491552,0,,,08240916-4728585,0,J082409.16-472858.3,5516391742273606528,0,0,STAR,tmgaia2,tmgaia2,,,,,,,,,,15.4249,0.06097,9.7,1.0,jhk,,,,,,,,,,,,,,,,,,126.03819626116,-47.48290491552,-95.70250458622267,-5.70223037718887,"[61, 62]","['hlsp_tess-spoc_tess_phot_0000000053115810-s0061_tess_v1_lc.fits', 'hlsp_tess-spoc_tess_phot_0000000053115810-s0062_tess_v1_lc.fits']"
0.084342,OGLE-GD-LPV-004730,4,207.1857083333333,-60.857,381308940,207.18566500889,-60.85698981508,0,,,13484457-6051251,0,J134844.57-605125.4,5865914535888086784,0,0,STAR,tmgaia2,tmgaia2,,,,,,,,,,14.6225,0.036941,9.51,1.0,jhk,,,,,,,,,,,,,,,,,,207.18566500889,-60.85698981508,-50.145345862758354,1.2421893344682304,[65],['hlsp_tess-spoc_tess_phot_0000000381308940-s0065_tess_v1_lc.fits']
0.032854,OGLE-GD-LPV-022289,4,283.21175,-0.5933611111111111,54439598,283.21174266882,-0.5933665467,0,,,18525082-0035360,0,J185250.81-003535.9,4266082339614450432,0,0,STAR,tmgaia2,tmgaia2,,,,,,,,,,15.367,0.053031,10.049,1.0,jhk,,,,,,,,,,,,,,,,,,283.21174266882,-0.5933665467,32.56444952582182,-0.584067524879312,[80],['hlsp_tess-spoc_tess_phot_0000000054439598-s0080_tess_v1_lc.fits']
0.102362,OGLE-GD-LPV-021283,4,281.87441666666666,-5.597416666666667,226151650,281.87439113901,-5.59742943493,0,,,18472985-0535507,0,J184729.89-053550.1,4253361024487203200,0,0,STAR,tmgaia2,tmgaia2,,,,,,,,,,13.8558,0.042758,9.589,1.0,jhk,,,,,,,,,,,,,,,,,,281.87439113901,-5.59742943493,27.500753255574427,-1.676042944957422,[80],['hlsp_tess-spoc_tess_phot_0000000226151650-s0080_tess_v1_lc.fits']
0.078885,OGLE-GD-LPV-003321,4,193.79016666666664,-60.85022222222222,436914892,193.79012180736,-60.85022057902,0,,,12550964-6051008,0,J125509.64-605100.8,6055956324655115648,0,0,STAR,tmgaia2,tmgaia2,,,,,,,,,,13.8365,0.026289,8.067,1.0,jhk,,,,,,,,,,,,,,,,,,193.79012180736,-60.85022057902,-56.61447534716818,2.018246570177858,"[64, 65]","['hlsp_tess-spoc_tess_phot_0000000436914892-s0064_tess_v1_lc.fits', 'hlsp_tess-spoc_tess_phot_0000000436914892-s0065_tess_v1_lc.fits']"
0.111504,OGLE-GD-LPV-001200,4,158.407625,-52.59997222222223,448119334,158.40758946782,-52.5999500055,0,,188-053677,10333781-5235597,0,J103337.80-523559.6,5357597837759610496,26418054,0,STAR,tmgaia2,tmgaia2,,,,,,,,16.148,0.114,12.7066,0.026832,9.579,0.034,vjk,,,,,,,,,,,,,,,,,,158.40758946782,-52.5999500055,-77.23797994330097,4.790046176950978,"[63, 64]","['hlsp_tess-spoc_tess_phot_0000000448119334-s0063_tess_v1_lc.fits', 'hlsp_tess-spoc_tess_phot_0000000448119334-s0064_tess_v1_lc.fits']"
0.114397,OGLE-GD-LPV-011403,4,243.55141666666665,-44.98061111111112,464941222,243.55140634451,-44.98064203782,0,,,16141233-4458502,0,J161412.34-445850.1,5990717695561176832,0,0,STAR,tmgaia2,tmgaia2,-4.61,0.649,-2.396,0.444,gaia2,-0.9722,0.3024,,,15.2098,0.078854,9.858,1.0,jhk,gaia2,,,,,,,,,,,5983.05,2534.38,1.3696,0.0604,2051.85,3016.91,243.55137828174,-44.98065235337,-23.775294896995923,4.386285984631472,[65],['hlsp_tess-spoc_tess_phot_0000000464941222-s0065_tess_v1_lc.fits']
0.121518,OGLE-GD-LPV-002110,4,177.35724999999996,-66.4985,364891918,177.35717380019,-66.49851469906,0,,,11492571-6629545,0,,5236137880643868928,32695406,0,STAR,tmgaia2,tmgaia2,,,,,,,,14.299,0.028,12.9735,0.016465,10.302,0.033,vjk,,,,,,,,,,,,,,,,,,177.35717380019,-66.49851469906,-63.20431235519446,-4.368328215647013,"[64, 65]","['hlsp_tess-spoc_tess_phot_0000000364891918-s0064_tess_v1_lc.fits', 'hlsp_tess-spoc_tess_phot_0000000364891918-s0065_tess_v1_lc.fits']"
0.074959,OGLE-BLG-LPV-238408,4,261.6092083333333,-37.174277777777775,463934128,261.60922909181,-37.17429042584,0,,,17262621-3710273,0,J172626.23-371027.2,5974259209074365568,0,0,STAR,tmgaia2,tmgaia2,,,,,,,,,,16.0087,0.1168,8.951,1.0,jhk,,,,,,,,,,,,,,,,,,261.60922909181,-37.17429042584,-9.101801926146802,-1.0600664716685593,[66],['hlsp_tess-spoc_tess_phot_0000000463934128-s0066_tess_v1_lc.fits']
0.06704,OGLE-GD-LPV-008230,4,230.3364583333333,-57.27477777777778,46078786,230.33642752755,-57.27478611044,0,,,15212075-5716293,0,,5883169584168400256,0,0,STAR,tmgaia2,tmgaia2,,,,,,,,,,14.445,0.031727,9.878,1.0,jhk,,,,,,,,,,,,,,,,,,230.33642752755,-57.27478611044,-37.86416273799317,-0.1018409955488818,[65],['hlsp_tess-spoc_tess_phot_0000000046078786-s0065_tess_v1_lc.fits']
0.102268,OGLE-GD-LPV-016743,4,256.23366666666664,-48.55625,212516994,256.2336532124,-48.55627697584,0,,,17045607-4833225,0,J170456.10-483322.4,5938629393031857792,0,0,STAR,tmgaia2,tmgaia2,,,,,,,,,,14.1823,0.075042,8.854,1.0,jhk,,,,,,,,,,,,,,,,,,256.2336532124,-48.55627697584,-20.662831125765607,-4.46268297132726,[66],['hlsp_tess-spoc_tess_phot_0000000212516994-s0066_tess_v1_lc.fits']
0.024031,OGLE-BLG-LPV-246085,4,264.9825416666666,-32.700833333333335,107316388,264.98253833554,-32.70083939152,0,,,17395580-3242029,0,J173955.82-324202.7,4054170577378538624,0,0,STAR,tmgaia2,tmgaia2,,,,,,,,,,15.9097,0.072836,9.538,1.0,jhk,,,,,,,,,,,,,,,,,,264.98253833554,-32.70083939152,-3.844110679089016,-0.9422989663969632,[66],['hlsp_tess-spoc_tess_phot_0000000107316388-s0066_tess_v1_lc.fits']
0.196893,OGLE-GD-LPV-018953,4,279.07425,-10.621305555555557,5430237,279.07423374542,-10.6213578627,0,,,18361782-1037168,0,,4154823131615907840,0,0,STAR,tmgaia2,tmgaia2,,,,,,,,,,14.0205,0.032639,9.681,1.0,jhk,,,,,,,,,,,,,,,,,,279.07423374542,-10.6213578627,21.76351056866514,-1.5069446041741827,[80],['hlsp_tess-spoc_tess_phot_0000000005430237-s0080_tess_v1_lc.fits']
0.048405,OGLE-LMC-LPV-09034,3,74.53591666666667,-68.26188888888889,30464794,74.53593418672,-68.26187711229,0,,109-005049,04580860-6815428,0,J045808.62-681542.7,4661519944172930944,0,0,STAR,tmgaia2,tmgaia2,,,,,,,,14.11,0.172,15.1053,0.055883,13.591,0.06,gbprp,,,,,,,,,,,,,,,,,,74.53593418672,-68.26187711229,-80.65879288700405,-35.44671232365825,"[61, 62, 63, 64, 65, 68]","['hlsp_tess-spoc_tess_phot_0000000030464794-s0061_tess_v1_lc.fits', 'hlsp_tess-spoc_tess_phot_0000000030464794-s0062_tess_v1_lc.fits', 'hlsp_tess-spoc_tess_phot_0000000030464794-s0063_tess_v1_lc.fits', 'hlsp_tess-spoc_tess_phot_0000000030464794-s0064_tess_v1_lc.fits', 'hlsp_tess-spoc_tess_phot_0000000030464794-s0065_tess_v1_lc.fits', 'hlsp_tess-spoc_tess_phot_0000000030464794-s0068_tess_v1_lc.fits']"
0.047463,OGLE-GD-LPV-011428,4,243.634375,-46.99147222222222,165039801,243.63437849569,-46.99148518893,0,,,16143225-4659293,0,J161432.26-465929.1,5989914021286841600,0,0,STAR,tmgaia2,tmgaia2,,,,,,,,,,15.3762,0.076174,9.899,1.0,jhk,,,,,,,,,,,,,,,,,,243.63437849569,-46.99148518893,-25.12475575237147,2.89186982624708,[65],['hlsp_tess-spoc_tess_phot_0000000165039801-s0065_tess_v1_lc.fits']
0.135939,OGLE-BLG-LPV-258383,4,271.81791666666663,-14.475361111111113,363430458,271.81789272864,-14.47539092137,0,,,18071629-1428314,0,J180716.28-142831.5,4146914967275867648,0,0,STAR,tmgaia2,tmgaia2,,,,,,,,,,14.1981,0.057118,9.844,1.0,jhk,,,,,,,,,,,,,,,,,,271.81789272864,-14.47539092137,15.027875456883969,2.926857347523139,[80],['hlsp_tess-spoc_tess_phot_0000000363430458-s0080_tess_v1_lc.fits']
0.106786,OGLE-GD-LPV-023750,4,285.6440416666667,8.391527777777778,223075530,285.64405108151,8.39149961512,0,,,19023456+0823297,0,J190234.60+082329.0,4307506130900371328,0,0,STAR,tmgaia2,tmgaia2,,,,,,,,,,13.4618,0.033883,8.281,1.0,jhk,,,,,,,,,,,,,,,,,,285.64405108151,8.39149961512,41.665480779782335,1.362132713087827,[80],['hlsp_tess-spoc_tess_phot_0000000223075530-s0080_tess_v1_lc.fits']
0.122779,OGLE-GD-LPV-009794,4,237.37229166666663,-48.95427777777778,276260170,237.37225434971,-48.95430149879,0,,,15492935-4857153,0,J154929.34-485715.4,5982984211823373696,0,0,STAR,tmgaia2,tmgaia2,,,,,,,,,,16.2292,0.062411,9.953,1.0,jhk,,,,,,,,,,,,,,,,,,237.37225434971,-48.95430149879,-29.578251216437025,4.177702076030384,[65],['hlsp_tess-spoc_tess_phot_0000000276260170-s0065_tess_v1_lc.fits']
0.108191,OGLE-GD-LPV-005650,4,214.808,-57.849250000000005,413291690,214.80794729541,-57.8492392031,0,,,14191392-5750572,0,J141913.92-575057.1,5891950146602620928,28749506,0,STAR,tmgaia2,tmgaia2,,,,,,,,,,13.6088,0.022905,9.797,1.0,jhk,,,,,,,,,,,,,,,,,,214.80794729541,-57.8492392031,-45.57875195174795,3.0507202996352283,[65],['hlsp_tess-spoc_tess_phot_0000000413291690-s0065_tess_v1_lc.fits']
0.086361,OGLE-BLG-LPV-242780,4,263.77775,-35.15413888888889,103015807,263.77772075015,-35.15413700034,0,,,17350665-3509148,0,J173506.67-350914.3,5974863562553894784,0,0,STAR,tmgaia2,tmgaia2,,,,,,,,,,15.5229,0.043487,9.833,1.0,jhk,,,,,,,,,,,,,,,,,,263.77772075015,-35.15413700034,-6.451579016233465,-1.4131444903928576,[66],['hlsp_tess-spoc_tess_phot_0000000103015807-s0066_tess_v1_lc.fits']
0.060058,OGLE-GD-LPV-011302,4,243.27020833333327,-52.72544444444445,409578786,243.27022085129,-52.72545930494,0,,,16130486-5243316,0,J161304.81-524331.8,5933165546139747328,0,0,STAR,tmgaia2,tmgaia2,,,,,,,,,,15.3434,0.025621,9.916,1.0,jhk,,,,,,,,,,,,,,,,,,243.27022085129,-52.72545930494,-29.24068120006868,-1.1085629953744227,[65],['hlsp_tess-spoc_tess_phot_0000000409578786-s0065_tess_v1_lc.fits']
0.176409,OGLE-LMC-RRLYR-39548,4,80.33937499999998,-62.35686111111112,149060456,80.3392892229,-62.35688970177,0,8882-00037-1,139-005257,05212143-6221247,0,J052121.46-622124.7,4760456779256739968,29835243,0,STAR,tmgaia2,tmgaia2,10.045,0.052,10.16,0.064,gaia2,0.5312,0.0242,12.355,0.033,12.247,0.008358,11.885,0.01,rered,gaia2,6397.0,183.9,3.2134,0.1142,,,4.634,0.344,1.28,0.21,1780.13,76.91,0.0415,0.0103,73.67,80.15,80.33938243639,-62.3568459565,-88.27901522346903,-34.200280980676084,"[27, 28, 29, 30, 35, 36, 37, 38, 39]","['hlsp_tess-spoc_tess_phot_0000000149060456-s0027_tess_v1_lc.fits', 'hlsp_tess-spoc_tess_phot_0000000149060456-s0028_tess_v1_lc.fits', 'hlsp_tess-spoc_tess_phot_0000000149060456-s0029_tess_v1_lc.fits', 'hlsp_tess-spoc_tess_phot_0000000149060456-s0030_tess_v1_lc.fits', 'hlsp_tess-spoc_tess_phot_0000000149060456-s0035_tess_v1_lc.fits', 'hlsp_tess-spoc_tess_phot_0000000149060456-s0036_tess_v1_lc.fits', 'hlsp_tess-spoc_tess_phot_0000000149060456-s0037_tess_v1_lc.fits', 'hlsp_tess-spoc_tess_phot_0000000149060456-s0038_tess_v1_lc.fits', 'hlsp_tess-spoc_tess_phot_0000000149060456-s0039_tess_v1_lc.fits']"
0.119328,OGLE-LMC-LPV-82411,3,86.02512499999999,-68.63155555555555,389435568,86.02505466933,-68.63157657949,0,,,05440602-6837535,0,J054406.01-683753.6,4657769063328762368,33106899,0,STAR,tmgaia2,tmgaia2,1.79,0.084,0.767,0.081,gaia2,-0.0937,0.0401,15.005,0.06,13.7985,0.016186,12.298,0.017,rered,gaia2,3556.0,142.0,,,,,116.071,,,,8462.72,1429.98,0.6643,,1287.78,1572.18,86.02507581758,-68.63157327922,-81.13929772013029,-31.23511691783196,"[61, 62, 64, 65, 68, 69, 66]","['hlsp_tess-spoc_tess_phot_0000000389435568-s0061_tess_v1_lc.fits', 'hlsp_tess-spoc_tess_phot_0000000389435568-s0062_tess_v1_lc.fits', 'hlsp_tess-spoc_tess_phot_0000000389435568-s0064_tess_v1_lc.fits', 'hlsp_tess-spoc_tess_phot_0000000389435568-s0065_tess_v1_lc.fits', 'hlsp_tess-spoc_tess_phot_0000000389435568-s0068_tess_v1_lc.fits', 'hlsp_tess-spoc_tess_phot_0000000389435568-s0069_tess_v1_lc.fits', 'hlsp_tess-spoc_tess_phot_0000000389435568-s0066_tess_v1_lc.fits']"
0.023425,OGLE-GD-LPV-013987,4,249.64749999999995,-48.78861111111111,34021996,249.64749032166,-48.78861240751,0,,,16383539-4847189,0,J163835.41-484718.9,5940872160567713152,0,0,STAR,tmgaia2,tmgaia2,,,,,,,,,,13.7281,0.028799,9.892,1.0,jhk,,,,,,,,,,,,,,,,,,249.64749032166,-48.78861240751,-23.608447022597456,-1.2524824650160509,[66],['hlsp_tess-spoc_tess_phot_0000000034021996-s0066_tess_v1_lc.fits']
0.012711,OGLE-BLG-LPV-245318,4,264.6968749999999,-37.83502777777778,263460393,264.69687186051,-37.83503029169,0,,,17384725-3750061,0,J173847.31-375006.1,5962265835012407808,0,0,STAR,tmgaia2,tmgaia2,,,,,,,,,,14.3306,0.049468,9.61,1.0,jhk,,,,,,,,,,,,,,,,,,264.69687186051,-37.83503029169,-8.320547814378829,-3.473860254033307,[66],['hlsp_tess-spoc_tess_phot_0000000263460393-s0066_tess_v1_lc.fits']
0.099433,OGLE-GD-LPV-003752,4,198.36879166666665,-63.71702777777778,442704605,198.36873221671,-63.71701941784,0,,,13132850-6343013,0,J131328.50-634301.3,5862166472578632448,0,0,STAR,tmgaia2,tmgaia2,,,,,,,,,,14.347,0.013023,10.041,1.0,jhk,,,,,,,,,,,,,,,,,,198.36873221671,-63.71701941784,-54.63121285946574,-0.9495977781352132,[64],['hlsp_tess-spoc_tess_phot_0000000442704605-s0064_tess_v1_lc.fits']
0.129409,OGLE-BLG-LPV-263859,4,276.7535416666666,-12.450416666666666,176626644,276.75350911743,-12.45043345853,0,,,18270083-1227014,0,J182700.81-122701.6,4152982725261536640,0,0,STAR,tmgaia2,tmgaia2,,,,,,,,,,15.7374,0.032473,9.915,1.0,jhk,,,,,,,,,,,,,,,,,,276.75350911743,-12.45043345853,19.09012751183114,-0.3362412366810654,[80],['hlsp_tess-spoc_tess_phot_0000000176626644-s0080_tess_v1_lc.fits']
0.013995,OGLE-GD-LPV-000086,4,97.489125,16.595388888888888,438430785,97.48912449359,16.5953927459,0,,533-028152,06295739+1635434,0,,3369418340686444288,43248454,0,STAR,tmgaia2,tmgaia2,,,,,,,,12.11,0.046,12.4274,0.027974,8.897,0.03,vjk,,,,,,,,,,,,,,,,,,97.48912449359,16.5953927459,-164.2535267140526,2.8893322728167017,"[71, 72]","['hlsp_tess-spoc_tess_phot_0000000438430785-s0071_tess_v1_lc.fits', 'hlsp_tess-spoc_tess_phot_0000000438430785-s0072_tess_v1_lc.fits']"
0.200051,OGLE-GD-LPV-008883,4,233.39454166666667,-57.75966666666667,284255666,233.39444421018,-57.75968628832,0,,,15333468-5745348,0,,5882243795410621824,0,0,STAR,tmgaia2,tmgaia2,,,,,,,,,,15.05,0.004788,9.467,1.0,jhk,,,,,,,,,,,,,,,,,,233.39444421018,-57.75968628832,-36.77529659910218,-1.4233600981733774,[65],['hlsp_tess-spoc_tess_phot_0000000284255666-s0065_tess_v1_lc.fits']
0.077335,OGLE-GD-LPV-015878,4,253.6832083333333,-50.40291666666666,346827614,253.68319886087,-50.40293728271,0,,,16544396-5024105,0,J165443.96-502410.6,5936815920401185408,0,0,STAR,tmgaia2,tmgaia2,0.526,0.318,-1.318,0.3,gaia2,0.3399,0.2077,,,14.0986,0.064437,8.463,1.0,jhk,gaia2,,,,,,,,,,,2991.43,1920.49,0.5535,0.101,1181.53,2659.45,253.68320241295,-50.4029429567,-23.14494932667333,-4.290641356115565,[66],['hlsp_tess-spoc_tess_phot_0000000346827614-s0066_tess_v1_lc.fits']
0.135386,OGLE-GD-LPV-002827,4,188.131125,-60.814166666666665,179393078,188.13105028351,-60.81415735023,0,,,12323147-6048510,0,J123231.46-604851.0,6055077402566587008,0,0,STAR,tmgaia2,tmgaia2,,,,,,,,,,14.8806,0.021937,9.981,1.0,jhk,,,,,,,,,,,,,,,,,,188.13105028351,-60.81415735023,-59.3731983227318,1.9729018103262133,[64],['hlsp_tess-spoc_tess_phot_0000000179393078-s0064_tess_v1_lc.fits']
0.08893,OGLE-GD-LPV-018413,4,277.7428333333333,-8.785055555555555,424455886,277.74283448447,-8.78508023225,0,,,18305827-0847063,0,J183058.26-084706.3,4156548029129219328,0,0,STAR,tmgaia2,tmgaia2,,,,,,,,,,14.7667,0.057366,9.204,1.0,jhk,,,,,,,,,,,,,,,,,,277.74283448447,-8.78508023225,22.787955867350075,0.5041907391348806,[80],['hlsp_tess-spoc_tess_phot_0000000424455886-s0080_tess_v1_lc.fits']
0.114551,OGLE-GD-LPV-006431,4,220.2635833333333,-60.80055555555556,401635303,220.26353576546,-60.80057732643,0,,,14410327-6048020,0,J144103.26-604802.1,5877746410544236160,0,0,STAR,tmgaia2,tmgaia2,,,,,,,,,,12.4231,0.001384,8.716,1.0,jhk,,,,,,,,,,,,,,,,,,220.26353576546,-60.80057732643,-44.09119680512684,-0.7208905581378979,[65],['hlsp_tess-spoc_tess_phot_0000000401635303-s0065_tess_v1_lc.fits']
0.075371,OGLE-GD-LPV-017851,4,276.10704166666665,-9.008638888888887,19986714,276.10703490353,-9.00865873114,0,,,18242569-0900311,0,J182425.67-090030.9,4159123257190050176,0,0,STAR,tmgaia2,tmgaia2,,,,,,,,,,15.628,0.074572,9.809,1.0,jhk,,,,,,,,,,,,,,,,,,276.10703490353,-9.00865873114,21.8385411012501,1.8311500127004328,[80],['hlsp_tess-spoc_tess_phot_0000000019986714-s0080_tess_v1_lc.fits']
0.128995,OGLE-GD-LPV-003683,4,197.7519583333333,-64.09730555555555,441979693,197.7518775986,-64.09731188468,0,,,13110049-6405502,0,J131100.48-640550.3,5862049786909864576,0,0,STAR,tmgaia2,tmgaia2,,,,,,,,,,14.564,0.039483,8.827,1.0,jhk,,,,,,,,,,,,,,,,,,197.7518775986,-64.09731188468,-54.932370066142205,-1.3067397194434371,"[64, 65]","['hlsp_tess-spoc_tess_phot_0000000441979693-s0064_tess_v1_lc.fits', 'hlsp_tess-spoc_tess_phot_0000000441979693-s0065_tess_v1_lc.fits']"
0.123085,OGLE-GD-LPV-015032,4,251.6977916666666,-48.67405555555556,47841111,251.69778051364,-48.67408894327,0,,,16464748-4840265,0,J164647.45-484026.9,5939409878814077056,0,0,STAR,tmgaia2,tmgaia2,,,,,,,,,,13.8463,0.023078,8.162,1.0,jhk,,,,,,,,,,,,,,,,,,251.69778051364,-48.67408894327,-22.632670575943227,-2.196205628954881,[66],['hlsp_tess-spoc_tess_phot_0000000047841111-s0066_tess_v1_lc.fits']
0.127224,OGLE-GD-LPV-021550,4,282.2312916666666,-1.8157777777777773,182353279,282.23127022861,-1.815805881,0,,,18485550-0148565,1237668689048633454,J184855.55-014856.4,4259229216727492608,0,0,STAR,tmgaia2,tmgaia2,,,,,,,,,,13.3783,0.02921,7.972,1.0,jhk,,,,,,,,,,,,,,,,,,282.23127022861,-1.815805881,31.029511497307908,-0.2690413546238263,[80],['hlsp_tess-spoc_tess_phot_0000000182353279-s0080_tess_v1_lc.fits']
0.014781,OGLE-GD-LPV-018257,4,277.33175,-7.985972222222222,213899713,277.33175051771,-7.985976296,0,,,18291962-0759095,0,J182919.61-075909.2,4159673975064888576,0,0,STAR,tmgaia2,tmgaia2,,,,,,,,,,14.338,0.055656,8.33,1.0,jhk,,,,,,,,,,,,,,,,,,277.33175051771,-7.985976296,23.307838791982288,1.2347484127827208,[80],['hlsp_tess-spoc_tess_phot_0000000213899713-s0080_tess_v1_lc.fits']
0.088145,OGLE-GD-LPV-025008,4,287.73,16.31936111111111,396279986,287.73000006374,16.31933662645,0,,,19105520+1619098,0,J191055.19+161909.6,4513262827094654720,0,0,STAR,tmgaia2,tmgaia2,,,,,,,,,,14.2229,0.028918,10.065,1.0,jhk,,,,,,,,,,,,,,,,,,287.73000006374,16.31933662645,49.65097546432148,3.187746698394728,"[80, 81]","['hlsp_tess-spoc_tess_phot_0000000396279986-s0080_tess_v1_lc.fits', 'hlsp_tess-spoc_tess_phot_0000000396279986-s0081_tess_v1_lc.fits']"
0.131251,OGLE-GD-LPV-006400,4,220.1033333333333,-60.37130555555556,401626922,220.10326264679,-60.37129516201,0,,,14402479-6022168,0,J144024.81-602216.4,5878514625574511872,0,0,STAR,tmgaia2,tmgaia2,,,,,,,,,,13.0605,0.001767,8.136,1.0,jhk,,,,,,,,,,,,,,,,,,220.10326264679,-60.37129516201,-43.98766046707104,-0.2969444279329278,[65],['hlsp_tess-spoc_tess_phot_0000000401626922-s0065_tess_v1_lc.fits']
0.071038,OGLE-GD-LPV-024495,4,286.81387499999994,0.4241388888888889,179433511,286.81386244179,0.42412366764,0,,453-086945,19071532+0025268,0,J190715.34+002526.8,4267191678117224832,36042104,0,STAR,tmgaia2,tmgaia2,-3.603,0.263,-2.84,0.242,gaia2,0.3424,0.1609,16.314,0.172,12.138,0.007337,10.256,0.022,rered,gaia2,,,,,,,,,,,2746.38,1368.82,0.4904,0.1098,893.87,1843.78,286.81384693052,0.42411144142,35.115263673101545,-3.3249437174308936,[80],['hlsp_tess-spoc_tess_phot_0000000179433511-s0080_tess_v1_lc.fits']
0.121512,OGLE-GD-LPV-018744,4,278.5233333333333,-4.509611111111111,44860619,278.52332814505,-4.50964446585,0,,,18340559-0430346,0,J183405.58-043034.8,4257604108498234240,0,0,STAR,tmgaia2,tmgaia2,,,,,,,,,,15.9288,0.114994,10.311,1.0,jhk,,,,,,,,,,,,,,,,,,278.52332814505,-4.50964446585,26.939522012784003,1.7896020802839026,[80],['hlsp_tess-spoc_tess_phot_0000000044860619-s0080_tess_v1_lc.fits']
0.088264,OGLE-GD-LPV-016543,4,255.55925,-44.40252777777778,123173481,255.55922135663,-44.40254128113,0,,,17021421-4424090,0,J170214.22-442409.0,5963733446861414528,0,0,STAR,tmgaia2,tmgaia2,,,,,,,,,,13.7388,0.029431,9.326,1.0,jhk,,,,,,,,,,,,,,,,,,255.55922135663,-44.40254128113,-17.640468756982028,-1.5710982486474616,[66],['hlsp_tess-spoc_tess_phot_0000000123173481-s0066_tess_v1_lc.fits']
0.242115,OGLE-GD-LPV-007319,4,225.29445833333327,-60.32863888888889,453923127,225.29439467393,-60.3286983033,0,,,15011067-6019431,0,J150110.67-601943.3,5876449300436567680,0,0,STAR,tmgaia2,tmgaia2,,,,,,,,,,14.4583,0.003564,9.374,1.0,jhk,,,,,,,,,,,,,,,,,,225.29439467393,-60.3286983033,-41.66657991615179,-1.395688094572321,[65],['hlsp_tess-spoc_tess_phot_0000000453923127-s0065_tess_v1_lc.fits']
0.03862,OGLE-GD-LPV-016617,4,255.86966666666663,-47.13355555555555,123717424,255.86966457285,-47.13356618838,0,,,17032872-4708008,0,,5962868646584011904,0,0,STAR,tmgaia2,tmgaia2,,,,,,,,,,14.565,0.0391,9.442,1.0,jhk,,,,,,,,,,,,,,,,,,255.86966457285,-47.13356618838,-19.67550037471445,-3.407447488402851,[66],['hlsp_tess-spoc_tess_phot_0000000123717424-s0066_tess_v1_lc.fits']
0.181826,OGLE-GD-LPV-023475,4,285.11720833333334,14.164833333333334,353705385,285.11719191508,14.16478540047,0,,,19002812+1409534,0,J190028.13+140953.4,4506519900232457472,0,0,STAR,tmgaia2,tmgaia2,,,,,,,,,,13.945,0.055456,9.134,1.0,jhk,,,,,,,,,,,,,,,,,,285.11719191508,14.16478540047,46.577750504201234,4.450057951216879,[80],['hlsp_tess-spoc_tess_phot_0000000353705385-s0080_tess_v1_lc.fits']
0.127512,OGLE-GD-LPV-018238,4,277.2824166666666,-9.420305555555554,213774308,277.28245184868,-9.42031262425,0,,,18290778-0925131,0,J182907.82-092513.0,4155940171012223616,0,0,STAR,tmgaia2,tmgaia2,-2.304,0.499,-0.429,0.434,gaia2,0.3256,0.3217,,,13.6128,0.018635,8.519,1.0,jhk,gaia2,,,,,,,,,,,2886.43,1893.33,1.1998,0.2147,1264.95,2521.71,277.28244179102,-9.42031447317,22.014325243178124,0.6126840750637093,[80],['hlsp_tess-spoc_tess_phot_0000000213774308-s0080_tess_v1_lc.fits']
0.168603,OGLE-GD-LPV-008162,4,230.04920833333333,-55.094722222222224,45396292,230.04914932758,-55.09475467839,0,,,15201182-5505410,0,J152011.80-550540.9,5886859304680451456,0,0,STAR,tmgaia2,tmgaia2,,,,,,,,,,14.5552,0.046164,9.701,1.0,jhk,,,,,,,,,,,,,,,,,,230.04914932758,-55.09475467839,-36.82172074148778,1.8195736577752408,[65],['hlsp_tess-spoc_tess_phot_0000000045396292-s0065_tess_v1_lc.fits']
0.119366,OGLE-GD-LPV-007325,4,225.366625,-61.69188888888888,453984150,225.36655802957,-61.69189841844,0,,,15012799-6141308,0,J150127.96-614130.7,5874814326643722624,0,0,STAR,tmgaia2,tmgaia2,,,,,,,,,,14.1022,0.038058,9.533,1.0,jhk,,,,,,,,,,,,,,,,,,225.36655802957,-61.69189841844,-42.28803928051253,-2.6097505604235858,[65],['hlsp_tess-spoc_tess_phot_0000000453984150-s0065_tess_v1_lc.fits']
0.131528,OGLE-GD-LPV-018153,4,277.0522499999999,-4.296777777777778,132884606,277.05221848215,-4.29679640683,0,,,18281254-0417486,0,J182812.53-041748.3,4257482887324861312,0,0,STAR,tmgaia2,tmgaia2,3.956,0.584,2.833,0.551,gaia2,0.7029,0.3714,,,14.1586,0.096574,8.663,1.0,jhk,gaia2,,,,,,,,,,,1722.59,1350.06,1.1722,0.4934,736.525,1963.59,277.05223556367,-4.29678421014,26.45156412419035,3.189238930742756,[80],['hlsp_tess-spoc_tess_phot_0000000132884606-s0080_tess_v1_lc.fits']
0.114797,OGLE-GD-LPV-010707,4,241.32770833333328,-52.82972222222222,214896434,241.32765953919,-52.8297343768,0,,,16051865-5249471,0,J160518.65-524946.9,5933303809741637632,0,0,STAR,tmgaia2,tmgaia2,,,,,,,,,,13.5385,0.018544,8.725,1.0,jhk,,,,,,,,,,,,,,,,,,241.32765953919,-52.8297343768,-30.176927959253963,-0.3908527880927388,[65],['hlsp_tess-spoc_tess_phot_0000000214896434-s0065_tess_v1_lc.fits']
0.156389,OGLE-BLG-LPV-246821,4,265.244375,-32.42941666666666,108376656,265.24437661628,-32.42946008651,0,,,17405867-3225460,0,J174058.65-322545.7,4054205108917119872,0,0,STAR,tmgaia2,tmgaia2,,,,,,,,,,14.7623,0.073263,8.882,1.0,jhk,,,,,,,,,,,,,,,,,,265.24437661628,-32.42946008651,-3.4969277242027568,-0.9854177700556952,[66],['hlsp_tess-spoc_tess_phot_0000000108376656-s0066_tess_v1_lc.fits']
0.175616,OGLE-GD-LPV-012431,4,246.3614583333333,-46.2165,224008692,246.36139639418,-46.21652330021,0,,,16252674-4612595,0,J162526.75-461259.5,5942378628941488256,0,0,STAR,tmgaia2,tmgaia2,,,,,,,,,,13.6944,0.028362,9.38,1.0,jhk,,,,,,,,,,,,,,,,,,246.36139639418,-46.21652330021,-23.2461216795203,2.1250906254105533,[66],['hlsp_tess-spoc_tess_phot_0000000224008692-s0066_tess_v1_lc.fits']
0.03894,OGLE-GD-LPV-011696,4,244.386,-51.97072222222222,411764377,244.3860134689,-51.97072916111,0,,,16173262-5158145,0,J161732.67-515814.5,5934724378788195968,0,0,STAR,tmgaia2,tmgaia2,,,,,,,,,,14.5046,0.037261,9.04,1.0,jhk,,,,,,,,,,,,,,,,,,244.3860134689,-51.97072916111,-28.226272700288263,-1.034644510237654,[66],['hlsp_tess-spoc_tess_phot_0000000411764377-s0066_tess_v1_lc.fits']
0.162231,OGLE-GD-LPV-011620,4,244.17529166666665,-59.125166666666665,208151281,244.17524174038,-59.12520373914,0,,155-180412,16164205-5907308,0,J161642.04-590730.6,5831595548188625408,29139009,0,STAR,tmgaia2,tmgaia2,,,,,,,,15.483,0.137,10.9136,0.005518,9.432,0.018,gbprp,,,,,,,,,,,,,,,,,,244.17524174038,-59.12520373914,-33.312028126650446,-6.079613690373713,[66],['hlsp_tess-spoc_tess_phot_0000000208151281-s0066_tess_v1_lc.fits']
0.108753,OGLE-GD-LPV-004353,4,203.6725833333333,-62.70805555555556,316745550,203.67251754849,-62.70805390196,0,,,13344141-6242290,0,J133441.40-624229.1,5865290494328156032,0,0,STAR,tmgaia2,tmgaia2,,,,,,,,,,14.1205,0.0429,8.941,1.0,jhk,,,,,,,,,,,,,,,,,,203.67251754849,-62.70805390196,-52.13323270412913,-0.2514596156402049,[65],['hlsp_tess-spoc_tess_phot_0000000316745550-s0065_tess_v1_lc.fits']
0.031026,OGLE-GD-LPV-019782,4,280.17854166666666,2.3499722222222226,108926559,280.17854980053,2.34996935386,0,,,18404284+0220598,0,J184042.85+022059.8,4279765212024181376,0,0,STAR,tmgaia2,tmgaia2,,,,,,,,,,14.5508,0.076489,9.46,1.0,jhk,,,,,,,,,,,,,,,,,,280.17854980053,2.34996935386,33.803415251064045,3.456469873806653,[80],['hlsp_tess-spoc_tess_phot_0000000108926559-s0080_tess_v1_lc.fits']
0.089735,OGLE-GD-LPV-017930,4,276.4002083333333,-9.54486111111111,384571681,276.40019766972,-9.54483851167,0,,,18253605-0932414,0,J182536.02-093241.2,4156037237298310912,0,0,STAR,tmgaia2,tmgaia2,,,,,,,,,,14.0036,0.012045,8.937,1.0,jhk,,,,,,,,,,,,,,,,,,276.40019766972,-9.54483851167,21.49919773760945,1.3250067413949889,[80],['hlsp_tess-spoc_tess_phot_0000000384571681-s0080_tess_v1_lc.fits']
0.088714,OGLE-GD-LPV-005810,4,215.8699583333333,-60.3475,382565983,215.86991517005,-60.34751229854,0,,,14232879-6020509,0,J142328.72-602050.8,5866693505490515840,0,0,STAR,tmgaia2,tmgaia2,,,,,,,,,,13.6924,0.003779,9.557,1.0,jhk,,,,,,,,,,,,,,,,,,215.86991517005,-60.34751229854,-45.91675508552609,0.5161329080955326,[65],['hlsp_tess-spoc_tess_phot_0000000382565983-s0065_tess_v1_lc.fits']
0.10945,OGLE-BLG-LPV-260619,4,273.7094583333333,-13.684861111111111,110928399,273.70948801045,-13.68485147288,0,,,18145027-1341055,0,J181450.25-134105.4,4147401982179939584,0,0,STAR,tmgaia2,tmgaia2,-1.158,0.737,-1.22,0.519,gaia2,-0.0534,0.3003,,,13.815,0.041543,9.296,1.0,jhk,gaia2,,,,,,,,,,,4010.63,2143.85,1.3783,0.4055,1608.06,2679.64,273.70948287996,-13.68485672514,16.604255279098588,1.6979761051393,[80],['hlsp_tess-spoc_tess_phot_0000000110928399-s0080_tess_v1_lc.fits']
0.162032,OGLE-GD-LPV-001412,4,163.66774999999998,-58.97211111111111,459847868,163.66766848215,-58.97209497987,0,,,10544025-5858196,0,J105440.25-585819.5,5338816976598700672,0,0,STAR,tmgaia2,tmgaia2,,,,,,,,,,13.8356,0.036971,8.744,1.0,jhk,,,,,,,,,,,,,,,,,,163.66766848215,-58.97209497987,-71.6294411634699,0.5583216275392997,"[63, 64]","['hlsp_tess-spoc_tess_phot_0000000459847868-s0063_tess_v1_lc.fits', 'hlsp_tess-spoc_tess_phot_0000000459847868-s0064_tess_v1_lc.fits']"
0.164209,OGLE-GD-LPV-025297,4,288.26975,11.580805555555555,206802050,288.26970617525,11.58079014775,0,,,19130474+1134508,0,J191304.68+113450.4,4312871816387781760,0,0,STAR,tmgaia2,tmgaia2,-2.509,0.346,-3.913,0.301,gaia2,-0.089,0.2086,,,15.0884,0.028127,10.363,1.0,jhk,gaia2,,,,,,,,,,,4592.76,2073.91,1.4532,0.5333,1604.12,2543.69,288.2696951462,11.58077330067,45.68751075752082,0.5347370360527937,[80],['hlsp_tess-spoc_tess_phot_0000000206802050-s0080_tess_v1_lc.fits']
0.143079,OGLE-GD-LPV-009890,4,237.819875,-48.05052777777777,279629468,237.81982583675,-48.05055012791,0,,,15511676-4803018,0,J155116.75-480301.9,5987536980194896384,0,0,STAR,tmgaia2,tmgaia2,,,,,,,,,,14.0313,0.03693,9.793,1.0,jhk,,,,,,,,,,,,,,,,,,237.81982583675,-48.05055012791,-28.77730837969908,4.694459152931404,[65],['hlsp_tess-spoc_tess_phot_0000000279629468-s0065_tess_v1_lc.fits']
0.159626,OGLE-GD-LPV-000462,4,129.7424583333333,-41.30608333333333,180873912,129.74240014426,-41.30609077769,0,,,08385816-4118219,0,J083858.20-411821.8,5528204624622434304,0,0,STAR,tmgaia2,tmgaia2,,,,,,,,,,15.1493,0.040401,9.956,1.0,jhk,,,,,,,,,,,,,,,,,,129.74240014426,-41.30609077769,-99.136259167941,0.0752496984732658,"[61, 62]","['hlsp_tess-spoc_tess_phot_0000000180873912-s0061_tess_v1_lc.fits', 'hlsp_tess-spoc_tess_phot_0000000180873912-s0062_tess_v1_lc.fits']"
0.135678,OGLE-BLG-LPV-239126,4,262.10333333333324,-34.17522222222222,161541671,262.10330135074,-34.17524906025,0,,,17282479-3410309,0,J172824.80-341031.2,5975940465423587072,0,0,STAR,tmgaia2,tmgaia2,,,,,,,,,,15.6277,0.098092,8.199,1.0,jhk,,,,,,,,,,,,,,,,,,262.10330135074,-34.17524906025,-6.386463649195121,0.275215570899206,[66],['hlsp_tess-spoc_tess_phot_0000000161541671-s0066_tess_v1_lc.fits']
0.136452,OGLE-GD-LPV-017867,4,276.1555833333333,-7.511861111111111,20101838,276.15555634443,-7.51188795707,0,,,18243733-0730427,0,J182437.33-073042.7,4159938338898771712,0,0,STAR,tmgaia2,tmgaia2,,,,,,,,,,14.6208,0.040083,10.031,1.0,jhk,,,,,,,,,,,,,,,,,,276.15555634443,-7.51188795707,23.18580434815295,2.4869923879310267,[80],['hlsp_tess-spoc_tess_phot_0000000020101838-s0080_tess_v1_lc.fits']
0.106865,OGLE-BLG-LPV-242410,4,263.630375,-33.40263888888889,102744001,263.63034007385,-33.40264446041,0,,,17343127-3324094,0,J173431.30-332409.0,4054507818169934336,0,0,STAR,tmgaia2,tmgaia2,,,,,,,,,,15.2412,0.057526,9.861,1.0,jhk,,,,,,,,,,,,,,,,,,263.63034007385,-33.40264446041,-5.044604216940829,-0.3626531619646887,[66],['hlsp_tess-spoc_tess_phot_0000000102744001-s0066_tess_v1_lc.fits']
0.115727,OGLE-GD-LPV-023237,4,284.70158333333325,-0.5881388888888889,330249707,284.70157152852,-0.58816878969,0,,,18584838-0035173,0,J185848.38-003517.2,4265378171120277760,0,0,STAR,tmgaia2,tmgaia2,,,,,,,,,,14.5297,0.086745,10.233,1.0,jhk,,,,,,,,,,,,,,,,,,284.70157152852,-0.58816878969,33.24845619989107,-1.907612589073694,[80],['hlsp_tess-spoc_tess_phot_0000000330249707-s0080_tess_v1_lc.fits']
0.116695,OGLE-GD-LPV-009497,4,236.0365,-60.53138888888889,424201242,236.03646503668,-60.5314163646,0,,,15440875-6031529,0,J154408.76-603152.9,5833613701787229440,0,0,STAR,tmgaia2,tmgaia2,,,,,,,,,,14.9223,0.025435,9.976,1.0,jhk,,,,,,,,,,,,,,,,,,236.03646503668,-60.5314163646,-37.33505271222023,-4.456890152956002,[65],['hlsp_tess-spoc_tess_phot_0000000424201242-s0065_tess_v1_lc.fits']
0.131162,OGLE-GD-LPV-009088,4,234.2644583333333,-57.15175,98243339,234.2643931228,-57.15175873473,0,,,15370346-5709062,0,J153703.48-570906.2,5882655356336333440,0,0,STAR,tmgaia2,tmgaia2,,,,,,,,,,13.2535,0.003852,7.322,1.0,jhk,,,,,,,,,,,,,,,,,,234.2643931228,-57.15175873473,-36.0402983456003,-1.202899039434733,[65],['hlsp_tess-spoc_tess_phot_0000000098243339-s0065_tess_v1_lc.fits']
0.091652,OGLE-BLG-LPV-264251,4,277.270625,-12.907777777777778,432313880,277.27060474793,-12.90779385496,0,,,18290494-1254280,0,J182904.94-125427.9,4152894729968446592,0,0,STAR,tmgaia2,tmgaia2,,,,,,,,,,13.607,0.042685,9.442,1.0,jhk,,,,,,,,,,,,,,,,,,277.27060474793,-12.90779385496,18.919634589733388,-0.995489343600644,[80],['hlsp_tess-spoc_tess_phot_0000000432313880-s0080_tess_v1_lc.fits']
0.095696,OGLE-GD-LPV-004280,4,203.06929166666663,-62.38425,315651338,203.06923595763,-62.384243694,0,,,13321663-6223032,0,J133216.61-622302.9,5865359660490659200,0,0,STAR,tmgaia2,tmgaia2,,,,,,,,,,14.105,0.031477,9.101,1.0,jhk,,,,,,,,,,,,,,,,,,203.06923595763,-62.384243694,-52.355105875737344,0.113204930764315,[65],['hlsp_tess-spoc_tess_phot_0000000315651338-s0065_tess_v1_lc.fits']
0.122506,OGLE-GD-LPV-020237,4,280.636625,-7.263083333333333,162368151,280.6366416682,-7.26311307575,0,,,18423279-0715472,0,J184232.80-071547.1,4252695437607102976,0,0,STAR,tmgaia2,tmgaia2,,,,,,,,,,14.2178,0.055787,8.981,1.0,jhk,,,,,,,,,,,,,,,,,,280.6366416682,-7.26311307575,25.456735629338507,-1.3411616567168745,[80],['hlsp_tess-spoc_tess_phot_0000000162368151-s0080_tess_v1_lc.fits']
0.093548,OGLE-GD-LPV-000388,4,125.669375,-36.73880555555556,183580788,125.66937125227,-36.73883136693,0,,267-030497,08224065-3644198,0,J082240.64-364419.5,5542090936788705536,17938454,0,STAR,tmgaia2,tmgaia2,-2.244,0.146,4.098,0.139,gaia2,0.3882,0.0847,14.656,0.114,12.0226,0.016334,10.534,0.018,rered,gaia2,,,,,,,,,,,2398.35,547.955,0.0573,0.0126,436.13,659.78,125.6693591974,-36.7388137244,-104.68934599635092,0.2142153211293832,[62],['hlsp_tess-spoc_tess_phot_0000000183580788-s0062_tess_v1_lc.fits']
0.062722,OGLE-BLG-LPV-263266,4,276.17912499999994,-10.541055555555555,20512193,276.17914256265,-10.54105322587,0,,,18244300-1032277,0,J182442.97-103227.8,4154273414475899136,0,0,STAR,tmgaia2,tmgaia2,-3.918,0.681,-2.493,0.685,gaia2,0.573,0.4465,,,17.0561,0.090984,10.421,1.0,jhk,gaia2,,,,,,,,,,,2339.72,1834.35,0.9912,0.3509,1150.79,2517.91,276.17912540435,-10.54106395984,20.51638548667402,1.0524427587961227,[80],['hlsp_tess-spoc_tess_phot_0000000020512193-s0080_tess_v1_lc.fits']
0.050916,OGLE-GD-LPV-021408,4,282.016875,-1.0719444444444444,226275643,282.01687438456,-1.07195857438,0,,,18480405-0104189,0,J184804.05-010418.9,4260091169434138752,0,0,STAR,tmgaia2,tmgaia2,,,,,,,,,,17.3637,0.034933,10.391,1.0,jhk,,,,,,,,,,,,,,,,,,282.01687438456,-1.07195857438,31.593695397181595,0.2609883587165944,[80],['hlsp_tess-spoc_tess_phot_0000000226275643-s0080_tess_v1_lc.fits']
0.093493,OGLE-GD-LPV-016961,4,257.0087083333333,-51.543055555555554,213022679,257.00867660885,-51.54307244245,0,,,17080208-5132349,0,J170802.08-513234.9,5925918149595099008,0,0,STAR,tmgaia2,tmgaia2,,,,,,,,,,13.6615,0.027473,8.208,1.0,jhk,,,,,,,,,,,,,,,,,,257.00867660885,-51.54307244245,-22.77142496400469,-6.645438183335329,[66],['hlsp_tess-spoc_tess_phot_0000000213022679-s0066_tess_v1_lc.fits']
0.092711,OGLE-BLG-LPV-236643,4,260.042625,-39.22205555555556,194752909,260.04259379492,-39.22206443272,0,,,17201023-3913192,0,J172010.23-391319.5,5972447935489435136,0,0,STAR,tmgaia2,tmgaia2,,,,,,,,,,14.6522,0.036117,10.116,1.0,jhk,,,,,,,,,,,,,,,,,,260.04259379492,-39.22206443272,-11.487368553869551,-1.2011205006469583,[66],['hlsp_tess-spoc_tess_phot_0000000194752909-s0066_tess_v1_lc.fits']
0.081333,OGLE-GD-LPV-020140,4,280.5368333333333,-9.324111111111112,162059823,280.53684853286,-9.32412800674,0,,,18420883-0919269,0,J184208.88-091926.8,4155388456744525184,0,0,STAR,tmgaia2,tmgaia2,,,,,,,,,,15.1135,0.089141,9.707,1.0,jhk,,,,,,,,,,,,,,,,,,280.53684853286,-9.32412800674,23.57701015209057,-2.194183033550876,[80],['hlsp_tess-spoc_tess_phot_0000000162059823-s0080_tess_v1_lc.fits']
0.132097,OGLE-GD-LPV-005638,4,214.73675,-59.10319444444445,413354378,214.73668579425,-59.10321055184,0,,,14185682-5906115,0,J141856.79-590611.5,5891065348972370944,0,0,STAR,tmgaia2,tmgaia2,,,,,,,,,,14.9344,0.049089,10.193,1.0,jhk,,,,,,,,,,,,,,,,,,214.73668579425,-59.10321055184,-46.0311915125877,1.8804859630721429,[65],['hlsp_tess-spoc_tess_phot_0000000413354378-s0065_tess_v1_lc.fits']
0.124745,OGLE-GD-LPV-018061,4,276.81612499999994,-11.151388888888889,386346419,276.81616031389,-11.15138835014,0,,,18271587-1109049,0,J182715.88-110905.0,4153429161342062464,0,0,STAR,tmgaia2,tmgaia2,,,,,,,,,,15.4996,0.035661,9.691,1.0,jhk,,,,,,,,,,,,,,,,,,276.81616031389,-11.15138835014,20.268287590548752,0.2143738068942901,[80],['hlsp_tess-spoc_tess_phot_0000000386346419-s0080_tess_v1_lc.fits']
0.078872,OGLE-BLG-LPV-260195,4,273.32733333333323,-15.874166666666667,109348774,273.3273414538,-15.87418713595,0,,,18131855-1552270,0,J181318.60-155227.1,4145777488144748160,0,0,STAR,tmgaia2,tmgaia2,,,,,,,,,,15.5397,0.058276,10.069,1.0,jhk,,,,,,,,,,,,,,,,,,273.3273414538,-15.87418713595,14.503963644964982,0.976317140352186,[80],['hlsp_tess-spoc_tess_phot_0000000109348774-s0080_tess_v1_lc.fits']
0.057257,OGLE-GD-LPV-013125,4,248.0338333333333,-45.35883333333334,227478793,248.03381437374,-45.35884202108,0,,,16320811-4521317,0,J163208.12-452131.9,5943836993695183232,0,0,STAR,tmgaia2,tmgaia2,,,,,,,,,,14.789,0.014367,9.976,1.0,jhk,,,,,,,,,,,,,,,,,,248.03381437374,-45.35884202108,-21.81975232435149,1.873373877359075,[66],['hlsp_tess-spoc_tess_phot_0000000227478793-s0066_tess_v1_lc.fits']
0.195034,OGLE-GD-LPV-025570,4,288.82745833333325,14.784888888888888,400652459,288.82743590095,14.78483924391,0,,,19151858+1447054,0,J191518.59+144705.4,4320345471824778112,0,0,STAR,tmgaia2,tmgaia2,,,,,,,,,,13.4779,0.023116,8.042,1.0,jhk,,,,,,,,,,,,,,,,,,288.82743590095,14.78483924391,48.77810112412594,1.540993940744348,"[80, 81]","['hlsp_tess-spoc_tess_phot_0000000400652459-s0080_tess_v1_lc.fits', 'hlsp_tess-spoc_tess_phot_0000000400652459-s0081_tess_v1_lc.fits']"
0.064721,OGLE-GD-LPV-013917,4,249.50666666666663,-44.052277777777775,230807173,249.50664166278,-44.05227725789,0,,,16380160-4403081,0,J163801.59-440308.0,5943586373736862336,0,0,STAR,tmgaia2,tmgaia2,,,,,,,,,,14.0664,0.008573,9.964,1.0,jhk,,,,,,,,,,,,,,,,,,249.50664166278,-44.05227725789,-20.14834419039939,1.9838141321538767,[66],['hlsp_tess-spoc_tess_phot_0000000230807173-s0066_tess_v1_lc.fits']
0.036177,OGLE-GD-LPV-018098,4,276.8964166666666,-8.754833333333334,386674533,276.89642379441,-8.75484049972,0,,,18273514-0845172,0,J182735.16-084517.6,4156242880321681024,0,0,STAR,tmgaia2,tmgaia2,,,,,,,,,,16.1732,0.063643,10.012,1.0,jhk,,,,,,,,,,,,,,,,,,276.89642379441,-8.75484049972,22.426698662493187,1.2593106760687742,[80],['hlsp_tess-spoc_tess_phot_0000000386674533-s0080_tess_v1_lc.fits']
0.110511,OGLE-GD-LPV-019916,4,280.3109166666666,-7.456027777777778,203687713,280.31089343642,-7.45604807015,0,,,18411461-0727215,0,J184114.63-072721.9,4252688466959854208,0,0,STAR,tmgaia2,tmgaia2,,,,,,,,,,14.4983,0.082449,9.549,1.0,jhk,,,,,,,,,,,,,,,,,,280.31089343642,-7.45604807015,25.13740217784271,-1.142046641194284,[80],['hlsp_tess-spoc_tess_phot_0000000203687713-s0080_tess_v1_lc.fits']
0.063743,OGLE-BLG-LPV-234480,4,257.9529583333333,-37.86163888888889,225145824,257.95294117811,-37.8616502942,0,,,17114870-3751418,0,J171148.71-375141.6,5973369463635833088,0,0,STAR,tmgaia2,tmgaia2,,,,,,,,,,14.2423,0.0319,8.697,1.0,jhk,,,,,,,,,,,,,,,,,,257.95294117811,-37.8616502942,-11.32962465439658,0.9194376490436752,[66],['hlsp_tess-spoc_tess_phot_0000000225145824-s0066_tess_v1_lc.fits']
0.141609,OGLE-GD-LPV-017926,4,276.37679166666663,-7.995111111111111,384446993,276.37677989062,-7.99514867853,0,,,18253042-0759425,0,J182530.42-075942.5,4159347901154528128,0,0,STAR,tmgaia2,tmgaia2,,,,,,,,,,14.4839,0.070146,9.622,1.0,jhk,,,,,,,,,,,,,,,,,,276.37677989062,-7.99514867853,22.860098821118445,2.067878251741932,[80],['hlsp_tess-spoc_tess_phot_0000000384446993-s0080_tess_v1_lc.fits']
0.076388,OGLE-GD-LPV-000373,4,124.40270833333332,-39.30766666666666,182828722,124.40268094681,-39.30766776288,0,,,08173665-3918276,0,J081736.66-391827.8,5540276540740228864,17926898,0,STAR,tmgaia2,tmgaia2,,,,,,,,,,13.1295,0.025807,8.642,1.0,jhk,,,,,,,,,,,,,,,,,,124.40268094681,-39.30766776288,-103.1364326413311,-2.0625433759469423,"[61, 62]","['hlsp_tess-spoc_tess_phot_0000000182828722-s0061_tess_v1_lc.fits', 'hlsp_tess-spoc_tess_phot_0000000182828722-s0062_tess_v1_lc.fits']"
0.097777,OGLE-GD-LPV-022239,4,283.1519583333333,0.0313888888888888,54547491,283.15193352681,0.03137782942,0,,,18523646+0001531,0,J185236.45+000153.2,4266261594379847808,0,0,STAR,tmgaia2,tmgaia2,,,,,,,,,,14.1977,0.043605,9.882,1.0,jhk,,,,,,,,,,,,,,,,,,283.15193352681,0.03137782942,33.09322843688619,-0.24599086210804,[80],['hlsp_tess-spoc_tess_phot_0000000054547491-s0080_tess_v1_lc.fits']
0.109769,OGLE-GD-LPV-015107,4,251.86033333333333,-50.39313888888889,49569948,251.86031458317,-50.39316693946,0,,,16472648-5023352,0,J164726.48-502335.4,5937520230682537216,0,0,STAR,tmgaia2,tmgaia2,,,,,,,,,,13.5843,0.007005,9.224,1.0,jhk,,,,,,,,,,,,,,,,,,251.86031458317,-50.39316693946,-23.87791254710668,-3.387624530505844,[66],['hlsp_tess-spoc_tess_phot_0000000049569948-s0066_tess_v1_lc.fits']
0.092436,OGLE-GD-LPV-014224,4,250.1765,-47.599944444444446,232771573,250.17646598,-47.59995597938,0,,,16404235-4735597,0,,5942525929097348352,0,0,STAR,tmgaia2,tmgaia2,,,,,,,,,,15.1762,0.053782,7.876,1.0,jhk,,,,,,,,,,,,,,,,,,250.17646598,-47.59995597938,-22.485940839061623,-0.7255835875854113,[66],['hlsp_tess-spoc_tess_phot_0000000232771573-s0066_tess_v1_lc.fits']
0.12915,OGLE-GD-LPV-016993,4,257.1075,-40.70483333333333,379486082,257.10751355845,-40.70486770429,0,,,17082580-4042174,0,J170825.80-404217.6,5966127495958322560,0,0,STAR,tmgaia2,tmgaia2,,,,,,,,,,15.6427,0.027856,9.468,1.0,jhk,,,,,,,,,,,,,,,,,,257.10751355845,-40.70486770429,-14.005594369558548,-0.2430665896377055,[66],['hlsp_tess-spoc_tess_phot_0000000379486082-s0066_tess_v1_lc.fits']
0.214242,OGLE-GD-LPV-021067,4,281.59416666666664,-5.58625,225919625,281.59416236289,-5.58630935737,0,,,18462260-0535106,0,J184622.60-053510.7,4253546017309769856,0,0,STAR,tmgaia2,tmgaia2,,,,,,,,,,14.3562,0.048956,9.595,1.0,jhk,,,,,,,,,,,,,,,,,,281.59416236289,-5.58630935737,27.38355256798068,-1.4226793731398508,[80],['hlsp_tess-spoc_tess_phot_0000000225919625-s0080_tess_v1_lc.fits']
0.118974,OGLE-GD-LPV-003801,4,199.148875,-65.76688888888889,443294340,199.14879532528,-65.76688412019,0,,,13163572-6546008,0,J131635.72-654600.5,5858008909890973824,0,0,STAR,tmgaia2,tmgaia2,,,,,,,,,,14.3267,0.056026,9.33,1.0,jhk,,,,,,,,,,,,,,,,,,199.14879532528,-65.76688412019,-54.48731384996203,-3.0212813526627342,[65],['hlsp_tess-spoc_tess_phot_0000000443294340-s0065_tess_v1_lc.fits']
0.025462,OGLE-GD-LPV-010976,4,242.168375,-50.96088888888889,215469777,242.16837149107,-50.96089560752,0,,,16084041-5057391,0,J160840.40-505739.0,5983039977660109568,0,0,STAR,tmgaia2,tmgaia2,-4.843,0.407,-2.38,0.296,gaia2,-0.7987,0.189,,,14.308,0.007029,9.202,1.0,jhk,gaia2,,,,,,,,,,,7275.97,2473.35,4.6924,1.0967,2075.37,2871.33,242.16833838512,-50.96090585341,-28.53892792625901,0.6476874536746023,[65],['hlsp_tess-spoc_tess_phot_0000000215469777-s0065_tess_v1_lc.fits']
0.02877,OGLE-GD-LPV-000450,4,129.17041666666665,-35.574000000000005,11819849,129.17041948042,-35.57400765697,0,,273-037420,08364090-3534263,0,J083640.91-353426.3,5542435156952134016,17977562,0,STAR,tmgaia2,tmgaia2,-2.712,0.083,3.571,0.083,gaia2,0.1934,0.0534,11.283,0.023,11.6566,0.018362,10.214,0.021,rered,gaia2,3212.0,148.0,,,,,,,,,4094.63,888.88,0.3625,0.0264,727.91,1049.85,129.17040512622,-35.57399228222,-103.97381556648811,3.1864913542146733,"[61, 62]","['hlsp_tess-spoc_tess_phot_0000000011819849-s0061_tess_v1_lc.fits', 'hlsp_tess-spoc_tess_phot_0000000011819849-s0062_tess_v1_lc.fits']"
0.064221,OGLE-BLG-LPV-263061,4,275.99887499999994,-13.622583333333331,332429153,275.99888175839,-13.62259991933,0,,,18235973-1337215,0,,4152387958177522304,0,0,STAR,tmgaia2,tmgaia2,-1.186,0.643,-1.834,0.662,gaia2,-0.5314,0.3965,,,16.9781,0.029053,10.364,1.0,jhk,gaia2,,,,,,,,,,,4508.35,2316.99,1.5759,0.74,1800.38,2833.6,275.99887650286,-13.62260781361,17.71028426492599,-0.2334034256346098,[80],['hlsp_tess-spoc_tess_phot_0000000332429153-s0080_tess_v1_lc.fits']
0.14144,OGLE-GD-LPV-002813,4,187.8684583333333,-64.55966666666666,451183838,187.86836988048,-64.55965667372,0,,,12312841-6433347,0,,5861364585006121088,0,0,STAR,tmgaia2,tmgaia2,,,,,,,,,,14.113,0.050136,8.55,1.0,jhk,,,,,,,,,,,,,,,,,,187.86836988048,-64.55965667372,-59.21088402324702,-1.7710128127773406,"[64, 65]","['hlsp_tess-spoc_tess_phot_0000000451183838-s0064_tess_v1_lc.fits', 'hlsp_tess-spoc_tess_phot_0000000451183838-s0065_tess_v1_lc.fits']"
0.220957,OGLE-GD-LPV-008887,4,233.39904166666665,-57.54822222222222,284253326,233.3989503673,-57.54825919647,0,,,15333573-5732536,0,J153335.76-573253.1,5882259291653690240,0,0,STAR,tmgaia2,tmgaia2,2.46,0.198,-1.063,0.223,gaia2,-0.3328,0.1634,,,14.9512,0.007499,9.647,1.0,jhk,gaia2,,,,,,,,,,,6760.48,2582.36,2.3527,0.4469,2103.24,3061.49,233.39897010578,-57.54826377284,-36.65095729725948,-1.252296581647769,[65],['hlsp_tess-spoc_tess_phot_0000000284253326-s0065_tess_v1_lc.fits']
0.021699,OGLE-GD-LPV-013984,4,249.642875,-43.14580555555556,231464360,249.64287604402,-43.14581153472,0,,,16383429-4308448,0,J163834.29-430844.7,5968399671085340928,0,0,STAR,tmgaia2,tmgaia2,,,,,,,,,,14.9758,0.02509,9.884,1.0,jhk,,,,,,,,,,,,,,,,,,249.64287604402,-43.14581153472,-19.406996007957588,2.515485679330196,[66],['hlsp_tess-spoc_tess_phot_0000000231464360-s0066_tess_v1_lc.fits']
0.046661,OGLE-GD-LPV-019807,4,280.201625,-8.52425,203493101,280.20162887833,-8.52426238082,0,,,18404838-0831273,0,J184048.40-083127.2,4251756493426690560,0,0,STAR,tmgaia2,tmgaia2,,,,,,,,,,14.4681,0.059474,9.312,1.0,jhk,,,,,,,,,,,,,,,,,,280.20162887833,-8.52426238082,24.137649942756045,-1.534292395490899,[80],['hlsp_tess-spoc_tess_phot_0000000203493101-s0080_tess_v1_lc.fits']
0.119049,OGLE-GD-LPV-022534,4,283.5383749999999,-4.83761111111111,55809834,283.53838727834,-4.83764183387,0,,,18540921-0450153,0,J185409.20-045015.6,4254970950008208256,0,0,STAR,tmgaia2,tmgaia2,,,,,,,,,,13.7705,0.043166,9.374,1.0,jhk,,,,,,,,,,,,,,,,,,283.53838727834,-4.83764183387,28.932037263801657,-2.8064183326611394,[80],['hlsp_tess-spoc_tess_phot_0000000055809834-s0080_tess_v1_lc.fits']
0.113132,OGLE-BLG-LPV-239997,4,262.6555833333333,-30.975388888888887,163576647,262.65556207065,-30.97541448613,0,,,17303733-3058314,0,J173037.34-305831.5,4058377205820136192,0,0,STAR,tmgaia2,tmgaia2,,,,,,,,,,14.9965,0.060965,10.017,1.0,jhk,,,,,,,,,,,,,,,,,,262.65556207065,-30.97541448613,-3.460901513980704,1.6533675737918068,[66],['hlsp_tess-spoc_tess_phot_0000000163576647-s0066_tess_v1_lc.fits']
0.167761,OGLE-GD-LPV-003572,4,196.62304166666664,-64.07666666666667,440508505,196.62293559047,-64.07667126121,0,,,13062951-6404360,0,J130629.52-640435.9,5862084627688892032,0,0,STAR,tmgaia2,tmgaia2,,,,,,,,,,14.5615,0.024826,9.891,1.0,jhk,,,,,,,,,,,,,,,,,,196.62293559047,-64.07667126121,-55.42332855855944,-1.2530054893764742,"[64, 65]","['hlsp_tess-spoc_tess_phot_0000000440508505-s0064_tess_v1_lc.fits', 'hlsp_tess-spoc_tess_phot_0000000440508505-s0065_tess_v1_lc.fits']"
0.044738,OGLE-BLG-LPV-233743,4,256.96775,-31.40813888888889,42927335,256.96773781881,-31.40813208079,0,,,17075226-3124293,0,J170752.25-312429.1,6028264398429288192,0,0,STAR,tmgaia2,tmgaia2,,,,,,,,,,13.111,0.025722,9.002,1.0,jhk,,,,,,,,,,,,,,,,,,256.96773781881,-31.40813208079,-6.6040698949729535,5.397324148168978,[66],['hlsp_tess-spoc_tess_phot_0000000042927335-s0066_tess_v1_lc.fits']
0.103919,OGLE-GD-LPV-006841,4,222.71829166666663,-60.36719444444444,294554218,222.71824259721,-60.36717880382,0,,,14505240-6022017,0,J145052.39-602201.5,5878183058402739712,0,0,STAR,tmgaia2,tmgaia2,,,,,,,,,,12.3929,0.001678,8.13,1.0,jhk,,,,,,,,,,,,,,,,,,222.71824259721,-60.36717880382,-42.8158710162956,-0.8431439704782517,[65],['hlsp_tess-spoc_tess_phot_0000000294554218-s0065_tess_v1_lc.fits']
0.056672,OGLE-GD-LPV-023333,4,284.8560416666666,13.344944444444446,340643621,284.85603232776,13.34493158962,0,,,18592546+1320417,0,J185925.45+132041.8,4506099955508439040,0,0,STAR,tmgaia2,tmgaia2,,,,,,,,,,14.8986,0.085525,9.63,1.0,jhk,,,,,,,,,,,,,,,,,,284.85603232776,13.34493158962,45.729271364477725,4.305673371497642,[80],['hlsp_tess-spoc_tess_phot_0000000340643621-s0080_tess_v1_lc.fits']
0.198887,OGLE-BLG-LPV-233669,4,256.87079166666666,-40.10352777777778,378749568,256.87075314836,-40.10357451269,0,,,17072899-4006127,0,J170729.08-400612.6,5966907668166731136,0,0,STAR,tmgaia2,tmgaia2,,,,,,,,,,15.1517,0.073619,8.568,1.0,jhk,,,,,,,,,,,,,,,,,,256.87075314836,-40.10357451269,-13.632026520427738,0.2614191808705273,[66],['hlsp_tess-spoc_tess_phot_0000000378749568-s0066_tess_v1_lc.fits']
0.060599,OGLE-GD-LPV-022844,4,283.99154166666665,0.0055,57166626,283.99152592396,0.00550595977,0,,,18555798+0000197,0,J185557.99+000020.3,4266222596073810176,0,0,STAR,tmgaia2,tmgaia2,,,,,,,,,,14.4592,0.050392,9.495,1.0,jhk,,,,,,,,,,,,,,,,,,283.99152592396,0.00550595977,33.45307671234431,-1.005001315328422,[80],['hlsp_tess-spoc_tess_phot_0000000057166626-s0080_tess_v1_lc.fits']
0.058247,OGLE-BLG-LPV-242724,4,263.75683333333325,-35.138444444444445,102872059,263.75682099699,-35.13845709409,0,,,17350163-3508182,0,,5974864009220725632,0,0,STAR,tmgaia2,tmgaia2,,,,,,,,,,14.0874,0.05104,9.24,1.0,jhk,,,,,,,,,,,,,,,,,,263.75682099699,-35.13845709409,-6.447620216350448,-1.3902714986430225,[66],['hlsp_tess-spoc_tess_phot_0000000102872059-s0066_tess_v1_lc.fits']
0.103798,OGLE-GD-LPV-003654,4,197.44529166666663,-60.45336111111112,441557317,197.44523406712,-60.45335615792,0,,,13094687-6027121,0,J130946.86-602712.2,6055837268167673216,0,0,STAR,tmgaia2,tmgaia2,,,,,,,,,,14.1605,0.038742,9.756,1.0,jhk,,,,,,,,,,,,,,,,,,197.44523406712,-60.45335615792,-54.80660860306713,2.33781712977389,"[64, 65]","['hlsp_tess-spoc_tess_phot_0000000441557317-s0064_tess_v1_lc.fits', 'hlsp_tess-spoc_tess_phot_0000000441557317-s0065_tess_v1_lc.fits']"
0.110572,OGLE-GD-LPV-019924,4,280.32062499999995,-6.223805555555556,203637692,280.32062337189,-6.2238362273,0,,,18411695-0613257,0,J184116.93-061325.8,4253393734937162496,0,0,STAR,tmgaia2,tmgaia2,,,,,,,,,,14.4743,0.039035,9.08,1.0,jhk,,,,,,,,,,,,,,,,,,280.32062337189,-6.2238362273,26.23765296276811,-0.5868910214128701,[80],['hlsp_tess-spoc_tess_phot_0000000203637692-s0080_tess_v1_lc.fits']
0.07693,OGLE-GD-LPV-018487,4,277.9167083333333,-4.698416666666667,43006613,277.91671555912,-4.69843678602,0,,,18314001-0441542,0,J183140.01-044154.3,4257229312460865664,0,0,STAR,tmgaia2,tmgaia2,,,,,,,,,,15.7725,0.085915,10.294,1.0,jhk,,,,,,,,,,,,,,,,,,277.91671555912,-4.69843678602,26.49316060471844,2.239356202300928,[80],['hlsp_tess-spoc_tess_phot_0000000043006613-s0080_tess_v1_lc.fits']
0.091252,OGLE-GD-LPV-005427,4,213.1192083333333,-63.260666666666665,332767123,213.11918865129,-63.26069041712,0,,,14122861-6315384,0,J141228.61-631538.5,5853796371597881856,0,0,STAR,tmgaia2,tmgaia2,,,,,,,,,,13.9276,0.018754,9.478,1.0,jhk,,,,,,,,,,,,,,,,,,213.11918865129,-63.26069041712,-48.10032198497604,-1.8086535628134417,[65],['hlsp_tess-spoc_tess_phot_0000000332767123-s0065_tess_v1_lc.fits']
0.05223,OGLE-BLG-LPV-261461,4,274.47516666666667,-11.68425,15121710,274.47517958935,-11.68425709543,0,,,18175404-1141033,0,J181754.02-114103.4,4153879926732862336,0,0,STAR,tmgaia2,tmgaia2,,,,,,,,,,13.8335,0.063156,8.4,1.0,jhk,,,,,,,,,,,,,,,,,,274.47517958935,-11.68425709543,18.72071208499594,1.9906860282976544,[80],['hlsp_tess-spoc_tess_phot_0000000015121710-s0080_tess_v1_lc.fits']
0.129402,OGLE-GD-LPV-023301,4,284.79070833333327,-0.0732777777777777,331059446,284.79071927619,-0.07331201656,0,,,18590977-0004236,0,J185909.77-000423.8,4265787120732204800,0,0,STAR,tmgaia2,tmgaia2,,,,,,,,,,14.2471,0.05267,10.304,1.0,jhk,,,,,,,,,,,,,,,,,,284.79071927619,-0.07331201656,33.747560171077055,-1.7521317536099927,[80],['hlsp_tess-spoc_tess_phot_0000000331059446-s0080_tess_v1_lc.fits']
0.039754,OGLE-GD-LPV-009015,4,233.97529166666664,-55.909194444444445,285804188,233.97527220882,-55.90919617572,0,,,15355406-5554331,0,J153554.11-555433.5,5883588120126828032,0,0,STAR,tmgaia2,tmgaia2,-5.719,0.595,-3.746,0.454,gaia2,0.5245,0.2667,,,14.1812,0.047883,9.351,1.0,jhk,gaia2,,,,,,,,,,,2104.62,1433.75,0.2786,0.1853,824.99,2042.51,233.97522827665,-55.90921230279,-35.44000583166882,-0.103319567548721,[65],['hlsp_tess-spoc_tess_phot_0000000285804188-s0065_tess_v1_lc.fits']
0.155443,OGLE-GD-LPV-019585,4,279.97508333333326,-9.973027777777778,197208594,279.97505874876,-9.97306352854,0,,,18395402-0958228,0,J183953.99-095822.9,4155249364167882752,0,0,STAR,tmgaia2,tmgaia2,,,,,,,,,,13.8579,0.044793,10.035,1.0,jhk,,,,,,,,,,,,,,,,,,279.97505874876,-9.97306352854,22.74626112355017,-1.9977966474563424,[80],['hlsp_tess-spoc_tess_phot_0000000197208594-s0080_tess_v1_lc.fits']
0.118938,OGLE-BLG-LPV-240490,4,262.88508333333334,-36.767694444444444,176158823,262.88507108756,-36.76772599271,0,,,17313241-3646037,0,J173132.41-364604.1,5974609334828095744,0,0,STAR,tmgaia2,tmgaia2,,,,,,,,,,14.876,0.013378,9.665,1.0,jhk,,,,,,,,,,,,,,,,,,262.88507108756,-36.76772599271,-8.199167704771211,-1.6846298963084254,[66],['hlsp_tess-spoc_tess_phot_0000000176158823-s0066_tess_v1_lc.fits']
0.126115,OGLE-GD-LPV-005984,4,217.17991666666663,-57.39438888888889,264265050,217.17985264605,-57.39438279415,0,,,14284319-5723398,0,J142843.07-572340.1,5891644173128440960,0,0,STAR,tmgaia2,tmgaia2,,,,,,,,,,13.7929,0.034757,9.639,1.0,jhk,,,,,,,,,,,,,,,,,,217.17985264605,-57.39438279415,-44.227904108722,3.031982062379835,[65],['hlsp_tess-spoc_tess_phot_0000000264265050-s0065_tess_v1_lc.fits']
0.089005,OGLE-GD-LPV-002207,4,179.04433333333333,-61.98955555555556,306281063,179.04428156017,-61.98956003484,0,,,11561065-6159222,0,J115610.63-615922.4,5334711881228743936,0,0,STAR,tmgaia2,tmgaia2,,,,,,,,,,13.9292,0.031946,9.274,1.0,jhk,,,,,,,,,,,,,,,,,,179.04428156017,-61.98956003484,-63.50701033578724,0.189377355737142,[64],['hlsp_tess-spoc_tess_phot_0000000306281063-s0064_tess_v1_lc.fits']
0.073487,OGLE-GD-LPV-022280,4,283.201,-4.404277777777778,54163225,283.20102018607,-4.40428118578,0,,,18524824-0424153,0,J185248.25-042415.3,4255047125555562112,0,0,STAR,tmgaia2,tmgaia2,,,,,,,,,,14.9517,0.029858,9.62,1.0,jhk,,,,,,,,,,,,,,,,,,283.20102018607,-4.40428118578,29.16552703062361,-2.309979168609406,[80],['hlsp_tess-spoc_tess_phot_0000000054163225-s0080_tess_v1_lc.fits']
0.06173,OGLE-GD-LPV-012438,4,246.38412499999995,-47.13194444444444,223906929,246.3841318991,-47.13192795214,0,,,16253220-4707548,0,J162532.19-470754.8,5942227304317691136,0,0,STAR,tmgaia2,tmgaia2,,,,,,,,,,14.9927,0.023076,8.389,1.0,jhk,,,,,,,,,,,,,,,,,,246.3841318991,-47.13192795214,-23.890954064429536,1.4747935467656563,[66],['hlsp_tess-spoc_tess_phot_0000000223906929-s0066_tess_v1_lc.fits']
0.10545,OGLE-BLG-LPV-021443,4,265.75837499999994,-34.052499999999995,108702378,265.75838253645,-34.05252861832,0,,,17430202-3403090,0,J174302.01-340309.1,4053807704196665344,0,0,STAR,tmgaia2,tmgaia2,,,,,,,,,,15.3255,0.085799,8.317,1.0,jhk,,,,,,,,,,,,,,,,,,265.75838253645,-34.05252861832,-4.650100220897771,-2.206260106507004,[66],['hlsp_tess-spoc_tess_phot_0000000108702378-s0066_tess_v1_lc.fits']
0.191989,OGLE-GD-LPV-017950,4,276.479375,-8.687694444444444,385029259,276.47933030645,-8.68766457483,0,,,18255504-0841157,0,J182555.04-084115.4,4159228947735877248,0,0,STAR,tmgaia2,tmgaia2,,,,,,,,,,14.3762,0.062559,9.776,1.0,jhk,,,,,,,,,,,,,,,,,,276.47933030645,-8.68766457483,22.29424658312148,1.6554173997541666,[80],['hlsp_tess-spoc_tess_phot_0000000385029259-s0080_tess_v1_lc.fits']
0.133996,OGLE-GD-LPV-011052,4,242.43208333333328,-46.04727777777778,163129673,242.43204757652,-46.04730551773,0,,,16094368-4602502,0,J160943.65-460250.2,5990200650217119616,0,0,STAR,tmgaia2,tmgaia2,,,,,,,,,,16.6559,0.004749,10.067,1.0,jhk,,,,,,,,,,,,,,,,,,242.43204757652,-46.04730551773,-25.08098379356632,4.146442511765509,[65],['hlsp_tess-spoc_tess_phot_0000000163129673-s0065_tess_v1_lc.fits']
0.17541,OGLE-BLG-LPV-232655,4,253.6877083333333,-36.57686111111112,339992479,253.68767768946,-36.57690316516,0,,,16544505-3634367,0,J165445.04-363436.8,5971488817794220416,0,0,STAR,tmgaia2,tmgaia2,,,,,,,,,,15.3168,0.042185,10.088,1.0,jhk,,,,,,,,,,,,,,,,,,253.68767768946,-36.57690316516,-12.378190711341244,4.396078299400748,[66],['hlsp_tess-spoc_tess_phot_0000000339992479-s0066_tess_v1_lc.fits']
0.03307,OGLE-GD-LPV-013927,4,249.52741666666665,-48.96288888888889,31454303,249.5274256501,-48.96289593131,0,,,16380656-4857463,0,J163806.58-485746.2,5940845841010857344,0,0,STAR,tmgaia2,tmgaia2,,,,,,,,,,15.1243,0.020654,9.905,1.0,jhk,,,,,,,,,,,,,,,,,,249.5274256501,-48.96289593131,-23.79095125798325,-1.3100942744077717,[66],['hlsp_tess-spoc_tess_phot_0000000031454303-s0066_tess_v1_lc.fits']
0.089825,OGLE-GD-LPV-024157,4,286.2670416666666,9.712305555555554,223657353,286.26702418849,9.71228750616,0,,,19050407+0942441,0,J190504.09+094244.2,4310756489135855488,0,0,STAR,tmgaia2,tmgaia2,,,,,,,,,,13.224,0.012377,9.274,1.0,jhk,,,,,,,,,,,,,,,,,,286.26702418849,9.71228750616,43.12179150263943,1.4201585455188177,[80],['hlsp_tess-spoc_tess_phot_0000000223657353-s0080_tess_v1_lc.fits']
0.150797,OGLE-BLG-LPV-260102,4,273.2487916666666,-14.9085,108885639,273.24875809886,-14.9085265028,0,,,18125971-1454306,0,J181259.69-145430.3,4146051193488887168,0,0,STAR,tmgaia2,tmgaia2,,,,,,,,,,15.6061,0.077316,9.546,1.0,jhk,,,,,,,,,,,,,,,,,,273.24875809886,-14.9085265028,15.315553521218378,1.5053555448779914,[80],['hlsp_tess-spoc_tess_phot_0000000108885639-s0080_tess_v1_lc.fits']
0.047888,OGLE-GD-LPV-022354,4,283.2805833333333,-11.925305555555555,32972124,283.28057869131,-11.92531805837,0,,,18530734-1155310,0,J185307.35-115531.2,4105844737656998656,0,0,STAR,tmgaia2,tmgaia2,,,,,,,,,,14.1219,0.064222,9.713,1.0,jhk,,,,,,,,,,,,,,,,,,283.28057869131,-11.92531805837,22.47208422323637,-5.7750306212493925,[80],['hlsp_tess-spoc_tess_phot_0000000032972124-s0080_tess_v1_lc.fits']
0.108242,OGLE-GD-LPV-022405,4,283.3559583333333,-2.415083333333333,55212614,283.35597210824,-2.41511006587,0,,,18532543-0224542,0,J185325.43-022454.3,4258892186374969600,0,0,STAR,tmgaia2,tmgaia2,,,,,,,,,,15.4163,0.028379,10.383,1.0,jhk,,,,,,,,,,,,,,,,,,283.35597210824,-2.41511006587,31.008291104076733,-1.5425628508891145,[80],['hlsp_tess-spoc_tess_phot_0000000055212614-s0080_tess_v1_lc.fits']
0.103184,OGLE-BLG-LPV-265012,4,278.46329166666663,-12.28138888888889,433165744,278.4632639267,-12.28139820707,0,,,18335118-1216528,0,J183351.20-121653.3,4105022509155407744,0,0,STAR,tmgaia2,tmgaia2,,,,,,,,,,13.8812,0.038042,9.155,1.0,jhk,,,,,,,,,,,,,,,,,,278.4632639267,-12.28139820707,20.013274622763934,-1.7383322274816453,[80],['hlsp_tess-spoc_tess_phot_0000000433165744-s0080_tess_v1_lc.fits']
0.060773,OGLE-GD-LPV-010479,4,240.48399999999995,-48.124138888888886,275021158,240.48398836728,-48.12415387825,0,,,16015614-4807269,0,J160156.16-480727.0,5984355199730515584,0,0,STAR,tmgaia2,tmgaia2,,,,,,,,,,15.4559,0.057268,9.569,1.0,jhk,,,,,,,,,,,,,,,,,,240.48398836728,-48.12415387825,-27.46147808873077,3.490445413702391,[65],['hlsp_tess-spoc_tess_phot_0000000275021158-s0065_tess_v1_lc.fits']
0.064458,OGLE-GD-LPV-022799,4,283.92854166666666,0.0731388888888888,57165435,283.92852569312,0.07314697811,0,,,18554285+0004233,0,J185542.85+000423.2,4266226925400933120,0,0,STAR,tmgaia2,tmgaia2,,,,,,,,,,13.1149,0.004562,9.778,1.0,jhk,,,,,,,,,,,,,,,,,,283.92852569312,0.07314697811,33.4845445796832,-0.9180871661021868,[80],['hlsp_tess-spoc_tess_phot_0000000057165435-s0080_tess_v1_lc.fits']
0.136976,OGLE-GD-LPV-025583,4,288.8435833333333,3.0126666666666666,174801080,288.8435497317,3.01264872909,0,,,19152245+0300457,0,J191522.43+030045.6,4268193608109808000,0,0,STAR,tmgaia2,tmgaia2,,,,,,,,,,13.8246,0.010738,9.989,1.0,jhk,,,,,,,,,,,,,,,,,,288.8435497317,3.01264872909,38.35272832085597,-3.938765338153855,[80],['hlsp_tess-spoc_tess_phot_0000000174801080-s0080_tess_v1_lc.fits']
0.065774,OGLE-GD-LPV-020204,4,280.6025833333333,-7.277472222222222,162368318,280.60257319208,-7.27748747416,0,,,18422461-0716390,0,J184224.62-071639.0,4252698259485905280,0,0,STAR,tmgaia2,tmgaia2,,,,,,,,,,13.4907,0.033968,8.533,1.0,jhk,,,,,,,,,,,,,,,,,,280.60257319208,-7.27748747416,25.4285017755976,-1.3176968928070727,[80],['hlsp_tess-spoc_tess_phot_0000000162368318-s0080_tess_v1_lc.fits']
0.074744,OGLE-BLG-LPV-262809,4,275.76512499999995,-15.154722222222222,118987921,275.76511131626,-15.15473824168,0,,,18230362-1509169,0,J182303.65-150917.7,4098189246167111168,0,0,STAR,tmgaia2,tmgaia2,,,,,,,,,,13.1172,0.013997,8.456,1.0,jhk,,,,,,,,,,,,,,,,,,275.76511131626,-15.15473824168,16.250598247212455,-0.7512832520787197,[80],['hlsp_tess-spoc_tess_phot_0000000118987921-s0080_tess_v1_lc.fits']
0.126325,OGLE-GD-LPV-012240,4,245.872375,-50.40163888888889,412223204,245.87235840021,-50.40167234597,0,,,16232938-5024058,0,J162329.38-502406.0,5935231906418188800,0,0,STAR,tmgaia2,tmgaia2,,,,,,,,,,16.3199,0.041022,9.567,1.0,jhk,,,,,,,,,,,,,,,,,,245.87235840021,-50.40167234597,-26.45992113751543,-0.5760709263047601,[66],['hlsp_tess-spoc_tess_phot_0000000412223204-s0066_tess_v1_lc.fits']
0.104663,OGLE-GD-LPV-007360,4,225.60579166666665,-58.57633333333334,36962300,225.60573937182,-58.57634342762,0,,,15022538-5834349,0,,5879718698201426816,0,0,STAR,tmgaia2,tmgaia2,,,,,,,,,,15.0636,0.052614,9.957,1.0,jhk,,,,,,,,,,,,,,,,,,225.60573937182,-58.57634342762,-40.68753618965591,0.066245213759318,[65],['hlsp_tess-spoc_tess_phot_0000000036962300-s0065_tess_v1_lc.fits']
0.156744,OGLE-GD-LPV-005446,4,213.26241666666664,-61.43233333333333,333361202,213.26232738578,-61.43234187523,0,,,14130298-6125563,0,J141302.96-612556.4,5866532392683794304,0,0,STAR,tmgaia2,tmgaia2,,,,,,,,,,14.3032,0.023427,9.213,1.0,jhk,,,,,,,,,,,,,,,,,,213.26232738578,-61.43234187523,-47.47154277087398,-0.0905176516282244,[65],['hlsp_tess-spoc_tess_phot_0000000333361202-s0065_tess_v1_lc.fits']
0.112236,OGLE-GD-LPV-014789,4,251.245875,-47.85477777777778,235432828,251.2458915074,-47.85480692051,0,,,16445902-4751171,0,J164459.01-475117.2,5939515603737703680,0,0,STAR,tmgaia2,tmgaia2,,,,,,,,,,14.8873,0.041414,9.811,1.0,jhk,,,,,,,,,,,,,,,,,,251.2458915074,-47.85480692051,-22.20516359225244,-1.4351957601013332,[66],['hlsp_tess-spoc_tess_phot_0000000235432828-s0066_tess_v1_lc.fits']
0.094497,OGLE-GD-LPV-004476,4,204.7012083333333,-63.55008333333333,319379888,204.70115078552,-63.55008898865,0,,,13384827-6333003,0,J133848.31-633300.1,5864997989909270656,0,0,STAR,tmgaia2,tmgaia2,,,,,,,,,,13.5961,0.026078,9.28,1.0,jhk,,,,,,,,,,,,,,,,,,204.70115078552,-63.55008898865,-51.82265532059154,-1.161770536998167,[65],['hlsp_tess-spoc_tess_phot_0000000319379888-s0065_tess_v1_lc.fits']
0.181781,OGLE-GD-LPV-018175,4,277.11204166666664,-5.919222222222222,132980795,277.11202461328,-5.91926978251,0,,,18282688-0555092,0,J182826.86-055509.3,4256277616460062080,0,0,STAR,tmgaia2,tmgaia2,,,,,,,,,,14.0998,0.034604,9.498,1.0,jhk,,,,,,,,,,,,,,,,,,277.11202461328,-5.91926978251,25.03909926614208,2.3857670985336816,[80],['hlsp_tess-spoc_tess_phot_0000000132980795-s0080_tess_v1_lc.fits']
0.142977,OGLE-GD-LPV-009839,4,237.56316666666663,-48.491416666666666,276725162,237.56310802832,-48.49142486045,0,,,15501515-4829289,0,J155015.14-482929.1,5986022884004680192,0,0,STAR,tmgaia2,tmgaia2,,,,,,,,,,14.6293,0.042574,9.167,1.0,jhk,,,,,,,,,,,,,,,,,,237.56310802832,-48.49142486045,-29.18891710999201,4.459437359398214,[65],['hlsp_tess-spoc_tess_phot_0000000276725162-s0065_tess_v1_lc.fits']
0.142786,OGLE-GD-LPV-004340,4,203.5807083333333,-59.406416666666665,457274265,203.58063051078,-59.40641876288,0,,,13341936-5924231,0,J133419.35-592422.9,5869994170744571136,0,0,STAR,tmgaia2,tmgaia2,,,,,,,,,,13.541,0.001706,9.457,1.0,jhk,,,,,,,,,,,,,,,,,,203.58063051078,-59.40641876288,-51.627671089285165,3.0115781021834302,[65],['hlsp_tess-spoc_tess_phot_0000000457274265-s0065_tess_v1_lc.fits']
0.14106,OGLE-GD-LPV-017998,4,276.6488333333333,-9.623805555555556,385747290,276.64885090782,-9.62377041137,0,,,18263572-0937256,0,J182635.72-093725.4,4156021844135263104,0,0,STAR,tmgaia2,tmgaia2,-5.224,0.492,-4.783,0.412,gaia2,0.2046,0.2882,,,14.8903,0.055628,9.707,1.0,jhk,gaia2,,,,,,,,,,,3260.43,1920.15,1.5621,0.4551,1348.51,2491.79,276.64882809305,-9.62379100403,21.543621145548347,1.071313198432518,[80],['hlsp_tess-spoc_tess_phot_0000000385747290-s0080_tess_v1_lc.fits']
0.102956,OGLE-GD-LPV-008313,4,230.7710833333333,-51.433027777777774,138196088,230.77104791354,-51.43304595171,0,,,15230507-5125587,0,J152305.06-512558.4,5889797405925371392,0,0,STAR,tmgaia2,tmgaia2,,,,,,,,,,14.2623,0.025987,8.329,1.0,jhk,,,,,,,,,,,,,,,,,,230.77104791354,-51.43304595171,-34.46575130475567,4.658993649465871,[65],['hlsp_tess-spoc_tess_phot_0000000138196088-s0065_tess_v1_lc.fits']
0.113376,OGLE-GD-LPV-022549,4,283.5589999999999,-1.0172222222222222,55540071,283.5589810545,-1.01724738194,0,,,18541415-0101020,0,J185414.10-010101.7,4265304813119513984,0,0,STAR,tmgaia2,tmgaia2,,,,,,,,,,13.804,0.05052,9.551,1.0,jhk,,,,,,,,,,,,,,,,,,283.5589810545,-1.01724738194,32.34545409003629,-1.0863303360752696,[80],['hlsp_tess-spoc_tess_phot_0000000055540071-s0080_tess_v1_lc.fits']
0.08348,OGLE-GD-LPV-023077,4,284.3927083333333,-2.4805833333333336,328880655,284.39272930548,-2.48057339764,0,,,18573425-0228501,0,J185734.27-022850.1,4261890829490804224,0,0,STAR,tmgaia2,tmgaia2,,,,,,,,,,13.4139,0.061097,8.99,1.0,jhk,,,,,,,,,,,,,,,,,,284.39272930548,-2.48057339764,31.42170913295277,-2.494656080862052,[80],['hlsp_tess-spoc_tess_phot_0000000328880655-s0080_tess_v1_lc.fits']
0.079586,OGLE-GD-LPV-022726,4,283.804625,-0.2381666666666666,56315455,283.8046089661,-0.23818188658,0,,,18551310-0014174,0,J185513.11-001417.2,4265460703276456320,0,0,STAR,tmgaia2,tmgaia2,,,,,,,,,,14.7139,0.038102,10.069,1.0,jhk,,,,,,,,,,,,,,,,,,283.8046089661,-0.23818188658,33.15093951042477,-0.9497675590010995,[80],['hlsp_tess-spoc_tess_phot_0000000056315455-s0080_tess_v1_lc.fits']
0.026715,OGLE-GD-LPV-017972,4,276.54,-6.356388888888889,385139474,276.53999331664,-6.35638557978,0,,,18260958-0621230,0,J182609.59-062122.8,4160913502652920320,0,0,STAR,tmgaia2,tmgaia2,,,,,,,,,,13.8915,0.019884,10.04,1.0,jhk,,,,,,,,,,,,,,,,,,276.53999331664,-6.35638557978,24.38735463618709,2.686874355482512,[80],['hlsp_tess-spoc_tess_phot_0000000385139474-s0080_tess_v1_lc.fits']
0.18617,OGLE-GD-LPV-008214,4,230.2875,-53.93308333333333,136278853,230.28741721698,-53.93310062673,0,,,15210899-5355590,0,J152109.01-535558.9,5887212866419354368,0,0,STAR,tmgaia2,tmgaia2,,,,,,,,,,13.5507,0.017156,9.262,1.0,jhk,,,,,,,,,,,,,,,,,,230.28741721698,-53.93310062673,-36.07756687820997,2.7227079931429863,[65],['hlsp_tess-spoc_tess_phot_0000000136278853-s0065_tess_v1_lc.fits']
0.116142,OGLE-GD-LPV-010144,4,238.9750833333333,-51.30161111111111,289690103,238.97504453981,-51.30163238404,0,,,15555401-5118058,0,,5981717299536090240,0,0,STAR,tmgaia2,tmgaia2,,,,,,,,,,15.86,0.062287,9.221,1.0,jhk,,,,,,,,,,,,,,,,,,238.97504453981,-51.30163238404,-30.271607918397294,1.7108158915178908,[65],['hlsp_tess-spoc_tess_phot_0000000289690103-s0065_tess_v1_lc.fits']
0.145556,OGLE-GD-LPV-006772,4,222.320625,-66.6563888888889,258705180,222.320541691,-66.65641223523,0,,117-102022,14491691-6639226,0,J144916.92-663922.9,5848621691885171712,32940882,0,STAR,tmgaia2,tmgaia2,-2.002,0.14,-3.393,0.191,gaia2,0.308,0.1145,16.792,0.092,12.0693,0.01943,10.252,0.021,rered,gaia2,,,,,,,,,,,3063.21,1315.89,0.2533,0.0174,881.74,1750.04,222.32051994026,-66.65642684261,-45.75841587219345,-6.40802808744846,[65],['hlsp_tess-spoc_tess_phot_0000000258705180-s0065_tess_v1_lc.fits']
0.052687,OGLE-GD-LPV-017819,4,275.91120833333326,-8.622972222222222,19111274,275.91120457955,-8.62298637909,0,,,18233868-0837227,0,J182338.69-083722.9,4159286736501856256,0,0,STAR,tmgaia2,tmgaia2,-1.577,0.557,0.259,0.502,gaia2,0.0288,0.3165,,,14.4628,0.054727,9.675,1.0,jhk,gaia2,,,,,,,,,,,3600.64,1980.17,1.471,0.4035,1463.98,2496.36,275.91119771354,-8.62298526181,22.08929041677741,2.1824200112907337,[80],['hlsp_tess-spoc_tess_phot_0000000019111274-s0080_tess_v1_lc.fits']
0.110035,OGLE-GD-LPV-018375,4,277.656625,-8.282472222222223,215059008,277.65665185614,-8.28245712422,0,,,18303760-0816568,0,J183037.59-081656.8,4156651039639362432,0,0,STAR,tmgaia2,tmgaia2,-2.356,0.583,-4.952,0.623,gaia2,-0.3745,0.3108,,,15.9243,0.07463,10.249,1.0,jhk,gaia2,,,,,,,,,,,4681.02,2258.19,1.7101,0.5977,1764.29,2752.09,277.65664160321,-8.28247844628,23.19403482128381,0.8123793654565342,[80],['hlsp_tess-spoc_tess_phot_0000000215059008-s0080_tess_v1_lc.fits']
0.078408,OGLE-GD-LPV-024085,4,286.16816666666665,11.450777777777777,223626623,286.16816315064,11.45075627217,0,,,19044035+1127029,0,J190440.35+112702.7,4313463594184399360,42054233,0,STAR,tmgaia2,tmgaia2,,,,,,,,15.306,0.06,13.0732,0.031473,10.361,0.031,vjk,,,,,,,,,,,,,,,,,,286.16816315064,11.45075627217,44.623476998187606,2.302822943803412,[80],['hlsp_tess-spoc_tess_phot_0000000223626623-s0080_tess_v1_lc.fits']
0.091025,OGLE-GD-LPV-018342,4,277.5695,-6.82675,214848541,277.56948068806,-6.82676648148,0,,,18301669-0649363,0,J183016.68-064936.1,4159908136689405568,0,0,STAR,tmgaia2,tmgaia2,,,,,,,,,,14.0272,0.039371,10.093,1.0,jhk,,,,,,,,,,,,,,,,,,277.56948068806,-6.82676648148,24.44477499828744,1.562665741957963,[80],['hlsp_tess-spoc_tess_phot_0000000214848541-s0080_tess_v1_lc.fits']
0.069997,OGLE-GD-LPV-016968,4,257.03675,-48.78936111111111,213159068,257.03676681102,-48.78937709174,0,,,17080882-4847214,0,J170808.83-484721.8,5926692721184389120,0,0,STAR,tmgaia2,tmgaia2,,,,,,,,,,14.3761,0.051117,9.709,1.0,jhk,,,,,,,,,,,,,,,,,,257.03676681102,-48.78937709174,-20.53173928415877,-5.027050811629418,[66],['hlsp_tess-spoc_tess_phot_0000000213159068-s0066_tess_v1_lc.fits']
0.09804,OGLE-GD-LPV-008322,4,230.8465,-54.55269444444444,47081780,230.84645422462,-54.55270051694,0,,,15232317-5433095,0,J152323.16-543309.6,5886902391795509888,0,0,STAR,tmgaia2,tmgaia2,,,,,,,,,,14.2473,0.029275,9.628,1.0,jhk,,,,,,,,,,,,,,,,,,230.84645422462,-54.55270051694,-36.14127758819593,2.025169666449888,[65],['hlsp_tess-spoc_tess_phot_0000000047081780-s0065_tess_v1_lc.fits']
0.100782,OGLE-GD-LPV-015645,4,253.08629166666665,-45.61438888888889,246753508,253.08625783018,-45.61440384005,0,,,16522071-4536516,0,J165220.73-453651.9,5964178267992726016,0,0,STAR,tmgaia2,tmgaia2,,,,,,,,,,13.4438,0.010765,8.696,1.0,jhk,,,,,,,,,,,,,,,,,,253.08625783018,-45.61440384005,-19.67818520894389,-0.9590949598968804,[66],['hlsp_tess-spoc_tess_phot_0000000246753508-s0066_tess_v1_lc.fits']
0.092099,OGLE-GD-LPV-011025,4,242.3295416666666,-54.16166666666666,206878267,242.32950436153,-54.1616799864,0,,,16091908-5409421,0,J160919.09-540941.4,5932607509711354880,0,0,STAR,tmgaia2,tmgaia2,,,,,,,,,,14.4917,0.027889,9.804,1.0,jhk,,,,,,,,,,,,,,,,,,242.32950436153,-54.1616799864,-30.62979902361368,-1.7779874649105032,[65],['hlsp_tess-spoc_tess_phot_0000000206878267-s0065_tess_v1_lc.fits']
0.148331,OGLE-GD-LPV-018250,4,277.32070833333336,-8.364472222222222,213778640,277.3206827015,-8.36450469671,0,,409-077579,18291696-0821520,0,J182916.96-082151.7,4156632176150830080,0,0,STAR,tmgaia2,tmgaia2,,,,,,,,,,14.2142,0.058887,9.302,1.0,jhk,,,,,,,,,,,,,,,,,,277.3206827015,-8.36450469671,22.96734374114885,1.068942038628479,[80],['hlsp_tess-spoc_tess_phot_0000000213778640-s0080_tess_v1_lc.fits']
0.087025,OGLE-GD-LPV-017789,4,275.7942499999999,-9.005666666666666,19107258,275.79426880767,-9.00568213617,0,,,18231062-0900204,0,,4159129167064862080,0,0,STAR,tmgaia2,tmgaia2,,,,,,,,,,13.1216,0.050044,8.096,1.0,jhk,,,,,,,,,,,,,,,,,,275.79426880767,-9.00568213617,21.69668952049293,2.105651934593783,[80],['hlsp_tess-spoc_tess_phot_0000000019107258-s0080_tess_v1_lc.fits']
0.080346,OGLE-GD-LPV-004750,4,207.3393333333333,-59.70091666666667,207877828,207.3392900411,-59.70091207812,0,,,13492144-5942033,0,J134921.53-594203.5,5870524100967380352,0,0,STAR,tmgaia2,tmgaia2,,,,,,,,,,14.9842,0.022919,9.427,1.0,jhk,,,,,,,,,,,,,,,,,,207.3392900411,-59.70091207812,-49.814846906184485,2.352688736748786,[65],['hlsp_tess-spoc_tess_phot_0000000207877828-s0065_tess_v1_lc.fits']
0.112634,OGLE-GD-LPV-004426,4,204.283125,-68.62086111111111,342296148,204.28304283859,-68.62085206504,0,,,13370796-6837151,0,J133707.93-683714.9,5844456123353046528,0,0,STAR,tmgaia2,tmgaia2,,,,,,,,,,14.0162,0.044519,9.493,1.0,jhk,,,,,,,,,,,,,,,,,,204.28304283859,-68.62085206504,-52.90388799966578,-6.1193496367914335,[65],['hlsp_tess-spoc_tess_phot_0000000342296148-s0065_tess_v1_lc.fits']
0.111258,OGLE-GD-LPV-024781,4,287.3079166666666,12.113888888888887,395350223,287.30791225833,12.11391949188,0,,,19091390+1206500,0,J190913.87+120650.2,4313140028544094080,0,0,STAR,tmgaia2,tmgaia2,,,,,,,,,,13.7791,0.029896,9.392,1.0,jhk,,,,,,,,,,,,,,,,,,287.30791225833,12.11391949188,45.72534257122063,1.6158791870178724,"[80, 81]","['hlsp_tess-spoc_tess_phot_0000000395350223-s0080_tess_v1_lc.fits', 'hlsp_tess-spoc_tess_phot_0000000395350223-s0081_tess_v1_lc.fits']"
0.065474,OGLE-GD-LPV-014017,4,249.71841666666663,-47.71280555555556,231135226,249.71839452712,-47.71281598977,0,,,16385242-4742460,0,J163852.45-474246.2,5941071958112409344,0,0,STAR,tmgaia2,tmgaia2,,,,,,,,,,14.1427,0.022114,9.52,1.0,jhk,,,,,,,,,,,,,,,,,,249.71839452712,-47.71281598977,-22.77535374001974,-0.5700409012064298,[66],['hlsp_tess-spoc_tess_phot_0000000231135226-s0066_tess_v1_lc.fits']
0.196348,OGLE-BLG-LPV-265298,4,279.08825,-10.930916666666668,5557218,279.08820099024,-10.93094234049,0,,,18362116-1055515,0,J183621.17-105551.4,4154743249553931776,0,0,STAR,tmgaia2,tmgaia2,,,,,,,,,,14.7302,0.063836,10.146,1.0,jhk,,,,,,,,,,,,,,,,,,279.08820099024,-10.93094234049,21.494665031976936,-1.6612998621584034,[80],['hlsp_tess-spoc_tess_phot_0000000005557218-s0080_tess_v1_lc.fits']
0.166772,OGLE-GD-LPV-014614,4,250.949,-48.62888888888889,42658375,250.94894667642,-48.62891895498,0,,,16434776-4837439,0,,5937968934477168512,0,0,STAR,tmgaia2,tmgaia2,,,,,,,,,,15.1282,0.017561,8.674,1.0,jhk,,,,,,,,,,,,,,,,,,250.94894667642,-48.62891895498,-22.920641318676275,-1.7913353977764108,[66],['hlsp_tess-spoc_tess_phot_0000000042658375-s0066_tess_v1_lc.fits']
0.139257,OGLE-GD-LPV-000892,4,149.22941666666665,-52.91975,132914480,149.22936062684,-52.91973116703,0,,,09565506-5255111,0,J095655.06-525511.0,5404645459279872128,0,0,STAR,tmgaia2,tmgaia2,,,,,,,,,,14.1067,0.030638,9.876,1.0,jhk,,,,,,,,,,,,,,,,,,149.22936062684,-52.91973116703,-81.65980479253392,1.4106830360565836,[63],['hlsp_tess-spoc_tess_phot_0000000132914480-s0063_tess_v1_lc.fits']
0.087838,OGLE-GD-LPV-007879,4,228.53716666666665,-60.33825,455299121,228.53711756608,-60.3382477852,0,,,15140891-6020177,0,J151408.96-602017.9,5876273206759246080,0,0,STAR,tmgaia2,tmgaia2,,,,,,,,,,14.0969,0.024922,9.864,1.0,jhk,,,,,,,,,,,,,,,,,,228.53711756608,-60.3382477852,-40.279595334325904,-2.2042355829437352,[65],['hlsp_tess-spoc_tess_phot_0000000455299121-s0065_tess_v1_lc.fits']
0.01925,OGLE-GD-LPV-022813,4,283.957375,2.7710555555555554,227288191,283.95737410709,2.77106082797,0,,,18554976+0246158,0,,4280696429640854784,0,0,STAR,tmgaia2,tmgaia2,-2.71,0.569,-6.072,0.502,gaia2,0.6468,0.3969,,,17.555,0.074587,10.389,1.0,jhk,gaia2,,,,,,,,,,,1772.87,1257.39,0.7982,0.5355,751.89,1762.88,283.95736242628,2.77103468472,35.89854021527113,0.2871521007029503,[80],['hlsp_tess-spoc_tess_phot_0000000227288191-s0080_tess_v1_lc.fits']
0.051281,OGLE-GD-LPV-011203,4,242.9485833333333,-47.889805555555554,215994292,242.94856369759,-47.88981099131,0,,,16114767-4753233,0,J161147.68-475323.3,5983839528776463872,0,0,STAR,tmgaia2,tmgaia2,,,,,,,,,,14.5441,0.033894,10.013,1.0,jhk,,,,,,,,,,,,,,,,,,242.94856369759,-47.88981099131,-26.079959786804267,2.5575399099294414,[65],['hlsp_tess-spoc_tess_phot_0000000215994292-s0065_tess_v1_lc.fits']
0.09979,OGLE-GD-LPV-009265,4,235.10625,-58.74319444444445,279143472,235.10619793181,-58.74318824339,0,,,15402549-5844355,0,J154025.48-584435.5,5881905558156185984,0,0,STAR,tmgaia2,tmgaia2,,,,,,,,,,13.9846,0.018538,9.949,1.0,jhk,,,,,,,,,,,,,,,,,,235.10619793181,-58.74318824339,-36.62636050516818,-2.7485752905360403,[65],['hlsp_tess-spoc_tess_phot_0000000279143472-s0065_tess_v1_lc.fits']
0.100455,OGLE-GD-LPV-007084,4,223.9445833333333,-57.76191666666666,418872661,223.94453225566,-57.761922688,0,,,14554670-5745428,0,J145546.75-574543.1,5880742412253080832,0,0,STAR,tmgaia2,tmgaia2,,,,,,,,,,14.5748,0.035835,9.387,1.0,jhk,,,,,,,,,,,,,,,,,,223.94453225566,-57.761922688,-41.077442307313135,1.1970622426954058,[65],['hlsp_tess-spoc_tess_phot_0000000418872661-s0065_tess_v1_lc.fits']
0.105766,OGLE-GD-LPV-016464,4,255.32275,-43.80433333333333,122430038,255.32274190586,-43.80436212613,0,,,17011745-4348156,0,J170117.46-434815.8,5964607249321131520,0,0,STAR,tmgaia2,tmgaia2,,,,,,,,,,14.6663,0.027969,9.199,1.0,jhk,,,,,,,,,,,,,,,,,,255.32274190586,-43.80436212613,-17.271734003460477,-1.070314296570542,[66],['hlsp_tess-spoc_tess_phot_0000000122430038-s0066_tess_v1_lc.fits']
0.106919,OGLE-GD-LPV-015935,4,253.842875,-41.67855555555556,340494026,253.84285338819,-41.67858048606,0,,,16552228-4140428,0,J165522.30-414042.7,5966532322392012160,0,0,STAR,tmgaia2,tmgaia2,,,,,,,,,,14.9965,0.029919,9.975,1.0,jhk,,,,,,,,,,,,,,,,,,253.84285338819,-41.67858048606,-16.280383954898102,1.1015549325335598,[66],['hlsp_tess-spoc_tess_phot_0000000340494026-s0066_tess_v1_lc.fits']
0.121435,OGLE-GD-LPV-007807,4,228.1312916666666,-58.24952777777778,41745717,228.13127075247,-58.24955966378,0,,,15123152-5814584,0,J151231.52-581458.3,5877055852843260416,0,0,STAR,tmgaia2,tmgaia2,,,,,,,,,,14.8098,0.040959,9.274,1.0,jhk,,,,,,,,,,,,,,,,,,228.13127075247,-58.24955966378,-39.37764803595681,-0.3088132421478593,[65],['hlsp_tess-spoc_tess_phot_0000000041745717-s0065_tess_v1_lc.fits']
0.12607,OGLE-GD-LPV-007386,4,225.7217083333333,-61.82891666666667,454096513,225.72163777891,-61.82892747734,0,,141-151380,15025320-6149442,0,J150253.23-614943.9,5874622530571332608,31182784,0,STAR,tmgaia2,tmgaia2,,,,,,,,15.987,0.263,13.1602,0.025421,9.935,0.055,vjk,,,,,,,,,,,,,,,,,,225.72163777891,-61.82892747734,-42.20659304835105,-2.810711945489748,[65],['hlsp_tess-spoc_tess_phot_0000000454096513-s0065_tess_v1_lc.fits']
0.106413,OGLE-GD-LPV-013885,4,249.44,-43.49375,230585124,249.43995926547,-43.49374929439,0,,,16374559-4329375,0,J163745.59-432937.3,5944377678478992512,0,0,STAR,tmgaia2,tmgaia2,,,,,,,,,,14.21,0.00534,8.341,1.0,jhk,,,,,,,,,,,,,,,,,,249.43995926547,-43.49374929439,-19.764888336144207,2.393017284865198,[66],['hlsp_tess-spoc_tess_phot_0000000230585124-s0066_tess_v1_lc.fits']
0.037417,OGLE-GD-LPV-024968,4,287.6515416666667,7.275972222222222,202818145,287.65154897357,7.27597967165,0,,,19103637+0716333,0,J191036.37+071633.5,4306393493858819200,0,0,STAR,tmgaia2,tmgaia2,,,,,,,,,,15.4199,0.05844,9.643,1.0,jhk,,,,,,,,,,,,,,,,,,287.65154897357,7.27597967165,41.58905203993371,-0.9168302508837384,[80],['hlsp_tess-spoc_tess_phot_0000000202818145-s0080_tess_v1_lc.fits']
0.059419,OGLE-BLG-LPV-261588,4,274.598125,-10.5895,15224081,274.59812127723,-10.58951609465,0,,,18182354-1035223,0,J181823.56-103522.2,4154393364316098944,0,0,STAR,tmgaia2,tmgaia2,,,,,,,,,,14.0876,0.044944,9.53,1.0,jhk,,,,,,,,,,,,,,,,,,274.59812127723,-10.58951609465,19.743247116143543,2.4017747416052906,[80],['hlsp_tess-spoc_tess_phot_0000000015224081-s0080_tess_v1_lc.fits']
0.156551,OGLE-GD-LPV-017305,4,258.57916666666665,-45.14636111111111,216280743,258.57913376837,-45.14639788983,0,,,17141899-4508469,0,J171418.99-450847.0,5952988606912028544,0,0,STAR,tmgaia2,tmgaia2,,,,,,,,,,14.7214,0.062944,9.617,1.0,jhk,,,,,,,,,,,,,,,,,,258.57913376837,-45.14639788983,-16.956431965584773,-3.7347773194807248,[66],['hlsp_tess-spoc_tess_phot_0000000216280743-s0066_tess_v1_lc.fits']
0.191982,OGLE-GD-LPV-008749,4,232.7508333333333,-54.26733333333333,282830040,232.75075196445,-54.26735753641,0,,,15310019-5416024,0,J153100.18-541602.2,5885455468838457984,0,0,STAR,tmgaia2,tmgaia2,,,,,,,,,,14.5082,0.036691,9.971,1.0,jhk,,,,,,,,,,,,,,,,,,232.75075196445,-54.26735753641,-35.06258828779583,1.641424619136528,[65],['hlsp_tess-spoc_tess_phot_0000000282830040-s0065_tess_v1_lc.fits']
0.054854,OGLE-GD-LPV-005596,4,214.459625,-58.6625,412621664,214.45960203651,-58.66250946281,0,,,14175032-5839450,0,J141750.30-583945.0,5891841398025187584,0,0,STAR,tmgaia2,tmgaia2,,,,,,,,,,15.7016,0.077605,10.275,1.0,jhk,,,,,,,,,,,,,,,,,,214.45960203651,-58.66250946281,-46.02101976740889,2.343754716896514,[65],['hlsp_tess-spoc_tess_phot_0000000412621664-s0065_tess_v1_lc.fits']
0.162553,OGLE-GD-LPV-010046,4,238.5008333333333,-51.17352777777778,284879446,238.50076248674,-51.17353589345,0,,,15540018-5110246,0,J155400.19-511024.7,5982097490033498112,0,0,STAR,tmgaia2,tmgaia2,,,,,,,,,,15.5995,0.054837,10.15,1.0,jhk,,,,,,,,,,,,,,,,,,238.50076248674,-51.17353589345,-30.418151175608585,1.999115339281064,[65],['hlsp_tess-spoc_tess_phot_0000000284879446-s0065_tess_v1_lc.fits']
0.170286,OGLE-GD-LPV-017571,4,274.6737083333333,-9.061416666666668,15367664,274.67374770208,-9.06138972235,0,,,18184169-0903410,0,J181841.68-090341.1,4157853046363581568,0,0,STAR,tmgaia2,tmgaia2,-4.777,0.471,-8.651,0.367,gaia2,0.1906,0.3734,,,14.7191,0.0506,10.116,1.0,jhk,gaia2,,,,,,,,,,,3072.7,1877.32,1.3668,0.0781,1339.07,2415.58,274.67372687299,-9.06142697126,21.127470046427725,3.05666182375963,[80],['hlsp_tess-spoc_tess_phot_0000000015367664-s0080_tess_v1_lc.fits']
0.018942,OGLE-BLG-LPV-263002,4,275.94562499999995,-14.941777777777778,332244581,275.94562408632,-14.94178296474,0,,,18234694-1456303,0,J182346.97-145630.7,4098201654338129536,0,0,STAR,tmgaia2,tmgaia2,,,,,,,,,,13.354,0.028567,8.448,1.0,jhk,,,,,,,,,,,,,,,,,,275.94562408632,-14.94178296474,16.520420214161742,-0.8054947709564633,[80],['hlsp_tess-spoc_tess_phot_0000000332244581-s0080_tess_v1_lc.fits']
0.088026,OGLE-GD-LPV-004780,4,207.6434583333333,-62.23294444444445,299180003,207.64340649458,-62.23294061965,0,,,13503445-6213585,0,J135034.41-621358.5,5865552006273779840,0,0,STAR,tmgaia2,tmgaia2,,,,,,,,,,13.8588,0.009105,9.614,1.0,jhk,,,,,,,,,,,,,,,,,,207.64340649458,-62.23294061965,-50.2405485309125,-0.147668278369265,[65],['hlsp_tess-spoc_tess_phot_0000000299180003-s0065_tess_v1_lc.fits']
0.147783,OGLE-GD-LPV-023583,4,285.31829166666665,9.360555555555557,222858152,285.31827661793,9.36051728413,0,,,19011639+0921378,0,J190116.39+092137.8,4310638360357829504,0,0,STAR,tmgaia2,tmgaia2,,,,,,,,,,13.2901,0.008172,9.29,1.0,jhk,,,,,,,,,,,,,,,,,,285.31827661793,9.36051728413,42.38064289423271,2.0912509315657646,[80],['hlsp_tess-spoc_tess_phot_0000000222858152-s0080_tess_v1_lc.fits']
0.060617,OGLE-GD-LPV-024933,4,287.5865833333333,8.403027777777778,202333394,287.58659870845,8.40303500066,0,,,19102078+0824108,0,,4307376422891613184,0,0,STAR,tmgaia2,tmgaia2,,,,,,,,,,16.0284,0.045757,9.756,1.0,jhk,,,,,,,,,,,,,,,,,,287.58659870845,8.40303500066,42.55906780140022,-0.3392615428417656,[80],['hlsp_tess-spoc_tess_phot_0000000202333394-s0080_tess_v1_lc.fits']
0.129101,OGLE-GD-LPV-019407,4,279.7670416666666,-3.142027777777778,175432410,279.76702332524,-3.14205861021,0,,,18390408-0308312,0,J183904.10-030831.2,4259311031618442496,0,0,STAR,tmgaia2,tmgaia2,,,,,,,,,,15.0955,0.067454,9.227,1.0,jhk,,,,,,,,,,,,,,,,,,279.76702332524,-3.14205861021,28.724775329152266,1.31487954607673,[80],['hlsp_tess-spoc_tess_phot_0000000175432410-s0080_tess_v1_lc.fits']
0.05278,OGLE-GD-LPV-008652,4,232.381375,-56.45877777777778,413984706,232.38138023071,-56.45879215112,0,,,15293152-5627315,0,J152931.53-562731.9,5883491947220450944,0,0,STAR,tmgaia2,tmgaia2,-6.544,0.516,-2.84,0.487,gaia2,-0.1019,0.2474,,,15.2593,0.0329,9.635,1.0,jhk,gaia2,,,,,,,,,,,4418.15,2151.99,0.5044,0.2418,1645.9,2658.07,232.38132923644,-56.45880438102,-36.48166384102115,-0.0418006847972762,[65],['hlsp_tess-spoc_tess_phot_0000000413984706-s0065_tess_v1_lc.fits']
0.084939,OGLE-GD-LPV-009774,4,237.29229166666664,-56.19461111111111,76124336,237.29225043943,-56.19461663759,0,,,15491014-5611406,0,J154910.20-561140.6,5884165123271336832,0,0,STAR,tmgaia2,tmgaia2,,,,,,,,,,13.926,0.037644,8.715,1.0,jhk,,,,,,,,,,,,,,,,,,237.29225043943,-56.19461663759,-34.13680002450806,-1.4501671537051304,[65],['hlsp_tess-spoc_tess_phot_0000000076124336-s0065_tess_v1_lc.fits']
0.155253,OGLE-BLG-LPV-260262,4,273.38875,-14.752694444444444,109334574,273.38872498364,-14.75273014595,0,,,18133329-1445096,0,J181333.30-144509.7,4146429292354564864,0,0,STAR,tmgaia2,tmgaia2,,,,,,,,,,14.3087,0.057731,9.622,1.0,jhk,,,,,,,,,,,,,,,,,,273.38872498364,-14.75273014595,15.517181746300611,1.4611556396480665,[80],['hlsp_tess-spoc_tess_phot_0000000109334574-s0080_tess_v1_lc.fits']
0.037384,OGLE-GD-LPV-018271,4,277.37891666666667,-10.896611111111111,214400489,277.37892580414,-10.89660588362,0,,,18293094-1053479,0,J182930.88-105346.5,4154929616752930176,0,0,STAR,tmgaia2,tmgaia2,,,,,,,,,,15.9004,0.060648,9.73,1.0,jhk,,,,,,,,,,,,,,,,,,277.37892580414,-10.89660588362,20.750571920188488,-0.1563913206758788,[80],['hlsp_tess-spoc_tess_phot_0000000214400489-s0080_tess_v1_lc.fits']
0.111186,OGLE-GD-LPV-008803,4,232.9975,-56.09869444444445,283116373,232.99744637312,-56.09870213914,0,,,15315939-5605552,0,J153159.34-560555.1,5883524520247936128,0,0,STAR,tmgaia2,tmgaia2,,,,,,,,,,13.4,0.017443,8.839,1.0,jhk,,,,,,,,,,,,,,,,,,232.99744637312,-56.09870213914,-35.995375574008044,0.0590653261686339,[65],['hlsp_tess-spoc_tess_phot_0000000283116373-s0065_tess_v1_lc.fits']
0.132578,OGLE-BLG-LPV-236884,4,260.25629166666664,-33.44594444444444,155497058,260.25632626331,-33.4459673113,0,,,17210151-3326454,0,J172101.51-332645.3,5979150730140340224,0,0,STAR,tmgaia2,tmgaia2,-6.411,0.866,-4.439,0.576,gaia2,0.8861,0.3686,,,16.681,0.035956,9.911,1.0,jhk,gaia2,,,,,,,,,,,1501.86,1501.86,0.8408,0.6365,677.325,3041.77,260.25629318482,-33.44598642237,-6.64563277780116,1.9544390574324697,[66],['hlsp_tess-spoc_tess_phot_0000000155497058-s0066_tess_v1_lc.fits']
0.037935,OGLE-BLG-LPV-261464,4,274.4770833333333,-10.589111111111112,15109953,274.47708606631,-10.58912130045,0,,,18175450-1035208,0,J181754.49-103520.9,4154392505322742016,0,0,STAR,tmgaia2,tmgaia2,,,,,,,,,,14.5575,0.066125,10.074,1.0,jhk,,,,,,,,,,,,,,,,,,274.47708606631,-10.58912130045,19.687341475611653,2.5068306851974285,[80],['hlsp_tess-spoc_tess_phot_0000000015109953-s0080_tess_v1_lc.fits']
0.135406,OGLE-GD-LPV-023871,4,285.83520833333336,10.532805555555557,223220067,285.8351769248,10.53278408026,0,,,19032045+1031580,0,J190320.49+103158.1,4312548624378366976,0,0,STAR,tmgaia2,tmgaia2,,,,,,,,,,14.5763,0.066914,9.423,1.0,jhk,,,,,,,,,,,,,,,,,,285.8351769248,10.53278408026,43.65690415560875,2.1737345060153417,[80],['hlsp_tess-spoc_tess_phot_0000000223220067-s0080_tess_v1_lc.fits']
0.11917,OGLE-GD-LPV-005911,4,216.64379166666663,-59.83013888888889,263416976,216.6437291921,-59.8301493765,0,,,14263451-5949484,0,J142634.51-594948.5,5890748964496012544,0,0,STAR,tmgaia2,tmgaia2,,,,,,,,,,15.4628,0.046302,9.89,1.0,jhk,,,,,,,,,,,,,,,,,,216.6437291921,-59.8301493765,-45.3728913308052,0.863707298547347,[65],['hlsp_tess-spoc_tess_phot_0000000263416976-s0065_tess_v1_lc.fits']
0.175311,OGLE-GD-LPV-025122,4,287.956125,7.384611111111112,204522252,287.95611602209,7.38456323439,0,,,19114947+0723045,0,J191149.47+072304.3,4306354456895477888,0,0,STAR,tmgaia2,tmgaia2,,,,,,,,,,14.0045,0.038279,8.803,1.0,jhk,,,,,,,,,,,,,,,,,,287.95611602209,7.38456323439,41.82503626543413,-1.134528493392571,[80],['hlsp_tess-spoc_tess_phot_0000000204522252-s0080_tess_v1_lc.fits']
0.099812,OGLE-GD-LPV-023650,4,285.4341666666666,0.7185833333333334,228516999,285.43414017051,0.71857516181,0,,,19014419+0043069,0,J190144.19+004306.9,4266004514774380288,0,0,STAR,tmgaia2,tmgaia2,-3.402,0.676,-3.563,0.559,gaia2,0.2783,0.3266,,,15.3857,0.066559,10.292,1.0,jhk,gaia2,,,,,,,,,,,2808.42,1696.72,1.3131,0.473,1173.44,2220.01,285.43412552392,0.71855981991,34.74633618993703,-1.963221380391591,[80],['hlsp_tess-spoc_tess_phot_0000000228516999-s0080_tess_v1_lc.fits']
0.072157,OGLE-GD-LPV-018220,4,277.23962499999993,-8.287888888888888,212903688,277.23960966814,-8.28790198712,0,,,18285750-0817163,0,J182857.50-081716.4,4156636574197617664,0,0,STAR,tmgaia2,tmgaia2,,,,,,,,,,15.649,0.073133,9.512,1.0,jhk,,,,,,,,,,,,,,,,,,277.23960966814,-8.28790198712,22.9979882221526,1.1755390615914254,[80],['hlsp_tess-spoc_tess_phot_0000000212903688-s0080_tess_v1_lc.fits']
0.064135,OGLE-BLG-LPV-265048,4,278.5129166666666,-14.932027777777778,433218921,278.51293046526,-14.93203959424,0,,,18340310-1455551,0,J183403.11-145555.2,4103310496463828096,0,0,STAR,tmgaia2,tmgaia2,,,,,,,,,,12.3648,0.032477,10.122,0.272,bpjk,,,,,,,,,,,,,,,,,,278.51293046526,-14.93203959424,17.6791586897792,-2.999142907242773,[80],['hlsp_tess-spoc_tess_phot_0000000433218921-s0080_tess_v1_lc.fits']
0.162328,OGLE-BLG-LPV-262803,4,275.759,-12.439555555555556,119200203,275.75900635946,-12.43960021685,0,,,18230216-1226224,0,J182302.14-122622.1,4152856521949297280,0,0,STAR,tmgaia2,tmgaia2,,,,,,,,,,15.8042,0.060993,10.1,1.0,jhk,,,,,,,,,,,,,,,,,,275.75900635946,-12.43960021685,18.64586709305101,0.5274319641965355,[80],['hlsp_tess-spoc_tess_phot_0000000119200203-s0080_tess_v1_lc.fits']
0.094281,OGLE-GD-LPV-006006,4,217.3716666666666,-59.57322222222223,290722951,217.37161705826,-59.57321482762,0,,,14292920-5934235,0,J142929.20-593423.7,5890849982128466688,0,0,STAR,tmgaia2,tmgaia2,,,,,,,,,,14.7755,0.057805,9.843,1.0,jhk,,,,,,,,,,,,,,,,,,217.37161705826,-59.57321482762,-44.93728216695168,0.9692650475552884,[65],['hlsp_tess-spoc_tess_phot_0000000290722951-s0065_tess_v1_lc.fits']
0.37394,OGLE-GD-LPV-021487,4,282.1265416666667,-6.366388888888888,146796353,282.12664470104,-6.36640632108,0,,,18483040-0621588,0,J184830.40-062158.9,4253236951474180096,0,0,STAR,tmgaia2,tmgaia2,,,,,,,,,,13.2838,0.022001,8.297,1.0,jhk,,,,,,,,,,,,,,,,,,282.12664470104,-6.36640632108,26.9298423348915,-2.2493140008821983,[80],['hlsp_tess-spoc_tess_phot_0000000146796353-s0080_tess_v1_lc.fits']
0.119764,OGLE-GD-LPV-009359,4,235.4425833333333,-54.31616666666666,279682801,235.442534539,-54.31618389012,0,,,15414621-5418582,0,J154146.24-541858.4,5885278413092785408,0,0,STAR,tmgaia2,tmgaia2,,,,,,,,,,15.902,0.024899,9.36,1.0,jhk,,,,,,,,,,,,,,,,,,235.442534539,-54.31618389012,-33.818870766683794,0.6800935914610667,[65],['hlsp_tess-spoc_tess_phot_0000000279682801-s0065_tess_v1_lc.fits']
0.02385,OGLE-BLG-LPV-235363,4,258.8904166666666,-35.609722222222224,151820171,258.89041848416,-35.60972868036,0,,,17153370-3536348,0,J171533.70-353634.8,5975527976765274240,0,0,STAR,tmgaia2,tmgaia2,-4.73,0.646,-2.325,0.48,gaia2,-0.0567,0.3671,,,15.4324,0.095079,9.991,1.0,jhk,gaia2,,,,,,,,,,,4148.6,2424.26,1.2217,0.3923,1808.16,3040.37,258.89039343578,-35.60973869156,-9.063919949596428,1.629749823257374,[66],['hlsp_tess-spoc_tess_phot_0000000151820171-s0066_tess_v1_lc.fits']
0.138275,OGLE-BLG-LPV-242179,4,263.5415416666666,-39.235166666666665,465194715,263.54149301503,-39.23517410098,0,,,17340996-3914066,0,J173409.96-391406.4,5961786692795495680,0,0,STAR,tmgaia2,tmgaia2,,,,,,,,,,14.1516,0.050176,9.274,1.0,jhk,,,,,,,,,,,,,,,,,,263.54149301503,-39.23517410098,-9.989985922045353,-3.461024213088521,[66],['hlsp_tess-spoc_tess_phot_0000000465194715-s0066_tess_v1_lc.fits']
0.051934,OGLE-GD-LPV-022090,4,282.9515416666667,-0.2367777777777777,53517617,282.95155530099,-0.23677306367,0,,,18514837-0014124,0,J185148.37-001412.2,4266247025851281792,0,0,STAR,tmgaia2,tmgaia2,,,,,,,,,,14.3859,0.055186,9.968,1.0,jhk,,,,,,,,,,,,,,,,,,282.95155530099,-0.23677306367,32.7631745005902,-0.1899017980848708,[80],['hlsp_tess-spoc_tess_phot_0000000053517617-s0080_tess_v1_lc.fits']
0.089594,OGLE-GD-LPV-011519,4,243.86974999999995,-48.07469444444445,410772679,243.86978389474,-48.07468412576,0,,,16152874-4804288,0,J161528.87-480429.4,5983797816052907648,0,0,STAR,tmgaia2,tmgaia2,-4.323,0.715,-4.939,0.807,gaia2,1.0431,0.4469,,,14.3572,0.041488,9.667,1.0,jhk,gaia2,,,,,,,,,,,1237.48,1237.48,0.7901,0.5654,540.499,1999.36,243.86975603769,-48.07470539069,-25.75926424413069,1.999254758984045,[65],['hlsp_tess-spoc_tess_phot_0000000410772679-s0065_tess_v1_lc.fits']
0.170796,OGLE-GD-LPV-000261,4,117.15454166666665,-33.67027777777778,150221556,117.15454425271,-33.67032517216,0,,282-025275,07483710-3340131,0,J074837.10-334012.7,5594635738483904512,15517982,0,STAR,tmgaia2,tmgaia2,-2.086,0.206,6.388,0.222,gaia2,0.1537,0.1176,15.528,0.103,12.2989,0.023116,10.076,0.033,rered,gaia2,,,,,,,,,,,4462.61,1998.55,1.1978,0.1067,1429.77,2567.32,117.15453346302,-33.67029767013,-111.0129927082573,-4.009194098003643,[61],['hlsp_tess-spoc_tess_phot_0000000150221556-s0061_tess_v1_lc.fits']
0.200943,OGLE-BLG-LPV-262657,4,275.63825,-12.496833333333331,118242598,275.63827681292,-12.49688263167,0,,,18223318-1229486,0,J182233.19-122948.7,4152848722275058688,0,0,STAR,tmgaia2,tmgaia2,-1.779,0.795,-0.382,0.654,gaia2,-0.9545,0.4441,,,16.5558,0.092159,10.364,1.0,jhk,gaia2,,,,,,,,,,,4705.67,2330.09,1.3918,0.5418,1834.55,2825.63,275.63826896958,-12.49688427496,18.539960210146564,0.6046751340158928,[80],['hlsp_tess-spoc_tess_phot_0000000118242598-s0080_tess_v1_lc.fits']
0.127405,OGLE-GD-LPV-010300,4,239.69866666666664,-48.918194444444445,295472167,239.69861768827,-48.91820916047,0,,,15584767-4855053,0,J155847.67-485505.5,5984240163324347776,0,0,STAR,tmgaia2,tmgaia2,,,,,,,,,,14.7497,0.036919,9.928,1.0,jhk,,,,,,,,,,,,,,,,,,239.69861768827,-48.91820916047,-28.37601316055939,3.2305059202858204,[65],['hlsp_tess-spoc_tess_phot_0000000295472167-s0065_tess_v1_lc.fits']
0.126022,OGLE-GD-LPV-005642,4,214.74995833333327,-62.99616666666667,336360588,214.74988739875,-62.9961803813,0,,,14190000-6259462,0,J141859.98-625946.3,5854142129274529536,0,0,STAR,tmgaia2,tmgaia2,,,,,,,,,,13.73,0.021205,9.422,1.0,jhk,,,,,,,,,,,,,,,,,,214.74988739875,-62.9961803813,-47.31698945288843,-1.794097652401606,[65],['hlsp_tess-spoc_tess_phot_0000000336360588-s0065_tess_v1_lc.fits']
0.05781,OGLE-GD-LPV-014574,4,250.8914583333333,-42.71055555555556,234191322,250.89143990162,-42.71056418399,0,,,16433394-4242380,0,J164333.93-424238.2,5967745908349555968,0,0,STAR,tmgaia2,tmgaia2,-1.187,0.484,-4.594,0.345,gaia2,0.3084,0.3043,,,15.6578,0.068111,9.614,1.0,jhk,gaia2,,,,,,,,,,,2843.21,1774.84,1.926,0.6766,1196.6,2353.08,250.89143294519,-42.71058396547,-18.475377741476336,2.1170831808751824,[66],['hlsp_tess-spoc_tess_phot_0000000234191322-s0066_tess_v1_lc.fits']
0.091278,OGLE-GD-LPV-022260,4,283.1777916666667,-2.388888888888889,54301472,283.17779758021,-2.3889135459,0,,,18524266-0223200,0,J185242.65-022320.4,4258941423882420224,0,0,STAR,tmgaia2,tmgaia2,-3.536,0.524,-2.372,0.471,gaia2,1.1934,0.3461,,,15.0656,0.043344,10.239,1.0,jhk,gaia2,,,,,,,,,,,932.258,595.416,1.0457,0.1756,309.649,881.182,283.17778234102,-2.38892375808,30.95051464658834,-1.3721580512390177,[80],['hlsp_tess-spoc_tess_phot_0000000054301472-s0080_tess_v1_lc.fits']
0.067732,OGLE-GD-LPV-014609,4,250.941625,-42.807138888888886,234972816,250.94160087343,-42.80714526686,0,,,16434596-4248258,0,J164345.97-424825.5,5967721169335864576,0,0,STAR,tmgaia2,tmgaia2,,,,,,,,,,15.5925,0.036459,9.752,1.0,jhk,,,,,,,,,,,,,,,,,,250.94160087343,-42.80714526686,-18.524277190236365,2.025995330702776,[66],['hlsp_tess-spoc_tess_phot_0000000234972816-s0066_tess_v1_lc.fits']
0.126486,OGLE-GD-LPV-024619,4,287.0134583333333,14.221722222222224,394749519,287.01343100418,14.22169914253,0,,522-092330,19080321+1413181,0,J190803.24+141318.1,4314429790059331456,0,0,STAR,tmgaia2,tmgaia2,-2.095,0.225,-4.87,0.215,gaia2,0.5635,0.1827,16.969,0.275,11.8326,0.002416,9.896,0.011,rered,gaia2,,,,,,,,,,,1842.28,907.81,0.5249,0.0525,558.78,1256.84,287.01342169677,14.22167817473,47.467060719867455,2.8391016730044103,"[80, 81]","['hlsp_tess-spoc_tess_phot_0000000394749519-s0080_tess_v1_lc.fits', 'hlsp_tess-spoc_tess_phot_0000000394749519-s0081_tess_v1_lc.fits']"
0.139054,OGLE-GD-LPV-007129,4,224.19025,-57.84569444444445,414474085,224.19018207327,-57.84570804939,0,,,14564565-5750445,0,J145645.62-575044.4,5880726675493849984,0,0,STAR,tmgaia2,tmgaia2,,,,,,,,,,16.977,0.083489,9.84,1.0,jhk,,,,,,,,,,,,,,,,,,224.19018207327,-57.84570804939,-40.99992690798862,1.0623545241053207,[65],['hlsp_tess-spoc_tess_phot_0000000414474085-s0065_tess_v1_lc.fits']
0.11433,OGLE-GD-LPV-000561,4,134.81154166666664,-41.20769444444445,191187448,134.81154958409,-41.20766324961,0,,,08591477-4112276,0,J085914.78-411227.5,5620565628583697920,0,0,STAR,tmgaia2,tmgaia2,,,,,,,,,,14.8255,0.033746,10.068,1.0,jhk,,,,,,,,,,,,,,,,,,134.81154958409,-41.20766324961,-96.805706519511,3.0920680577998008,[62],['hlsp_tess-spoc_tess_phot_0000000191187448-s0062_tess_v1_lc.fits']
0.038321,OGLE-GD-LPV-023106,4,284.432,13.621305555555557,340297389,284.43201075911,13.62130754795,0,,,18574367+1337167,0,J185743.69+133716.9,4506309652976447232,40902626,0,STAR,tmgaia2,tmgaia2,,,,,,,,13.246,0.031,14.5987,0.080703,10.37,0.032,vjk,,,,,,,,,,,,,,,,,,284.43201075911,13.62130754795,45.78998452245956,4.798368430041695,[80],['hlsp_tess-spoc_tess_phot_0000000340297389-s0080_tess_v1_lc.fits']
0.157645,OGLE-GD-LPV-005358,4,212.4935833333333,-63.237,331673445,212.49351089726,-63.23702921713,0,,,14095845-6314131,0,J140958.58-631412.5,5853981261313478912,0,0,STAR,tmgaia2,tmgaia2,,,,,,,,,,15.2786,0.025691,9.01,1.0,jhk,,,,,,,,,,,,,,,,,,212.49351089726,-63.23702921713,-48.36155243087277,-1.7005653898085251,[65],['hlsp_tess-spoc_tess_phot_0000000331673445-s0065_tess_v1_lc.fits']
0.10912,OGLE-GD-LPV-002996,4,189.97425,-63.781,460515254,189.9741932058,-63.78098299525,0,,,12395383-6346516,0,J123953.86-634651.7,5861412722991454976,0,0,STAR,tmgaia2,tmgaia2,,,,,,,,,,13.5618,0.031692,8.477,1.0,jhk,,,,,,,,,,,,,,,,,,189.9741932058,-63.78098299525,-58.34251527693953,-0.9378142084545542,"[64, 65]","['hlsp_tess-spoc_tess_phot_0000000460515254-s0064_tess_v1_lc.fits', 'hlsp_tess-spoc_tess_phot_0000000460515254-s0065_tess_v1_lc.fits']"
0.141724,OGLE-GD-LPV-010753,4,241.4504166666666,-50.64805555555556,215038998,241.45037446184,-50.64808442871,0,,,16054809-5038530,0,J160548.14-503853.0,5983108456606101376,0,0,STAR,tmgaia2,tmgaia2,,,,,,,,,,14.1699,0.043242,9.864,1.0,jhk,,,,,,,,,,,,,,,,,,241.45037446184,-50.64808442871,-28.66526673242984,1.1841307398193226,[65],['hlsp_tess-spoc_tess_phot_0000000215038998-s0065_tess_v1_lc.fits']
0.157869,OGLE-GD-LPV-021711,4,282.46083333333326,-4.431138888888889,183099123,282.4608266678,-4.43118223497,0,,,18495061-0425521,0,J184950.60-042552.2,4255222531974956032,0,0,STAR,tmgaia2,tmgaia2,,,,,,,,,,14.0137,0.05234,8.459,1.0,jhk,,,,,,,,,,,,,,,,,,282.4608266678,-4.43118223497,28.805657435530232,-1.6650228148084305,[80],['hlsp_tess-spoc_tess_phot_0000000183099123-s0080_tess_v1_lc.fits']
0.149355,OGLE-GD-LPV-010133,4,238.9085,-51.7835,289698287,238.90844817939,-51.78352633436,0,,,15553804-5147005,0,J155538.03-514700.3,5981314427283788800,0,0,STAR,tmgaia2,tmgaia2,,,,,,,,,,13.1962,0.016654,7.209,1.0,jhk,,,,,,,,,,,,,,,,,,238.90844817939,-51.78352633436,-30.61255108866696,1.3676342513513269,[65],['hlsp_tess-spoc_tess_phot_0000000289698287-s0065_tess_v1_lc.fits']
0.195054,OGLE-GD-LPV-008940,4,233.666125,-50.77927777777778,188796762,233.66607503115,-50.7793217932,0,,,15343987-5046453,0,J153439.88-504645.3,5889457038367344256,0,0,STAR,tmgaia2,tmgaia2,,,,,,,,,,14.7327,0.06488,8.943,1.0,jhk,,,,,,,,,,,,,,,,,,233.66607503115,-50.7793217932,-32.591834907740264,4.168900728881915,[65],['hlsp_tess-spoc_tess_phot_0000000188796762-s0065_tess_v1_lc.fits']
0.108097,OGLE-GD-LPV-021534,4,282.2078333333333,-2.591888888888889,182397052,282.2078341495,-2.59191890476,0,,,18484988-0235306,1237668687975023754,J184849.87-023531.1,4259037528046264576,0,0,STAR,tmgaia2,tmgaia2,,,,,,,,,,15.0743,0.045717,9.625,1.0,jhk,,,,,,,,,,,,,,,,,,282.2078341495,-2.59191890476,30.32809283094486,-0.6021173254874584,[80],['hlsp_tess-spoc_tess_phot_0000000182397052-s0080_tess_v1_lc.fits']
0.113758,OGLE-GD-LPV-009572,4,236.3605,-52.01127777777778,268204299,236.36046639197,-52.01130166549,0,,,15452652-5200407,0,,5886111808588268416,0,0,STAR,tmgaia2,tmgaia2,,,,,,,,,,14.1369,0.038662,9.007,1.0,jhk,,,,,,,,,,,,,,,,,,236.36046639197,-52.01130166549,-31.980667226398765,2.17622178170696,[65],['hlsp_tess-spoc_tess_phot_0000000268204299-s0065_tess_v1_lc.fits']
0.097909,OGLE-GD-LPV-010701,4,241.3012916666666,-46.33652777777778,161593508,241.30126408053,-46.3365471923,0,,219-111801,16051229-4620116,0,J160512.32-462011.6,5984971201140828928,0,0,STAR,tmgaia2,tmgaia2,,,,,,,,14.741,0.092,13.3094,0.008655,10.182,0.084,vjk,,,,,,,,,,,,,,,,,,241.30126408053,-46.3365471923,-25.85653078902894,4.459997887154166,[65],['hlsp_tess-spoc_tess_phot_0000000161593508-s0065_tess_v1_lc.fits']
0.123187,OGLE-GD-LPV-022083,4,282.9469583333333,-2.1976388888888887,53349744,282.94695117033,-2.19767235042,0,,,18514726-0211514,0,J185147.25-021150.4,4258960115580555008,0,0,STAR,tmgaia2,tmgaia2,,,,,,,,,,14.6297,0.07332,8.598,1.0,jhk,,,,,,,,,,,,,,,,,,282.94695117033,-2.19767235042,31.01569534219966,-1.079705224418697,[80],['hlsp_tess-spoc_tess_phot_0000000053349744-s0080_tess_v1_lc.fits']
0.055127,OGLE-GD-LPV-017933,4,276.40483333333333,-7.345222222222222,385122358,276.40484405832,-7.34523323786,0,,,18253716-0720426,0,J182537.17-072042.8,4159947753466829312,0,0,STAR,tmgaia2,tmgaia2,-1.321,0.402,-5.277,0.353,gaia2,0.436,0.2429,,,14.9161,0.054587,10.117,1.0,jhk,gaia2,,,,,,,,,,,2339.77,1425.67,1.4588,0.158,882.17,1969.17,276.40483832388,-7.34525595824,23.44861430679308,2.345892071264493,[80],['hlsp_tess-spoc_tess_phot_0000000385122358-s0080_tess_v1_lc.fits']
0.033064,OGLE-BLG-LPV-234090,4,257.4452916666666,-38.72730555555556,224821622,257.44528153301,-38.72730088069,0,,,17094686-3843382,0,J170946.86-384338.2,5973132312721355392,0,0,STAR,tmgaia2,tmgaia2,,,,,,,,,,15.9424,0.045652,9.999,1.0,jhk,,,,,,,,,,,,,,,,,,257.44528153301,-38.72730088069,-12.263163815584614,0.7275893669633641,[66],['hlsp_tess-spoc_tess_phot_0000000224821622-s0066_tess_v1_lc.fits']
0.03001,OGLE-GD-LPV-015083,4,251.80829166666663,-42.91211111111111,236838910,251.8082836545,-42.91211703179,0,,,16471400-4254436,0,J164713.98-425443.6,5967532053360468864,0,0,STAR,tmgaia2,tmgaia2,,,,,,,,,,14.394,0.018794,9.292,1.0,jhk,,,,,,,,,,,,,,,,,,251.8082836545,-42.91211703179,-18.190435425525752,1.475306522550878,[66],['hlsp_tess-spoc_tess_phot_0000000236838910-s0066_tess_v1_lc.fits']
0.083497,OGLE-GD-LPV-007947,4,228.9895,-57.33177777777778,43340730,228.98948067186,-57.33179849241,0,,,15155748-5719545,0,J151557.26-571955.5,5880201074565388032,0,0,STAR,tmgaia2,tmgaia2,-5.188,0.636,-2.815,0.518,gaia2,0.1777,0.2882,,,15.4011,0.038432,9.379,1.0,jhk,gaia2,,,,,,,,,,,3291.98,1896.88,0.7284,0.3903,1346.48,2447.28,228.9894392871,-57.33181061371,-38.51011464371037,0.2378719397617444,[65],['hlsp_tess-spoc_tess_phot_0000000043340730-s0065_tess_v1_lc.fits']
0.101072,OGLE-GD-LPV-011581,4,244.0676666666666,-46.64244444444444,14580711,244.06763832168,-46.64246468148,0,,,16161622-4638328,0,J161616.23-463832.7,5990006242823948288,0,0,STAR,tmgaia2,tmgaia2,,,,,,,,,,16.1587,0.031986,10.218,1.0,jhk,,,,,,,,,,,,,,,,,,244.06763832168,-46.64246468148,-24.668556265383124,2.938350568262833,[65],['hlsp_tess-spoc_tess_phot_0000000014580711-s0065_tess_v1_lc.fits']
0.130749,OGLE-GD-LPV-020438,4,280.83720833333325,-5.857138888888889,184891453,280.83719809738,-5.85717375154,0,,,18432093-0551257,0,J184320.94-055126.4,4253434588671357824,0,0,STAR,tmgaia2,tmgaia2,,,,,,,,,,14.2969,0.026922,9.508,1.0,jhk,,,,,,,,,,,,,,,,,,280.83719809738,-5.85717375154,26.79867603863733,-0.8761173047125712,[80],['hlsp_tess-spoc_tess_phot_0000000184891453-s0080_tess_v1_lc.fits']
0.185634,OGLE-GD-LPV-003514,4,195.97375,-56.907777777777774,253318028,195.97367118532,-56.90780618939,0,,,13035369-5654280,0,J130353.68-565427.9,6060419482868562816,0,0,STAR,tmgaia2,tmgaia2,,,,,,,,,,15.1071,0.050583,13.503,0.051,gbprp,,,,,,,,,,,,,,,,,,195.97367118532,-56.90780618939,-55.35918210149729,5.9226306391502375,"[37, 38]","['hlsp_tess-spoc_tess_phot_0000000253318028-s0037_tess_v1_lc.fits', 'hlsp_tess-spoc_tess_phot_0000000253318028-s0038_tess_v1_lc.fits']"
0.124951,OGLE-GD-LPV-024758,4,287.25137499999994,14.959222222222222,395249032,287.251357617,14.95919184698,0,,,19090032+1457333,0,J190900.31+145733.9,4512645794922929920,0,0,STAR,tmgaia2,tmgaia2,,,,,,,,,,13.5344,0.025103,9.648,1.0,jhk,,,,,,,,,,,,,,,,,,287.251357617,14.95919184698,48.22900783569169,2.97269312092478,"[80, 81]","['hlsp_tess-spoc_tess_phot_0000000395249032-s0080_tess_v1_lc.fits', 'hlsp_tess-spoc_tess_phot_0000000395249032-s0081_tess_v1_lc.fits']"
0.199585,OGLE-GD-LPV-019030,4,279.231125,2.013777777777778,107063465,279.23107987638,2.01374552858,0,,,18365547+0200496,0,J183655.46+020049.5,4279837264400998400,0,0,STAR,tmgaia2,tmgaia2,,,,,,,,,,13.8406,0.027992,9.163,1.0,jhk,,,,,,,,,,,,,,,,,,279.23107987638,2.01374552858,33.07181733954916,4.146720053755681,[80],['hlsp_tess-spoc_tess_phot_0000000107063465-s0080_tess_v1_lc.fits']
0.11408,OGLE-GD-LPV-000425,4,127.51879166666664,-45.42352777777778,140201744,127.51875022094,-45.4235152077,0,,223-027029,08300451-4525247,0,J083004.51-452524.6,5522658206945128960,22576965,0,STAR,tmgaia2,tmgaia2,,,,,,,,15.414,0.126,13.2275,0.034087,10.129,0.282,vjk,,,,,,,,,,,,,,,,,,127.51875022094,-45.4235152077,-96.7981993287476,-3.680185536733522,"[61, 62]","['hlsp_tess-spoc_tess_phot_0000000140201744-s0061_tess_v1_lc.fits', 'hlsp_tess-spoc_tess_phot_0000000140201744-s0062_tess_v1_lc.fits']"
0.105973,OGLE-GD-LPV-004307,4,203.36758333333333,-61.78097222222222,315959570,203.36752410367,-61.78098128757,0,,,13332822-6146514,0,J133328.25-614651.7,5868395274652604416,0,0,STAR,tmgaia2,tmgaia2,,,,,,,,,,14.5938,0.042579,9.173,1.0,jhk,,,,,,,,,,,,,,,,,,203.36752410367,-61.78098128757,-52.120693692292335,0.6863548175421168,[65],['hlsp_tess-spoc_tess_phot_0000000315959570-s0065_tess_v1_lc.fits']
0.081239,OGLE-GD-LPV-006367,4,219.882875,-61.853,399989113,219.8828271804,-61.85300060502,0,,,14393189-6151107,0,J143931.89-615110.7,5877530979353457280,0,0,STAR,tmgaia2,tmgaia2,,,,,,,,,,14.7128,0.020733,10.53,1.0,jhk,,,,,,,,,,,,,,,,,,219.8828271804,-61.85300060502,-44.686607695281936,-1.6078156796714804,[38],['hlsp_tess-spoc_tess_phot_0000000399989113-s0038_tess_v1_lc.fits']
0.105854,OGLE-GD-LPV-014504,4,250.7495,-45.44155555555555,233869497,250.74946764413,-45.44157424272,0,,,16425987-4526296,0,J164259.88-452629.7,5943176668206580864,0,0,STAR,tmgaia2,tmgaia2,,,,,,,,,,13.7326,0.01492,8.955,1.0,jhk,,,,,,,,,,,,,,,,,,250.74946764413,-45.44157424272,-20.603809424341986,0.4021309911604269,[66],['hlsp_tess-spoc_tess_phot_0000000233869497-s0066_tess_v1_lc.fits']
0.163802,OGLE-GD-LPV-007956,4,229.04079166666665,-54.10327777777778,43095725,229.04073697144,-54.10331005572,0,,,15160979-5406119,0,J151609.73-540611.7,5887152290199008384,0,0,STAR,tmgaia2,tmgaia2,,,,,,,,,,14.3273,0.05008,9.58,1.0,jhk,,,,,,,,,,,,,,,,,,229.04073697144,-54.10331005572,-36.78866181287729,2.969818026583428,[65],['hlsp_tess-spoc_tess_phot_0000000043095725-s0065_tess_v1_lc.fits']
0.129527,OGLE-GD-LPV-013544,4,248.8425833333333,-45.20080555555556,229323890,248.8425559432,-45.20083592099,0,,,16352221-4512030,0,J163522.22-451202.9,5943804558099702656,0,0,STAR,tmgaia2,tmgaia2,,,,,,,,,,14.332,0.014532,9.873,1.0,jhk,,,,,,,,,,,,,,,,,,248.8425559432,-45.20083592099,-21.3172718989295,1.5626421808165736,[66],['hlsp_tess-spoc_tess_phot_0000000229323890-s0066_tess_v1_lc.fits']
0.130524,OGLE-GD-LPV-008563,4,231.9615833333333,-51.07788888888889,142993802,231.96152564011,-51.07788974486,0,,195-111819,15275076-5104404,0,J152750.74-510440.0,5890148699893280000,0,0,STAR,tmgaia2,tmgaia2,,,,,,,,15.738,0.175,12.8601,0.040699,10.206,0.171,vjk,,,,,,,,,,,,,,,,,,231.96152564011,-51.07788974486,-33.64636354538252,4.540009324150105,[65],['hlsp_tess-spoc_tess_phot_0000000142993802-s0065_tess_v1_lc.fits']
0.042026,OGLE-GD-LPV-023501,4,285.17570833333326,-1.1368055555555556,373536491,285.175700427,-1.13681414598,0,,,19004217-0108124,0,J190042.17-010812.4,4265111745758915584,0,0,STAR,tmgaia2,tmgaia2,,,,,,,,,,15.2523,0.025489,9.739,1.0,jhk,,,,,,,,,,,,,,,,,,285.175700427,-1.13681414598,32.97596100035639,-2.579652765276548,[80],['hlsp_tess-spoc_tess_phot_0000000373536491-s0080_tess_v1_lc.fits']
0.090539,OGLE-GD-LPV-006453,4,220.3575,-59.03813888888889,270639631,220.35745874311,-59.03815237951,0,,,14412579-5902173,0,J144125.83-590217.2,5879212991588451200,0,0,STAR,tmgaia2,tmgaia2,,,,,,,,,,14.0095,0.036706,9.052,1.0,jhk,,,,,,,,,,,,,,,,,,220.35745874311,-59.03815237951,-43.3251436544629,0.8670413371498021,[65],['hlsp_tess-spoc_tess_phot_0000000270639631-s0065_tess_v1_lc.fits']
0.096574,OGLE-GD-LPV-009443,4,235.7712083333333,-52.0855,190714420,235.77119468753,-52.08552548201,0,,,15430508-5205078,0,J154305.09-520507.5,5886118366955663360,0,0,STAR,tmgaia2,tmgaia2,,,,,,,,,,13.7987,0.034561,8.847,1.0,jhk,,,,,,,,,,,,,,,,,,235.77119468753,-52.08552548201,-32.31341993004882,2.3383882286432014,[65],['hlsp_tess-spoc_tess_phot_0000000190714420-s0065_tess_v1_lc.fits']
0.043,OGLE-GD-LPV-010543,4,240.7505,-53.63941666666667,276214450,240.75050222932,-53.63942853772,0,,,16030012-5338218,0,J160300.14-533821.9,5932881288045988992,0,0,STAR,tmgaia2,tmgaia2,,,,,,,,,,16.0643,0.032337,9.704,1.0,jhk,,,,,,,,,,,,,,,,,,240.75050222932,-53.63942853772,-30.97256995714774,-0.7676428193873083,[65],['hlsp_tess-spoc_tess_phot_0000000276214450-s0065_tess_v1_lc.fits']
0.107445,OGLE-GD-LPV-007372,4,225.65141666666665,-58.03183333333333,36872696,225.65136154251,-58.03182708882,0,,,15023634-5801546,0,J150236.31-580155.0,5879935405063696384,0,0,STAR,tmgaia2,tmgaia2,,,,,,,,,,14.5943,0.050889,8.585,1.0,jhk,,,,,,,,,,,,,,,,,,225.65136154251,-58.03182708882,-40.40422871232243,0.5318570307358965,[65],['hlsp_tess-spoc_tess_phot_0000000036872696-s0065_tess_v1_lc.fits']
0.145409,OGLE-BLG-LPV-263901,4,276.821125,-11.994416666666666,386445702,276.82116182525,-11.99439839313,0,,,18271707-1159398,0,J182717.06-115939.3,4153214206820036736,0,0,STAR,tmgaia2,tmgaia2,,,,,,,,,,15.9671,0.013104,10.139,1.0,jhk,,,,,,,,,,,,,,,,,,276.82116182525,-11.99439839313,19.524446301062955,-0.1823908811591188,[80],['hlsp_tess-spoc_tess_phot_0000000386445702-s0080_tess_v1_lc.fits']
0.147812,OGLE-GD-LPV-024135,4,286.2325833333333,1.3582222222222222,178308611,286.23254314085,1.35823066591,0,,,19045581+0121296,0,J190455.83+012129.6,4267551424557869952,0,0,STAR,tmgaia2,tmgaia2,,,,,,,,,,15.5982,0.092476,10.399,1.0,jhk,,,,,,,,,,,,,,,,,,286.23254314085,1.35823066591,35.68080135013911,-2.380862594570423,[80],['hlsp_tess-spoc_tess_phot_0000000178308611-s0080_tess_v1_lc.fits']
0.074147,OGLE-GD-LPV-022595,4,283.60962499999994,-0.2271944444444444,56307142,283.60960944034,-0.22720793924,0,,,18542630-0013378,0,J185426.30-001337.7,4266191599233136640,0,0,STAR,tmgaia2,tmgaia2,,,,,,,,,,15.6932,0.073323,9.45,1.0,jhk,,,,,,,,,,,,,,,,,,283.60960944034,-0.22720793924,33.071780725382936,-0.7712176570227267,[80],['hlsp_tess-spoc_tess_phot_0000000056307142-s0080_tess_v1_lc.fits']
0.231624,OGLE-GD-LPV-023928,4,285.9184583333333,1.7098055555555556,177304434,285.91841145888,1.70976146057,0,,,19034042+0142353,0,J190340.42+014235.2,4268331974714707712,0,0,STAR,tmgaia2,tmgaia2,,,,,,,,,,15.8914,0.028332,10.378,1.0,jhk,,,,,,,,,,,,,,,,,,285.91841145888,1.70976146057,35.84990261553759,-1.940794548320808,[80],['hlsp_tess-spoc_tess_phot_0000000177304434-s0080_tess_v1_lc.fits']
0.08384,OGLE-GD-LPV-010206,4,239.29787499999995,-54.40438888888889,90023452,239.29784941195,-54.4044067928,0,,,15571149-5424158,0,J155711.46-542415.7,5884711305636012672,0,0,STAR,tmgaia2,tmgaia2,,,,,,,,,,15.1071,0.019605,9.482,1.0,jhk,,,,,,,,,,,,,,,,,,239.29784941195,-54.4044067928,-32.1184669987974,-0.7901918811640404,[65],['hlsp_tess-spoc_tess_phot_0000000090023452-s0065_tess_v1_lc.fits']
0.037359,OGLE-BLG-LPV-262310,4,275.31404166666664,-11.992,117180439,275.31403178197,-11.99200376894,0,,,18211536-1159312,0,J182115.33-115930.8,4153635491595029888,0,0,STAR,tmgaia2,tmgaia2,,,,,,,,,,14.7691,0.065632,9.527,1.0,jhk,,,,,,,,,,,,,,,,,,275.31403178197,-11.99200376894,18.836731957526244,1.1215758131296285,[80],['hlsp_tess-spoc_tess_phot_0000000117180439-s0080_tess_v1_lc.fits']
0.057011,OGLE-GD-LPV-013915,4,249.50079166666663,-49.28436111111111,31894644,249.50077658012,-49.28437351871,0,,,16380020-4917036,0,J163800.19-491703.5,5940833849461443072,0,0,STAR,tmgaia2,tmgaia2,,,,,,,,,,13.8751,0.035032,9.298,1.0,jhk,,,,,,,,,,,,,,,,,,249.50077658012,-49.28437351871,-24.0417537944468,-1.5120454681088518,[66],['hlsp_tess-spoc_tess_phot_0000000031894644-s0066_tess_v1_lc.fits']
0.244129,OGLE-GD-LPV-018448,4,277.83304166666665,-6.451638888888889,424348493,277.83303834352,-6.45170662206,0,,,18311993-0627060,0,J183119.94-062705.9,4256185772875219584,0,0,STAR,tmgaia2,tmgaia2,,,,,,,,,,14.4918,0.069036,9.865,1.0,jhk,,,,,,,,,,,,,,,,,,277.83303834352,-6.45170662206,24.89857833811949,1.5039810684376895,[80],['hlsp_tess-spoc_tess_phot_0000000424348493-s0080_tess_v1_lc.fits']
0.09292,OGLE-GD-LPV-018600,4,278.172875,-7.686444444444445,216574228,278.17289526816,-7.68646065432,0,,,18324150-0741112,0,J183241.49-074111.6,4156780782008358528,0,0,STAR,tmgaia2,tmgaia2,-2.748,0.532,-1.985,0.446,gaia2,-0.0469,0.3162,,,14.7007,0.033555,10.005,1.0,jhk,gaia2,,,,,,,,,,,3919.47,2135.65,3.3922,1.4827,1596.73,2674.57,278.1728833287,-7.68646919925,23.95894770090504,0.6345579954549573,[80],['hlsp_tess-spoc_tess_phot_0000000216574228-s0080_tess_v1_lc.fits']
0.053333,OGLE-GD-LPV-019214,4,279.52762499999994,2.4997777777777777,107711842,279.52763398518,2.49976599223,0,,,18380663+0229591,0,J183806.63+022959.1,4279890418917324928,0,0,STAR,tmgaia2,tmgaia2,-2.117,0.381,-6.009,0.349,gaia2,0.2818,0.21,,,15.1494,0.101859,10.065,1.0,jhk,gaia2,,,,,,,,,,,2857.61,1465.11,1.1414,0.1065,1008.67,1921.55,279.52762486229,2.49974012066,33.64085771207388,4.103822715265409,[80],['hlsp_tess-spoc_tess_phot_0000000107711842-s0080_tess_v1_lc.fits']
0.087591,OGLE-GD-LPV-022845,4,283.9929583333333,-2.186138888888889,57318739,283.9929675181,-2.18616142219,0,,,18555831-0211103,0,J185558.30-021110.3,4264915139303404288,1741459,0,STAR,tmgaia2,tmgaia2,-0.279,0.311,-0.995,0.251,gaia2,0.2089,0.2327,15.77,0.06,12.4805,0.033771,10.263,0.053,rered,gaia2,,,,,,,,,,,3376.51,1891.53,1.1652,0.1913,1316.9,2466.16,283.99296631643,-2.18616570501,31.50217504124309,-2.0049953708386563,[80],['hlsp_tess-spoc_tess_phot_0000000057318739-s0080_tess_v1_lc.fits']
0.18682,OGLE-GD-LPV-024576,4,286.9319583333333,11.481,198427646,286.93196304023,11.480948311,0,,,19074368+1128515,0,J190743.69+112851.4,4312725100336993792,0,0,STAR,tmgaia2,tmgaia2,,,,,,,,,,15.2141,0.070578,9.732,1.0,jhk,,,,,,,,,,,,,,,,,,286.93196304023,11.480948311,44.99380207980708,1.651468606253364,[80],['hlsp_tess-spoc_tess_phot_0000000198427646-s0080_tess_v1_lc.fits']
0.12266,OGLE-GD-LPV-008904,4,233.4884583333333,-54.101416666666665,284947149,233.48841169,-54.10143698733,0,,,15335723-5406051,0,J153357.24-540604.0,5885470003008644352,0,0,STAR,tmgaia2,tmgaia2,-2.669,0.584,-0.624,0.506,gaia2,-0.7284,0.3187,,,15.9629,0.038593,9.041,1.0,jhk,gaia2,,,,,,,,,,,5123.21,2273.75,1.9677,0.4539,1818.48,2729.02,233.48839209452,-54.10143967605,-34.61392025820004,1.5287652012979551,[65],['hlsp_tess-spoc_tess_phot_0000000284947149-s0065_tess_v1_lc.fits']
0.102437,OGLE-GD-LPV-006041,4,217.638625,-58.03088888888889,291182776,217.63857126103,-58.03088922874,0,,,14303327-5801511,0,J143033.24-580151.1,5891554356768375424,0,0,STAR,tmgaia2,tmgaia2,,,,,,,,,,14.2234,0.044103,10.058,1.0,jhk,,,,,,,,,,,,,,,,,,217.63857126103,-58.03088922874,-44.235916761277394,2.349999209894532,[65],['hlsp_tess-spoc_tess_phot_0000000291182776-s0065_tess_v1_lc.fits']
0.077642,OGLE-BLG-LPV-232460,4,251.7542916666667,-31.514388888888888,97329414,251.75429487803,-31.51441028154,0,,,16470103-3130518,0,J164701.02-313051.8,6027503128400115840,0,0,STAR,tmgaia2,tmgaia2,,,,,,,,,,15.2755,0.006079,9.642,1.0,jhk,,,,,,,,,,,,,,,,,,251.75429487803,-31.51441028154,-9.446992521405416,8.83653078256002,[66],['hlsp_tess-spoc_tess_phot_0000000097329414-s0066_tess_v1_lc.fits']
0.057774,OGLE-BLG-LPV-235107,4,258.6191666666667,-36.02258333333333,188926369,258.61915988429,-36.02259841494,0,,,17142861-3601211,0,J171428.59-360121.1,5974011131756110720,0,0,STAR,tmgaia2,tmgaia2,,,,,,,,,,13.182,0.01851,8.829,1.0,jhk,,,,,,,,,,,,,,,,,,258.61915988429,-36.02259841494,-9.527796594661648,1.5679395512908962,[66],['hlsp_tess-spoc_tess_phot_0000000188926369-s0066_tess_v1_lc.fits']
0.028315,OGLE-GD-LPV-021464,4,282.09570833333333,-1.1596944444444444,182200643,282.09570184272,-1.15969888862,0,,,18482297-0109348,0,J184822.97-010934.8,4260042756560972416,0,0,STAR,tmgaia2,tmgaia2,,,,,,,,,,14.0447,0.02935,8.757,1.0,jhk,,,,,,,,,,,,,,,,,,282.09570184272,-1.15969888862,31.55155828801509,0.1508208203037703,[80],['hlsp_tess-spoc_tess_phot_0000000182200643-s0080_tess_v1_lc.fits']
0.092386,OGLE-GD-LPV-001175,4,157.66187499999998,-59.21477777777778,457481792,157.66182753169,-59.21476951277,0,,,10303883-5912531,0,J103038.84-591253.0,5255306182235354752,0,0,STAR,tmgaia2,tmgaia2,,,,,,,,,,13.5718,0.047709,9.017,1.0,jhk,,,,,,,,,,,,,,,,,,157.66182753169,-59.21476951277,-74.22974632367668,-1.1173037254018934,"[63, 64]","['hlsp_tess-spoc_tess_phot_0000000457481792-s0063_tess_v1_lc.fits', 'hlsp_tess-spoc_tess_phot_0000000457481792-s0064_tess_v1_lc.fits']"
0.122633,OGLE-GD-LPV-022169,4,283.05679166666664,10.300666666666668,95015362,283.05680119874,10.30063391836,0,,,18521363+1018023,0,J185213.63+101802.4,4311555597913527168,0,0,STAR,tmgaia2,tmgaia2,,,,,,,,,,14.3965,0.054328,10.221,1.0,jhk,,,,,,,,,,,,,,,,,,283.05680119874,10.30063391836,42.20759121410048,4.503536035688801,[80],['hlsp_tess-spoc_tess_phot_0000000095015362-s0080_tess_v1_lc.fits']
0.168264,OGLE-GD-LPV-018140,4,277.0089999999999,-8.243388888888887,387026728,277.00896313753,-8.24341810728,0,,,18280216-0814362,0,J182802.16-081436.2,4159642295384418688,0,0,STAR,tmgaia2,tmgaia2,,,,,,,,,,14.698,0.037336,10.063,1.0,jhk,,,,,,,,,,,,,,,,,,277.00896313753,-8.24341810728,22.931454912123023,1.3983493414925916,[80],['hlsp_tess-spoc_tess_phot_0000000387026728-s0080_tess_v1_lc.fits']
0.195315,OGLE-GD-LPV-025336,4,288.33941666666664,12.403722222222225,397749599,288.33938995137,12.40367465392,0,,,19132145+1224133,0,J191321.58+122412.0,4313208954156299136,0,0,STAR,tmgaia2,tmgaia2,,,,,,,,,,13.3207,0.005054,8.705,1.0,jhk,,,,,,,,,,,,,,,,,,288.33938995137,12.40367465392,46.44829666678361,0.8558712908148396,"[80, 81]","['hlsp_tess-spoc_tess_phot_0000000397749599-s0080_tess_v1_lc.fits', 'hlsp_tess-spoc_tess_phot_0000000397749599-s0081_tess_v1_lc.fits']"
0.089978,OGLE-BLG-LPV-232595,4,253.2174583333333,-36.151694444444445,338336047,253.21743690576,-36.15171248147,0,,,16525218-3609061,0,J165252.18-360905.7,5971742289555454336,0,0,STAR,tmgaia2,tmgaia2,,,,,,,,,,14.2,0.040337,9.327,1.0,jhk,,,,,,,,,,,,,,,,,,253.21743690576,-36.15171248147,-12.285090773063406,4.957816406260131,[66],['hlsp_tess-spoc_tess_phot_0000000338336047-s0066_tess_v1_lc.fits']
0.071327,OGLE-GD-LPV-010727,4,241.37425,-51.921527777777776,214907632,241.37421802868,-51.92152583981,0,,,16052979-5155175,0,J160529.82-515517.4,5981405622343338496,0,0,STAR,tmgaia2,tmgaia2,,,,,,,,,,15.2836,0.026616,9.189,1.0,jhk,,,,,,,,,,,,,,,,,,241.37421802868,-51.92152583981,-29.550450109832383,0.2672920387580783,[65],['hlsp_tess-spoc_tess_phot_0000000214907632-s0065_tess_v1_lc.fits']
0.128752,OGLE-GD-LPV-007865,4,228.4475,-55.56822222222223,42138736,228.44745868417,-55.56824930298,0,,,15134740-5534055,0,J151347.41-553405.4,5886555392777986816,0,0,STAR,tmgaia2,tmgaia2,,,,,,,,,,14.4823,0.059432,9.667,1.0,jhk,,,,,,,,,,,,,,,,,,228.44745868417,-55.56824930298,-37.84595042907881,1.898856340909514,[65],['hlsp_tess-spoc_tess_phot_0000000042138736-s0065_tess_v1_lc.fits']
0.099554,OGLE-GD-LPV-022641,4,283.67725,-5.350861111111111,55911447,283.67726672065,-5.35088319267,0,,,18544254-0521030,0,J185442.52-052102.9,4254163285623390848,0,0,STAR,tmgaia2,tmgaia2,,,,,,,,,,12.8178,0.024141,8.649,1.0,jhk,,,,,,,,,,,,,,,,,,283.67726672065,-5.35088319267,28.536899568737866,-3.16257784754723,[80],['hlsp_tess-spoc_tess_phot_0000000055911447-s0080_tess_v1_lc.fits']
0.090936,OGLE-GD-LPV-003446,4,195.14866666666663,-63.92430555555556,438563063,195.14861095516,-63.92429935995,0,,,13003568-6355274,0,J130035.73-635527.3,5861926126198684800,0,0,STAR,tmgaia2,tmgaia2,,,,,,,,,,14.7806,0.036994,9.199,1.0,jhk,,,,,,,,,,,,,,,,,,195.14861095516,-63.92429935995,-56.061883483114464,-1.0704486938474131,"[64, 65]","['hlsp_tess-spoc_tess_phot_0000000438563063-s0064_tess_v1_lc.fits', 'hlsp_tess-spoc_tess_phot_0000000438563063-s0065_tess_v1_lc.fits']"
0.042444,OGLE-GD-LPV-005398,4,212.82504166666664,-54.913222222222224,210850936,212.8250513342,-54.91321182393,0,,176-115203,14111800-5454474,0,,5896481543236659328,27057960,0,STAR,tmgaia2,tmgaia2,,,,,,,,14.992,0.08,12.1738,0.002499,9.825,0.43,vjk,,,,,,,,,,,,,,,,,,212.8250513342,-54.91321182393,-45.68179253258533,6.183282384003651,[65],['hlsp_tess-spoc_tess_phot_0000000210850936-s0065_tess_v1_lc.fits']
0.118055,OGLE-GD-LPV-008882,4,233.376875,-58.09708333333334,284259358,233.37684186144,-58.09711105842,0,,,15333045-5805494,0,J153330.49-580549.6,5882229329959945216,0,0,STAR,tmgaia2,tmgaia2,,,,,,,,,,14.437,0.015668,9.928,1.0,jhk,,,,,,,,,,,,,,,,,,233.37684186144,-58.09711105842,-36.97822732454103,-1.693151962777418,[65],['hlsp_tess-spoc_tess_phot_0000000284259358-s0065_tess_v1_lc.fits']
0.0935,OGLE-BLG-LPV-264258,4,277.28191666666663,-15.290416666666667,432349899,277.2819253852,-15.29044123957,0,,,18290766-1517256,0,J182907.65-151725.3,4103945056479462912,0,0,STAR,tmgaia2,tmgaia2,,,,,,,,,,14.0397,0.022941,9.977,1.0,jhk,,,,,,,,,,,,,,,,,,277.2819253852,-15.29044123957,16.812634340815112,-2.1095077648090563,[80],['hlsp_tess-spoc_tess_phot_0000000432349899-s0080_tess_v1_lc.fits']
0.051848,OGLE-GD-LPV-017690,4,275.2859583333333,-10.102027777777778,17218985,275.28594926072,-10.10201647997,0,,,18210863-1006071,0,J182108.62-100607.3,4154528363728058240,0,0,STAR,tmgaia2,tmgaia2,,,,,,,,,,14.5192,0.07821,10.057,1.0,jhk,,,,,,,,,,,,,,,,,,275.28594926072,-10.10201647997,20.49250396931938,2.0344344839694344,[80],['hlsp_tess-spoc_tess_phot_0000000017218985-s0080_tess_v1_lc.fits']
0.099972,OGLE-GD-LPV-019931,4,280.3259166666666,-1.7967777777777776,180112055,280.32592267985,-1.79680488966,0,,,18411822-0147484,0,J184118.24-014748.4,4259750595722190592,0,0,STAR,tmgaia2,tmgaia2,,,,,,,,,,15.1409,0.056919,10.16,1.0,jhk,,,,,,,,,,,,,,,,,,280.32592267985,-1.79680488966,30.17683383147495,1.433978623543283,[80],['hlsp_tess-spoc_tess_phot_0000000180112055-s0080_tess_v1_lc.fits']
0.118493,OGLE-GD-LPV-008121,4,229.88041666666663,-62.26319444444445,455715130,229.88036054797,-62.26321447477,0,,,15193130-6215473,0,J151931.26-621547.5,5875078209392527488,0,0,STAR,tmgaia2,tmgaia2,,,,,,,,,,13.9785,0.025196,9.205,1.0,jhk,,,,,,,,,,,,,,,,,,229.88036054797,-62.26321447477,-40.74972377642511,-4.179263559471015,[65],['hlsp_tess-spoc_tess_phot_0000000455715130-s0065_tess_v1_lc.fits']
0.045912,OGLE-BLG-LPV-259699,4,272.93104166666666,-15.149,107436715,272.93104901434,-15.14901059935,0,,,18114344-1508563,0,J181143.42-150856.3,4146040030911580928,0,0,STAR,tmgaia2,tmgaia2,,,,,,,,,,14.0033,0.053206,9.829,1.0,jhk,,,,,,,,,,,,,,,,,,272.93104901434,-15.14901059935,14.957177797097842,1.6592426536799894,[80],['hlsp_tess-spoc_tess_phot_0000000107436715-s0080_tess_v1_lc.fits']
0.127941,OGLE-GD-LPV-009447,4,235.79354166666664,-54.00322222222222,66610196,235.79351265559,-54.00325340385,0,,,15431045-5400116,0,J154310.45-540011.5,5885664066800497664,0,0,STAR,tmgaia2,tmgaia2,,,,,,,,,,15.6396,0.057784,9.562,1.0,jhk,,,,,,,,,,,,,,,,,,235.79351265559,-54.00325340385,-33.46600358269767,0.8052644328885199,[65],['hlsp_tess-spoc_tess_phot_0000000066610196-s0065_tess_v1_lc.fits']
0.124549,OGLE-GD-LPV-000787,4,144.9860833333333,-45.62202777777778,33312201,144.98605000404,-45.62200221238,0,,,09395666-4537193,0,J093956.66-453719.3,5412484942814946944,0,0,STAR,tmgaia2,tmgaia2,,,,,,,,,,13.9775,0.041422,9.661,1.0,jhk,,,,,,,,,,,,,,,,,,144.98605000404,-45.62200221238,-88.46085249469921,5.256189105423404,"[62, 63]","['hlsp_tess-spoc_tess_phot_0000000033312201-s0062_tess_v1_lc.fits', 'hlsp_tess-spoc_tess_phot_0000000033312201-s0063_tess_v1_lc.fits']"
0.131326,OGLE-GD-LPV-013241,4,248.2810833333333,-49.71863888888889,21521496,248.28105098254,-49.71866877642,0,,,16330745-4943071,0,J163307.44-494306.9,5940576185768247296,0,0,STAR,tmgaia2,tmgaia2,,,,,,,,,,14.4001,0.041401,9.526,1.0,jhk,,,,,,,,,,,,,,,,,,248.28105098254,-49.71866877642,-24.89686113930057,-1.2201214867626475,[66],['hlsp_tess-spoc_tess_phot_0000000021521496-s0066_tess_v1_lc.fits']
0.083822,OGLE-GD-LPV-025556,4,288.8054583333333,12.828527777777778,342925473,288.80545585771,12.82850461929,0,,,19151331+1249428,0,J191513.32+124942.8,4319251423371979776,0,0,STAR,tmgaia2,tmgaia2,,,,,,,,,,16.3856,0.031481,9.934,1.0,jhk,,,,,,,,,,,,,,,,,,288.80545585771,12.82850461929,47.03576250142255,0.6503578850608673,"[80, 81]","['hlsp_tess-spoc_tess_phot_0000000342925473-s0080_tess_v1_lc.fits', 'hlsp_tess-spoc_tess_phot_0000000342925473-s0081_tess_v1_lc.fits']"
0.320947,OGLE-GD-LPV-019617,4,280.00620833333335,-6.706361111111112,197339648,280.00614521689,-6.70629771791,0,,,18400149-0642227,0,J184001.47-064222.7,4252999010211432320,0,0,STAR,tmgaia2,tmgaia2,,,,,,,,,,14.4566,0.022015,9.304,1.0,jhk,,,,,,,,,,,,,,,,,,280.00614521689,-6.70629771791,25.66558171509642,-0.5300635147435752,[80],['hlsp_tess-spoc_tess_phot_0000000197339648-s0080_tess_v1_lc.fits']
0.12259,OGLE-GD-LPV-025303,4,288.2819999999999,12.716333333333331,397737811,288.28199717935,12.71629939193,0,,,19130768+1242586,0,,4313289012340357504,0,0,STAR,tmgaia2,tmgaia2,,,,,,,,,,12.5162,0.002275,9.415,1.0,jhk,,,,,,,,,,,,,,,,,,288.28199717935,12.71629939193,46.699354977794414,1.050431561484821,"[80, 81]","['hlsp_tess-spoc_tess_phot_0000000397737811-s0080_tess_v1_lc.fits', 'hlsp_tess-spoc_tess_phot_0000000397737811-s0081_tess_v1_lc.fits']"
0.05929,OGLE-BLG-LPV-240047,4,262.677,-36.71808333333333,389713097,262.67702050053,-36.71808223695,0,,,17304248-3643051,0,,5974658911602109056,0,0,STAR,tmgaia2,tmgaia2,,,,,,,,,,15.824,0.083155,9.755,1.0,jhk,,,,,,,,,,,,,,,,,,262.67702050053,-36.71808223695,-8.249141018363234,-1.5179892659592755,[66],['hlsp_tess-spoc_tess_phot_0000000389713097-s0066_tess_v1_lc.fits']
0.132439,OGLE-GD-LPV-018398,4,277.70979166666666,-5.957888888888889,214953411,277.70976414439,-5.9579134669,0,,,18305034-0557285,0,J183050.34-055728.4,4256288955160736128,0,0,STAR,tmgaia2,tmgaia2,,,,,,,,,,14.8237,0.088339,10.045,1.0,jhk,,,,,,,,,,,,,,,,,,277.70976414439,-5.9579134669,25.280016033070645,1.840777303132056,[80],['hlsp_tess-spoc_tess_phot_0000000214953411-s0080_tess_v1_lc.fits']
0.116815,OGLE-GD-LPV-001269,4,160.26241666666664,-53.376694444444446,300206805,160.26236371398,-53.37668702555,0,,184-058898,10410299-5322361,0,J104102.96-532236.1,5354316860709646720,0,0,STAR,tmgaia2,tmgaia2,,,,,,,,16.398,0.551,12.1714,0.018038,10.517,0.391,vjk,,,,,,,,,,,,,,,,,,160.26236371398,-53.37668702555,-75.87904286146707,4.665097565382538,[63],['hlsp_tess-spoc_tess_phot_0000000300206805-s0063_tess_v1_lc.fits']
0.071814,OGLE-BLG-LPV-240009,4,262.66095833333327,-37.406194444444445,389804878,262.66093445711,-37.40620062738,0,,,17303863-3724223,0,J173038.63-372422.4,5974201897015193344,0,0,STAR,tmgaia2,tmgaia2,,,,,,,,,,14.0694,0.023111,8.657,1.0,jhk,,,,,,,,,,,,,,,,,,262.66093445711,-37.40620062738,-8.83146225486155,-1.8852261155279115,[66],['hlsp_tess-spoc_tess_phot_0000000389804878-s0066_tess_v1_lc.fits']
0.008439,OGLE-BLG-LPV-234009,4,257.3232083333333,-39.25263888888889,380306393,257.32320800698,-39.2526412193,0,,,17091756-3915095,0,J170917.59-391509.4,5973009747237147776,0,0,STAR,tmgaia2,tmgaia2,,,,,,,,,,13.4427,0.014993,8.425,1.0,jhk,,,,,,,,,,,,,,,,,,257.32320800698,-39.2526412193,-12.741785397975612,0.4911012006564068,[66],['hlsp_tess-spoc_tess_phot_0000000380306393-s0066_tess_v1_lc.fits']
0.120047,OGLE-GD-LPV-018937,4,279.0124166666667,4.338222222222222,106650004,279.01241898883,4.33818895635,0,,,18360297+0420175,0,J183602.96+042017.5,4283773584752267520,0,0,STAR,tmgaia2,tmgaia2,,,,,,,,,,13.6568,0.023244,9.082,1.0,jhk,,,,,,,,,,,,,,,,,,279.01241898883,4.33818895635,35.051217151880785,5.395705586296003,[80],['hlsp_tess-spoc_tess_phot_0000000106650004-s0080_tess_v1_lc.fits']
0.149665,OGLE-GD-LPV-003772,4,198.70925,-60.87716666666667,443137632,198.70917402252,-60.87714766495,0,,,13145021-6052378,0,J131450.19-605237.7,5869606214902618624,0,0,STAR,tmgaia2,tmgaia2,,,,,,,,,,13.4079,0.021195,8.507,1.0,jhk,,,,,,,,,,,,,,,,,,198.70917402252,-60.87714766495,-54.22335510601684,1.865272933363332,"[64, 65]","['hlsp_tess-spoc_tess_phot_0000000443137632-s0064_tess_v1_lc.fits', 'hlsp_tess-spoc_tess_phot_0000000443137632-s0065_tess_v1_lc.fits']"
0.080829,OGLE-GD-LPV-013101,4,247.9654166666666,-57.22291666666667,221429356,247.96539578766,-57.22293606647,0,,,16315170-5713223,0,J163151.68-571322.2,5928103909989609088,29182797,0,STAR,tmgaia2,tmgaia2,,,,,,,,14.916,0.012,13.0425,0.022773,9.847,0.033,vjk,,,,,,,,,,,,,,,,,,247.96539578766,-57.22293606647,-30.53976354879788,-6.185990078994982,[66],['hlsp_tess-spoc_tess_phot_0000000221429356-s0066_tess_v1_lc.fits']
0.173742,OGLE-GD-LPV-025422,4,288.51283333333333,7.705611111111112,208463890,288.512785834,7.70562176722,0,,,19140308+0742202,0,J191403.06+074220.2,4306479942978936448,0,0,STAR,tmgaia2,tmgaia2,,,,,,,,,,14.1543,0.029988,9.625,1.0,jhk,,,,,,,,,,,,,,,,,,288.512785834,7.70562176722,42.365263036705066,-1.4750104456072688,"[80, 81]","['hlsp_tess-spoc_tess_phot_0000000208463890-s0080_tess_v1_lc.fits', 'hlsp_tess-spoc_tess_phot_0000000208463890-s0081_tess_v1_lc.fits']"
0.147002,OGLE-GD-LPV-023396,4,284.96425,8.279694444444445,222557117,284.96421014616,8.27968386015,0,,,18595141+0816470,0,J185951.44+081647.4,4310138602263286528,0,0,STAR,tmgaia2,tmgaia2,,,,,,,,,,13.3121,0.018391,7.847,1.0,jhk,,,,,,,,,,,,,,,,,,284.96421014616,8.27968386015,41.25854497142761,1.9093533621066985,[80],['hlsp_tess-spoc_tess_phot_0000000222557117-s0080_tess_v1_lc.fits']
0.196749,OGLE-GD-LPV-001918,4,173.9754583333333,-64.62766666666666,290883843,173.97533379969,-64.62765486302,0,,,11355409-6437395,0,J113553.96-643738.7,5333406520366623616,0,0,STAR,tmgaia2,tmgaia2,,,,,,,,,,13.9787,0.031159,8.745,1.0,jhk,,,,,,,,,,,,,,,,,,173.97533379969,-64.62765486302,-65.05036948006095,-2.933000464728238,"[64, 65]","['hlsp_tess-spoc_tess_phot_0000000290883843-s0064_tess_v1_lc.fits', 'hlsp_tess-spoc_tess_phot_0000000290883843-s0065_tess_v1_lc.fits']"
0.150808,OGLE-GD-LPV-019650,4,280.0425833333333,-5.928361111111111,46453769,280.04259751874,-5.92840055452,0,,,18401022-0555420,0,J184010.29-055542.7,4253463175975397504,0,0,STAR,tmgaia2,tmgaia2,,,,,,,,,,14.4726,0.022675,9.848,1.0,jhk,,,,,,,,,,,,,,,,,,280.04259751874,-5.92840055452,26.37373650707429,-0.2058260867602501,[80],['hlsp_tess-spoc_tess_phot_0000000046453769-s0080_tess_v1_lc.fits']
0.134287,OGLE-GD-LPV-002730,4,186.898875,-61.3955,450661049,186.89880168362,-61.39548737674,0,,,12273573-6123436,0,J122735.73-612343.6,6054942952900473472,0,0,STAR,tmgaia2,tmgaia2,,,,,,,,,,15.5562,0.042842,10.013,1.0,jhk,,,,,,,,,,,,,,,,,,186.89880168362,-61.39548737674,-59.91859306035863,1.3442182400434766,[64],['hlsp_tess-spoc_tess_phot_0000000450661049-s0064_tess_v1_lc.fits']
0.112133,OGLE-GD-LPV-024266,4,286.4532083333333,1.6081111111111113,178398091,286.45317720114,1.60810978659,0,,,19054876+0136291,0,J190548.75+013629.1,4267657871055028480,0,0,STAR,tmgaia2,tmgaia2,,,,,,,,,,14.6219,0.086785,10.322,1.0,jhk,,,,,,,,,,,,,,,,,,286.45317720114,1.60810978659,36.004208773238815,-2.462603417933325,[80],['hlsp_tess-spoc_tess_phot_0000000178398091-s0080_tess_v1_lc.fits']
0.193583,OGLE-GD-LPV-020858,4,281.3124583333333,5.306861111111111,171245303,281.31245704746,5.30680735322,0,,,18451499+0518246,0,J184514.98+051824.4,4285208791033678336,0,0,STAR,tmgaia2,tmgaia2,,,,,,,,,,13.8154,0.048893,9.35,1.0,jhk,,,,,,,,,,,,,,,,,,281.31245704746,5.30680735322,36.958021056918646,3.789908202331366,[80],['hlsp_tess-spoc_tess_phot_0000000171245303-s0080_tess_v1_lc.fits']
0.153326,OGLE-GD-LPV-003498,4,195.8141666666667,-59.12325,253292962,195.8141013349,-59.12327626496,0,,,13031541-5907237,0,J130315.41-590723.8,6056950729844855424,0,0,STAR,tmgaia2,tmgaia2,,,,,,,,,,14.8226,0.023519,8.492,1.0,jhk,,,,,,,,,,,,,,,,,,195.8141013349,-59.12327626496,-55.5490539308907,3.7136348858508432,"[64, 65]","['hlsp_tess-spoc_tess_phot_0000000253292962-s0064_tess_v1_lc.fits', 'hlsp_tess-spoc_tess_phot_0000000253292962-s0065_tess_v1_lc.fits']"
0.120725,OGLE-GD-LPV-019606,4,279.9984999999999,5.220638888888889,108560008,279.99849717649,5.22060547238,0,,,18395964+0513141,0,J183959.65+051314.1,4283937686843830912,0,0,STAR,tmgaia2,tmgaia2,,,,,,,,,,15.6681,0.034281,10.177,1.0,jhk,,,,,,,,,,,,,,,,,,279.99849717649,5.22060547238,36.28746087243051,4.917890638754559,[80],['hlsp_tess-spoc_tess_phot_0000000108560008-s0080_tess_v1_lc.fits']
0.080661,OGLE-GD-LPV-008430,4,231.356,-60.23191666666667,456324838,231.35595552312,-60.23192046016,0,,,15252543-6013549,0,J152525.43-601354.9,5875854876948148096,0,0,STAR,tmgaia2,tmgaia2,,,,,,,,,,13.8319,0.03293,9.405,1.0,jhk,,,,,,,,,,,,,,,,,,231.35595552312,-60.23192046016,-39.042841253372174,-2.8651194050950584,[65],['hlsp_tess-spoc_tess_phot_0000000456324838-s0065_tess_v1_lc.fits']
0.082722,OGLE-GD-LPV-004966,4,209.181875,-59.85633333333333,208698061,209.18183873917,-59.8563473486,0,,,13564365-5951227,0,J135643.59-595122.6,5867560058122948864,0,0,STAR,tmgaia2,tmgaia2,,,,,,,,,,14.303,0.028087,9.01,1.0,jhk,,,,,,,,,,,,,,,,,,209.18183873917,-59.8563473486,-48.94989836410065,1.9823434707774088,[65],['hlsp_tess-spoc_tess_phot_0000000208698061-s0065_tess_v1_lc.fits']
0.107215,OGLE-BLG-LPV-234170,4,257.5539583333333,-39.168527777777776,224815848,257.55397881825,-39.16855297167,0,,,17101294-3910068,0,J171012.97-391006.7,5973014218310610560,0,0,STAR,tmgaia2,tmgaia2,,,,,,,,,,15.8556,0.009053,9.898,1.0,jhk,,,,,,,,,,,,,,,,,,257.55397881825,-39.16855297167,-12.56781539705156,0.3974139032809924,[66],['hlsp_tess-spoc_tess_phot_0000000224815848-s0066_tess_v1_lc.fits']
0.075734,OGLE-GD-LPV-015960,4,253.91554166666663,-47.09427777777778,247429268,253.91552038253,-47.09426252642,0,,,16553973-4705392,0,J165539.77-470539.4,5939832125602954240,0,0,STAR,tmgaia2,tmgaia2,-0.958,0.399,-9.058,0.32,gaia2,-0.0603,0.2378,,,13.5576,0.030947,8.362,1.0,jhk,gaia2,,,,,,,,,,,4478.74,2219.0,2.098,0.4199,1684.6,2753.4,253.9155143229,-47.0943015264,-20.465975126849973,-2.336592467058383,[66],['hlsp_tess-spoc_tess_phot_0000000247429268-s0066_tess_v1_lc.fits']
0.119388,OGLE-BLG-LPV-263777,4,276.6689583333333,-10.31686111111111,385738639,276.66892691646,-10.31684909293,0,,,18264054-1019005,0,J182640.53-101900.7,4155773835530130176,0,0,STAR,tmgaia2,tmgaia2,,,,,,,,,,14.6612,0.043176,9.931,1.0,jhk,,,,,,,,,,,,,,,,,,276.66892691646,-10.31684909293,20.939498554186923,0.7309514611608467,[80],['hlsp_tess-spoc_tess_phot_0000000385738639-s0080_tess_v1_lc.fits']
0.044009,OGLE-GD-LPV-000737,4,143.185625,-49.53944444444444,298925163,143.18560841132,-49.53943865138,0,,,09324454-4932220,0,J093244.54-493222.0,5409953935768873472,0,0,STAR,tmgaia2,tmgaia2,,,,,,,,,,14.8771,0.047735,9.641,1.0,jhk,,,,,,,,,,,,,,,,,,143.18560841132,-49.53943865138,-86.731255466761,1.53617436451359,"[62, 63]","['hlsp_tess-spoc_tess_phot_0000000298925163-s0062_tess_v1_lc.fits', 'hlsp_tess-spoc_tess_phot_0000000298925163-s0063_tess_v1_lc.fits']"
0.162272,OGLE-BLG-LPV-232472,4,251.89225,-34.27152777777778,97550024,251.89223222777,-34.27157039363,0,,279-097981,16473414-3416174,0,J164734.15-341617.5,6026187803239282304,0,0,STAR,tmgaia2,tmgaia2,,,,,,,,13.897,0.153,12.1396,0.01034,9.171,0.139,vjk,,,,,,,,,,,,,,,,,,251.89223222777,-34.27157039363,-11.515710861550517,6.987984855471325,[66],['hlsp_tess-spoc_tess_phot_0000000097550024-s0066_tess_v1_lc.fits']
0.074993,OGLE-GD-LPV-013964,4,249.60670833333327,-49.53388888888889,33642901,249.60668803152,-49.53390502415,0,,,16382561-4932020,0,J163825.60-493202.1,5940452868710032896,0,0,STAR,tmgaia2,tmgaia2,,,,,,,,,,13.6503,0.031295,8.95,1.0,jhk,,,,,,,,,,,,,,,,,,249.60668803152,-49.53390502415,-24.18144605666058,-1.730024974750798,[66],['hlsp_tess-spoc_tess_phot_0000000033642901-s0066_tess_v1_lc.fits']
0.09317,OGLE-GD-LPV-004200,4,202.5175833333333,-64.23080555555556,314401707,202.51761276794,-64.23078305993,0,,129-086987,13300424-6413507,0,J133004.22-641350.7,5864856285971725952,30930688,0,STAR,tmgaia2,tmgaia2,-7.736,0.167,-1.877,0.185,gaia2,-0.2155,0.1285,16.789,0.183,11.9042,0.010714,9.635,0.035,rered,gaia2,,,,,,,,,,,7441.4,2758.24,1.2226,0.1596,2246.57,3269.9,202.5175361568,-64.2307911401,-52.883597147197,-1.6733808834922534,[65],['hlsp_tess-spoc_tess_phot_0000000314401707-s0065_tess_v1_lc.fits']
0.086982,OGLE-GD-LPV-008347,4,231.00454166666665,-50.26733333333333,138843326,231.00450936193,-50.26734587879,0,,,15240109-5016023,0,J152401.09-501602.4,5890430758962280320,0,0,STAR,tmgaia2,tmgaia2,,,,,,,,,,14.1407,0.041138,9.822,1.0,jhk,,,,,,,,,,,,,,,,,,231.00450936193,-50.26734587879,-33.69796962772361,5.551044789443896,[65],['hlsp_tess-spoc_tess_phot_0000000138843326-s0065_tess_v1_lc.fits']
0.053723,OGLE-GD-LPV-022966,4,284.2093333333333,-2.3825,58190114,284.20933090094,-2.38251472386,0,,,18565023-0222570,0,J185650.22-022257.1,4261905741617878272,0,0,STAR,tmgaia2,tmgaia2,,,,,,,,,,14.3673,0.01656,9.917,1.0,jhk,,,,,,,,,,,,,,,,,,284.20933090094,-2.38251472386,31.42568999223472,-2.2868812566874874,[80],['hlsp_tess-spoc_tess_phot_0000000058190114-s0080_tess_v1_lc.fits']
0.05156,OGLE-GD-LPV-022196,4,283.0802916666666,-5.314611111111111,54027483,283.08030582281,-5.31461365128,0,,,18521927-0518526,0,J185219.25-051852.4,4254838012183688192,0,0,STAR,tmgaia2,tmgaia2,,,,,,,,,,14.0987,0.026872,8.624,1.0,jhk,,,,,,,,,,,,,,,,,,283.08030582281,-5.31461365128,28.29914798927629,-2.6164886657355457,[80],['hlsp_tess-spoc_tess_phot_0000000054027483-s0080_tess_v1_lc.fits']
0.103516,OGLE-GD-LPV-021147,4,281.68637499999994,-4.690833333333334,225966682,281.68634788862,-4.69084316761,0,,,18464472-0441271,0,J184644.69-044127.3,4255156183349961728,0,0,STAR,tmgaia2,tmgaia2,,,,,,,,,,14.3282,0.061675,9.827,1.0,jhk,,,,,,,,,,,,,,,,,,281.68634788862,-4.69084316761,28.222553106338413,-1.0961444358779333,[80],['hlsp_tess-spoc_tess_phot_0000000225966682-s0080_tess_v1_lc.fits']
0.169815,OGLE-GD-LPV-024194,4,286.3270833333333,1.6599722222222222,178306098,286.32703840657,1.65995778696,0,,,19051849+0139360,0,J190518.49+013935.7,4267670893395655296,0,0,STAR,tmgaia2,tmgaia2,,,,,,,,,,13.0249,0.038164,8.1,1.0,jhk,,,,,,,,,,,,,,,,,,286.32703840657,1.65995778696,35.99259543939447,-2.326774406300626,[80],['hlsp_tess-spoc_tess_phot_0000000178306098-s0080_tess_v1_lc.fits']
0.06497,OGLE-BLG-LPV-263888,4,276.79975,-13.46061111111111,177184284,276.79973584732,-13.46059943809,0,,,18271194-1327381,0,,4104458700178987392,0,0,STAR,tmgaia2,tmgaia2,,,,,,,,,,15.574,0.039303,9.916,1.0,jhk,,,,,,,,,,,,,,,,,,276.79973584732,-13.46059943809,18.21699244819947,-0.8463804705119852,[80],['hlsp_tess-spoc_tess_phot_0000000177184284-s0080_tess_v1_lc.fits']
0.065764,OGLE-GD-LPV-014001,4,249.66758333333328,-46.78430555555556,231259550,249.66756965974,-46.78432124149,0,,,16384021-4647034,0,J163840.24-464703.5,5942819395679530240,0,0,STAR,tmgaia2,tmgaia2,,,,,,,,,,15.868,0.037388,9.59,1.0,jhk,,,,,,,,,,,,,,,,,,249.66756965974,-46.78432124149,-22.106623478548247,0.0750294418106693,[66],['hlsp_tess-spoc_tess_phot_0000000231259550-s0066_tess_v1_lc.fits']
0.068653,OGLE-GD-LPV-013773,4,249.234875,-48.152027777777775,31050467,249.23487050992,-48.15204661123,0,,,16365637-4809072,0,,5941044783887674496,0,0,STAR,tmgaia2,tmgaia2,,,,,,,,,,14.2341,0.029649,9.674,1.0,jhk,,,,,,,,,,,,,,,,,,249.23487050992,-48.15204661123,-23.318572443935388,-0.6231391011100511,[66],['hlsp_tess-spoc_tess_phot_0000000031050467-s0066_tess_v1_lc.fits']
0.085417,OGLE-GD-LPV-025623,4,289.000125,8.074944444444444,210561458,289.00014833449,8.07494984901,0,,,19160003+0804298,0,J191600.02+080429.6,4307989091413249536,0,0,STAR,tmgaia2,tmgaia2,,,,,,,,,,14.8729,0.066727,9.5,1.0,jhk,,,,,,,,,,,,,,,,,,289.00014833449,8.07494984901,42.91672703842683,-1.7309607838153438,"[80, 81]","['hlsp_tess-spoc_tess_phot_0000000210561458-s0080_tess_v1_lc.fits', 'hlsp_tess-spoc_tess_phot_0000000210561458-s0081_tess_v1_lc.fits']"
0.163832,OGLE-GD-LPV-002171,4,178.46912499999996,-63.026583333333335,305109727,178.46902867882,-63.02657059247,0,,,11535260-6301356,0,J115352.57-630135.5,5333084191695932288,0,0,STAR,tmgaia2,tmgaia2,,,,,,,,,,13.6969,0.033244,9.403,1.0,jhk,,,,,,,,,,,,,,,,,,178.46902867882,-63.02657059247,-63.54132705385203,-0.8805438594853302,[64],['hlsp_tess-spoc_tess_phot_0000000305109727-s0064_tess_v1_lc.fits']
0.13223,OGLE-GD-LPV-004686,4,206.79637499999995,-58.64794444444444,207573356,206.79630532847,-58.64795036845,0,,157-116422,13471113-5838527,0,J134711.13-583852.5,5870835709439675136,0,0,STAR,tmgaia2,tmgaia2,,,,,,,,14.438,0.103,13.5646,0.02999,9.825,0.059,vjk,,,,,,,,,,,,,,,,,,206.79630532847,-58.64795036845,-49.85607268585165,3.4410104252128577,[65],['hlsp_tess-spoc_tess_phot_0000000207573356-s0065_tess_v1_lc.fits']
0.090332,OGLE-BLG-LPV-234214,4,257.608,-42.09791666666667,381782942,257.60798603021,-42.09793951784,0,,,17102593-4205524,0,J171025.91-420552.5,5965714801145758080,0,0,STAR,tmgaia2,tmgaia2,,,,,,,,,,13.4992,0.014509,7.883,1.0,jhk,,,,,,,,,,,,,,,,,,257.60798603021,-42.09793951784,-14.901305226623258,-1.37421102787336,[66],['hlsp_tess-spoc_tess_phot_0000000381782942-s0066_tess_v1_lc.fits']
0.123148,OGLE-GD-LPV-008899,4,233.4763333333333,-61.51272222222222,272116033,233.47630872683,-61.51275435376,0,,143-167285,15335432-6130459,0,J153354.35-613046.0,5827497599631533312,0,0,STAR,tmgaia2,tmgaia2,-5.327,0.375,-4.775,0.375,gaia2,0.4133,0.1789,17.601,0.699,11.8806,0.02355,9.987,0.028,rered,gaia2,,,,,,,,,,,2519.47,1531.49,0.4197,0.0811,894.25,2168.73,233.47626064116,-61.51277491133,-38.9205614673746,-4.505306408203898,[65],['hlsp_tess-spoc_tess_phot_0000000272116033-s0065_tess_v1_lc.fits']
0.013132,OGLE-GD-LPV-025498,4,288.682625,17.300972222222224,315748355,288.68262367598,17.30096880062,0,,,19144382+1718035,0,J191443.81+171803.5,4513439676648746368,0,0,STAR,tmgaia2,tmgaia2,,,,,,,,,,14.1956,0.018431,9.924,1.0,jhk,,,,,,,,,,,,,,,,,,288.68262367598,17.30096880062,50.94428295590105,2.831238039929194,"[80, 81]","['hlsp_tess-spoc_tess_phot_0000000315748355-s0080_tess_v1_lc.fits', 'hlsp_tess-spoc_tess_phot_0000000315748355-s0081_tess_v1_lc.fits']"
0.115291,OGLE-GD-LPV-003078,4,190.78254166666665,-62.6915,433944197,190.7824738411,-62.69150757232,0,,,12430780-6241294,0,J124307.79-624129.4,6055172334173939200,0,0,STAR,tmgaia2,tmgaia2,,,,,,,,,,14.6012,0.034322,9.748,1.0,jhk,,,,,,,,,,,,,,,,,,190.7824738411,-62.69150757232,-58.02077358945951,0.1648788516526012,"[64, 65]","['hlsp_tess-spoc_tess_phot_0000000433944197-s0064_tess_v1_lc.fits', 'hlsp_tess-spoc_tess_phot_0000000433944197-s0065_tess_v1_lc.fits']"
0.163814,OGLE-GD-LPV-020477,4,280.883875,-1.7730277777777776,185642677,280.8839170361,-1.77304524921,0,,,18433212-0146228,0,J184332.12-014622.9,4259939127593167488,0,0,STAR,tmgaia2,tmgaia2,,,,,,,,,,15.694,0.066813,10.233,1.0,jhk,,,,,,,,,,,,,,,,,,280.8839170361,-1.77304524921,30.4528570611282,0.948773410421664,[80],['hlsp_tess-spoc_tess_phot_0000000185642677-s0080_tess_v1_lc.fits']
0.138034,OGLE-GD-LPV-003850,4,199.69725,-62.12238888888889,443691611,199.69717606412,-62.12237230572,0,,,13184735-6207204,0,J131847.32-620720.5,5868504023207839104,0,0,STAR,tmgaia2,tmgaia2,,,,,,,,,,14.8347,0.03976,9.666,1.0,jhk,,,,,,,,,,,,,,,,,,199.69717606412,-62.12237230572,-53.87660952943051,0.5797552353434984,"[64, 65]","['hlsp_tess-spoc_tess_phot_0000000443691611-s0064_tess_v1_lc.fits', 'hlsp_tess-spoc_tess_phot_0000000443691611-s0065_tess_v1_lc.fits']"
0.126519,OGLE-BLG-LPV-259738,4,272.9574583333333,-15.621861111111112,107961149,272.95745503304,-15.62189611137,0,,,18114978-1537187,0,J181149.80-153718.4,4145800303012407040,0,0,STAR,tmgaia2,tmgaia2,,,,,,,,,,15.2797,0.041361,9.389,1.0,jhk,,,,,,,,,,,,,,,,,,272.95745503304,-15.62189611137,14.554566734663432,1.409708745831162,[80],['hlsp_tess-spoc_tess_phot_0000000107961149-s0080_tess_v1_lc.fits']
0.056071,OGLE-GD-LPV-023202,4,284.6173749999999,2.596555555555556,227792820,284.61737775883,2.59654022601,0,,,18582817+0235475,0,J185828.17+023547.7,4268691789894609152,0,0,STAR,tmgaia2,tmgaia2,,,,,,,,,,15.7053,0.026803,9.981,1.0,jhk,,,,,,,,,,,,,,,,,,284.61737775883,2.59654022601,36.04426027933564,-0.3790766626045416,[80],['hlsp_tess-spoc_tess_phot_0000000227792820-s0080_tess_v1_lc.fits']
0.095262,OGLE-GD-LPV-016663,4,256.0014583333333,-52.53380555555555,212371523,256.00143353697,-52.53382729729,0,,,17040035-5232017,0,J170400.37-523202.0,5924328187053037312,0,0,STAR,tmgaia2,tmgaia2,,,,,,,,,,14.4121,0.062833,9.36,1.0,jhk,,,,,,,,,,,,,,,,,,256.00143353697,-52.53382729729,-23.944217156967035,-6.738469660237769,[66],['hlsp_tess-spoc_tess_phot_0000000212371523-s0066_tess_v1_lc.fits']
0.091389,OGLE-GD-LPV-017880,4,276.22733333333326,-9.054666666666668,20392983,276.22733365254,-9.05469205049,0,,,18245457-0903168,0,J182454.54-090316.9,4159119030924993152,0,0,STAR,tmgaia2,tmgaia2,,,,,,,,,,15.9432,0.049765,10.445,1.0,jhk,,,,,,,,,,,,,,,,,,276.22733365254,-9.05469205049,21.85330370307983,1.7046022711148558,[80],['hlsp_tess-spoc_tess_phot_0000000020392983-s0080_tess_v1_lc.fits']
0.030697,OGLE-BLG-LPV-259459,4,272.7493333333333,-15.592222222222222,107029635,272.74933662202,-15.59223013905,0,,,18105984-1535317,0,J181059.84-153531.9,4145990312368209024,0,0,STAR,tmgaia2,tmgaia2,,,,,,,,,,15.4649,0.045018,10.447,1.0,jhk,,,,,,,,,,,,,,,,,,272.74933662202,-15.59223013905,14.48412315790338,1.5997095972098982,[80],['hlsp_tess-spoc_tess_phot_0000000107029635-s0080_tess_v1_lc.fits']
0.143208,OGLE-GD-LPV-015299,4,252.2615,-37.47663888888889,335714744,252.26147126932,-37.47667148618,0,,,16490276-3728360,0,J164902.77-372835.5,5971516271147483648,0,0,STAR,tmgaia2,tmgaia2,,,,,,,,,,14.6198,0.027754,9.598,1.0,jhk,,,,,,,,,,,,,,,,,,252.26147126932,-37.47667148618,-13.799990065361436,4.707820801415731,[66],['hlsp_tess-spoc_tess_phot_0000000335714744-s0066_tess_v1_lc.fits']
0.150204,OGLE-GD-LPV-022950,4,284.1827916666666,8.709583333333333,104268278,284.18276095782,8.70955470762,0,,,18564386+0842344,0,J185643.86+084234.3,4310381285110103168,0,0,STAR,tmgaia2,tmgaia2,,,,,,,,,,15.968,0.054805,10.301,1.0,jhk,,,,,,,,,,,,,,,,,,284.18276095782,8.70955470762,41.28943063945725,2.7932090911655187,[80],['hlsp_tess-spoc_tess_phot_0000000104268278-s0080_tess_v1_lc.fits']
0.079823,OGLE-GD-LPV-001949,4,174.57662499999998,-65.31702777777777,319949120,174.57659771411,-65.31704679902,0,,,11381838-6519013,0,J113818.40-651901.2,5237275943882349696,0,0,STAR,tmgaia2,tmgaia2,,,,,,,,,,14.4611,0.036185,10.255,1.0,jhk,,,,,,,,,,,,,,,,,,174.57659771411,-65.31704679902,-64.60999355997075,-3.52170612808086,"[64, 65]","['hlsp_tess-spoc_tess_phot_0000000319949120-s0064_tess_v1_lc.fits', 'hlsp_tess-spoc_tess_phot_0000000319949120-s0065_tess_v1_lc.fits']"
0.115081,OGLE-GD-LPV-011087,4,242.54591666666667,-46.18866666666666,163323397,242.54590070878,-46.18869666406,0,,,16101103-4611192,0,J161011.02-461119.2,5990195530624573440,0,0,STAR,tmgaia2,tmgaia2,,,,,,,,,,14.2081,0.026546,10.098,1.0,jhk,,,,,,,,,,,,,,,,,,242.54590070878,-46.18869666406,-25.11932019743466,3.989106066275849,[65],['hlsp_tess-spoc_tess_phot_0000000163323397-s0065_tess_v1_lc.fits']
0.135638,OGLE-GD-LPV-020280,4,280.6762499999999,-7.184222222222222,162946600,280.67621230176,-7.18422676656,0,,,18424230-0711030,0,J184242.28-071103.1,4252722517467758336,0,0,STAR,tmgaia2,tmgaia2,,,,,,,,,,15.4651,0.035215,9.99,1.0,jhk,,,,,,,,,,,,,,,,,,280.67621230176,-7.18422676656,25.54486922853142,-1.3401081432681174,[80],['hlsp_tess-spoc_tess_phot_0000000162946600-s0080_tess_v1_lc.fits']
0.049678,OGLE-GD-LPV-011275,4,243.1845833333333,-45.78483333333333,164418164,243.18458136369,-45.78484706429,0,,,16124429-4547054,0,J161244.28-454705.4,5990292390719947392,0,0,STAR,tmgaia2,tmgaia2,-4.848,0.562,-2.389,0.394,gaia2,0.0815,0.311,,,14.0648,0.029739,9.366,1.0,jhk,gaia2,,,,,,,,,,,3595.14,2038.79,1.1672,0.1877,1488.52,2589.05,243.18455143209,-45.7848573522,-24.51792588078105,3.980589267042707,[65],['hlsp_tess-spoc_tess_phot_0000000164418164-s0065_tess_v1_lc.fits']
0.103673,OGLE-GD-LPV-005714,4,215.2310833333333,-57.773777777777774,413642741,215.23103178479,-57.77376919342,0,,,14205546-5746255,0,J142055.46-574625.3,5891998456388447360,0,0,STAR,tmgaia2,tmgaia2,,,,,,,,,,14.0189,0.038135,9.579,1.0,jhk,,,,,,,,,,,,,,,,,,215.23103178479,-57.77376919342,-45.34078187771426,3.0460329732006257,[65],['hlsp_tess-spoc_tess_phot_0000000413642741-s0065_tess_v1_lc.fits']
0.084213,OGLE-GD-LPV-005485,4,213.6444583333333,-57.24472222222222,409363150,213.64442241431,-57.24470920177,0,,,14143467-5714410,0,J141434.64-571440.8,5892226020938506752,0,0,STAR,tmgaia2,tmgaia2,,,,,,,,,,14.0796,0.01729,10.235,1.0,jhk,,,,,,,,,,,,,,,,,,213.64442241431,-57.24470920177,-45.97359537626133,3.825257500174441,[65],['hlsp_tess-spoc_tess_phot_0000000409363150-s0065_tess_v1_lc.fits']
0.088047,OGLE-GD-LPV-018464,4,277.862,-4.730583333333334,43006300,277.86197939921,-4.73059662467,0,,,18312688-0443500,0,J183126.88-044349.4,4257228758404003072,0,0,STAR,tmgaia2,tmgaia2,,,,,,,,,,13.8917,0.038566,9.457,1.0,jhk,,,,,,,,,,,,,,,,,,277.86197939921,-4.73059662467,26.43943390403044,2.2729030733007525,[80],['hlsp_tess-spoc_tess_phot_0000000043006300-s0080_tess_v1_lc.fits']
0.062133,OGLE-GD-LPV-016376,4,255.07916666666665,-39.96644444444445,344400706,255.07915533579,-39.96645935956,0,,,17001900-3957591,0,J170019.03-395759.2,5967111421408893184,0,0,STAR,tmgaia2,tmgaia2,,,,,,,,,,14.773,0.056521,8.969,1.0,jhk,,,,,,,,,,,,,,,,,,255.07915533579,-39.96645935956,-14.35741552932888,1.4337663451471592,[66],['hlsp_tess-spoc_tess_phot_0000000344400706-s0066_tess_v1_lc.fits']
0.052194,OGLE-GD-LPV-008935,4,233.64454166666664,-63.23891666666667,422404421,233.64451409722,-63.23892415699,0,,,15343470-6314199,0,J153434.68-631420.0,5826783501179700096,0,0,STAR,tmgaia2,tmgaia2,,,,,,,,,,13.846,0.022853,9.938,1.0,jhk,,,,,,,,,,,,,,,,,,233.64451409722,-63.23892415699,-39.86720267839745,-5.953473536455606,[65],['hlsp_tess-spoc_tess_phot_0000000422404421-s0065_tess_v1_lc.fits']
0.136858,OGLE-GD-LPV-025468,4,288.61879166666665,11.789666666666667,209136333,288.61882844583,11.78967887236,0,,,19142851+1147230,0,J191428.53+114722.5,4312971975015213184,0,0,STAR,tmgaia2,tmgaia2,,,,,,,,,,13.643,0.000782,8.918,1.0,jhk,,,,,,,,,,,,,,,,,,288.61882844583,11.78967887236,46.031156915473765,0.3288984570919244,"[80, 81]","['hlsp_tess-spoc_tess_phot_0000000209136333-s0080_tess_v1_lc.fits', 'hlsp_tess-spoc_tess_phot_0000000209136333-s0081_tess_v1_lc.fits']"
0.041794,OGLE-GD-LPV-007607,4,226.96483333333333,-53.924527777777776,39038500,226.96485156633,-53.92453219473,0,,,15075156-5355281,0,J150751.54-535528.1,5887767776179957632,26767638,0,STAR,tmgaia2,tmgaia2,,,,,,,,,,13.6421,0.028477,9.309,1.0,jhk,,,,,,,,,,,,,,,,,,226.96485156633,-53.92453219473,-37.74550068208782,3.74917117563022,[65],['hlsp_tess-spoc_tess_phot_0000000039038500-s0065_tess_v1_lc.fits']
0.206106,OGLE-GD-LPV-023613,4,285.3572916666666,-5.4943888888888885,306171060,285.35725975191,-5.49443651813,0,,,19012574-0529398,0,J190125.80-052939.6,4254245508479277184,0,0,STAR,tmgaia2,tmgaia2,,,,,,,,,,13.0036,0.020254,8.499,1.0,jhk,,,,,,,,,,,,,,,,,,285.35725975191,-5.49443651813,29.167386756513828,-4.71895771643032,[80],['hlsp_tess-spoc_tess_phot_0000000306171060-s0080_tess_v1_lc.fits']
0.096362,OGLE-BLG-LPV-261977,4,274.9944166666666,-12.604055555555556,116031813,274.99444379146,-12.60405952627,0,,,18195866-1236145,0,J181958.65-123614.2,4152835352025329408,0,0,STAR,tmgaia2,tmgaia2,,,,,,,,,,14.4489,0.052096,10.415,1.0,jhk,,,,,,,,,,,,,,,,,,274.99444379146,-12.60405952627,18.149599641978494,1.1087565512786235,[80],['hlsp_tess-spoc_tess_phot_0000000116031813-s0080_tess_v1_lc.fits']
0.074262,OGLE-GD-LPV-021445,4,282.0749583333333,-1.2214722222222223,182199782,282.07493908964,-1.22147966391,0,,,18481798-0113174,0,J184817.99-011316.8,4260040763696109440,0,0,STAR,tmgaia2,tmgaia2,,,,,,,,,,15.4104,0.101049,8.354,1.0,jhk,,,,,,,,,,,,,,,,,,282.07493908964,-1.22147966391,31.48711864123788,0.141103347336467,[80],['hlsp_tess-spoc_tess_phot_0000000182199782-s0080_tess_v1_lc.fits']
0.087719,OGLE-GD-LPV-019684,4,280.0710833333333,-5.949722222222222,46453607,280.07107925771,-5.94974624907,0,,,18401705-0556589,0,J184017.07-055659.3,4253460147942931840,0,0,STAR,tmgaia2,tmgaia2,,,,,,,,,,14.0239,0.052518,8.573,1.0,jhk,,,,,,,,,,,,,,,,,,280.07107925771,-5.94974624907,26.367732065873938,-0.2408089148213545,[80],['hlsp_tess-spoc_tess_phot_0000000046453607-s0080_tess_v1_lc.fits']
0.070211,OGLE-GD-LPV-000274,4,118.0835,-28.74980555555556,128467473,118.08351894877,-28.74981577216,0,,307-032722,07522004-2844592,0,J075220.02-284459.4,5600365778923376768,0,0,STAR,tmgaia2,tmgaia2,,,,,,,,15.31,0.103,12.2565,0.029256,10.067,0.06,vjk,,,,,,,,,,,,,,,,,,118.08351894877,-28.74981577216,-114.85257076468552,-0.8265580685993064,[61],['hlsp_tess-spoc_tess_phot_0000000128467473-s0061_tess_v1_lc.fits']
0.105554,OGLE-GD-LPV-003795,4,199.0352083333333,-62.79713888888889,443227150,199.03514682154,-62.79713058384,0,,,13160845-6247496,0,J131608.44-624749.4,5862465333547017856,0,0,STAR,tmgaia2,tmgaia2,,,,,,,,,,14.811,0.047107,9.054,1.0,jhk,,,,,,,,,,,,,,,,,,199.03514682154,-62.79713058384,-54.24921172552095,-0.0606730686640156,"[64, 65]","['hlsp_tess-spoc_tess_phot_0000000443227150-s0064_tess_v1_lc.fits', 'hlsp_tess-spoc_tess_phot_0000000443227150-s0065_tess_v1_lc.fits']"
0.319519,OGLE-LMC-LPV-06819,3,73.79366666666667,-68.3416111111111,30186593,73.79385513081,-68.3416662417,0,,,04551048-6820298,0,J045510.53-682030.2,4661527262798576768,0,0,STAR,tmgaia2,tmgaia2,1.108,0.124,-1.348,0.152,gaia2,-0.228,0.0625,,,15.0971,0.008196,13.621,0.01,rered,gaia2,3429.0,125.0,,,,,51.836,,,,7025.51,1283.96,0.5486,0.0,1154.13,1413.8,73.79386806238,-68.34167204507,-80.46998006754237,-35.68769765630796,"[61, 62, 64, 65, 67, 68, 69]","['hlsp_tess-spoc_tess_phot_0000000030186593-s0061_tess_v1_lc.fits', 'hlsp_tess-spoc_tess_phot_0000000030186593-s0062_tess_v1_lc.fits', 'hlsp_tess-spoc_tess_phot_0000000030186593-s0064_tess_v1_lc.fits', 'hlsp_tess-spoc_tess_phot_0000000030186593-s0065_tess_v1_lc.fits', 'hlsp_tess-spoc_tess_phot_0000000030186593-s0067_tess_v1_lc.fits', 'hlsp_tess-spoc_tess_phot_0000000030186593-s0068_tess_v1_lc.fits', 'hlsp_tess-spoc_tess_phot_0000000030186593-s0069_tess_v1_lc.fits']"
0.126116,OGLE-GD-LPV-019866,4,280.2644583333333,-1.386472222222222,180115960,280.26445094879,-1.38650646783,0,,,18410347-0123114,0,J184103.46-012311.3,4260196615162611328,931848,0,STAR,tmgaia2,tmgaia2,,,,,,,,,,13.3245,0.035653,8.515,1.0,jhk,,,,,,,,,,,,,,,,,,280.26445094879,-1.38650646783,30.51381370152184,1.676162873948989,[80],['hlsp_tess-spoc_tess_phot_0000000180115960-s0080_tess_v1_lc.fits']
0.054386,OGLE-BLG-LPV-234186,4,257.57729166666667,-38.67938888888889,224822178,257.57731093388,-38.67938747624,0,,,17101855-3840456,0,J171018.53-384046.2,5973131213226108544,0,0,STAR,tmgaia2,tmgaia2,,,,,,,,,,15.9025,0.039562,9.663,1.0,jhk,,,,,,,,,,,,,,,,,,257.57731093388,-38.67938747624,-12.16341058443746,0.673199530586684,[66],['hlsp_tess-spoc_tess_phot_0000000224822178-s0066_tess_v1_lc.fits']
0.427862,OGLE-SMC-LPV-11739,3,13.909208333333332,-73.19477777777779,181452736,13.90957818438,-73.194829655,0,,,00553821-7311410,0,J005538.24-731141.4,4685909036255981440,33498183,0,STAR,tmgaia2,tmgaia2,-20.525,3.556,-3.422,3.556,hsoy,,,,,14.5429,0.068832,13.212,0.086,gbprp,,,,,,,,,,,,,,,,,,13.9092725181,-73.19484438923,-57.48946894332816,-43.93003890996431,"[67, 68]","['hlsp_tess-spoc_tess_phot_0000000181452736-s0067_tess_v1_lc.fits', 'hlsp_tess-spoc_tess_phot_0000000181452736-s0068_tess_v1_lc.fits']"
0.198531,OGLE-GD-LPV-010219,4,239.35925,-54.49011111111111,90032124,239.35920599311,-54.49015997717,0,,,15572623-5429244,0,J155726.18-542924.2,5884709484569801600,0,0,STAR,tmgaia2,tmgaia2,,,,,,,,,,12.7721,0.001746,9.918,1.0,jhk,,,,,,,,,,,,,,,,,,239.35920599311,-54.49015997717,-32.146525898158224,-0.8787057139538392,[65],['hlsp_tess-spoc_tess_phot_0000000090032124-s0065_tess_v1_lc.fits']
0.098983,OGLE-BLG-LPV-265427,4,279.38995833333325,-14.228333333333332,433866205,279.38994084061,-14.22835497763,0,,,18373358-1413421,0,J183733.59-141342.0,4103740306813637248,0,0,STAR,tmgaia2,tmgaia2,,,,,,,,,,14.5891,0.072096,9.828,1.0,jhk,,,,,,,,,,,,,,,,,,279.38994084061,-14.22835497763,18.694716010306777,-3.432184713691639,[80],['hlsp_tess-spoc_tess_phot_0000000433866205-s0080_tess_v1_lc.fits']
0.137095,OGLE-LMC-LPV-09422,3,74.65045833333333,-67.56061111111111,30466707,74.6505458985,-67.56059286103,0,,113-005545,04583612-6733382,0,J045836.11-673338.1,4661662296563439104,0,0,STAR,tmgaia2,tmgaia2,,,,,,,,15.391,0.172,14.3143,0.053662,12.774,0.06,gbprp,,,,,,,,,,,,,,,,,,74.6505458985,-67.56059286103,-81.5028598324961,-35.59398162959152,"[61, 62, 63, 64, 67, 68, 69, 66]","['hlsp_tess-spoc_tess_phot_0000000030466707-s0061_tess_v1_lc.fits', 'hlsp_tess-spoc_tess_phot_0000000030466707-s0062_tess_v1_lc.fits', 'hlsp_tess-spoc_tess_phot_0000000030466707-s0063_tess_v1_lc.fits', 'hlsp_tess-spoc_tess_phot_0000000030466707-s0064_tess_v1_lc.fits', 'hlsp_tess-spoc_tess_phot_0000000030466707-s0067_tess_v1_lc.fits', 'hlsp_tess-spoc_tess_phot_0000000030466707-s0068_tess_v1_lc.fits', 'hlsp_tess-spoc_tess_phot_0000000030466707-s0069_tess_v1_lc.fits', 'hlsp_tess-spoc_tess_phot_0000000030466707-s0066_tess_v1_lc.fits']"
0.112735,OGLE-GD-LPV-002412,4,182.239375,-63.11783333333334,381029016,182.23932063479,-63.11781393244,0,,,12085745-6307042,0,J120857.44-630704.1,6054362238970166784,0,0,STAR,tmgaia2,tmgaia2,,,,,,,,,,14.0576,0.032768,9.595,1.0,jhk,,,,,,,,,,,,,,,,,,182.23932063479,-63.11781393244,-61.84842337166457,-0.6410415338048449,[64],['hlsp_tess-spoc_tess_phot_0000000381029016-s0064_tess_v1_lc.fits']
0.144499,OGLE-BLG-LPV-233972,4,257.2718333333333,-38.10561111111111,379862912,257.27181861421,-38.1056495424,0,,,17090524-3806204,0,J170905.10-380620.3,5973352902264833920,0,0,STAR,tmgaia2,tmgaia2,,,,,,,,,,14.1981,0.024724,9.019,1.0,jhk,,,,,,,,,,,,,,,,,,257.27181861421,-38.1056495424,-11.844557527178775,1.206957657178795,[66],['hlsp_tess-spoc_tess_phot_0000000379862912-s0066_tess_v1_lc.fits']
0.143303,OGLE-GD-LPV-013033,4,247.79283333333328,-46.80861111111111,226708263,247.7928225896,-46.80865023245,0,,,16311027-4648310,0,J163110.30-464831.4,5942094920588512000,0,0,STAR,tmgaia2,tmgaia2,,,,,,,,,,14.3282,0.007068,9.43,1.0,jhk,,,,,,,,,,,,,,,,,,247.7928225896,-46.80865023245,-22.992396410490585,1.00412671029021,[66],['hlsp_tess-spoc_tess_phot_0000000226708263-s0066_tess_v1_lc.fits']
0.088307,OGLE-GD-LPV-007667,4,227.23512499999995,-59.51027777777778,39500006,227.23507683033,-59.51027986808,0,,,15085642-5930369,0,J150856.42-593036.9,5876602750975456896,0,0,STAR,tmgaia2,tmgaia2,,,,,,,,,,12.7748,0.003103,9.169,1.0,jhk,,,,,,,,,,,,,,,,,,227.23507683033,-59.51027986808,-40.41740398710938,-1.1591295762577551,[65],['hlsp_tess-spoc_tess_phot_0000000039500006-s0065_tess_v1_lc.fits']
0.084812,OGLE-GD-LPV-025208,4,288.129875,3.071916666666667,228821664,288.12987787352,3.07189328321,0,,466-093513,19123117+0304188,0,J191231.15+030418.9,4268232503336768384,37872918,0,STAR,tmgaia2,tmgaia2,,,,,,,,16.979,0.057,13.5975,0.001972,9.967,0.037,vjk,,,,,,,,,,,,,,,,,,288.12987787352,3.07189328321,38.07628420578964,-3.2789641726183567,[80],['hlsp_tess-spoc_tess_phot_0000000228821664-s0080_tess_v1_lc.fits']
0.131251,OGLE-GD-LPV-024226,4,286.3828333333333,10.579277777777778,223835912,286.38284492839,10.57924314648,0,,,19053188+1034453,0,J190531.87+103445.5,4312494374681673472,0,0,STAR,tmgaia2,tmgaia2,,,,,,,,,,15.0544,0.055557,10.39,1.0,jhk,,,,,,,,,,,,,,,,,,286.38284492839,10.57924314648,43.94483382811742,1.716372077145289,[80],['hlsp_tess-spoc_tess_phot_0000000223835912-s0080_tess_v1_lc.fits']
0.210649,OGLE-GD-LPV-019776,4,280.16879166666666,0.6412777777777777,108810330,280.16876457118,0.64122591482,0,,,18404051+0038286,1237656234178121399,J184040.50+003828.6,4272711363887135232,0,0,STAR,tmgaia2,tmgaia2,,,,,,,,,,14.6273,0.040642,9.76,1.0,jhk,,,,,,,,,,,,,,,,,,280.16876457118,0.64122591482,32.27552522422984,2.687039660210541,[80],['hlsp_tess-spoc_tess_phot_0000000108810330-s0080_tess_v1_lc.fits']
0.150344,OGLE-GD-LPV-000804,4,145.46720833333333,-52.63761111111111,362520351,145.46714928169,-52.63758966618,0,,,09415213-5238153,0,J094152.14-523815.4,5309526880160651392,0,0,STAR,tmgaia2,tmgaia2,,,,,,,,,,14.8505,0.060923,9.796,1.0,jhk,,,,,,,,,,,,,,,,,,145.46714928169,-52.63758966618,-83.59706048004587,0.1837873886123847,"[62, 63]","['hlsp_tess-spoc_tess_phot_0000000362520351-s0062_tess_v1_lc.fits', 'hlsp_tess-spoc_tess_phot_0000000362520351-s0063_tess_v1_lc.fits']"
0.062329,OGLE-GD-LPV-015755,4,253.37070833333328,-48.8035,59821204,253.37070805947,-48.80351731277,0,,,16532895-4848124,0,J165328.98-484812.4,5939174274104670720,0,0,STAR,tmgaia2,tmgaia2,,,,,,,,,,14.039,0.024307,9.836,1.0,jhk,,,,,,,,,,,,,,,,,,253.37070805947,-48.80351731277,-22.026351856864384,-3.127389314844325,[66],['hlsp_tess-spoc_tess_phot_0000000059821204-s0066_tess_v1_lc.fits']
0.054075,OGLE-GD-LPV-017902,4,276.2885833333333,-6.443555555555556,384431017,276.28858544209,-6.44354068152,0,,,18250925-0626366,0,J182509.26-062636.2,4160908898446643712,0,0,STAR,tmgaia2,tmgaia2,,,,,,,,,,14.2547,0.04871,9.808,1.0,jhk,,,,,,,,,,,,,,,,,,276.28858544209,-6.44354068152,24.193813252878385,2.867574814808514,[80],['hlsp_tess-spoc_tess_phot_0000000384431017-s0080_tess_v1_lc.fits']
0.124018,OGLE-GD-LPV-009256,4,235.05841666666663,-55.08222222222223,278580499,235.05837651652,-55.08224788541,0,,,15401402-5504559,0,J154014.08-550454.3,5885140424387463296,0,0,STAR,tmgaia2,tmgaia2,,,,,,,,,,13.9877,0.036844,8.48,1.0,jhk,,,,,,,,,,,,,,,,,,235.05837651652,-55.08224788541,-34.45614232614864,0.2004788414521605,[65],['hlsp_tess-spoc_tess_phot_0000000278580499-s0065_tess_v1_lc.fits']
0.098162,OGLE-BLG-LPV-258664,4,272.0459583333333,-14.574416666666666,364228039,272.04596166224,-14.57444374295,0,,,18081103-1434279,0,J180811.03-143427.7,4146864252298888576,0,0,STAR,tmgaia2,tmgaia2,,,,,,,,,,14.3428,0.053426,10.125,1.0,jhk,,,,,,,,,,,,,,,,,,272.04596166224,-14.57444374295,15.048147710646557,2.685747473126666,[80],['hlsp_tess-spoc_tess_phot_0000000364228039-s0080_tess_v1_lc.fits']
0.170917,OGLE-GD-LPV-002802,4,187.7237083333333,-63.62411111111111,451174858,187.7236175237,-63.62408608105,0,,,12305369-6337268,0,J123053.70-633726.6,6053618007007382400,0,0,STAR,tmgaia2,tmgaia2,,,,,,,,,,13.933,0.02762,9.221,1.0,jhk,,,,,,,,,,,,,,,,,,187.7236175237,-63.62408608105,-59.34747649469794,-0.8433191222924108,"[64, 65]","['hlsp_tess-spoc_tess_phot_0000000451174858-s0064_tess_v1_lc.fits', 'hlsp_tess-spoc_tess_phot_0000000451174858-s0065_tess_v1_lc.fits']"
0.112434,OGLE-GD-LPV-008166,4,230.07195833333333,-55.39169444444445,45393264,230.07190552381,-55.39170314958,0,,,15201726-5523299,0,J152017.40-552328.3,5886467294409658752,0,0,STAR,tmgaia2,tmgaia2,,,,,,,,,,14.7143,0.034114,9.533,1.0,jhk,,,,,,,,,,,,,,,,,,230.07190552381,-55.39170314958,-36.970726246711926,1.562323897382753,[65],['hlsp_tess-spoc_tess_phot_0000000045393264-s0065_tess_v1_lc.fits']
0.050112,OGLE-GD-LPV-021611,4,282.307875,-4.451194444444445,182574650,282.30787590054,-4.45120833541,0,,,18491389-0427042,0,J184913.90-042704.4,4255268436590523520,0,0,STAR,tmgaia2,tmgaia2,,,,,,,,,,14.1434,0.064354,9.387,1.0,jhk,,,,,,,,,,,,,,,,,,282.30787590054,-4.45120833541,28.718325115665973,-1.5383846886875086,[80],['hlsp_tess-spoc_tess_phot_0000000182574650-s0080_tess_v1_lc.fits']
0.105919,OGLE-GD-LPV-006871,4,222.8905833333333,-61.67677777777777,295183483,222.89053265544,-61.67679473501,0,,,14513372-6140363,0,J145133.70-614036.2,5877770397987245568,0,0,STAR,tmgaia2,tmgaia2,,,,,,,,,,14.5869,0.031244,9.462,1.0,jhk,,,,,,,,,,,,,,,,,,222.89053265544,-61.67679473501,-43.32325238309348,-2.0533963383826745,[65],['hlsp_tess-spoc_tess_phot_0000000295183483-s0065_tess_v1_lc.fits']
0.080981,OGLE-BLG-LPV-235162,4,258.6765833333333,-42.255472222222224,216419371,258.67657303374,-42.25549338587,0,,,17144239-4215196,0,J171442.39-421519.8,5953723282497521408,0,0,STAR,tmgaia2,tmgaia2,,,,,,,,,,14.1808,0.029312,9.284,1.0,jhk,,,,,,,,,,,,,,,,,,258.67657303374,-42.25549338587,-14.562900841550674,-2.107365047339356,[66],['hlsp_tess-spoc_tess_phot_0000000216419371-s0066_tess_v1_lc.fits']
0.509391,OGLE-GD-LPV-021960,4,282.796625,-10.864416666666669,151648473,282.796582356,-10.86455182454,0,,,18511118-1051522,0,J185111.22-105152.6,4202229438796179200,0,0,STAR,tmgaia2,tmgaia2,,,,,,,,,,13.61,0.030199,8.965,1.0,jhk,,,,,,,,,,,,,,,,,,282.796582356,-10.86455182454,23.21084360564459,-4.87530941946669,[80],['hlsp_tess-spoc_tess_phot_0000000151648473-s0080_tess_v1_lc.fits']
0.069872,OGLE-GD-LPV-024899,4,287.5357083333333,2.275,180812554,287.535727747,2.27499936448,0,,,19100857+0216301,0,J191008.57+021629.9,4268038405159845632,0,0,STAR,tmgaia2,tmgaia2,,,,,,,,,,14.6538,0.065073,9.597,1.0,jhk,,,,,,,,,,,,,,,,,,287.535727747,2.27499936448,37.09417382138124,-3.1183424804995004,[80],['hlsp_tess-spoc_tess_phot_0000000180812554-s0080_tess_v1_lc.fits']
0.14463,OGLE-GD-LPV-006154,4,218.46116666666663,-61.84261111111111,393356926,218.46108496571,-61.84262240722,0,,,14335067-6150333,0,J143350.69-615033.6,5877577055770026240,0,0,STAR,tmgaia2,tmgaia2,,,,,,,,,,13.8503,0.029399,8.009,1.0,jhk,,,,,,,,,,,,,,,,,,218.46108496571,-61.84262240722,-45.299040929732826,-1.3335638466671484,[65],['hlsp_tess-spoc_tess_phot_0000000393356926-s0065_tess_v1_lc.fits']
0.042553,OGLE-GD-LPV-015714,4,253.27362499999995,-40.14366666666667,338854615,253.27361663145,-40.14367660618,0,,,16530567-4008372,0,J165305.67-400837.3,5969757842841642880,0,0,STAR,tmgaia2,tmgaia2,,,,,,,,,,14.2985,0.043049,9.535,1.0,jhk,,,,,,,,,,,,,,,,,,253.27361663145,-40.14367660618,-15.35916762716681,2.402749533349571,[66],['hlsp_tess-spoc_tess_phot_0000000338854615-s0066_tess_v1_lc.fits']
0.102314,OGLE-LMC-LPV-76079,3,84.54699999999998,-70.10249999999999,277295091,84.54706078674,-70.10248051317,0,,,05381127-7006088,0,J053811.28-700608.9,4657230611911575296,0,0,STAR,tmgaia2,tmgaia2,,,,,,,,,,15.3243,0.02569,13.816,0.028,gbprp,,,,,,,,,,,,,,,,,,84.54706078674,-70.10248051317,-79.3606156922825,-31.59644160048126,"[64, 65, 66]","['hlsp_tess-spoc_tess_phot_0000000277295091-s0064_tess_v1_lc.fits', 'hlsp_tess-spoc_tess_phot_0000000277295091-s0065_tess_v1_lc.fits', 'hlsp_tess-spoc_tess_phot_0000000277295091-s0066_tess_v1_lc.fits']"
0.227033,OGLE-GD-LPV-002770,4,187.3728333333333,-65.67977777777779,450980719,187.37268109085,-65.67978456012,0,,,12292947-6540470,0,J122929.44-654047.2,5860928628641698176,32729883,0,STAR,tmgaia2,tmgaia2,,,,,,,,,,14.0766,0.047004,8.828,1.0,jhk,,,,,,,,,,,,,,,,,,187.37268109085,-65.67978456012,-59.32770816371406,-2.9043637322797564,"[64, 65]","['hlsp_tess-spoc_tess_phot_0000000450980719-s0064_tess_v1_lc.fits', 'hlsp_tess-spoc_tess_phot_0000000450980719-s0065_tess_v1_lc.fits']"
0.103867,OGLE-GD-LPV-007368,4,225.6340833333333,-58.93919444444444,36966512,225.6340279385,-58.93919839081,0,,,15023217-5856211,0,J150232.19-585620.8,5879674855174435584,0,0,STAR,tmgaia2,tmgaia2,,,,,,,,,,14.4237,0.046264,9.644,1.0,jhk,,,,,,,,,,,,,,,,,,225.6340279385,-58.93919839081,-40.84943022902715,-0.2588301016345137,[65],['hlsp_tess-spoc_tess_phot_0000000036966512-s0065_tess_v1_lc.fits']
0.056085,OGLE-GD-LPV-017535,4,274.44908333333336,-9.329777777777778,14652759,274.44909872233,-9.32978125863,0,,,18174777-0919471,0,J181747.84-091947.7,4157818961507916160,0,0,STAR,tmgaia2,tmgaia2,,,,,,,,,,13.9616,0.023378,9.692,1.0,jhk,,,,,,,,,,,,,,,,,,274.44909872233,-9.32978125863,20.78577759383484,3.125735935503618,[80],['hlsp_tess-spoc_tess_phot_0000000014652759-s0080_tess_v1_lc.fits']
0.104749,OGLE-BLG-LPV-264693,4,277.92641666666657,-15.203916666666666,432944360,277.92640428631,-15.20394319783,0,,,18314233-1512142,0,J183142.34-151214.1,4103289674449169408,0,0,STAR,tmgaia2,tmgaia2,,,,,,,,,,14.3561,0.047813,8.835,1.0,jhk,,,,,,,,,,,,,,,,,,277.92640428631,-15.20394319783,17.176804359744,-2.621114318531528,[80],['hlsp_tess-spoc_tess_phot_0000000432944360-s0080_tess_v1_lc.fits']
0.027433,OGLE-GD-LPV-007917,4,228.810125,-55.93555555555555,42962205,228.81013722115,-55.93555890391,0,,,15151443-5556079,0,J151514.41-555607.9,5886532406113051136,0,0,STAR,tmgaia2,tmgaia2,-7.917,0.61,-1.61,0.521,gaia2,0.1218,0.2865,,,15.0516,0.040068,9.252,1.0,jhk,gaia2,,,,,,,,,,,3454.91,1907.69,1.0846,0.378,1384.4,2430.98,228.81007636386,-55.93556583664,-37.862874203733305,1.4789825755504162,[65],['hlsp_tess-spoc_tess_phot_0000000042962205-s0065_tess_v1_lc.fits']
0.133796,OGLE-GD-LPV-014159,4,250.04175,-54.84252777777778,222093214,250.04171192107,-54.84255778614,0,,,16401004-5450330,0,J164009.99-545033.1,5930182914692230656,0,0,STAR,tmgaia2,tmgaia2,,,,,,,,,,13.0765,0.045212,8.607,1.0,jhk,,,,,,,,,,,,,,,,,,250.04171192107,-54.84255778614,-27.981913110671087,-5.454373726421009,[66],['hlsp_tess-spoc_tess_phot_0000000222093214-s0066_tess_v1_lc.fits']
0.174753,OGLE-GD-LPV-002608,4,185.13925,-63.1715,310403708,185.13914964192,-63.1714825403,0,,,12203340-6310173,0,J122033.36-631017.7,6054545170203798400,0,0,STAR,tmgaia2,tmgaia2,,,,,,,,,,15.3558,0.042848,9.635,1.0,jhk,,,,,,,,,,,,,,,,,,185.13914964192,-63.1714825403,-60.54411425386692,-0.5083607491638691,"[64, 65]","['hlsp_tess-spoc_tess_phot_0000000310403708-s0064_tess_v1_lc.fits', 'hlsp_tess-spoc_tess_phot_0000000310403708-s0065_tess_v1_lc.fits']"
0.206775,OGLE-GD-LPV-002277,4,180.36079166666667,-63.08955555555556,308204001,180.36067025979,-63.08953883031,0,,,12012658-6305223,0,J120126.55-630522.1,6057362496960763008,0,0,STAR,tmgaia2,tmgaia2,,,,,,,,,,14.342,0.038397,10.197,1.0,jhk,,,,,,,,,,,,,,,,,,180.36067025979,-63.08953883031,-62.68970281969501,-0.7647822878936326,[65],['hlsp_tess-spoc_tess_phot_0000000308204001-s0065_tess_v1_lc.fits']
0.067241,OGLE-GD-LPV-018943,4,279.026625,-10.768083333333337,5431757,279.02660699654,-10.7680893382,0,,,18360638-1046050,0,J183606.35-104604.8,4154794754807417728,0,0,STAR,tmgaia2,tmgaia2,,,,,,,,,,16.7453,0.014184,10.276,1.0,jhk,,,,,,,,,,,,,,,,,,279.02660699654,-10.7680893382,21.611579970187343,-1.5327724321235894,[80],['hlsp_tess-spoc_tess_phot_0000000005431757-s0080_tess_v1_lc.fits']
0.082071,OGLE-GD-LPV-000926,4,150.73883333333333,-54.55808333333333,462236252,150.73884333588,-54.55806128601,0,,,10025732-5433290,0,J100257.34-543329.1,5356260488037198976,0,0,STAR,tmgaia2,tmgaia2,,,,,,,,,,14.7818,0.050276,8.766,1.0,jhk,,,,,,,,,,,,,,,,,,150.73884333588,-54.55806128601,-79.95694930865521,0.6477638951563992,[63],['hlsp_tess-spoc_tess_phot_0000000462236252-s0063_tess_v1_lc.fits']
0.110277,OGLE-GD-LPV-002978,4,189.81229166666665,-64.33441666666666,338935327,189.81222094151,-64.33441673257,0,,129-068902,12391494-6420038,0,J123914.96-642003.8,5861338368524065408,0,0,STAR,tmgaia2,tmgaia2,,,,,,,,14.48,0.12,12.4614,0.014601,9.215,0.15,vjk,,,,,,,,,,,,,,,,,,189.81222094151,-64.33441673257,-58.38780831821533,-1.493906686844472,"[64, 65]","['hlsp_tess-spoc_tess_phot_0000000338935327-s0064_tess_v1_lc.fits', 'hlsp_tess-spoc_tess_phot_0000000338935327-s0065_tess_v1_lc.fits']"
0.112592,OGLE-BLG-LPV-260944,4,274.01037499999995,-15.300777777777778,111812889,274.01037380956,-15.30080903228,0,,,18160250-1518028,0,J181602.48-151802.8,4146152146708695296,0,0,STAR,tmgaia2,tmgaia2,,,,,,,,,,14.447,0.06567,9.014,1.0,jhk,,,,,,,,,,,,,,,,,,274.01037380956,-15.30080903228,15.3219901471166,0.6720117111417918,[80],['hlsp_tess-spoc_tess_phot_0000000111812889-s0080_tess_v1_lc.fits']
0.05433,OGLE-BLG-LPV-261135,4,274.19458333333324,-14.514305555555556,112952540,274.19459102556,-14.51431868191,0,,,18164670-1430513,0,J181646.70-143051.4,4146266942599014784,0,0,STAR,tmgaia2,tmgaia2,,,,,,,,,,15.0616,0.04467,9.601,1.0,jhk,,,,,,,,,,,,,,,,,,274.19459102556,-14.51431868191,16.098567559754812,0.8894171282491397,[80],['hlsp_tess-spoc_tess_phot_0000000112952540-s0080_tess_v1_lc.fits']
0.032406,OGLE-GD-DSCT-5525,4,240.4220833333333,-49.430388888888885,275032047,240.42207926362,-49.43039749272,0,,203-118693,16014129-4925494,0,J160141.29-492549.4,5983414700651869568,23850713,0,STAR,tmgaia2,tmgaia2,-2.099,0.092,0.719,0.063,gaia2,1.1354,0.0453,12.252,0.057,11.9551,0.001284,11.438,0.015,rered,gaia2,7681.0,180.6,3.6271,0.076,,,3.413,0.169,1.8,0.288,860.6,33.893,0.5506,0.0213,32.584,35.202,240.42206536924,-49.43039439633,-28.353040974603505,2.53374139613294,[39],['hlsp_tess-spoc_tess_phot_0000000275032047-s0039_tess_v1_lc.fits']
0.070018,OGLE-GD-DSCT-1665,4,127.04295833333332,-31.697222222222223,56409473,127.04298119064,-31.69722197439,0,,292-043535,08281031-3141499,0,J082810.30-314149.9,5643174881882471552,15684862,0,STAR,tmgaia2,tmgaia2,-10.004,0.049,7.117,0.041,gaia2,0.6399,0.0313,12.131,0.057,12.0445,0.002239,11.806,0.008,rered,gaia2,7945.0,148.8,3.661,0.0844,,,3.381,0.194,1.91,0.305,1496.92,70.645,0.1788,0.0112,67.38,73.91,127.04293056459,-31.69719133129,-108.1557865848892,4.049651260519763,"[8, 35]","['hlsp_tess-spoc_tess_phot_0000000056409473-s0008_tess_v1_lc.fits', 'hlsp_tess-spoc_tess_phot_0000000056409473-s0035_tess_v1_lc.fits']"
0.176626,OGLE-GD-DSCT-2220,4,143.61241666666666,-45.24877777777778,78850814,143.61238233139,-45.24873508328,0,8168-00515-1,224-037675,09342697-4514554,0,J093426.97-451455.4,5423077397318676352,22706372,0,STAR,tmgaia2,tmgaia2,-1.028,0.045,-3.606,0.046,gaia2,0.8978,0.0285,11.593,0.015,11.9818,0.004245,11.611,0.009,rered,gaia2,7607.0,163.0,3.675,0.0828,,,3.203,0.148,1.77,0.278,1079.91,33.465,0.3148,0.0121,32.45,34.48,143.61237604659,-45.24875061067,-89.43038489269583,4.887708644381025,"[9, 35, 36]","['hlsp_tess-spoc_tess_phot_0000000078850814-s0009_tess_v1_lc.fits', 'hlsp_tess-spoc_tess_phot_0000000078850814-s0035_tess_v1_lc.fits', 'hlsp_tess-spoc_tess_phot_0000000078850814-s0036_tess_v1_lc.fits']"
0.105545,OGLE-GD-DSCT-0729,4,106.37037499999998,-17.087999999999997,148357344,106.37034786603,-17.0879863304,0,5968-01693-1,365-022444,07052888-1705167,1237676582123339960,J070528.88-170516.8,2935414712929612928,7859530,0,STAR,tmgaia2,tmgaia2,2.339,0.049,-2.346,0.057,gaia2,0.7426,0.0381,12.096,0.032,12.2771,0.008575,11.967,0.017,rered,gaia2,7183.0,223.4,3.691,0.1061,,,2.999,0.228,1.61,0.28,1299.89,66.115,0.1382,0.0185,62.82,69.41,106.37035839994,-17.08799642942,-130.2594153757485,-4.697263764765823,[7],['hlsp_tess-spoc_tess_phot_0000000148357344-s0007_tess_v1_lc.fits']
0.049016,OGLE-GD-DSCT-1256,4,117.32412499999998,-19.18863888888889,141457913,117.3241108244,-19.18864136687,0,,355-037498,07491778-1911191,0,J074917.78-191119.0,5715897268138370176,8063912,0,STAR,tmgaia2,tmgaia2,-2.854,0.046,2.687,0.049,gaia2,0.7645,0.0355,12.267,0.103,12.1965,0.005191,11.879,0.013,rered,gaia2,7027.0,168.5,3.6556,0.1001,,,3.065,0.208,1.55,0.269,1261.96,56.97,0.116,0.0131,54.45,59.49,117.3240978132,-19.18862979659,-123.43902040552992,3.444416593482392,"[34, 7, 61]","['hlsp_tess-spoc_tess_phot_0000000141457913-s0034_tess_v1_lc.fits', 'hlsp_tess-spoc_tess_phot_0000000141457913-s0007_tess_v1_lc.fits', 'hlsp_tess-spoc_tess_phot_0000000141457913-s0061_tess_v1_lc.fits']"
0.25165,OGLE-SMC-DSCT-1692,4,15.293916666666664,-68.71866666666666,51991595,15.2940165298,-68.71860689458,0,,107-000918,01011055-6843069,0,J010110.55-684307.1,4704056200731765632,33078265,0,STAR,tmgaia2,tmgaia2,-1.257,0.053,-22.282,0.036,gaia2,0.7157,0.0251,12.602,0.114,12.3368,0.008356,12.135,0.01,rered,gaia2,7406.0,210.9,3.8879,0.1044,,,2.449,0.158,1.69,0.289,1342.16,45.51,0.0189,0.0105,44.0,47.02,15.29400161991,-68.71870282925,-58.398218199290106,-48.38442853204076,"[27, 29, 1, 2, 67, 69]","['hlsp_tess-spoc_tess_phot_0000000051991595-s0027_tess_v1_lc.fits', 'hlsp_tess-spoc_tess_phot_0000000051991595-s0029_tess_v1_lc.fits', 'hlsp_tess-spoc_tess_phot_0000000051991595-s0001_tess_v1_lc.fits', 'hlsp_tess-spoc_tess_phot_0000000051991595-s0002_tess_v1_lc.fits', 'hlsp_tess-spoc_tess_phot_0000000051991595-s0067_tess_v1_lc.fits', 'hlsp_tess-spoc_tess_phot_0000000051991595-s0069_tess_v1_lc.fits']"
0.085046,OGLE-GD-DSCT-5359,4,236.9205833333333,-50.8745,272511271,236.9206144096,-50.87448682639,0,8321-00418-1,196-122445,15474094-5052281,0,J154740.93-505228.1,5982349037695571456,24873330,0,STAR,tmgaia2,tmgaia2,-10.246,0.073,-3.43,0.056,gaia2,1.0452,0.0335,11.536,0.018,11.4856,0.001882,11.154,0.015,rered,gaia2,10618.0,468.4,3.8594,0.0722,,,3.229,0.103,2.75,0.405,932.082,29.3605,0.6167,0.0198,28.453,30.268,236.92054450024,-50.87450159645,-31.00414246981418,2.8561905044907885,[39],['hlsp_tess-spoc_tess_phot_0000000272511271-s0039_tess_v1_lc.fits']
0.07433,OGLE-GD-DSCT-1671,4,127.20449999999998,-44.12511111111111,140006368,127.20452864489,-44.12510923513,0,,230-027852,08284908-4407303,0,J082849.08-440730.3,5523059180782496000,20172318,0,STAR,tmgaia2,tmgaia2,-4.759,0.049,6.006,0.046,gaia2,0.9963,0.0289,12.153,0.103,11.9662,0.002865,11.609,0.014,rered,gaia2,10626.0,464.6,3.9693,0.0719,,,2.845,0.103,2.75,0.375,976.361,27.772,0.6558,0.018,26.995,28.549,127.20450010047,-44.12508337459,-97.9840826322024,-3.1020250108900527,"[34, 8, 9, 35]","['hlsp_tess-spoc_tess_phot_0000000140006368-s0034_tess_v1_lc.fits', 'hlsp_tess-spoc_tess_phot_0000000140006368-s0008_tess_v1_lc.fits', 'hlsp_tess-spoc_tess_phot_0000000140006368-s0009_tess_v1_lc.fits', 'hlsp_tess-spoc_tess_phot_0000000140006368-s0035_tess_v1_lc.fits']"
0.165893,OGLE-GD-DSCT-0122,4,89.83579166666667,20.03538888888889,269750762,89.8357638161,20.03542682135,0,1320-00167-1,551-021271,05592058+2002075,0,J055920.58+200207.3,3422815779290253696,45908140,0,STAR,tmgaia2,tmgaia2,1.328,0.089,-10.129,0.072,gaia2,1.045,0.0653,11.432,0.017,11.0543,0.009278,10.658,0.028,rered,spect,7265.2,133.9,3.4413,0.1138,0.098,0.019,4.035,0.394,1.64,0.272,935.238,58.705,0.2059,0.0388,55.1,62.31,89.83576990024,20.03538321081,-170.74991920132683,-1.845482078713461,"[43, 44, 45, 71, 72]","['hlsp_tess-spoc_tess_phot_0000000269750762-s0043_tess_v1_lc.fits', 'hlsp_tess-spoc_tess_phot_0000000269750762-s0044_tess_v1_lc.fits', 'hlsp_tess-spoc_tess_phot_0000000269750762-s0045_tess_v1_lc.fits', 'hlsp_tess-spoc_tess_phot_0000000269750762-s0071_tess_v1_lc.fits', 'hlsp_tess-spoc_tess_phot_0000000269750762-s0072_tess_v1_lc.fits']"
0.152243,OGLE-GD-DSCT-3856,4,193.1414583333333,-57.121027777777776,412544513,193.14148136254,-57.12098737822,0,8655-01518-1,165-095394,12523395-5707154,0,J125233.93-570715.7,6060541769169236736,28479943,0,STAR,tmgaia2,tmgaia2,-7.42,0.039,-14.782,0.038,gaia2,1.1697,0.0344,12.41,0.024,12.2101,0.001545,11.863,0.007,rered,gaia2,7542.0,145.5,4.0212,0.0831,,,2.132,0.093,1.74,0.273,835.164,24.197,0.2667,0.0115,23.509,24.885,193.14142251178,-57.12105102339,-56.91422330609582,5.750382867245827,[11],['hlsp_tess-spoc_tess_phot_0000000412544513-s0011_tess_v1_lc.fits']
0.126372,OGLE-GD-DSCT-2293,4,145.94954166666665,-52.95736111111111,363154663,145.94957301417,-52.95739070227,0,,186-039311,09434789-5257266,0,J094347.87-525726.5,5309316907804445312,24763924,0,STAR,tmgaia2,tmgaia2,-10.163,0.033,8.947,0.03,gaia2,0.5975,0.0193,13.436,0.114,13.2579,0.008602,12.749,0.01,rered,gaia2,5499.0,165.0,,,,,3.65,,,,1597.25,49.56,0.0508,0.0016,48.05,51.07,145.94950037327,-52.95735218221,-83.16742624726331,0.1317750763839063,"[36, 37]","['hlsp_tess-spoc_tess_phot_0000000363154663-s0036_tess_v1_lc.fits', 'hlsp_tess-spoc_tess_phot_0000000363154663-s0037_tess_v1_lc.fits']"
0.686291,OGLE-GD-RRLYR-05617,4,243.0257083333333,-59.71366666666667,207318741,243.02592525694,-59.71351054484,0,8722-00769-1,152-173183,16120622-5942485,0,J161206.18-594249.0,5834468537710464640,29124545,0,STAR,tmgaia2,tmgaia2,-24.402,0.049,-37.041,0.043,gaia2,0.6373,0.0306,11.647,0.02,11.752,0.007373,11.399,0.01,rered,gaia2,6979.0,191.5,3.2621,0.1064,,,4.79,0.357,1.53,0.274,1504.66,69.905,0.1582,0.0112,66.72,73.09,243.02571692852,-59.7136700258,-34.14618341693185,-6.098558766979186,[39],['hlsp_tess-spoc_tess_phot_0000000207318741-s0039_tess_v1_lc.fits']
0.07425,OGLE-LMC-LPV-03516,3,72.18470833333332,-67.64450000000001,294981146,72.18473573581,-67.64448220217,0,,112-004554,04484433-6738402,0,J044844.32-673840.1,4662361036185689344,0,0,STAR,tmgaia2,tmgaia2,2.156,0.135,-0.004,0.182,gaia2,0.0178,0.0774,16.782,0.297,14.369,0.012336,12.977,0.014,rered,gaia2,,,,,,,,,,,4339.66,910.49,0.1086,0.0,788.23,1032.75,72.18476014154,-67.64448222124,-81.07192466255485,-36.47044082436036,"[61, 62, 63, 64, 67, 68, 69, 66]","['hlsp_tess-spoc_tess_phot_0000000294981146-s0061_tess_v1_lc.fits', 'hlsp_tess-spoc_tess_phot_0000000294981146-s0062_tess_v1_lc.fits', 'hlsp_tess-spoc_tess_phot_0000000294981146-s0063_tess_v1_lc.fits', 'hlsp_tess-spoc_tess_phot_0000000294981146-s0064_tess_v1_lc.fits', 'hlsp_tess-spoc_tess_phot_0000000294981146-s0067_tess_v1_lc.fits', 'hlsp_tess-spoc_tess_phot_0000000294981146-s0068_tess_v1_lc.fits', 'hlsp_tess-spoc_tess_phot_0000000294981146-s0069_tess_v1_lc.fits', 'hlsp_tess-spoc_tess_phot_0000000294981146-s0066_tess_v1_lc.fits']"
0.054267,OGLE-LMC-LPV-79199,3,85.222375,-69.75691666666667,404849827,85.22237531884,-69.75690159297,0,,102-015540,05405336-6945248,0,J054053.37-694524.8,4657590186544458112,0,0,STAR,tmgaia2,tmgaia2,1.926,0.051,0.615,0.055,gaia2,-0.0454,0.0293,15.374,0.08,13.5691,0.004245,12.417,0.009,gbprp,,,,,,,,,,,,9428.56,1449.6,,,1311.86,1587.34,85.2223992806,-69.7568989445,-79.79540463691158,-31.407457772071474,"[62, 64, 65, 67, 68, 69, 66]","['hlsp_tess-spoc_tess_phot_0000000404849827-s0062_tess_v1_lc.fits', 'hlsp_tess-spoc_tess_phot_0000000404849827-s0064_tess_v1_lc.fits', 'hlsp_tess-spoc_tess_phot_0000000404849827-s0065_tess_v1_lc.fits', 'hlsp_tess-spoc_tess_phot_0000000404849827-s0067_tess_v1_lc.fits', 'hlsp_tess-spoc_tess_phot_0000000404849827-s0068_tess_v1_lc.fits', 'hlsp_tess-spoc_tess_phot_0000000404849827-s0069_tess_v1_lc.fits', 'hlsp_tess-spoc_tess_phot_0000000404849827-s0066_tess_v1_lc.fits']"
0.117999,OGLE-GD-LPV-008732,4,232.683375,-49.36972222222222,146444415,232.68333198294,-49.36973924339,0,,204-102039,15304401-4922108,0,J153044.01-492210.9,5890402274756334208,0,0,STAR,tmgaia2,tmgaia2,,,,,,,,,,13.5004,0.027357,8.008,1.0,jhk,,,,,,,,,,,,,,,,,,232.68333198294,-49.36973924339,-32.290760180160746,5.683684805194415,[65],['hlsp_tess-spoc_tess_phot_0000000146444415-s0065_tess_v1_lc.fits']
0.097991,OGLE-BLG-LPV-259041,4,272.3712499999999,-14.131333333333334,365388298,272.37124650586,-14.13136034124,0,,,18092910-1407529,0,J180929.10-140753.0,4146948605461939328,0,0,STAR,tmgaia2,tmgaia2,,,,,,,,,,15.6845,0.082802,10.395,1.0,jhk,,,,,,,,,,,,,,,,,,272.37124650586,-14.13136034124,15.588915700810206,2.6238453587937216,[80],['hlsp_tess-spoc_tess_phot_0000000365388298-s0080_tess_v1_lc.fits']
0.075363,OGLE-GD-LPV-023687,4,285.51804166666665,0.2616944444444444,228525949,285.5180208542,0.2616921885,0,,,19020433+0015421,0,J190204.31+001542.0,4265907547275507584,0,0,STAR,tmgaia2,tmgaia2,,,,,,,,,,13.5698,0.037189,9.157,1.0,jhk,,,,,,,,,,,,,,,,,,285.5180208542,0.2616921885,34.37790849975408,-2.2464639292500697,[80],['hlsp_tess-spoc_tess_phot_0000000228525949-s0080_tess_v1_lc.fits']
0.112622,OGLE-GD-LPV-018216,4,277.2344583333333,-7.292805555555556,212907311,277.23447199716,-7.29283375114,0,,,18285626-0717339,0,J182856.29-071734.0,4159866080355372160,0,0,STAR,tmgaia2,tmgaia2,,,,,,,,,,17.3388,0.113529,10.246,1.0,jhk,,,,,,,,,,,,,,,,,,277.23447199716,-7.29283375114,23.8775031624782,1.6415242433135186,[80],['hlsp_tess-spoc_tess_phot_0000000212907311-s0080_tess_v1_lc.fits']
0.154776,OGLE-GD-LPV-009961,4,238.0704583333333,-52.11602777777778,281473740,238.07043505333,-52.11606832495,0,,,15521691-5206577,0,J155216.94-520657.9,5981951117546211968,0,0,STAR,tmgaia2,tmgaia2,,,,,,,,,,13.9788,0.04191,9.029,1.0,jhk,,,,,,,,,,,,,,,,,,238.07043505333,-52.11606832495,-31.22277909032685,1.4398468268689175,[65],['hlsp_tess-spoc_tess_phot_0000000281473740-s0065_tess_v1_lc.fits']
0.093452,OGLE-GD-LPV-023706,4,285.55966666666666,-8.878305555555556,39009464,285.55969117615,-8.87831490729,0,,,19021433-0852418,0,J190214.32-085241.9,4202951573057133184,0,0,STAR,tmgaia2,tmgaia2,,,,,,,,,,14.3005,0.025056,9.539,1.0,jhk,,,,,,,,,,,,,,,,,,285.55969117615,-8.87831490729,26.22064761383941,-6.419065345843115,[80],['hlsp_tess-spoc_tess_phot_0000000039009464-s0080_tess_v1_lc.fits']
0.049754,OGLE-GD-LPV-015527,4,252.7792083333333,-44.986222222222224,246392495,252.77919587542,-44.98623286974,0,,,16510701-4459103,0,J165106.99-445910.3,5964231869186456064,0,0,STAR,tmgaia2,tmgaia2,,,,,,,,,,14.5092,0.045893,9.653,1.0,jhk,,,,,,,,,,,,,,,,,,252.77919587542,-44.98623286974,-19.331063754581432,-0.3927278622878951,[66],['hlsp_tess-spoc_tess_phot_0000000246392495-s0066_tess_v1_lc.fits']
0.069627,OGLE-GD-LPV-018322,4,277.500375,-10.772361111111111,214637658,277.50035697336,-10.77235333582,0,,,18300009-1046205,0,J183000.08-104620.3,4154937519492773248,0,0,STAR,tmgaia2,tmgaia2,,,,,,,,,,15.7445,0.071157,8.955,1.0,jhk,,,,,,,,,,,,,,,,,,277.50035697336,-10.77235333582,20.915971353449702,-0.2044770412045127,[80],['hlsp_tess-spoc_tess_phot_0000000214637658-s0080_tess_v1_lc.fits']
0.246158,OGLE-GD-LPV-018878,4,278.886625,-10.187138888888889,4656513,278.88661108065,-10.18720587959,0,,,18353279-1011136,0,J183532.80-101112.8,4155042935161723648,0,0,STAR,tmgaia2,tmgaia2,,,,,,,,,,13.5379,0.016867,10.375,1.0,jhk,,,,,,,,,,,,,,,,,,278.88661108065,-10.18720587959,22.06442076557303,-1.1435476401063518,[80],['hlsp_tess-spoc_tess_phot_0000000004656513-s0080_tess_v1_lc.fits']
0.246274,OGLE-BLG-LPV-245439,4,264.75066666666663,-35.94455555555555,263565431,264.75070117832,-35.94461799911,0,,,17390016-3556405,0,J173900.15-355640.7,4041207541440685184,0,0,STAR,tmgaia2,tmgaia2,,,,,,,,,,15.0508,0.023851,8.992,1.0,jhk,,,,,,,,,,,,,,,,,,264.75070117832,-35.94461799911,-6.694329062033115,-2.50514709900081,[66],['hlsp_tess-spoc_tess_phot_0000000263565431-s0066_tess_v1_lc.fits']
0.108012,OGLE-GD-LPV-004352,4,203.66679166666663,-63.63461111111111,316572742,203.66673017085,-63.63462353546,0,,,13344003-6338046,0,J133439.99-633804.8,5864983352659046912,0,0,STAR,tmgaia2,tmgaia2,,,,,,,,,,13.7312,0.022528,9.717,1.0,jhk,,,,,,,,,,,,,,,,,,203.66673017085,-63.63462353546,-52.29050038005216,-1.1645769172846647,[65],['hlsp_tess-spoc_tess_phot_0000000316572742-s0065_tess_v1_lc.fits']
0.140461,OGLE-BLG-LPV-260511,4,273.60279166666663,-15.517666666666669,110394530,273.60275586205,-15.5176848906,0,,,18142466-1531035,0,J181424.66-153103.5,4145814012549370240,0,0,STAR,tmgaia2,tmgaia2,,,,,,,,,,13.7495,0.030861,9.035,1.0,jhk,,,,,,,,,,,,,,,,,,273.60275586205,-15.5176848906,14.943942543900263,0.9139693691397632,[80],['hlsp_tess-spoc_tess_phot_0000000110394530-s0080_tess_v1_lc.fits']
0.067127,OGLE-GD-LPV-010796,4,241.6272083333333,-44.74766666666667,162044520,241.62723319392,-44.74766067198,0,,,16063052-4444517,0,J160630.54-444451.5,5991344589000395520,21281445,0,STAR,tmgaia2,tmgaia2,-4.523,0.367,-1.37,0.249,gaia2,0.421,0.1462,,,12.3725,0.001912,10.314,0.017,rered,gaia2,,,,,,,,,,,2354.76,1068.01,0.6966,0.094,692.4,1443.62,241.62720577683,-44.74766657007,-24.61762429084123,5.486282005089846,[65],['hlsp_tess-spoc_tess_phot_0000000162044520-s0065_tess_v1_lc.fits']
0.053544,OGLE-BLG-LPV-264859,4,278.197375,-13.155111111111111,432989136,278.1973778545,-13.15512572233,0,,,18324737-1309182,0,J183247.39-130919.2,4104801644753415296,0,0,STAR,tmgaia2,tmgaia2,,,,,,,,,,13.833,0.040382,9.017,1.0,jhk,,,,,,,,,,,,,,,,,,278.1973778545,-13.15512572233,19.117803995942435,-1.9104341091318937,[80],['hlsp_tess-spoc_tess_phot_0000000432989136-s0080_tess_v1_lc.fits']
0.043328,OGLE-GD-LPV-017377,4,259.30275,-48.25022222222222,261302865,259.30274207862,-48.25023304036,0,,,17171266-4815007,0,,5950599402505750912,0,0,STAR,tmgaia2,tmgaia2,,,,,,,,,,14.8648,0.068376,9.494,1.0,jhk,,,,,,,,,,,,,,,,,,259.30274207862,-48.25023304036,-19.21247577432244,-5.9318211247448085,[66],['hlsp_tess-spoc_tess_phot_0000000261302865-s0066_tess_v1_lc.fits']
0.085498,OGLE-GD-LPV-013276,4,248.34825,-42.57886111111112,228432927,248.34821982621,-42.57886950069,0,,,16332358-4234438,0,J163323.61-423443.7,5944660149903545088,0,0,STAR,tmgaia2,tmgaia2,1.731,0.555,-0.154,0.325,gaia2,-0.1576,0.2257,,,15.8562,0.042271,9.237,1.0,jhk,gaia2,,,,,,,,,,,4858.69,2219.96,1.5273,0.1549,1729.13,2710.79,248.34822994541,-42.57887016177,-19.625935630163536,3.5990384180916024,[66],['hlsp_tess-spoc_tess_phot_0000000228432927-s0066_tess_v1_lc.fits']
0.220163,OGLE-GD-LPV-018302,4,277.46529166666664,-7.925277777777778,214157819,277.46524328006,-7.92531576926,0,,,18295166-0755311,0,J182951.63-075531.2,4159676242807573248,0,0,STAR,tmgaia2,tmgaia2,,,,,,,,,,15.0966,0.057423,9.654,1.0,jhk,,,,,,,,,,,,,,,,,,277.46524328006,-7.92531576926,23.422937405919008,1.1456776689037156,[80],['hlsp_tess-spoc_tess_phot_0000000214157819-s0080_tess_v1_lc.fits']
0.262115,OGLE-BLG-LPV-047762,4,267.214125,-35.63102777777778,113611840,267.21412151771,-35.63110053244,0,,,17485140-3537519,0,J174851.40-353752.1,4041417960424863360,0,0,STAR,tmgaia2,tmgaia2,,,,,,,,,,13.9424,0.049755,9.382,1.0,jhk,,,,,,,,,,,,,,,,,,267.21412151771,-35.63110053244,-5.381895534464234,-4.046130236917408,[66],['hlsp_tess-spoc_tess_phot_0000000113611840-s0066_tess_v1_lc.fits']
0.045451,OGLE-GD-LPV-020201,4,280.60004166666664,-7.582111111111111,162371705,280.600037229,-7.58212294531,0,,,18422401-0734556,0,J184224.00-073455.5,4252671866827564160,0,0,STAR,tmgaia2,tmgaia2,,,,,,,,,,14.7243,0.075035,9.604,1.0,jhk,,,,,,,,,,,,,,,,,,280.600037229,-7.58212294531,25.15627690787229,-1.4546210603965233,[80],['hlsp_tess-spoc_tess_phot_0000000162371705-s0080_tess_v1_lc.fits']
0.13375,OGLE-GD-LPV-007098,4,223.987375,-57.41802777777777,418883909,223.98730986281,-57.41804002287,0,,,14555697-5725048,0,J145556.79-572504.2,5880751036548166912,0,0,STAR,tmgaia2,tmgaia2,,,,,,,,,,15.3125,0.046142,9.833,1.0,jhk,,,,,,,,,,,,,,,,,,223.98730986281,-57.41804002287,-40.8988653198196,1.4918731414660926,[65],['hlsp_tess-spoc_tess_phot_0000000418883909-s0065_tess_v1_lc.fits']
0.095825,OGLE-BLG-LPV-235590,4,259.117,-37.41522222222222,463423746,259.11697782264,-37.41524217867,0,,,17162808-3724548,0,J171628.08-372454.4,5973674852996558336,0,0,STAR,tmgaia2,tmgaia2,,,,,,,,,,13.7409,0.011112,8.841,1.0,jhk,,,,,,,,,,,,,,,,,,259.11697782264,-37.41524217867,-10.428268748317835,0.4329997727131253,[66],['hlsp_tess-spoc_tess_phot_0000000463423746-s0066_tess_v1_lc.fits']
0.104581,OGLE-GD-LPV-006143,4,218.36658333333327,-58.422777777777775,292565495,218.36655525704,-58.42280283312,0,,,14332797-5825220,0,J143327.99-582522.2,5891297002334239744,0,0,STAR,tmgaia2,tmgaia2,-5.935,0.586,0.036,0.63,gaia2,-0.7269,0.2925,,,15.6362,0.089429,9.641,1.0,jhk,gaia2,,,,,,,,,,,5177.57,2178.27,1.7779,0.3377,1757.73,2598.82,218.3665064593,-58.42280267826,-44.02925459684947,1.8422131027466824,[65],['hlsp_tess-spoc_tess_phot_0000000292565495-s0065_tess_v1_lc.fits']
0.009896,OGLE-BLG-LPV-263092,4,276.0272083333333,-9.747916666666663,19594402,276.02720613882,-9.74791836342,0,,,18240652-0944524,0,J182406.52-094452.4,4156051908907691136,0,0,STAR,tmgaia2,tmgaia2,,,,,,,,,,16.0531,0.056438,10.138,1.0,jhk,,,,,,,,,,,,,,,,,,276.02720613882,-9.74791836342,21.147819532447464,1.555365909091956,[80],['hlsp_tess-spoc_tess_phot_0000000019594402-s0080_tess_v1_lc.fits']
0.150121,OGLE-GD-LPV-012793,4,247.2325,-51.07772222222223,13181268,247.23244524898,-51.07774579491,0,,,16285579-5104397,0,J162855.78-510439.5,5934483276413069824,0,0,STAR,tmgaia2,tmgaia2,,,,,,,,,,14.0334,0.028131,9.639,1.0,jhk,,,,,,,,,,,,,,,,,,247.23244524898,-51.07774579491,-26.345173646345668,-1.6645314064103602,[66],['hlsp_tess-spoc_tess_phot_0000000013181268-s0066_tess_v1_lc.fits']
0.073275,OGLE-GD-LPV-004821,4,207.93691666666663,-60.28083333333333,299306911,207.93688480264,-60.28082049748,0,,,13514486-6016510,0,J135144.87-601650.8,5867433717373155584,0,0,STAR,tmgaia2,tmgaia2,,,,,,,,,,14.5488,0.03445,9.32,1.0,jhk,,,,,,,,,,,,,,,,,,207.93688480264,-60.28082049748,-49.65542365832903,1.7200455444202398,[65],['hlsp_tess-spoc_tess_phot_0000000299306911-s0065_tess_v1_lc.fits']
0.140787,OGLE-GD-LPV-005789,4,215.7235,-66.33041666666666,449026113,215.72341719061,-66.33043726211,0,,119-100832,14225362-6619495,0,J142253.65-661949.5,5849397466064409728,32905440,0,STAR,tmgaia2,tmgaia2,,,,,,,,16.258,0.24,13.236,0.020212,10.229,0.033,vjk,,,,,,,,,,,,,,,,,,215.72341719061,-66.33043726211,-48.05851978247114,-5.0716482692289455,[65],['hlsp_tess-spoc_tess_phot_0000000449026113-s0065_tess_v1_lc.fits']
0.054391,OGLE-GD-LPV-000284,4,119.15291666666666,-30.25933333333333,151611305,119.15290649743,-30.25932104053,0,,299-033088,07563669-3015335,0,J075636.71-301533.7,5597166406241828736,0,0,STAR,tmgaia2,tmgaia2,,,,,,,,13.77,0.069,12.9411,0.019721,9.439,0.047,vjk,,,,,,,,,,,,,,,,,,119.15290649743,-30.25932104053,-113.079119030907,-0.8081520518575666,[61],['hlsp_tess-spoc_tess_phot_0000000151611305-s0061_tess_v1_lc.fits']
0.125673,OGLE-GD-LPV-011650,4,244.26741666666663,-47.46463888888889,292369393,244.26740290735,-47.4646725359,0,,,16170418-4727526,0,,5989840968160661120,0,0,STAR,tmgaia2,tmgaia2,,,,,,,,,,13.6781,0.035405,8.815,1.0,jhk,,,,,,,,,,,,,,,,,,244.26740290735,-47.4646725359,-25.142971494886044,2.252844957608568,[65],['hlsp_tess-spoc_tess_phot_0000000292369393-s0065_tess_v1_lc.fits']
0.18905,OGLE-BLG-LPV-233433,4,256.48375,-40.124,377632797,256.48369374913,-40.12403012727,0,,,17055610-4007264,0,J170556.05-400727.0,5966933987718565248,0,0,STAR,tmgaia2,tmgaia2,,,,,,,,,,13.7214,0.040829,8.512,1.0,jhk,,,,,,,,,,,,,,,,,,256.48369374913,-40.12403012727,-13.826496135533146,0.4855087966939061,[66],['hlsp_tess-spoc_tess_phot_0000000377632797-s0066_tess_v1_lc.fits']
0.119082,OGLE-GD-LPV-005078,4,210.25225,-62.63805555555555,326614599,210.2521901931,-62.63807395639,0,,,14010053-6238170,0,J140100.53-623816.8,5866021910070052608,0,0,STAR,tmgaia2,tmgaia2,,,,,,,,,,15.198,0.018495,10.263,1.0,jhk,,,,,,,,,,,,,,,,,,210.2521901931,-62.63807395639,-49.17056451799993,-0.8379097968640574,[38],['hlsp_tess-spoc_tess_phot_0000000326614599-s0038_tess_v1_lc.fits']
0.103104,OGLE-GD-LPV-019366,4,279.71649999999994,-4.520388888888889,175099066,279.71651184843,-4.52041497978,0,,,18385196-0431133,0,,4256906949427464960,0,0,STAR,tmgaia2,tmgaia2,,,,,,,,,,13.5799,0.037604,8.702,1.0,jhk,,,,,,,,,,,,,,,,,,279.71651184843,-4.52041497978,27.47635302675022,0.7280465189537866,[80],['hlsp_tess-spoc_tess_phot_0000000175099066-s0080_tess_v1_lc.fits']
0.048028,OGLE-GD-LPV-015337,4,252.33616666666663,-47.50994444444444,245841110,252.33617197986,-47.50995729379,0,,,16492068-4730358,0,J164920.67-473035.8,5939586212960738944,0,0,STAR,tmgaia2,tmgaia2,,,,,,,,,,14.2002,0.031979,9.25,1.0,jhk,,,,,,,,,,,,,,,,,,252.33617197986,-47.50995729379,-21.467101179002945,-1.7719196720838122,[66],['hlsp_tess-spoc_tess_phot_0000000245841110-s0066_tess_v1_lc.fits']
0.115071,OGLE-GD-LPV-022969,4,284.2132083333333,2.9171388888888887,227500282,284.21319885565,2.91710835834,0,,,18565117+0255015,0,J185651.16+025501.4,4280725566702704640,0,0,STAR,tmgaia2,tmgaia2,,,,,,,,,,14.6956,0.067685,9.777,1.0,jhk,,,,,,,,,,,,,,,,,,284.21319885565,2.91710835834,36.14513634527625,0.1264628340491512,[80],['hlsp_tess-spoc_tess_phot_0000000227500282-s0080_tess_v1_lc.fits']
0.113455,OGLE-GD-LPV-022600,4,283.6162916666666,-0.6129444444444444,56208648,283.61630425506,-0.61297333657,0,,,18542791-0036467,0,J185427.91-003646.7,4265421704977133568,0,0,STAR,tmgaia2,tmgaia2,,,,,,,,,,14.5309,0.08807,9.935,1.0,jhk,,,,,,,,,,,,,,,,,,283.61630425506,-0.61297333657,32.731459327016815,-0.9530284594710674,[80],['hlsp_tess-spoc_tess_phot_0000000056208648-s0080_tess_v1_lc.fits']
0.094486,OGLE-GD-LPV-005884,4,216.4560833333333,-58.3955,90641991,216.45603517176,-58.39549280015,0,,,14254946-5823436,0,J142549.44-582343.8,5891161521879100800,0,0,STAR,tmgaia2,tmgaia2,,,,,,,,,,15.3144,0.048561,10.343,1.0,jhk,,,,,,,,,,,,,,,,,,216.45603517176,-58.39549280015,-44.949491036817896,2.2378766894936613,[65],['hlsp_tess-spoc_tess_phot_0000000090641991-s0065_tess_v1_lc.fits']
0.129496,OGLE-GD-LPV-020939,4,281.4227083333333,-2.0381666666666667,225641528,281.42274329438,-2.03817522194,0,,,18454145-0202173,1237662979967221823,J184541.46-020217.1,4259858107328009472,0,0,STAR,tmgaia2,tmgaia2,,,,,,,,,,14.8584,0.051673,9.402,1.0,jhk,,,,,,,,,,,,,,,,,,281.42274329438,-2.03817522194,30.46289343652408,0.348592012826019,[80],['hlsp_tess-spoc_tess_phot_0000000225641528-s0080_tess_v1_lc.fits']
0.121246,OGLE-BLG-LPV-259454,4,272.747375,-14.433944444444444,107180272,272.74737173659,-14.43397797541,0,,,18105937-1426022,0,J181059.36-142602.3,4146878167994815616,0,0,STAR,tmgaia2,tmgaia2,,,,,,,,,,15.1381,0.052225,10.029,1.0,jhk,,,,,,,,,,,,,,,,,,272.74737173659,-14.43397797541,15.499156535006136,2.1586678685212304,[80],['hlsp_tess-spoc_tess_phot_0000000107180272-s0080_tess_v1_lc.fits']
0.041859,OGLE-BLG-LPV-260553,4,273.6385,-43.96961111111112,88076439,273.63848463504,-43.9696075173,0,,,18143323-4358105,0,J181433.25-435810.3,6721160240966061440,0,0,STAR,tmgaia2,tmgaia2,-1.279,0.498,-3.578,0.47,gaia2,0.1805,0.3036,,,15.5805,0.072733,10.076,1.0,jhk,gaia2,,,,,,,,,,,4429.02,2994.62,0.1173,0.0011,2105.27,3883.98,273.63847698222,-43.96962292413,-10.412093584465923,-12.35325889058174,[66],['hlsp_tess-spoc_tess_phot_0000000088076439-s0066_tess_v1_lc.fits']
0.15534,OGLE-GD-LPV-006299,4,219.36741666666663,-60.88777777777778,397565775,219.36732830266,-60.88778147759,0,,,14372820-6053159,0,J143728.15-605315.9,5878471714553039360,0,0,STAR,tmgaia2,tmgaia2,,,,,,,,,,11.9456,0.032091,7.239,1.0,jhk,,,,,,,,,,,,,,,,,,219.36732830266,-60.88778147759,-44.52590128087843,-0.6245453998016135,[65],['hlsp_tess-spoc_tess_phot_0000000397565775-s0065_tess_v1_lc.fits']
0.121,OGLE-GD-LPV-016620,4,255.87266666666665,-44.098888888888894,123910296,255.87261987325,-44.09888956458,0,,,17032943-4405559,0,J170329.44-440555.9,5963858138344594816,0,0,STAR,tmgaia2,tmgaia2,,,,,,,,,,14.3385,0.028327,9.763,1.0,jhk,,,,,,,,,,,,,,,,,,255.87261987325,-44.09888956458,-17.262781929034702,-1.5636877303144454,[66],['hlsp_tess-spoc_tess_phot_0000000123910296-s0066_tess_v1_lc.fits']
0.053887,OGLE-BLG-LPV-261636,4,274.6462916666666,-14.342944444444443,114323856,274.64630084212,-14.34295648767,0,,,18183511-1420346,0,J181835.11-142034.6,4146366585822807808,0,0,STAR,tmgaia2,tmgaia2,,,,,,,,,,15.7276,0.050641,9.407,1.0,jhk,,,,,,,,,,,,,,,,,,274.64630084212,-14.34295648767,16.456906556248974,0.5855237576114319,[80],['hlsp_tess-spoc_tess_phot_0000000114323856-s0080_tess_v1_lc.fits']
0.056839,OGLE-GD-LPV-016807,4,256.4629166666666,-44.1355,124989166,256.4628951128,-44.13550315993,0,,,17055109-4408077,0,J170551.08-440807.4,5963802784803182464,0,0,STAR,tmgaia2,tmgaia2,,,,,,,,,,14.0481,0.029437,8.341,1.0,jhk,,,,,,,,,,,,,,,,,,256.4628951128,-44.13550315993,-17.035036622404704,-1.9229710942696496,[66],['hlsp_tess-spoc_tess_phot_0000000124989166-s0066_tess_v1_lc.fits']
0.111926,OGLE-GD-LPV-010814,4,241.65358333333333,-57.93366666666666,429078424,241.65353353587,-57.93368302767,0,,161-168326,16063684-5756011,0,J160636.83-575601.1,5834947821738362624,29103845,0,STAR,tmgaia2,tmgaia2,,,,,,,,14.163,0.24,13.1915,0.018399,9.228,0.052,vjk,,,,,,,,,,,,,,,,,,241.65353353587,-57.93368302767,-33.45523529146946,-4.3099526568205135,"[65, 66]","['hlsp_tess-spoc_tess_phot_0000000429078424-s0065_tess_v1_lc.fits', 'hlsp_tess-spoc_tess_phot_0000000429078424-s0066_tess_v1_lc.fits']"
0.091501,OGLE-BLG-LPV-254025,4,268.65874999999994,-12.338027777777778,208904192,268.65876870852,-12.33804544097,0,,,17543811-1220169,0,J175438.10-122016.9,4151312945070800896,0,0,STAR,tmgaia2,tmgaia2,,,,,,,,,,14.4275,0.038537,10.357,1.0,jhk,,,,,,,,,,,,,,,,,,268.65876870852,-12.33804544097,15.385410196464084,6.652938741054633,[80],['hlsp_tess-spoc_tess_phot_0000000208904192-s0080_tess_v1_lc.fits']
0.15719,OGLE-GD-LPV-018231,4,277.27025,-7.018888888888889,213914157,277.27021628104,-7.01891693439,0,,,18290486-0701079,0,J182904.86-070108.1,4159880442738891264,0,0,STAR,tmgaia2,tmgaia2,,,,,,,,,,15.0287,0.072668,10.068,1.0,jhk,,,,,,,,,,,,,,,,,,277.27021628104,-7.01891693439,24.136796507664965,1.737006732632981,[80],['hlsp_tess-spoc_tess_phot_0000000213914157-s0080_tess_v1_lc.fits']
0.047593,OGLE-GD-LPV-024154,4,286.26491666666664,9.270888888888887,223662520,286.26492245765,9.27087696792,0,,,19050356+0916150,0,J190503.58+091615.0,4310662175976639488,0,0,STAR,tmgaia2,tmgaia2,-2.839,0.362,-4.246,0.347,gaia2,0.1426,0.2268,,,14.9149,0.047885,10.236,1.0,jhk,gaia2,,,,,,,,,,,3430.96,1728.78,1.6046,0.0718,1256.44,2201.12,286.26491007122,9.27085868704,42.728460092157285,1.2195950616364857,[80],['hlsp_tess-spoc_tess_phot_0000000223662520-s0080_tess_v1_lc.fits']
0.047803,OGLE-GD-LPV-010378,4,240.0464583333333,-53.78666666666666,300274224,240.04643640056,-53.78666956807,0,,,16001116-5347119,0,J160011.13-534711.6,5980821060119406976,0,0,STAR,tmgaia2,tmgaia2,,,,,,,,,,13.8318,0.00264,9.374,1.0,jhk,,,,,,,,,,,,,,,,,,240.04643640056,-53.78666956807,-31.38354727975776,-0.6051044742447295,[65],['hlsp_tess-spoc_tess_phot_0000000300274224-s0065_tess_v1_lc.fits']
0.145753,OGLE-GD-LPV-009768,4,237.27633333333333,-47.95727777777778,254813210,237.27628075054,-47.95729775711,0,,211-115463,15490632-4757263,0,J154906.31-475726.1,5986054804202948096,23822028,0,STAR,tmgaia2,tmgaia2,,,,,,,,14.868,0.135,11.582,0.020656,8.254,0.141,vjk,,,,,,,,,,,,,,,,,,237.27628075054,-47.95729775711,-29.00251643834237,4.9954509579878055,[65],['hlsp_tess-spoc_tess_phot_0000000254813210-s0065_tess_v1_lc.fits']
0.086237,OGLE-GD-LPV-013103,4,247.9699166666666,-48.97594444444445,19276742,247.96992099114,-48.97596823036,0,,,16315279-4858334,0,J163152.77-485833.5,5940704931714004608,0,0,STAR,tmgaia2,tmgaia2,,,,,,,,,,13.4637,0.024541,9.194,1.0,jhk,,,,,,,,,,,,,,,,,,247.96992099114,-48.97596823036,-24.49175857907497,-0.565431035483261,[66],['hlsp_tess-spoc_tess_phot_0000000019276742-s0066_tess_v1_lc.fits']
0.093863,OGLE-BLG-LPV-263080,4,276.0156666666666,-10.624916666666667,19605129,276.01564570369,-10.62493264475,0,,,18240375-1037296,0,J182403.74-103729.7,4154249019047197184,0,0,STAR,tmgaia2,tmgaia2,3.461,0.622,1.837,0.864,gaia2,-0.0477,0.3156,,,14.7344,0.041749,9.878,1.0,jhk,gaia2,,,,,,,,,,,3890.67,2109.42,1.451,0.5291,1578.19,2640.64,276.0156608663,-10.62492473527,20.367101134623912,1.1552655458725678,[80],['hlsp_tess-spoc_tess_phot_0000000019605129-s0080_tess_v1_lc.fits']
0.080372,OGLE-GD-LPV-022441,4,283.41004166666664,13.326333333333332,338329787,283.41003916113,13.32631114139,0,,,18533841+1319348,0,J185338.40+131934.9,4506239215519958272,0,0,STAR,tmgaia2,tmgaia2,,,,,,,,,,14.3259,0.066185,10.132,1.0,jhk,,,,,,,,,,,,,,,,,,283.41003916113,13.32631114139,45.07717923513695,5.553851849211706,[80],['hlsp_tess-spoc_tess_phot_0000000338329787-s0080_tess_v1_lc.fits']
0.06353,OGLE-GD-LPV-019324,4,279.66154166666666,-5.819222222222222,175209945,279.6615417678,-5.81923986922,0,,,18383877-0549091,0,J183838.76-054909.3,4256482194299875072,0,0,STAR,tmgaia2,tmgaia2,,,,,,,,,,14.013,0.070877,8.573,1.0,jhk,,,,,,,,,,,,,,,,,,279.6615417678,-5.81923986922,26.29699456355524,0.1810771258573991,[80],['hlsp_tess-spoc_tess_phot_0000000175209945-s0080_tess_v1_lc.fits']
0.21383,OGLE-GD-LPV-019357,4,279.70583333333326,-4.919305555555556,175196967,279.7058456623,-4.91936366889,0,,,18384940-0455096,0,J183849.41-045509.0,4256602453436802688,0,0,STAR,tmgaia2,tmgaia2,,,,,,,,,,14.0827,0.016565,9.503,1.0,jhk,,,,,,,,,,,,,,,,,,279.7058456623,-4.91936366889,27.116938860509364,0.5545955072742651,[80],['hlsp_tess-spoc_tess_phot_0000000175196967-s0080_tess_v1_lc.fits']
0.10501,OGLE-GD-LPV-008059,4,229.6060833333333,-57.06038888888889,44541457,229.60603001581,-57.06038567444,0,,,15182545-5703373,0,J151825.42-570337.3,5883213667713828864,0,0,STAR,tmgaia2,tmgaia2,,,,,,,,,,15.3679,0.047543,8.738,1.0,jhk,,,,,,,,,,,,,,,,,,229.60603001581,-57.06038567444,-38.08309535181375,0.2916591704765292,[65],['hlsp_tess-spoc_tess_phot_0000000044541457-s0065_tess_v1_lc.fits']
0.557902,OGLE-GD-LPV-021698,4,282.43387499999994,-4.228805555555556,183038218,282.43372203194,-4.22877826936,0,,,18494410-0413433,0,J184944.10-041343.5,4255278744512128256,0,0,STAR,tmgaia2,tmgaia2,,,,,,,,,,13.6217,0.050023,8.41,1.0,jhk,,,,,,,,,,,,,,,,,,282.43372203194,-4.22877826936,28.973623713324624,-1.5489585527805811,[80],['hlsp_tess-spoc_tess_phot_0000000183038218-s0080_tess_v1_lc.fits']
0.117999,OGLE-BLG-LPV-265229,4,278.9089166666666,-12.174861111111111,433527254,278.90889820956,-12.17488847634,0,,,18353813-1210294,0,J183538.13-121029.4,4106511866364308736,0,0,STAR,tmgaia2,tmgaia2,,,,,,,,,,14.252,0.02298,10.114,1.0,jhk,,,,,,,,,,,,,,,,,,278.90889820956,-12.17488847634,20.308215937345487,-2.076159591147716,[80],['hlsp_tess-spoc_tess_phot_0000000433527254-s0080_tess_v1_lc.fits']
0.112026,OGLE-GD-LPV-017226,4,258.14645833333327,-43.91788888888889,383148726,258.14642170364,-43.91790538582,0,,,17123515-4355044,0,J171235.14-435504.4,5965168446937059712,0,0,STAR,tmgaia2,tmgaia2,,,,,,,,,,15.009,0.032787,9.868,1.0,jhk,,,,,,,,,,,,,,,,,,258.14642170364,-43.91790538582,-16.13896144536122,-2.766178764383599,[66],['hlsp_tess-spoc_tess_phot_0000000383148726-s0066_tess_v1_lc.fits']
0.212677,OGLE-GD-LPV-022504,4,283.50837499999994,9.28077777777778,98816869,283.50835781471,9.28072118763,0,,,18540201+0916508,0,J185401.99+091650.5,4311225366462149888,0,0,STAR,tmgaia2,tmgaia2,,,,,,,,,,14.0186,0.04434,10.309,1.0,jhk,,,,,,,,,,,,,,,,,,283.50835781471,9.28072118763,41.49677422234675,3.6459241925864414,[80],['hlsp_tess-spoc_tess_phot_0000000098816869-s0080_tess_v1_lc.fits']
0.254038,OGLE-GD-LPV-007338,4,225.44454166666665,-60.357416666666666,453956829,225.44446090139,-60.35747483831,0,,,15014667-6021269,0,J150146.65-602126.2,5876445349066475008,0,0,STAR,tmgaia2,tmgaia2,,,,,,,,,,14.3068,0.042012,9.459,1.0,jhk,,,,,,,,,,,,,,,,,,225.44446090139,-60.35747483831,-41.615123369183,-1.456490151010727,[65],['hlsp_tess-spoc_tess_phot_0000000453956829-s0065_tess_v1_lc.fits']
0.068589,OGLE-BLG-LPV-262702,4,275.6778333333333,-10.22,18745040,275.67781815963,-10.22001183247,0,,,18224267-1013119,0,J182242.67-101312.0,4154488227238424576,0,0,STAR,tmgaia2,tmgaia2,,,,,,,,,,14.6383,0.06325,10.269,1.0,jhk,,,,,,,,,,,,,,,,,,275.67781815963,-10.22001183247,20.56936240420489,1.638450980422443,[80],['hlsp_tess-spoc_tess_phot_0000000018745040-s0080_tess_v1_lc.fits']
0.080526,OGLE-GD-LPV-022327,4,283.25416666666666,-5.150916666666667,54942577,283.25418874592,-5.15092076335,0,,,18530101-0509033,0,J185300.98-050903.8,4254934799189843456,0,0,STAR,tmgaia2,tmgaia2,,,,,,,,,,13.4663,0.036479,9.052,1.0,jhk,,,,,,,,,,,,,,,,,,283.25418874592,-5.15092076335,28.52386395522013,-2.696414328852645,[80],['hlsp_tess-spoc_tess_phot_0000000054942577-s0080_tess_v1_lc.fits']
0.155755,OGLE-GD-LPV-010239,4,239.443,-54.24133333333334,419485351,239.44293626634,-54.24135535043,0,,,15574631-5414287,0,J155746.39-541429.2,5884719483254269312,0,0,STAR,tmgaia2,tmgaia2,,,,,,,,,,16.7219,0.033032,9.904,1.0,jhk,,,,,,,,,,,,,,,,,,239.44293626634,-54.24135535043,-31.948533079766147,-0.720346416246,[65],['hlsp_tess-spoc_tess_phot_0000000419485351-s0065_tess_v1_lc.fits']
0.070477,OGLE-GD-LPV-025394,4,288.45266666666663,6.903888888888889,208451222,288.45265304237,6.90387473536,0,,,19134863+0654139,0,J191348.63+065413.9,4306125247398708480,0,0,STAR,tmgaia2,tmgaia2,-1.575,0.506,-2.396,0.452,gaia2,0.274,0.3029,,,14.5514,0.086062,8.818,1.0,jhk,gaia2,,,,,,,,,,,2794.74,1650.38,1.3617,0.1557,1137.44,2163.32,288.45264621115,6.90386442072,41.62691815309359,-1.7937763280779029,[80],['hlsp_tess-spoc_tess_phot_0000000208451222-s0080_tess_v1_lc.fits']
0.035123,OGLE-GD-LPV-015076,4,251.7892083333333,-47.33916666666667,237176170,251.78919445868,-47.3391692715,0,,,16470941-4720209,0,J164709.36-472021.5,5939626585690030720,0,0,STAR,tmgaia2,tmgaia2,,,,,,,,,,14.2215,0.047066,7.982,1.0,jhk,,,,,,,,,,,,,,,,,,251.78919445868,-47.3391692715,-21.57495589131529,-1.378883417440151,[66],['hlsp_tess-spoc_tess_phot_0000000237176170-s0066_tess_v1_lc.fits']
0.083347,OGLE-BLG-LPV-240827,4,263.022,-36.6635,266856107,263.02202664744,-36.66350889393,0,,,17320528-3639486,0,J173205.29-363948.7,5974616786563021312,0,0,STAR,tmgaia2,tmgaia2,,,,,,,,,,15.2572,0.04798,9.253,1.0,jhk,,,,,,,,,,,,,,,,,,263.02202664744,-36.66350889393,-8.05184585849298,-1.719527909710512,[66],['hlsp_tess-spoc_tess_phot_0000000266856107-s0066_tess_v1_lc.fits']
0.114747,OGLE-GD-LPV-001836,4,172.31633333333332,-59.546388888888885,451704915,172.31630445628,-59.54641720404,0,,,11291591-5932469,0,J112915.90-593247.2,5336169764933164800,0,0,STAR,tmgaia2,tmgaia2,,,,,,,,,,14.6976,0.032691,9.831,1.0,jhk,,,,,,,,,,,,,,,,,,172.31630445628,-59.54641720404,-67.31747559772093,1.680196867934637,[64],['hlsp_tess-spoc_tess_phot_0000000451704915-s0064_tess_v1_lc.fits']
0.202359,OGLE-GD-LPV-019556,4,279.9420416666666,-4.4670000000000005,175883867,279.94203819237,-4.46705610408,0,,,18394609-0428012,0,J183946.13-042800.6,4256901692355029888,0,0,STAR,tmgaia2,tmgaia2,,,,,,,,,,15.9928,0.056489,9.722,1.0,jhk,,,,,,,,,,,,,,,,,,279.94203819237,-4.46705610408,27.62686184997337,0.5526695306636471,[80],['hlsp_tess-spoc_tess_phot_0000000175883867-s0080_tess_v1_lc.fits']
0.147146,OGLE-BLG-LPV-233928,4,257.20829166666664,-37.27572222222222,379971758,257.20826225561,-37.27575573276,0,,,17084999-3716325,0,J170849.96-371632.6,5976462080648293120,0,0,STAR,tmgaia2,tmgaia2,,,,,,,,,,15.0615,0.048508,9.974,1.0,jhk,,,,,,,,,,,,,,,,,,257.20826225561,-37.27575573276,-11.20812721986957,1.742187850903625,[66],['hlsp_tess-spoc_tess_phot_0000000379971758-s0066_tess_v1_lc.fits']
0.082172,OGLE-GD-LPV-004988,4,209.4613333333333,-60.59952777777778,325265892,209.46130505399,-60.59954589613,0,,,13575072-6035583,0,J135750.73-603558.1,5867293151660982656,0,0,STAR,tmgaia2,tmgaia2,,,,,,,,,,14.8068,0.030701,9.721,1.0,jhk,,,,,,,,,,,,,,,,,,209.46130505399,-60.59954589613,-49.00315722667288,1.2281838241782357,[65],['hlsp_tess-spoc_tess_phot_0000000325265892-s0065_tess_v1_lc.fits']
0.103407,OGLE-GD-LPV-005276,4,211.8517083333333,-60.66225,330279124,211.85165112862,-60.66225628623,0,,,14072442-6039440,0,J140724.39-603944.0,5866857951194584064,0,0,STAR,tmgaia2,tmgaia2,,,,,,,,,,15.826,0.003797,8.508,1.0,jhk,,,,,,,,,,,,,,,,,,211.85165112862,-60.66225628623,-47.8919953515809,0.8489113587935434,[65],['hlsp_tess-spoc_tess_phot_0000000330279124-s0065_tess_v1_lc.fits']
0.124209,OGLE-GD-LPV-019378,4,279.7292499999999,-5.408666666666667,175203929,279.72927620502,-5.40868924604,0,,,18385502-0524311,0,J183855.03-052431.3,4256546343980630528,0,0,STAR,tmgaia2,tmgaia2,,,,,,,,,,15.2083,0.031025,9.902,1.0,jhk,,,,,,,,,,,,,,,,,,279.72927620502,-5.40868924604,26.69273666268641,0.3094808543570916,[80],['hlsp_tess-spoc_tess_phot_0000000175203929-s0080_tess_v1_lc.fits']
0.101431,OGLE-GD-LPV-024990,4,287.6984166666667,11.233166666666667,203321620,287.69840295335,11.23314190941,0,,,19104761+1113593,0,J191047.61+111359.3,4312471697247426688,0,0,STAR,tmgaia2,tmgaia2,,,,,,,,,,14.6773,0.062731,9.958,1.0,jhk,,,,,,,,,,,,,,,,,,287.69840295335,11.23314190941,45.120132204446925,0.8703500236315743,"[80, 81]","['hlsp_tess-spoc_tess_phot_0000000203321620-s0080_tess_v1_lc.fits', 'hlsp_tess-spoc_tess_phot_0000000203321620-s0081_tess_v1_lc.fits']"
0.348278,OGLE-GD-LPV-000597,4,136.81341666666663,-53.42180555555555,126647016,136.81355545373,-53.42185574622,0,,183-028481,09071524-5325186,0,J090715.27-532518.9,5311399588989144448,0,0,STAR,tmgaia2,tmgaia2,,,,,,,,12.058,0.049,12.5495,0.026375,8.299,0.107,vjk,,,,,,,,,,,,,,,,,,136.81355545373,-53.42185574622,-86.77219695169623,-4.011382057636962,"[62, 63]","['hlsp_tess-spoc_tess_phot_0000000126647016-s0062_tess_v1_lc.fits', 'hlsp_tess-spoc_tess_phot_0000000126647016-s0063_tess_v1_lc.fits']"
0.136527,OGLE-GD-LPV-022467,4,283.44375,-3.9430833333333335,55195180,283.44372856358,-3.94311465252,0,,,18534650-0356351,0,J185346.52-035635.1,4255633371369522944,0,0,STAR,tmgaia2,tmgaia2,,,,,,,,,,14.3159,0.031358,10.235,1.0,jhk,,,,,,,,,,,,,,,,,,283.44372856358,-3.94311465252,29.6867969731018,-2.3159491638483725,[80],['hlsp_tess-spoc_tess_phot_0000000055195180-s0080_tess_v1_lc.fits']
0.099506,OGLE-GD-LPV-022061,4,282.92525,-3.6640277777777777,53226140,282.92524683597,-3.6640552374,0,,,18514206-0339505,0,J185142.05-033950.4,4255697108689360768,0,0,STAR,tmgaia2,tmgaia2,,,,,,,,,,14.6304,0.045073,9.946,1.0,jhk,,,,,,,,,,,,,,,,,,282.92524683597,-3.6640552374,29.69995295148924,-1.7282776384913514,[80],['hlsp_tess-spoc_tess_phot_0000000053226140-s0080_tess_v1_lc.fits']
0.130688,OGLE-GD-LPV-022717,4,283.79129166666667,-4.119916666666667,56577583,283.7912763024,-4.11994957572,0,,,18550990-0407117,0,J185509.91-040711.7,4255424395432260736,0,0,STAR,tmgaia2,tmgaia2,,,,,,,,,,15.0203,0.08739,10.12,1.0,jhk,,,,,,,,,,,,,,,,,,283.7912763024,-4.11994957572,29.68683398192402,-2.7051253748287047,[80],['hlsp_tess-spoc_tess_phot_0000000056577583-s0080_tess_v1_lc.fits']
0.101887,OGLE-GD-LPV-013670,4,249.054,-44.02330555555555,229833077,249.05396543146,-44.02331908846,0,,,16361296-4401238,0,J163612.94-440123.8,5944241266017115648,0,0,STAR,tmgaia2,tmgaia2,,,,,,,,,,13.9933,0.02686,9.162,1.0,jhk,,,,,,,,,,,,,,,,,,249.05396543146,-44.02331908846,-20.34514819168185,2.244686017343287,[66],['hlsp_tess-spoc_tess_phot_0000000229833077-s0066_tess_v1_lc.fits']
0.045505,OGLE-BLG-LPV-239797,4,262.54599999999994,-33.338750000000005,162976759,262.54598855472,-33.33875826723,0,,,17301104-3320195,0,,4054467548566733440,0,0,STAR,tmgaia2,tmgaia2,,,,,,,,,,15.8412,0.056192,10.019,1.0,jhk,,,,,,,,,,,,,,,,,,262.54598855472,-33.33875826723,-5.485917793227414,0.4307061572221271,[66],['hlsp_tess-spoc_tess_phot_0000000162976759-s0066_tess_v1_lc.fits']
0.106024,OGLE-GD-LPV-015652,4,253.10158333333328,-43.006083333333336,246664820,253.10157706927,-43.00611242605,0,,,16522438-4300219,0,,5964856460510764672,0,0,STAR,tmgaia2,tmgaia2,,,,,,,,,,15.6112,0.026334,9.932,1.0,jhk,,,,,,,,,,,,,,,,,,253.10157706927,-43.00611242605,-17.655998048631062,0.6884611719213769,[66],['hlsp_tess-spoc_tess_phot_0000000246664820-s0066_tess_v1_lc.fits']
0.152065,OGLE-GD-LPV-009938,4,237.987625,-51.488,281474958,237.98755758544,-51.4880047031,0,,,15515702-5129168,0,J155157.01-512916.3,5982077904981880704,0,0,STAR,tmgaia2,tmgaia2,,,,,,,,,,13.687,0.030788,8.267,1.0,jhk,,,,,,,,,,,,,,,,,,237.98755758544,-51.4880047031,-30.865767271772743,1.95917141628503,[65],['hlsp_tess-spoc_tess_phot_0000000281474958-s0065_tess_v1_lc.fits']
0.072975,OGLE-GD-LPV-011426,4,243.63087499999995,-48.91419444444444,410020199,243.63086714711,-48.91421404722,0,,,16143141-4854509,0,J161431.42-485451.0,5983642716183759744,0,0,STAR,tmgaia2,tmgaia2,,,,,,,,,,14.792,0.019455,9.379,1.0,jhk,,,,,,,,,,,,,,,,,,243.63086714711,-48.91421404722,-26.454047804696906,1.5017143430703856,[65],['hlsp_tess-spoc_tess_phot_0000000410020199-s0065_tess_v1_lc.fits']
0.019518,OGLE-BLG-LPV-261136,4,274.19699999999995,-13.24372222222222,112968342,274.19700054067,-13.24372761816,0,,,18164727-1314374,0,J181647.29-131437.3,4147440018409345920,0,0,STAR,tmgaia2,tmgaia2,,,,,,,,,,15.6321,0.052696,9.7,1.0,jhk,,,,,,,,,,,,,,,,,,274.19700054067,-13.24372761816,17.218075798085525,1.4907830692577266,[80],['hlsp_tess-spoc_tess_phot_0000000112968342-s0080_tess_v1_lc.fits']
0.118933,OGLE-GD-LPV-022583,4,283.6,-4.068499999999999,55934369,283.60001264174,-4.06853053585,0,,,18542400-0404067,0,,4255440200942697600,0,0,STAR,tmgaia2,tmgaia2,,,,,,,,,,13.8976,0.043855,8.987,1.0,jhk,,,,,,,,,,,,,,,,,,283.60001264174,-4.06853053585,29.645900194670567,-2.51179265549647,[80],['hlsp_tess-spoc_tess_phot_0000000055934369-s0080_tess_v1_lc.fits']
0.124796,OGLE-BLG-LPV-233580,4,256.7454583333333,-38.8815,378351209,256.74543409595,-38.88152908138,0,,,17065890-3852534,0,J170658.88-385253.5,5973209897009444224,0,0,STAR,tmgaia2,tmgaia2,,,,,,,,,,14.8395,0.036098,9.366,1.0,jhk,,,,,,,,,,,,,,,,,,256.74543409595,-38.88152908138,-12.712870228284617,1.072582556641078,[66],['hlsp_tess-spoc_tess_phot_0000000378351209-s0066_tess_v1_lc.fits']
0.107675,OGLE-GD-LPV-006046,4,217.6752083333333,-62.17622222222222,390251014,217.67514444759,-62.17621989377,0,,,14304204-6210343,0,,5853549531241351552,0,0,STAR,tmgaia2,tmgaia2,,,,,,,,,,14.0144,0.015844,8.722,1.0,jhk,,,,,,,,,,,,,,,,,,217.67514444759,-62.17621989377,-45.767002276556056,-1.5023907241048866,[65],['hlsp_tess-spoc_tess_phot_0000000390251014-s0065_tess_v1_lc.fits']
0.172332,OGLE-GD-LPV-003409,4,194.8098333333333,-63.256166666666665,438133568,194.80973098479,-63.2561536177,0,,,12591436-6315221,0,J125914.30-631521.4,5862766187433625984,0,0,STAR,tmgaia2,tmgaia2,,,,,,,,,,14.3753,0.0386,9.6,1.0,jhk,,,,,,,,,,,,,,,,,,194.80973098479,-63.2561536177,-56.19052429228336,-0.3977126639531008,"[64, 65]","['hlsp_tess-spoc_tess_phot_0000000438133568-s0064_tess_v1_lc.fits', 'hlsp_tess-spoc_tess_phot_0000000438133568-s0065_tess_v1_lc.fits']"
0.087592,OGLE-GD-LPV-012821,4,247.28220833333333,-46.064,225745341,247.28220308278,-46.06402405691,0,,,16290771-4603505,0,J162907.74-460350.3,5942210369318135168,0,0,STAR,tmgaia2,tmgaia2,,,,,,,,,,14.5819,0.005606,8.103,1.0,jhk,,,,,,,,,,,,,,,,,,247.28220308278,-46.06402405691,-22.693305265111068,1.7715063360418106,[66],['hlsp_tess-spoc_tess_phot_0000000225745341-s0066_tess_v1_lc.fits']
0.096104,OGLE-GD-LPV-014825,4,251.32141666666664,-40.47591666666667,78472378,251.32140871717,-40.4759426683,0,,,16451714-4028332,0,J164517.13-402833.3,5969135897249740160,0,0,STAR,tmgaia2,tmgaia2,,,,,,,,,,14.1513,0.030086,9.979,1.0,jhk,,,,,,,,,,,,,,,,,,251.32140871717,-40.4759426683,-16.570264480259038,3.3319272532330086,[66],['hlsp_tess-spoc_tess_phot_0000000078472378-s0066_tess_v1_lc.fits']
0.124013,OGLE-GD-LPV-002512,4,183.7238333333333,-63.67822222222222,382974572,183.72375575238,-63.67822403554,0,,,12145372-6340416,0,J121453.66-634041.3,6054121789519421696,0,0,STAR,tmgaia2,tmgaia2,,,,,,,,,,13.8769,0.029949,9.311,1.0,jhk,,,,,,,,,,,,,,,,,,183.72375575238,-63.67822403554,-61.105861627737895,-1.093326147223999,"[64, 65]","['hlsp_tess-spoc_tess_phot_0000000382974572-s0064_tess_v1_lc.fits', 'hlsp_tess-spoc_tess_phot_0000000382974572-s0065_tess_v1_lc.fits']"
0.156658,OGLE-GD-LPV-005821,4,216.00029166666664,-58.61591666666667,262858037,216.00020915563,-58.61590979125,0,,,14240006-5836572,0,J142400.04-583657.2,5891059645255434368,0,0,STAR,tmgaia2,tmgaia2,,,,,,,,,,15.1735,0.036897,10.185,1.0,jhk,,,,,,,,,,,,,,,,,,216.00020915563,-58.61590979125,-45.25033188515559,2.115789535367706,[65],['hlsp_tess-spoc_tess_phot_0000000262858037-s0065_tess_v1_lc.fits']
0.096749,OGLE-GD-LPV-023773,4,285.68775,7.894333333333333,223145106,285.68777708585,7.89433489705,0,,,19024506+0753396,0,J190245.05+075339.6,4307049799220819200,0,0,STAR,tmgaia2,tmgaia2,,,,,,,,,,15.6373,0.046844,9.958,1.0,jhk,,,,,,,,,,,,,,,,,,285.68777708585,7.89433489705,41.24311661178029,1.0961152191530308,[80],['hlsp_tess-spoc_tess_phot_0000000223145106-s0080_tess_v1_lc.fits']
0.023821,OGLE-BLG-LPV-245671,4,264.83016666666657,-33.866194444444446,106854789,264.8301744071,-33.86619601762,0,,,17391923-3351583,0,J173919.17-335157.9,4053508843232984320,0,0,STAR,tmgaia2,tmgaia2,,,,,,,,,,14.3487,0.025565,9.83,1.0,jhk,,,,,,,,,,,,,,,,,,264.8301744071,-33.86619601762,-4.898966039670101,-1.4542219604096502,[66],['hlsp_tess-spoc_tess_phot_0000000106854789-s0066_tess_v1_lc.fits']
0.061458,OGLE-BLG-LPV-233895,4,257.18045833333326,-35.00011111111111,43284283,257.18044967341,-35.00012663922,0,,,17084331-3500004,0,J170843.30-350000.3,5977342892520994944,0,0,STAR,tmgaia2,tmgaia2,,,,,,,,,,13.5329,0.004508,9.82,1.0,jhk,,,,,,,,,,,,,,,,,,257.18044967341,-35.00012663922,-9.392707294389512,3.1166850410971785,[66],['hlsp_tess-spoc_tess_phot_0000000043284283-s0066_tess_v1_lc.fits']
0.165439,OGLE-GD-LPV-011482,4,243.7915,-48.19063888888888,410771371,243.79144310586,-48.19066483709,0,,,16150996-4811263,0,J161509.92-481126.3,5983791081544083328,0,0,STAR,tmgaia2,tmgaia2,,,,,,,,,,14.177,0.022678,9.099,1.0,jhk,,,,,,,,,,,,,,,,,,243.79144310586,-48.19066483709,-25.87725425488492,1.9516582468898207,[65],['hlsp_tess-spoc_tess_phot_0000000410771371-s0065_tess_v1_lc.fits']
0.029467,OGLE-GD-LPV-014712,4,251.10266666666664,-46.675444444444445,235317483,251.10267847214,-46.67544326656,0,,,16442463-4640316,0,,5942682884382350464,0,0,STAR,tmgaia2,tmgaia2,,,,,,,,,,14.4475,0.039167,8.698,1.0,jhk,,,,,,,,,,,,,,,,,,251.10267847214,-46.67544326656,-21.37517890617153,-0.5916180565555823,[66],['hlsp_tess-spoc_tess_phot_0000000235317483-s0066_tess_v1_lc.fits']
0.366589,OGLE-GD-LPV-023573,4,285.3045416666666,-2.3089166666666663,306429955,285.30463601858,-2.30895515818,0,,,19011312-0218321,0,J190113.10-021832.4,4261864097576789248,0,0,STAR,tmgaia2,tmgaia2,,,,,,,,,,13.9039,0.038581,9.784,1.0,jhk,,,,,,,,,,,,,,,,,,285.30463601858,-2.30895515818,31.98970209021321,-3.227901964094527,[80],['hlsp_tess-spoc_tess_phot_0000000306429955-s0080_tess_v1_lc.fits']
0.068146,OGLE-BLG-LPV-261390,4,274.425625,-14.58238888888889,113303741,274.42564427195,-14.58238565453,0,,,18174215-1434567,0,J181742.16-143456.7,4146355350188832256,0,0,STAR,tmgaia2,tmgaia2,-0.729,0.434,-1.928,0.373,gaia2,1.1409,0.2907,,,15.2821,0.069449,8.897,1.0,jhk,gaia2,,,,,,,,,,,941.749,420.688,0.257,0.1202,262.084,579.291,274.42564102822,-14.58239395762,16.144792079143325,0.6602643808320303,[80],['hlsp_tess-spoc_tess_phot_0000000113303741-s0080_tess_v1_lc.fits']
0.165373,OGLE-GD-LPV-007249,4,224.92166666666665,-55.812916666666666,35351228,224.92160374687,-55.81294599711,0,,,14594118-5548464,0,J145941.19-554846.4,5881467711997568384,0,0,STAR,tmgaia2,tmgaia2,,,,,,,,,,15.2695,0.070236,9.872,1.0,jhk,,,,,,,,,,,,,,,,,,224.92160374687,-55.81294599711,-39.69444391459059,2.6716499472215567,[65],['hlsp_tess-spoc_tess_phot_0000000035351228-s0065_tess_v1_lc.fits']
0.15728,OGLE-GD-LPV-003468,4,195.44891666666663,-62.370444444444445,438871378,195.44883432513,-62.3704656702,0,,,13014772-6222136,0,J130147.72-622213.5,5863416411087740544,0,0,STAR,tmgaia2,tmgaia2,,,,,,,,,,14.119,0.022294,9.493,1.0,jhk,,,,,,,,,,,,,,,,,,195.44883432513,-62.3704656702,-55.86749371977746,0.4771556724868492,"[64, 65]","['hlsp_tess-spoc_tess_phot_0000000438871378-s0064_tess_v1_lc.fits', 'hlsp_tess-spoc_tess_phot_0000000438871378-s0065_tess_v1_lc.fits']"
0.106281,OGLE-GD-LPV-023067,4,284.3819166666666,8.896472222222222,106240562,284.3819238094,8.8964435554,0,,,18573166+0853472,0,J185731.66+085347.1,4310409975492343040,0,0,STAR,tmgaia2,tmgaia2,-3.766,0.424,-3.984,0.41,gaia2,0.312,0.2586,,,14.2989,0.039222,9.713,1.0,jhk,gaia2,,,,,,,,,,,2787.16,1634.82,1.7118,0.0501,1094.5,2175.14,284.38190739736,8.89642640422,41.545633951687165,2.702874729116694,[80],['hlsp_tess-spoc_tess_phot_0000000106240562-s0080_tess_v1_lc.fits']
0.082666,OGLE-GD-LPV-006548,4,221.0015833333333,-62.63922222222222,291805245,221.00155510733,-62.6392411698,0,,,14440040-6238213,0,J144400.40-623821.2,5877248473596970752,0,0,STAR,tmgaia2,tmgaia2,,,,,,,,,,13.8975,0.035609,9.21,1.0,jhk,,,,,,,,,,,,,,,,,,221.00155510733,-62.6392411698,-44.5361174011014,-2.538871081159864,[65],['hlsp_tess-spoc_tess_phot_0000000291805245-s0065_tess_v1_lc.fits']
0.058237,OGLE-GD-LPV-024554,4,286.90666666666664,3.490888888888889,179604148,286.90666894223,3.49090490563,0,,,19073759+0329273,0,J190737.59+032927.2,4268988658101687680,0,0,STAR,tmgaia2,tmgaia2,,,,,,,,,,15.2676,0.059299,9.967,1.0,jhk,,,,,,,,,,,,,,,,,,286.90666894223,3.49090490563,37.88654254723202,-2.001880323120788,[80],['hlsp_tess-spoc_tess_phot_0000000179604148-s0080_tess_v1_lc.fits']
0.148676,OGLE-GD-LPV-025381,4,288.4263333333333,4.380083333333333,182253216,288.42633092172,4.38004210442,0,,,19134232+0422483,0,J191342.32+042248.4,4293171832208726656,0,0,STAR,tmgaia2,tmgaia2,,,,,,,,,,15.1127,0.024527,9.325,1.0,jhk,,,,,,,,,,,,,,,,,,288.42633092172,4.38004210442,39.37537920537601,-2.9381815016575854,[80],['hlsp_tess-spoc_tess_phot_0000000182253216-s0080_tess_v1_lc.fits']
0.097718,OGLE-GD-LPV-000366,4,124.02583333333332,-39.08566666666667,182657553,124.02580650587,-39.085649255,0,,,08160620-3905085,0,J081606.21-390508.6,5539966749042120704,17923219,0,STAR,tmgaia2,tmgaia2,,,,,,,,,,13.2009,0.021372,8.985,1.0,jhk,,,,,,,,,,,,,,,,,,124.02580650587,-39.085649255,-103.4839530836629,-2.180798086680215,"[61, 62]","['hlsp_tess-spoc_tess_phot_0000000182657553-s0061_tess_v1_lc.fits', 'hlsp_tess-spoc_tess_phot_0000000182657553-s0062_tess_v1_lc.fits']"
0.153281,OGLE-GD-LPV-009702,4,236.96529166666664,-51.517694444444444,272500094,236.96524758577,-51.5177270093,0,,,15475167-5131038,0,J154751.66-513103.7,5982037669729299328,0,0,STAR,tmgaia2,tmgaia2,,,,,,,,,,16.2951,0.05808,9.991,1.0,jhk,,,,,,,,,,,,,,,,,,236.96524758577,-51.5177270093,-31.38120090669634,2.334076166842647,[65],['hlsp_tess-spoc_tess_phot_0000000272500094-s0065_tess_v1_lc.fits']
0.132621,OGLE-GD-LPV-001019,4,153.5435416666666,-58.13711111111111,463243738,153.54348023111,-58.13709363709,0,,,10141043-5808136,0,J101410.44-580813.3,5258601349854426240,27728057,0,STAR,tmgaia2,tmgaia2,,,,,,,,,,14.8208,0.044195,9.482,1.0,jhk,,,,,,,,,,,,,,,,,,153.54348023111,-58.13709363709,-76.61402349787458,-1.36347644248413,"[63, 64]","['hlsp_tess-spoc_tess_phot_0000000463243738-s0063_tess_v1_lc.fits', 'hlsp_tess-spoc_tess_phot_0000000463243738-s0064_tess_v1_lc.fits']"
0.133928,OGLE-GD-LPV-025346,4,288.3615,7.928555555555556,207543182,288.36147458126,7.92852816594,0,,,19132676+0755428,0,J191326.75+075542.5,4306535433958538624,0,0,STAR,tmgaia2,tmgaia2,-1.12,0.363,-4.237,0.314,gaia2,-1.0465,0.2695,,,15.0905,0.053599,10.412,1.0,jhk,gaia2,,,,,,,,,,,5955.11,2227.86,1.9889,0.408,1842.9,2612.83,288.36146971097,7.92850992421,42.493320660432616,-1.238805498071366,"[80, 81]","['hlsp_tess-spoc_tess_phot_0000000207543182-s0080_tess_v1_lc.fits', 'hlsp_tess-spoc_tess_phot_0000000207543182-s0081_tess_v1_lc.fits']"
0.121108,OGLE-GD-LPV-002253,4,179.89104166666664,-62.06005555555555,307267291,179.89100113931,-62.060027786,0,,,11593386-6203361,0,J115933.84-620335.9,5334698927606513280,0,0,STAR,tmgaia2,tmgaia2,,,,,,,,,,13.9079,0.037564,9.447,1.0,jhk,,,,,,,,,,,,,,,,,,179.89100113931,-62.060027786,-63.10382675124412,0.2022631781483567,[64],['hlsp_tess-spoc_tess_phot_0000000307267291-s0064_tess_v1_lc.fits']
0.017859,OGLE-GD-LPV-016379,4,255.09208333333328,-40.925888888888885,344390974,255.09208224697,-40.92589378121,0,,,17002210-4055330,0,J170022.13-405533.1,5966617259658286720,0,0,STAR,tmgaia2,tmgaia2,,,,,,,,,,15.4676,0.026774,9.615,1.0,jhk,,,,,,,,,,,,,,,,,,255.09208224697,-40.92589378121,-15.107180793380126,0.8348442039144095,[66],['hlsp_tess-spoc_tess_phot_0000000344390974-s0066_tess_v1_lc.fits']
0.18819,OGLE-GD-LPV-001988,4,175.26716666666664,-58.67413888888888,266513300,175.26706888234,-58.67412671817,0,,,11410411-5840269,0,J114104.10-584027.1,5342401521926343296,28216489,0,STAR,tmgaia2,tmgaia2,,,,,,,,,,13.7777,0.037098,9.566,1.0,jhk,,,,,,,,,,,,,,,,,,175.26706888234,-58.67412671817,-66.12097345904255,2.955265412776201,[64],['hlsp_tess-spoc_tess_phot_0000000266513300-s0064_tess_v1_lc.fits']
0.039688,OGLE-BLG-LPV-236750,4,260.13695833333327,-35.127,155371589,260.13695543531,-35.1270107667,0,,,17203287-3507373,0,J172032.83-350736.9,5975604598979195776,0,0,STAR,tmgaia2,tmgaia2,,,,,,,,,,15.8259,0.028685,9.808,1.0,jhk,,,,,,,,,,,,,,,,,,260.13695543531,-35.1270107667,-8.083457370669946,1.077048077121318,[66],['hlsp_tess-spoc_tess_phot_0000000155371589-s0066_tess_v1_lc.fits']
0.181799,OGLE-BLG-LPV-235291,4,258.8279166666666,-38.79925,189455954,258.82797962005,-38.79926196262,0,,,17151870-3847574,0,J171518.73-384757.1,5972331593449393280,0,0,STAR,tmgaia2,tmgaia2,,,,,,,,,,16.6811,0.004596,9.251,1.0,jhk,,,,,,,,,,,,,,,,,,258.82797962005,-38.79926196262,-11.686746091443537,-0.1862938449324671,[66],['hlsp_tess-spoc_tess_phot_0000000189455954-s0066_tess_v1_lc.fits']
0.164549,OGLE-GD-LPV-010032,4,238.42499999999995,-52.76438888888889,284400565,238.4249535265,-52.76442492293,0,,,15534199-5245519,0,J155341.78-524550.1,5981144213447281536,0,0,STAR,tmgaia2,tmgaia2,,,,,,,,,,14.9103,0.038776,9.142,1.0,jhk,,,,,,,,,,,,,,,,,,238.4249535265,-52.76442492293,-31.46649575670316,0.8013294688814984,[65],['hlsp_tess-spoc_tess_phot_0000000284400565-s0065_tess_v1_lc.fits']
0.171554,OGLE-BLG-LPV-233608,4,256.774375,-37.842666666666666,378338284,256.77432448543,-37.84269273564,0,,,17070585-3750333,0,J170705.82-375033.6,5973416983162246656,0,0,STAR,tmgaia2,tmgaia2,,,,,,,,,,14.6666,0.040957,8.894,1.0,jhk,,,,,,,,,,,,,,,,,,256.77432448543,-37.84269273564,-11.868485862223656,1.6784879230156045,[66],['hlsp_tess-spoc_tess_phot_0000000378338284-s0066_tess_v1_lc.fits']
0.029603,OGLE-BLG-LPV-241807,4,263.399125,-39.33533333333334,465026587,263.3991270988,-39.33534139444,0,,,17333579-3920072,0,J173335.76-392006.9,5961703851475517952,0,0,STAR,tmgaia2,tmgaia2,,,,,,,,,,14.0679,0.064485,9.581,1.0,jhk,,,,,,,,,,,,,,,,,,263.3991270988,-39.33534139444,-10.134122734305748,-3.422505767696057,[66],['hlsp_tess-spoc_tess_phot_0000000465026587-s0066_tess_v1_lc.fits']
0.197875,OGLE-GD-LPV-007152,4,224.35225,-55.84894444444445,414712417,224.35215492341,-55.84895757546,0,,,14572452-5550562,0,J145724.54-555056.2,5881476164493600128,0,0,STAR,tmgaia2,tmgaia2,,,,,,,,,,14.0789,0.036351,9.266,1.0,jhk,,,,,,,,,,,,,,,,,,224.35215492341,-55.84895757546,-39.99410247382707,2.789893203162542,[65],['hlsp_tess-spoc_tess_phot_0000000414712417-s0065_tess_v1_lc.fits']
0.152486,OGLE-BLG-LPV-265199,4,278.8445416666666,-11.08436111111111,4551083,278.84450471045,-11.08438299367,0,,,18352267-1105039,0,J183522.72-110503.6,4154734934496598784,0,0,STAR,tmgaia2,tmgaia2,,,,,,,,,,13.729,0.054481,8.127,1.0,jhk,,,,,,,,,,,,,,,,,,278.84450471045,-11.08438299367,21.248390941308102,-1.5192810442159317,[80],['hlsp_tess-spoc_tess_phot_0000000004551083-s0080_tess_v1_lc.fits']
0.062322,OGLE-GD-LPV-016412,4,255.17466666666667,-38.84711111111111,344527018,255.17465400332,-38.84712533879,0,,,17004192-3850495,0,J170041.93-385050.0,5970256814935430528,0,0,STAR,tmgaia2,tmgaia2,,,,,,,,,,14.1436,0.038004,8.842,1.0,jhk,,,,,,,,,,,,,,,,,,255.17465400332,-38.84712533879,-13.429385562766496,2.064577675039391,[66],['hlsp_tess-spoc_tess_phot_0000000344527018-s0066_tess_v1_lc.fits']
0.123804,OGLE-GD-LPV-001411,4,163.62658333333334,-59.71605555555556,459820829,163.62654552895,-59.71608417786,0,,,10543034-5942577,0,J105430.38-594257.9,5338348481562624768,0,0,STAR,tmgaia2,tmgaia2,,,,,,,,,,13.5873,0.015051,9.53,1.0,jhk,,,,,,,,,,,,,,,,,,163.62654552895,-59.71608417786,-71.32520252718732,-0.1208949410163507,"[63, 64]","['hlsp_tess-spoc_tess_phot_0000000459820829-s0063_tess_v1_lc.fits', 'hlsp_tess-spoc_tess_phot_0000000459820829-s0064_tess_v1_lc.fits']"
0.182449,OGLE-GD-LPV-022453,4,283.42370833333325,-1.3124444444444443,55329657,283.42371975139,-1.31249382234,0,,,18534169-0118447,0,J185341.68-011844.8,4265220837908982272,0,0,STAR,tmgaia2,tmgaia2,,,,,,,,,,15.9761,0.0726,10.382,1.0,jhk,,,,,,,,,,,,,,,,,,283.42371975139,-1.31249382234,32.02096940120079,-1.100487258664803,[80],['hlsp_tess-spoc_tess_phot_0000000055329657-s0080_tess_v1_lc.fits']
0.066447,OGLE-BLG-LPV-261247,4,274.30108333333334,-10.784916666666666,14385459,274.30107537221,-10.78493338548,0,,,18171226-1047054,0,,4154383262538612608,0,0,STAR,tmgaia2,tmgaia2,,,,,,,,,,14.8441,0.037965,9.054,1.0,jhk,,,,,,,,,,,,,,,,,,274.30107537221,-10.78493338548,19.432781319769813,2.5666354446647213,[80],['hlsp_tess-spoc_tess_phot_0000000014385459-s0080_tess_v1_lc.fits']
0.166349,OGLE-BLG-LPV-246433,4,265.1048333333333,-31.605972222222224,107721491,265.10478164968,-31.6059581639,0,,,17402515-3136214,0,J174025.12-313621.8,4055097465626614912,0,0,STAR,tmgaia2,tmgaia2,,,,,,,,,,13.7626,0.040332,8.666,1.0,jhk,,,,,,,,,,,,,,,,,,265.10478164968,-31.6059581639,-2.861302797083576,-0.4486628012589751,[66],['hlsp_tess-spoc_tess_phot_0000000107721491-s0066_tess_v1_lc.fits']
0.102965,OGLE-GD-LPV-005849,4,216.21054166666664,-58.78077777777778,90518046,216.21049106378,-58.78078918488,0,,,14245053-5846507,0,J142450.50-584650.7,5891042224845213696,0,0,STAR,tmgaia2,tmgaia2,,,,,,,,,,14.2718,0.050468,8.805,1.0,jhk,,,,,,,,,,,,,,,,,,216.21049106378,-58.78078918488,-45.205984796025646,1.923054058565501,[65],['hlsp_tess-spoc_tess_phot_0000000090518046-s0065_tess_v1_lc.fits']
0.035609,OGLE-BLG-LPV-239593,4,262.424125,-37.766666666666666,389493147,262.42411718854,-37.76667439372,0,,,17294178-3745599,0,J172941.76-374600.3,5962158808771798528,0,0,STAR,tmgaia2,tmgaia2,,,,,,,,,,14.7699,0.040226,9.331,1.0,jhk,,,,,,,,,,,,,,,,,,262.42411718854,-37.76667439372,-9.235954049138009,-1.926808678073917,[66],['hlsp_tess-spoc_tess_phot_0000000389493147-s0066_tess_v1_lc.fits']
0.067091,OGLE-BLG-LPV-237666,4,260.94466666666665,-31.151777777777777,157496670,260.94464982599,-31.15178959325,0,,,17234672-3109063,0,J172346.74-310906.6,4058134557300104576,0,0,STAR,tmgaia2,tmgaia2,,,,,,,,,,14.9096,0.059793,9.69,1.0,jhk,,,,,,,,,,,,,,,,,,260.94464982599,-31.15178959325,-4.423139896384835,2.773389880714383,[66],['hlsp_tess-spoc_tess_phot_0000000157496670-s0066_tess_v1_lc.fits']
0.124956,OGLE-GD-LPV-023724,4,285.5995,9.605888888888888,223062905,285.59952654095,9.60586608577,0,,,19022389+0936211,0,J190223.89+093621.1,4310741856213033728,0,0,STAR,tmgaia2,tmgaia2,,,,,,,,,,15.1315,0.060661,9.878,1.0,jhk,,,,,,,,,,,,,,,,,,285.59952654095,9.60586608577,42.72578281345983,1.9565405290359053,[80],['hlsp_tess-spoc_tess_phot_0000000223062905-s0080_tess_v1_lc.fits']
0.116969,OGLE-GD-LPV-024921,4,287.57370833333334,13.312611111111112,395876560,287.57370016516,13.31257960696,0,,,19101769+1318454,0,J191017.69+131845.4,4314132303445564928,0,0,STAR,tmgaia2,tmgaia2,,,,,,,,,,13.9099,0.000724,10.282,1.0,jhk,,,,,,,,,,,,,,,,,,287.57370016516,13.31257960696,46.909303337267325,1.937972876859988,"[80, 81]","['hlsp_tess-spoc_tess_phot_0000000395876560-s0080_tess_v1_lc.fits', 'hlsp_tess-spoc_tess_phot_0000000395876560-s0081_tess_v1_lc.fits']"
0.094129,OGLE-GD-LPV-000890,4,149.1154583333333,-57.12680555555556,274452658,149.11541721183,-57.12679193636,0,,,09562770-5707363,0,J095627.73-570736.3,5259508653095375488,0,0,STAR,tmgaia2,tmgaia2,,,,,,,,,,15.0901,0.037224,9.804,1.0,jhk,,,,,,,,,,,,,,,,,,149.11541721183,-57.12679193636,-79.12431439249762,-1.947417657019126,"[63, 64]","['hlsp_tess-spoc_tess_phot_0000000274452658-s0063_tess_v1_lc.fits', 'hlsp_tess-spoc_tess_phot_0000000274452658-s0064_tess_v1_lc.fits']"
0.044944,OGLE-BLG-LPV-261451,4,274.4670833333333,-12.850166666666668,114067162,274.46708601144,-12.85017887511,0,,,18175210-1251005,0,J181752.09-125100.6,4153484411798170880,0,0,STAR,tmgaia2,tmgaia2,,,,,,,,,,14.9197,0.040751,10.357,1.0,jhk,,,,,,,,,,,,,,,,,,274.46708601144,-12.85017887511,17.68948876171841,1.44573957838152,[80],['hlsp_tess-spoc_tess_phot_0000000114067162-s0080_tess_v1_lc.fits']
0.045641,OGLE-GD-LPV-011265,4,243.15816666666663,-49.338750000000005,266831449,243.15816378677,-49.33876253837,0,,,16123795-4920194,0,J161237.97-492019.2,5983603786598934144,0,0,STAR,tmgaia2,tmgaia2,,,,,,,,,,14.9778,0.048408,9.408,1.0,jhk,,,,,,,,,,,,,,,,,,243.15816378677,-49.33876253837,-26.97070314705812,1.4059384289808758,[65],['hlsp_tess-spoc_tess_phot_0000000266831449-s0065_tess_v1_lc.fits']
0.16601,OGLE-GD-LPV-025540,4,288.77849999999995,13.344861111111111,342931970,288.77850617931,13.34481539083,0,,,19150683+1320413,0,J191506.83+132041.3,4319320830047908608,0,0,STAR,tmgaia2,tmgaia2,,,,,,,,,,13.9414,0.005753,9.416,1.0,jhk,,,,,,,,,,,,,,,,,,288.77850617931,13.34481539083,47.4807064297714,0.9137050460382248,"[80, 81]","['hlsp_tess-spoc_tess_phot_0000000342931970-s0080_tess_v1_lc.fits', 'hlsp_tess-spoc_tess_phot_0000000342931970-s0081_tess_v1_lc.fits']"
0.078964,OGLE-GD-LPV-013661,4,249.03945833333333,-48.12961111111111,28033098,249.03942586253,-48.12961449089,0,,,16360947-4807464,0,J163609.68-480746.0,5941139479317495296,0,0,STAR,tmgaia2,tmgaia2,,,,,,,,,,13.4084,0.015625,9.082,1.0,jhk,,,,,,,,,,,,,,,,,,249.03942586253,-48.12961449089,-23.389651519280147,-0.5115352098617042,[66],['hlsp_tess-spoc_tess_phot_0000000028033098-s0066_tess_v1_lc.fits']
0.059072,OGLE-BLG-LPV-240398,4,262.845125,-32.877250000000004,163890752,262.84511545033,-32.87726431524,0,,,17312282-3252381,0,J173122.84-325237.9,4054691986349842560,0,0,STAR,tmgaia2,tmgaia2,,,,,,,,,,14.5623,0.035639,9.846,1.0,jhk,,,,,,,,,,,,,,,,,,262.84511545033,-32.87726431524,-4.962641481835848,0.4749855959821782,[66],['hlsp_tess-spoc_tess_phot_0000000163890752-s0066_tess_v1_lc.fits']
0.132383,OGLE-GD-LPV-022749,4,283.849,-11.170305555555554,34339292,283.84903599022,-11.17031583092,0,,,18552377-1110130,0,J185523.77-111012.8,4201983143828350976,0,0,STAR,tmgaia2,tmgaia2,,,,,,,,,,14.5408,0.068274,9.717,1.0,jhk,,,,,,,,,,,,,,,,,,283.84903599022,-11.17031583092,23.40122433586429,-5.935822327443442,[80],['hlsp_tess-spoc_tess_phot_0000000034339292-s0080_tess_v1_lc.fits']
0.081533,OGLE-GD-LPV-025153,4,288.0086666666666,6.312055555555555,205969205,288.00866179472,6.31203343113,0,,,19120208+0618432,0,J191202.10+061843.3,4306028146785966464,0,0,STAR,tmgaia2,tmgaia2,,,,,,,,,,13.8855,0.028682,8.926,1.0,jhk,,,,,,,,,,,,,,,,,,288.00866179472,6.31203343113,40.89783393462664,-1.6766689537646235,[80],['hlsp_tess-spoc_tess_phot_0000000205969205-s0080_tess_v1_lc.fits']
0.186925,OGLE-GD-LPV-002247,4,179.82954166666664,-66.07177777777777,297348558,179.82941972537,-66.07176196904,0,,,11591908-6604182,0,J115919.08-660418.4,5332273469319423872,0,0,STAR,tmgaia2,tmgaia2,,,,,,,,,,13.63,0.018069,9.661,1.0,jhk,,,,,,,,,,,,,,,,,,179.82941972537,-66.07176196904,-62.32599535054354,-3.733524622673668,"[64, 65]","['hlsp_tess-spoc_tess_phot_0000000297348558-s0064_tess_v1_lc.fits', 'hlsp_tess-spoc_tess_phot_0000000297348558-s0065_tess_v1_lc.fits']"
0.111377,OGLE-GD-LPV-007404,4,225.84154166666667,-64.19397222222223,454220398,225.84147077064,-64.19397006545,0,,,15032197-6411384,0,J150321.96-641138.4,5873165437123955840,0,0,STAR,tmgaia2,tmgaia2,,,,,,,,,,14.5107,0.015387,9.997,1.0,jhk,,,,,,,,,,,,,,,,,,225.84147077064,-64.19397006545,-43.308253870702735,-4.905566282353056,[65],['hlsp_tess-spoc_tess_phot_0000000454220398-s0065_tess_v1_lc.fits']
0.079613,OGLE-GD-LPV-012001,4,245.20958333333328,-54.07844444444445,208860367,245.20954681469,-54.07843896355,0,,,16205028-5404423,0,J162050.26-540442.5,5932244602129012608,0,0,STAR,tmgaia2,tmgaia2,,,,,,,,,,13.4062,0.023572,9.726,1.0,jhk,,,,,,,,,,,,,,,,,,245.20954681469,-54.07843896355,-29.35166341451649,-2.8847221611507043,[66],['hlsp_tess-spoc_tess_phot_0000000208860367-s0066_tess_v1_lc.fits']
0.150626,OGLE-GD-LPV-009438,4,235.75216666666665,-57.28572222222222,65724904,235.75209256027,-57.28573432901,0,,,15430052-5717084,0,J154300.41-571706.6,5882502592987092096,0,0,STAR,tmgaia2,tmgaia2,,,,,,,,,,13.7449,0.025873,9.014,1.0,jhk,,,,,,,,,,,,,,,,,,235.75209256027,-57.28573432901,-35.474211163970686,-1.7915493655749566,[65],['hlsp_tess-spoc_tess_phot_0000000065724904-s0065_tess_v1_lc.fits']
0.082048,OGLE-GD-LPV-018735,4,278.507375,-2.609611111111111,44701968,278.50738436332,-2.60963189427,0,,,18340177-0236344,0,J183401.77-023634.7,4258145377453826048,0,0,STAR,tmgaia2,tmgaia2,,,,,,,,,,15.6673,0.074204,10.645,1.0,jhk,,,,,,,,,,,,,,,,,,278.50738436332,-2.60963189427,28.62091402972521,2.677027943278452,[80],['hlsp_tess-spoc_tess_phot_0000000044701968-s0080_tess_v1_lc.fits']
0.130798,OGLE-GD-LPV-007590,4,226.90216666666663,-57.096833333333336,39276266,226.90216554742,-57.09686966091,0,,,15073653-5705487,0,J150736.53-570548.7,5880454271476804096,0,0,STAR,tmgaia2,tmgaia2,,,,,,,,,,14.9042,0.059135,9.706,1.0,jhk,,,,,,,,,,,,,,,,,,226.90216554742,-57.09686966091,-39.361119661931816,1.0179506162855616,[65],['hlsp_tess-spoc_tess_phot_0000000039276266-s0065_tess_v1_lc.fits']
0.111609,OGLE-BLG-LPV-263158,4,276.08716666666663,-13.038361111111112,332748340,276.08718831907,-13.03838383078,0,,,18242092-1302182,0,J182420.92-130218.2,4152560444067162368,0,0,STAR,tmgaia2,tmgaia2,,,,,,,,,,16.5383,0.049753,10.123,1.0,jhk,,,,,,,,,,,,,,,,,,276.08718831907,-13.03838383078,18.26677484206769,-0.0358767475186791,[80],['hlsp_tess-spoc_tess_phot_0000000332748340-s0080_tess_v1_lc.fits']
0.329561,OGLE-LMC-LPV-60189,3,82.15279166666666,-69.33452777777778,279959343,82.15296998027,-69.33446129189,0,,,05283670-6920040,0,J052836.71-692004.0,4658049262746947328,0,0,STAR,tmgaia2,tmgaia2,1.645,0.091,0.063,0.125,gaia2,-0.0696,0.0643,,,14.0032,0.057333,12.552,0.058,rered,gaia2,3054.0,122.0,,,,,,,,,5807.97,1174.54,0.2555,0.0,1031.89,1317.18,82.15299005379,-69.33446102023,-80.11787919380946,-32.52723178738484,"[61, 62, 63, 64, 65, 67, 68, 69, 66]","['hlsp_tess-spoc_tess_phot_0000000279959343-s0061_tess_v1_lc.fits', 'hlsp_tess-spoc_tess_phot_0000000279959343-s0062_tess_v1_lc.fits', 'hlsp_tess-spoc_tess_phot_0000000279959343-s0063_tess_v1_lc.fits', 'hlsp_tess-spoc_tess_phot_0000000279959343-s0064_tess_v1_lc.fits', 'hlsp_tess-spoc_tess_phot_0000000279959343-s0065_tess_v1_lc.fits', 'hlsp_tess-spoc_tess_phot_0000000279959343-s0067_tess_v1_lc.fits', 'hlsp_tess-spoc_tess_phot_0000000279959343-s0068_tess_v1_lc.fits', 'hlsp_tess-spoc_tess_phot_0000000279959343-s0069_tess_v1_lc.fits', 'hlsp_tess-spoc_tess_phot_0000000279959343-s0066_tess_v1_lc.fits']"
0.122094,OGLE-GD-LPV-003503,4,195.8754583333333,-63.658277777777776,439367308,195.87541012004,-63.65825146149,0,,132-079583,13033011-6339296,0,J130330.10-633929.8,5862310577287617664,30861524,0,STAR,tmgaia2,tmgaia2,-10.088,0.171,-4.898,0.196,gaia2,0.8962,0.1298,15.674,0.08,11.9379,0.035357,9.943,0.04,rered,gaia2,,,,,,,,,,,1110.18,176.837,0.6733,0.1003,149.803,203.87,195.87531223005,-63.65827255082,-55.73017224393818,-0.8178734189012082,"[64, 65]","['hlsp_tess-spoc_tess_phot_0000000439367308-s0064_tess_v1_lc.fits', 'hlsp_tess-spoc_tess_phot_0000000439367308-s0065_tess_v1_lc.fits']"
0.136762,OGLE-BLG-LPV-263082,4,276.01691666666665,-12.276527777777778,332594649,276.01689761133,-12.27656089139,0,,,18240406-1216355,0,J182404.05-121634.7,4153234204188671616,0,0,STAR,tmgaia2,tmgaia2,,,,,,,,,,15.7106,0.107758,9.96,1.0,jhk,,,,,,,,,,,,,,,,,,276.01689761133,-12.27656089139,18.907947364623684,0.3812460204855624,[80],['hlsp_tess-spoc_tess_phot_0000000332594649-s0080_tess_v1_lc.fits']
0.02728,OGLE-GD-LPV-017914,4,276.339625,-7.145527777777779,384438328,276.33962033572,-7.14553377809,0,,,18252150-0708439,0,J182521.52-070843.7,4160024444408225536,0,0,STAR,tmgaia2,tmgaia2,,,,,,,,,,14.9801,0.083471,9.831,1.0,jhk,,,,,,,,,,,,,,,,,,276.33962033572,-7.14553377809,23.59538267745071,2.496091451543412,[80],['hlsp_tess-spoc_tess_phot_0000000384438328-s0080_tess_v1_lc.fits']
0.187665,OGLE-GD-LPV-014110,4,249.9245833333333,-51.06036111111111,34895527,249.92450956095,-51.06038493624,0,,,16394189-5103372,0,J163941.90-510337.3,5937262395217633664,0,0,STAR,tmgaia2,tmgaia2,,,,,,,,,,16.3346,0.007965,9.905,1.0,jhk,,,,,,,,,,,,,,,,,,249.92450956095,-51.06038493624,-25.18621591895851,-2.897696231246468,[66],['hlsp_tess-spoc_tess_phot_0000000034895527-s0066_tess_v1_lc.fits']
0.135199,OGLE-GD-LPV-000749,4,143.54762499999998,-56.316750000000006,439513658,143.54757515523,-56.31672457934,0,,,09341142-5619001,0,J093411.43-561900.2,5307092041707068800,0,0,STAR,tmgaia2,tmgaia2,,,,,,,,,,13.7616,0.023251,9.308,1.0,jhk,,,,,,,,,,,,,,,,,,143.54757515523,-56.31672457934,-81.98080688117881,-3.3044029735069684,"[62, 63]","['hlsp_tess-spoc_tess_phot_0000000439513658-s0062_tess_v1_lc.fits', 'hlsp_tess-spoc_tess_phot_0000000439513658-s0063_tess_v1_lc.fits']"
0.164021,OGLE-GD-LPV-019431,4,279.7897083333333,-2.541444444444444,175536436,279.78972033927,-2.54148839874,0,,,18390953-0232292,0,J183909.53-023229.3,4259416550383781760,0,0,STAR,tmgaia2,tmgaia2,,,,,,,,,,15.2719,0.108928,9.713,1.0,jhk,,,,,,,,,,,,,,,,,,279.78972033927,-2.54148839874,29.2692243456342,1.5697842640060131,[80],['hlsp_tess-spoc_tess_phot_0000000175536436-s0080_tess_v1_lc.fits']
0.138581,OGLE-GD-LPV-012521,4,246.60983333333328,-49.95425,6185914,246.60979279309,-49.95427831076,0,,,16262636-4957153,0,J162626.34-495715.3,5934609204884802304,0,0,STAR,tmgaia2,tmgaia2,,,,,,,,,,15.217,0.004877,9.906,1.0,jhk,,,,,,,,,,,,,,,,,,246.60979279309,-49.95427831076,-25.80981040011621,-0.600374860557423,[66],['hlsp_tess-spoc_tess_phot_0000000006185914-s0066_tess_v1_lc.fits']
0.098537,OGLE-GD-LPV-008824,4,233.1197083333333,-59.39363888888889,283386084,233.1196664631,-59.39362172075,0,,,15322873-5923370,0,J153228.68-592337.1,5881805773115671936,0,0,STAR,tmgaia2,tmgaia2,,,,,,,,,,13.3227,0.012589,8.979,1.0,jhk,,,,,,,,,,,,,,,,,,233.1196664631,-59.39362172075,-37.83608190956977,-2.674999737817596,[65],['hlsp_tess-spoc_tess_phot_0000000283386084-s0065_tess_v1_lc.fits']
0.170593,OGLE-GD-LPV-010389,4,240.09341666666663,-45.37177777777778,255419149,240.09335384348,-45.37179503354,0,,,16002242-4522184,0,J160022.40-452218.4,5985269306211262336,0,0,STAR,tmgaia2,tmgaia2,,,,,,,,,,14.9263,0.04138,5.83,1.0,jhk,,,,,,,,,,,,,,,,,,240.09335384348,-45.37179503354,-25.84781336386039,5.73996587682228,"[12, 39, 65]","['hlsp_tess-spoc_tess_phot_0000000255419149-s0012_tess_v1_lc.fits', 'hlsp_tess-spoc_tess_phot_0000000255419149-s0039_tess_v1_lc.fits', 'hlsp_tess-spoc_tess_phot_0000000255419149-s0065_tess_v1_lc.fits']"
0.103749,OGLE-GD-LPV-014783,4,251.22933333333333,-42.64486111111111,235092727,251.2293668292,-42.64487606058,0,,,16445503-4238413,0,J164455.04-423841.6,5967740651309492736,0,0,STAR,tmgaia2,tmgaia2,-5.952,0.441,-5.837,0.332,gaia2,0.9389,0.2749,,,14.562,0.022461,9.767,1.0,jhk,gaia2,,,,,,,,,,,1154.23,622.38,0.685,0.2932,358.651,886.11,251.22933199102,-42.64490119311,-18.26317901307168,1.972009220267101,[66],['hlsp_tess-spoc_tess_phot_0000000235092727-s0066_tess_v1_lc.fits']
0.18403,OGLE-GD-LPV-002761,4,187.32754166666663,-64.12966666666667,450950561,187.32743899685,-64.12964204397,0,,,12291861-6407467,0,J122918.59-640746.6,6053451357962745216,0,0,STAR,tmgaia2,tmgaia2,,,,,,,,,,14.155,0.048297,9.26,1.0,jhk,,,,,,,,,,,,,,,,,,187.32743899685,-64.12964204397,-59.479501470916745,-1.3615723563282758,"[64, 65]","['hlsp_tess-spoc_tess_phot_0000000450950561-s0064_tess_v1_lc.fits', 'hlsp_tess-spoc_tess_phot_0000000450950561-s0065_tess_v1_lc.fits']"
0.073023,OGLE-BLG-LPV-263346,4,276.2467499999999,-14.303666666666668,333752624,276.24673402561,-14.30367977538,0,,,18245921-1418133,0,J182459.21-141813.1,4104298274529689344,0,0,STAR,tmgaia2,tmgaia2,,,,,,,,,,14.4476,0.065882,9.354,1.0,jhk,,,,,,,,,,,,,,,,,,276.24673402561,-14.30367977538,17.220776856433275,-0.764572580364669,[80],['hlsp_tess-spoc_tess_phot_0000000333752624-s0080_tess_v1_lc.fits']
0.083413,OGLE-GD-LPV-019770,4,280.163875,-2.2771944444444445,47223076,280.16386213008,-2.27721371839,0,,,18403933-0216377,0,J184039.32-021637.9,4259518839308607872,0,0,STAR,tmgaia2,tmgaia2,,,,,,,,,,15.138,0.046099,10.271,1.0,jhk,,,,,,,,,,,,,,,,,,280.16386213008,-2.27721371839,29.67538764377684,1.358312400053041,[80],['hlsp_tess-spoc_tess_phot_0000000047223076-s0080_tess_v1_lc.fits']
0.112738,OGLE-GD-LPV-004708,4,207.0194583333333,-65.24638888888889,380952613,207.01938421109,-65.24639306572,0,,,13480466-6514470,0,J134804.66-651447.0,5852217198041890816,0,0,STAR,tmgaia2,tmgaia2,,,,,,,,,,13.6552,0.031998,9.067,1.0,jhk,,,,,,,,,,,,,,,,,,207.01938421109,-65.24639306572,-51.18068238002807,-3.024098194741073,[65],['hlsp_tess-spoc_tess_phot_0000000380952613-s0065_tess_v1_lc.fits']
0.07686,OGLE-LMC-LPV-17881,3,76.61529166666665,-68.20102777777778,31180059,76.61534794765,-68.20102341686,0,,,05062768-6812036,0,J050627.66-681203.6,4661391507494980864,0,0,STAR,tmgaia2,tmgaia2,2.341,0.132,-0.818,0.179,gaia2,-0.0143,0.0937,,,15.1242,0.068021,13.418,0.068,rered,gaia2,,,,,,,,,,,4126.46,939.485,0.5613,0.0,807.41,1071.56,76.61537508966,-68.2010269403,-80.9722690870275,-34.71697316469614,"[61, 62, 63, 64, 65, 67, 68, 69, 66]","['hlsp_tess-spoc_tess_phot_0000000031180059-s0061_tess_v1_lc.fits', 'hlsp_tess-spoc_tess_phot_0000000031180059-s0062_tess_v1_lc.fits', 'hlsp_tess-spoc_tess_phot_0000000031180059-s0063_tess_v1_lc.fits', 'hlsp_tess-spoc_tess_phot_0000000031180059-s0064_tess_v1_lc.fits', 'hlsp_tess-spoc_tess_phot_0000000031180059-s0065_tess_v1_lc.fits', 'hlsp_tess-spoc_tess_phot_0000000031180059-s0067_tess_v1_lc.fits', 'hlsp_tess-spoc_tess_phot_0000000031180059-s0068_tess_v1_lc.fits', 'hlsp_tess-spoc_tess_phot_0000000031180059-s0069_tess_v1_lc.fits', 'hlsp_tess-spoc_tess_phot_0000000031180059-s0066_tess_v1_lc.fits']"
0.145841,OGLE-GD-LPV-024946,4,287.61175,15.167916666666668,396082309,287.61176535185,15.16787896233,0,,,19102682+1510044,0,J191026.81+151004.3,4512748427463060224,0,0,STAR,tmgaia2,tmgaia2,,,,,,,,,,14.4538,0.051153,10.239,1.0,jhk,,,,,,,,,,,,,,,,,,287.61176535185,15.16787896233,48.5746592183285,2.759443374527964,"[80, 81]","['hlsp_tess-spoc_tess_phot_0000000396082309-s0080_tess_v1_lc.fits', 'hlsp_tess-spoc_tess_phot_0000000396082309-s0081_tess_v1_lc.fits']"
0.199527,OGLE-GD-LPV-010470,4,240.4587916666666,-50.76755555555555,275166988,240.45874634225,-50.7676029906,0,,,16015012-5046032,0,J160150.11-504603.5,5981792616077646208,0,0,STAR,tmgaia2,tmgaia2,,,,,,,,,,13.7937,0.028621,8.264,1.0,jhk,,,,,,,,,,,,,,,,,,240.45874634225,-50.7676029906,-29.214946945178443,1.5106910830454507,[65],['hlsp_tess-spoc_tess_phot_0000000275166988-s0065_tess_v1_lc.fits']
0.090899,OGLE-GD-LPV-000281,4,118.58995833333331,-32.11788888888889,151220588,118.58998450339,-32.11787679477,0,,290-029743,07542160-3207044,0,J075421.58-320704.3,5595208210389153536,15533058,0,STAR,tmgaia2,tmgaia2,,,,,,,,12.95,0.05,12.2173,0.030587,8.461,0.116,vjk,,,,,,,,,,,,,,,,,,118.58998450339,-32.11787679477,-111.7372812420544,-2.1817968707066524,[61],['hlsp_tess-spoc_tess_phot_0000000151220588-s0061_tess_v1_lc.fits']
0.105946,OGLE-GD-LPV-013260,4,248.315125,-48.76622222222223,21922647,248.31515724175,-48.76624258067,0,,207-120661,16331564-4845584,0,J163315.66-484558.4,5940734274932830080,0,0,STAR,tmgaia2,tmgaia2,,,,,,,,14.171,0.08,12.0148,0.009712,9.478,0.048,vjk,,,,,,,,,,,,,,,,,,248.31515724175,-48.76624258067,-24.1835138973851,-0.5885686337935004,[66],['hlsp_tess-spoc_tess_phot_0000000021922647-s0066_tess_v1_lc.fits']
0.178008,OGLE-GD-LPV-010069,4,238.58,-55.58625,84511537,238.57991256869,-55.58625181777,0,,,15541918-5535105,0,J155419.17-553510.4,5884523735836015104,0,0,STAR,tmgaia2,tmgaia2,,,,,,,,,,14.9631,0.016962,9.902,1.0,jhk,,,,,,,,,,,,,,,,,,238.57991256869,-55.58625181777,-33.19246007417759,-1.4330909880083855,[65],['hlsp_tess-spoc_tess_phot_0000000084511537-s0065_tess_v1_lc.fits']
0.126727,OGLE-BLG-LPV-260534,4,273.62137499999994,-15.96561111111111,110400710,273.62135551434,-15.96564091417,0,,,18142913-1557561,0,J181429.14-155755.8,4145719488902087040,0,0,STAR,tmgaia2,tmgaia2,,,,,,,,,,15.1549,0.049247,10.164,1.0,jhk,,,,,,,,,,,,,,,,,,273.62135551434,-15.96564091417,14.558927079207283,0.6842602711448964,[80],['hlsp_tess-spoc_tess_phot_0000000110400710-s0080_tess_v1_lc.fits']
0.19024,OGLE-BLG-LPV-255795,4,269.5971666666666,-13.608027777777778,211874888,269.59712840481,-13.60806532257,0,,,17582330-1336290,0,J175823.31-133628.9,4150171995605211392,0,0,STAR,tmgaia2,tmgaia2,,,,,,,,,,14.6567,0.041738,9.913,1.0,jhk,,,,,,,,,,,,,,,,,,269.59712840481,-13.60806532257,14.73005575290069,5.230180973812479,[80],['hlsp_tess-spoc_tess_phot_0000000211874888-s0080_tess_v1_lc.fits']
0.18556,OGLE-GD-LPV-017729,4,275.52604166666663,-6.010861111111111,17702665,275.52603944913,-6.01091260842,0,,,18220625-0600393,0,J182206.25-060039.1,4161091073759997696,0,0,STAR,tmgaia2,tmgaia2,,,,,,,,,,14.2419,0.069854,9.689,1.0,jhk,,,,,,,,,,,,,,,,,,275.52603944913,-6.01091260842,24.22370555862244,3.739904556140535,[80],['hlsp_tess-spoc_tess_phot_0000000017702665-s0080_tess_v1_lc.fits']
0.098557,OGLE-GD-LPV-000191,4,109.36741666666666,-24.28711111111112,66508160,109.3673882389,-24.2871199469,0,,,07172817-2417135,0,J071728.25-241713.7,5617701057188078976,0,0,STAR,tmgaia2,tmgaia2,,,,,,,,,,15.2956,0.07255,10.4,1.0,jhk,,,,,,,,,,,,,,,,,,109.3673882389,-24.2871199469,-122.54439497233682,-5.486197501941344,[61],['hlsp_tess-spoc_tess_phot_0000000066508160-s0061_tess_v1_lc.fits']
0.111319,OGLE-GD-LPV-022878,4,284.0512916666666,13.215,339597402,284.05129208073,13.21496908062,0,,,18561231+1312540,0,J185612.30+131253.8,4505991928493747968,0,0,STAR,tmgaia2,tmgaia2,,,,,,,,,,13.9536,0.03836,9.438,1.0,jhk,,,,,,,,,,,,,,,,,,284.05129208073,13.21496908062,45.25855552371935,4.946145587202252,[80],['hlsp_tess-spoc_tess_phot_0000000339597402-s0080_tess_v1_lc.fits']
0.109792,OGLE-GD-LPV-014273,4,250.25179166666663,-44.47294444444445,232555155,250.25175012957,-44.47295162593,0,,,16410043-4428226,0,J164100.44-442822.4,5943512294134459904,0,0,STAR,tmgaia2,tmgaia2,,,,,,,,,,14.2597,0.051997,9.851,1.0,jhk,,,,,,,,,,,,,,,,,,250.25175012957,-44.47295162593,-20.10768091498605,1.3055429605439983,[66],['hlsp_tess-spoc_tess_phot_0000000232555155-s0066_tess_v1_lc.fits']
0.123442,OGLE-BLG-LPV-235970,4,259.43108333333333,-37.73647222222223,191306267,259.43104254993,-37.73648386345,0,,,17174345-3744113,0,,5973607782786916736,0,0,STAR,tmgaia2,tmgaia2,,,,,,,,,,15.7803,0.041881,9.685,1.0,jhk,,,,,,,,,,,,,,,,,,259.43104254993,-37.73648386345,-10.54628282440762,0.0441064098177546,[66],['hlsp_tess-spoc_tess_phot_0000000191306267-s0066_tess_v1_lc.fits']
0.137118,OGLE-GD-LPV-004831,4,208.00316666666663,-59.196305555555554,208096462,208.00309289812,-59.19630069399,0,,,13520074-5911466,0,J135200.75-591146.5,5870563992627067264,0,0,STAR,tmgaia2,tmgaia2,,,,,,,,,,13.59,0.02357,9.771,1.0,jhk,,,,,,,,,,,,,,,,,,208.00309289812,-59.19630069399,-49.37091616844125,2.767182895816315,[65],['hlsp_tess-spoc_tess_phot_0000000208096462-s0065_tess_v1_lc.fits']
0.058924,OGLE-GD-LPV-003743,4,198.25845833333327,-62.75091666666667,442810750,198.25842441793,-62.75092184096,0,,,13130204-6245033,0,J131301.99-624503.1,5862454132270479744,0,0,STAR,tmgaia2,tmgaia2,,,,,,,,,,15.3273,0.06324,8.341,1.0,jhk,,,,,,,,,,,,,,,,,,198.25842441793,-62.75092184096,-54.598991585122846,0.0172531680197997,"[64, 65]","['hlsp_tess-spoc_tess_phot_0000000442810750-s0064_tess_v1_lc.fits', 'hlsp_tess-spoc_tess_phot_0000000442810750-s0065_tess_v1_lc.fits']"
0.166975,OGLE-BLG-LPV-232568,4,252.95691666666664,-30.33083333333333,32963665,252.95695018964,-30.33086958347,0,,,16514966-3019509,0,J165149.66-301950.9,6028057140483875712,16793330,0,STAR,tmgaia2,tmgaia2,,,,,,,,15.068,0.172,13.4796,0.021,9.635,0.396,vjk,,,,,,,,,,,,,,,,,,252.95695018964,-30.33086958347,-7.859126245277379,8.78254847397528,[66],['hlsp_tess-spoc_tess_phot_0000000032963665-s0066_tess_v1_lc.fits']
0.144858,OGLE-GD-LPV-024092,4,286.1765416666666,10.15725,223594628,286.17657279396,10.15722391673,0,,,19044239+1009261,0,J190442.37+100926.0,4310788825977275520,0,0,STAR,tmgaia2,tmgaia2,,,,,,,,,,14.277,0.032495,10.227,1.0,jhk,,,,,,,,,,,,,,,,,,286.17657279396,10.15722391673,43.47652856779317,1.7033145443781694,[80],['hlsp_tess-spoc_tess_phot_0000000223594628-s0080_tess_v1_lc.fits']
0.120324,OGLE-GD-LPV-025189,4,288.0999166666666,-6.556166666666667,124219653,288.09991815275,-6.55620005735,0,,,19122399-0633223,0,J191223.98-063322.2,4205181249512263424,0,0,STAR,tmgaia2,tmgaia2,,,,,,,,,,14.9931,0.072125,10.096,1.0,jhk,,,,,,,,,,,,,,,,,,288.09991815275,-6.55620005735,29.44735936857429,-7.632510505871375,[80],['hlsp_tess-spoc_tess_phot_0000000124219653-s0080_tess_v1_lc.fits']
0.053002,OGLE-GD-LPV-000045,4,92.424,15.38188888888889,336990756,92.42400497834,15.38187497043,0,,527-021981,06094176+1522547,0,J060941.77+152255.0,3345904631690558208,0,0,STAR,tmgaia2,tmgaia2,,,,,,,,,,12.555,0.029329,8.359,1.0,jhk,,,,,,,,,,,,,,,,,,92.42400497834,15.38187497043,-165.48270748850095,-1.9757894831048983,"[71, 72]","['hlsp_tess-spoc_tess_phot_0000000336990756-s0071_tess_v1_lc.fits', 'hlsp_tess-spoc_tess_phot_0000000336990756-s0072_tess_v1_lc.fits']"
0.307454,OGLE-GD-LPV-010377,4,240.0460833333333,-49.30486111111111,298876617,240.04609247284,-49.30494630683,0,,,16001106-4918178,0,J160011.07-491817.7,5984171993601464832,0,0,STAR,tmgaia2,tmgaia2,,,,,,,,,,15.3349,0.02224,9.968,1.0,jhk,,,,,,,,,,,,,,,,,,240.04609247284,-49.30494630683,-28.45576029690375,2.789047434416768,[65],['hlsp_tess-spoc_tess_phot_0000000298876617-s0065_tess_v1_lc.fits']
0.067867,OGLE-GD-LPV-005072,4,210.221625,-59.9785,326321345,210.22158749294,-59.97850180118,0,,,14005319-5958424,0,J140053.19-595842.2,5867336066976444288,0,0,STAR,tmgaia2,tmgaia2,,,,,,,,,,13.2768,0.022694,7.725,1.0,jhk,,,,,,,,,,,,,,,,,,210.22158749294,-59.97850180118,-48.47764492822711,1.7298564324865695,[65],['hlsp_tess-spoc_tess_phot_0000000326321345-s0065_tess_v1_lc.fits']
0.067106,OGLE-GD-LPV-021861,4,282.6627083333333,-11.370583333333334,151149059,282.66272007249,-11.37059799696,0,,,18503907-1122141,0,J185039.05-112214.0,4106122188219674880,0,0,STAR,tmgaia2,tmgaia2,,,,,,,,,,13.2179,0.03106,9.428,1.0,jhk,,,,,,,,,,,,,,,,,,282.66272007249,-11.37059799696,22.697727880205743,-4.985439358532471,[80],['hlsp_tess-spoc_tess_phot_0000000151149059-s0080_tess_v1_lc.fits']
0.115079,OGLE-GD-LPV-000938,4,151.01091666666665,-57.86480555555556,462329671,151.01085796191,-57.86481239554,0,,,10040262-5751532,0,J100402.67-575152.6,5258479647655584896,0,0,STAR,tmgaia2,tmgaia2,,,,,,,,,,13.981,0.028243,9.555,1.0,jhk,,,,,,,,,,,,,,,,,,151.01085796191,-57.86481239554,-77.86619087538604,-1.9188012922928768,"[63, 64]","['hlsp_tess-spoc_tess_phot_0000000462329671-s0063_tess_v1_lc.fits', 'hlsp_tess-spoc_tess_phot_0000000462329671-s0064_tess_v1_lc.fits']"
0.063279,OGLE-GD-LPV-020489,4,280.9015416666666,-4.269722222222222,185154575,280.90153970869,-4.26973969104,0,,,18433636-0416109,0,,4258230933221481216,0,0,STAR,tmgaia2,tmgaia2,,,,,,,,,,13.83,0.029947,8.793,1.0,jhk,,,,,,,,,,,,,,,,,,280.90153970869,-4.26973969104,28.240030548286587,-0.207757707547754,[80],['hlsp_tess-spoc_tess_phot_0000000185154575-s0080_tess_v1_lc.fits']
0.185269,OGLE-BLG-LPV-264484,4,277.62070833333325,-14.359805555555557,432637271,277.62068861861,-14.35985334419,0,,,18302897-1421353,0,J183028.98-142135.6,4104156197098012288,0,0,STAR,tmgaia2,tmgaia2,,,,,,,,,,14.039,0.057639,9.513,1.0,jhk,,,,,,,,,,,,,,,,,,277.62068861861,-14.35985334419,17.789814690111903,-1.969408383963189,[80],['hlsp_tess-spoc_tess_phot_0000000432637271-s0080_tess_v1_lc.fits']
0.122845,OGLE-GD-LPV-000033,4,87.56091666666666,15.991527777777778,247833145,87.56093136257,15.99149671598,0,,530-018366,05501462+1559293,0,J055014.61+155929.4,3348109358662845440,43107986,0,STAR,tmgaia2,tmgaia2,,,,,,,,17.385,0.172,12.4121,0.039542,10.781,0.053,gbprp,,,,,,,,,,,,,,,,,,87.56093136257,15.99149671598,-168.33200013463303,-5.745729489605703,"[71, 72]","['hlsp_tess-spoc_tess_phot_0000000247833145-s0071_tess_v1_lc.fits', 'hlsp_tess-spoc_tess_phot_0000000247833145-s0072_tess_v1_lc.fits']"
0.048442,OGLE-BLG-LPV-264493,4,277.63854166666664,-11.838444444444445,215359442,277.63853185582,-11.83845387123,0,,,18303325-1150183,0,,4153134457872404352,0,0,STAR,tmgaia2,tmgaia2,,,,,,,,,,13.9115,0.038496,9.196,1.0,jhk,,,,,,,,,,,,,,,,,,277.63853185582,-11.83845387123,20.033890251091567,-0.818392201869176,[80],['hlsp_tess-spoc_tess_phot_0000000215359442-s0080_tess_v1_lc.fits']
0.080397,OGLE-BLG-LPV-234988,4,258.4890416666666,-40.34491666666667,188166816,258.48901540727,-40.34492657575,0,,,17135735-4020419,0,J171357.38-402041.6,5972094133258802816,0,0,STAR,tmgaia2,tmgaia2,3.482,0.329,1.045,0.277,gaia2,0.2239,0.2191,,,14.3419,0.029,9.761,1.0,jhk,gaia2,,,,,,,,,,,3319.24,1816.71,0.9745,0.4072,1259.21,2374.22,258.48903507589,-40.34492207649,-13.094122077158843,-0.8767952633782234,[66],['hlsp_tess-spoc_tess_phot_0000000188166816-s0066_tess_v1_lc.fits']
0.241714,OGLE-BLG-LPV-263548,4,276.4470833333333,-11.429916666666664,384795677,276.44709543132,-11.42998275416,0,,,18254729-1125477,0,J182547.39-112548.6,4153397000624803968,0,0,STAR,tmgaia2,tmgaia2,,,,,,,,,,14.1701,0.02823,8.831,1.0,jhk,,,,,,,,,,,,,,,,,,276.44709543132,-11.42998275416,19.85318408688975,0.4047495033937244,[80],['hlsp_tess-spoc_tess_phot_0000000384795677-s0080_tess_v1_lc.fits']
0.0222,OGLE-GD-LPV-025579,4,288.83775,16.803305555555557,400574623,288.83775640909,16.80330617556,0,,,19152105+1648119,0,J191521.07+164812.0,4513342713462822400,0,0,STAR,tmgaia2,tmgaia2,,,,,,,,,,15.8477,0.046134,10.145,1.0,jhk,,,,,,,,,,,,,,,,,,288.83775640909,16.80330617556,50.571544631287225,2.469257252081652,"[80, 81]","['hlsp_tess-spoc_tess_phot_0000000400574623-s0080_tess_v1_lc.fits', 'hlsp_tess-spoc_tess_phot_0000000400574623-s0081_tess_v1_lc.fits']"
0.159321,OGLE-GD-LPV-025173,4,288.0560833333333,10.524805555555556,205477082,288.05611826199,10.52483347119,0,,,19121346+1031293,0,J191213.48+103129.4,4309369734399086720,0,0,STAR,tmgaia2,tmgaia2,,,,,,,,,,13.288,0.042042,8.679,1.0,jhk,,,,,,,,,,,,,,,,,,288.05611826199,10.52483347119,44.654505530013466,0.231322323552096,"[80, 81]","['hlsp_tess-spoc_tess_phot_0000000205477082-s0080_tess_v1_lc.fits', 'hlsp_tess-spoc_tess_phot_0000000205477082-s0081_tess_v1_lc.fits']"
0.147349,OGLE-GD-LPV-018452,4,277.8380416666666,-7.790388888888889,424442301,277.83802981828,-7.79042809975,0,,,18312112-0747253,0,J183121.15-074725.7,4156774906494083584,0,0,STAR,tmgaia2,tmgaia2,,,,,,,,,,15.4265,0.086858,9.552,1.0,jhk,,,,,,,,,,,,,,,,,,277.83802981828,-7.79042809975,23.71345198905579,0.8807846278846941,[80],['hlsp_tess-spoc_tess_phot_0000000424442301-s0080_tess_v1_lc.fits']
0.040206,OGLE-BLG-LPV-262964,4,275.91025,-11.14675,18987176,275.91026118864,-11.14675205592,0,,,18233846-1108482,0,J182338.48-110848.6,4154124499380326528,0,0,STAR,tmgaia2,tmgaia2,,,,,,,,,,15.4336,0.068575,10.328,1.0,jhk,,,,,,,,,,,,,,,,,,275.91026118864,-11.14675205592,19.857412083257284,1.0025055755666878,[80],['hlsp_tess-spoc_tess_phot_0000000018987176-s0080_tess_v1_lc.fits']
0.137764,OGLE-GD-LPV-004995,4,209.52191666666664,-65.67705555555555,324865730,209.52182469798,-65.67706099036,0,,,13580526-6540373,0,J135805.24-654037.4,5851914832329786624,0,0,STAR,tmgaia2,tmgaia2,,,,,,,,,,13.9572,0.033947,9.968,1.0,jhk,,,,,,,,,,,,,,,,,,209.52182469798,-65.67706099036,-50.27151420968609,-3.6886273229058855,[65],['hlsp_tess-spoc_tess_phot_0000000324865730-s0065_tess_v1_lc.fits']
0.101178,OGLE-GD-LPV-020406,4,280.8077916666666,-6.161611111111111,163065068,280.80776394684,-6.16161662008,0,,,18431387-0609417,0,J184313.86-060941.6,4253408367814675968,0,0,STAR,tmgaia2,tmgaia2,,,,,,,,,,14.5169,0.036456,9.776,1.0,jhk,,,,,,,,,,,,,,,,,,280.80776394684,-6.16161662008,26.514431856402148,-0.9891919056952272,[80],['hlsp_tess-spoc_tess_phot_0000000163065068-s0080_tess_v1_lc.fits']
0.058936,OGLE-GD-LPV-013707,4,249.120625,-47.049527777777776,229625076,249.12061283085,-47.04954189382,0,,,16362895-4702582,0,J163628.94-470258.4,5942800429102574208,0,0,STAR,tmgaia2,tmgaia2,,,,,,,,,,13.7011,0.013869,8.318,1.0,jhk,,,,,,,,,,,,,,,,,,249.12061283085,-47.04954189382,-22.55381565729182,0.1747366470745035,[66],['hlsp_tess-spoc_tess_phot_0000000229625076-s0066_tess_v1_lc.fits']
0.477933,OGLE-LMC-LPV-19063,3,76.8283333333333,-69.38633333333334,31186806,76.8279885114,-69.38627960175,0,,104-007791,05071869-6923106,0,J050718.71-692310.6,4655222010312980736,0,0,STAR,tmgaia2,tmgaia2,2.405,0.129,-0.517,0.174,gaia2,-0.0418,0.0836,16.228,0.126,14.6182,0.020758,13.03,0.022,rered,gaia2,,,,,,,,,,,4618.52,1012.3,0.3999,0.0,877.11,1147.49,76.82801792569,-69.38628182766,-79.59946377345942,-34.353639078689135,[65],['hlsp_tess-spoc_tess_phot_0000000031186806-s0065_tess_v1_lc.fits']
0.144316,OGLE-GD-LPV-024009,4,286.048125,8.425749999999999,223495493,286.04815627774,8.42577549008,0,,,19041156+0825327,0,J190411.56+082532.7,4307494929632393088,0,0,STAR,tmgaia2,tmgaia2,-4.247,0.377,-4.265,0.338,gaia2,0.1418,0.2317,,,13.8173,0.033395,9.254,1.0,jhk,gaia2,,,,,,,,,,,3344.1,1670.21,1.5969,0.5889,1217.46,2122.97,286.04813779201,8.42575712577,41.879015848415854,1.0224482933363312,[80],['hlsp_tess-spoc_tess_phot_0000000223495493-s0080_tess_v1_lc.fits']
0.154741,OGLE-GD-LPV-020030,4,280.4272083333333,-2.5565555555555552,181379857,280.4272209499,-2.55659664982,0,,,18414253-0233235,0,J184142.57-023323.8,4259452009611675904,0,0,STAR,tmgaia2,tmgaia2,,,,,,,,,,14.0962,0.054596,9.836,1.0,jhk,,,,,,,,,,,,,,,,,,280.4272209499,-2.55659664982,29.54725742585411,0.9965759551961278,[80],['hlsp_tess-spoc_tess_phot_0000000181379857-s0080_tess_v1_lc.fits']
0.067952,OGLE-GD-LPV-025145,4,287.9925416666666,2.7962777777777776,181625990,287.99254134229,2.7962589049,0,,,19115821+0247465,0,J191158.20+024746.4,4268218725080429824,0,0,STAR,tmgaia2,tmgaia2,,,,,,,,,,13.9434,0.0503,9.735,1.0,jhk,,,,,,,,,,,,,,,,,,287.99254134229,2.7962589049,37.76794473777567,-3.2840712672215138,[80],['hlsp_tess-spoc_tess_phot_0000000181625990-s0080_tess_v1_lc.fits']
0.077984,OGLE-GD-LPV-016053,4,254.16229166666665,-43.22786111111111,247612911,254.16226894347,-43.22787507953,0,,,16563892-4313402,0,J165639.01-431341.1,5964697787234478464,0,0,STAR,tmgaia2,tmgaia2,,,,,,,,,,14.6204,0.027331,9.413,1.0,jhk,,,,,,,,,,,,,,,,,,254.16226894347,-43.22787507953,-17.34054465183423,-0.0525983791895241,[66],['hlsp_tess-spoc_tess_phot_0000000247612911-s0066_tess_v1_lc.fits']
0.201568,OGLE-GD-LPV-024642,4,287.05945833333334,10.231111111111112,198813662,287.05951448595,10.23110209127,0,,,19081428+1013521,0,J190814.26+101351.8,4312256222999008640,0,0,STAR,tmgaia2,tmgaia2,-4.154,0.419,-7.982,0.398,gaia2,0.1901,0.2189,,,14.646,0.043413,10.266,1.0,jhk,gaia2,,,,,,,,,,,3321.81,1727.7,1.055,0.1747,1226.3,2229.1,287.05949631313,10.23106772368,43.94133887756506,0.9653103622259208,[80],['hlsp_tess-spoc_tess_phot_0000000198813662-s0080_tess_v1_lc.fits']
0.051095,OGLE-GD-LPV-023297,4,284.78475,-2.6004722222222223,330910353,284.78473587743,-2.60047377312,0,,,18590834-0236018,0,J185908.34-023601.7,4261839942713593984,0,0,STAR,tmgaia2,tmgaia2,,,,,,,,,,13.9534,0.046401,9.598,1.0,jhk,,,,,,,,,,,,,,,,,,284.78473587743,-2.60047377312,31.49316335918478,-2.897984219215808,[80],['hlsp_tess-spoc_tess_phot_0000000330910353-s0080_tess_v1_lc.fits']
0.025602,OGLE-GD-LPV-021372,4,281.9769583333333,-5.607611111111111,226178827,281.9769631875,-5.6076058922,0,,,18475447-0536272,0,J184754.46-053627.4,4253360405997985536,0,0,STAR,tmgaia2,tmgaia2,,,,,,,,,,14.2675,0.063057,9.632,1.0,jhk,,,,,,,,,,,,,,,,,,281.9769631875,-5.6076058922,27.538171595828874,-1.7715397470433192,[80],['hlsp_tess-spoc_tess_phot_0000000226178827-s0080_tess_v1_lc.fits']
0.170744,OGLE-GD-LPV-018297,4,277.4356666666667,-9.855611111111113,214271099,277.4356223541,-9.85559257909,0,,,18294455-0951203,0,J182944.56-095120.3,4155861281050739456,0,0,STAR,tmgaia2,tmgaia2,,,,,,,,,,16.0286,0.065192,9.795,1.0,jhk,,,,,,,,,,,,,,,,,,277.4356223541,-9.85559257909,21.698750692433205,0.2769206813020358,[80],['hlsp_tess-spoc_tess_phot_0000000214271099-s0080_tess_v1_lc.fits']
0.11136,OGLE-GD-LPV-018478,4,277.8906666666666,-4.662694444444445,43006978,277.89064734535,-4.66271865239,0,,,18313376-0439457,0,J183133.76-043945.6,4257229690425412096,0,0,STAR,tmgaia2,tmgaia2,,,,,,,,,,15.5003,0.046852,10.074,1.0,jhk,,,,,,,,,,,,,,,,,,277.89064734535,-4.66271865239,26.51290644508905,2.278858575956482,[80],['hlsp_tess-spoc_tess_phot_0000000043006978-s0080_tess_v1_lc.fits']
0.077274,OGLE-BLG-LPV-263377,4,276.27366666666666,-11.783083333333334,20557901,276.27366767121,-11.78310477578,0,,,18250567-1146590,0,J182505.67-114659.0,4153277016425463936,0,0,STAR,tmgaia2,tmgaia2,,,,,,,,,,16.0562,0.014847,9.219,1.0,jhk,,,,,,,,,,,,,,,,,,276.27366767121,-11.78310477578,19.46155395548719,0.3900569624291979,[80],['hlsp_tess-spoc_tess_phot_0000000020557901-s0080_tess_v1_lc.fits']
0.197524,OGLE-GD-LPV-017869,4,276.16687499999995,-5.350305555555555,131504474,276.16689924028,-5.35035483031,0,,,18244005-0521009,0,J182440.05-052101.2,4161236037505221248,0,0,STAR,tmgaia2,tmgaia2,,,,,,,,,,15.0916,0.087084,9.896,1.0,jhk,,,,,,,,,,,,,,,,,,276.16689924028,-5.35035483031,25.106904991458272,3.4829456326096047,[80],['hlsp_tess-spoc_tess_phot_0000000131504474-s0080_tess_v1_lc.fits']
0.080956,OGLE-GD-LPV-010375,4,240.03579166666665,-46.57672222222222,255425593,240.03576561706,-46.57673582636,0,,,16000859-4634362,0,J160008.60-463436.3,5985057920778162944,0,0,STAR,tmgaia2,tmgaia2,,,,,,,,,,15.7955,0.074432,9.834,1.0,jhk,,,,,,,,,,,,,,,,,,240.03576561706,-46.57673582636,-26.671865378702226,4.85665557981035,[65],['hlsp_tess-spoc_tess_phot_0000000255425593-s0065_tess_v1_lc.fits']
0.114774,OGLE-BLG-LPV-261346,4,274.391375,-13.890888888888888,113204812,274.39140753407,-13.89089324496,0,,,18173393-1353271,0,J181733.94-135326.9,4146603461856187904,0,0,STAR,tmgaia2,tmgaia2,,,,,,,,,,16.0779,0.014026,10.253,1.0,jhk,,,,,,,,,,,,,,,,,,274.39140753407,-13.89089324496,16.737924988760607,1.0173977482590562,[80],['hlsp_tess-spoc_tess_phot_0000000113204812-s0080_tess_v1_lc.fits']
0.111598,OGLE-GD-LPV-001449,4,164.4308333333333,-61.83613888888889,465893634,164.4307683555,-61.83613437663,0,,,10574339-6150101,0,J105743.39-615010.2,5241874823094511232,0,0,STAR,tmgaia2,tmgaia2,,,,,,,,,,14.7575,0.058159,9.906,1.0,jhk,,,,,,,,,,,,,,,,,,164.4307683555,-61.83613437663,-70.06031314972806,-1.8671488295764056,"[63, 64]","['hlsp_tess-spoc_tess_phot_0000000465893634-s0063_tess_v1_lc.fits', 'hlsp_tess-spoc_tess_phot_0000000465893634-s0064_tess_v1_lc.fits']"
0.088364,OGLE-BLG-LPV-263177,4,276.1006249999999,-14.001194444444444,332929475,276.10063275169,-14.00121780933,0,,,18242415-1400043,0,,4152357274930571392,0,0,STAR,tmgaia2,tmgaia2,,,,,,,,,,13.9901,0.044608,9.112,1.0,jhk,,,,,,,,,,,,,,,,,,276.10063275169,-14.00121780933,17.42193086364738,-0.4979127403849205,[80],['hlsp_tess-spoc_tess_phot_0000000332929475-s0080_tess_v1_lc.fits']
0.177799,OGLE-GD-LPV-008961,4,233.7435,-53.63077777777778,188717891,233.7434495472,-53.63081707354,0,,,15345844-5337508,0,J153458.43-533750.7,5885579748019450368,0,0,STAR,tmgaia2,tmgaia2,,,,,,,,,,15.3365,0.057333,9.665,1.0,jhk,,,,,,,,,,,,,,,,,,233.7434495472,-53.63081707354,-34.217806025773214,1.824308564403264,[65],['hlsp_tess-spoc_tess_phot_0000000188717891-s0065_tess_v1_lc.fits']
0.150969,OGLE-GD-LPV-017607,4,274.8594166666666,-9.806555555555557,15969235,274.8594303939,-9.80659525002,0,,,18192626-0948237,0,J181926.21-094823.7,4157554009253439616,0,0,STAR,tmgaia2,tmgaia2,,,,,,,,,,14.0554,0.045156,9.609,1.0,jhk,,,,,,,,,,,,,,,,,,274.8594303939,-9.80659525002,20.55570683508444,2.544156379783832,[80],['hlsp_tess-spoc_tess_phot_0000000015969235-s0080_tess_v1_lc.fits']
0.075307,OGLE-GD-LPV-020048,4,280.44504166666667,-9.28661111111111,162060217,280.44502924729,-9.28662806281,0,,,18414680-0917119,0,J184146.79-091711.8,4155400963707643136,0,0,STAR,tmgaia2,tmgaia2,,,,,,,,,,14.7239,0.054772,10.102,1.0,jhk,,,,,,,,,,,,,,,,,,280.44502924729,-9.28662806281,23.569045131837235,-2.0964675719944204,[80],['hlsp_tess-spoc_tess_phot_0000000162060217-s0080_tess_v1_lc.fits']
0.134219,OGLE-BLG-LPV-233783,4,257.01825,-34.977333333333334,43179110,257.01824706339,-34.97737053872,0,,,17080438-3458384,0,J170804.40-345838.3,5977346603427489792,0,0,STAR,tmgaia2,tmgaia2,,,,,,,,,,14.5218,0.001055,9.782,1.0,jhk,,,,,,,,,,,,,,,,,,257.01824706339,-34.97737053872,-9.453756370026309,3.236949156146096,[66],['hlsp_tess-spoc_tess_phot_0000000043179110-s0066_tess_v1_lc.fits']
0.14668,OGLE-BLG-LPV-241081,4,263.11854166666666,-38.63283333333333,267006648,263.11851166053,-38.63286666044,0,,,17322844-3837581,0,J173228.45-383758.4,5961875650165305216,0,0,STAR,tmgaia2,tmgaia2,,,,,,,,,,15.0181,0.086392,8.665,1.0,jhk,,,,,,,,,,,,,,,,,,263.11851166053,-38.63286666044,-9.661983648430612,-2.857856418888547,[66],['hlsp_tess-spoc_tess_phot_0000000267006648-s0066_tess_v1_lc.fits']
0.288461,OGLE-GD-LPV-025311,4,288.2933333333333,5.266055555555556,181982672,288.29337896232,5.26598955533,0,,,19131041+0515577,0,J191310.42+051557.8,4293511748764256640,0,0,STAR,tmgaia2,tmgaia2,,,,,,,,,,13.1602,0.020788,8.974,1.0,jhk,,,,,,,,,,,,,,,,,,288.29337896232,5.26598955533,40.10067164637257,-2.4112938736366623,[80],['hlsp_tess-spoc_tess_phot_0000000181982672-s0080_tess_v1_lc.fits']
0.079231,OGLE-GD-LPV-020378,4,280.77924999999993,-9.78238888888889,162722933,280.77927181404,-9.78238417015,0,,,18430702-0946566,0,J184307.02-094656.6,4155314274079141120,0,0,STAR,tmgaia2,tmgaia2,,,,,,,,,,14.1431,0.053875,9.708,1.0,jhk,,,,,,,,,,,,,,,,,,280.77927181404,-9.78238417015,23.27777000644418,-2.61582126138225,[80],['hlsp_tess-spoc_tess_phot_0000000162722933-s0080_tess_v1_lc.fits']
0.149903,OGLE-GD-LPV-014122,4,249.95141666666663,-50.87283333333333,36164024,249.95136114111,-50.87285583078,0,,,16394832-5052221,0,J163948.35-505222.0,5937271706707428736,0,0,STAR,tmgaia2,tmgaia2,,,,,,,,,,14.0498,0.028065,9.361,1.0,jhk,,,,,,,,,,,,,,,,,,249.95136114111,-50.87285583078,-25.034544442487544,-2.785872466656373,[66],['hlsp_tess-spoc_tess_phot_0000000036164024-s0066_tess_v1_lc.fits']
0.044472,OGLE-GD-LPV-020198,4,280.59554166666663,-9.744083333333332,162507539,280.59555123703,-9.74407535587,0,,,18422292-0944386,0,J184222.89-094438.5,4155304236665114240,0,0,STAR,tmgaia2,tmgaia2,,,,,,,,,,13.8797,0.032976,9.834,1.0,jhk,,,,,,,,,,,,,,,,,,280.59555123703,-9.74407535587,23.22934812282445,-2.4372002906032866,[80],['hlsp_tess-spoc_tess_phot_0000000162507539-s0080_tess_v1_lc.fits']
0.165898,OGLE-GD-LPV-007041,4,223.745125,-57.41927777777777,418005061,223.74504664723,-57.41929631059,0,,,14545882-5725095,0,J145458.79-572509.3,5880797216038800256,0,0,STAR,tmgaia2,tmgaia2,,,,,,,,,,14.5406,0.041223,9.273,1.0,jhk,,,,,,,,,,,,,,,,,,223.74504664723,-57.41929631059,-41.01540178178655,1.5505908970208488,[65],['hlsp_tess-spoc_tess_phot_0000000418005061-s0065_tess_v1_lc.fits']
0.074631,OGLE-GD-LPV-004326,4,203.4967083333333,-61.58122222222222,316759676,203.49667752429,-61.58123687748,0,,,13335921-6134524,0,J133359.35-613452.4,5868775740028952576,0,0,STAR,tmgaia2,tmgaia2,,,,,,,,,,13.4276,0.015134,9.059,1.0,jhk,,,,,,,,,,,,,,,,,,203.49667752429,-61.58123687748,-52.02763166343907,0.8734194039706646,[65],['hlsp_tess-spoc_tess_phot_0000000316759676-s0065_tess_v1_lc.fits']
0.047788,OGLE-GD-LPV-008186,4,230.1564583333333,-56.42072222222222,45621835,230.15643890758,-56.42073001786,0,,,15203754-5625143,0,J152037.54-562514.5,5886348718949448192,0,0,STAR,tmgaia2,tmgaia2,,,,,,,,,,15.7793,0.04216,9.844,1.0,jhk,,,,,,,,,,,,,,,,,,230.15643890758,-56.42073001786,-37.4854413239269,0.6699587462117795,[65],['hlsp_tess-spoc_tess_phot_0000000045621835-s0065_tess_v1_lc.fits']
0.183779,OGLE-GD-LPV-023863,4,285.8290416666666,0.7781944444444445,228710425,285.82902377493,0.77814663221,0,,,19031897+0046416,0,J190318.95+004641.4,4265962389733831808,0,0,STAR,tmgaia2,tmgaia2,,,,,,,,,,14.1677,0.066728,9.774,1.0,jhk,,,,,,,,,,,,,,,,,,285.82902377493,0.77814663221,34.97989706393979,-2.287223874987508,[80],['hlsp_tess-spoc_tess_phot_0000000228710425-s0080_tess_v1_lc.fits']
0.129221,OGLE-GD-LPV-003007,4,190.15491666666665,-61.32336111111111,339036237,190.15484337778,-61.32335392954,0,,,12403718-6119241,0,J124037.19-611924.0,6056249688097655552,0,0,STAR,tmgaia2,tmgaia2,,,,,,,,,,16.1255,0.034269,8.036,1.0,jhk,,,,,,,,,,,,,,,,,,190.15484337778,-61.32335392954,-58.365987664304,1.5211205513648831,"[64, 65]","['hlsp_tess-spoc_tess_phot_0000000339036237-s0064_tess_v1_lc.fits', 'hlsp_tess-spoc_tess_phot_0000000339036237-s0065_tess_v1_lc.fits']"
0.13068,OGLE-GD-LPV-025269,4,288.2144583333333,13.444527777777775,397650920,288.21443432889,13.44449998157,0,,,19125147+1326402,0,J191251.46+132640.6,4320084234737496064,0,0,STAR,tmgaia2,tmgaia2,,,,,,,,,,13.6224,0.00937,9.871,1.0,jhk,,,,,,,,,,,,,,,,,,288.21443432889,13.44449998157,47.31440495183471,1.446019535452149,"[80, 81]","['hlsp_tess-spoc_tess_phot_0000000397650920-s0080_tess_v1_lc.fits', 'hlsp_tess-spoc_tess_phot_0000000397650920-s0081_tess_v1_lc.fits']"
0.080687,OGLE-GD-LPV-018560,4,278.0777083333333,-10.701083333333331,216046700,278.07768588588,-10.70108731265,0,,,18321864-1042038,0,J183218.63-104203.3,4154915460539858176,0,0,STAR,tmgaia2,tmgaia2,-0.224,0.78,-0.825,0.604,gaia2,-1.5062,0.444,,,14.2447,0.02374,8.981,1.0,jhk,gaia2,,,,,,,,,,,5476.21,2558.32,3.3286,1.1432,2044.07,3072.58,278.07768490579,-10.70109086474,21.241610568956126,-0.6743621259521851,[80],['hlsp_tess-spoc_tess_phot_0000000216046700-s0080_tess_v1_lc.fits']
0.08551,OGLE-GD-LPV-009404,4,235.6061666666666,-50.47316666666667,190473061,235.60616233711,-50.47314307435,0,,,15422550-5028234,0,J154225.49-502823.3,5985345481790536448,0,0,STAR,tmgaia2,tmgaia2,,,,,,,,,,14.8595,0.062131,9.376,1.0,jhk,,,,,,,,,,,,,,,,,,235.60616233711,-50.47314307435,-31.417415800469243,3.683639745455177,[65],['hlsp_tess-spoc_tess_phot_0000000190473061-s0065_tess_v1_lc.fits']
0.14177,OGLE-GD-LPV-008371,4,231.13991666666664,-57.3215,47315278,231.13985129035,-57.32151746056,0,,,15243357-5719176,0,J152433.46-571917.3,5883249676708474112,0,0,STAR,tmgaia2,tmgaia2,,,,,,,,,,15.4272,0.073869,9.428,1.0,jhk,,,,,,,,,,,,,,,,,,231.13985129035,-57.32151746056,-37.52615177831102,-0.3781726262074081,[65],['hlsp_tess-spoc_tess_phot_0000000047315278-s0065_tess_v1_lc.fits']
0.052444,OGLE-BLG-LPV-234573,4,258.0571249999999,-39.23683333333334,225266641,258.05712909432,-39.2368475519,0,,,17121371-3914126,0,J171213.71-391412.5,5973046379025481728,0,0,STAR,tmgaia2,tmgaia2,,,,,,,,,,15.3698,0.029994,9.96,1.0,jhk,,,,,,,,,,,,,,,,,,258.05712909432,-39.2368475519,-12.392226091319262,0.04263929946899,[66],['hlsp_tess-spoc_tess_phot_0000000225266641-s0066_tess_v1_lc.fits']
0.198525,OGLE-BLG-LPV-264207,4,277.2036666666666,-13.898833333333332,432327260,277.20363299402,-13.89887774761,0,,,18284888-1353559,0,J182848.88-135355.7,4104382112318195712,0,0,STAR,tmgaia2,tmgaia2,,,,,,,,,,14.7484,0.031362,9.675,1.0,jhk,,,,,,,,,,,,,,,,,,277.20363299402,-13.89887774761,18.01124323600104,-1.397511540757202,[80],['hlsp_tess-spoc_tess_phot_0000000432327260-s0080_tess_v1_lc.fits']
0.147239,OGLE-GD-LPV-018441,4,277.81629166666664,-8.618194444444445,424453375,277.81629277807,-8.61823532951,0,,,18311591-0837053,0,J183115.90-083705.5,4156556344205406848,0,0,STAR,tmgaia2,tmgaia2,-1.085,0.456,0.393,0.389,gaia2,1.7738,0.3796,,,14.8296,0.056037,9.258,1.0,jhk,gaia2,,,,,,,,,,,600.567,198.085,0.908,0.0827,138.675,257.494,277.8162880522,-8.61823363603,22.96948621901064,0.5170201385071276,[80],['hlsp_tess-spoc_tess_phot_0000000424453375-s0080_tess_v1_lc.fits']
0.129969,OGLE-BLG-LPV-264238,4,277.2522083333333,-12.746694444444444,432311441,277.25221458039,-12.74673002914,0,,,18290053-1244480,0,J182900.61-124448.3,4152935137022479232,0,0,STAR,tmgaia2,tmgaia2,,,,,,,,,,15.2028,0.043496,10.171,1.0,jhk,,,,,,,,,,,,,,,,,,277.25221458039,-12.74673002914,19.05402018673448,-0.904848418710532,[80],['hlsp_tess-spoc_tess_phot_0000000432311441-s0080_tess_v1_lc.fits']
0.126015,OGLE-GD-LPV-000664,4,139.87612499999997,-55.25077777777778,386753424,139.87610720798,-55.2507442747,0,,,09193026-5515029,0,J091930.27-551502.6,5310020835767672192,0,0,STAR,tmgaia2,tmgaia2,,,,,,,,,,14.352,0.030146,10.394,1.0,jhk,,,,,,,,,,,,,,,,,,139.87610720798,-55.2507442747,-84.21065814667487,-3.9711736196076592,"[62, 63]","['hlsp_tess-spoc_tess_phot_0000000386753424-s0062_tess_v1_lc.fits', 'hlsp_tess-spoc_tess_phot_0000000386753424-s0063_tess_v1_lc.fits']"
0.114734,OGLE-GD-LPV-016289,4,254.7755833333333,-39.05316666666666,343541209,254.77557679581,-39.05319813028,0,,,16590613-3903114,0,J165906.11-390311.6,5970202148608774272,0,0,STAR,tmgaia2,tmgaia2,,,,,,,,,,13.9563,0.045779,8.89,1.0,jhk,,,,,,,,,,,,,,,,,,254.77557679581,-39.05319813028,-13.783236988029165,2.181819282539184,[66],['hlsp_tess-spoc_tess_phot_0000000343541209-s0066_tess_v1_lc.fits']
0.173561,OGLE-GD-LPV-021506,4,282.153,-5.052666666666666,182508740,282.15296873771,-5.05270347135,0,,,18483671-0503097,0,J184836.71-050309.9,4255072757898349952,0,0,STAR,tmgaia2,tmgaia2,,,,,,,,,,14.1354,0.03524,9.502,1.0,jhk,,,,,,,,,,,,,,,,,,282.15296873771,-5.05270347135,28.11231732364015,-1.6748899553962815,[80],['hlsp_tess-spoc_tess_phot_0000000182508740-s0080_tess_v1_lc.fits']
0.177162,OGLE-GD-LPV-007259,4,224.9888333333333,-55.95686111111112,35805616,224.98877026021,-55.95689538983,0,,,14595732-5557246,0,J145957.28-555724.8,5881278355459720960,0,0,STAR,tmgaia2,tmgaia2,,,,,,,,,,14.8749,0.031343,9.68,1.0,jhk,,,,,,,,,,,,,,,,,,224.98877026021,-55.95689538983,-39.72943594973236,2.52702224569299,[65],['hlsp_tess-spoc_tess_phot_0000000035805616-s0065_tess_v1_lc.fits']
0.14672,OGLE-GD-LPV-010465,4,240.4450833333333,-52.9895,275288664,240.44503879704,-52.98953069676,0,,,16014681-5259221,0,J160146.84-525922.1,5980950939921807744,0,0,STAR,tmgaia2,tmgaia2,,,,,,,,,,16.1307,0.040654,9.038,1.0,jhk,,,,,,,,,,,,,,,,,,240.44503879704,-52.98953069676,-30.68175521076011,-0.1584506139508624,[65],['hlsp_tess-spoc_tess_phot_0000000275288664-s0065_tess_v1_lc.fits']
0.135601,OGLE-GD-LPV-022835,4,283.979875,0.1507777777777777,227320515,283.9798487581,0.15075075617,0,,,18555517+0009028,0,J185555.15+000902.9,4266602992687516288,0,0,STAR,tmgaia2,tmgaia2,,,,,,,,,,14.9733,0.09243,9.538,1.0,jhk,,,,,,,,,,,,,,,,,,283.9798487581,0.15075075617,33.577062455706155,-0.928361529970484,[80],['hlsp_tess-spoc_tess_phot_0000000227320515-s0080_tess_v1_lc.fits']
0.071852,OGLE-BLG-LPV-259767,4,272.9783333333333,-15.670277777777777,107960584,272.97832063501,-15.67029355357,0,,,18115480-1540129,0,,4145799066061667328,0,0,STAR,tmgaia2,tmgaia2,,,,,,,,,,14.6389,0.037726,9.55,1.0,jhk,,,,,,,,,,,,,,,,,,272.97832063501,-15.67029355357,14.521752900688693,1.3688170708059182,[80],['hlsp_tess-spoc_tess_phot_0000000107960584-s0080_tess_v1_lc.fits']
0.133589,OGLE-GD-LPV-001202,4,158.4187083333333,-58.47583333333333,457801600,158.41864622247,-58.47581537881,0,,,10334048-5828328,0,J103340.45-582832.9,5351417345469948416,0,0,STAR,tmgaia2,tmgaia2,,,,,,,,,,13.9033,0.043406,9.708,1.0,jhk,,,,,,,,,,,,,,,,,,158.41864622247,-58.47581537881,-74.26807706093913,-0.2819244113421121,"[63, 64]","['hlsp_tess-spoc_tess_phot_0000000457801600-s0063_tess_v1_lc.fits', 'hlsp_tess-spoc_tess_phot_0000000457801600-s0064_tess_v1_lc.fits']"
0.012767,OGLE-BLG-LPV-262466,4,275.44670833333333,-11.651722222222222,18094765,275.44670935762,-11.65172562368,0,,,18214721-1139061,0,J182147.20-113906.2,4154032415275184256,0,0,STAR,tmgaia2,tmgaia2,,,,,,,,,,14.8449,0.055935,10.447,1.0,jhk,,,,,,,,,,,,,,,,,,275.44670935762,-11.65172562368,19.19817933532964,1.1669469134942072,[80],['hlsp_tess-spoc_tess_phot_0000000018094765-s0080_tess_v1_lc.fits']
0.085451,OGLE-GD-LPV-003186,4,192.1275,-67.27255555555556,329656343,192.12744623543,-67.2725440689,0,,114-062518,12483063-6716209,0,J124830.62-671621.1,5858135697292088320,32766057,0,STAR,tmgaia2,tmgaia2,,,,,,,,14.083,0.078,12.9851,0.01655,8.606,0.306,vjk,,,,,,,,,,,,,,,,,,192.12744623543,-67.2725440689,-57.35170316484747,-4.402420408175741,"[64, 65]","['hlsp_tess-spoc_tess_phot_0000000329656343-s0064_tess_v1_lc.fits', 'hlsp_tess-spoc_tess_phot_0000000329656343-s0065_tess_v1_lc.fits']"
0.088746,OGLE-GD-LPV-025220,4,288.14899999999994,13.83625,397293863,288.14901369236,13.83622924087,0,,,19123575+1350104,0,J191235.77+135010.4,4320160410284685056,0,0,STAR,tmgaia2,tmgaia2,,,,,,,,,,15.0852,0.028656,10.42,1.0,jhk,,,,,,,,,,,,,,,,,,288.14901369236,13.83622924087,47.632341349570815,1.6836847476965353,[80],['hlsp_tess-spoc_tess_phot_0000000397293863-s0080_tess_v1_lc.fits']
0.068104,OGLE-GD-LPV-023754,4,285.65175,-0.7943888888888889,307511641,285.65174022423,-0.79437269225,0,,,19023642-0047397,0,J190236.42-004739.6,4265488946936153344,0,0,STAR,tmgaia2,tmgaia2,,,,,,,,,,14.9162,0.074686,10.165,1.0,jhk,,,,,,,,,,,,,,,,,,285.65174022423,-0.79437269225,33.49826424716182,-2.847255125934362,[80],['hlsp_tess-spoc_tess_phot_0000000307511641-s0080_tess_v1_lc.fits']
0.14493,OGLE-GD-LPV-021276,4,281.8664166666667,-1.5081944444444444,226080400,281.86639463007,-1.50822814097,0,,,18472794-0130292,1237668689048371575,J184727.92-013029.7,4260003345940327040,0,0,STAR,tmgaia2,tmgaia2,,,,,,,,,,15.6178,0.062131,9.617,1.0,jhk,,,,,,,,,,,,,,,,,,281.86639463007,-1.50822814097,31.136860759195645,0.1958297744761365,[80],['hlsp_tess-spoc_tess_phot_0000000226080400-s0080_tess_v1_lc.fits']
0.096532,OGLE-GD-LPV-011124,4,242.703,-53.83675,215863923,242.7029589111,-53.83676145183,0,,,16104870-5350122,0,J161048.70-535012.2,5932641521432446848,0,0,STAR,tmgaia2,tmgaia2,,,,,,,,,,15.0733,0.026168,9.4,1.0,jhk,,,,,,,,,,,,,,,,,,242.7029589111,-53.83676145183,-30.2478945991551,-1.6883200582952946,[65],['hlsp_tess-spoc_tess_phot_0000000215863923-s0065_tess_v1_lc.fits']
0.10367,OGLE-GD-LPV-005590,4,214.41054166666663,-63.13019444444444,335974172,214.41048831825,-63.13021018973,0,,,14173852-6307487,0,J141738.56-630748.8,5853764142159620864,0,0,STAR,tmgaia2,tmgaia2,,,,,,,,,,15.4387,0.035058,9.752,1.0,jhk,,,,,,,,,,,,,,,,,,214.41048831825,-63.13021018973,-47.50642298493112,-1.8699693044875725,[65],['hlsp_tess-spoc_tess_phot_0000000335974172-s0065_tess_v1_lc.fits']
0.021097,OGLE-GD-LPV-009335,4,235.336125,-58.72355555555556,279307544,235.33611418494,-58.72355387683,0,,,15412066-5843248,0,J154120.72-584324.4,5881906382790157568,0,0,STAR,tmgaia2,tmgaia2,,,,,,,,,,13.0194,0.015845,9.27,1.0,jhk,,,,,,,,,,,,,,,,,,235.33611418494,-58.72355387683,-36.51903022430248,-2.8045019823667467,[65],['hlsp_tess-spoc_tess_phot_0000000279307544-s0065_tess_v1_lc.fits']
0.071121,OGLE-GD-LPV-009871,4,237.72075,-49.13625,279102962,237.72071980461,-49.13624997878,0,,,15505297-4908104,0,J155052.99-490810.4,5982966825795250560,0,0,STAR,tmgaia2,tmgaia2,,,,,,,,,,13.6624,0.019411,9.644,1.0,jhk,,,,,,,,,,,,,,,,,,237.72071980461,-49.13624997878,-29.51441589635473,3.892700285925194,[65],['hlsp_tess-spoc_tess_phot_0000000279102962-s0065_tess_v1_lc.fits']
0.233486,OGLE-GD-LPV-008151,4,230.00804166666663,-65.70547222222223,455773638,230.00789567837,-65.70549669314,0,,,15200191-6542196,0,J152001.86-654219.5,5824927594268087040,0,0,STAR,tmgaia2,tmgaia2,,,,,,,,,,13.6498,0.026449,8.924,1.0,jhk,,,,,,,,,,,,,,,,,,230.00789567837,-65.70549669314,-42.56815695545291,-7.108156559727109,[65],['hlsp_tess-spoc_tess_phot_0000000455773638-s0065_tess_v1_lc.fits']
0.090582,OGLE-BLG-LPV-233456,4,256.533875,-37.34088888888889,377404325,256.53385514984,-37.3409084861,0,,,17060811-3720272,0,J170608.13-372027.2,5976449573702498432,0,0,STAR,tmgaia2,tmgaia2,,,,,,,,,,14.9758,0.038216,10.075,1.0,jhk,,,,,,,,,,,,,,,,,,256.53385514984,-37.3409084861,-11.582033193224971,2.13250550892852,[66],['hlsp_tess-spoc_tess_phot_0000000377404325-s0066_tess_v1_lc.fits']
0.053177,OGLE-BLG-LPV-261229,4,274.2833333333333,-10.558222222222224,14383203,274.28332966513,-10.55823654654,0,,,18170799-1033297,0,J181707.97-103330.0,4157398879359317376,0,0,STAR,tmgaia2,tmgaia2,,,,,,,,,,14.482,0.073125,9.94,1.0,jhk,,,,,,,,,,,,,,,,,,274.28332966513,-10.55823654654,19.62444400038851,2.6892620548522674,[80],['hlsp_tess-spoc_tess_phot_0000000014383203-s0080_tess_v1_lc.fits']
0.165601,OGLE-GD-LPV-024961,4,287.6397083333333,15.668583333333332,396086645,287.63968913458,15.66854121067,0,,,19103352+1540069,0,J191033.52+154007.0,4512805017955917696,0,0,STAR,tmgaia2,tmgaia2,,,,,,,,,,15.2654,0.038676,10.037,1.0,jhk,,,,,,,,,,,,,,,,,,287.63968913458,15.66854121067,49.032224685645,2.9657193315785486,"[80, 81]","['hlsp_tess-spoc_tess_phot_0000000396086645-s0080_tess_v1_lc.fits', 'hlsp_tess-spoc_tess_phot_0000000396086645-s0081_tess_v1_lc.fits']"
0.085878,OGLE-GD-LPV-006666,4,221.7790416666666,-60.07852777777778,292883193,221.77900784435,-60.07854464303,0,,,14470697-6004426,0,J144706.96-600442.7,5878161171262789248,0,0,STAR,tmgaia2,tmgaia2,,,,,,,,,,14.9719,0.002159,9.896,1.0,jhk,,,,,,,,,,,,,,,,,,221.77900784435,-60.07854464303,-43.10941579898976,-0.3797386563700757,[65],['hlsp_tess-spoc_tess_phot_0000000292883193-s0065_tess_v1_lc.fits']
0.076608,OGLE-GD-LPV-010087,4,238.672,-50.10216666666667,286269034,238.67196683455,-50.10216612059,0,,,15544127-5006076,0,J155441.30-500607.7,5982585673213485440,0,0,STAR,tmgaia2,tmgaia2,,,,,,,,,,14.4555,0.027457,9.776,1.0,jhk,,,,,,,,,,,,,,,,,,238.67196683455,-50.10216612059,-29.650557623118168,2.7550384454758,[65],['hlsp_tess-spoc_tess_phot_0000000286269034-s0065_tess_v1_lc.fits']
0.144139,OGLE-GD-LPV-000434,4,128.27433333333332,-38.70597222222222,184984903,128.27430172926,-38.70594068121,0,,,08330584-3842214,0,J083305.84-384221.3,5529525962723355392,0,0,STAR,tmgaia2,tmgaia2,,,,,,,,,,14.2747,0.034267,9.958,1.0,jhk,,,,,,,,,,,,,,,,,,128.27430172926,-38.70594068121,-101.88982695789868,0.7406966725369521,"[61, 62]","['hlsp_tess-spoc_tess_phot_0000000184984903-s0061_tess_v1_lc.fits', 'hlsp_tess-spoc_tess_phot_0000000184984903-s0062_tess_v1_lc.fits']"
0.138404,OGLE-BLG-LPV-260494,4,273.590375,-15.307666666666668,110391781,273.59036711255,-15.30770435196,0,,,18142169-1518277,0,J181421.75-151827.8,4145838407964454016,0,0,STAR,tmgaia2,tmgaia2,,,,,,,,,,14.9888,0.018696,10.029,1.0,jhk,,,,,,,,,,,,,,,,,,273.59036711255,-15.30770435196,15.122736535269024,1.0248077746090611,[80],['hlsp_tess-spoc_tess_phot_0000000110391781-s0080_tess_v1_lc.fits']
0.064242,OGLE-GD-LPV-019412,4,279.77170833333327,-7.951833333333333,7881976,279.77170354783,-7.95185053735,0,,,18390522-0757065,0,J183905.20-075706.4,4252555185477479552,0,0,STAR,tmgaia2,tmgaia2,,,,,,,,,,16.0995,0.096967,9.878,1.0,jhk,,,,,,,,,,,,,,,,,,279.77170354783,-7.95185053735,24.4518711736891,-0.8939774359243992,[80],['hlsp_tess-spoc_tess_phot_0000000007881976-s0080_tess_v1_lc.fits']
0.131344,OGLE-GD-LPV-020759,4,281.20125,-4.514861111111111,225476662,281.20127733153,-4.51488537486,0,,,18444830-0430535,0,J184448.29-043053.7,4258173415015319936,0,0,STAR,tmgaia2,tmgaia2,-4.799,0.63,-3.231,0.577,gaia2,0.622,0.4431,,,16.2335,0.099431,10.211,1.0,jhk,gaia2,,,,,,,,,,,2247.32,1845.98,0.992,0.1938,1115.31,2576.65,281.20125660585,-4.51489928581,28.15846706539271,-0.5855657476437759,[80],['hlsp_tess-spoc_tess_phot_0000000225476662-s0080_tess_v1_lc.fits']
0.095516,OGLE-GD-LPV-007670,4,227.26391666666663,-61.45238888888889,454774108,227.26386241714,-61.45239453114,0,,,15090332-6127087,0,J150903.32-612708.3,5876099552661603584,0,0,STAR,tmgaia2,tmgaia2,,,,,,,,,,14.7196,0.03238,8.676,1.0,jhk,,,,,,,,,,,,,,,,,,227.26386241714,-61.45239453114,-41.38267259303157,-2.8447919355227365,[65],['hlsp_tess-spoc_tess_phot_0000000454774108-s0065_tess_v1_lc.fits']
0.086849,OGLE-GD-LPV-020148,4,280.5444583333333,-8.891138888888888,162498051,280.54447838411,-8.89115265752,0,,,18421066-0853282,0,J184210.69-085328.1,4251681279955508352,0,0,STAR,tmgaia2,tmgaia2,,,,,,,,,,14.1784,0.043834,8.985,1.0,jhk,,,,,,,,,,,,,,,,,,280.54447838411,-8.89115265752,23.965989442695324,-2.003343287839498,[80],['hlsp_tess-spoc_tess_phot_0000000162498051-s0080_tess_v1_lc.fits']
0.118137,OGLE-GD-LPV-003373,4,194.4443333333333,-63.54197222222222,437398105,194.44426001648,-63.5419753584,0,,,12574662-6332312,0,J125746.59-633230.9,5862746975992864000,0,0,STAR,tmgaia2,tmgaia2,,,,,,,,,,13.4381,0.027607,9.86,1.0,jhk,,,,,,,,,,,,,,,,,,194.44426001648,-63.5419753584,-56.36197751506926,-0.6789162831667123,"[64, 65]","['hlsp_tess-spoc_tess_phot_0000000437398105-s0064_tess_v1_lc.fits', 'hlsp_tess-spoc_tess_phot_0000000437398105-s0065_tess_v1_lc.fits']"
0.140371,OGLE-GD-LPV-025499,4,288.68466666666666,10.904472222222225,208979855,288.68464898547,10.90443730883,0,,,19144433+1054162,0,J191444.29+105415.7,4309761126177727616,0,0,STAR,tmgaia2,tmgaia2,,,,,,,,,,15.6904,0.018262,9.259,1.0,jhk,,,,,,,,,,,,,,,,,,288.68464898547,10.90443730883,45.27737633296594,-0.1396740439280619,"[80, 81]","['hlsp_tess-spoc_tess_phot_0000000208979855-s0080_tess_v1_lc.fits', 'hlsp_tess-spoc_tess_phot_0000000208979855-s0081_tess_v1_lc.fits']"
0.108629,OGLE-GD-LPV-016299,4,254.8177083333333,-40.05280555555555,343530750,254.81767412184,-40.0527905642,0,,,16591623-4003101,0,,5967090015291940736,0,0,STAR,tmgaia2,tmgaia2,-0.342,0.482,-2.196,0.321,gaia2,0.0219,0.2736,,,15.5116,0.040114,9.809,1.0,jhk,gaia2,,,,,,,,,,,3829.76,2011.96,14.703,4.5967,1496.51,2527.41,254.81767219904,-40.05280001859,-14.549043842224332,1.538005184169477,[66],['hlsp_tess-spoc_tess_phot_0000000343530750-s0066_tess_v1_lc.fits']
0.058982,OGLE-GD-LPV-025427,4,288.52725,5.155222222222222,182339750,288.52725444348,5.15520644729,0,,,19140655+0509190,0,J191406.53+050918.5,4293494676301419008,0,0,STAR,tmgaia2,tmgaia2,,,,,,,,,,15.0562,0.043596,10.171,1.0,jhk,,,,,,,,,,,,,,,,,,288.52725444348,5.15520644729,40.11011605510619,-2.669093600841672,[80],['hlsp_tess-spoc_tess_phot_0000000182339750-s0080_tess_v1_lc.fits']
0.167192,OGLE-GD-LPV-007091,4,223.9550833333333,-61.39730555555556,296667297,223.95499477708,-61.39732451775,0,,144-148469,14554921-6123501,0,J145549.23-612350.1,5874798864771077632,31162291,0,STAR,tmgaia2,tmgaia2,,,,,,,,16.66,0.263,12.724,0.012852,9.401,0.034,vjk,,,,,,,,,,,,,,,,,,223.95499477708,-61.39732451775,-42.744005709158685,-2.033964109792651,[65],['hlsp_tess-spoc_tess_phot_0000000296667297-s0065_tess_v1_lc.fits']
0.143491,OGLE-BLG-LPV-240246,4,262.7772083333333,-38.26533333333333,175724419,262.77719002584,-38.26537050983,0,,,17310652-3815553,0,J173106.50-381554.9,5962086683333320448,0,0,STAR,tmgaia2,tmgaia2,,,,,,,,,,13.9182,0.072644,8.924,1.0,jhk,,,,,,,,,,,,,,,,,,262.77719002584,-38.26537050983,-9.499964172820327,-2.4332146536945234,[66],['hlsp_tess-spoc_tess_phot_0000000175724419-s0066_tess_v1_lc.fits']
0.100422,OGLE-GD-LPV-013302,4,248.4017083333333,-44.419,228343654,248.40169696119,-44.41902668626,0,,,16333641-4425083,0,J163336.41-442508.2,5944262264164119168,0,0,STAR,tmgaia2,tmgaia2,,,,,,,,,,13.8395,0.001459,9.735,1.0,jhk,,,,,,,,,,,,,,,,,,248.40169696119,-44.41902668626,-20.95318043624404,2.322007426818552,[66],['hlsp_tess-spoc_tess_phot_0000000228343654-s0066_tess_v1_lc.fits']
0.11906,OGLE-GD-LPV-012068,4,245.3723333333333,-52.90519444444444,215606126,245.37229422945,-52.905217629,0,,,16212936-5254186,0,J162129.36-525418.6,5933851710162548992,0,0,STAR,tmgaia2,tmgaia2,,,,,,,,,,14.3269,0.042721,9.609,1.0,jhk,,,,,,,,,,,,,,,,,,245.37229422945,-52.905217629,-28.45380036076301,-2.122304437202903,[66],['hlsp_tess-spoc_tess_phot_0000000215606126-s0066_tess_v1_lc.fits']
0.072715,OGLE-GD-LPV-004286,4,203.10441666666665,-61.99925,315658000,203.10438486254,-61.9992363972,0,,,13322507-6159572,0,J133225.06-615957.2,5868374658807404160,0,0,STAR,tmgaia2,tmgaia2,,,,,,,,,,13.7491,0.037179,9.572,1.0,jhk,,,,,,,,,,,,,,,,,,203.10438486254,-61.9992363972,-52.278084931893375,0.4907780489018588,[65],['hlsp_tess-spoc_tess_phot_0000000315658000-s0065_tess_v1_lc.fits']
0.10566,OGLE-GD-LPV-005562,4,214.131625,-58.66313888888889,411159076,214.13157810086,-58.66315521419,0,,,14163159-5839471,0,J141631.51-583947.2,5891852255702007808,0,0,STAR,tmgaia2,tmgaia2,,,,,,,,,,13.8112,0.025622,9.875,1.0,jhk,,,,,,,,,,,,,,,,,,214.13157810086,-58.66315521419,-46.18265824658963,2.398682067856155,[65],['hlsp_tess-spoc_tess_phot_0000000411159076-s0065_tess_v1_lc.fits']
0.08472,OGLE-BLG-LPV-239145,4,262.1146666666666,-34.151583333333335,161542016,262.11465236878,-34.15160367584,0,,,17282752-3409057,0,J172827.52-340905.7,5975941083898887040,0,0,STAR,tmgaia2,tmgaia2,,,,,,,,,,15.8185,0.033444,9.858,1.0,jhk,,,,,,,,,,,,,,,,,,262.11465236878,-34.15160367584,-6.361590762977907,0.2805157037392471,[66],['hlsp_tess-spoc_tess_phot_0000000161542016-s0066_tess_v1_lc.fits']
0.074474,OGLE-GD-LPV-016762,4,256.28441666666663,-44.404777777777774,124664019,256.28441337206,-44.40479833058,0,,,17050826-4424172,0,J170508.29-442417.1,5963780382211890816,0,0,STAR,tmgaia2,tmgaia2,,,,,,,,,,13.1884,0.020145,8.523,1.0,jhk,,,,,,,,,,,,,,,,,,256.28441337206,-44.40479833058,-17.32702300740474,-1.983719507794251,[66],['hlsp_tess-spoc_tess_phot_0000000124664019-s0066_tess_v1_lc.fits']
0.160575,OGLE-GD-LPV-006331,4,219.5870833333333,-57.803888888888885,430777374,219.58700158236,-57.80389849037,0,,,14382089-5748139,0,J143820.89-574814.0,5891431692523975296,0,0,STAR,tmgaia2,tmgaia2,,,,,,,,,,14.3976,0.0372,10.141,1.0,jhk,,,,,,,,,,,,,,,,,,219.58700158236,-57.80389849037,-43.19303481931836,2.1588015634186166,[65],['hlsp_tess-spoc_tess_phot_0000000430777374-s0065_tess_v1_lc.fits']
0.106323,OGLE-GD-LPV-020165,4,280.56066666666663,-6.452111111111111,162280605,280.56067501185,-6.45213945717,0,,,18421456-0627075,0,J184214.56-062707.7,4253370473314502528,0,0,STAR,tmgaia2,tmgaia2,,,,,,,,,,14.5612,0.069053,9.505,1.0,jhk,,,,,,,,,,,,,,,,,,280.56067501185,-6.45213945717,26.143738844551063,-0.9034708880923068,[80],['hlsp_tess-spoc_tess_phot_0000000162280605-s0080_tess_v1_lc.fits']
0.128668,OGLE-BLG-LPV-234916,4,258.4167083333333,-31.69377777777778,47028374,258.41670340376,-31.69381327192,0,,292-123122,17134002-3141376,0,J171340.00-314137.7,5980534225020053376,16860734,0,STAR,tmgaia2,tmgaia2,,,,,,,,14.136,0.09,11.9709,0.020916,9.148,0.129,vjk,,,,,,,,,,,,,,,,,,258.41670340376,-31.69381327192,-6.106293482043341,4.231056248491145,[66],['hlsp_tess-spoc_tess_phot_0000000047028374-s0066_tess_v1_lc.fits']
0.156626,OGLE-GD-LPV-009955,4,238.04058333333333,-53.86461111111111,281007250,238.04051441479,-53.86462664173,0,,,15520973-5351525,0,,5884965155362433920,0,0,STAR,tmgaia2,tmgaia2,,,,,,,,,,14.7097,0.050079,8.735,1.0,jhk,,,,,,,,,,,,,,,,,,238.04051441479,-53.86462664173,-32.34114357431427,0.0954474408816337,[65],['hlsp_tess-spoc_tess_phot_0000000281007250-s0065_tess_v1_lc.fits']
0.115543,OGLE-GD-LPV-007537,4,226.5700416666666,-56.31019444444444,38431091,226.57000506966,-56.31021930435,0,,,15061681-5618367,0,J150616.80-561836.5,5880562298497559040,0,0,STAR,tmgaia2,tmgaia2,,,,,,,,,,14.3744,0.042377,9.965,1.0,jhk,,,,,,,,,,,,,,,,,,226.57000506966,-56.31021930435,-39.12898233629868,1.7913749409212671,[65],['hlsp_tess-spoc_tess_phot_0000000038431091-s0065_tess_v1_lc.fits']
0.132237,OGLE-GD-LPV-025457,4,288.60412499999995,5.004222222222222,182375626,288.60412140011,5.00418566532,0,,476-092135,19142498+0500149,0,J191424.98+050015.0,4293301742044243072,0,0,STAR,tmgaia2,tmgaia2,-2.623,0.263,-1.167,0.24,gaia2,0.352,0.1593,17.113,0.183,12.4132,0.015304,10.436,0.03,rered,gaia2,,,,,,,,,,,2631.16,1238.28,0.6619,0.1394,824.59,1651.96,288.60411006554,5.00418064142,40.01154768305841,-2.806828425057381,[80],['hlsp_tess-spoc_tess_phot_0000000182375626-s0080_tess_v1_lc.fits']
0.153425,OGLE-GD-LPV-019942,4,280.334375,-6.366138888888888,203639683,280.33437842086,-6.366181371,0,,,18412025-0621581,0,J184120.22-062158.5,4253387172226924288,0,0,STAR,tmgaia2,tmgaia2,,,,,,,,,,13.3166,0.047499,8.866,1.0,jhk,,,,,,,,,,,,,,,,,,280.33437842086,-6.366181371,26.117340620687568,-0.6641712580882817,[80],['hlsp_tess-spoc_tess_phot_0000000203639683-s0080_tess_v1_lc.fits']
0.101158,OGLE-GD-LPV-022720,4,283.7969166666666,-3.5651666666666664,56571415,283.79694065009,-3.56518138394,0,,,18551126-0333545,0,J185511.28-033354.4,4255670269396064384,0,0,STAR,tmgaia2,tmgaia2,,,,,,,,,,13.1807,0.019774,9.918,1.0,jhk,,,,,,,,,,,,,,,,,,283.79694065009,-3.56518138394,30.184046595927025,-2.458020913439648,[80],['hlsp_tess-spoc_tess_phot_0000000056571415-s0080_tess_v1_lc.fits']
0.128802,OGLE-GD-LPV-006858,4,222.820375,-61.61786111111111,294698131,222.82032687402,-61.61788862008,0,,,14511687-6137043,0,J145116.88-613704.2,5877773868320867584,0,0,STAR,tmgaia2,tmgaia2,,,,,,,,,,14.204,0.017841,9.636,1.0,jhk,,,,,,,,,,,,,,,,,,222.82032687402,-61.61788862008,-43.32687892334451,-1.9857967058181527,[65],['hlsp_tess-spoc_tess_phot_0000000294698131-s0065_tess_v1_lc.fits']
0.121096,OGLE-GD-LPV-004004,4,200.9894583333333,-61.02066666666666,449681923,200.98939011541,-61.0206729212,0,,,13235745-6101144,0,J132357.53-610114.3,5869460289116883584,0,0,STAR,tmgaia2,tmgaia2,,,,,,,,,,14.4709,0.028334,9.944,1.0,jhk,,,,,,,,,,,,,,,,,,200.98939011541,-61.0206729212,-53.13773362120581,1.602671598641508,"[64, 65]","['hlsp_tess-spoc_tess_phot_0000000449681923-s0064_tess_v1_lc.fits', 'hlsp_tess-spoc_tess_phot_0000000449681923-s0065_tess_v1_lc.fits']"
0.380048,OGLE-BLG-LPV-256362,4,270.1072083333333,-31.00963888888889,264069708,270.10732896143,-31.00961754091,0,,,18002575-3100346,0,J180025.76-310034.4,4044106713080631424,0,0,STAR,tmgaia2,tmgaia2,,,,,,,,,,13.7737,0.047255,9.493,1.0,jhk,,,,,,,,,,,,,,,,,,270.10732896143,-31.00961754091,-0.1599399837420803,-3.815232343267994,[66],['hlsp_tess-spoc_tess_phot_0000000264069708-s0066_tess_v1_lc.fits']
0.137166,OGLE-BLG-LPV-241045,4,263.1069583333333,-36.37191666666666,266711863,263.10698100319,-36.37195011149,0,,,17322566-3622189,0,J173225.67-362218.9,5974647577220191488,0,0,STAR,tmgaia2,tmgaia2,,,,,,,,,,14.6117,0.031762,9.995,1.0,jhk,,,,,,,,,,,,,,,,,,263.10698100319,-36.37195011149,-7.770167870469725,-1.6175102864158997,[66],['hlsp_tess-spoc_tess_phot_0000000266711863-s0066_tess_v1_lc.fits']
0.102898,OGLE-BLG-LPV-263736,4,276.62679166666663,-14.210416666666664,176415906,276.62676331724,-14.21040881028,0,,,18263043-1412372,0,J182630.41-141237.5,4104303355456664704,0,0,STAR,tmgaia2,tmgaia2,,,,,,,,,,13.9466,0.010729,9.229,1.0,jhk,,,,,,,,,,,,,,,,,,276.62676331724,-14.21040881028,17.475124985770677,-1.0468679832553234,[80],['hlsp_tess-spoc_tess_phot_0000000176415906-s0080_tess_v1_lc.fits']
0.25722,OGLE-GD-LPV-018513,4,277.972,0.3678333333333333,415990841,277.9720234079,0.36790084036,0,,,18315329+0022041,1237668689046538053,J183153.27+002204.3,4273052521727893120,0,0,STAR,tmgaia2,tmgaia2,-4.366,0.563,-9.142,0.427,gaia2,0.4034,0.3606,,,15.6672,0.071517,10.808,1.0,jhk,gaia2,,,,,,,,,,,2406.1,1558.55,1.6605,0.0392,1032.32,2084.77,277.97200460933,0.36786148108,31.027161629149063,4.516836099823559,[80],['hlsp_tess-spoc_tess_phot_0000000415990841-s0080_tess_v1_lc.fits']
0.1541,OGLE-GD-LPV-010392,4,240.11058333333327,-50.52972222222222,299374140,240.11052418086,-50.52974267733,0,,,16002654-5031469,0,J160026.51-503147.0,5981846492150250240,0,0,STAR,tmgaia2,tmgaia2,,,,,,,,,,14.0164,0.036218,9.801,1.0,jhk,,,,,,,,,,,,,,,,,,240.11052418086,-50.52974267733,-29.2257217206533,1.835031075747038,[65],['hlsp_tess-spoc_tess_phot_0000000299374140-s0065_tess_v1_lc.fits']
0.102489,OGLE-GD-LPV-002638,4,185.7495833333333,-60.26886111111111,311051394,185.74957549699,-60.26883290833,0,,,12225988-6016077,0,J122259.85-601608.1,6058296493388516608,0,0,STAR,tmgaia2,tmgaia2,,,,,,,,,,13.8994,0.03047,8.184,1.0,jhk,,,,,,,,,,,,,,,,,,185.74957549699,-60.26883290833,-60.59037439949436,2.4082442376954183,[64],['hlsp_tess-spoc_tess_phot_0000000311051394-s0064_tess_v1_lc.fits']
0.143052,OGLE-GD-LPV-000721,4,142.44491666666664,-53.98836111111111,438476328,142.444870661,-53.98833200193,0,,,09294679-5359180,0,J092946.77-535918.2,5312004457814387200,0,0,STAR,tmgaia2,tmgaia2,,,,,,,,,,13.9641,0.030837,9.849,1.0,jhk,,,,,,,,,,,,,,,,,,142.444870661,-53.98833200193,-84.03026359947285,-2.0288682270924885,"[62, 63]","['hlsp_tess-spoc_tess_phot_0000000438476328-s0062_tess_v1_lc.fits', 'hlsp_tess-spoc_tess_phot_0000000438476328-s0063_tess_v1_lc.fits']"
0.13294,OGLE-GD-LPV-005123,4,210.61604166666663,-63.08897222222223,327645073,210.61597669953,-63.08899456136,0,,,14022785-6305204,0,J140227.84-630520.0,5865950751046315392,0,0,STAR,tmgaia2,tmgaia2,,,,,,,,,,13.9547,0.035767,8.07,1.0,jhk,,,,,,,,,,,,,,,,,,210.61597669953,-63.08899456136,-49.131930866502174,-1.316830065656883,[65],['hlsp_tess-spoc_tess_phot_0000000327645073-s0065_tess_v1_lc.fits']
0.149566,OGLE-BLG-LPV-234922,4,258.42074999999994,-35.65694444444444,47273079,258.420711617,-35.65697189337,0,,,17134096-3539252,0,J171340.97-353925.0,5977042107353486976,0,0,STAR,tmgaia2,tmgaia2,,,,,,,,,,13.3257,0.024371,9.025,1.0,jhk,,,,,,,,,,,,,,,,,,258.420711617,-35.65697189337,-9.325119984677023,1.91221245261122,[66],['hlsp_tess-spoc_tess_phot_0000000047273079-s0066_tess_v1_lc.fits']
0.053279,OGLE-GD-LPV-024320,4,286.53141666666664,1.3668055555555556,178906197,286.53140822487,1.36679339774,0,,,19060754+0122006,0,J190607.53+012200.1,4267510330309185024,0,0,STAR,tmgaia2,tmgaia2,,,,,,,,,,13.0868,0.039291,8.556,1.0,jhk,,,,,,,,,,,,,,,,,,286.53140822487,1.36679339774,35.82527827519914,-2.6425706116172205,[80],['hlsp_tess-spoc_tess_phot_0000000178906197-s0080_tess_v1_lc.fits']
0.082994,OGLE-BLG-LPV-241209,4,263.174125,-35.01161111111111,100811957,263.17414700991,-35.01159674045,0,,,17324180-3500418,0,J173241.76-350041.7,5975064635702257792,0,0,STAR,tmgaia2,tmgaia2,-1.604,0.546,-3.555,0.407,gaia2,0.6056,0.3378,,,14.9196,0.059753,8.721,1.0,jhk,gaia2,,,,,,,,,,,2312.99,2132.0,0.8644,0.6072,1106.69,3157.32,263.17413857659,-35.01161204808,-6.600160140787653,-0.9209637470747044,[66],['hlsp_tess-spoc_tess_phot_0000000100811957-s0066_tess_v1_lc.fits']
0.046813,OGLE-GD-LPV-016127,4,254.35887499999995,-47.49525,248011132,254.35886668548,-47.49523827241,0,,,16572613-4729429,0,J165726.14-472942.7,5938979626179836928,0,0,STAR,tmgaia2,tmgaia2,-0.607,0.394,-2.777,0.325,gaia2,0.2842,0.2444,,,15.7796,0.031856,9.589,1.0,jhk,gaia2,,,,,,,,,,,3124.15,1907.43,1.5766,0.4166,1267.33,2547.53,254.35886281606,-47.49525022976,-20.591692296012457,-2.82178614356096,[66],['hlsp_tess-spoc_tess_phot_0000000248011132-s0066_tess_v1_lc.fits']
0.061569,OGLE-GD-LPV-023444,4,285.05266666666665,-2.2524444444444445,373293307,285.05267080061,-2.25246104049,0,,,19001264-0215086,0,J190012.64-021508.8,4261879422055554816,0,0,STAR,tmgaia2,tmgaia2,,,,,,,,,,13.755,0.022015,9.714,1.0,jhk,,,,,,,,,,,,,,,,,,285.05267080061,-2.25246104049,31.92542378108673,-2.9780818946854533,[80],['hlsp_tess-spoc_tess_phot_0000000373293307-s0080_tess_v1_lc.fits']
0.105399,OGLE-BLG-LPV-265216,4,278.8802083333333,-12.515138888888888,433517093,278.88017873355,-12.51514359651,0,,,18353124-1230544,0,J183531.24-123054.4,4104954511227688704,0,0,STAR,tmgaia2,tmgaia2,,,,,,,,,,14.425,0.106811,9.124,1.0,jhk,,,,,,,,,,,,,,,,,,278.88017873355,-12.51514359651,19.99279580497388,-2.2074021180767684,[80],['hlsp_tess-spoc_tess_phot_0000000433517093-s0080_tess_v1_lc.fits']
0.135995,OGLE-GD-LPV-018977,4,279.12291666666664,3.62875,106863746,279.12293139248,3.62871519963,0,,,18362950+0337434,0,J183629.50+033743.2,4283169914194911616,0,0,STAR,tmgaia2,tmgaia2,,,,,,,,,,14.194,0.057436,8.309,1.0,jhk,,,,,,,,,,,,,,,,,,279.12293139248,3.62871519963,34.466085783837364,4.976274831798277,[80],['hlsp_tess-spoc_tess_phot_0000000106863746-s0080_tess_v1_lc.fits']
0.10343,OGLE-GD-LPV-000855,4,147.728125,-57.069138888888894,444676325,147.72808488652,-57.06912018296,0,,165-037817,09505473-5704088,0,J095054.75-570408.7,5259487831095964032,0,0,STAR,tmgaia2,tmgaia2,,,,,,,,14.99,0.222,12.4371,0.021124,9.614,0.196,vjk,,,,,,,,,,,,,,,,,,147.72808488652,-57.06912018296,-79.74986245702834,-2.3722394642115594,"[63, 64]","['hlsp_tess-spoc_tess_phot_0000000444676325-s0063_tess_v1_lc.fits', 'hlsp_tess-spoc_tess_phot_0000000444676325-s0064_tess_v1_lc.fits']"
0.188796,OGLE-GD-LPV-022313,4,283.24162499999994,-1.46825,54679436,283.24161124099,-1.46830060753,0,,,18525798-0128056,0,J185257.97-012805.9,4265211663858833792,1732751,0,STAR,tmgaia2,tmgaia2,,,,,,,,,,14.2994,0.094795,8.528,1.0,jhk,,,,,,,,,,,,,,,,,,283.24161124099,-1.46830060753,31.799288133225804,-1.0094693655917617,[80],['hlsp_tess-spoc_tess_phot_0000000054679436-s0080_tess_v1_lc.fits']
0.070573,OGLE-GD-LPV-012480,4,246.521375,-51.27205555555555,6626044,246.52134439538,-51.27205976196,0,,,16260512-5116194,0,J162605.12-511619.4,5934418778894427008,0,0,STAR,tmgaia2,tmgaia2,,,,,,,,,,14.7101,0.023299,9.552,1.0,jhk,,,,,,,,,,,,,,,,,,246.52134439538,-51.27205976196,-26.794539557658887,-1.4781037071166605,[66],['hlsp_tess-spoc_tess_phot_0000000006626044-s0066_tess_v1_lc.fits']
0.087836,OGLE-GD-LPV-000982,4,152.40891666666667,-53.801944444444445,310256286,152.40887772315,-53.80195258917,0,,,10093814-5348069,0,J100938.12-534807.1,5356183316062593152,0,0,STAR,tmgaia2,tmgaia2,,,,,,,,,,14.9319,0.032456,9.904,1.0,jhk,,,,,,,,,,,,,,,,,,152.40887772315,-53.80195258917,-79.60995248061764,1.833754424279843,[63],['hlsp_tess-spoc_tess_phot_0000000310256286-s0063_tess_v1_lc.fits']
0.132999,OGLE-GD-LPV-006178,4,218.6125833333333,-57.946527777777774,292900735,218.61251379139,-57.94652944276,0,,,14342702-5756475,0,J143427.00-575647.5,5891382936044877440,0,0,STAR,tmgaia2,tmgaia2,,,,,,,,,,14.5537,0.041271,8.662,1.0,jhk,,,,,,,,,,,,,,,,,,218.61251379139,-57.94652944276,-43.72592472054122,2.23175068694274,[65],['hlsp_tess-spoc_tess_phot_0000000292900735-s0065_tess_v1_lc.fits']
0.038282,OGLE-GD-LPV-007382,4,225.6938333333333,-56.97461111111112,36861915,225.69381432722,-56.97461351491,0,,,15024652-5658284,0,,5880422351279847424,0,0,STAR,tmgaia2,tmgaia2,,,,,,,,,,14.9438,0.057228,9.762,1.0,jhk,,,,,,,,,,,,,,,,,,225.69381432722,-56.97461351491,-39.874217881434674,1.4469615443854784,[65],['hlsp_tess-spoc_tess_phot_0000000036861915-s0065_tess_v1_lc.fits']
0.082807,OGLE-GD-LPV-022723,4,283.798125,-6.540416666666666,34089720,283.79811485658,-6.54043734353,0,,,18551154-0632254,0,J185511.54-063225.6,4253735476903129088,0,0,STAR,tmgaia2,tmgaia2,,,,,,,,,,14.2094,0.069773,9.242,1.0,jhk,,,,,,,,,,,,,,,,,,283.79811485658,-6.54043734353,27.528950598226803,-3.8085662260451056,[80],['hlsp_tess-spoc_tess_phot_0000000034089720-s0080_tess_v1_lc.fits']
0.385388,OGLE-LMC-LPV-48966,3,80.79241666666667,-67.83502777777777,373530983,80.79229944297,-67.83512526761,0,,,05231014-6750062,0,J052310.15-675006.4,4658834421384702208,0,0,STAR,tmgaia2,tmgaia2,,,,,,,,,,15.5764,0.071242,14.015,0.072,gbprp,,,,,,,,,,,,,,,,,,80.79229944297,-67.83512526761,-81.78461108530226,-33.25958951414163,"[61, 62, 63, 64, 65, 67, 69, 66]","['hlsp_tess-spoc_tess_phot_0000000373530983-s0061_tess_v1_lc.fits', 'hlsp_tess-spoc_tess_phot_0000000373530983-s0062_tess_v1_lc.fits', 'hlsp_tess-spoc_tess_phot_0000000373530983-s0063_tess_v1_lc.fits', 'hlsp_tess-spoc_tess_phot_0000000373530983-s0064_tess_v1_lc.fits', 'hlsp_tess-spoc_tess_phot_0000000373530983-s0065_tess_v1_lc.fits', 'hlsp_tess-spoc_tess_phot_0000000373530983-s0067_tess_v1_lc.fits', 'hlsp_tess-spoc_tess_phot_0000000373530983-s0069_tess_v1_lc.fits', 'hlsp_tess-spoc_tess_phot_0000000373530983-s0066_tess_v1_lc.fits']"
0.041894,OGLE-GD-LPV-011766,4,244.57533333333333,-52.74911111111111,314423106,244.57533504395,-52.74912270215,0,,,16181808-5244568,0,J161818.10-524456.8,5933121119031019776,0,0,STAR,tmgaia2,tmgaia2,,,,,,,,,,13.1419,0.016681,8.858,1.0,jhk,,,,,,,,,,,,,,,,,,244.57533504395,-52.74912270215,-28.686813639512184,-1.6728293903774167,[66],['hlsp_tess-spoc_tess_phot_0000000314423106-s0066_tess_v1_lc.fits']
0.166645,OGLE-GD-LPV-008551,4,231.90583333333328,-54.87438888888889,413270419,231.90589832928,-54.87441617018,0,,,15273740-5452278,0,J152737.41-545227.8,5886917407018824448,0,0,STAR,tmgaia2,tmgaia2,-9.099,0.528,-1.708,0.421,gaia2,-0.694,0.243,,,14.7226,0.016035,9.767,1.0,jhk,gaia2,,,,,,,,,,,6020.23,2405.73,2.4783,0.4892,1959.96,2851.49,231.90583023838,-54.87442352599,-35.8102481662035,1.418158354442398,[65],['hlsp_tess-spoc_tess_phot_0000000413270419-s0065_tess_v1_lc.fits']
0.050923,OGLE-BLG-LPV-262058,4,275.0725416666666,-13.154777777777776,116178497,275.07252714591,-13.15477817636,0,,,18201740-1309171,0,J182017.48-130916.4,4152661255537693184,0,0,STAR,tmgaia2,tmgaia2,,,,,,,,,,15.6367,0.042423,10.123,1.0,jhk,,,,,,,,,,,,,,,,,,275.07252714591,-13.15477817636,17.699815566142735,0.781884893280277,[80],['hlsp_tess-spoc_tess_phot_0000000116178497-s0080_tess_v1_lc.fits']
0.102095,OGLE-GD-LPV-018420,4,277.7532083333333,-7.510638888888889,424361419,277.75318179693,-7.51064947757,0,,,18310076-0730383,0,J183100.76-073038.3,4159786434491470080,0,0,STAR,tmgaia2,tmgaia2,,,,,,,,,,14.486,0.054039,9.226,1.0,jhk,,,,,,,,,,,,,,,,,,277.75318179693,-7.51064947757,23.922639917224668,1.0847025522990563,[80],['hlsp_tess-spoc_tess_phot_0000000424361419-s0080_tess_v1_lc.fits']
0.184121,OGLE-GD-LPV-005790,4,215.7272083333333,-58.15333333333333,414293993,215.72711321002,-58.15334316175,0,,,14225452-5809119,0,J142254.52-580911.6,5891223781728353536,0,0,STAR,tmgaia2,tmgaia2,,,,,,,,,,15.4232,0.071268,9.93,1.0,jhk,,,,,,,,,,,,,,,,,,215.72711321002,-58.15334316175,-45.2234834676401,2.5992725639027374,[65],['hlsp_tess-spoc_tess_phot_0000000414293993-s0065_tess_v1_lc.fits']
0.073755,OGLE-GD-LPV-020879,4,281.341125,-5.1845,225685609,281.34111214145,-5.18448400794,0,,,18452187-0511040,0,J184521.87-051103.8,4253618928686932992,0,0,STAR,tmgaia2,tmgaia2,,,,,,,,,,14.2176,0.053506,9.541,1.0,jhk,,,,,,,,,,,,,,,,,,281.34111214145,-5.18448400794,27.62623372246576,-1.0152464066379656,[80],['hlsp_tess-spoc_tess_phot_0000000225685609-s0080_tess_v1_lc.fits']
0.047491,OGLE-GD-LPV-012839,4,247.3297916666667,-47.660555555555554,225842234,247.32977335823,-47.66056024283,0,,,16291915-4739380,0,J162919.15-473937.7,5941963838175318912,0,0,STAR,tmgaia2,tmgaia2,,,,,,,,,,15.953,0.011193,9.628,1.0,jhk,,,,,,,,,,,,,,,,,,247.32977335823,-47.66056024283,-23.82743681227864,0.6470474676575565,[66],['hlsp_tess-spoc_tess_phot_0000000225842234-s0066_tess_v1_lc.fits']
0.134504,OGLE-GD-LPV-004907,4,208.71904166666664,-62.54944444444444,381994664,208.7189619905,-62.54943759737,0,,,13545257-6232579,0,J135452.57-623257.8,5864735270976497664,0,0,STAR,tmgaia2,tmgaia2,,,,,,,,,,15.0207,0.040486,9.015,1.0,jhk,,,,,,,,,,,,,,,,,,208.7189619905,-62.54943759737,-49.83049615673507,-0.5725044487696466,[65],['hlsp_tess-spoc_tess_phot_0000000381994664-s0065_tess_v1_lc.fits']
0.136004,OGLE-GD-LPV-000508,4,131.80208333333331,-40.54716666666666,181738737,131.80203484027,-40.54715833448,0,,,08471249-4032497,0,J084712.50-403249.6,5525671590351316096,0,0,STAR,tmgaia2,tmgaia2,,,,,,,,,,14.7808,0.068704,10.131,1.0,jhk,,,,,,,,,,,,,,,,,,131.80203484027,-40.54715833448,-98.77215745315424,1.7678209542524457,"[61, 62]","['hlsp_tess-spoc_tess_phot_0000000181738737-s0061_tess_v1_lc.fits', 'hlsp_tess-spoc_tess_phot_0000000181738737-s0062_tess_v1_lc.fits']"
0.118294,OGLE-BLG-LPV-261193,4,274.253,-15.792805555555557,112807527,274.25300761498,-15.7928375876,0,,,18170072-1547342,0,J181700.73-154734.5,4097711375242702848,0,0,STAR,tmgaia2,tmgaia2,,,,,,,,,,14.7745,0.013075,10.055,1.0,jhk,,,,,,,,,,,,,,,,,,274.25300761498,-15.7928375876,15.000285663975566,0.2324185664152301,[80],['hlsp_tess-spoc_tess_phot_0000000112807527-s0080_tess_v1_lc.fits']
0.115395,OGLE-GD-LPV-006496,4,220.62479166666665,-64.07711111111111,402869813,220.62472958913,-64.07709405208,0,,130-123363,14422995-6404376,0,J144229.96-640437.4,5850097751927060480,31118862,0,STAR,tmgaia2,tmgaia2,,,,,,,,16.734,0.114,13.4505,0.019717,9.407,0.032,vjk,,,,,,,,,,,,,,,,,,220.62472958913,-64.07709405208,-45.291566002437946,-3.774630805514273,[65],['hlsp_tess-spoc_tess_phot_0000000402869813-s0065_tess_v1_lc.fits']
0.083677,OGLE-GD-LPV-016270,4,254.72475,-46.65166666666666,121353705,254.72472786763,-46.65168425793,0,,,16585394-4639061,0,J165853.92-463906.0,5963136996118726656,0,0,STAR,tmgaia2,tmgaia2,0.176,0.538,-5.181,0.485,gaia2,-0.2913,0.2861,,,15.1813,0.066987,8.857,1.0,jhk,gaia2,,,,,,,,,,,4794.87,2318.25,2.4398,0.425,1804.66,2831.84,254.72472897175,-46.65170656334,-19.774589981255616,-2.4939124467993925,[66],['hlsp_tess-spoc_tess_phot_0000000121353705-s0066_tess_v1_lc.fits']
0.026978,OGLE-GD-LPV-000468,4,129.9587083333333,-49.171416666666666,93481281,129.95870905505,-49.17140918762,0,,,08395008-4910172,0,J083950.13-491017.0,5328915148492369024,0,0,STAR,tmgaia2,tmgaia2,,,,,,,,,,12.7933,0.020311,9.507,0.229,bpjk,,,,,,,,,,,,,,,,,,129.95870905505,-49.17140918762,-92.79292677295332,-4.58665067351281,"[61, 63]","['hlsp_tess-spoc_tess_phot_0000000093481281-s0061_tess_v1_lc.fits', 'hlsp_tess-spoc_tess_phot_0000000093481281-s0063_tess_v1_lc.fits']"
0.095703,OGLE-GD-LPV-019991,4,280.38,-6.285027777777778,203638566,280.38001259145,-6.28505123136,0,,,18413120-0617061,0,J184131.19-061706.1,4253389611691992448,0,0,STAR,tmgaia2,tmgaia2,,,,,,,,,,15.3423,0.030908,10.227,1.0,jhk,,,,,,,,,,,,,,,,,,280.38001259145,-6.28505123136,26.210218098056064,-0.6673840491158484,[80],['hlsp_tess-spoc_tess_phot_0000000203638566-s0080_tess_v1_lc.fits']
0.047416,OGLE-GD-LPV-017777,4,275.7437916666666,-7.069166666666667,18598961,275.74378289574,-7.06917655186,0,,,18225851-0704090,0,J182258.48-070408.0,4160765480895873408,0,0,STAR,tmgaia2,tmgaia2,,,,,,,,,,13.3743,0.02842,9.7,1.0,jhk,,,,,,,,,,,,,,,,,,275.74378289574,-7.06917655186,23.387112792674728,3.054785546749294,[80],['hlsp_tess-spoc_tess_phot_0000000018598961-s0080_tess_v1_lc.fits']
0.063838,OGLE-GD-LPV-005107,4,210.4790833333333,-58.92502777777778,209432387,210.47904906284,-58.9250290216,0,,,14015499-5855301,0,J140154.98-585530.1,5867999759707444864,0,0,STAR,tmgaia2,tmgaia2,,,,,,,,,,14.9421,0.017019,9.895,1.0,jhk,,,,,,,,,,,,,,,,,,210.47904906284,-58.9250290216,-48.06924647705891,2.7098500860389763,[65],['hlsp_tess-spoc_tess_phot_0000000209432387-s0065_tess_v1_lc.fits']
0.161035,OGLE-GD-LPV-018121,4,276.9528333333333,-5.987555555555556,370252743,276.95279448698,-5.98757810168,0,,,18274867-0559153,0,J182748.65-055915.2,4160950542453433088,0,0,STAR,tmgaia2,tmgaia2,,,,,,,,,,14.4119,0.062968,9.712,1.0,jhk,,,,,,,,,,,,,,,,,,276.95279448698,-5.98757810168,24.90505516853004,2.494435447510731,[80],['hlsp_tess-spoc_tess_phot_0000000370252743-s0080_tess_v1_lc.fits']
0.076644,OGLE-GD-LPV-019637,4,280.030375,-5.960666666666667,46453534,280.03036671538,-5.96068629738,0,,,18400728-0557382,0,,4253462969774024704,0,0,STAR,tmgaia2,tmgaia2,,,,,,,,,,15.3546,0.055712,10.16,1.0,jhk,,,,,,,,,,,,,,,,,,280.03036671538,-5.96068629738,26.33945717244693,-0.2098306331162627,[80],['hlsp_tess-spoc_tess_phot_0000000046453534-s0080_tess_v1_lc.fits']
0.066831,OGLE-GD-LPV-023709,4,285.56579166666666,-0.554888888888889,307359878,285.56578867601,-0.5549072107,0,,,19021579-0033175,0,J190215.78-003317.6,4265530827109258240,0,0,STAR,tmgaia2,tmgaia2,,,,,,,,,,13.232,0.032968,9.45,1.0,jhk,,,,,,,,,,,,,,,,,,285.56578867601,-0.5549072107,33.672426494120515,-2.661552044619978,[80],['hlsp_tess-spoc_tess_phot_0000000307359878-s0080_tess_v1_lc.fits']
0.10652,OGLE-BLG-LPV-259264,4,272.58316666666667,-15.716944444444444,106700216,272.58317599073,-15.71697263905,0,,,18101995-1543010,0,J181019.97-154301.0,4145894173828646784,0,0,STAR,tmgaia2,tmgaia2,,,,,,,,,,16.1076,0.067241,9.764,1.0,jhk,,,,,,,,,,,,,,,,,,272.58317599073,-15.71697263905,14.297668752394104,1.6798330349339123,[80],['hlsp_tess-spoc_tess_phot_0000000106700216-s0080_tess_v1_lc.fits']
0.218748,OGLE-BLG-LPV-265320,4,279.16966666666667,-11.32825,5553225,279.16962693637,-11.32820336753,0,,,18364071-1119417,0,J183640.69-111941.6,4154712325787872768,0,0,STAR,tmgaia2,tmgaia2,,,,,,,,,,13.7646,0.016639,9.787,1.0,jhk,,,,,,,,,,,,,,,,,,279.16962693637,-11.32820336753,21.17811788821063,-1.9145804392693888,[80],['hlsp_tess-spoc_tess_phot_0000000005553225-s0080_tess_v1_lc.fits']
0.109846,OGLE-BLG-LPV-263363,4,276.261375,-15.68511111111111,333583981,276.2613480171,-15.68512711659,0,,,18250272-1541063,0,J182502.72-154106.4,4097936603350502912,0,0,STAR,tmgaia2,tmgaia2,,,,,,,,,,15.1192,0.058349,10.068,1.0,jhk,,,,,,,,,,,,,,,,,,276.2613480171,-15.68512711659,16.00560947889192,-1.422227880719509,[80],['hlsp_tess-spoc_tess_phot_0000000333583981-s0080_tess_v1_lc.fits']
0.067923,OGLE-GD-LPV-015123,4,251.89491666666663,-48.14183333333333,50024963,251.89488899579,-48.1418294549,0,,,16473477-4808306,0,,5939459146352159616,0,0,STAR,tmgaia2,tmgaia2,,,,,,,,,,13.9383,0.038507,9.668,1.0,jhk,,,,,,,,,,,,,,,,,,251.89488899579,-48.1418294549,-22.141730245116563,-1.951917188968424,[66],['hlsp_tess-spoc_tess_phot_0000000050024963-s0066_tess_v1_lc.fits']
0.102728,OGLE-GD-LPV-014777,4,251.222625,-56.749805555555554,420563791,251.22260650659,-56.74983222884,0,,,16445343-5644593,0,J164453.44-564459.5,5927752959617463040,0,0,STAR,tmgaia2,tmgaia2,,,,,,,,,,14.2697,0.055414,7.211,1.0,jhk,,,,,,,,,,,,,,,,,,251.22260650659,-56.74983222884,-28.999617916110854,-7.202225879423787,[66],['hlsp_tess-spoc_tess_phot_0000000420563791-s0066_tess_v1_lc.fits']
0.028661,OGLE-GD-LPV-010211,4,239.31712499999995,-48.62533333333334,292092186,239.31712591714,-48.62532539507,0,,,15571611-4837311,0,J155716.10-483731.2,5984285552539847040,0,0,STAR,tmgaia2,tmgaia2,,,,,,,,,,14.1349,0.034506,8.965,1.0,jhk,,,,,,,,,,,,,,,,,,239.31712591714,-48.62532539507,-28.37760295856234,3.616505781053293,[65],['hlsp_tess-spoc_tess_phot_0000000292092186-s0065_tess_v1_lc.fits']
0.158168,OGLE-BLG-LPV-233646,4,256.843,-36.75505555555556,379025584,256.84296532525,-36.75508959258,0,,,17072230-3645183,0,J170722.27-364518.1,5976538531080056576,0,0,STAR,tmgaia2,tmgaia2,,,,,,,,,,14.8827,0.048404,9.985,1.0,jhk,,,,,,,,,,,,,,,,,,256.84296532525,-36.75508959258,-10.965044589117936,2.287303619048315,[66],['hlsp_tess-spoc_tess_phot_0000000379025584-s0066_tess_v1_lc.fits']
0.116128,OGLE-GD-LPV-016736,4,256.215375,-48.36055555555556,212515204,256.21535997983,-48.36058623074,0,,,17045169-4821379,0,J170451.65-482138.1,5938772814892831872,0,0,STAR,tmgaia2,tmgaia2,,,,,,,,,,13.8297,0.039535,8.14,1.0,jhk,,,,,,,,,,,,,,,,,,256.21535997983,-48.36058623074,-20.513560141360315,-4.335040023263232,[66],['hlsp_tess-spoc_tess_phot_0000000212515204-s0066_tess_v1_lc.fits']
0.083112,OGLE-GD-LPV-013586,4,248.92499999999995,-49.5,27569993,248.92496446752,-49.5000006875,0,,,16354200-4929598,0,J163541.99-492959.9,5940499937193900416,0,0,STAR,tmgaia2,tmgaia2,,,,,,,,,,13.5997,0.040485,9.289,1.0,jhk,,,,,,,,,,,,,,,,,,248.92496446752,-49.5000006875,-24.453306802131003,-1.3790673738736388,[66],['hlsp_tess-spoc_tess_phot_0000000027569993-s0066_tess_v1_lc.fits']
0.174918,OGLE-GD-LPV-023702,4,285.5487083333333,8.296277777777778,223076579,285.54873061051,8.29623447791,0,,,19021170+0817465,0,J190211.70+081746.3,4307125631163562368,0,0,STAR,tmgaia2,tmgaia2,,,,,,,,,,15.1517,0.05354,10.329,1.0,jhk,,,,,,,,,,,,,,,,,,285.54873061051,8.29623447791,41.53759495474114,1.4024359665663375,[80],['hlsp_tess-spoc_tess_phot_0000000223076579-s0080_tess_v1_lc.fits']
0.17933,OGLE-BLG-LPV-262671,4,275.6517083333333,-11.025055555555555,18195431,275.65168240528,-11.02501273325,0,,,18223640-1101300,0,J182236.40-110129.8,4154140579738213248,0,0,STAR,tmgaia2,tmgaia2,-3.537,0.68,-4.323,0.547,gaia2,0.1506,0.3172,,,17.3393,0.022893,10.254,1.0,jhk,gaia2,,,,,,,,,,,3361.97,1961.87,1.4045,0.5522,1409.04,2514.7,275.65166688913,-11.02503134695,19.84600622538152,1.2836673143587145,[80],['hlsp_tess-spoc_tess_phot_0000000018195431-s0080_tess_v1_lc.fits']
0.042672,OGLE-GD-LPV-022450,4,283.41962499999994,-0.5303611111111112,55422715,283.41961336472,-0.53035884608,0,,,18534071-0031491,0,J185340.71-003148.9,4266176176061997184,0,0,STAR,tmgaia2,tmgaia2,,,,,,,,,,14.5681,0.067486,9.557,1.0,jhk,,,,,,,,,,,,,,,,,,283.41961336472,-0.53035884608,32.71530133736619,-0.7403481720684756,[80],['hlsp_tess-spoc_tess_phot_0000000055422715-s0080_tess_v1_lc.fits']
0.16343,OGLE-BLG-LPV-236001,4,259.4752083333333,-38.87272222222222,191296857,259.47516195643,-38.87274974031,0,,,17175403-3852218,0,J171754.04-385221.8,5972647599933665280,0,0,STAR,tmgaia2,tmgaia2,,,,,,,,,,16.1555,0.019316,9.673,1.0,jhk,,,,,,,,,,,,,,,,,,259.47516195643,-38.87274974031,-11.45437474171771,-0.6397532650840122,[66],['hlsp_tess-spoc_tess_phot_0000000191296857-s0066_tess_v1_lc.fits']
0.157389,OGLE-GD-LPV-006703,4,221.9235,-59.93238888888889,192357803,221.92341792403,-59.93240373307,0,,,14474164-5955565,0,J144741.61-595556.5,5878164813394827264,0,0,STAR,tmgaia2,tmgaia2,,,,,,,,,,14.192,0.007098,9.058,1.0,jhk,,,,,,,,,,,,,,,,,,221.92341792403,-59.93240373307,-42.98122114903112,-0.2790482669631254,[65],['hlsp_tess-spoc_tess_phot_0000000192357803-s0065_tess_v1_lc.fits']
0.080717,OGLE-GD-LPV-014908,4,251.45420833333327,-46.71555555555556,236176730,251.4541760473,-46.71555912108,0,,,16454900-4642559,0,J164549.01-464256.0,5939683073103838080,0,0,STAR,tmgaia2,tmgaia2,,,,,,,,,,14.8372,0.034006,9.716,1.0,jhk,,,,,,,,,,,,,,,,,,251.4541760473,-46.71555912108,-21.248382082879623,-0.8005908414847507,[66],['hlsp_tess-spoc_tess_phot_0000000236176730-s0066_tess_v1_lc.fits']
0.041632,OGLE-BLG-LPV-264158,4,277.1439583333333,-11.85988888888889,213398412,277.14394869831,-11.85989558418,0,,,18283455-1151357,0,,4153307149905980288,0,0,STAR,tmgaia2,tmgaia2,,,,,,,,,,14.2535,0.024701,10.44,1.0,jhk,,,,,,,,,,,,,,,,,,277.14394869831,-11.85989558418,19.79042042496954,-0.3994789563017496,[80],['hlsp_tess-spoc_tess_phot_0000000213398412-s0080_tess_v1_lc.fits']
0.058624,OGLE-BLG-LPV-235739,4,259.2470416666666,-35.85469444444445,152654192,259.24702375232,-35.85470181733,0,,,17165929-3551170,0,J171659.07-355118.0,5975505849085705216,0,0,STAR,tmgaia2,tmgaia2,,,,,,,,,,15.117,0.053528,9.439,1.0,jhk,,,,,,,,,,,,,,,,,,259.24702375232,-35.85470181733,-9.095584602714082,1.2518414668639544,[66],['hlsp_tess-spoc_tess_phot_0000000152654192-s0066_tess_v1_lc.fits']
0.123058,OGLE-GD-LPV-007150,4,224.344875,-58.25475,414469482,224.34481226635,-58.25475888882,0,,,14572275-5815171,0,,5879961690264386304,0,0,STAR,tmgaia2,tmgaia2,,,,,,,,,,14.3232,0.039707,9.13,1.0,jhk,,,,,,,,,,,,,,,,,,224.34481226635,-58.25475888882,-41.11719337403324,0.6620133250363286,[65],['hlsp_tess-spoc_tess_phot_0000000414469482-s0065_tess_v1_lc.fits']
0.132019,OGLE-GD-LPV-025405,4,288.47958333333327,5.555805555555556,182325073,288.47960951804,5.55577975614,0,,,19135510+0533208,0,J191355.10+053321.0,4293593048236848000,0,0,STAR,tmgaia2,tmgaia2,,,,,,,,,,14.573,0.057377,10.262,1.0,jhk,,,,,,,,,,,,,,,,,,288.47960951804,5.55577975614,40.44363208954096,-2.4417004797028112,[80],['hlsp_tess-spoc_tess_phot_0000000182325073-s0080_tess_v1_lc.fits']
0.011219,OGLE-BLG-LPV-235621,4,259.1441249999999,-40.11697222222222,463492694,259.14412585388,-40.11696917507,0,,,17163461-4007012,0,J171634.57-400700.9,5972011566824537856,0,0,STAR,tmgaia2,tmgaia2,,,,,,,,,,14.0629,0.031738,9.261,1.0,jhk,,,,,,,,,,,,,,,,,,259.14412585388,-40.11696917507,-12.617479979494265,-1.1505871049153409,[66],['hlsp_tess-spoc_tess_phot_0000000463492694-s0066_tess_v1_lc.fits']
0.088116,OGLE-GD-LPV-020080,4,280.47766666666666,-10.172777777777776,161956971,280.47767854138,-10.17279928336,0,,,18415464-1010218,0,J184154.65-101021.9,4155181576765176832,0,0,STAR,tmgaia2,tmgaia2,,,,,,,,,,14.1692,0.061718,9.123,1.0,jhk,,,,,,,,,,,,,,,,,,280.47767854138,-10.17279928336,22.794446483649786,-2.529251943346425,[80],['hlsp_tess-spoc_tess_phot_0000000161956971-s0080_tess_v1_lc.fits']
0.050728,OGLE-GD-LPV-014128,4,249.96804166666664,-46.121833333333335,232094804,249.96802809465,-46.12184382468,0,,,16395233-4607185,0,J163952.33-460718.7,5942957521820821248,0,0,STAR,tmgaia2,tmgaia2,,,,,,,,,,14.074,0.038947,9.271,1.0,jhk,,,,,,,,,,,,,,,,,,249.96802809465,-46.12184382468,-21.47453886209109,0.3617211527910732,[66],['hlsp_tess-spoc_tess_phot_0000000232094804-s0066_tess_v1_lc.fits']
0.091301,OGLE-GD-LPV-003914,4,200.32966666666664,-60.54388888888889,449517239,200.32962915981,-60.54390629617,0,,,13211911-6032381,0,J132119.09-603238.0,5869546291552066560,0,0,STAR,tmgaia2,tmgaia2,,,,,,,,,,14.1074,0.042612,8.826,1.0,jhk,,,,,,,,,,,,,,,,,,200.32962915981,-60.54390629617,-53.39995589059204,2.1148700522864607,"[64, 65]","['hlsp_tess-spoc_tess_phot_0000000449517239-s0064_tess_v1_lc.fits', 'hlsp_tess-spoc_tess_phot_0000000449517239-s0065_tess_v1_lc.fits']"
0.042047,OGLE-GD-LPV-008788,4,232.90204166666663,-58.63252777777778,283272032,232.90201971913,-58.63253020666,0,,,15313648-5837571,0,J153136.48-583756.9,5882052068094210048,28997404,0,STAR,tmgaia2,tmgaia2,,,,,,,,,,14.3156,0.015447,9.475,1.0,jhk,,,,,,,,,,,,,,,,,,232.90201971913,-58.63253020666,-37.490384441819096,-1.98758488688176,[65],['hlsp_tess-spoc_tess_phot_0000000283272032-s0065_tess_v1_lc.fits']
0.126999,OGLE-GD-LPV-000601,4,137.02916666666664,-54.159194444444445,384848246,137.0291665675,-54.15915916696,0,,,09080701-5409330,0,J090807.00-540932.8,5311294929220413952,0,0,STAR,tmgaia2,tmgaia2,,,,,,,,,,14.8526,0.050979,9.37,1.0,jhk,,,,,,,,,,,,,,,,,,137.0291665675,-54.15915916696,-86.1395163239736,-4.413702442079521,"[62, 63]","['hlsp_tess-spoc_tess_phot_0000000384848246-s0062_tess_v1_lc.fits', 'hlsp_tess-spoc_tess_phot_0000000384848246-s0063_tess_v1_lc.fits']"
0.046573,OGLE-GD-LPV-019878,4,280.2801666666667,-5.8494722222222215,180870401,280.28016961077,-5.84948482341,0,,,18410724-0550579,0,J184107.23-055059.1,4253467814500482560,4391340,0,STAR,tmgaia2,tmgaia2,,,,,,,,,,15.9594,0.084799,9.653,1.0,jhk,,,,,,,,,,,,,,,,,,280.28016961077,-5.84948482341,26.5520832536017,-0.3798042092943783,[80],['hlsp_tess-spoc_tess_phot_0000000180870401-s0080_tess_v1_lc.fits']
0.07229,OGLE-GD-LPV-017214,4,258.0772916666666,-45.605583333333335,382820623,258.07728710808,-45.605603159,0,,,17121856-4536201,0,J171218.55-453620.3,5951466504842032384,0,0,STAR,tmgaia2,tmgaia2,,,,,,,,,,14.0648,0.03792,9.044,1.0,jhk,,,,,,,,,,,,,,,,,,258.07728710808,-45.605603159,-17.536327199288195,-3.717168746334816,[66],['hlsp_tess-spoc_tess_phot_0000000382820623-s0066_tess_v1_lc.fits']
0.07441,OGLE-GD-LPV-013476,4,248.71225,-43.77166666666667,229016411,248.71225221722,-43.77168727406,0,,,16345095-4346180,0,J163451.04-434617.8,5944306175903055872,0,0,STAR,tmgaia2,tmgaia2,,,,,,,,,,14.4966,0.001428,9.54,1.0,jhk,,,,,,,,,,,,,,,,,,248.71225221722,-43.77168727406,-20.32523260972514,2.59621001467642,[66],['hlsp_tess-spoc_tess_phot_0000000229016411-s0066_tess_v1_lc.fits']
0.18583,OGLE-GD-LPV-025043,4,287.797125,11.577722222222222,203552432,287.79710431568,11.57767474633,0,,,19111131+1134396,0,J191111.32+113439.8,4312862264366357760,0,0,STAR,tmgaia2,tmgaia2,,,,,,,,,,15.0289,0.077839,9.812,1.0,jhk,,,,,,,,,,,,,,,,,,287.79710431568,11.57767474633,45.47045530970658,0.9437347090535813,"[80, 81]","['hlsp_tess-spoc_tess_phot_0000000203552432-s0080_tess_v1_lc.fits', 'hlsp_tess-spoc_tess_phot_0000000203552432-s0081_tess_v1_lc.fits']"
0.161695,OGLE-GD-LPV-010118,4,238.8348333333333,-49.26594444444444,288684918,238.8347685227,-49.26595956908,0,,,15552036-4915573,0,J155520.37-491557.3,5982739845364282496,0,0,STAR,tmgaia2,tmgaia2,,,,,,,,,,13.6799,0.02959,9.693,1.0,jhk,,,,,,,,,,,,,,,,,,238.8347685227,-49.26595956908,-29.033580436744185,3.330173877088537,[65],['hlsp_tess-spoc_tess_phot_0000000288684918-s0065_tess_v1_lc.fits']
0.205004,OGLE-BLG-LPV-264715,4,277.9583333333333,-15.256194444444445,432944926,277.95833147714,-15.25625136182,0,,,18315000-1515224,0,J183150.01-151522.6,4103277442386561664,0,0,STAR,tmgaia2,tmgaia2,,,,,,,,,,13.8877,0.047179,8.529,1.0,jhk,,,,,,,,,,,,,,,,,,277.95833147714,-15.25625136182,17.14454649555582,-2.672524350553072,[80],['hlsp_tess-spoc_tess_phot_0000000432944926-s0080_tess_v1_lc.fits']
0.108182,OGLE-GD-LPV-023920,4,285.903,11.550944444444443,223413034,285.90299170188,11.55091551465,0,,,19033671+1133033,0,J190336.71+113303.3,4313386800178177920,0,0,STAR,tmgaia2,tmgaia2,,,,,,,,,,16.1431,0.084157,10.184,1.0,jhk,,,,,,,,,,,,,,,,,,285.90299170188,11.55091551465,44.59377365796649,2.5797178946371395,[80],['hlsp_tess-spoc_tess_phot_0000000223413034-s0080_tess_v1_lc.fits']
0.085461,OGLE-GD-LPV-016337,4,254.9532083333333,-38.97225,343993143,254.95320546186,-38.97227363407,0,,,16594877-3858201,0,J165948.78-385820.2,5970296088131121664,0,0,STAR,tmgaia2,tmgaia2,,,,,,,,,,14.1787,0.040643,8.745,1.0,jhk,,,,,,,,,,,,,,,,,,254.95320546186,-38.97227363407,-13.634244599270042,2.1232665104213533,[66],['hlsp_tess-spoc_tess_phot_0000000343993143-s0066_tess_v1_lc.fits']
0.100256,OGLE-GD-LPV-008088,4,229.7569583333333,-53.35519444444444,133018817,229.75691199091,-53.35519120336,0,,184-120767,15190167-5321186,0,J151901.67-532118.7,5888037500123740032,26784153,0,STAR,tmgaia2,tmgaia2,,,,,,,,16.365,0.126,12.3133,0.02077,8.986,0.258,vjk,,,,,,,,,,,,,,,,,,229.75691199091,-53.35519120336,-36.03140404756909,3.379014085406144,[65],['hlsp_tess-spoc_tess_phot_0000000133018817-s0065_tess_v1_lc.fits']
0.074327,OGLE-GD-LPV-005061,4,210.12020833333327,-65.39355555555557,326756185,210.12016252853,-65.39354764832,0,,,14002884-6523367,0,J140028.86-652336.8,5852013650935676928,0,0,STAR,tmgaia2,tmgaia2,,,,,,,,,,14.1283,0.031634,9.203,1.0,jhk,,,,,,,,,,,,,,,,,,210.12016252853,-65.39354764832,-49.957910553879785,-3.479347659965983,[65],['hlsp_tess-spoc_tess_phot_0000000326756185-s0065_tess_v1_lc.fits']
0.05044,OGLE-BLG-LPV-235634,4,259.15849999999995,-37.75672222222222,463428570,259.15849129426,-37.75673442612,0,,,17163802-3745241,0,J171638.02-374524.0,5973526865615092992,0,0,STAR,tmgaia2,tmgaia2,,,,,,,,,,14.6964,0.033157,9.301,1.0,jhk,,,,,,,,,,,,,,,,,,259.15849129426,-37.75673442612,-10.687464121122895,0.2082250122039055,[66],['hlsp_tess-spoc_tess_phot_0000000463428570-s0066_tess_v1_lc.fits']
0.160202,OGLE-GD-LPV-002928,4,189.2945833333333,-63.80608333333333,415247286,189.29450782206,-63.80605384911,0,,,12371070-6348219,0,J123710.70-634821.9,5861421038041493760,0,0,STAR,tmgaia2,tmgaia2,,,,,,,,,,14.0427,0.042458,9.579,1.0,jhk,,,,,,,,,,,,,,,,,,189.29450782206,-63.80605384911,-58.641068515780745,-0.9778957663319376,"[64, 65]","['hlsp_tess-spoc_tess_phot_0000000415247286-s0064_tess_v1_lc.fits', 'hlsp_tess-spoc_tess_phot_0000000415247286-s0065_tess_v1_lc.fits']"
0.167449,OGLE-BLG-LPV-233272,4,256.14329166666664,-34.54925,40875914,256.14327020514,-34.54929302399,0,,,17043439-3432572,0,J170434.38-343257.3,5978086677881521024,0,0,STAR,tmgaia2,tmgaia2,,,,,,,,,,13.8312,0.034909,9.754,1.0,jhk,,,,,,,,,,,,,,,,,,256.14327020514,-34.54929302399,-9.543255090580454,4.068772159261512,[66],['hlsp_tess-spoc_tess_phot_0000000040875914-s0066_tess_v1_lc.fits']
0.154278,OGLE-GD-LPV-007314,4,225.27704166666663,-57.30513888888888,36140351,225.2769998194,-57.30517529751,0,,,15010649-5718184,0,J150106.51-571818.6,5880389194131434368,0,0,STAR,tmgaia2,tmgaia2,,,,,,,,,,13.522,0.03034,9.309,1.0,jhk,,,,,,,,,,,,,,,,,,225.2769998194,-57.30517529751,-40.23135629429785,1.2655408602251197,[65],['hlsp_tess-spoc_tess_phot_0000000036140351-s0065_tess_v1_lc.fits']
0.015311,OGLE-BLG-LPV-236757,4,260.146,-34.21161111111111,155383829,260.1459948926,-34.21161161088,0,,,17203503-3412419,0,J172035.02-341241.7,5979091528310266624,0,0,STAR,tmgaia2,tmgaia2,-1.089,0.655,-1.999,0.441,gaia2,-0.0324,0.2983,,,17.3154,0.03819,10.096,1.0,jhk,gaia2,,,,,,,,,,,4643.48,2687.39,1.4052,0.4219,1993.05,3381.73,260.14598922383,-34.21162021807,-7.327319746756389,1.593344811682417,[66],['hlsp_tess-spoc_tess_phot_0000000155383829-s0066_tess_v1_lc.fits']
0.054428,OGLE-GD-LPV-009155,4,234.6054583333333,-52.20352777777778,189607089,234.60543559448,-52.20353364083,0,,,15382530-5212127,0,J153825.31-521212.8,5886060921798273920,0,0,STAR,tmgaia2,tmgaia2,,,,,,,,,,14.2473,0.038689,9.612,1.0,jhk,,,,,,,,,,,,,,,,,,234.60543559448,-52.20353364083,-32.957207133544884,2.6730970906799323,[65],['hlsp_tess-spoc_tess_phot_0000000189607089-s0065_tess_v1_lc.fits']
0.154241,OGLE-GD-LPV-006487,4,220.5790833333333,-55.596694444444445,187210063,220.57901786816,-55.59671606635,0,,,14421899-5535479,0,J144218.95-553548.1,5893310964057731072,0,0,STAR,tmgaia2,tmgaia2,,,,,,,,,,16.2135,0.055862,9.268,1.0,jhk,,,,,,,,,,,,,,,,,,220.57901786816,-55.59671606635,-41.79378737560237,3.9520830685927,[65],['hlsp_tess-spoc_tess_phot_0000000187210063-s0065_tess_v1_lc.fits']
0.132982,OGLE-GD-LPV-018525,4,278.00620833333335,-6.331388888888888,216427148,278.00620024753,-6.33142494365,0,,,18320149-0619531,0,J183201.48-061953.1,4256194156651955456,0,0,STAR,tmgaia2,tmgaia2,,,,,,,,,,14.1215,0.027293,9.674,1.0,jhk,,,,,,,,,,,,,,,,,,278.00620024753,-6.33142494365,25.084772892094342,1.4068775350363896,[80],['hlsp_tess-spoc_tess_phot_0000000216427148-s0080_tess_v1_lc.fits']
0.121736,OGLE-BLG-LPV-237719,4,260.98549999999994,-40.37761111111112,199581402,260.98548620978,-40.37764325358,0,,,17235653-4022395,0,J172356.50-402239.4,5960263044553270016,0,0,STAR,tmgaia2,tmgaia2,,,,,,,,,,13.9855,0.036264,8.635,1.0,jhk,,,,,,,,,,,,,,,,,,260.98548620978,-40.37764325358,-12.028484336474213,-2.453120157656735,[66],['hlsp_tess-spoc_tess_phot_0000000199581402-s0066_tess_v1_lc.fits']
0.292251,OGLE-SMC-LPV-14860,3,15.40345833333333,-72.7448611111111,182293524,15.40344831626,-72.74477998459,0,,087-003540,01013681-7244411,0,J010136.81-724441.1,4687426259188252288,0,0,STAR,tmgaia2,tmgaia2,,,,,,,,13.974,0.137,14.7447,0.059593,13.316,0.066,gbprp,,,,,,,,,,,,,,,,,,15.40344831626,-72.74477998459,-58.123294951750296,-44.3625361909826,[68],['hlsp_tess-spoc_tess_phot_0000000182293524-s0068_tess_v1_lc.fits']
0.082219,OGLE-GD-LPV-022253,4,283.16925,-0.6965555555555556,54438058,283.1692487126,-0.69657835791,0,,,18524062-0041477,0,J185240.62-004147.6,4266079212877654528,0,0,STAR,tmgaia2,tmgaia2,,,,,,,,,,16.1268,0.043051,10.325,1.0,jhk,,,,,,,,,,,,,,,,,,283.1692487126,-0.69657835791,32.453223099271966,-0.5932925987720875,[80],['hlsp_tess-spoc_tess_phot_0000000054438058-s0080_tess_v1_lc.fits']
0.158326,OGLE-GD-LPV-007114,4,224.049375,-57.16119444444444,418872637,224.04929389887,-57.16119440046,0,,,14561182-5709402,0,J145611.79-570940.1,5880825700263846144,0,0,STAR,tmgaia2,tmgaia2,,,,,,,,,,14.7649,0.030332,9.816,1.0,jhk,,,,,,,,,,,,,,,,,,224.04929389887,-57.16119440046,-40.75075447196413,1.7043964390903166,[65],['hlsp_tess-spoc_tess_phot_0000000418872637-s0065_tess_v1_lc.fits']
0.004529,OGLE-GD-DSCT-1841,4,131.2604583333333,-43.3295,430615564,131.26045718257,-43.3294990608,0,7687-00388-1,234-030561,08450251-4319461,0,J084502.50-431946.2,5524032768268841088,20205360,0,STAR,tmgaia2,tmgaia2,-3.461,0.045,-2.297,0.043,gaia2,1.1607,0.0272,11.551,0.016,11.5334,0.002501,11.243,0.007,rered,gaia2,7126.0,144.8,3.7993,0.0907,,,2.631,0.121,1.59,0.277,841.046,19.362,0.0959,0.0102,18.924,19.8,131.26043669729,-43.32950895226,-96.85061439247497,-0.2845629896596591,"[8, 9, 35]","['hlsp_tess-spoc_tess_phot_0000000430615564-s0008_tess_v1_lc.fits', 'hlsp_tess-spoc_tess_phot_0000000430615564-s0009_tess_v1_lc.fits', 'hlsp_tess-spoc_tess_phot_0000000430615564-s0035_tess_v1_lc.fits']"
0.142486,OGLE-GD-DSCT-5519,4,240.24604166666663,-46.100388888888894,255456801,240.24598620313,-46.10039824293,0,,220-110767,16005904-4606013,0,J160059.04-460601.4,5985165088800128384,23849665,0,STAR,tmgaia2,tmgaia2,3.605,0.092,-5.206,0.059,gaia2,1.1118,0.0495,12.448,0.069,12.1545,0.002268,11.61,0.017,rered,gaia2,7949.0,191.8,3.6644,0.0804,,,3.368,0.171,1.91,0.3,878.914,38.588,0.6421,0.0217,36.927,40.249,240.24600858535,-46.10042065662,-26.24810284295948,5.120751514857065,[39],['hlsp_tess-spoc_tess_phot_0000000255456801-s0039_tess_v1_lc.fits']
0.055869,OGLE-GD-DSCT-4252,4,205.68216666666663,-63.59886111111111,321528595,205.6821355636,-63.59885407021,0,,133-105116,13424371-6335558,0,J134243.73-633555.7,5864605459882035712,30955353,0,STAR,tmgaia2,tmgaia2,-2.979,0.036,-1.694,0.042,gaia2,0.6916,0.0279,12.45,0.069,12.3135,0.005543,12.011,0.03,rered,gaia2,,,,,,,,,,,1389.93,54.38,0.9167,0.0315,52.29,56.47,205.68210671469,-63.59886136197,-51.40323992878178,-1.2926580238437668,"[11, 38]","['hlsp_tess-spoc_tess_phot_0000000321528595-s0011_tess_v1_lc.fits', 'hlsp_tess-spoc_tess_phot_0000000321528595-s0038_tess_v1_lc.fits']"
0.069251,OGLE-GD-DSCT-0384,4,98.43004166666664,-4.790972222222222,37315597,98.43004600485,-4.7909909667,0,4806-01634-1,427-017403,06334320-0447275,0,J063343.20-044727.5,3103543063151575808,1051691,0,STAR,tmgaia2,tmgaia2,-1.876,0.06,1.156,0.062,gaia2,1.2175,0.0374,11.283,0.013,11.4522,0.002544,11.109,0.016,rered,gaia2,6929.0,174.2,3.6961,0.0938,,,2.887,0.15,1.51,0.256,803.279,24.364,0.1337,0.0206,23.639,25.089,98.43003789844,-4.79098598969,-144.80635765375334,-6.118140897826756,[6],['hlsp_tess-spoc_tess_phot_0000000037315597-s0006_tess_v1_lc.fits']
0.066363,OGLE-GD-DSCT-2750,4,158.58504166666663,-51.926944444444445,448269095,158.58506497532,-51.92695598643,0,8209-03001-1,191-049289,10342041-5155370,0,J103420.40-515536.9,5357646147552841984,26419209,0,STAR,tmgaia2,tmgaia2,-12.059,0.057,6.875,0.054,gaia2,0.7804,0.0338,12.409,0.069,12.2885,0.006275,11.98,0.009,rered,gaia2,7405.0,183.5,3.762,0.0969,,,2.831,0.176,1.69,0.293,1237.5,52.235,0.1815,0.0102,50.07,54.4,158.58498078155,-51.92692638387,-77.48463720878988,5.425970140222323,[36],['hlsp_tess-spoc_tess_phot_0000000448269095-s0036_tess_v1_lc.fits']
0.140402,OGLE-GD-DSCT-0110,4,89.103625,16.811027777777777,92017453,89.10364388105,16.81106233753,0,1312-00289-1,535-021372,05562487+1648398,0,J055624.87+164839.7,3349766318388949632,43134777,0,STAR,tmgaia2,tmgaia2,4.229,0.076,-7.442,0.065,gaia2,0.9934,0.0469,11.718,0.025,11.5992,0.004633,11.271,0.021,rered,spect,7121.8,105.1,3.6175,0.1038,-0.053,0.016,3.233,0.233,1.58,0.278,980.469,45.539,0.1613,0.0246,43.467,47.611,89.10366290011,16.8110302949,-168.29714053972273,-4.054423783136564,"[6, 33, 43, 44, 45]","['hlsp_tess-spoc_tess_phot_0000000092017453-s0006_tess_v1_lc.fits', 'hlsp_tess-spoc_tess_phot_0000000092017453-s0033_tess_v1_lc.fits', 'hlsp_tess-spoc_tess_phot_0000000092017453-s0043_tess_v1_lc.fits', 'hlsp_tess-spoc_tess_phot_0000000092017453-s0044_tess_v1_lc.fits', 'hlsp_tess-spoc_tess_phot_0000000092017453-s0045_tess_v1_lc.fits']"
0.095682,OGLE-GD-DSCT-1885,4,132.28775,-50.00986111111112,145372195,132.2877674683,-50.00988520222,0,,200-024481,08490907-5000355,0,J084909.05-500035.5,5327923732600115200,24634579,0,STAR,tmgaia2,tmgaia2,-9.084,0.052,3.638,0.056,gaia2,0.7315,0.0326,12.818,0.114,12.6141,0.0085,12.298,0.021,rered,gaia2,13668.0,122.0,,,,,,,,,1317.91,57.215,0.6997,0.0207,54.78,59.65,132.28770660743,-50.00986953781,-91.19625812051822,-3.918253633013508,"[8, 9, 35, 36]","['hlsp_tess-spoc_tess_phot_0000000145372195-s0008_tess_v1_lc.fits', 'hlsp_tess-spoc_tess_phot_0000000145372195-s0009_tess_v1_lc.fits', 'hlsp_tess-spoc_tess_phot_0000000145372195-s0035_tess_v1_lc.fits', 'hlsp_tess-spoc_tess_phot_0000000145372195-s0036_tess_v1_lc.fits']"
0.143572,OGLE-GD-RRLYR-00966,4,131.79154166666666,-37.16277777777778,181719523,131.79152967179,-37.16273905918,0,,265-039018,08470996-3709458,0,J084709.96-370945.9,5625333351521002240,18006778,0,STAR,tmgaia2,tmgaia2,-2.024,0.043,-3.043,0.045,gaia2,0.7294,0.0312,12.631,0.046,12.3978,0.008213,11.632,0.012,rered,gaia2,5128.0,155.0,,,,,7.59,,,,1320.17,54.81,0.339,0.0096,52.58,57.04,131.79151873651,-37.16275216107,-101.4200267868617,3.87987235889593,[35],['hlsp_tess-spoc_tess_phot_0000000181719523-s0035_tess_v1_lc.fits']
0.276609,OGLE-GD-RRLYR-04195,4,227.61725,-63.90622222222222,454859654,227.61710539649,-63.90626533194,0,,131-130344,15102810-6354225,0,J151028.11-635422.5,5873369976303440128,31202396,0,STAR,tmgaia2,tmgaia2,8.584,0.049,2.442,0.059,gaia2,1.0156,0.0355,13.184,0.114,12.8094,0.009118,12.007,0.012,rered,gaia2,5148.0,160.0,,,,,4.871,,,,958.884,32.96,0.3992,0.0096,31.848,34.072,227.61718942825,-63.90625481767,-42.48806352619026,-5.042879787285953,"[38, 39]","['hlsp_tess-spoc_tess_phot_0000000454859654-s0038_tess_v1_lc.fits', 'hlsp_tess-spoc_tess_phot_0000000454859654-s0039_tess_v1_lc.fits']"
0.429535,OGLE-BLG-RRLYR-56578,4,271.4032083333333,-43.83272222222222,85771680,271.40330522261,-43.8326255208,0,7911-01078-1,231-155168,18053679-4349574,0,J180536.77-434957.6,6723991376017059200,21659134,0,STAR,tmgaia2,tmgaia2,-15.781,0.059,-21.68,0.049,gaia2,0.5721,0.0327,11.717,0.024,11.9858,0.01379,11.636,0.015,rered,gaia2,6678.0,302.6,3.2319,0.1454,,,4.761,0.507,1.41,0.267,1669.68,93.64,0.0873,0.0102,88.5,98.78,271.40321103011,-43.83271886486,-11.024562236835196,-10.85235218259117,[39],['hlsp_tess-spoc_tess_phot_0000000085771680-s0039_tess_v1_lc.fits']
0.035118,OGLE-GD-RRLYR-02280,4,179.77649999999997,-60.30513888888888,307108725,179.77651610441,-60.30514450289,0,,149-096951,11590637-6018185,0,J115906.38-601818.4,5341271082206872704,30648037,0,STAR,tmgaia2,tmgaia2,-4.635,0.048,0.369,0.044,gaia2,0.7789,0.0308,12.683,0.08,12.4318,0.009121,11.943,0.012,rered,gaia2,6363.0,189.6,3.3891,0.1104,,,3.77,0.272,1.27,0.211,1239.66,47.8,0.2252,0.0126,45.99,49.61,179.77647581539,-60.30514291518,-63.5100942772585,1.9104180970497684,[37],['hlsp_tess-spoc_tess_phot_0000000307108725-s0037_tess_v1_lc.fits']
0.209723,OGLE-SMC-ECL-8366,4,34.517875,-74.63475000000001,24692894,34.51783551337,-74.63480730925,0,,077-002205,02180426-7438052,0,J021804.30-743805.1,4643303991408990976,33528220,0,STAR,tmgaia2,tmgaia2,13.78,0.033,12.458,0.028,gaia2,0.8788,0.0162,13.28,0.092,13.1442,0.002286,12.707,0.006,rered,gaia2,5901.0,134.1,3.7675,0.078,,,2.239,0.11,1.07,0.138,1101.59,19.815,0.0397,0.0104,19.46,20.17,34.51805942241,-74.63475366859,-64.53756950007269,-41.21281989280704,"[27, 28, 29, 1, 2, 13]","['hlsp_tess-spoc_tess_phot_0000000024692894-s0027_tess_v1_lc.fits', 'hlsp_tess-spoc_tess_phot_0000000024692894-s0028_tess_v1_lc.fits', 'hlsp_tess-spoc_tess_phot_0000000024692894-s0029_tess_v1_lc.fits', 'hlsp_tess-spoc_tess_phot_0000000024692894-s0001_tess_v1_lc.fits', 'hlsp_tess-spoc_tess_phot_0000000024692894-s0002_tess_v1_lc.fits', 'hlsp_tess-spoc_tess_phot_0000000024692894-s0013_tess_v1_lc.fits']"
0.174135,OGLE-LMC-LPV-09701,3,74.73191666666665,-66.76155555555556,30468522,74.73194675351,-66.76150866411,0,,117-005270,04585565-6645414,0,J045855.66-664541.4,4662091793303287808,0,0,STAR,tmgaia2,tmgaia2,1.963,0.16,-0.146,0.211,gaia2,0.1185,0.1024,15.312,0.366,13.059,0.005396,11.946,0.008,rered,gaia2,3648.0,123.0,,,,,29.84,,,,3246.1,767.91,0.141,0.0,645.56,890.26,74.73196817602,-66.76150929059,-82.46316229833312,-35.770227967860365,"[61, 62, 63, 64, 65, 67, 68, 66]","['hlsp_tess-spoc_tess_phot_0000000030468522-s0061_tess_v1_lc.fits', 'hlsp_tess-spoc_tess_phot_0000000030468522-s0062_tess_v1_lc.fits', 'hlsp_tess-spoc_tess_phot_0000000030468522-s0063_tess_v1_lc.fits', 'hlsp_tess-spoc_tess_phot_0000000030468522-s0064_tess_v1_lc.fits', 'hlsp_tess-spoc_tess_phot_0000000030468522-s0065_tess_v1_lc.fits', 'hlsp_tess-spoc_tess_phot_0000000030468522-s0067_tess_v1_lc.fits', 'hlsp_tess-spoc_tess_phot_0000000030468522-s0068_tess_v1_lc.fits', 'hlsp_tess-spoc_tess_phot_0000000030468522-s0066_tess_v1_lc.fits']"
0.179579,OGLE-LMC-LPV-11976,3,75.35,-70.09827777777777,30632544,75.34985941639,-70.09826370141,0,,,05012399-7005536,0,J050123.98-700553.7,4655092989477462272,0,0,STAR,tmgaia2,tmgaia2,9.805,3.454,4.283,3.433,hsoy,,,,,15.0809,0.077828,13.574,0.082,gbprp,,,,,,,,,,,,,,,,,,75.34998343762,-70.09824526248,-78.60194094568504,-34.658703020375086,[61],['hlsp_tess-spoc_tess_phot_0000000030632544-s0061_tess_v1_lc.fits']
0.231149,OGLE-LMC-LPV-05878,3,73.43687499999999,-68.96647222222222,30105387,73.43685248212,-68.96640852491,0,,,04534486-6857593,0,J045344.84-685759.1,4655482525823008768,0,0,STAR,tmgaia2,tmgaia2,,,,,,,,,,15.1926,0.083675,13.622,0.084,gbprp,,,,,,,,,,,,,,,,,,73.43685248212,-68.96640852491,-79.68793843933761,-35.628031674598134,"[63, 64]","['hlsp_tess-spoc_tess_phot_0000000030105387-s0063_tess_v1_lc.fits', 'hlsp_tess-spoc_tess_phot_0000000030105387-s0064_tess_v1_lc.fits']"
0.064283,OGLE-GD-DSCT-2664,4,156.09445833333334,-58.70030555555556,464401254,156.09443593615,-58.70031910052,0,,157-044391,10242266-5842011,0,J102422.63-584201.4,5255565971891920128,27815648,0,STAR,tmgaia2,tmgaia2,-5.677,0.049,3.958,0.051,gaia2,0.6477,0.0294,12.326,0.057,12.2402,0.005962,11.96,0.012,rered,gaia2,8198.0,224.1,3.6968,0.0891,,,3.328,0.2,2.01,0.314,1480.49,65.095,0.2868,0.0156,62.29,67.9,156.09438888539,-58.70030206047,-75.1878768750909,-1.1015260472553614,"[10, 36, 37]","['hlsp_tess-spoc_tess_phot_0000000464401254-s0010_tess_v1_lc.fits', 'hlsp_tess-spoc_tess_phot_0000000464401254-s0036_tess_v1_lc.fits', 'hlsp_tess-spoc_tess_phot_0000000464401254-s0037_tess_v1_lc.fits']"
0.992218,OGLE-GD-DSCT-0725,4,106.32795833333331,-18.410777777777778,81047196,106.32796483131,-18.41050223053,0,,358-022351,07051871-1824378,0,J070518.71-182438.3,2934393953819890944,7858716,0,STAR,tmgaia2,tmgaia2,1.802,0.052,-49.872,0.05,gaia2,2.4684,0.0341,11.774,0.046,11.7587,0.001482,11.319,0.007,rered,gaia2,5857.0,142.1,4.0795,0.0756,,,1.554,0.082,1.058,0.126,400.547,5.507,0.0337,0.0116,5.433,5.581,106.32797301012,-18.41071695548,-129.09363215124466,-5.331866356545769,"[33, 7]","['hlsp_tess-spoc_tess_phot_0000000081047196-s0033_tess_v1_lc.fits', 'hlsp_tess-spoc_tess_phot_0000000081047196-s0007_tess_v1_lc.fits']"
0.138802,OGLE-GD-DSCT-0562,4,103.02045833333334,-8.200305555555556,123580083,103.02043610934,-8.20027388984,0,5379-00123-1,409-019961,06520490-0812010,0,J065204.90-081201.2,3051010837123235328,3260104,0,STAR,tmgaia2,tmgaia2,1.572,0.064,-3.336,0.066,gaia2,0.7672,0.0372,12.053,0.027,12.3594,0.001961,11.945,0.024,rered,gaia2,6873.0,200.2,3.5456,0.0962,,,3.411,0.211,1.49,0.265,1259.07,59.58,0.2289,0.0313,56.82,62.34,103.02044294642,-8.20028825227,-139.6873220096217,-3.5869910686241098,"[6, 33]","['hlsp_tess-spoc_tess_phot_0000000123580083-s0006_tess_v1_lc.fits', 'hlsp_tess-spoc_tess_phot_0000000123580083-s0033_tess_v1_lc.fits']"
0.039096,OGLE-GD-DSCT-1590,4,125.010625,-47.74366666666667,82893147,125.01062017605,-47.74365630251,0,,212-021997,08200255-4744371,0,J082002.54-474437.1,5516041689564586624,22550147,0,STAR,tmgaia2,tmgaia2,-1.045,0.049,1.281,0.046,gaia2,0.9369,0.0262,11.816,0.069,11.7302,0.003917,11.447,0.009,rered,gaia2,9207.0,254.5,3.8608,0.0758,,,2.967,0.125,2.33,0.338,1036.39,28.42,0.4232,0.0123,27.66,29.18,125.01061348724,-47.74365078516,-95.8787380761996,-6.42135300119306,"[8, 35]","['hlsp_tess-spoc_tess_phot_0000000082893147-s0008_tess_v1_lc.fits', 'hlsp_tess-spoc_tess_phot_0000000082893147-s0035_tess_v1_lc.fits']"
0.140677,OGLE-GD-LPV-025478,4,288.6374583333333,8.165944444444445,208795688,288.63748538226,8.16597290719,0,,,19143299+0809573,0,J191432.94+080956.9,4308046540898871936,0,0,STAR,tmgaia2,tmgaia2,,,,,,,,,,14.9204,0.019355,9.217,1.0,jhk,,,,,,,,,,,,,,,,,,288.63748538226,8.16597290719,42.83045837255875,-1.3707567737943882,"[80, 81]","['hlsp_tess-spoc_tess_phot_0000000208795688-s0080_tess_v1_lc.fits', 'hlsp_tess-spoc_tess_phot_0000000208795688-s0081_tess_v1_lc.fits']"
0.04966,OGLE-GD-LPV-025578,4,288.83691666666664,11.711,210217617,288.83692094786,11.71101314216,0,,,19152086+1142396,0,J191520.85+114239.7,4312921500556738944,0,0,STAR,tmgaia2,tmgaia2,,,,,,,,,,14.0351,0.001351,9.573,1.0,jhk,,,,,,,,,,,,,,,,,,288.83692094786,11.71101314216,46.06080577946524,0.1032555565954277,"[80, 81]","['hlsp_tess-spoc_tess_phot_0000000210217617-s0080_tess_v1_lc.fits', 'hlsp_tess-spoc_tess_phot_0000000210217617-s0081_tess_v1_lc.fits']"
0.157087,OGLE-GD-LPV-025575,4,288.8336666666666,5.210527777777778,174819771,288.83368601923,5.21048862938,0,,,19152008+0512379,0,J191520.08+051237.8,4293334594303232768,0,0,STAR,tmgaia2,tmgaia2,,,,,,,,,,13.6982,0.025782,9.298,1.0,jhk,,,,,,,,,,,,,,,,,,288.83368601923,5.21048862938,40.30060484509812,-2.9140095536686363,[80],['hlsp_tess-spoc_tess_phot_0000000174819771-s0080_tess_v1_lc.fits']
0.098232,OGLE-GD-LPV-025602,4,288.8923333333333,11.976944444444444,400782733,288.89233579512,11.97697162475,0,,510-100860,19153415+1158370,0,J191534.14+115836.8,4312981801900580480,0,0,STAR,tmgaia2,tmgaia2,-4.22,0.244,-5.518,0.208,gaia2,-0.4362,0.1917,16.864,0.217,11.5994,0.002779,9.45,0.11,rered,gaia2,,,,,,,,,,,6125.41,2344.29,1.2257,0.4297,1913.29,2775.29,288.89231722174,11.97694786493,46.32143700924807,0.1790174340625552,"[80, 81]","['hlsp_tess-spoc_tess_phot_0000000400782733-s0080_tess_v1_lc.fits', 'hlsp_tess-spoc_tess_phot_0000000400782733-s0081_tess_v1_lc.fits']"
0.067025,OGLE-GD-LPV-022026,4,282.8838333333333,-5.283027777777778,53101149,282.88384639992,-5.28304109481,0,,,18513212-0516589,0,J185132.12-051658.9,4254836122397607040,0,0,STAR,tmgaia2,tmgaia2,,,,,,,,,,14.2325,0.059013,10.09,1.0,jhk,,,,,,,,,,,,,,,,,,282.88384639992,-5.28304109481,28.238355530282902,-2.4278735728651246,[80],['hlsp_tess-spoc_tess_phot_0000000053101149-s0080_tess_v1_lc.fits']
0.123125,OGLE-GD-LPV-021341,4,281.93854166666665,-1.7830833333333334,226226950,281.93855512121,-1.78311477983,0,,,18474525-0146591,1237668709985620041,J184745.26-014659.2,4259889271612006272,0,0,STAR,tmgaia2,tmgaia2,,,,,,,,,,17.4949,0.026603,10.19,1.0,jhk,,,,,,,,,,,,,,,,,,281.93855512121,-1.78311477983,30.92513760803574,0.0062642073035354,[80],['hlsp_tess-spoc_tess_phot_0000000226226950-s0080_tess_v1_lc.fits']
0.190368,OGLE-GD-LPV-021501,4,282.146,-4.918027777777778,181979086,282.14597011116,-4.91807147585,0,,,18483503-0455048,0,J184835.02-045505.2,4255098287185975936,0,0,STAR,tmgaia2,tmgaia2,,,,,,,,,,14.3586,0.054956,10.023,1.0,jhk,,,,,,,,,,,,,,,,,,282.14597011116,-4.91807147585,28.22905642835157,-1.6073664699386088,[80],['hlsp_tess-spoc_tess_phot_0000000181979086-s0080_tess_v1_lc.fits']
0.178848,OGLE-GD-LPV-021495,4,282.1350416666666,-4.738416666666667,182026691,282.13502203946,-4.73846233413,0,,,18483241-0444183,0,J184832.45-044418.0,4255116807085396864,0,0,STAR,tmgaia2,tmgaia2,,,,,,,,,,15.7295,0.048646,9.04,1.0,jhk,,,,,,,,,,,,,,,,,,282.13502203946,-4.73846233413,28.384039038783254,-1.5158371337700858,[80],['hlsp_tess-spoc_tess_phot_0000000182026691-s0080_tess_v1_lc.fits']
0.018718,OGLE-GD-LPV-021544,4,282.2259583333333,-1.1809722222222223,182343845,282.22595398871,-1.18097507975,0,,,18485422-0110514,0,J184854.23-011051.4,4260039698544137344,0,0,STAR,tmgaia2,tmgaia2,,,,,,,,,,15.2091,0.039472,8.753,1.0,jhk,,,,,,,,,,,,,,,,,,282.22595398871,-1.18097507975,31.59201881324351,0.0252275114665613,[80],['hlsp_tess-spoc_tess_phot_0000000182343845-s0080_tess_v1_lc.fits']
0.145308,OGLE-GD-LPV-021826,4,282.6272916666666,-6.695944444444445,151444623,282.6272662344,-6.69597592778,0,,,18503056-0641451,0,J185030.53-064145.5,4252416543920034048,0,0,STAR,tmgaia2,tmgaia2,,,,,,,,,,13.341,0.037355,8.86,1.0,jhk,,,,,,,,,,,,,,,,,,282.6272662344,-6.69597592778,26.86222060283154,-2.8422296317774114,[80],['hlsp_tess-spoc_tess_phot_0000000151444623-s0080_tess_v1_lc.fits']
0.05254,OGLE-GD-LPV-021742,4,282.51041666666663,-4.54125,183171800,282.51040904145,-4.54126245867,0,,,18500249-0432285,0,J185002.50-043228.6,4255216587740057600,0,0,STAR,tmgaia2,tmgaia2,,,,,,,,,,15.0997,0.047445,9.367,1.0,jhk,,,,,,,,,,,,,,,,,,282.51040904145,-4.54126245867,28.730087785403413,-1.7591623299930306,[80],['hlsp_tess-spoc_tess_phot_0000000183171800-s0080_tess_v1_lc.fits']
0.062201,OGLE-GD-LPV-009056,4,234.15154166666665,-54.396166666666666,98008604,234.15151676712,-54.39615726486,0,,,15363636-5423461,0,J153636.38-542346.2,5885406025173506816,0,0,STAR,tmgaia2,tmgaia2,,,,,,,,,,15.8015,0.031957,9.931,1.0,jhk,,,,,,,,,,,,,,,,,,234.15151676712,-54.39615726486,-34.47128356485888,1.0633279060253025,[65],['hlsp_tess-spoc_tess_phot_0000000098008604-s0065_tess_v1_lc.fits']
0.075938,OGLE-GD-LPV-007979,4,229.15079166666663,-60.84413888888889,455464024,229.15076541909,-60.84415566479,0,,,15163619-6050386,0,J151636.19-605038.8,5875495920773568256,0,0,STAR,tmgaia2,tmgaia2,,,,,,,,,,14.5181,0.03282,9.894,1.0,jhk,,,,,,,,,,,,,,,,,,229.15076541909,-60.84415566479,-40.28765813325958,-2.792998160931738,[65],['hlsp_tess-spoc_tess_phot_0000000455464024-s0065_tess_v1_lc.fits']
0.049128,OGLE-GD-LPV-008359,4,231.0803333333333,-57.44994444444444,47447161,231.08031784722,-57.44993363684,0,,,15241928-5726597,0,J152419.30-572659.7,5882967170954583168,0,0,STAR,tmgaia2,tmgaia2,-1.437,0.611,-3.565,0.401,gaia2,-0.4781,0.2757,,,15.3888,0.065684,9.492,1.0,jhk,gaia2,,,,,,,,,,,5205.76,2330.14,1.7831,0.6521,1851.51,2808.76,231.08030634704,-57.44994898438,-37.623727830253934,-0.4676641483835742,[65],['hlsp_tess-spoc_tess_phot_0000000047447161-s0065_tess_v1_lc.fits']
0.117564,OGLE-GD-LPV-009683,4,236.8704583333333,-56.04038888888888,73151056,236.8704052306,-56.04040254648,0,,,15472891-5602254,0,J154728.85-560225.7,5884088604157205376,0,0,STAR,tmgaia2,tmgaia2,,,,,,,,,,15.2607,0.003527,9.488,1.0,jhk,,,,,,,,,,,,,,,,,,236.8704052306,-56.04040254648,-34.2254212099308,-1.1832612730732186,[65],['hlsp_tess-spoc_tess_phot_0000000073151056-s0065_tess_v1_lc.fits']
0.13618,OGLE-GD-LPV-009999,4,238.2768333333333,-55.93108333333333,83679943,238.27677181699,-55.93109893448,0,,,15530643-5555520,0,J155306.42-555551.9,5884137253161353088,0,0,STAR,tmgaia2,tmgaia2,,,,,,,,,,13.6,0.035724,9.028,1.0,jhk,,,,,,,,,,,,,,,,,,238.27677181699,-55.93109893448,-33.54348483252849,-1.590813264169011,[65],['hlsp_tess-spoc_tess_phot_0000000083679943-s0065_tess_v1_lc.fits']
0.111256,OGLE-GD-LPV-010083,4,238.65425,-50.120777777777775,286265255,238.65421635697,-50.12079990879,0,,,15543701-5007148,0,J155436.99-500714.8,5982585535774522752,0,0,STAR,tmgaia2,tmgaia2,,,,,,,,,,14.1902,0.037409,8.23,1.0,jhk,,,,,,,,,,,,,,,,,,238.65421635697,-50.12079990879,-29.671228169307803,2.747991504649247,[65],['hlsp_tess-spoc_tess_phot_0000000286265255-s0065_tess_v1_lc.fits']
0.185048,OGLE-GD-LPV-009272,4,235.1272083333333,-51.21522222222222,190137405,235.12712947753,-51.21520799851,0,,194-115296,15403051-5112548,0,J154030.58-511254.7,5889211056961904512,25975983,0,STAR,tmgaia2,tmgaia2,,,,,,,,13.34,0.057,12.6078,0.024216,9.394,0.114,vjk,,,,,,,,,,,,,,,,,,235.12712947753,-51.21520799851,-32.107126982981136,3.2735733726009584,[65],['hlsp_tess-spoc_tess_phot_0000000190137405-s0065_tess_v1_lc.fits']
0.062761,OGLE-GD-LPV-009079,4,234.2357083333333,-54.57969444444445,98006438,234.23571419621,-54.57967734508,0,,,15365657-5434467,0,J153656.58-543446.8,5885210380816551424,0,0,STAR,tmgaia2,tmgaia2,-5.238,0.609,-2.468,0.489,gaia2,0.2839,0.2803,,,15.3278,0.024318,9.613,1.0,jhk,gaia2,,,,,,,,,,,2933.32,1763.35,1.802,0.8445,1198.05,2328.66,234.23567528614,-54.5796879696,-34.539635502026485,0.8861216496671214,[65],['hlsp_tess-spoc_tess_phot_0000000098006438-s0065_tess_v1_lc.fits']
0.065611,OGLE-GD-LPV-009524,4,236.15391666666665,-55.94547222222222,68783553,236.15388502165,-55.94547648154,0,,,15443693-5556437,0,J154436.86-555643.8,5884289402407036160,0,0,STAR,tmgaia2,tmgaia2,,,,,,,,,,14.387,0.005728,9.355,1.0,jhk,,,,,,,,,,,,,,,,,,236.15388502165,-55.94547648154,-34.48332370878715,-0.86213459705137,[65],['hlsp_tess-spoc_tess_phot_0000000068783553-s0065_tess_v1_lc.fits']
0.121798,OGLE-GD-LPV-009488,4,236.00883333333329,-57.05425,67486666,236.00877670223,-57.05426400394,0,,,15440212-5703151,0,J154402.10-570315.1,5882530561746443648,0,0,STAR,tmgaia2,tmgaia2,,,,,,,,,,14.7796,0.004124,9.939,1.0,jhk,,,,,,,,,,,,,,,,,,236.00877670223,-57.05426400394,-35.22294660066006,-1.6922178877488956,[65],['hlsp_tess-spoc_tess_phot_0000000067486666-s0065_tess_v1_lc.fits']
0.165805,OGLE-GD-LPV-006494,4,220.60625,-60.50591666666666,403481244,220.60618851266,-60.50595137738,0,,,14422549-6030213,0,,5878134366345882752,0,0,STAR,tmgaia2,tmgaia2,,,,,,,,,,12.6927,0.001784,8.306,1.0,jhk,,,,,,,,,,,,,,,,,,220.60618851266,-60.50595137738,-43.81676379187997,-0.5216161656546988,[65],['hlsp_tess-spoc_tess_phot_0000000403481244-s0065_tess_v1_lc.fits']
0.075928,OGLE-GD-LPV-006603,4,221.40558333333328,-60.67325,292095006,221.4055858535,-60.673228945,0,,,14453733-6040235,0,J144537.39-604023.3,5878073068572248320,0,0,STAR,tmgaia2,tmgaia2,-3.006,0.223,-5.196,0.289,gaia2,1.0763,0.1954,,,13.3667,0.03523,8.918,1.0,jhk,gaia2,,,,,,,,,,,945.253,210.126,0.5246,0.1097,166.216,254.037,221.40555943172,-60.67325131728,-43.53075215610245,-0.8382867523458403,[65],['hlsp_tess-spoc_tess_phot_0000000292095006-s0065_tess_v1_lc.fits']
0.106335,OGLE-GD-LPV-006565,4,221.13916666666665,-59.34280555555556,189508959,221.13913828704,-59.34283130562,0,,,14443341-5920342,0,J144433.41-592033.8,5878956530477068800,0,0,STAR,tmgaia2,tmgaia2,,,,,,,,,,13.5648,0.029629,8.392,1.0,jhk,,,,,,,,,,,,,,,,,,221.13913828704,-59.34283130562,-43.08795659972348,0.4233601310705855,[65],['hlsp_tess-spoc_tess_phot_0000000189508959-s0065_tess_v1_lc.fits']
0.025607,OGLE-GD-LPV-005802,4,215.80104166666663,-59.86116666666667,414367130,215.80103646968,-59.86116004954,0,,151-145405,14231227-5951399,0,J142312.28-595140.1,5890781739364675968,28768317,0,STAR,tmgaia2,tmgaia2,,,,,,,,16.043,0.195,11.8541,0.015161,9.636,0.278,vjk,,,,,,,,,,,,,,,,,,215.80103646968,-59.86116004954,-45.779984004430986,0.9841039710924058,[65],['hlsp_tess-spoc_tess_phot_0000000414367130-s0065_tess_v1_lc.fits']
0.074606,OGLE-GD-LPV-006135,4,218.30616666666663,-59.16566666666667,292039010,218.30616344636,-59.16564600871,0,,,14331347-5909561,0,J143313.48-590956.3,5878877193852669952,0,0,STAR,tmgaia2,tmgaia2,-5.1,0.587,-3.518,0.512,gaia2,0.2901,0.2719,,,16.2609,0.060744,10.271,1.0,jhk,gaia2,,,,,,,,,,,2800.7,1609.76,1.3706,0.5785,1100.01,2119.5,218.30612060944,-59.16566115747,-44.34277754089836,1.1679461338159325,[65],['hlsp_tess-spoc_tess_phot_0000000292039010-s0065_tess_v1_lc.fits']
0.135781,OGLE-GD-LPV-006002,4,217.3625833333333,-59.11530555555556,290727542,217.36251000369,-59.11530316462,0,,,14292698-5906549,0,J142927.01-590655.0,5890880699733885056,0,0,STAR,tmgaia2,tmgaia2,,,,,,,,,,16.6672,0.051644,9.888,1.0,jhk,,,,,,,,,,,,,,,,,,217.36251000369,-59.11530316462,-44.77246057058853,1.3965292131990432,[65],['hlsp_tess-spoc_tess_phot_0000000290727542-s0065_tess_v1_lc.fits']
0.15644,OGLE-GD-LPV-007786,4,227.9667916666667,-58.162194444444445,41159134,227.96672783657,-58.16222191502,0,,,15115201-5809439,0,J151152.06-580943.1,5880059752957229824,0,0,STAR,tmgaia2,tmgaia2,,,,,,,,,,13.7585,0.02349,9.038,1.0,jhk,,,,,,,,,,,,,,,,,,227.96672783657,-58.16222191502,-39.40725806716496,-0.1893894856056506,[65],['hlsp_tess-spoc_tess_phot_0000000041159134-s0065_tess_v1_lc.fits']
0.085183,OGLE-GD-LPV-007889,4,228.62833333333327,-57.03908333333333,42505360,228.62829197931,-57.03909065897,0,,,15143080-5702207,0,J151430.82-570220.0,5886227841387237760,0,0,STAR,tmgaia2,tmgaia2,,,,,,,,,,14.4518,0.009337,9.01,1.0,jhk,,,,,,,,,,,,,,,,,,228.62829197931,-57.03909065897,-38.52406426029678,0.5896994848060565,[65],['hlsp_tess-spoc_tess_phot_0000000042505360-s0065_tess_v1_lc.fits']
0.169889,OGLE-GD-LPV-007855,4,228.4022083333333,-59.33075,41886579,228.4021382881,-59.33078082996,0,,,15133651-5919507,0,J151336.56-591950.7,5876929649525639040,0,0,STAR,tmgaia2,tmgaia2,,,,,,,,,,14.7376,0.003086,9.696,1.0,jhk,,,,,,,,,,,,,,,,,,228.4021382881,-59.33078082996,-39.81501304650298,-1.307561442508166,[65],['hlsp_tess-spoc_tess_phot_0000000041886579-s0065_tess_v1_lc.fits']
0.173466,OGLE-GD-LPV-007706,4,227.48579166666664,-60.199777777777776,454739716,227.48572996663,-60.19981494702,0,,,15095658-6011591,0,J150956.58-601159.0,5876502935937220992,0,0,STAR,tmgaia2,tmgaia2,,,,,,,,,,14.3164,0.014638,9.294,1.0,jhk,,,,,,,,,,,,,,,,,,227.48572996663,-60.19981494702,-40.65648318588727,-1.81801879975056,[65],['hlsp_tess-spoc_tess_phot_0000000454739716-s0065_tess_v1_lc.fits']
0.035954,OGLE-GD-LPV-006784,4,222.39675,-60.88194444444444,293718765,222.39676754508,-60.88194962646,0,,146-163220,14493523-6052548,0,J144935.27-605255.1,5877885326967339392,31141116,0,STAR,tmgaia2,tmgaia2,,,,,,,,16.808,0.194,12.8959,0.008084,9.933,0.032,vjk,,,,,,,,,,,,,,,,,,222.39676754508,-60.88194962646,-43.18449548572011,-1.235577983315936,[65],['hlsp_tess-spoc_tess_phot_0000000293718765-s0065_tess_v1_lc.fits']
0.127034,OGLE-GD-LPV-006906,4,223.09116666666665,-61.41302777777778,295186253,223.09109809777,-61.41304076658,0,,,14522187-6124468,0,J145221.87-612446.9,5877800428400777600,0,0,STAR,tmgaia2,tmgaia2,,,,,,,,,,13.9304,0.028659,8.801,1.0,jhk,,,,,,,,,,,,,,,,,,223.09109809777,-61.41304076658,-43.11974071476229,-1.8601886891750103,[65],['hlsp_tess-spoc_tess_phot_0000000295186253-s0065_tess_v1_lc.fits']
0.066339,OGLE-GD-LPV-007055,4,223.81029166666664,-58.87683333333334,418284790,223.81027537568,-58.87684972457,0,,,14551447-5852364,0,J145514.47-585236.0,5879814012103519488,0,0,STAR,tmgaia2,tmgaia2,,,,,,,,,,15.8687,0.053944,9.395,1.0,jhk,,,,,,,,,,,,,,,,,,223.81027537568,-58.87684972457,-41.6515304983403,0.2386812519292107,[65],['hlsp_tess-spoc_tess_phot_0000000418284790-s0065_tess_v1_lc.fits']
0.111437,OGLE-GD-LPV-007175,4,224.48887499999995,-56.20052777777778,414715784,224.48883259356,-56.20054782004,0,,,14575733-5612018,0,J145757.31-561201.8,5881455136332431104,0,0,STAR,tmgaia2,tmgaia2,,,,,,,,,,13.6922,0.030533,9.18,1.0,jhk,,,,,,,,,,,,,,,,,,224.48883259356,-56.20054782004,-40.0906096918205,2.4432724543554705,[65],['hlsp_tess-spoc_tess_phot_0000000414715784-s0065_tess_v1_lc.fits']
0.102481,OGLE-GD-LPV-013682,4,249.078125,-45.257888888888886,229730146,249.07810823811,-45.25791479541,0,,,16361874-4515284,0,J163618.75-451528.3,5943055447091684992,0,0,STAR,tmgaia2,tmgaia2,,,,,,,,,,15.2033,0.017089,9.938,1.0,jhk,,,,,,,,,,,,,,,,,,249.07810823811,-45.25791479541,-21.247664924756275,1.4016004028365272,[66],['hlsp_tess-spoc_tess_phot_0000000229730146-s0066_tess_v1_lc.fits']
0.062348,OGLE-GD-LPV-012736,4,247.07520833333328,-48.120305555555554,12280380,247.07521686187,-48.12028919932,0,,,16281805-4807130,0,,5941576191592396288,0,0,STAR,tmgaia2,tmgaia2,,,,,,,,,,16.2586,0.068121,9.409,1.0,jhk,,,,,,,,,,,,,,,,,,247.07521686187,-48.12028919932,-24.277838739690832,0.4529636239105073,[66],['hlsp_tess-spoc_tess_phot_0000000012280380-s0066_tess_v1_lc.fits']
0.107078,OGLE-GD-LPV-012857,4,247.3682083333333,-46.3035,226039755,247.3682135996,-46.30352952068,0,,,16292837-4618125,0,J162928.24-461812.3,5942190062710906368,0,0,STAR,tmgaia2,tmgaia2,,,,,,,,,,14.6309,0.004174,9.371,1.0,jhk,,,,,,,,,,,,,,,,,,247.3682135996,-46.30352952068,-22.825853876445933,1.5632967600827414,[66],['hlsp_tess-spoc_tess_phot_0000000226039755-s0066_tess_v1_lc.fits']
0.072492,OGLE-GD-LPV-012834,4,247.318125,-45.203138888888894,225736873,247.31813322983,-45.20315817256,0,,,16291635-4512114,0,J162916.35-451211.2,5943944986348136192,0,0,STAR,tmgaia2,tmgaia2,,,,,,,,,,16.3019,0.026846,9.645,1.0,jhk,,,,,,,,,,,,,,,,,,247.31813322983,-45.20315817256,-22.051893366452703,2.346691448520019,[66],['hlsp_tess-spoc_tess_phot_0000000225736873-s0066_tess_v1_lc.fits']
0.138189,OGLE-GD-LPV-012873,4,247.4165,-49.703500000000005,14918080,247.41646199694,-49.70352948518,0,,,16293995-4942125,0,J162939.92-494212.7,5940611645020000000,0,0,STAR,tmgaia2,tmgaia2,,,,,,,,,,14.2815,0.00186,9.62,1.0,jhk,,,,,,,,,,,,,,,,,,247.41646199694,-49.70352948518,-25.26854490821024,-0.8021659863018378,[66],['hlsp_tess-spoc_tess_phot_0000000014918080-s0066_tess_v1_lc.fits']
0.083778,OGLE-GD-LPV-013144,4,248.083,-49.98952777777778,19281302,248.08296399283,-49.989530154,0,,,16321992-4959223,0,J163219.92-495922.8,5940565465529300736,0,0,STAR,tmgaia2,tmgaia2,,,,,,,,,,14.696,0.044178,9.518,1.0,jhk,,,,,,,,,,,,,,,,,,248.08296399283,-49.989530154,-25.182241844265715,-1.311162486384118,[66],['hlsp_tess-spoc_tess_phot_0000000019281302-s0066_tess_v1_lc.fits']
0.182441,OGLE-GD-LPV-014486,4,250.70908333333327,-41.01511111111111,458253394,250.70901617969,-41.01511202385,0,,,16425017-4100543,0,J164250.16-410054.5,5969008044613451648,0,0,STAR,tmgaia2,tmgaia2,,,,,,,,,,14.632,0.056615,9.289,1.0,jhk,,,,,,,,,,,,,,,,,,250.70901617969,-41.01511202385,-17.28276310332493,3.331130849653116,[66],['hlsp_tess-spoc_tess_phot_0000000458253394-s0066_tess_v1_lc.fits']
0.034605,OGLE-GD-LPV-014564,4,250.8728749999999,-39.93275,397724397,250.87286377156,-39.9327457256,0,,,16432948-3955578,0,J164329.49-395557.8,5969223102276645760,0,0,STAR,tmgaia2,tmgaia2,,,,,,,,,,13.8477,0.008212,9.326,1.0,jhk,,,,,,,,,,,,,,,,,,250.87286377156,-39.9327457256,-16.381387826956445,3.9458104275357018,[66],['hlsp_tess-spoc_tess_phot_0000000397724397-s0066_tess_v1_lc.fits']
0.055041,OGLE-GD-LPV-014679,4,251.05145833333333,-47.80316666666666,234546485,251.05144025366,-47.80317595574,0,,,16441235-4748113,0,J164412.35-474811.4,5939531203060410240,0,0,STAR,tmgaia2,tmgaia2,,,,,,,,,,14.9109,0.062391,9.937,1.0,jhk,,,,,,,,,,,,,,,,,,251.05144025366,-47.80317595574,-22.25132251039142,-1.302644065714829,[66],['hlsp_tess-spoc_tess_phot_0000000234546485-s0066_tess_v1_lc.fits']
0.153198,OGLE-GD-LPV-014758,4,251.191,-47.41613888888889,235429067,251.19096266917,-47.41617313543,0,,,16444582-4724580,0,J164445.88-472457.7,5939636687453893120,0,0,STAR,tmgaia2,tmgaia2,,,,,,,,,,14.034,0.041341,9.717,1.0,jhk,,,,,,,,,,,,,,,,,,251.19096266917,-47.41617313543,-21.896773528183367,-1.121007145774863,[66],['hlsp_tess-spoc_tess_phot_0000000235429067-s0066_tess_v1_lc.fits']
0.045767,OGLE-GD-LPV-013904,4,249.48766666666663,-50.26938888888889,31906747,249.48767067683,-50.26940134082,0,,,16375703-5016097,0,J163757.04-501609.6,5940395316143674752,0,0,STAR,tmgaia2,tmgaia2,-2.764,0.357,-2.727,0.242,gaia2,0.0361,0.2459,,,13.8478,0.036398,9.541,1.0,jhk,gaia2,,,,,,,,,,,4122.5,2163.02,1.3652,0.3265,1603.56,2722.49,249.48765205576,-50.26941308384,-24.780357693008053,-2.164259419761984,[66],['hlsp_tess-spoc_tess_phot_0000000031906747-s0066_tess_v1_lc.fits']
0.01806,OGLE-GD-LPV-014015,4,249.7165416666666,-42.406638888888885,231463126,249.71653528739,-42.40664061476,0,,,16385197-4224238,0,J163851.96-422423.8,5968459903708556928,0,0,STAR,tmgaia2,tmgaia2,-4.726,0.447,-6.737,0.337,gaia2,-0.6076,0.249,,,14.3974,0.009989,9.976,1.0,jhk,gaia2,,,,,,,,,,,5800.96,2403.91,1.8292,0.1756,1943.07,2864.75,249.71650772842,-42.40666962129,-18.81907223783256,2.967624214419544,[66],['hlsp_tess-spoc_tess_phot_0000000231463126-s0066_tess_v1_lc.fits']
0.077678,OGLE-GD-LPV-013883,4,249.435,-45.53194444444444,230454610,249.43497051128,-45.5319506779,0,,,16374439-4531549,0,J163744.40-453154.8,5943036617951915008,0,0,STAR,tmgaia2,tmgaia2,,,,,,,,,,15.1062,0.011743,9.488,1.0,jhk,,,,,,,,,,,,,,,,,,249.43497051128,-45.5319506779,-21.28270470058287,1.03189687456989,[66],['hlsp_tess-spoc_tess_phot_0000000230454610-s0066_tess_v1_lc.fits']
0.08377,OGLE-GD-LPV-011153,4,242.7900416666666,-49.14266666666666,215981801,242.79006697847,-49.1426830155,0,,,16110963-4908336,0,J161109.63-490833.5,5983668073671230720,0,0,STAR,tmgaia2,tmgaia2,,,,,,,,,,15.319,0.042545,10.316,1.0,jhk,,,,,,,,,,,,,,,,,,242.79006697847,-49.1426830155,-27.01227411225484,1.713323996492647,[65],['hlsp_tess-spoc_tess_phot_0000000215981801-s0065_tess_v1_lc.fits']
0.163878,OGLE-GD-LPV-011151,4,242.777875,-51.85355555555556,215888627,242.77782522873,-51.8535891282,0,,,16110668-5151128,0,J161106.69-515112.0,5933413279841788416,0,0,STAR,tmgaia2,tmgaia2,,,,,,,,,,14.9901,0.009136,8.683,1.0,jhk,,,,,,,,,,,,,,,,,,242.77782522873,-51.8535891282,-28.86457737878263,-0.2662819202698184,[65],['hlsp_tess-spoc_tess_phot_0000000215888627-s0065_tess_v1_lc.fits']
0.053745,OGLE-GD-LPV-010382,4,240.0567083333333,-53.84483333333333,300267988,240.05672176145,-53.84484598718,0,,,16001361-5350413,0,J160013.68-535041.3,5980796630342191488,0,0,STAR,tmgaia2,tmgaia2,,,,,,,,,,17.0808,0.044777,9.485,1.0,jhk,,,,,,,,,,,,,,,,,,240.05672176145,-53.84484598718,-31.41694692668124,-0.6531105059529645,[65],['hlsp_tess-spoc_tess_phot_0000000300267988-s0065_tess_v1_lc.fits']
0.098359,OGLE-GD-LPV-010291,4,239.65604166666665,-49.33283333333333,295473045,239.65600312257,-49.33284408461,0,,,15583745-4919581,0,J155837.46-491958.3,5984177731677902720,0,0,STAR,tmgaia2,tmgaia2,,,,,,,,,,14.7337,0.051973,9.914,1.0,jhk,,,,,,,,,,,,,,,,,,239.65600312257,-49.33284408461,-28.66710991578596,2.9335020729532943,[65],['hlsp_tess-spoc_tess_phot_0000000295473045-s0065_tess_v1_lc.fits']
0.188623,OGLE-GD-LPV-010298,4,239.6897083333333,-55.01080555555556,421274385,239.68963214797,-55.01083448268,0,,175-145356,15584552-5500387,0,J155845.60-550039.4,5836622584107436160,29068072,0,STAR,tmgaia2,tmgaia2,,,,,,,,18.132,1.134,12.5161,0.029573,9.799,0.178,vjk,,,,,,,,,,,,,,,,,,239.68963214797,-55.01083448268,-32.33834935531751,-1.3990072208589728,[65],['hlsp_tess-spoc_tess_phot_0000000421274385-s0065_tess_v1_lc.fits']
0.045343,OGLE-GD-LPV-010380,4,240.05016666666663,-47.38902777777778,255440604,240.05015161638,-47.38902037362,0,,,16001203-4723204,0,J160012.05-472320.2,5984814486359873024,0,0,STAR,tmgaia2,tmgaia2,,,,,,,,,,13.5666,0.022517,9.051,1.0,jhk,,,,,,,,,,,,,,,,,,240.05015161638,-47.38902037362,-27.19809218775672,4.23636164766131,[65],['hlsp_tess-spoc_tess_phot_0000000255440604-s0065_tess_v1_lc.fits']
0.093911,OGLE-GD-LPV-010733,4,241.3864166666666,-48.55797222222222,214983862,241.38637822824,-48.55797798894,0,,,16053274-4833287,0,J160532.73-483328.7,5983573653108641408,0,0,STAR,tmgaia2,tmgaia2,,,,,,,,,,13.65,0.029309,8.3,1.0,jhk,,,,,,,,,,,,,,,,,,241.38637822824,-48.55797798894,-27.299980266060786,2.7679539399460285,[65],['hlsp_tess-spoc_tess_phot_0000000214983862-s0065_tess_v1_lc.fits']
0.130523,OGLE-GD-LPV-003936,4,200.50704166666665,-63.93763888888888,449565797,200.50696099976,-63.93763124302,0,,,13220168-6356154,0,J132201.57-635615.6,5865112133008424576,0,0,STAR,tmgaia2,tmgaia2,,,,,,,,,,13.8323,0.028361,9.17,1.0,jhk,,,,,,,,,,,,,,,,,,200.50696099976,-63.93763124302,-53.715361965064126,-1.2652029943563174,[65],['hlsp_tess-spoc_tess_phot_0000000449565797-s0065_tess_v1_lc.fits']
0.128848,OGLE-GD-LPV-004217,4,202.58225,-63.08566666666667,314542111,202.58217093572,-63.08566705405,0,,,13301975-6305083,0,J133019.71-630508.4,5865255825355912320,0,0,STAR,tmgaia2,tmgaia2,,,,,,,,,,14.6472,0.039327,9.526,1.0,jhk,,,,,,,,,,,,,,,,,,202.58217093572,-63.08566705405,-52.68360186239992,-0.5454694323061694,[65],['hlsp_tess-spoc_tess_phot_0000000314542111-s0065_tess_v1_lc.fits']
0.184693,OGLE-GD-LPV-003823,4,199.36283333333333,-59.68136111111111,359104700,199.3627380875,-59.68137900732,0,,,13172707-5940528,0,J131727.06-594053.1,6061894374619301120,0,0,STAR,tmgaia2,tmgaia2,,,,,,,,,,15.0609,0.018899,9.926,1.0,jhk,,,,,,,,,,,,,,,,,,199.3627380875,-59.68137900732,-53.785806098208575,3.024501882546574,"[64, 65]","['hlsp_tess-spoc_tess_phot_0000000359104700-s0064_tess_v1_lc.fits', 'hlsp_tess-spoc_tess_phot_0000000359104700-s0065_tess_v1_lc.fits']"
0.138696,OGLE-GD-LPV-003637,4,197.23825,-59.869277777777775,253484362,197.23817366314,-59.86927378488,0,,,13085718-5952093,0,J130857.15-595209.2,6055931001541632384,0,0,STAR,tmgaia2,tmgaia2,,,,,,,,,,14.1339,0.025832,9.882,1.0,jhk,,,,,,,,,,,,,,,,,,197.23817366314,-59.86927378488,-54.86877173521763,2.927654857455595,"[64, 65]","['hlsp_tess-spoc_tess_phot_0000000253484362-s0064_tess_v1_lc.fits', 'hlsp_tess-spoc_tess_phot_0000000253484362-s0065_tess_v1_lc.fits']"
0.096993,OGLE-GD-LPV-005289,4,211.9434583333333,-61.98547222222222,330118076,211.94341431321,-61.98548949645,0,,,14074641-6159076,0,J140746.57-615908.8,5866114200320951168,0,0,STAR,tmgaia2,tmgaia2,,,,,,,,,,14.0189,0.02244,8.697,1.0,jhk,,,,,,,,,,,,,,,,,,211.94341431321,-61.98548949645,-48.2340317846929,-0.4301007497564256,[65],['hlsp_tess-spoc_tess_phot_0000000330118076-s0065_tess_v1_lc.fits']
0.138118,OGLE-GD-LPV-005111,4,210.52229166666663,-61.74652777777778,327498675,210.52223612749,-61.74655571985,0,,,14020534-6144476,0,J140205.36-614446.5,5866284727695849984,0,0,STAR,tmgaia2,tmgaia2,,,,,,,,,,13.8002,0.024982,8.508,1.0,jhk,,,,,,,,,,,,,,,,,,210.52223612749,-61.74655571985,-48.81021700735678,-0.0127752642652553,[65],['hlsp_tess-spoc_tess_phot_0000000327498675-s0065_tess_v1_lc.fits']
0.181747,OGLE-GD-LPV-005167,4,211.0868333333333,-60.759972222222224,328343963,211.08675726967,-60.76000640239,0,,,14042085-6045358,0,J140420.81-604535.8,5866490679972067328,0,0,STAR,tmgaia2,tmgaia2,,,,,,,,,,13.2633,0.002123,8.509,1.0,jhk,,,,,,,,,,,,,,,,,,211.08675726967,-60.76000640239,-48.27856801168102,0.861501299037812,[65],['hlsp_tess-spoc_tess_phot_0000000328343963-s0065_tess_v1_lc.fits']
0.130377,OGLE-GD-LPV-005374,4,212.60929166666665,-62.22972222222222,331661615,212.60926332432,-62.22975594466,0,,,14102624-6213471,0,J141026.22-621347.2,5854107017965611392,0,0,STAR,tmgaia2,tmgaia2,,,,,,,,,,13.6533,0.014108,8.606,1.0,jhk,,,,,,,,,,,,,,,,,,212.60926332432,-62.22975594466,-48.008751183155006,-0.7555738889936551,[65],['hlsp_tess-spoc_tess_phot_0000000331661615-s0065_tess_v1_lc.fits']
0.19668,OGLE-GD-LPV-001792,4,171.51379166666663,-62.60791666666667,316099116,171.51367773986,-62.60790125677,0,,,11260330-6236284,0,J112603.30-623628.5,5333869414756390528,0,0,STAR,tmgaia2,tmgaia2,,,,,,,,,,16.5184,0.042851,10.269,1.0,jhk,,,,,,,,,,,,,,,,,,171.51367773986,-62.60790125677,-66.71123941700691,-1.3456545610065211,[64],['hlsp_tess-spoc_tess_phot_0000000316099116-s0064_tess_v1_lc.fits']
0.148926,OGLE-GD-LPV-001638,4,168.69266666666664,-61.55333333333333,467484241,168.69258247227,-61.55334347846,0,,,11144624-6133120,0,J111446.22-613311.9,5337032984599420416,0,0,STAR,tmgaia2,tmgaia2,,,,,,,,,,13.8063,0.030962,9.288,1.0,jhk,,,,,,,,,,,,,,,,,,168.69258247227,-61.55334347846,-68.31459510800303,-0.8105520055080956,[64],['hlsp_tess-spoc_tess_phot_0000000467484241-s0064_tess_v1_lc.fits']
0.156266,OGLE-GD-LPV-002019,4,175.89954166666664,-61.747416666666666,322410933,175.8994719572,-61.74738846469,0,,,11433590-6144506,0,J114335.88-614450.7,5334906666585939584,0,0,STAR,tmgaia2,tmgaia2,,,,,,,,,,14.4007,0.033913,9.628,1.0,jhk,,,,,,,,,,,,,,,,,,175.8994719572,-61.74738846469,-65.00485961707462,0.074480496130719,[64],['hlsp_tess-spoc_tess_phot_0000000322410933-s0064_tess_v1_lc.fits']
0.014586,OGLE-GD-LPV-001923,4,174.13224999999997,-62.95705555555556,319357493,174.13224624497,-62.95705922995,0,,,11363176-6257254,0,J113631.75-625725.3,5333981599307993856,0,0,STAR,tmgaia2,tmgaia2,,,,,,,,,,14.3361,0.052084,7.861,1.0,jhk,,,,,,,,,,,,,,,,,,174.13224624497,-62.95705922995,-65.46397795661062,-1.312844372144578,[64],['hlsp_tess-spoc_tess_phot_0000000319357493-s0064_tess_v1_lc.fits']
0.14786,OGLE-GD-LPV-001963,4,174.79949999999997,-63.09222222222223,320231506,174.79941106076,-63.09221404469,0,,,11391188-6305319,0,J113911.89-630531.9,5333961705020034560,0,0,STAR,tmgaia2,tmgaia2,,,,,,,,,,13.9059,0.034237,9.879,1.0,jhk,,,,,,,,,,,,,,,,,,174.79941106076,-63.09221404469,-65.13543895714722,-1.357545782726579,[64],['hlsp_tess-spoc_tess_phot_0000000320231506-s0064_tess_v1_lc.fits']
0.156507,OGLE-GD-LPV-001267,4,160.24799999999996,-60.671527777777776,390107065,160.2479122959,-60.67152110319,0,,147-056658,10405952-6040175,0,J104059.51-604017.5,5254134721324246784,30347086,0,STAR,tmgaia2,tmgaia2,,,,,,,,15.517,0.137,13.3364,0.024494,9.743,0.029,vjk,,,,,,,,,,,,,,,,,,160.2479122959,-60.67152110319,-72.38171195223298,-1.7383438352462306,"[63, 64]","['hlsp_tess-spoc_tess_phot_0000000390107065-s0063_tess_v1_lc.fits', 'hlsp_tess-spoc_tess_phot_0000000390107065-s0064_tess_v1_lc.fits']"
0.148228,OGLE-GD-LPV-001229,4,159.22608333333332,-56.87072222222222,458146473,159.22603139301,-56.87069239763,0,,,10365427-5652145,0,J103654.26-565214.2,5351994898310111232,27963207,0,STAR,tmgaia2,tmgaia2,,,,,,,,,,14.4779,0.044185,9.039,1.0,jhk,,,,,,,,,,,,,,,,,,159.22603139301,-56.87069239763,-74.693405770228,1.3248731962350653,"[63, 64]","['hlsp_tess-spoc_tess_phot_0000000458146473-s0063_tess_v1_lc.fits', 'hlsp_tess-spoc_tess_phot_0000000458146473-s0064_tess_v1_lc.fits']"
0.116532,OGLE-GD-LPV-003175,4,191.936625,-62.30933333333333,369317129,191.93655577973,-62.30933695607,0,,,12474478-6218336,0,J124744.79-621833.5,6055207213624483712,0,0,STAR,tmgaia2,tmgaia2,,,,,,,,,,13.6153,0.03171,8.174,1.0,jhk,,,,,,,,,,,,,,,,,,191.93655577973,-62.30933695607,-57.49692836200402,0.559340430787418,"[64, 65]","['hlsp_tess-spoc_tess_phot_0000000369317129-s0064_tess_v1_lc.fits', 'hlsp_tess-spoc_tess_phot_0000000369317129-s0065_tess_v1_lc.fits']"
0.086227,OGLE-GD-LPV-003265,4,193.19066666666663,-61.83725,435808018,193.19063028445,-61.8372666981,0,,,12524575-6150141,0,,6055336921630307200,0,0,STAR,tmgaia2,tmgaia2,-7.631,0.332,-0.082,0.291,gaia2,0.4331,0.2192,,,15.6668,0.038842,9.937,1.0,jhk,gaia2,,,,,,,,,,,2353.45,1413.69,1.2316,0.5777,862.08,1965.29,193.19056067397,-61.83726705164,-56.9117362442425,1.0340954482479432,"[64, 65]","['hlsp_tess-spoc_tess_phot_0000000435808018-s0064_tess_v1_lc.fits', 'hlsp_tess-spoc_tess_phot_0000000435808018-s0065_tess_v1_lc.fits']"
0.177066,OGLE-GD-LPV-002352,4,181.40716666666663,-64.22316666666667,379770097,181.40706935571,-64.22319173462,0,,,12053772-6413232,0,J120537.71-641323.5,6054021390360784000,0,0,STAR,tmgaia2,tmgaia2,,,,,,,,,,14.1564,0.040935,9.503,1.0,jhk,,,,,,,,,,,,,,,,,,181.40706935571,-64.22319173462,-62.023812051525766,-1.7930836233088057,"[64, 65]","['hlsp_tess-spoc_tess_phot_0000000379770097-s0064_tess_v1_lc.fits', 'hlsp_tess-spoc_tess_phot_0000000379770097-s0065_tess_v1_lc.fits']"
0.075417,OGLE-GD-LPV-002405,4,182.13625,-63.9415,381043627,182.13620348176,-63.94149538738,0,,,12083269-6356294,0,J120832.68-635629.3,6054078736769849984,0,0,STAR,tmgaia2,tmgaia2,,,,,,,,,,14.7091,0.048598,10.276,1.0,jhk,,,,,,,,,,,,,,,,,,182.13620348176,-63.94149538738,-61.7579731817444,-1.4610176689385368,[65],['hlsp_tess-spoc_tess_phot_0000000381043627-s0065_tess_v1_lc.fits']
0.091958,OGLE-GD-LPV-002406,4,182.15754166666665,-64.64622222222224,381055518,182.15748828769,-64.6462108185,0,,,12083783-6438463,0,J120837.82-643846.3,6053235445704044672,0,0,STAR,tmgaia2,tmgaia2,,,,,,,,,,14.5156,0.043986,9.544,1.0,jhk,,,,,,,,,,,,,,,,,,182.15748828769,-64.6462108185,-61.63215872294534,-2.154491068480432,"[64, 65]","['hlsp_tess-spoc_tess_phot_0000000381055518-s0064_tess_v1_lc.fits', 'hlsp_tess-spoc_tess_phot_0000000381055518-s0065_tess_v1_lc.fits']"
0.097839,OGLE-GD-LPV-002470,4,183.28095833333333,-62.9855,382293578,183.28090191861,-62.98550905574,0,,,12130743-6259078,0,J121307.39-625907.4,6054413057010416384,0,0,STAR,tmgaia2,tmgaia2,,,,,,,,,,15.0313,0.053556,9.277,1.0,jhk,,,,,,,,,,,,,,,,,,183.28090191861,-62.98550905574,-61.40281371319781,-0.4366647363743398,"[64, 65]","['hlsp_tess-spoc_tess_phot_0000000382293578-s0064_tess_v1_lc.fits', 'hlsp_tess-spoc_tess_phot_0000000382293578-s0065_tess_v1_lc.fits']"
0.096252,OGLE-BLG-LPV-254934,4,269.10541666666666,-13.052194444444446,209962771,269.10539072906,-13.05220318552,0,,,17562529-1303077,0,J175625.26-130307.9,4150471986144798464,0,0,STAR,tmgaia2,tmgaia2,,,,,,,,,,13.8402,0.041409,9.795,1.0,jhk,,,,,,,,,,,,,,,,,,269.10539072906,-13.05220318552,14.978158593063354,5.920788461178657,[80],['hlsp_tess-spoc_tess_phot_0000000209962771-s0080_tess_v1_lc.fits']
0.155301,OGLE-BLG-LPV-255662,4,269.50608333333327,-12.419472222222222,211872584,269.5060669473,-12.4194321609,0,,388-088896,17580145-1225099,0,J175801.45-122510.0,4151343112907706112,6629464,0,STAR,tmgaia2,tmgaia2,-2.147,0.215,-7.858,0.178,gaia2,0.2944,0.1148,15.807,0.103,12.2986,0.014292,10.381,0.027,rered,gaia2,3228.0,129.0,,,,,,,,,3128.27,1315.14,1.0933,0.0693,896.01,1734.27,269.50605748102,-12.41946599262,15.725292042969476,5.8930226596851565,[80],['hlsp_tess-spoc_tess_phot_0000000211872584-s0080_tess_v1_lc.fits']
0.028218,OGLE-BLG-LPV-252653,4,267.90904166666667,-31.66408333333333,444811020,267.90904261258,-31.66407553639,0,,,17513816-3139507,0,J175138.20-313950.7,4055659414860952064,0,0,STAR,tmgaia2,tmgaia2,-1.48,0.533,-4.082,0.43,gaia2,0.5334,0.2824,,,14.0585,0.01954,9.355,1.0,jhk,gaia2,,,,,,,,,,,2655.59,2655.59,1.3043,0.5623,1285.23,4059.38,267.90903512554,-31.66409310986,-1.6693551756569636,-2.5183698532243164,[66],['hlsp_tess-spoc_tess_phot_0000000444811020-s0066_tess_v1_lc.fits']
0.067306,OGLE-BLG-LPV-248304,4,265.8687916666666,-39.10163888888889,149866311,265.86876844416,-39.10164386673,0,,,17432850-3906058,0,J174328.51-390605.7,5961196220731510272,0,0,STAR,tmgaia2,tmgaia2,,,,,,,,,,13.377,0.02372,9.333,1.0,jhk,,,,,,,,,,,,,,,,,,265.86876844416,-39.10164386673,-8.917452887088919,-4.920142191492415,[66],['hlsp_tess-spoc_tess_phot_0000000149866311-s0066_tess_v1_lc.fits']
0.134675,OGLE-BLG-LPV-235091,4,258.6102916666667,-38.91197222222222,188422081,258.61031070351,-38.9120065743,0,,,17142645-3854431,0,,5972332761680561280,0,0,STAR,tmgaia2,tmgaia2,,,,,,,,,,13.2307,0.009939,8.671,1.0,jhk,,,,,,,,,,,,,,,,,,258.61031070351,-38.9120065743,-11.877170675049555,-0.1144230772153833,[66],['hlsp_tess-spoc_tess_phot_0000000188422081-s0066_tess_v1_lc.fits']
0.161202,OGLE-BLG-LPV-235582,4,259.1110416666666,-36.12627777777778,463390708,259.11102253256,-36.12631980453,0,,,17162666-3607347,0,J171626.64-360734.3,5973954021567878400,0,0,STAR,tmgaia2,tmgaia2,,,,,,,,,,13.4139,0.036322,8.651,1.0,jhk,,,,,,,,,,,,,,,,,,259.11102253256,-36.12631980453,-9.38078044640139,1.1842674260367507,[66],['hlsp_tess-spoc_tess_phot_0000000463390708-s0066_tess_v1_lc.fits']
0.102897,OGLE-BLG-LPV-237096,4,260.44129166666664,-34.01413888888889,156233001,260.44128191299,-34.01416630424,0,,,17214591-3400509,0,J172145.88-340052.2,5976098176619340416,0,0,STAR,tmgaia2,tmgaia2,,,,,,,,,,15.201,0.046314,9.349,1.0,jhk,,,,,,,,,,,,,,,,,,260.44128191299,-34.01416630424,-7.025681407718476,1.504759157127619,[66],['hlsp_tess-spoc_tess_phot_0000000156233001-s0066_tess_v1_lc.fits']
0.029847,OGLE-BLG-LPV-237425,4,260.72566666666665,-40.94338888888888,197862990,260.72567404306,-40.94339502833,0,,,17225415-4056362,0,J172254.16-405636.1,5959861551020870656,0,0,STAR,tmgaia2,tmgaia2,,,,,,,,,,14.1373,0.011253,9.843,1.0,jhk,,,,,,,,,,,,,,,,,,260.72567404306,-40.94339502833,-12.607473650896024,-2.6092591301792303,[66],['hlsp_tess-spoc_tess_phot_0000000197862990-s0066_tess_v1_lc.fits']
0.051943,OGLE-BLG-LPV-233565,4,256.7222083333333,-38.39319444444445,378345107,256.72219163696,-38.39320052219,0,,,17065332-3823353,0,J170653.35-382335.5,5973293356818176384,0,0,STAR,tmgaia2,tmgaia2,,,,,,,,,,14.6918,0.066393,8.734,1.0,jhk,,,,,,,,,,,,,,,,,,256.72219163696,-38.39320052219,-12.33342304996618,1.3805732856943598,[66],['hlsp_tess-spoc_tess_phot_0000000378345107-s0066_tess_v1_lc.fits']
0.080123,OGLE-BLG-LPV-233187,4,255.9389583333333,-38.28808333333333,347463813,255.93895279593,-38.28810516134,0,,,17034534-3817170,0,J170345.33-381717.0,5976303098134918528,0,0,STAR,tmgaia2,tmgaia2,,,,,,,,,,13.7557,0.019749,9.756,1.0,jhk,,,,,,,,,,,,,,,,,,255.93895279593,-38.28810516134,-12.621168472413045,1.9334942295850224,[66],['hlsp_tess-spoc_tess_phot_0000000347463813-s0066_tess_v1_lc.fits']
0.078369,OGLE-BLG-LPV-233001,4,255.3992083333333,-38.60816666666667,345552106,255.39918077408,-38.60816348636,0,,,17013580-3836293,0,J170135.81-383629.2,5970284852513949056,0,0,STAR,tmgaia2,tmgaia2,,,,,,,,,,14.8851,0.005864,9.709,1.0,jhk,,,,,,,,,,,,,,,,,,255.39918077408,-38.60816348636,-13.133035526704754,2.072969581213388,[66],['hlsp_tess-spoc_tess_phot_0000000345552106-s0066_tess_v1_lc.fits']
0.01893,OGLE-GD-LPV-010792,4,241.6125,-52.57075,215120552,241.61249655864,-52.57075482431,0,,,16062701-5234147,0,J160627.00-523414.6,5933311609402847872,0,0,STAR,tmgaia2,tmgaia2,,,,,,,,,,13.6958,0.02195,9.273,1.0,jhk,,,,,,,,,,,,,,,,,,241.61249655864,-52.57075482431,-29.87553238772856,-0.3133021471384009,[65],['hlsp_tess-spoc_tess_phot_0000000215120552-s0065_tess_v1_lc.fits']
0.051552,OGLE-GD-LPV-010576,4,240.87466666666663,-46.42411111111111,256439010,240.87468670487,-46.42411488869,0,,,16032992-4625267,0,J160329.98-462527.1,5984960309103242496,0,0,STAR,tmgaia2,tmgaia2,,,,,,,,,,14.1059,0.026266,10.181,1.0,jhk,,,,,,,,,,,,,,,,,,240.87468670487,-46.42411488869,-26.13530361578941,4.590617290810337,[65],['hlsp_tess-spoc_tess_phot_0000000256439010-s0065_tess_v1_lc.fits']
0.089109,OGLE-GD-LPV-010553,4,240.824125,-49.50155555555556,275933843,240.82408797589,-49.501561434,0,,,16031777-4930053,0,J160317.74-493005.5,5983422642064066176,0,0,STAR,tmgaia2,tmgaia2,,,,,,,,,,13.5648,0.021248,8.797,1.0,jhk,,,,,,,,,,,,,,,,,,240.82408797589,-49.501561434,-28.203436255315108,2.307923743352012,[65],['hlsp_tess-spoc_tess_phot_0000000275933843-s0065_tess_v1_lc.fits']
0.082513,OGLE-GD-LPV-010555,4,240.83029166666665,-56.90891666666666,425981932,240.83025810571,-56.9089304361,0,,,16031926-5654320,0,J160319.28-565432.6,5836127906959179136,29089386,0,STAR,tmgaia2,tmgaia2,,,,,,,,13.014,0.012,13.3691,0.020902,9.148,0.041,vjk,,,,,,,,,,,,,,,,,,240.83025810571,-56.9089304361,-33.10151439444721,-3.250699534662919,[65],['hlsp_tess-spoc_tess_phot_0000000425981932-s0065_tess_v1_lc.fits']
0.1196,OGLE-GD-LPV-010650,4,241.12275,-53.09055555555556,214871492,241.12269656579,-53.09056415427,0,,,16042945-5305258,0,J160429.42-530525.9,5932919461717895680,0,0,STAR,tmgaia2,tmgaia2,,,,,,,,,,14.0743,0.008369,7.605,1.0,jhk,,,,,,,,,,,,,,,,,,241.12269656579,-53.09056415427,-30.442625803543336,-0.5034823257929261,[65],['hlsp_tess-spoc_tess_phot_0000000214871492-s0065_tess_v1_lc.fits']
0.080501,OGLE-GD-LPV-010662,4,241.1649583333333,-51.594722222222224,214832020,241.16492263439,-51.59471935671,0,,,16043959-5135410,0,J160439.55-513540.5,5981554571814620672,0,0,STAR,tmgaia2,tmgaia2,,,,,,,,,,17.7627,0.013092,10.34,1.0,jhk,,,,,,,,,,,,,,,,,,241.16492263439,-51.59471935671,-29.429582951838825,0.5974075548620973,[65],['hlsp_tess-spoc_tess_phot_0000000214832020-s0065_tess_v1_lc.fits']
0.137525,OGLE-GD-LPV-010615,4,240.99479166666663,-58.156194444444445,426463499,240.99475246031,-58.15622656086,0,,160-167994,16035875-5809222,0,J160358.71-580922.2,5834927171533116672,0,0,STAR,tmgaia2,tmgaia2,,,,,,,,14.043,0.21,14.018,0.043387,8.991,0.182,vjk,,,,,,,,,,,,,,,,,,240.99475246031,-58.15622656086,-33.864480463235104,-4.24260702264974,"[65, 66]","['hlsp_tess-spoc_tess_phot_0000000426463499-s0065_tess_v1_lc.fits', 'hlsp_tess-spoc_tess_phot_0000000426463499-s0066_tess_v1_lc.fits']"
0.121446,OGLE-GD-LPV-010618,4,241.0002916666666,-55.83777777777778,426692567,241.00025101083,-55.83780261412,0,,171-143903,16040006-5550159,0,J160400.07-555015.6,5836334821324294528,0,0,STAR,tmgaia2,tmgaia2,,,,,,,,,,13.9418,0.019447,9.543,1.0,jhk,,,,,,,,,,,,,,,,,,241.00025101083,-55.83780261412,-32.320067160207046,-2.5110437993508565,[65],['hlsp_tess-spoc_tess_phot_0000000426692567-s0065_tess_v1_lc.fits']
0.125554,OGLE-GD-LPV-012244,4,245.88312499999995,-47.549638888888886,223168527,245.8830742173,-47.54964533242,0,,,16233194-4732588,0,J162331.95-473258.6,5941836913308749056,0,0,STAR,tmgaia2,tmgaia2,,,,,,,,,,13.5733,0.014931,8.796,1.0,jhk,,,,,,,,,,,,,,,,,,245.8830742173,-47.54964533242,-24.42702183970746,1.4244091644626724,[66],['hlsp_tess-spoc_tess_phot_0000000223168527-s0066_tess_v1_lc.fits']
0.042881,OGLE-GD-LPV-012024,4,245.2569583333333,-51.23411111111111,215702290,245.25694356409,-51.23411861881,0,,,16210166-5114028,0,J162101.71-511402.9,5934815157184318464,0,0,STAR,tmgaia2,tmgaia2,,,,,,,,,,13.5189,0.037128,9.093,1.0,jhk,,,,,,,,,,,,,,,,,,245.25694356409,-51.23411861881,-27.32398905097177,-0.8886091334125448,[66],['hlsp_tess-spoc_tess_phot_0000000215702290-s0066_tess_v1_lc.fits']
0.019959,OGLE-GD-LPV-012027,4,245.25891666666664,-55.30405555555555,208830558,245.2589104264,-55.30405981251,0,,174-154447,16210213-5518145,0,J162102.15-551814.5,5931517000290997760,0,0,STAR,tmgaia2,tmgaia2,,,,,,,,14.34,0.098,12.2607,0.024542,9.26,0.128,vjk,,,,,,,,,,,,,,,,,,245.2589104264,-55.30405981251,-30.19829855397501,-3.772739902064816,[66],['hlsp_tess-spoc_tess_phot_0000000208830558-s0066_tess_v1_lc.fits']
0.097783,OGLE-GD-LPV-012452,4,246.42929166666667,-50.92825,4888477,246.42929818214,-50.92827684958,0,,,16254303-5055416,0,J162543.07-505541.6,5934451012666769664,0,0,STAR,tmgaia2,tmgaia2,-1.611,3.005,2.647,1.358,gaia2,0.7042,1.0352,,,18.3092,0.029169,8.285,1.0,jhk,gaia2,,,,,,,,,,,2697.47,2065.1,0.8267,0.4665,1521.15,2609.05,246.42928717446,-50.92826545351,-26.588408483316723,-1.1968936086736903,[66],['hlsp_tess-spoc_tess_phot_0000000004888477-s0066_tess_v1_lc.fits']
0.037177,OGLE-GD-LPV-012555,4,246.7127083333333,-47.628972222222224,224558134,246.71269748016,-47.62897951251,0,,,16265105-4737441,0,J162650.95-473743.4,5941636492937187200,0,0,STAR,tmgaia2,tmgaia2,,,,,,,,,,13.6757,0.007201,8.531,1.0,jhk,,,,,,,,,,,,,,,,,,246.71269748016,-47.62897951251,-24.09251491719451,0.96889823749674,[66],['hlsp_tess-spoc_tess_phot_0000000224558134-s0066_tess_v1_lc.fits']
0.156336,OGLE-GD-LPV-011619,4,244.17470833333329,-48.58641666666667,411483444,244.1746426947,-48.58641747272,0,,,16164193-4835110,0,J161641.91-483511.2,5935731222139163136,0,0,STAR,tmgaia2,tmgaia2,,,,,,,,,,15.1295,0.053591,9.916,1.0,jhk,,,,,,,,,,,,,,,,,,244.1746426947,-48.58641747272,-25.96821506613432,1.4899959299149732,[65],['hlsp_tess-spoc_tess_phot_0000000411483444-s0065_tess_v1_lc.fits']
0.150437,OGLE-GD-LPV-011571,4,244.0190416666666,-48.81183333333333,410853981,244.019027755,-48.81187410475,0,,,16160457-4848426,0,J161604.58-484842.5,5935699095782839680,0,0,STAR,tmgaia2,tmgaia2,,,,,,,,,,13.8018,0.031136,9.261,1.0,jhk,,,,,,,,,,,,,,,,,,244.019027755,-48.81187410475,-26.19872257434541,1.3990640998924435,[65],['hlsp_tess-spoc_tess_phot_0000000410853981-s0065_tess_v1_lc.fits']
0.139331,OGLE-GD-LPV-011546,4,243.93991666666665,-48.16644444444445,410771661,243.93988360566,-48.16647625169,0,,,16154558-4809593,0,J161545.57-480959.3,5983785343467711104,0,0,STAR,tmgaia2,tmgaia2,,,,,,,,,,16.4392,0.034273,10.212,1.0,jhk,,,,,,,,,,,,,,,,,,243.93988360566,-48.16647625169,-25.78902583519332,1.9006271913302688,[65],['hlsp_tess-spoc_tess_phot_0000000410771661-s0065_tess_v1_lc.fits']
0.081826,OGLE-BLG-LPV-169067,3,270.04962499999993,-30.18572222222222,263923506,270.04960455002,-30.18570793412,0,,300-163032,18001190-3011085,0,J180011.93-301107.9,4044227070904377344,0,0,STAR,tmgaia2,tmgaia2,-3.612,0.136,-7.706,0.112,gaia2,0.0303,0.0875,16.8,0.149,14.9553,0.001022,13.503,0.015,rered,gaia2,3759.0,122.0,,,,,56.252,,,,7644.45,3319.37,0.7396,0.0324,2501.09,4137.65,270.04958655655,-30.18574111105,0.5334691235718875,-3.365379963686918,[39],['hlsp_tess-spoc_tess_phot_0000000263923506-s0039_tess_v1_lc.fits']
0.05045,OGLE-SMC-CEP-0417,3,10.431083333333332,-73.72330555555556,267547804,10.43103502539,-73.72330194001,0,9141-06735-1,082-001179,00414344-7343239,0,J004143.43-734323.9,4685821487608191104,33492261,0,STAR,tmgaia2,tmgaia2,0.63,0.064,-1.128,0.036,gaia2,-0.0637,0.0265,11.885,0.029,11.7094,0.012387,11.084,0.014,rered,gaia2,4945.0,189.0,,,,,68.094,,,,11022.9,1655.79,0.0702,,1506.28,1805.3,10.43104469833,-73.72330679788,-56.13175646718144,-43.38728309403735,"[27, 28, 67, 68]","['hlsp_tess-spoc_tess_phot_0000000267547804-s0027_tess_v1_lc.fits', 'hlsp_tess-spoc_tess_phot_0000000267547804-s0028_tess_v1_lc.fits', 'hlsp_tess-spoc_tess_phot_0000000267547804-s0067_tess_v1_lc.fits', 'hlsp_tess-spoc_tess_phot_0000000267547804-s0068_tess_v1_lc.fits']"
0.113101,OGLE-SMC-CEP-0921,3,11.721208333333331,-72.71438888888889,180618091,11.72129614556,-72.71437138947,0,,087-001167,00465308-7242518,0,J004653.10-724251.8,4688974886982934016,33494101,0,STAR,tmgaia2,tmgaia2,0.692,0.047,-1.248,0.039,gaia2,0.0529,0.0278,12.376,0.069,12.2195,0.015767,11.641,0.017,rered,gaia2,5370.0,232.0,,,,,30.71,,,,7213.26,1099.11,0.122,,976.31,1221.91,11.7213061788,-72.71437676091,-56.594638324103215,-44.40967787304009,"[27, 28]","['hlsp_tess-spoc_tess_phot_0000000180618091-s0027_tess_v1_lc.fits', 'hlsp_tess-spoc_tess_phot_0000000180618091-s0028_tess_v1_lc.fits']"
0.040714,OGLE-SMC-CEP-2099,3,13.427708333333332,-72.28711111111112,181446812,13.42768977174,-72.28712090953,0,,089-002117,00534262-7217135,0,J005342.63-721713.6,4689057414725777152,33497245,0,STAR,tmgaia2,tmgaia2,0.8,0.043,-1.143,0.044,gaia2,-0.1108,0.029,12.254,0.034,12.0577,0.008211,11.49,0.01,rered,gaia2,5762.0,187.0,,,,,49.674,,,,11439.5,1717.81,0.2051,,1570.02,1865.6,13.42770109785,-72.28712583293,-57.31188478820533,-44.840065299706055,"[27, 28]","['hlsp_tess-spoc_tess_phot_0000000181446812-s0027_tess_v1_lc.fits', 'hlsp_tess-spoc_tess_phot_0000000181446812-s0028_tess_v1_lc.fits']"
0.086126,OGLE-SMC-CEP-3611,3,16.064541666666663,-72.75561111111111,182735022,16.06454004308,-72.75563503008,0,9142-02789-1,087-003867,01041548-7245202,0,J010415.49-724520.2,4687423471738176512,33503148,0,STAR,tmgaia2,tmgaia2,0.865,0.042,-1.211,0.038,gaia2,0.0193,0.0239,12.508,0.034,12.0977,0.01781,11.335,0.019,rered,gaia2,4486.0,175.0,,,,,62.346,,,,8771.8,1269.31,0.112,,1141.53,1397.1,16.06455260092,-72.75564024502,-58.395970335801664,-44.33957169440367,"[27, 28]","['hlsp_tess-spoc_tess_phot_0000000182735022-s0027_tess_v1_lc.fits', 'hlsp_tess-spoc_tess_phot_0000000182735022-s0028_tess_v1_lc.fits']"
0.106833,OGLE-GD-CEP-0062,4,101.066625,4.498388888888889,234073331,101.066654163,4.49839483991,0,,473-022462,06441599+0429541,0,J064415.99+042954.2,3127739019113627392,37450284,0,STAR,tmgaia2,tmgaia2,-0.179,0.052,-0.235,0.048,gaia2,0.1354,0.0364,13.813,0.137,13.5171,0.017267,12.413,0.032,rered,spect,7027.7,125.9,,,-0.126,0.117,16.289,,,,5438.8,1039.63,0.7691,,,,101.0666533915,4.49839382731,-151.8881738190768,0.4586479068264578,[6],['hlsp_tess-spoc_tess_phot_0000000234073331-s0006_tess_v1_lc.fits']
0.081806,OGLE-GD-CEP-0072,4,103.54766666666669,-7.664361111111112,123888036,103.54765562491,-7.66438102658,0,,412-021037,06541143-0739517,0,J065411.44-073951.8,3051144427784813824,3269337,0,STAR,tmgaia2,tmgaia2,-0.122,0.068,0.51,0.058,gaia2,-0.0256,0.0373,13.881,0.126,13.386,0.016156,12.568,0.018,rered,gaia2,6339.0,286.0,,,,,40.399,,,,11013.3,2628.15,0.7192,0.0094,2244.8,3011.5,103.54765509386,-7.66437883036,-139.9287721233645,-2.8786285893089896,[6],['hlsp_tess-spoc_tess_phot_0000000123888036-s0006_tess_v1_lc.fits']
0.030221,OGLE-GD-CEP-0086,4,106.78562499999998,-7.795138888888888,177405368,106.78562095232,-7.79513151406,0,,412-024348,07070854-0747425,0,J070708.55-074742.5,3051692843568009600,0,0,STAR,tmgaia2,tmgaia2,-0.413,0.07,0.772,0.061,gaia2,0.1276,0.0449,13.246,0.114,12.5558,0.014263,11.722,0.022,rered,gaia2,5566.0,256.0,,,,,31.752,,,,5457.41,1258.64,0.5606,0.0247,1027.71,1489.56,106.78561915702,-7.79512818935,-138.34588927647235,-0.0842754064354155,[7],['hlsp_tess-spoc_tess_phot_0000000177405368-s0007_tess_v1_lc.fits']
0.165463,OGLE-GD-CEP-0091,4,107.65829166666666,-7.122861111111111,177932603,107.65830175346,-7.12290597005,0,,415-027218,07103799-0707224,0,J071037.99-070722.5,3052092481686246016,3355181,0,STAR,tmgaia2,tmgaia2,-0.931,0.068,1.12,0.061,gaia2,0.1384,0.038,12.732,0.114,12.519,0.015147,11.719,0.027,rered,gaia2,5465.0,250.0,,,,,29.843,,,,5327.68,1037.35,0.4835,0.0338,868.62,1206.08,107.65829771476,-7.12290114976,-138.54368293568712,0.9934734760806306,[7],['hlsp_tess-spoc_tess_phot_0000000177932603-s0007_tess_v1_lc.fits']
0.118806,OGLE-GD-CEP-0044,4,97.81058333333333,11.850361111111113,207042079,97.81061305732,11.85034552749,0,,510-026091,06311454+1151013,0,J063114.54+115101.2,3331144684519753984,41538167,0,STAR,tmgaia2,tmgaia2,0.287,0.087,-0.153,0.074,gaia2,0.1809,0.0493,13.257,0.103,12.7957,0.011544,11.703,0.039,rered,gaia2,4992.0,190.0,,,,,39.945,,,,4412.95,967.44,0.7941,0.0609,788.78,1146.1,97.81061432029,11.85034486863,-159.89876022633652,0.9731776429501,[6],['hlsp_tess-spoc_tess_phot_0000000207042079-s0006_tess_v1_lc.fits']
0.065161,OGLE-GD-CEP-0244,4,128.90466666666666,-47.75936111111111,141134087,128.90466093292,-47.75934342595,0,,212-026163,08353711-4745336,0,J083537.11-474533.6,5521425379537360896,22593891,0,STAR,tmgaia2,tmgaia2,-0.385,1.232,3.299,1.234,hsoy,,,13.327,0.103,12.7566,0.012932,11.97,0.017,gbprp,,,,,,,,,,,,,,,,,,128.90465846625,-47.7593292208,-94.3457483146184,-4.294334286272904,"[8, 9]","['hlsp_tess-spoc_tess_phot_0000000141134087-s0008_tess_v1_lc.fits', 'hlsp_tess-spoc_tess_phot_0000000141134087-s0009_tess_v1_lc.fits']"
0.044202,OGLE-GD-CEP-0100,4,110.28104166666664,-21.51061111111111,10826277,110.28103035407,-21.51060478769,0,,343-026615,07210744-2130381,0,J072107.44-213038.1,5619786177922254336,10547974,0,STAR,tmgaia2,tmgaia2,-1.268,0.032,1.615,0.041,gaia2,0.1014,0.027,12.965,0.149,12.7192,0.007492,11.856,0.016,rered,gaia2,5059.0,139.0,,,,,41.969,,,,6985.97,1289.73,0.4655,0.0215,1086.7,1492.77,110.28102448378,-21.51059783211,-124.62129041268548,-3.453898942929735,[7],['hlsp_tess-spoc_tess_phot_0000000010826277-s0007_tess_v1_lc.fits']
0.058712,OGLE-GD-CEP-0210,4,125.52708333333334,-47.30397222222222,52671548,125.52707307757,-47.30395747056,0,,214-022366,08220649-4718142,0,J082206.50-471814.2,5516452460238707968,22555712,0,STAR,tmgaia2,tmgaia2,-1.647,0.042,2.135,0.046,gaia2,-0.0105,0.0246,14.935,0.126,14.2528,0.01651,13.494,0.018,rered,gaia2,6534.0,294.0,,,,,32.354,,,,14783.9,3485.15,0.6746,0.0,2959.0,4011.3,125.52706262259,-47.30394827721,-96.0477928242944,-5.885901994872589,"[8, 9]","['hlsp_tess-spoc_tess_phot_0000000052671548-s0008_tess_v1_lc.fits', 'hlsp_tess-spoc_tess_phot_0000000052671548-s0009_tess_v1_lc.fits']"
0.111533,OGLE-GD-CEP-1284,4,91.856125,11.152,436530385,91.85610500206,11.15197602329,29022,0721-00395-1,506-020227,06072546+1109071,0,J060725.46+110907.1,3330259852538068608,40519304,0,STAR,tmgaia2,tmgaia2,0.76,0.086,0.078,0.074,gaia2,0.2583,0.0462,11.52,0.03,11.2382,0.01729,10.547,0.024,rered,gaia2,5334.0,283.0,,,,,28.511,,,,3429.71,574.6,0.2828,0.024,486.4,662.8,91.85610833639,11.15197636107,-162.0384707748984,-4.500531864939485,"[6, 71, 72]","['hlsp_tess-spoc_tess_phot_0000000436530385-s0006_tess_v1_lc.fits', 'hlsp_tess-spoc_tess_phot_0000000436530385-s0071_tess_v1_lc.fits', 'hlsp_tess-spoc_tess_phot_0000000436530385-s0072_tess_v1_lc.fits']"
0.059837,OGLE-GD-CEP-1272,4,127.45212499999997,-41.22377777777778,184535525,127.45213267991,-41.22379336328,0,,244-027192,08294850-4113256,0,J082948.51-411325.6,5526978119406752000,20174291,0,STAR,tmgaia2,tmgaia2,-3.283,0.048,3.959,0.057,gaia2,0.2045,0.0326,12.415,0.035,11.8609,0.00662,10.88,0.17,rered,gaia2,,,,,,,,,,,4182.97,588.805,1.9429,0.1832,512.31,665.3,127.45211388528,-41.22377631875,-100.231267265741,-1.2557436214841555,[8],['hlsp_tess-spoc_tess_phot_0000000184535525-s0008_tess_v1_lc.fits']
0.065965,OGLE-GD-CEP-1294,4,97.77266666666664,-2.146777777777778,168055184,97.77267593694,-2.14679358731,0,,440-018063,06310544-0208484,0,J063105.44-020848.3,3117307814859500416,783724,0,STAR,tmgaia2,tmgaia2,0.185,0.043,0.408,0.04,gaia2,0.0622,0.0244,13.799,0.206,13.4803,0.004032,12.604,0.007,rered,spect,6109.2,130.0,,,-0.077,0.123,31.185,,,,8771.92,1647.72,0.6681,,,,97.77267673496,-2.14679183091,-147.47462561570293,-5.505216835483567,[6],['hlsp_tess-spoc_tess_phot_0000000168055184-s0006_tess_v1_lc.fits']
0.085108,OGLE-GD-CEP-1296,4,98.19495833333332,0.0431388888888888,37169108,98.19498150224,0.04314359064,0,,451-019423,06324679+0002353,1237646381007372794,J063246.79+000235.3,3120059651944988544,36621697,0,STAR,tmgaia2,tmgaia2,0.082,0.076,0.54,0.072,gaia2,0.1183,0.0613,13.487,0.275,12.9415,0.01389,11.991,0.03,rered,gaia2,5330.0,219.0,,,,,33.376,,,,5366.68,1552.91,0.6762,0.0406,1224.23,1881.59,98.19498185404,0.04314591655,-149.23721540058366,-4.130688055517663,[6],['hlsp_tess-spoc_tess_phot_0000000037169108-s0006_tess_v1_lc.fits']
0.051412,OGLE-GD-CEP-1304,4,102.70283333333332,-7.980722222222222,407704687,102.70284453198,-7.98073121988,0,,411-019925,06504868-0758505,0,J065048.68-075850.6,3099066951319051008,3253632,0,STAR,tmgaia2,tmgaia2,-0.359,0.053,0.757,0.053,gaia2,0.1418,0.0327,13.036,0.217,12.6408,0.013951,11.845,0.039,rered,gaia2,5224.0,211.0,,,,,29.672,,,,5516.92,1004.09,0.4113,0.0591,844.24,1163.94,102.70284297176,-7.98072796077,-140.0261073416834,-3.768101257233422,[6],['hlsp_tess-spoc_tess_phot_0000000407704687-s0006_tess_v1_lc.fits']
0.085161,OGLE-GD-CEP-0582,4,162.23999999999998,-64.17419444444445,464936311,162.23996665258,-64.17421311418,0,,130-040698,10485759-6410270,0,J104857.59-641027.1,5241157421762533248,30388911,0,STAR,tmgaia2,tmgaia2,-3.961,0.027,2.121,0.023,gaia2,0.0693,0.0143,14.333,0.137,13.6939,0.011583,12.907,0.013,rered,gaia2,5820.0,216.0,,,,,29.93,,,,9704.4,1359.92,0.5509,0.0012,1187.34,1532.5,162.23992750426,-64.17420398344,-69.92643161613714,-4.404022995375649,[10],['hlsp_tess-spoc_tess_phot_0000000464936311-s0010_tess_v1_lc.fits']
0.076421,OGLE-GD-CEP-0532,4,157.83375,-59.98002777777778,460416931,157.8337880235,-59.98001835703,0,,151-051090,10312010-5958480,0,J103120.10-595848.0,5254423063911249024,27899016,0,STAR,tmgaia2,tmgaia2,-5.651,0.052,2.974,0.05,gaia2,0.1683,0.0291,13.705,0.092,12.9351,0.007689,11.697,0.053,rered,gaia2,5333.0,153.0,,,,,53.361,,,,4964.18,741.75,1.1115,0.0843,639.72,843.78,157.8337393957,-59.9800055515,-73.76303710946723,-1.730077138098419,[10],['hlsp_tess-spoc_tess_phot_0000000460416931-s0010_tess_v1_lc.fits']
0.078405,OGLE-GD-CEP-0550,4,159.23241666666664,-61.58133333333333,460909565,159.23237438713,-61.58132499852,0,8957-01187-1,143-050322,10365577-6134528,0,J103655.77-613452.7,5253717937706836480,30331323,0,STAR,tmgaia2,tmgaia2,-4.768,0.041,3.568,0.037,gaia2,0.0662,0.0245,12.045,0.046,11.7186,0.01369,10.811,0.019,rered,gaia2,6233.0,216.0,,,,,85.653,,,,9106.58,1909.44,0.8302,0.018,1584.05,2234.82,159.23233124706,-61.5813096357,-72.3673521161164,-2.7717730599767068,[10],['hlsp_tess-spoc_tess_phot_0000000460909565-s0010_tess_v1_lc.fits']
0.126498,OGLE-GD-CEP-0611,4,164.8585833333333,-59.48636111111112,304040681,164.85857413002,-59.48639593742,0,,153-061399,10592606-5929108,0,J105926.05-592911.0,5338556834679254656,28066277,0,STAR,tmgaia2,tmgaia2,-5.018,0.041,1.796,0.038,gaia2,0.0541,0.0233,12.711,0.057,12.125,0.003928,11.118,0.038,rered,gaia2,4455.0,125.0,,,,,105.611,,,,9438.68,1798.85,0.4681,0.0693,1530.28,2067.42,164.85853157443,-59.48638820594,-70.85917605664437,0.3526093374946002,[10],['hlsp_tess-spoc_tess_phot_0000000304040681-s0010_tess_v1_lc.fits']
0.10311,OGLE-GD-LPV-011757,4,244.54320833333333,-51.40475,314530213,244.54319974151,-51.40477813575,0,,,16181037-5124172,0,J161810.40-512417.1,5934836219705676928,0,0,STAR,tmgaia2,tmgaia2,,,,,,,,,,13.3439,0.015026,8.277,1.0,jhk,,,,,,,,,,,,,,,,,,244.54319974151,-51.40477813575,-27.76156413228892,-0.6971262024730718,[66],['hlsp_tess-spoc_tess_phot_0000000314530213-s0066_tess_v1_lc.fits']
0.199414,OGLE-GD-LPV-011818,4,244.6933333333333,-41.16788888888889,318240614,244.69328832362,-41.1679327104,0,,,16184640-4110044,0,J161846.39-411004.5,5993761345587992960,0,0,STAR,tmgaia2,tmgaia2,,,,,,,,,,13.716,0.039731,9.69,1.0,jhk,,,,,,,,,,,,,,,,,,244.69328832362,-41.1679327104,-20.50349533366313,6.53693661191264,[65],['hlsp_tess-spoc_tess_phot_0000000318240614-s0065_tess_v1_lc.fits']
0.085352,OGLE-BLG-LPV-241767,4,263.3855,-35.861111111111114,101860592,263.38548304231,-35.8611304305,0,,,17333251-3551400,0,J173332.51-355139.9,5974802505283540352,0,0,STAR,tmgaia2,tmgaia2,,,,,,,,,,15.8033,0.013114,9.936,1.0,jhk,,,,,,,,,,,,,,,,,,263.38548304231,-35.8611304305,-7.219014139625311,-1.5280113332727046,[66],['hlsp_tess-spoc_tess_phot_0000000101860592-s0066_tess_v1_lc.fits']
0.013034,OGLE-BLG-LPV-240990,4,263.0874583333333,-31.02497222222222,100430628,263.08745896297,-31.02497580226,0,,,17322099-3101298,0,J173220.99-310129.6,4058320443524588416,0,0,STAR,tmgaia2,tmgaia2,,,,,,,,,,12.9506,0.021114,8.428,1.0,jhk,,,,,,,,,,,,,,,,,,263.08745896297,-31.02497580226,-3.2995709090010803,1.316488102880888,[66],['hlsp_tess-spoc_tess_phot_0000000100430628-s0066_tess_v1_lc.fits']
0.082122,OGLE-BLG-LPV-237777,4,261.05249999999995,-31.36691666666667,158138775,261.05247929124,-31.36693107888,0,,,17241259-3122008,0,J172412.59-312201.0,4058084151561187968,0,0,STAR,tmgaia2,tmgaia2,,,,,,,,,,15.3046,0.05552,9.806,1.0,jhk,,,,,,,,,,,,,,,,,,261.05247929124,-31.36693107888,-4.549335864354475,2.576182021945437,[66],['hlsp_tess-spoc_tess_phot_0000000158138775-s0066_tess_v1_lc.fits']
0.052743,OGLE-BLG-LPV-239403,4,262.2924583333333,-32.233222222222224,161998056,262.29245405567,-32.23320802527,0,,,17291019-3213595,0,,4054785719733609856,0,0,STAR,tmgaia2,tmgaia2,-1.171,0.72,1.662,0.484,gaia2,0.8934,0.3737,,,16.3308,0.047337,10.072,1.0,jhk,gaia2,,,,,,,,,,,1539.98,1539.98,1.443,1.3804,710.542,3455.97,262.29244809558,-32.23320087021,-4.681363862828796,1.2183987287257316,[66],['hlsp_tess-spoc_tess_phot_0000000161998056-s0066_tess_v1_lc.fits']
0.106845,OGLE-BLG-LPV-265056,4,278.52529166666665,-12.709555555555555,433171103,278.52526509916,-12.70954109204,0,,,18340605-1242342,0,J183406.05-124234.0,4104947501840437504,0,0,STAR,tmgaia2,tmgaia2,,,,,,,,,,13.904,0.041531,8.472,1.0,jhk,,,,,,,,,,,,,,,,,,278.52526509916,-12.70954109204,19.660777971893125,-1.989068059980668,[80],['hlsp_tess-spoc_tess_phot_0000000433171103-s0080_tess_v1_lc.fits']
0.134102,OGLE-BLG-LPV-265143,4,278.7245833333333,-11.307305555555557,218720178,278.72454807448,-11.30731941925,0,,,18345389-1118262,0,J183453.90-111826.2,4154636768727234304,0,0,STAR,tmgaia2,tmgaia2,,,,,,,,,,14.3058,0.066572,10.145,1.0,jhk,,,,,,,,,,,,,,,,,,278.72454807448,-11.30731941925,20.996215715197582,-1.51727756985445,[80],['hlsp_tess-spoc_tess_phot_0000000218720178-s0080_tess_v1_lc.fits']
0.123539,OGLE-BLG-LPV-265151,4,278.7376666666666,-13.51925,433378900,278.73766650986,-13.51928431618,0,,,18345704-1331092,0,J183457.02-133109.4,4104586484119584640,0,0,STAR,tmgaia2,tmgaia2,,,,,,,,,,16.1085,0.051473,10.169,1.0,jhk,,,,,,,,,,,,,,,,,,278.73766650986,-13.51928431618,19.03606977349517,-2.5447106897969696,[80],['hlsp_tess-spoc_tess_phot_0000000433378900-s0080_tess_v1_lc.fits']
0.105047,OGLE-BLG-LPV-265198,4,278.8410833333333,-11.247222222222222,4549388,278.84107461745,-11.24725012156,0,,,18352185-1114502,0,J183521.85-111450.1,4154635978453164544,0,0,STAR,tmgaia2,tmgaia2,,,,,,,,,,14.9172,0.036538,10.363,1.0,jhk,,,,,,,,,,,,,,,,,,278.84107461745,-11.24725012156,21.10213600495485,-1.591117701363193,[80],['hlsp_tess-spoc_tess_phot_0000000004549388-s0080_tess_v1_lc.fits']
0.067299,OGLE-BLG-LPV-265196,4,278.84020833333324,-11.39147222222222,4547897,278.84019196997,-11.39148182219,0,,,18352164-1123295,0,J183521.64-112329.2,4154620585290080128,0,0,STAR,tmgaia2,tmgaia2,,,,,,,,,,15.3101,0.020763,10.197,1.0,jhk,,,,,,,,,,,,,,,,,,278.84019196997,-11.39148182219,20.973573529646696,-1.656644517042453,[80],['hlsp_tess-spoc_tess_phot_0000000004547897-s0080_tess_v1_lc.fits']
0.08543,OGLE-GD-LPV-000630,4,138.3924583333333,-42.94486111111111,74966758,138.39242832092,-42.94485213979,0,,,09133418-4256415,0,J091334.19-425641.5,5427108413100817024,0,0,STAR,tmgaia2,tmgaia2,,,,,,,,,,14.5247,0.039071,9.493,1.0,jhk,,,,,,,,,,,,,,,,,,138.39242832092,-42.94485213979,-93.72885449331494,3.896962085936476,[62],['hlsp_tess-spoc_tess_phot_0000000074966758-s0062_tess_v1_lc.fits']
0.084563,OGLE-GD-LPV-000550,4,134.227625,-45.59144444444445,30483682,134.22759368043,-45.59145289648,0,,,08565462-4535292,0,J085654.63-453529.1,5331281920285482880,0,0,STAR,tmgaia2,tmgaia2,-0.086,0.316,3.715,0.336,gaia2,0.4581,0.1557,,,13.9294,0.020414,9.513,1.0,jhk,gaia2,,,,,,,,,,,2029.46,731.12,0.0714,0.0253,523.23,939.01,134.227593153,-45.59143690151,-93.75860184606044,-0.0892612046803587,[62],['hlsp_tess-spoc_tess_phot_0000000030483682-s0062_tess_v1_lc.fits']
0.088516,OGLE-GD-LPV-000535,4,133.05720833333334,-42.33422222222222,29502964,133.05717592151,-42.33421670117,0,,,08521372-4220032,0,J085213.71-422002.8,5524518610670606976,0,0,STAR,tmgaia2,tmgaia2,,,,,,,,,,13.7775,0.032887,9.107,1.0,jhk,,,,,,,,,,,,,,,,,,133.05717592151,-42.33421670117,-96.79231219760072,1.365636688921318,[62],['hlsp_tess-spoc_tess_phot_0000000029502964-s0062_tess_v1_lc.fits']
0.174711,OGLE-GD-LPV-000058,4,95.04758333333332,10.915944444444444,167177736,95.04756589617,10.91589903422,0,,505-024424,06201141+1054571,0,J062011.42+105457.2,3330801323356184832,41065428,0,STAR,tmgaia2,tmgaia2,0.619,0.151,0.284,0.139,gaia2,0.1878,0.0828,14.88,0.069,12.1429,0.010608,10.611,0.029,rered,gaia2,3111.0,136.0,,,,,,,,,4104.16,1365.33,0.4264,0.0888,1025.71,1704.95,95.04756861101,10.91590025741,-160.33648066228628,-1.858452855987749,"[71, 72]","['hlsp_tess-spoc_tess_phot_0000000167177736-s0071_tess_v1_lc.fits', 'hlsp_tess-spoc_tess_phot_0000000167177736-s0072_tess_v1_lc.fits']"
0.070973,OGLE-BLG-LPV-266197,4,285.51604166666664,-14.412666666666668,201019916,285.51604812489,-14.41264797058,0,,,19020385-1424454,0,J190203.82-142445.5,4101513280300108288,0,0,STAR,tmgaia2,tmgaia2,,,,,,,,,,12.9876,0.028056,8.302,1.0,jhk,,,,,,,,,,,,,,,,,,285.51604812489,-14.41264797058,21.19244860493933,-8.826807525485611,[80],['hlsp_tess-spoc_tess_phot_0000000201019916-s0080_tess_v1_lc.fits']
0.119199,OGLE-GD-LPV-000322,4,121.80991666666664,-42.94286111111111,80646808,121.80988679317,-42.94283624954,0,,236-023754,08071437-4256342,0,J080714.36-425634.1,5533258976491314816,20122330,0,STAR,tmgaia2,tmgaia2,,,,,,,,17.687,1.133,13.2169,0.020257,10.261,0.029,vjk,,,,,,,,,,,,,,,,,,121.80988679317,-42.94283624954,-101.1574980147913,-5.685758797666056,"[61, 62]","['hlsp_tess-spoc_tess_phot_0000000080646808-s0061_tess_v1_lc.fits', 'hlsp_tess-spoc_tess_phot_0000000080646808-s0062_tess_v1_lc.fits']"
0.092524,OGLE-GD-LPV-000242,4,115.17833333333331,-22.17655555555556,231397979,115.17835539634,-22.17657114802,0,,340-032760,07404280-2210357,0,J074042.82-221035.5,5615985849115296256,10628467,0,STAR,tmgaia2,tmgaia2,,,,,,,,15.945,0.217,12.6662,0.020494,9.626,0.524,vjk,,,,,,,,,,,,,,,,,,115.17835539634,-22.17657114802,-121.85233091992394,0.2130110466570122,[61],['hlsp_tess-spoc_tess_phot_0000000231397979-s0061_tess_v1_lc.fits']
0.052454,OGLE-BLG-LPV-263250,4,276.1684166666666,-10.957555555555556,20517623,276.16840514981,-10.95756474557,0,,,18244042-1057271,0,J182440.43-105727.1,4154180677538077824,0,0,STAR,tmgaia2,tmgaia2,,,,,,,,,,14.8219,0.044174,9.869,1.0,jhk,,,,,,,,,,,,,,,,,,276.16840514981,-10.95756474557,20.143204892868976,0.8670826544490314,[80],['hlsp_tess-spoc_tess_phot_0000000020517623-s0080_tess_v1_lc.fits']
0.084174,OGLE-BLG-LPV-263550,4,276.4481666666667,-14.30225,413570293,276.44814736638,-14.30226403338,0,,,18254756-1418079,0,J182547.57-141808.2,4104295418353608704,0,0,STAR,tmgaia2,tmgaia2,,,,,,,,,,13.2365,0.037724,8.368,1.0,jhk,,,,,,,,,,,,,,,,,,276.44814736638,-14.30226403338,17.313154062844934,-0.9365114632761308,[80],['hlsp_tess-spoc_tess_phot_0000000413570293-s0080_tess_v1_lc.fits']
0.122325,OGLE-BLG-LPV-263442,4,276.3378333333333,-15.238722222222222,413137152,276.33780812763,-15.23874595283,0,,,18252107-1514194,0,J182521.12-151418.8,4097991991250849536,0,0,STAR,tmgaia2,tmgaia2,,,,,,,,,,15.0709,0.08273,10.35,1.0,jhk,,,,,,,,,,,,,,,,,,276.33780812763,-15.23874595283,16.43491116466422,-1.279063828568807,[80],['hlsp_tess-spoc_tess_phot_0000000413137152-s0080_tess_v1_lc.fits']
0.130017,OGLE-BLG-LPV-263390,4,276.2864583333333,-11.286277777777778,384701212,276.28647745268,-11.28630864541,0,,,18250875-1117106,0,J182508.75-111710.6,4154153395905227264,0,0,STAR,tmgaia2,tmgaia2,,,,,,,,,,16.2318,0.049499,9.723,1.0,jhk,,,,,,,,,,,,,,,,,,276.28647745268,-11.28630864541,19.9066825942007,0.6110743981900938,[80],['hlsp_tess-spoc_tess_phot_0000000384701212-s0080_tess_v1_lc.fits']
0.066505,OGLE-BLG-LPV-264225,4,277.2257083333333,-14.488944444444444,432334845,277.2257083928,-14.48896291784,0,,,18285417-1429201,0,J182854.17-142920.3,4104137432283390464,0,0,STAR,tmgaia2,tmgaia2,,,,,,,,,,13.5978,0.036749,9.273,1.0,jhk,,,,,,,,,,,,,,,,,,277.2257083928,-14.48896291784,17.498129531992554,-1.6900756216899044,[80],['hlsp_tess-spoc_tess_phot_0000000432334845-s0080_tess_v1_lc.fits']
0.122691,OGLE-BLG-LPV-264275,4,277.29741666666666,-30.894277777777777,196770236,277.2973957621,-30.89430675548,0,,,18291136-3053393,0,J182911.37-305339.6,4047650164219906432,0,0,STAR,tmgaia2,tmgaia2,,,,,,,,,,15.1524,0.110433,9.729,1.0,jhk,,,,,,,,,,,,,,,,,,277.2973957621,-30.89430675548,2.8417760374815004,-9.213012672844249,[66],['hlsp_tess-spoc_tess_phot_0000000196770236-s0066_tess_v1_lc.fits']
0.058281,OGLE-BLG-LPV-264569,4,277.76416666666665,-12.635388888888889,432703122,277.76415043478,-12.63539223883,0,,,18310340-1238073,0,J183103.39-123807.3,4104984094963733376,0,0,STAR,tmgaia2,tmgaia2,,,,,,,,,,15.4953,0.045202,9.402,1.0,jhk,,,,,,,,,,,,,,,,,,277.76415043478,-12.63539223883,19.38405711344907,-1.2959442015991247,[80],['hlsp_tess-spoc_tess_phot_0000000432703122-s0080_tess_v1_lc.fits']
0.064974,OGLE-BLG-LPV-263804,4,276.6907916666666,-10.139194444444444,385740978,276.69079883792,-10.1391778339,0,,,18264579-1008211,0,J182645.79-100821.2,4155793764178682880,0,0,STAR,tmgaia2,tmgaia2,-1.613,0.593,-3.924,0.614,gaia2,0.0053,0.3985,,,16.0462,0.097695,9.3,1.0,jhk,gaia2,,,,,,,,,,,3543.32,2109.93,1.2819,0.5912,1554.36,2665.5,276.69079178174,-10.13919473036,21.106737894017765,0.7946936914405865,[80],['hlsp_tess-spoc_tess_phot_0000000385740978-s0080_tess_v1_lc.fits']
0.172803,OGLE-BLG-LPV-263874,4,276.7802083333333,-12.662694444444444,176629927,276.78017697684,-12.66273143227,0,,,18270724-1239460,0,J182707.28-123946.4,4152965820269841152,0,0,STAR,tmgaia2,tmgaia2,,,,,,,,,,15.3509,0.056171,8.49,1.0,jhk,,,,,,,,,,,,,,,,,,276.78017697684,-12.66273143227,18.91438078737341,-0.4581179768807304,[80],['hlsp_tess-spoc_tess_phot_0000000176629927-s0080_tess_v1_lc.fits']
0.0815,OGLE-BLG-LPV-263835,4,276.71220833333325,-11.264083333333334,385614024,276.71223141276,-11.26408376029,0,,,18265092-1115506,0,J182650.92-111550.8,4153404387968958080,0,0,STAR,tmgaia2,tmgaia2,,,,,,,,,,14.6768,0.046176,10.444,1.0,jhk,,,,,,,,,,,,,,,,,,276.71223141276,-11.26408376029,20.12108890918873,0.2521052054595365,[80],['hlsp_tess-spoc_tess_phot_0000000385614024-s0080_tess_v1_lc.fits']
0.194123,OGLE-BLG-LPV-263700,4,276.5842916666667,-10.529555555555556,385513368,276.58434650483,-10.52955650845,0,,,18262023-1031463,0,J182620.24-103146.5,4154265408656994176,0,0,STAR,tmgaia2,tmgaia2,-6.816,0.518,-3.105,0.449,gaia2,0.4551,0.2387,,,15.8802,0.115258,9.961,1.0,jhk,gaia2,,,,,,,,,,,2323.0,1503.86,1.274,0.3466,892.95,2114.77,276.58431665706,-10.52956987591,20.71248769630263,0.7055172372943522,[80],['hlsp_tess-spoc_tess_phot_0000000385513368-s0080_tess_v1_lc.fits']
0.119902,OGLE-GD-LPV-018031,4,276.7433333333333,-8.288638888888888,385841736,276.74335231611,-8.28866639244,0,,,18265839-0817191,0,J182658.41-081719.1,4159279044220525184,0,0,STAR,tmgaia2,tmgaia2,,,,,,,,,,14.5154,0.091053,9.486,1.0,jhk,,,,,,,,,,,,,,,,,,276.74335231611,-8.28866639244,22.769147932675224,1.6101089397426478,[80],['hlsp_tess-spoc_tess_phot_0000000385841736-s0080_tess_v1_lc.fits']
0.098075,OGLE-GD-LPV-017904,4,276.29475,-6.64061111111111,384433057,276.29472428706,-6.64062059121,0,,,18251073-0638261,0,J182510.73-063826.0,4160058769787911168,4341103,0,STAR,tmgaia2,tmgaia2,,,,,,,,,,13.184,0.010426,8.485,1.0,jhk,,,,,,,,,,,,,,,,,,276.29472428706,-6.64062059121,24.022017995578807,2.7704861390585376,[80],['hlsp_tess-spoc_tess_phot_0000000384433057-s0080_tess_v1_lc.fits']
0.062053,OGLE-GD-LPV-017989,4,276.612,-6.5256944444444445,385233695,276.61201519201,-6.52568612003,0,,,18262687-0631324,0,J182626.88-063131.9,4160151472361874176,0,0,STAR,tmgaia2,tmgaia2,,,,,,,,,,15.1078,0.064179,9.194,1.0,jhk,,,,,,,,,,,,,,,,,,276.61201519201,-6.52568612003,24.270535955224062,2.544870983744146,[80],['hlsp_tess-spoc_tess_phot_0000000385233695-s0080_tess_v1_lc.fits']
0.04464,OGLE-GD-LPV-018321,4,277.49991666666665,-5.797694444444445,133809224,277.49992400388,-5.79770446805,0,,,18295999-0547517,0,J182959.97-054751.8,4256283904276284544,0,0,STAR,tmgaia2,tmgaia2,,,,,,,,,,13.607,0.026081,9.007,1.0,jhk,,,,,,,,,,,,,,,,,,277.49992400388,-5.79770446805,25.325603561334137,2.099953013557076,[80],['hlsp_tess-spoc_tess_phot_0000000133809224-s0080_tess_v1_lc.fits']
0.046558,OGLE-GD-LPV-018281,4,277.4005,-8.258555555555555,214150599,277.40049238488,-8.25854504537,0,,,18293612-0815307,0,J182936.12-081530.3,4156639632214109440,0,0,STAR,tmgaia2,tmgaia2,,,,,,,,,,15.4688,0.051523,10.32,1.0,jhk,,,,,,,,,,,,,,,,,,277.40049238488,-8.25854504537,23.097815826220213,1.048088902443436,[80],['hlsp_tess-spoc_tess_phot_0000000214150599-s0080_tess_v1_lc.fits']
0.120923,OGLE-GD-LPV-018232,4,277.2703333333333,-11.241138888888887,213399104,277.27036435505,-11.24115311888,0,,,18290488-1114281,0,J182904.89-111427.9,4153371918014930304,0,0,STAR,tmgaia2,tmgaia2,,,,,,,,,,16.3816,0.081141,10.218,1.0,jhk,,,,,,,,,,,,,,,,,,277.27036435505,-11.24115311888,20.39592865159008,-0.2218484744102675,[80],['hlsp_tess-spoc_tess_phot_0000000213399104-s0080_tess_v1_lc.fits']
0.166727,OGLE-GD-LPV-018237,4,277.27979166666665,-6.064333333333333,214035330,277.27979550515,-6.06437948889,0,,,18290715-0603515,0,J182907.14-060351.7,4256271775304379776,0,0,STAR,tmgaia2,tmgaia2,,,,,,,,,,15.7273,0.044467,10.255,1.0,jhk,,,,,,,,,,,,,,,,,,277.27979550515,-6.06437948889,24.9876885232836,2.1707048473580333,[80],['hlsp_tess-spoc_tess_phot_0000000214035330-s0080_tess_v1_lc.fits']
0.160827,OGLE-GD-LPV-017553,4,274.545125,-7.443527777777778,14872891,274.54515816214,-7.44355801858,0,,,18181083-0726368,0,J181810.82-072636.6,4160411609936562560,0,0,STAR,tmgaia2,tmgaia2,-4.145,0.675,-1.986,0.455,gaia2,0.1982,0.3301,,,14.5211,0.050634,9.619,1.0,jhk,gaia2,,,,,,,,,,,3051.46,1811.04,1.1608,0.1391,1282.18,2339.9,274.54514016299,-7.44356656799,22.49783327000025,3.930086284591269,[80],['hlsp_tess-spoc_tess_phot_0000000014872891-s0080_tess_v1_lc.fits']
0.095538,OGLE-GD-LPV-017768,4,275.70716666666664,-6.958722222222223,18597960,275.70719208259,-6.95873045614,0,,416-078857,18224972-0657314,0,J182249.76-065731.3,4160770424361518080,0,0,STAR,tmgaia2,tmgaia2,-5.316,0.378,-2.115,0.327,gaia2,1.0267,0.2071,16.46,0.231,11.8866,0.019964,9.915,0.023,rered,gaia2,,,,,,,,,,,997.617,259.023,0.4564,0.0645,196.914,321.133,275.70716902341,-6.95873956114,23.467939964739525,3.138483801866311,[80],['hlsp_tess-spoc_tess_phot_0000000018597960-s0080_tess_v1_lc.fits']
0.09179,OGLE-GD-LPV-017718,4,275.4333333333333,-7.338277777777778,17826562,275.43333608666,-7.33830312843,0,,,18214401-0720177,0,J182143.98-072017.7,4160378968183484800,0,0,STAR,tmgaia2,tmgaia2,,,,,,,,,,14.2935,0.052252,9.647,1.0,jhk,,,,,,,,,,,,,,,,,,275.43333608666,-7.33830312843,23.00470568652754,3.2013792260872727,[80],['hlsp_tess-spoc_tess_phot_0000000017826562-s0080_tess_v1_lc.fits']
0.137272,OGLE-GD-LPV-017797,4,275.8319583333333,-7.213861111111111,19218848,275.83194509342,-7.21389690855,0,,,18231967-0712498,0,J182319.66-071249.8,4160008462805030144,0,0,STAR,tmgaia2,tmgaia2,,,,,,,,,,13.9641,0.044281,10.415,1.0,jhk,,,,,,,,,,,,,,,,,,275.83194509342,-7.21389690855,23.299852617259592,2.9098856688483017,[80],['hlsp_tess-spoc_tess_phot_0000000019218848-s0080_tess_v1_lc.fits']
0.088552,OGLE-GD-LPV-017790,4,275.79437499999995,-9.046111111111111,19106800,275.79436746446,-9.04613455624,0,,,18231064-0902460,0,J182310.65-090246.1,4159128754747972224,0,0,STAR,tmgaia2,tmgaia2,,,,,,,,,,14.2327,0.060911,8.629,1.0,jhk,,,,,,,,,,,,,,,,,,275.79436746446,-9.04613455624,21.66097770027872,2.0866219473814223,[80],['hlsp_tess-spoc_tess_phot_0000000019106800-s0080_tess_v1_lc.fits']
0.065453,OGLE-GD-LPV-017592,4,274.77233333333334,-5.474222222222222,167691127,274.77234109262,-5.474205763,0,,,18190536-0528271,0,J181905.35-052826.9,4173192607975561344,0,0,STAR,tmgaia2,tmgaia2,,,,,,,,,,14.8637,0.068594,10.162,1.0,jhk,,,,,,,,,,,,,,,,,,274.77234109262,-5.474205763,24.34846860695595,4.65362425881604,[80],['hlsp_tess-spoc_tess_phot_0000000167691127-s0080_tess_v1_lc.fits']
0.104823,OGLE-GD-LPV-017662,4,275.1855833333333,-9.336361111111112,17210604,275.18561280728,-9.33635970573,0,,,18204453-0920111,0,J182044.55-092010.9,4157642799159960832,0,0,STAR,tmgaia2,tmgaia2,-1.577,0.588,-2.203,0.497,gaia2,-0.1271,0.2846,,,14.2957,0.033362,10.218,1.0,jhk,gaia2,,,,,,,,,,,4154.18,2089.93,1.2166,0.0886,1593.54,2586.32,275.18560592679,-9.33636919035,21.122459593644184,2.481432480514065,[80],['hlsp_tess-spoc_tess_phot_0000000017210604-s0080_tess_v1_lc.fits']
0.100628,OGLE-GD-LPV-019199,4,279.4910833333333,-3.926944444444444,174344920,279.49107549865,-3.92697128158,0,,,18375785-0355368,0,J183757.86-035536.9,4256991921066104832,0,0,STAR,tmgaia2,tmgaia2,,,,,,,,,,13.8946,0.049411,8.915,1.0,jhk,,,,,,,,,,,,,,,,,,279.49107549865,-3.92697128158,27.900717182246776,1.199936286054944,[80],['hlsp_tess-spoc_tess_phot_0000000174344920-s0080_tess_v1_lc.fits']
0.047228,OGLE-GD-LPV-019197,4,279.4869583333333,-4.240805555555555,174348658,279.48696615836,-4.24079501004,0,,,18375685-0414267,0,J183756.87-041426.8,4256965494092412928,0,0,STAR,tmgaia2,tmgaia2,-0.697,0.7,-3.25,0.556,gaia2,-0.7239,0.5831,,,16.7207,0.107169,9.963,1.0,jhk,gaia2,,,,,,,,,,,3700.44,2050.62,1.0831,0.2378,1578.76,2522.49,279.4869631491,-4.2408090049,27.61987166060784,1.0596429404859178,[80],['hlsp_tess-spoc_tess_phot_0000000174348658-s0080_tess_v1_lc.fits']
0.074219,OGLE-GD-LPV-019230,4,279.54366666666664,-2.84025,174769103,279.54365411417,-2.84026636627,0,,,18381047-0250247,0,J183810.49-025024.6,4259379613663238272,0,0,STAR,tmgaia2,tmgaia2,,,,,,,,,,15.6634,0.013745,9.528,1.0,jhk,,,,,,,,,,,,,,,,,,279.54365411417,-2.84026636627,28.89088918255609,1.6514133351243705,[80],['hlsp_tess-spoc_tess_phot_0000000174769103-s0080_tess_v1_lc.fits']
0.17051,OGLE-GD-LPV-019041,4,279.2509166666666,0.8991944444444444,106980753,279.25094778321,0.89923015617,0,,,18370023+0053571,1237668711594655763,J183700.23+005357.2,4273507960067548032,0,0,STAR,tmgaia2,tmgaia2,-4.83,0.57,-2.936,0.512,gaia2,-0.2424,0.3643,,,15.3714,0.065428,10.065,1.0,jhk,gaia2,,,,,,,,,,,3612.78,1806.47,1.5425,0.046,1390.61,2222.34,279.2509269861,0.89921751308,32.08629005362138,3.6214705676729992,[80],['hlsp_tess-spoc_tess_phot_0000000106980753-s0080_tess_v1_lc.fits']
0.098146,OGLE-GD-LPV-019489,4,279.86049999999994,-4.492388888888889,175340397,279.86049651507,-4.4924159294,0,,,18392652-0429326,0,J183926.51-042932.7,4256901378814823808,0,0,STAR,tmgaia2,tmgaia2,,,,,,,,,,15.2601,0.043321,10.132,1.0,jhk,,,,,,,,,,,,,,,,,,279.86049651507,-4.4924159294,27.56704347028161,0.613293029495836,[80],['hlsp_tess-spoc_tess_phot_0000000175340397-s0080_tess_v1_lc.fits']
0.149226,OGLE-GD-LPV-019510,4,279.8864583333333,-7.926444444444445,327986148,279.88646921885,-7.92648446953,0,,,18393275-0755351,0,J183932.84-075535.5,4252554051575152384,0,0,STAR,tmgaia2,tmgaia2,,,,,,,,,,15.5232,0.030258,9.388,1.0,jhk,,,,,,,,,,,,,,,,,,279.88646921885,-7.92648446953,24.526519931963847,-0.9833643136777966,[80],['hlsp_tess-spoc_tess_phot_0000000327986148-s0080_tess_v1_lc.fits']
0.148925,OGLE-GD-LPV-019464,4,279.8288333333333,-7.531805555555556,327991628,279.8288722179,-7.5318205653,0,,,18391892-0731543,0,J183918.92-073154.4,4252638026812068864,0,0,STAR,tmgaia2,tmgaia2,,,,,,,,,,15.2201,0.051844,9.49,1.0,jhk,,,,,,,,,,,,,,,,,,279.8288722179,-7.5318205653,24.851178182818245,-0.7518006146720128,[80],['hlsp_tess-spoc_tess_phot_0000000327991628-s0080_tess_v1_lc.fits']
0.197508,OGLE-GD-LPV-019529,4,279.908875,-2.127,175782264,279.90887670157,-2.12705483699,0,,,18393812-0207372,0,J183938.13-020737.2,4259715097795188992,0,0,STAR,tmgaia2,tmgaia2,,,,,,,,,,15.4494,0.063348,10.403,1.0,jhk,,,,,,,,,,,,,,,,,,279.90887670157,-2.12705483699,29.692375246186465,1.6536070831706735,[80],['hlsp_tess-spoc_tess_phot_0000000175782264-s0080_tess_v1_lc.fits']
0.159213,OGLE-GD-LPV-019303,4,279.62541666666664,-2.5381388888888887,174772485,279.62541533509,-2.53818309466,0,,,18383010-0232173,0,J183830.09-023217.4,4259598966208149888,0,0,STAR,tmgaia2,tmgaia2,,,,,,,,,,13.9034,0.036855,10.201,1.0,jhk,,,,,,,,,,,,,,,,,,279.62541533509,-2.53818309466,29.196979191018134,1.7172108883547097,[80],['hlsp_tess-spoc_tess_phot_0000000174772485-s0080_tess_v1_lc.fits']
0.009936,OGLE-GD-LPV-019423,4,279.77987499999995,-5.262861111111111,175329445,279.77987318944,-5.2628632009,0,,,18390717-0515463,0,J183907.17-051546.1,4256574793825114496,0,0,STAR,tmgaia2,tmgaia2,,,,,,,,,,13.6522,0.038116,9.332,1.0,jhk,,,,,,,,,,,,,,,,,,279.77987318944,-5.2628632009,26.84542666251668,0.331537154086351,[80],['hlsp_tess-spoc_tess_phot_0000000175329445-s0080_tess_v1_lc.fits']
0.128891,OGLE-GD-LPV-018615,4,278.20866666666666,-6.425694444444445,216573302,278.20864220075,-6.42572072693,0,,,18325008-0625323,0,J183250.08-062532.5,4256001467210036096,0,0,STAR,tmgaia2,tmgaia2,,,,,,,,,,14.859,0.016276,10.332,1.0,jhk,,,,,,,,,,,,,,,,,,278.20864220075,-6.42572072693,25.093961623651985,1.1848581569376242,[80],['hlsp_tess-spoc_tess_phot_0000000216573302-s0080_tess_v1_lc.fits']
0.157744,OGLE-GD-LPV-018528,4,278.0133333333333,-6.93675,216431618,278.01334411147,-6.93679249138,0,,,18320319-0656122,0,J183203.21-065612.5,4159894530232004352,0,0,STAR,tmgaia2,tmgaia2,-1.939,0.514,-2.777,0.431,gaia2,0.8906,0.3683,,,14.47,0.094101,9.182,1.0,jhk,gaia2,,,,,,,,,,,1372.42,1258.14,0.7108,0.4969,568.625,1947.65,278.01333570013,-6.93680444933,24.55094370469878,1.1210842189291177,[80],['hlsp_tess-spoc_tess_phot_0000000216431618-s0080_tess_v1_lc.fits']
0.091221,OGLE-GD-LPV-018890,4,278.9070833333333,-10.713861111111113,4650385,278.90707886548,-10.71383615513,0,,,18353770-1042497,0,J183537.69-104249.8,4154798740537155712,0,0,STAR,tmgaia2,tmgaia2,,,,,,,,,,13.8741,0.057422,8.908,1.0,jhk,,,,,,,,,,,,,,,,,,278.90707886548,-10.71383615513,21.60578372957341,-1.4035426564886213,[80],['hlsp_tess-spoc_tess_phot_0000000004650385-s0080_tess_v1_lc.fits']
0.138872,OGLE-GD-LPV-015639,4,253.0685,-38.97802777777778,338086443,253.06845792367,-38.97804822673,0,,,16521643-3858408,0,J165216.41-385840.9,5970076873021690240,0,0,STAR,tmgaia2,tmgaia2,,,,,,,,,,14.3163,0.032019,9.826,1.0,jhk,,,,,,,,,,,,,,,,,,253.06845792367,-38.97804822673,-14.555951166818724,3.2630700201199234,[66],['hlsp_tess-spoc_tess_phot_0000000338086443-s0066_tess_v1_lc.fits']
0.035205,OGLE-GD-LPV-015993,4,253.9867083333333,-50.50863888888889,347663503,253.98670333336,-50.50864813673,0,,,16555682-5030310,0,J165556.82-503031.2,5936787131290604160,0,0,STAR,tmgaia2,tmgaia2,,,,,,,,,,14.218,0.04831,9.907,1.0,jhk,,,,,,,,,,,,,,,,,,253.98670333336,-50.50864813673,-23.106558774059344,-4.507551287255007,[66],['hlsp_tess-spoc_tess_phot_0000000347663503-s0066_tess_v1_lc.fits']
0.066647,OGLE-GD-LPV-016061,4,254.18329166666663,-39.66630555555555,341654772,254.18327427693,-39.66631834393,0,,,16564398-3939585,0,J165644.03-393958.9,5970156725032352512,0,0,STAR,tmgaia2,tmgaia2,,,,,,,,,,14.7851,0.073208,8.282,1.0,jhk,,,,,,,,,,,,,,,,,,254.18327427693,-39.66631834393,-14.548744216478966,2.159726306610946,[66],['hlsp_tess-spoc_tess_phot_0000000341654772-s0066_tess_v1_lc.fits']
0.061471,OGLE-GD-LPV-015845,4,253.6042083333333,-40.647527777777775,339684126,253.60422578569,-40.64753855836,0,,,16542501-4038510,0,J165424.98-403852.1,5969684652281012096,0,0,STAR,tmgaia2,tmgaia2,,,,,,,,,,13.5826,0.038315,8.57,1.0,jhk,,,,,,,,,,,,,,,,,,253.60422578569,-40.64753855836,-15.591332660028984,1.889488107342312,[66],['hlsp_tess-spoc_tess_phot_0000000339684126-s0066_tess_v1_lc.fits']
0.061529,OGLE-GD-LPV-014925,4,251.493375,-43.58247222222222,235972506,251.49338704367,-43.58248691916,0,,,16455841-4334569,0,J164558.42-433456.8,5967486732841326208,0,0,STAR,tmgaia2,tmgaia2,,,,,,,,,,13.3753,0.031322,8.882,1.0,jhk,,,,,,,,,,,,,,,,,,251.49338704367,-43.58248691916,-18.849737869646194,1.2153824679538463,[66],['hlsp_tess-spoc_tess_phot_0000000235972506-s0066_tess_v1_lc.fits']
0.088736,OGLE-GD-LPV-016861,4,256.66625,-42.0595,125537852,256.66621734511,-42.05949555412,0,,,17063989-4203341,0,J170639.88-420334.3,5965893265614198272,0,0,STAR,tmgaia2,tmgaia2,,,,,,,,,,15.2784,0.0368,10.044,1.0,jhk,,,,,,,,,,,,,,,,,,256.66621734511,-42.05949555412,-15.28814761304071,-0.7907164000153492,[66],['hlsp_tess-spoc_tess_phot_0000000125537852-s0066_tess_v1_lc.fits']
0.065351,OGLE-GD-LPV-016918,4,256.89379166666663,-46.18694444444444,125962868,256.89376704059,-46.18695067877,0,,,17073450-4611129,0,J170734.52-461112.9,5963023952592966528,0,0,STAR,tmgaia2,tmgaia2,,,,,,,,,,13.9523,0.036888,9.803,1.0,jhk,,,,,,,,,,,,,,,,,,256.89376704059,-46.18695067877,-18.49444945987541,-3.3979321114971066,[66],['hlsp_tess-spoc_tess_phot_0000000125962868-s0066_tess_v1_lc.fits']
0.228696,OGLE-GD-LPV-017072,4,257.3706666666666,-41.52686111111111,380430913,257.37059346451,-41.52689324108,0,,243-116913,17092895-4131367,0,J170928.97-413136.8,5966010290577673088,21475120,0,STAR,tmgaia2,tmgaia2,,,,,,,,17.214,0.137,12.5495,0.030563,10.091,0.034,vjk,,,,,,,,,,,,,,,,,,257.37059346451,-41.52689324108,-14.547035321029634,-0.8926126053591321,[66],['hlsp_tess-spoc_tess_phot_0000000380430913-s0066_tess_v1_lc.fits']
0.168003,OGLE-GD-LPV-016264,4,254.71733333333327,-38.87913888888889,343103283,254.71729265803,-38.87917317008,0,,,16585215-3852449,0,J165852.14-385244.9,5970301203423069056,0,0,STAR,tmgaia2,tmgaia2,,,,,,,,,,13.5997,0.040136,9.705,1.0,jhk,,,,,,,,,,,,,,,,,,254.71729265803,-38.87917317008,-13.674460559835271,2.3250773410280545,[66],['hlsp_tess-spoc_tess_phot_0000000343103283-s0066_tess_v1_lc.fits']
0.062298,OGLE-GD-LPV-016231,4,254.6188333333333,-39.259277777777775,343107363,254.61882458238,-39.2592937011,0,,,16582852-3915333,0,J165828.52-391533.4,5970192527881677312,0,0,STAR,tmgaia2,tmgaia2,,,,,,,,,,13.8316,0.049397,9.11,1.0,jhk,,,,,,,,,,,,,,,,,,254.61882458238,-39.2592937011,-14.020511926512429,2.1496212807775623,[66],['hlsp_tess-spoc_tess_phot_0000000343107363-s0066_tess_v1_lc.fits']
0.157355,OGLE-GD-LPV-016362,4,255.042125,-43.79783333333333,122002356,255.04206854043,-43.79784913917,0,,,17001009-4347522,0,J170010.11-434752.7,5964610204254699392,0,0,STAR,tmgaia2,tmgaia2,,,,,,,,,,15.2475,0.052241,9.359,1.0,jhk,,,,,,,,,,,,,,,,,,255.04206854043,-43.79784913917,-17.391256338209516,-0.9066577873254308,[66],['hlsp_tess-spoc_tess_phot_0000000122002356-s0066_tess_v1_lc.fits']
0.059982,OGLE-GD-LPV-016364,4,255.045,-45.482194444444445,122112621,255.04497957548,-45.48220296144,0,,,17001080-4528559,0,J170010.82-452855.6,5963312711823536384,0,0,STAR,tmgaia2,tmgaia2,,,,,,,,,,14.9037,0.057494,9.39,1.0,jhk,,,,,,,,,,,,,,,,,,255.04497957548,-45.48220296144,-18.716700689950283,-1.9465669527282528,[66],['hlsp_tess-spoc_tess_phot_0000000122112621-s0066_tess_v1_lc.fits']
0.12973,OGLE-GD-LPV-016483,4,255.3802083333333,-44.21022222222223,122752353,255.38017013374,-44.21024565068,0,,,17013124-4412367,0,J170131.25-441236.9,5963844287032922368,0,0,STAR,tmgaia2,tmgaia2,,,,,,,,,,13.1305,0.011426,8.771,1.0,jhk,,,,,,,,,,,,,,,,,,255.38017013374,-44.21024565068,-17.566907535584733,-1.3520329022958462,[66],['hlsp_tess-spoc_tess_phot_0000000122752353-s0066_tess_v1_lc.fits']
0.303314,OGLE-GD-LPV-023625,4,285.3843749999999,15.00613888888889,354368126,285.38437604763,15.00605464104,0,,,19013225+1500218,0,J190132.25+150021.7,4506869544920596992,0,0,STAR,tmgaia2,tmgaia2,,,,,,,,,,13.5642,0.00102,8.101,1.0,jhk,,,,,,,,,,,,,,,,,,285.38437604763,15.00605464104,47.44778025302816,4.599741530105462,[80],['hlsp_tess-spoc_tess_phot_0000000354368126-s0080_tess_v1_lc.fits']
0.079532,OGLE-GD-LPV-023470,4,285.1050833333333,8.466249999999999,222667195,285.10507983088,8.46622818095,0,,,19002522+0827584,0,J190025.21+082758.5,4310148429148641536,0,0,STAR,tmgaia2,tmgaia2,-0.885,0.378,-1.606,0.398,gaia2,-0.5251,0.225,,,14.9268,0.027352,9.703,1.0,jhk,gaia2,,,,,,,,,,,5552.13,2172.85,2.5659,0.4234,1768.95,2576.76,285.10507597822,8.46622126528,41.48824877473741,1.8704949717517496,[80],['hlsp_tess-spoc_tess_phot_0000000222667195-s0080_tess_v1_lc.fits']
0.132391,OGLE-GD-LPV-023574,4,285.3077083333333,-0.7003611111111111,306447052,285.30770590791,-0.70032441585,0,,,19011385-0042011,0,J190113.85-004201.2,4265551206789087744,0,0,STAR,tmgaia2,tmgaia2,,,,,,,,,,14.8081,0.051257,10.309,1.0,jhk,,,,,,,,,,,,,,,,,,285.30770590791,-0.70032441585,33.42503288063634,-2.498207033244752,[80],['hlsp_tess-spoc_tess_phot_0000000306447052-s0080_tess_v1_lc.fits']
0.118282,OGLE-GD-LPV-023508,4,285.1808333333333,-1.924805555555556,373544871,285.18084309495,-1.92483692979,0,,,19004340-0155293,0,J190043.40-015529.4,4262027272025074432,0,0,STAR,tmgaia2,tmgaia2,,,,,,,,,,15.4056,0.019026,10.106,1.0,jhk,,,,,,,,,,,,,,,,,,285.18084309495,-1.92483692979,32.27592780532856,-2.943057227029944,[80],['hlsp_tess-spoc_tess_phot_0000000373544871-s0080_tess_v1_lc.fits']
0.122039,OGLE-GD-LPV-023999,4,286.03545833333334,0.4000833333333333,177745514,286.03542560517,0.40009217106,0,,,19040850+0024004,0,J190408.50+002400.3,4265743342094759296,0,0,STAR,tmgaia2,tmgaia2,,,,,,,,,,13.2155,0.013295,9.341,1.0,jhk,,,,,,,,,,,,,,,,,,286.03542560517,0.40009217106,34.737630872462105,-2.643576341126705,[80],['hlsp_tess-spoc_tess_phot_0000000177745514-s0080_tess_v1_lc.fits']
0.081516,OGLE-GD-LPV-024127,4,286.2251666666666,10.01225,223593016,286.22514740955,10.01223762676,0,,,19045404+1000441,0,J190454.04+100044.2,4310783019181286016,0,0,STAR,tmgaia2,tmgaia2,,,,,,,,,,14.6886,0.067682,9.352,1.0,jhk,,,,,,,,,,,,,,,,,,286.22514740955,10.01223762676,43.369538278705406,1.5943216472418495,[80],['hlsp_tess-spoc_tess_phot_0000000223593016-s0080_tess_v1_lc.fits']
0.076079,OGLE-GD-LPV-024062,4,286.1353333333333,9.684805555555556,223589402,286.13535006588,9.68479234391,0,,,19043248+0941052,0,J190432.56+094104.7,4310755634468940544,0,0,STAR,tmgaia2,tmgaia2,,,,,,,,,,14.4155,0.044577,9.855,1.0,jhk,,,,,,,,,,,,,,,,,,286.13535006588,9.68479234391,43.037815974488765,1.522938807668149,[80],['hlsp_tess-spoc_tess_phot_0000000223589402-s0080_tess_v1_lc.fits']
0.269154,OGLE-GD-LPV-024076,4,286.1572916666666,0.8291944444444445,177836328,286.15725874424,0.82912731658,0,,,19043773+0049452,0,J190437.73+004944.9,4267450063326757760,0,0,STAR,tmgaia2,tmgaia2,,,,,,,,,,13.7083,0.045922,9.354,1.0,jhk,,,,,,,,,,,,,,,,,,286.15725874424,0.82912731658,35.17543929501291,-2.555848932149798,[80],['hlsp_tess-spoc_tess_phot_0000000177836328-s0080_tess_v1_lc.fits']
0.076404,OGLE-GD-LPV-023830,4,285.78962499999994,9.614277777777778,223229751,285.78962259732,9.61425668717,0,,,19030951+0936512,0,J190309.50+093651.3,4310739691549312896,0,0,STAR,tmgaia2,tmgaia2,,,,,,,,,,14.1912,0.032371,10.341,1.0,jhk,,,,,,,,,,,,,,,,,,285.78962259732,9.61425668717,42.81899491855741,1.793656279852446,[80],['hlsp_tess-spoc_tess_phot_0000000223229751-s0080_tess_v1_lc.fits']
0.062209,OGLE-GD-LPV-023929,4,285.92104166666667,8.745527777777777,223383081,285.92103485549,8.74554369275,0,,,19034104+0844439,0,J190341.03+084444.1,4307541212200660480,0,0,STAR,tmgaia2,tmgaia2,-4.084,0.459,-7.328,0.465,gaia2,-0.0809,0.2866,,,14.7067,0.028046,10.164,1.0,jhk,gaia2,,,,,,,,,,,3784.35,1875.68,1.4652,0.4776,1426.13,2325.23,285.9210170658,8.74551214371,42.10571652185021,1.2806646191351574,[80],['hlsp_tess-spoc_tess_phot_0000000223383081-s0080_tess_v1_lc.fits']
0.076645,OGLE-GD-LPV-022893,4,284.085875,-1.9397222222222223,57821571,284.085893095,-1.9397109876,0,,441-084236,18562061-0156229,0,J185620.60-015622.5,4264938847523270528,0,0,STAR,tmgaia2,tmgaia2,-4.2,0.269,-5.07,0.245,gaia2,0.1116,0.1624,16.054,0.08,12.3207,0.00683,10.167,0.02,rered,gaia2,,,,,,,,,,,4172.38,1925.67,1.0236,0.0888,1419.32,2432.02,284.08587500185,-1.93973281849,31.76400452885411,-1.975474431345019,[80],['hlsp_tess-spoc_tess_phot_0000000057821571-s0080_tess_v1_lc.fits']
0.104969,OGLE-GD-LPV-022866,4,284.02529166666665,2.847555555555556,227287151,284.02528711935,2.84752675342,0,,,18560606+0250512,0,,4280703198512615808,0,0,STAR,tmgaia2,tmgaia2,,,,,,,,,,14.3108,0.052641,8.483,1.0,jhk,,,,,,,,,,,,,,,,,,284.02528711935,2.84752675342,35.997566248306995,0.2616979778380266,[80],['hlsp_tess-spoc_tess_phot_0000000227287151-s0080_tess_v1_lc.fits']
0.148793,OGLE-GD-LPV-023305,4,284.79562500000003,17.451,340431908,284.79563589045,17.45095999558,0,,538-087124,18591096+1727036,0,J185910.94+172703.9,4514149926804806272,44192461,0,STAR,tmgaia2,tmgaia2,,,,,,,,17.109,1.444,12.2977,0.011115,9.435,4.037,vjk,,,,,,,,,,,,,,,,,,284.79563589045,17.45095999558,49.386427849288665,6.203500356045578,"[80, 81]","['hlsp_tess-spoc_tess_phot_0000000340431908-s0080_tess_v1_lc.fits', 'hlsp_tess-spoc_tess_phot_0000000340431908-s0081_tess_v1_lc.fits']"
0.263182,OGLE-GD-LPV-025006,4,287.72616666666664,12.856388888888889,396511063,287.72611869864,12.85633269739,0,,,19105428+1251227,0,J191054.23+125122.8,4314036267958462080,0,0,STAR,tmgaia2,tmgaia2,,,,,,,,,,14.1608,0.001502,8.83,1.0,jhk,,,,,,,,,,,,,,,,,,287.72611869864,12.85633269739,46.57282229546147,1.595804292707858,"[80, 81]","['hlsp_tess-spoc_tess_phot_0000000396511063-s0080_tess_v1_lc.fits', 'hlsp_tess-spoc_tess_phot_0000000396511063-s0081_tess_v1_lc.fits']"
0.205813,OGLE-GD-LPV-025027,4,287.7631666666666,17.342055555555554,396271933,287.76313134068,17.34200938853,0,,,19110315+1720312,0,J191103.19+172029.6,4513573095531067520,0,0,STAR,tmgaia2,tmgaia2,,,,,,,,,,14.1001,0.033935,10.293,1.0,jhk,,,,,,,,,,,,,,,,,,287.76313134068,17.34200938853,50.57567775686751,3.6291809228738416,"[80, 81]","['hlsp_tess-spoc_tess_phot_0000000396271933-s0080_tess_v1_lc.fits', 'hlsp_tess-spoc_tess_phot_0000000396271933-s0081_tess_v1_lc.fits']"
0.130173,OGLE-GD-LPV-024960,4,287.63891666666666,15.019916666666669,396081007,287.63889886594,15.01988485633,0,,,19103333+1501116,0,J191033.36+150111.8,4320498716287392256,0,0,STAR,tmgaia2,tmgaia2,,,,,,,,,,16.2336,0.072853,10.011,1.0,jhk,,,,,,,,,,,,,,,,,,287.63889886594,15.01988485633,48.45518114919435,2.668070642507709,"[80, 81]","['hlsp_tess-spoc_tess_phot_0000000396081007-s0080_tess_v1_lc.fits', 'hlsp_tess-spoc_tess_phot_0000000396081007-s0081_tess_v1_lc.fits']"
0.059643,OGLE-GD-LPV-024989,4,287.6972083333333,8.939694444444445,203072764,287.69720008774,8.93968001753,0,,,19104733+0856229,0,J191047.32+085622.6,4308908489270508672,0,0,STAR,tmgaia2,tmgaia2,,,,,,,,,,16.1552,0.038635,9.937,1.0,jhk,,,,,,,,,,,,,,,,,,287.69720008774,8.93968001753,43.08556304387244,-0.1883326540157506,[80],['hlsp_tess-spoc_tess_phot_0000000203072764-s0080_tess_v1_lc.fits']
0.1344,OGLE-GD-LPV-024920,4,287.5729583333333,11.427888888888887,202080116,287.57299548134,11.42788064396,0,,,19101751+1125404,0,J191017.52+112540.4,4313041072492611840,0,0,STAR,tmgaia2,tmgaia2,,,,,,,,,,15.0724,0.0973,9.746,1.0,jhk,,,,,,,,,,,,,,,,,,287.57299548134,11.42788064396,45.236074548417896,1.0693731475493236,"[80, 81]","['hlsp_tess-spoc_tess_phot_0000000202080116-s0080_tess_v1_lc.fits', 'hlsp_tess-spoc_tess_phot_0000000202080116-s0081_tess_v1_lc.fits']"
0.069776,OGLE-GD-LPV-025391,4,288.4486666666666,14.453666666666663,397840804,288.44867038117,14.45364762117,0,,,19134768+1427132,0,J191347.67+142713.2,4320308775639065856,0,0,STAR,tmgaia2,tmgaia2,,,,,,,,,,13.8224,0.026041,9.408,1.0,jhk,,,,,,,,,,,,,,,,,,288.44867038117,14.45364762117,48.314432020685885,1.7119758002817398,"[80, 81]","['hlsp_tess-spoc_tess_phot_0000000397840804-s0080_tess_v1_lc.fits', 'hlsp_tess-spoc_tess_phot_0000000397840804-s0081_tess_v1_lc.fits']"
0.296143,OGLE-GD-LPV-025274,4,288.2260833333333,8.601861111111111,207188574,288.22609925458,8.60194185262,0,,,19125427+0836067,0,J191254.28+083607.1,4308826713092863616,0,0,STAR,tmgaia2,tmgaia2,,,,,,,,,,15.0416,0.085646,8.712,1.0,jhk,,,,,,,,,,,,,,,,,,288.22609925458,8.60194185262,43.0279396808358,-0.8080226094883557,"[80, 81]","['hlsp_tess-spoc_tess_phot_0000000207188574-s0080_tess_v1_lc.fits', 'hlsp_tess-spoc_tess_phot_0000000207188574-s0081_tess_v1_lc.fits']"
0.137619,OGLE-GD-LPV-025295,4,288.2687499999999,11.427777777777775,206801793,288.26872113266,11.42775207299,0,,,19130449+1125401,0,J191304.50+112540.0,4312865219317881088,0,0,STAR,tmgaia2,tmgaia2,,,,,,,,,,15.3753,0.060653,10.245,1.0,jhk,,,,,,,,,,,,,,,,,,288.26872113266,11.42775207299,45.55145986869467,0.4646654523875158,"[80, 81]","['hlsp_tess-spoc_tess_phot_0000000206801793-s0080_tess_v1_lc.fits', 'hlsp_tess-spoc_tess_phot_0000000206801793-s0081_tess_v1_lc.fits']"
0.123204,OGLE-GD-LPV-024337,4,286.5614583333333,0.0403611111111111,178975396,286.56147183049,0.04032966178,0,,,19061474+0002251,0,J190614.79+000225.7,4265674283375421312,0,0,STAR,tmgaia2,tmgaia2,-4.186,0.421,-3.767,0.379,gaia2,1.2343,0.2631,,,14.0252,0.06965,7.392,1.0,jhk,gaia2,,,,,,,,,,,847.442,255.413,0.2935,0.0425,185.089,325.738,286.56145380752,0.04031344068,34.65779520424977,-3.275806049701216,[80],['hlsp_tess-spoc_tess_phot_0000000178975396-s0080_tess_v1_lc.fits']
0.138461,OGLE-GD-LPV-024447,4,286.7512083333333,-3.785527777777778,374198232,286.75117443753,-3.78554609087,0,,,19070028-0347078,0,J190700.28-034707.8,4260535990615869952,0,0,STAR,tmgaia2,tmgaia2,,,,,,,,,,14.4524,0.049028,9.835,1.0,jhk,,,,,,,,,,,,,,,,,,286.75117443753,-3.78554609087,31.327861148141587,-5.18533918742375,[80],['hlsp_tess-spoc_tess_phot_0000000374198232-s0080_tess_v1_lc.fits']
0.058384,OGLE-GD-LPV-024209,4,286.3459583333333,7.694777777777778,223721810,286.34594702059,7.69476605878,0,,,19052302+0741412,0,J190523.06+074140.6,4307218574253739648,0,0,STAR,tmgaia2,tmgaia2,,,,,,,,,,13.5747,0.025302,8.025,1.0,jhk,,,,,,,,,,,,,,,,,,286.34594702059,7.69476605878,41.36475306567444,0.4250721397725206,[80],['hlsp_tess-spoc_tess_phot_0000000223721810-s0080_tess_v1_lc.fits']
0.069405,OGLE-GD-LPV-024173,4,286.29099999999994,2.300055555555556,178241108,286.29099791806,2.30003638905,0,,,19050984+0218003,0,J190509.81+021800.4,4268481229118245504,0,0,STAR,tmgaia2,tmgaia2,,,,,,,,,,14.3328,0.058465,9.918,1.0,jhk,,,,,,,,,,,,,,,,,,286.29099791806,2.30003638905,36.54551951638618,-2.001629988736569,[80],['hlsp_tess-spoc_tess_phot_0000000178241108-s0080_tess_v1_lc.fits']
0.168443,OGLE-GD-LPV-024311,4,286.5102083333333,13.689694444444443,356952152,286.51016845644,13.6896682113,0,,,19060244+1341229,0,J190602.43+134122.9,4314380208949061632,0,0,STAR,tmgaia2,tmgaia2,,,,,,,,,,13.9395,0.034646,8.84,1.0,jhk,,,,,,,,,,,,,,,,,,286.51016845644,13.6896682113,46.76957111658298,3.029798028418024,"[80, 81]","['hlsp_tess-spoc_tess_phot_0000000356952152-s0080_tess_v1_lc.fits', 'hlsp_tess-spoc_tess_phot_0000000356952152-s0081_tess_v1_lc.fits']"
0.168576,OGLE-GD-LPV-024312,4,286.514125,9.756333333333334,195763078,286.51409895718,9.75629416735,0,,,19060339+0945228,0,J190603.37+094522.9,4310716704882990592,0,0,STAR,tmgaia2,tmgaia2,,,,,,,,,,14.6811,0.074676,10.056,1.0,jhk,,,,,,,,,,,,,,,,,,286.51409895718,9.75629416735,43.27268392003037,1.223977675786076,[80],['hlsp_tess-spoc_tess_phot_0000000195763078-s0080_tess_v1_lc.fits']
0.23326,OGLE-GD-LPV-024806,4,287.3652916666666,-0.84675,47696930,287.36523978821,-0.84678882708,0,,446-101239,19092766-0050482,0,J190927.66-005048.5,4262365681064927616,665533,0,STAR,tmgaia2,tmgaia2,,,,,,,,13.942,0.135,11.9123,0.024588,9.224,0.158,vjk,,,,,,,,,,,,,,,,,,287.36523978821,-0.84678882708,34.23453616344636,-4.395952717081108,[80],['hlsp_tess-spoc_tess_phot_0000000047696930-s0080_tess_v1_lc.fits']
0.094183,OGLE-GD-LPV-024814,4,287.38062499999995,10.585472222222222,201589449,287.38065152765,10.58547433903,0,,,19093136+1035077,0,J190931.36+103507.6,4312362914311175552,0,0,STAR,tmgaia2,tmgaia2,,,,,,,,,,14.7772,0.078866,10.004,1.0,jhk,,,,,,,,,,,,,,,,,,287.38065152765,10.58547433903,44.40144705059102,0.8482359226864671,"[80, 81]","['hlsp_tess-spoc_tess_phot_0000000201589449-s0080_tess_v1_lc.fits', 'hlsp_tess-spoc_tess_phot_0000000201589449-s0081_tess_v1_lc.fits']"
0.122306,OGLE-GD-LPV-024745,4,287.22229166666665,11.459444444444443,200071432,287.22226004205,11.45943053086,0,,,19085334+1127339,0,J190853.34+112734.1,4312680844990575488,0,0,STAR,tmgaia2,tmgaia2,,,,,,,,,,14.7339,0.042443,10.006,1.0,jhk,,,,,,,,,,,,,,,,,,287.22226004205,11.45943053086,45.10560433699633,1.3889161548320292,"[80, 81]","['hlsp_tess-spoc_tess_phot_0000000200071432-s0080_tess_v1_lc.fits', 'hlsp_tess-spoc_tess_phot_0000000200071432-s0081_tess_v1_lc.fits']"
0.089587,OGLE-GD-LPV-020921,4,281.3995416666666,-5.950083333333334,225694439,281.3995266651,-5.95010324943,0,,,18453588-0557002,0,J184535.90-055700.2,4253322468477445376,0,0,STAR,tmgaia2,tmgaia2,,,,,,,,,,14.0569,0.008954,9.942,1.0,jhk,,,,,,,,,,,,,,,,,,281.3995266651,-5.95010324943,26.971322690956672,-1.416225895568746,[80],['hlsp_tess-spoc_tess_phot_0000000225694439-s0080_tess_v1_lc.fits']
0.09117,OGLE-GD-LPV-020963,4,281.447125,5.4558888888888895,171350080,281.44712256379,5.45586368015,0,,,18454730+0527211,0,J184547.30+052720.7,4285235351113099008,0,0,STAR,tmgaia2,tmgaia2,,,,,,,,,,16.1381,0.116133,8.446,1.0,jhk,,,,,,,,,,,,,,,,,,281.44712256379,5.45586368015,37.15202252965343,3.737845864719454,[80],['hlsp_tess-spoc_tess_phot_0000000171350080-s0080_tess_v1_lc.fits']
0.096674,OGLE-GD-LPV-020737,4,281.171125,-9.591666666666669,164356644,281.17114876231,-9.59167978762,0,,,18444107-0935301,0,J184441.05-093529.9,4155321420853812352,0,0,STAR,tmgaia2,tmgaia2,,,,,,,,,,13.6389,0.037765,9.298,1.0,jhk,,,,,,,,,,,,,,,,,,281.17114876231,-9.59167978762,23.62374406647225,-2.8730553857633048,[80],['hlsp_tess-spoc_tess_phot_0000000164356644-s0080_tess_v1_lc.fits']
0.148958,OGLE-GD-LPV-020641,4,281.0835,-6.839861111111111,163864265,281.08349724431,-6.83990239776,0,,,18442004-0650235,0,J184420.04-065023.4,4253111293541066240,0,0,STAR,tmgaia2,tmgaia2,,,,,,,,,,14.2343,0.032349,10.167,1.0,jhk,,,,,,,,,,,,,,,,,,281.08349724431,-6.83990239776,26.035923769590983,-1.542551125644907,[80],['hlsp_tess-spoc_tess_phot_0000000163864265-s0080_tess_v1_lc.fits']
0.104821,OGLE-GD-LPV-019834,4,280.23066666666665,-5.198972222222222,47468902,280.23063926469,-5.19898237571,0,,,18405535-0511562,0,J184055.31-051156.6,4256532939345996672,0,0,STAR,tmgaia2,tmgaia2,,,,,,,,,,13.3776,0.033307,8.785,1.0,jhk,,,,,,,,,,,,,,,,,,280.23063926469,-5.19898237571,27.10787814234484,-0.0382272287195656,[80],['hlsp_tess-spoc_tess_phot_0000000047468902-s0080_tess_v1_lc.fits']
0.071525,OGLE-GD-LPV-019608,4,279.99933333333325,1.0078888888888888,108799109,279.99931427056,1.00788328006,0,,,18395983+0100284,0,J183959.84+010028.3,4272772318063168384,0,0,STAR,tmgaia2,tmgaia2,,,,,,,,,,14.8966,0.07309,10.237,1.0,jhk,,,,,,,,,,,,,,,,,,279.99931427056,1.00788328006,32.52488862877632,3.0049785520326853,[80],['hlsp_tess-spoc_tess_phot_0000000108799109-s0080_tess_v1_lc.fits']
0.134722,OGLE-GD-LPV-020099,4,280.4983333333333,-2.3543055555555554,182144264,280.4983576169,-2.35433404694,0,,,18415960-0221154,0,J184159.61-022115.7,4259503274345254272,0,0,STAR,tmgaia2,tmgaia2,,,,,,,,,,13.7257,0.052449,9.109,1.0,jhk,,,,,,,,,,,,,,,,,,280.4983576169,-2.35433404694,29.75965181459909,1.0258541474664131,[80],['hlsp_tess-spoc_tess_phot_0000000182144264-s0080_tess_v1_lc.fits']
0.186145,OGLE-GD-LPV-020087,4,280.49091666666664,-6.902611111111112,162191278,280.49089429846,-6.90265780677,0,,,18415782-0654095,0,J184157.83-065409.7,4252790652834387968,0,0,STAR,tmgaia2,tmgaia2,,,,,,,,,,13.1585,0.020504,9.058,1.0,jhk,,,,,,,,,,,,,,,,,,280.49089429846,-6.90265780677,25.711339520961857,-1.0478129823336486,[80],['hlsp_tess-spoc_tess_phot_0000000162191278-s0080_tess_v1_lc.fits']
0.157216,OGLE-GD-LPV-020231,4,280.63279166666666,-1.775472222222222,183709453,280.632818461,-1.77550671733,0,,,18423187-0146319,0,J184231.85-014631.0,4259936310095007104,0,0,STAR,tmgaia2,tmgaia2,,,,,,,,,,12.5905,0.013877,8.766,1.0,jhk,,,,,,,,,,,,,,,,,,280.632818461,-1.77550671733,30.33600914527838,1.1708986775959638,[80],['hlsp_tess-spoc_tess_phot_0000000183709453-s0080_tess_v1_lc.fits']
0.07142,OGLE-GD-LPV-020187,4,280.58216666666664,-5.422000000000001,182700566,280.58218648291,-5.4220020996,0,,,18421972-0525191,0,J184219.69-052519.0,4253508732606305664,0,0,STAR,tmgaia2,tmgaia2,,,,,,,,,,15.1616,0.055088,9.617,1.0,jhk,,,,,,,,,,,,,,,,,,280.58218648291,-5.4220020996,27.06970588115048,-0.4514802232405855,[80],['hlsp_tess-spoc_tess_phot_0000000182700566-s0080_tess_v1_lc.fits']
0.113639,OGLE-GD-LPV-019896,4,280.294125,0.1493055555555555,109353923,280.29414823594,0.14928418883,0,,,18411059+0008575,0,J184110.60+000857.4,4272467787709913088,0,0,STAR,tmgaia2,tmgaia2,,,,,,,,,,13.9847,0.064154,8.953,1.0,jhk,,,,,,,,,,,,,,,,,,280.29414823594,0.14928418883,31.894510710792805,2.3511035560221005,[80],['hlsp_tess-spoc_tess_phot_0000000109353923-s0080_tess_v1_lc.fits']
0.067691,OGLE-GD-LPV-019968,4,280.361,-5.789555555555555,180853847,280.36098617031,-5.78956837113,0,,,18412663-0547225,0,J184126.65-054722.0,4253491832002296448,0,0,STAR,tmgaia2,tmgaia2,,,,,,,,,,15.251,0.072758,9.944,1.0,jhk,,,,,,,,,,,,,,,,,,280.36098617031,-5.78956837113,26.64216167208997,-0.4238852255045463,[80],['hlsp_tess-spoc_tess_phot_0000000180853847-s0080_tess_v1_lc.fits']
0.127541,OGLE-GD-LPV-022336,4,283.2631666666666,-2.222277777777778,54689055,283.26313730982,-2.22229764283,0,,,18530315-0213201,0,J185303.16-021319.9,4258968808584719104,0,0,STAR,tmgaia2,tmgaia2,,,,,,,,,,14.1103,0.048119,8.719,1.0,jhk,,,,,,,,,,,,,,,,,,283.26313730982,-2.22229764283,31.13774833078399,-1.3722048347174949,[80],['hlsp_tess-spoc_tess_phot_0000000054689055-s0080_tess_v1_lc.fits']
0.096401,OGLE-GD-LPV-022042,4,282.904125,-7.254333333333333,31733268,282.90412514012,-7.25436011102,0,,,18513699-0715155,0,J185136.99-071515.5,4252190422556096384,0,0,STAR,tmgaia2,tmgaia2,,,,,,,,,,13.4972,0.021294,9.435,1.0,jhk,,,,,,,,,,,,,,,,,,282.90412514012,-7.25436011102,26.488589939257704,-3.340337065936907,[80],['hlsp_tess-spoc_tess_phot_0000000031733268-s0080_tess_v1_lc.fits']
0.088787,OGLE-GD-LPV-022038,4,282.8992083333333,-6.716555555555556,31738889,282.89920674235,-6.71658016794,0,,,18513582-0642594,0,J185135.81-064259.5,4252424137509676800,0,0,STAR,tmgaia2,tmgaia2,,,,,,,,,,14.7576,0.06716,10.075,1.0,jhk,,,,,,,,,,,,,,,,,,282.89920674235,-6.71658016794,26.966502411002903,-3.092248876781712,[80],['hlsp_tess-spoc_tess_phot_0000000031738889-s0080_tess_v1_lc.fits']
0.054345,OGLE-GD-LPV-022138,4,283.01079166666665,-4.165222222222223,53926992,283.01080077944,-4.16523427558,0,,,18520259-0409548,0,J185202.61-040954.7,4255259567442015616,0,0,STAR,tmgaia2,tmgaia2,,,,,,,,,,15.9756,0.04215,8.631,1.0,jhk,,,,,,,,,,,,,,,,,,283.01080077944,-4.16523427558,29.29227050374089,-2.0323392225029333,[80],['hlsp_tess-spoc_tess_phot_0000000053926992-s0080_tess_v1_lc.fits']
0.127365,OGLE-GD-LPV-022560,4,283.57516666666663,-5.970833333333333,55821297,283.57517045107,-5.97086851177,0,,,18541804-0558148,0,J185418.04-055815.0,4253987814768532352,0,0,STAR,tmgaia2,tmgaia2,,,,,,,,,,13.5309,0.037361,10.109,1.0,jhk,,,,,,,,,,,,,,,,,,283.57517045107,-5.97086851177,27.937268250674496,-3.353074310394061,[80],['hlsp_tess-spoc_tess_phot_0000000055821297-s0080_tess_v1_lc.fits']
0.035627,OGLE-BLG-LPV-253447,4,268.32629166666663,-15.340305555555556,207293023,268.32629576592,-15.34031462794,0,,,17531830-1520251,0,J175318.30-152025.0,4148402361658359936,0,0,STAR,tmgaia2,tmgaia2,,,,,,,,,,13.6736,0.036117,9.041,1.0,jhk,,,,,,,,,,,,,,,,,,268.32629576592,-15.34031462794,12.606096260093132,5.436699975208733,[80],['hlsp_tess-spoc_tess_phot_0000000207293023-s0080_tess_v1_lc.fits']
0.050842,OGLE-BLG-LPV-260138,4,273.2721249999999,-14.715666666666666,108955788,273.27212313288,-14.71568067358,0,,,18130531-1442563,0,J181305.30-144256.3,4146433449883419904,0,0,STAR,tmgaia2,tmgaia2,,,,,,,,,,14.4825,0.047139,9.927,1.0,jhk,,,,,,,,,,,,,,,,,,273.27212313288,-14.71568067358,15.4957005348801,1.577909677038137,[80],['hlsp_tess-spoc_tess_phot_0000000108955788-s0080_tess_v1_lc.fits']
0.078002,OGLE-BLG-LPV-262265,4,275.276625,-11.606527777777778,17320227,275.27663362626,-11.60654772952,0,,,18210638-1136233,0,J182106.36-113623.4,4154079934797886976,0,0,STAR,tmgaia2,tmgaia2,,,,,,,,,,15.55,0.055109,10.167,1.0,jhk,,,,,,,,,,,,,,,,,,275.27663362626,-11.60654772952,19.159735791345938,1.3352271415325694,[80],['hlsp_tess-spoc_tess_phot_0000000017320227-s0080_tess_v1_lc.fits']
0.13927,OGLE-BLG-LPV-262104,4,275.1214999999999,-10.542305555555556,16714450,275.12151958906,-10.5423391076,0,,,18202917-1032323,0,J182029.18-103231.7,4154405355866079872,0,0,STAR,tmgaia2,tmgaia2,,,,,,,,,,14.4581,0.077455,9.412,1.0,jhk,,,,,,,,,,,,,,,,,,275.12151958906,-10.5423391076,20.02756731046769,1.970244286819728,[80],['hlsp_tess-spoc_tess_phot_0000000016714450-s0080_tess_v1_lc.fits']
0.049558,OGLE-BLG-LPV-261696,4,274.69775,-12.620111111111113,115089231,274.69776403146,-12.62011253292,0,,,18184746-1237123,0,J181847.47-123712.2,4153494169963905536,0,0,STAR,tmgaia2,tmgaia2,,,,,,,,,,14.4642,0.070347,9.5,1.0,jhk,,,,,,,,,,,,,,,,,,274.69776403146,-12.62011253292,17.998711233303705,1.3563774224013387,[80],['hlsp_tess-spoc_tess_phot_0000000115089231-s0080_tess_v1_lc.fits']
0.04352,OGLE-BLG-LPV-258416,4,271.842,-15.978777777777776,363838289,271.84198961494,-15.97878459404,0,,,18072207-1558434,0,J180722.07-155843.6,4145868988138902656,0,0,STAR,tmgaia2,tmgaia2,,,,,,,,,,15.2254,0.022959,10.389,1.0,jhk,,,,,,,,,,,,,,,,,,271.84198961494,-15.97878459404,13.7232247200417,2.1771326217346685,[80],['hlsp_tess-spoc_tess_phot_0000000363838289-s0080_tess_v1_lc.fits']
0.13213,OGLE-BLG-LPV-258642,4,272.0255833333333,-14.907694444444443,364224490,272.02555984237,-14.90772328515,0,,,18080614-1454279,0,J180806.13-145427.6,4146836249112446592,0,0,STAR,tmgaia2,tmgaia2,,,,,,,,,,14.9614,0.032124,10.137,1.0,jhk,,,,,,,,,,,,,,,,,,272.02555984237,-14.90772328515,14.74665712597133,2.5416820778700897,[80],['hlsp_tess-spoc_tess_phot_0000000364224490-s0080_tess_v1_lc.fits']
0.104797,OGLE-BLG-LPV-258010,4,271.5515833333333,-15.819722222222222,362537090,271.55159032861,-15.81975054389,0,,,18061237-1549111,0,J180612.38-154911.0,4145933275214176000,0,0,STAR,tmgaia2,tmgaia2,,,,,,,,,,14.4685,0.060681,9.682,1.0,jhk,,,,,,,,,,,,,,,,,,271.55159032861,-15.81975054389,13.726439155787237,2.498536632805622,[80],['hlsp_tess-spoc_tess_phot_0000000362537090-s0080_tess_v1_lc.fits']
0.089216,OGLE-BLG-LPV-259563,4,272.83012499999995,-15.371027777777778,107573721,272.83011231156,-15.37104932946,0,,,18111922-1522158,0,J181119.22-152215.4,4146012199521416704,0,0,STAR,tmgaia2,tmgaia2,,,,,,,,,,14.7509,0.071859,10.071,1.0,jhk,,,,,,,,,,,,,,,,,,272.83011231156,-15.37104932946,14.715584678504184,1.6378869398158205,[80],['hlsp_tess-spoc_tess_phot_0000000107573721-s0080_tess_v1_lc.fits']
0.06217,OGLE-BLG-LPV-259785,4,272.99066666666664,-15.656777777777778,107960728,272.99065981519,-15.6567937375,0,,,18115776-1539244,0,J181157.76-153924.4,4145799203500626560,0,0,STAR,tmgaia2,tmgaia2,,,,,,,,,,14.7173,0.029187,9.579,1.0,jhk,,,,,,,,,,,,,,,,,,272.99065981519,-15.6567937375,14.539302947514134,1.364887141721547,[80],['hlsp_tess-spoc_tess_phot_0000000107960728-s0080_tess_v1_lc.fits']
0.090695,OGLE-BLG-LPV-259874,4,273.0687083333333,-14.410583333333332,108080116,273.06870553292,-14.41060838002,0,,,18121649-1424381,0,J181216.49-142438.0,4146500210857475328,0,0,STAR,tmgaia2,tmgaia2,,,,,,,,,,14.7839,0.076427,9.787,1.0,jhk,,,,,,,,,,,,,,,,,,273.06870553292,-14.41060838002,15.669202816956066,1.8969122099235924,[80],['hlsp_tess-spoc_tess_phot_0000000108080116-s0080_tess_v1_lc.fits']
0.121991,OGLE-BLG-LPV-258932,4,272.2781666666666,-15.740777777777778,364991270,272.27814692509,-15.74080583562,0,,,18090676-1544268,0,J180906.76-154426.8,4145899774465679104,0,0,STAR,tmgaia2,tmgaia2,,,,,,,,,,15.3614,0.062196,10.319,1.0,jhk,,,,,,,,,,,,,,,,,,272.27814692509,-15.74080583562,14.134970541161232,1.9254188338682257,[80],['hlsp_tess-spoc_tess_phot_0000000364991270-s0080_tess_v1_lc.fits']
0.083399,OGLE-BLG-LPV-258994,4,272.3250833333333,-14.636916666666666,365128911,272.3250648484,-14.63693139124,0,,,18091802-1438126,0,J180918.01-143812.8,4146870883729949568,0,0,STAR,tmgaia2,tmgaia2,,,,,,,,,,15.3853,0.065435,10.329,1.0,jhk,,,,,,,,,,,,,,,,,,272.3250648484,-14.63693139124,15.124047514741976,2.419076282788488,[80],['hlsp_tess-spoc_tess_phot_0000000365128911-s0080_tess_v1_lc.fits']
0.062526,OGLE-BLG-LPV-259281,4,272.597625,-15.373194444444444,106696050,272.59761357853,-15.37320787482,0,,,18102342-1522234,0,J181023.43-152223.6,4146008724844603008,0,0,STAR,tmgaia2,tmgaia2,,,,,,,,,,14.2691,0.065089,9.425,1.0,jhk,,,,,,,,,,,,,,,,,,272.59761357853,-15.37320787482,14.605702666662934,1.8333335644027584,[80],['hlsp_tess-spoc_tess_phot_0000000106696050-s0080_tess_v1_lc.fits']
0.139123,OGLE-SMC-LPV-17874,3,17.61220833333333,-72.59686111111111,402100419,17.6121669995,-72.5968244967,0,,088-004636,01102693-7235486,0,J011026.95-723548.6,4687441308747959936,33506240,0,STAR,tmgaia2,tmgaia2,1.164,0.093,-1.268,0.082,gaia2,-0.1312,0.0539,13.246,0.08,14.21,0.068311,12.785,0.069,rered,gaia2,,,,,,,,,,,7448.31,1404.07,0.0912,,1252.18,1555.97,17.61218375856,-72.59682995679,-59.0577538773106,-44.45787338091046,[68],['hlsp_tess-spoc_tess_phot_0000000402100419-s0068_tess_v1_lc.fits']
0.089028,OGLE-BLG-LPV-245914,4,264.9247916666666,-31.65611111111111,107330123,264.92476270821,-31.65611309929,0,,,17394195-3139220,0,J173941.94-313921.7,4055094270174974464,0,0,STAR,tmgaia2,tmgaia2,,,,,,,,,,14.2659,0.040247,8.633,1.0,jhk,,,,,,,,,,,,,,,,,,264.92476270821,-31.65611309929,-2.985226821648182,-0.3454305546908579,[66],['hlsp_tess-spoc_tess_phot_0000000107330123-s0066_tess_v1_lc.fits']
