TIC,sector,dataURI,productFilename
30726507,61,mast:HLSP/tess-spoc/s0061/target/0000/0000/3072/6507/hlsp_tess-spoc_tess_phot_0000000030726507-s0061_tess_v1_lc.fits,hlsp_tess-spoc_tess_phot_0000000030726507-s0061_tess_v1_lc.fits
30726507,63,mast:HLSP/tess-spoc/s0063/target/0000/0000/3072/6507/hlsp_tess-spoc_tess_phot_0000000030726507-s0063_tess_v1_lc.fits,hlsp_tess-spoc_tess_phot_0000000030726507-s0063_tess_v1_lc.fits
30726507,64,mast:HLSP/tess-spoc/s0064/target/0000/0000/3072/6507/hlsp_tess-spoc_tess_phot_0000000030726507-s0064_tess_v1_lc.fits,hlsp_tess-spoc_tess_phot_0000000030726507-s0064_tess_v1_lc.fits
30726507,65,mast:HLSP/tess-spoc/s0065/target/0000/0000/3072/6507/hlsp_tess-spoc_tess_phot_0000000030726507-s0065_tess_v1_lc.fits,hlsp_tess-spoc_tess_phot_0000000030726507-s0065_tess_v1_lc.fits
30726507,67,mast:HLSP/tess-spoc/s0067/target/0000/0000/3072/6507/hlsp_tess-spoc_tess_phot_0000000030726507-s0067_tess_v1_lc.fits,hlsp_tess-spoc_tess_phot_0000000030726507-s0067_tess_v1_lc.fits
30726507,69,mast:HLSP/tess-spoc/s0069/target/0000/0000/3072/6507/hlsp_tess-spoc_tess_phot_0000000030726507-s0069_tess_v1_lc.fits,hlsp_tess-spoc_tess_phot_0000000030726507-s0069_tess_v1_lc.fits
30726507,66,mast:HLSP/tess-spoc/s0066/target/0000/0000/3072/6507/hlsp_tess-spoc_tess_phot_0000000030726507-s0066_tess_v1_lc.fits,hlsp_tess-spoc_tess_phot_0000000030726507-s0066_tess_v1_lc.fits
294665029,61,mast:HLSP/tess-spoc/s0061/target/0000/0002/9466/5029/hlsp_tess-spoc_tess_phot_0000000294665029-s0061_tess_v1_lc.fits,hlsp_tess-spoc_tess_phot_0000000294665029-s0061_tess_v1_lc.fits
294665029,63,mast:HLSP/tess-spoc/s0063/target/0000/0002/9466/5029/hlsp_tess-spoc_tess_phot_0000000294665029-s0063_tess_v1_lc.fits,hlsp_tess-spoc_tess_phot_0000000294665029-s0063_tess_v1_lc.fits
294665029,64,mast:HLSP/tess-spoc/s0064/target/0000/0002/9466/5029/hlsp_tess-spoc_tess_phot_0000000294665029-s0064_tess_v1_lc.fits,hlsp_tess-spoc_tess_phot_0000000294665029-s0064_tess_v1_lc.fits
294665029,65,mast:HLSP/tess-spoc/s0065/target/0000/0002/9466/5029/hlsp_tess-spoc_tess_phot_0000000294665029-s0065_tess_v1_lc.fits,hlsp_tess-spoc_tess_phot_0000000294665029-s0065_tess_v1_lc.fits
294665029,67,mast:HLSP/tess-spoc/s0067/target/0000/0002/9466/5029/hlsp_tess-spoc_tess_phot_0000000294665029-s0067_tess_v1_lc.fits,hlsp_tess-spoc_tess_phot_0000000294665029-s0067_tess_v1_lc.fits
294665029,68,mast:HLSP/tess-spoc/s0068/target/0000/0002/9466/5029/hlsp_tess-spoc_tess_phot_0000000294665029-s0068_tess_v1_lc.fits,hlsp_tess-spoc_tess_phot_0000000294665029-s0068_tess_v1_lc.fits
294665029,69,mast:HLSP/tess-spoc/s0069/target/0000/0002/9466/5029/hlsp_tess-spoc_tess_phot_0000000294665029-s0069_tess_v1_lc.fits,hlsp_tess-spoc_tess_phot_0000000294665029-s0069_tess_v1_lc.fits
294665029,66,mast:HLSP/tess-spoc/s0066/target/0000/0002/9466/5029/hlsp_tess-spoc_tess_phot_0000000294665029-s0066_tess_v1_lc.fits,hlsp_tess-spoc_tess_phot_0000000294665029-s0066_tess_v1_lc.fits
30636617,61,mast:HLSP/tess-spoc/s0061/target/0000/0000/3063/6617/hlsp_tess-spoc_tess_phot_0000000030636617-s0061_tess_v1_lc.fits,hlsp_tess-spoc_tess_phot_0000000030636617-s0061_tess_v1_lc.fits
30636617,63,mast:HLSP/tess-spoc/s0063/target/0000/0000/3063/6617/hlsp_tess-spoc_tess_phot_0000000030636617-s0063_tess_v1_lc.fits,hlsp_tess-spoc_tess_phot_0000000030636617-s0063_tess_v1_lc.fits
30636617,64,mast:HLSP/tess-spoc/s0064/target/0000/0000/3063/6617/hlsp_tess-spoc_tess_phot_0000000030636617-s0064_tess_v1_lc.fits,hlsp_tess-spoc_tess_phot_0000000030636617-s0064_tess_v1_lc.fits
30636617,65,mast:HLSP/tess-spoc/s0065/target/0000/0000/3063/6617/hlsp_tess-spoc_tess_phot_0000000030636617-s0065_tess_v1_lc.fits,hlsp_tess-spoc_tess_phot_0000000030636617-s0065_tess_v1_lc.fits
30636617,69,mast:HLSP/tess-spoc/s0069/target/0000/0000/3063/6617/hlsp_tess-spoc_tess_phot_0000000030636617-s0069_tess_v1_lc.fits,hlsp_tess-spoc_tess_phot_0000000030636617-s0069_tess_v1_lc.fits
31414244,61,mast:HLSP/tess-spoc/s0061/target/0000/0000/3141/4244/hlsp_tess-spoc_tess_phot_0000000031414244-s0061_tess_v1_lc.fits,hlsp_tess-spoc_tess_phot_0000000031414244-s0061_tess_v1_lc.fits
31414244,63,mast:HLSP/tess-spoc/s0063/target/0000/0000/3141/4244/hlsp_tess-spoc_tess_phot_0000000031414244-s0063_tess_v1_lc.fits,hlsp_tess-spoc_tess_phot_0000000031414244-s0063_tess_v1_lc.fits
31414244,64,mast:HLSP/tess-spoc/s0064/target/0000/0000/3141/4244/hlsp_tess-spoc_tess_phot_0000000031414244-s0064_tess_v1_lc.fits,hlsp_tess-spoc_tess_phot_0000000031414244-s0064_tess_v1_lc.fits
31414244,65,mast:HLSP/tess-spoc/s0065/target/0000/0000/3141/4244/hlsp_tess-spoc_tess_phot_0000000031414244-s0065_tess_v1_lc.fits,hlsp_tess-spoc_tess_phot_0000000031414244-s0065_tess_v1_lc.fits
31414244,67,mast:HLSP/tess-spoc/s0067/target/0000/0000/3141/4244/hlsp_tess-spoc_tess_phot_0000000031414244-s0067_tess_v1_lc.fits,hlsp_tess-spoc_tess_phot_0000000031414244-s0067_tess_v1_lc.fits
31414244,68,mast:HLSP/tess-spoc/s0068/target/0000/0000/3141/4244/hlsp_tess-spoc_tess_phot_0000000031414244-s0068_tess_v1_lc.fits,hlsp_tess-spoc_tess_phot_0000000031414244-s0068_tess_v1_lc.fits
31414244,69,mast:HLSP/tess-spoc/s0069/target/0000/0000/3141/4244/hlsp_tess-spoc_tess_phot_0000000031414244-s0069_tess_v1_lc.fits,hlsp_tess-spoc_tess_phot_0000000031414244-s0069_tess_v1_lc.fits
130150682,39,mast:HLSP/tess-spoc/s0039/target/0000/0001/3015/0682/hlsp_tess-spoc_tess_phot_0000000130150682-s0039_tess_v1_lc.fits,hlsp_tess-spoc_tess_phot_0000000130150682-s0039_tess_v1_lc.fits
381038804,64,mast:HLSP/tess-spoc/s0064/target/0000/0003/8103/8804/hlsp_tess-spoc_tess_phot_0000000381038804-s0064_tess_v1_lc.fits,hlsp_tess-spoc_tess_phot_0000000381038804-s0064_tess_v1_lc.fits
381038804,65,mast:HLSP/tess-spoc/s0065/target/0000/0003/8103/8804/hlsp_tess-spoc_tess_phot_0000000381038804-s0065_tess_v1_lc.fits,hlsp_tess-spoc_tess_phot_0000000381038804-s0065_tess_v1_lc.fits
215675516,80,mast:HLSP/tess-spoc/s0080/target/0000/0002/1567/5516/hlsp_tess-spoc_tess_phot_0000000215675516-s0080_tess_v1_lc.fits,hlsp_tess-spoc_tess_phot_0000000215675516-s0080_tess_v1_lc.fits
180119596,80,mast:HLSP/tess-spoc/s0080/target/0000/0001/8011/9596/hlsp_tess-spoc_tess_phot_0000000180119596-s0080_tess_v1_lc.fits,hlsp_tess-spoc_tess_phot_0000000180119596-s0080_tess_v1_lc.fits
183482805,80,mast:HLSP/tess-spoc/s0080/target/0000/0001/8348/2805/hlsp_tess-spoc_tess_phot_0000000183482805-s0080_tess_v1_lc.fits,hlsp_tess-spoc_tess_phot_0000000183482805-s0080_tess_v1_lc.fits
186427056,80,mast:HLSP/tess-spoc/s0080/target/0000/0001/8642/7056/hlsp_tess-spoc_tess_phot_0000000186427056-s0080_tess_v1_lc.fits,hlsp_tess-spoc_tess_phot_0000000186427056-s0080_tess_v1_lc.fits
222767597,80,mast:HLSP/tess-spoc/s0080/target/0000/0002/2276/7597/hlsp_tess-spoc_tess_phot_0000000222767597-s0080_tess_v1_lc.fits,hlsp_tess-spoc_tess_phot_0000000222767597-s0080_tess_v1_lc.fits
124671431,66,mast:HLSP/tess-spoc/s0066/target/0000/0001/2467/1431/hlsp_tess-spoc_tess_phot_0000000124671431-s0066_tess_v1_lc.fits,hlsp_tess-spoc_tess_phot_0000000124671431-s0066_tess_v1_lc.fits
277197160,65,mast:HLSP/tess-spoc/s0065/target/0000/0002/7719/7160/hlsp_tess-spoc_tess_phot_0000000277197160-s0065_tess_v1_lc.fits,hlsp_tess-spoc_tess_phot_0000000277197160-s0065_tess_v1_lc.fits
346509039,66,mast:HLSP/tess-spoc/s0066/target/0000/0003/4650/9039/hlsp_tess-spoc_tess_phot_0000000346509039-s0066_tess_v1_lc.fits,hlsp_tess-spoc_tess_phot_0000000346509039-s0066_tess_v1_lc.fits
381892596,66,mast:HLSP/tess-spoc/s0066/target/0000/0003/8189/2596/hlsp_tess-spoc_tess_phot_0000000381892596-s0066_tess_v1_lc.fits,hlsp_tess-spoc_tess_phot_0000000381892596-s0066_tess_v1_lc.fits
177842223,80,mast:HLSP/tess-spoc/s0080/target/0000/0001/7784/2223/hlsp_tess-spoc_tess_phot_0000000177842223-s0080_tess_v1_lc.fits,hlsp_tess-spoc_tess_phot_0000000177842223-s0080_tess_v1_lc.fits
31031069,66,mast:HLSP/tess-spoc/s0066/target/0000/0000/3103/1069/hlsp_tess-spoc_tess_phot_0000000031031069-s0066_tess_v1_lc.fits,hlsp_tess-spoc_tess_phot_0000000031031069-s0066_tess_v1_lc.fits
385525361,80,mast:HLSP/tess-spoc/s0080/target/0000/0003/8552/5361/hlsp_tess-spoc_tess_phot_0000000385525361-s0080_tess_v1_lc.fits,hlsp_tess-spoc_tess_phot_0000000385525361-s0080_tess_v1_lc.fits
216693041,80,mast:HLSP/tess-spoc/s0080/target/0000/0002/1669/3041/hlsp_tess-spoc_tess_phot_0000000216693041-s0080_tess_v1_lc.fits,hlsp_tess-spoc_tess_phot_0000000216693041-s0080_tess_v1_lc.fits
463772527,66,mast:HLSP/tess-spoc/s0066/target/0000/0004/6377/2527/hlsp_tess-spoc_tess_phot_0000000463772527-s0066_tess_v1_lc.fits,hlsp_tess-spoc_tess_phot_0000000463772527-s0066_tess_v1_lc.fits
132672189,80,mast:HLSP/tess-spoc/s0080/target/0000/0001/3267/2189/hlsp_tess-spoc_tess_phot_0000000132672189-s0080_tess_v1_lc.fits,hlsp_tess-spoc_tess_phot_0000000132672189-s0080_tess_v1_lc.fits
122205843,66,mast:HLSP/tess-spoc/s0066/target/0000/0001/2220/5843/hlsp_tess-spoc_tess_phot_0000000122205843-s0066_tess_v1_lc.fits,hlsp_tess-spoc_tess_phot_0000000122205843-s0066_tess_v1_lc.fits
217729833,80,mast:HLSP/tess-spoc/s0080/target/0000/0002/1772/9833/hlsp_tess-spoc_tess_phot_0000000217729833-s0080_tess_v1_lc.fits,hlsp_tess-spoc_tess_phot_0000000217729833-s0080_tess_v1_lc.fits
338531279,64,mast:HLSP/tess-spoc/s0064/target/0000/0003/3853/1279/hlsp_tess-spoc_tess_phot_0000000338531279-s0064_tess_v1_lc.fits,hlsp_tess-spoc_tess_phot_0000000338531279-s0064_tess_v1_lc.fits
338531279,65,mast:HLSP/tess-spoc/s0065/target/0000/0003/3853/1279/hlsp_tess-spoc_tess_phot_0000000338531279-s0065_tess_v1_lc.fits,hlsp_tess-spoc_tess_phot_0000000338531279-s0065_tess_v1_lc.fits
106774563,80,mast:HLSP/tess-spoc/s0080/target/0000/0001/0677/4563/hlsp_tess-spoc_tess_phot_0000000106774563-s0080_tess_v1_lc.fits,hlsp_tess-spoc_tess_phot_0000000106774563-s0080_tess_v1_lc.fits
181141151,61,mast:HLSP/tess-spoc/s0061/target/0000/0001/8114/1151/hlsp_tess-spoc_tess_phot_0000000181141151-s0061_tess_v1_lc.fits,hlsp_tess-spoc_tess_phot_0000000181141151-s0061_tess_v1_lc.fits
181141151,62,mast:HLSP/tess-spoc/s0062/target/0000/0001/8114/1151/hlsp_tess-spoc_tess_phot_0000000181141151-s0062_tess_v1_lc.fits,hlsp_tess-spoc_tess_phot_0000000181141151-s0062_tess_v1_lc.fits
395154410,80,mast:HLSP/tess-spoc/s0080/target/0000/0003/9515/4410/hlsp_tess-spoc_tess_phot_0000000395154410-s0080_tess_v1_lc.fits,hlsp_tess-spoc_tess_phot_0000000395154410-s0080_tess_v1_lc.fits
395154410,81,mast:HLSP/tess-spoc/s0081/target/0000/0003/9515/4410/hlsp_tess-spoc_tess_phot_0000000395154410-s0081_tess_v1_lc.fits,hlsp_tess-spoc_tess_phot_0000000395154410-s0081_tess_v1_lc.fits
5331069,66,mast:HLSP/tess-spoc/s0066/target/0000/0000/0533/1069/hlsp_tess-spoc_tess_phot_0000000005331069-s0066_tess_v1_lc.fits,hlsp_tess-spoc_tess_phot_0000000005331069-s0066_tess_v1_lc.fits
395577072,80,mast:HLSP/tess-spoc/s0080/target/0000/0003/9557/7072/hlsp_tess-spoc_tess_phot_0000000395577072-s0080_tess_v1_lc.fits,hlsp_tess-spoc_tess_phot_0000000395577072-s0080_tess_v1_lc.fits
395577072,81,mast:HLSP/tess-spoc/s0081/target/0000/0003/9557/7072/hlsp_tess-spoc_tess_phot_0000000395577072-s0081_tess_v1_lc.fits,hlsp_tess-spoc_tess_phot_0000000395577072-s0081_tess_v1_lc.fits
396404087,80,mast:HLSP/tess-spoc/s0080/target/0000/0003/9640/4087/hlsp_tess-spoc_tess_phot_0000000396404087-s0080_tess_v1_lc.fits,hlsp_tess-spoc_tess_phot_0000000396404087-s0080_tess_v1_lc.fits
396404087,81,mast:HLSP/tess-spoc/s0081/target/0000/0003/9640/4087/hlsp_tess-spoc_tess_phot_0000000396404087-s0081_tess_v1_lc.fits,hlsp_tess-spoc_tess_phot_0000000396404087-s0081_tess_v1_lc.fits
195834343,66,mast:HLSP/tess-spoc/s0066/target/0000/0001/9583/4343/hlsp_tess-spoc_tess_phot_0000000195834343-s0066_tess_v1_lc.fits,hlsp_tess-spoc_tess_phot_0000000195834343-s0066_tess_v1_lc.fits
54681114,80,mast:HLSP/tess-spoc/s0080/target/0000/0000/5468/1114/hlsp_tess-spoc_tess_phot_0000000054681114-s0080_tess_v1_lc.fits,hlsp_tess-spoc_tess_phot_0000000054681114-s0080_tess_v1_lc.fits
253127988,64,mast:HLSP/tess-spoc/s0064/target/0000/0002/5312/7988/hlsp_tess-spoc_tess_phot_0000000253127988-s0064_tess_v1_lc.fits,hlsp_tess-spoc_tess_phot_0000000253127988-s0064_tess_v1_lc.fits
253127988,65,mast:HLSP/tess-spoc/s0065/target/0000/0002/5312/7988/hlsp_tess-spoc_tess_phot_0000000253127988-s0065_tess_v1_lc.fits,hlsp_tess-spoc_tess_phot_0000000253127988-s0065_tess_v1_lc.fits
272514690,65,mast:HLSP/tess-spoc/s0065/target/0000/0002/7251/4690/hlsp_tess-spoc_tess_phot_0000000272514690-s0065_tess_v1_lc.fits,hlsp_tess-spoc_tess_phot_0000000272514690-s0065_tess_v1_lc.fits
175626103,66,mast:HLSP/tess-spoc/s0066/target/0000/0001/7562/6103/hlsp_tess-spoc_tess_phot_0000000175626103-s0066_tess_v1_lc.fits,hlsp_tess-spoc_tess_phot_0000000175626103-s0066_tess_v1_lc.fits
247143687,66,mast:HLSP/tess-spoc/s0066/target/0000/0002/4714/3687/hlsp_tess-spoc_tess_phot_0000000247143687-s0066_tess_v1_lc.fits,hlsp_tess-spoc_tess_phot_0000000247143687-s0066_tess_v1_lc.fits
222852929,80,mast:HLSP/tess-spoc/s0080/target/0000/0002/2285/2929/hlsp_tess-spoc_tess_phot_0000000222852929-s0080_tess_v1_lc.fits,hlsp_tess-spoc_tess_phot_0000000222852929-s0080_tess_v1_lc.fits
181724026,62,mast:HLSP/tess-spoc/s0062/target/0000/0001/8172/4026/hlsp_tess-spoc_tess_phot_0000000181724026-s0062_tess_v1_lc.fits,hlsp_tess-spoc_tess_phot_0000000181724026-s0062_tess_v1_lc.fits
342388505,66,mast:HLSP/tess-spoc/s0066/target/0000/0003/4238/8505/hlsp_tess-spoc_tess_phot_0000000342388505-s0066_tess_v1_lc.fits,hlsp_tess-spoc_tess_phot_0000000342388505-s0066_tess_v1_lc.fits
441983695,64,mast:HLSP/tess-spoc/s0064/target/0000/0004/4198/3695/hlsp_tess-spoc_tess_phot_0000000441983695-s0064_tess_v1_lc.fits,hlsp_tess-spoc_tess_phot_0000000441983695-s0064_tess_v1_lc.fits
441983695,65,mast:HLSP/tess-spoc/s0065/target/0000/0004/4198/3695/hlsp_tess-spoc_tess_phot_0000000441983695-s0065_tess_v1_lc.fits,hlsp_tess-spoc_tess_phot_0000000441983695-s0065_tess_v1_lc.fits
263675855,66,mast:HLSP/tess-spoc/s0066/target/0000/0002/6367/5855/hlsp_tess-spoc_tess_phot_0000000263675855-s0066_tess_v1_lc.fits,hlsp_tess-spoc_tess_phot_0000000263675855-s0066_tess_v1_lc.fits
386345413,80,mast:HLSP/tess-spoc/s0080/target/0000/0003/8634/5413/hlsp_tess-spoc_tess_phot_0000000386345413-s0080_tess_v1_lc.fits,hlsp_tess-spoc_tess_phot_0000000386345413-s0080_tess_v1_lc.fits
312912020,65,mast:HLSP/tess-spoc/s0065/target/0000/0003/1291/2020/hlsp_tess-spoc_tess_phot_0000000312912020-s0065_tess_v1_lc.fits,hlsp_tess-spoc_tess_phot_0000000312912020-s0065_tess_v1_lc.fits
308333772,80,mast:HLSP/tess-spoc/s0080/target/0000/0003/0833/3772/hlsp_tess-spoc_tess_phot_0000000308333772-s0080_tess_v1_lc.fits,hlsp_tess-spoc_tess_phot_0000000308333772-s0080_tess_v1_lc.fits
53632032,80,mast:HLSP/tess-spoc/s0080/target/0000/0000/5363/2032/hlsp_tess-spoc_tess_phot_0000000053632032-s0080_tess_v1_lc.fits,hlsp_tess-spoc_tess_phot_0000000053632032-s0080_tess_v1_lc.fits
163812501,65,mast:HLSP/tess-spoc/s0065/target/0000/0001/6381/2501/hlsp_tess-spoc_tess_phot_0000000163812501-s0065_tess_v1_lc.fits,hlsp_tess-spoc_tess_phot_0000000163812501-s0065_tess_v1_lc.fits
188674295,66,mast:HLSP/tess-spoc/s0066/target/0000/0001/8867/4295/hlsp_tess-spoc_tess_phot_0000000188674295-s0066_tess_v1_lc.fits,hlsp_tess-spoc_tess_phot_0000000188674295-s0066_tess_v1_lc.fits
106702430,80,mast:HLSP/tess-spoc/s0080/target/0000/0001/0670/2430/hlsp_tess-spoc_tess_phot_0000000106702430-s0080_tess_v1_lc.fits,hlsp_tess-spoc_tess_phot_0000000106702430-s0080_tess_v1_lc.fits
332928247,80,mast:HLSP/tess-spoc/s0080/target/0000/0003/3292/8247/hlsp_tess-spoc_tess_phot_0000000332928247-s0080_tess_v1_lc.fits,hlsp_tess-spoc_tess_phot_0000000332928247-s0080_tess_v1_lc.fits
231788908,66,mast:HLSP/tess-spoc/s0066/target/0000/0002/3178/8908/hlsp_tess-spoc_tess_phot_0000000231788908-s0066_tess_v1_lc.fits,hlsp_tess-spoc_tess_phot_0000000231788908-s0066_tess_v1_lc.fits
183548180,80,mast:HLSP/tess-spoc/s0080/target/0000/0001/8354/8180/hlsp_tess-spoc_tess_phot_0000000183548180-s0080_tess_v1_lc.fits,hlsp_tess-spoc_tess_phot_0000000183548180-s0080_tess_v1_lc.fits
196657447,66,mast:HLSP/tess-spoc/s0066/target/0000/0001/9665/7447/hlsp_tess-spoc_tess_phot_0000000196657447-s0066_tess_v1_lc.fits,hlsp_tess-spoc_tess_phot_0000000196657447-s0066_tess_v1_lc.fits
227587714,66,mast:HLSP/tess-spoc/s0066/target/0000/0002/2758/7714/hlsp_tess-spoc_tess_phot_0000000227587714-s0066_tess_v1_lc.fits,hlsp_tess-spoc_tess_phot_0000000227587714-s0066_tess_v1_lc.fits
164355155,80,mast:HLSP/tess-spoc/s0080/target/0000/0001/6435/5155/hlsp_tess-spoc_tess_phot_0000000164355155-s0080_tess_v1_lc.fits,hlsp_tess-spoc_tess_phot_0000000164355155-s0080_tess_v1_lc.fits
192872153,65,mast:HLSP/tess-spoc/s0065/target/0000/0001/9287/2153/hlsp_tess-spoc_tess_phot_0000000192872153-s0065_tess_v1_lc.fits,hlsp_tess-spoc_tess_phot_0000000192872153-s0065_tess_v1_lc.fits
282411850,65,mast:HLSP/tess-spoc/s0065/target/0000/0002/8241/1850/hlsp_tess-spoc_tess_phot_0000000282411850-s0065_tess_v1_lc.fits,hlsp_tess-spoc_tess_phot_0000000282411850-s0065_tess_v1_lc.fits
465085266,66,mast:HLSP/tess-spoc/s0066/target/0000/0004/6508/5266/hlsp_tess-spoc_tess_phot_0000000465085266-s0066_tess_v1_lc.fits,hlsp_tess-spoc_tess_phot_0000000465085266-s0066_tess_v1_lc.fits
389751197,61,mast:HLSP/tess-spoc/s0061/target/0000/0003/8975/1197/hlsp_tess-spoc_tess_phot_0000000389751197-s0061_tess_v1_lc.fits,hlsp_tess-spoc_tess_phot_0000000389751197-s0061_tess_v1_lc.fits
389751197,62,mast:HLSP/tess-spoc/s0062/target/0000/0003/8975/1197/hlsp_tess-spoc_tess_phot_0000000389751197-s0062_tess_v1_lc.fits,hlsp_tess-spoc_tess_phot_0000000389751197-s0062_tess_v1_lc.fits
389751197,63,mast:HLSP/tess-spoc/s0063/target/0000/0003/8975/1197/hlsp_tess-spoc_tess_phot_0000000389751197-s0063_tess_v1_lc.fits,hlsp_tess-spoc_tess_phot_0000000389751197-s0063_tess_v1_lc.fits
389751197,64,mast:HLSP/tess-spoc/s0064/target/0000/0003/8975/1197/hlsp_tess-spoc_tess_phot_0000000389751197-s0064_tess_v1_lc.fits,hlsp_tess-spoc_tess_phot_0000000389751197-s0064_tess_v1_lc.fits
389751197,69,mast:HLSP/tess-spoc/s0069/target/0000/0003/8975/1197/hlsp_tess-spoc_tess_phot_0000000389751197-s0069_tess_v1_lc.fits,hlsp_tess-spoc_tess_phot_0000000389751197-s0069_tess_v1_lc.fits
341244747,66,mast:HLSP/tess-spoc/s0066/target/0000/0003/4124/4747/hlsp_tess-spoc_tess_phot_0000000341244747-s0066_tess_v1_lc.fits,hlsp_tess-spoc_tess_phot_0000000341244747-s0066_tess_v1_lc.fits
386238359,80,mast:HLSP/tess-spoc/s0080/target/0000/0003/8623/8359/hlsp_tess-spoc_tess_phot_0000000386238359-s0080_tess_v1_lc.fits,hlsp_tess-spoc_tess_phot_0000000386238359-s0080_tess_v1_lc.fits
36038815,65,mast:HLSP/tess-spoc/s0065/target/0000/0000/3603/8815/hlsp_tess-spoc_tess_phot_0000000036038815-s0065_tess_v1_lc.fits,hlsp_tess-spoc_tess_phot_0000000036038815-s0065_tess_v1_lc.fits
103818914,80,mast:HLSP/tess-spoc/s0080/target/0000/0001/0381/8914/hlsp_tess-spoc_tess_phot_0000000103818914-s0080_tess_v1_lc.fits,hlsp_tess-spoc_tess_phot_0000000103818914-s0080_tess_v1_lc.fits
41413961,65,mast:HLSP/tess-spoc/s0065/target/0000/0000/4141/3961/hlsp_tess-spoc_tess_phot_0000000041413961-s0065_tess_v1_lc.fits,hlsp_tess-spoc_tess_phot_0000000041413961-s0065_tess_v1_lc.fits
234864470,66,mast:HLSP/tess-spoc/s0066/target/0000/0002/3486/4470/hlsp_tess-spoc_tess_phot_0000000234864470-s0066_tess_v1_lc.fits,hlsp_tess-spoc_tess_phot_0000000234864470-s0066_tess_v1_lc.fits
441983177,64,mast:HLSP/tess-spoc/s0064/target/0000/0004/4198/3177/hlsp_tess-spoc_tess_phot_0000000441983177-s0064_tess_v1_lc.fits,hlsp_tess-spoc_tess_phot_0000000441983177-s0064_tess_v1_lc.fits
441983177,65,mast:HLSP/tess-spoc/s0065/target/0000/0004/4198/3177/hlsp_tess-spoc_tess_phot_0000000441983177-s0065_tess_v1_lc.fits,hlsp_tess-spoc_tess_phot_0000000441983177-s0065_tess_v1_lc.fits
162062651,80,mast:HLSP/tess-spoc/s0080/target/0000/0001/6206/2651/hlsp_tess-spoc_tess_phot_0000000162062651-s0080_tess_v1_lc.fits,hlsp_tess-spoc_tess_phot_0000000162062651-s0080_tess_v1_lc.fits
415027842,64,mast:HLSP/tess-spoc/s0064/target/0000/0004/1502/7842/hlsp_tess-spoc_tess_phot_0000000415027842-s0064_tess_v1_lc.fits,hlsp_tess-spoc_tess_phot_0000000415027842-s0064_tess_v1_lc.fits
415027842,65,mast:HLSP/tess-spoc/s0065/target/0000/0004/1502/7842/hlsp_tess-spoc_tess_phot_0000000415027842-s0065_tess_v1_lc.fits,hlsp_tess-spoc_tess_phot_0000000415027842-s0065_tess_v1_lc.fits
419481627,65,mast:HLSP/tess-spoc/s0065/target/0000/0004/1948/1627/hlsp_tess-spoc_tess_phot_0000000419481627-s0065_tess_v1_lc.fits,hlsp_tess-spoc_tess_phot_0000000419481627-s0065_tess_v1_lc.fits
377858631,66,mast:HLSP/tess-spoc/s0066/target/0000/0003/7785/8631/hlsp_tess-spoc_tess_phot_0000000377858631-s0066_tess_v1_lc.fits,hlsp_tess-spoc_tess_phot_0000000377858631-s0066_tess_v1_lc.fits
179551379,64,mast:HLSP/tess-spoc/s0064/target/0000/0001/7955/1379/hlsp_tess-spoc_tess_phot_0000000179551379-s0064_tess_v1_lc.fits,hlsp_tess-spoc_tess_phot_0000000179551379-s0064_tess_v1_lc.fits
179551379,65,mast:HLSP/tess-spoc/s0065/target/0000/0001/7955/1379/hlsp_tess-spoc_tess_phot_0000000179551379-s0065_tess_v1_lc.fits,hlsp_tess-spoc_tess_phot_0000000179551379-s0065_tess_v1_lc.fits
180116505,80,mast:HLSP/tess-spoc/s0080/target/0000/0001/8011/6505/hlsp_tess-spoc_tess_phot_0000000180116505-s0080_tess_v1_lc.fits,hlsp_tess-spoc_tess_phot_0000000180116505-s0080_tess_v1_lc.fits
194756126,66,mast:HLSP/tess-spoc/s0066/target/0000/0001/9475/6126/hlsp_tess-spoc_tess_phot_0000000194756126-s0066_tess_v1_lc.fits,hlsp_tess-spoc_tess_phot_0000000194756126-s0066_tess_v1_lc.fits
107384091,80,mast:HLSP/tess-spoc/s0080/target/0000/0001/0738/4091/hlsp_tess-spoc_tess_phot_0000000107384091-s0080_tess_v1_lc.fits,hlsp_tess-spoc_tess_phot_0000000107384091-s0080_tess_v1_lc.fits
106979884,80,mast:HLSP/tess-spoc/s0080/target/0000/0001/0697/9884/hlsp_tess-spoc_tess_phot_0000000106979884-s0080_tess_v1_lc.fits,hlsp_tess-spoc_tess_phot_0000000106979884-s0080_tess_v1_lc.fits
176339968,80,mast:HLSP/tess-spoc/s0080/target/0000/0001/7633/9968/hlsp_tess-spoc_tess_phot_0000000176339968-s0080_tess_v1_lc.fits,hlsp_tess-spoc_tess_phot_0000000176339968-s0080_tess_v1_lc.fits
24555292,66,mast:HLSP/tess-spoc/s0066/target/0000/0000/2455/5292/hlsp_tess-spoc_tess_phot_0000000024555292-s0066_tess_v1_lc.fits,hlsp_tess-spoc_tess_phot_0000000024555292-s0066_tess_v1_lc.fits
123396860,66,mast:HLSP/tess-spoc/s0066/target/0000/0001/2339/6860/hlsp_tess-spoc_tess_phot_0000000123396860-s0066_tess_v1_lc.fits,hlsp_tess-spoc_tess_phot_0000000123396860-s0066_tess_v1_lc.fits
21476181,66,mast:HLSP/tess-spoc/s0066/target/0000/0000/2147/6181/hlsp_tess-spoc_tess_phot_0000000021476181-s0066_tess_v1_lc.fits,hlsp_tess-spoc_tess_phot_0000000021476181-s0066_tess_v1_lc.fits
168867735,80,mast:HLSP/tess-spoc/s0080/target/0000/0001/6886/7735/hlsp_tess-spoc_tess_phot_0000000168867735-s0080_tess_v1_lc.fits,hlsp_tess-spoc_tess_phot_0000000168867735-s0080_tess_v1_lc.fits
197565122,80,mast:HLSP/tess-spoc/s0080/target/0000/0001/9756/5122/hlsp_tess-spoc_tess_phot_0000000197565122-s0080_tess_v1_lc.fits,hlsp_tess-spoc_tess_phot_0000000197565122-s0080_tess_v1_lc.fits
142336741,65,mast:HLSP/tess-spoc/s0065/target/0000/0001/4233/6741/hlsp_tess-spoc_tess_phot_0000000142336741-s0065_tess_v1_lc.fits,hlsp_tess-spoc_tess_phot_0000000142336741-s0065_tess_v1_lc.fits
454622858,65,mast:HLSP/tess-spoc/s0065/target/0000/0004/5462/2858/hlsp_tess-spoc_tess_phot_0000000454622858-s0065_tess_v1_lc.fits,hlsp_tess-spoc_tess_phot_0000000454622858-s0065_tess_v1_lc.fits
45589186,66,mast:HLSP/tess-spoc/s0066/target/0000/0000/4558/9186/hlsp_tess-spoc_tess_phot_0000000045589186-s0066_tess_v1_lc.fits,hlsp_tess-spoc_tess_phot_0000000045589186-s0066_tess_v1_lc.fits
151453295,80,mast:HLSP/tess-spoc/s0080/target/0000/0001/5145/3295/hlsp_tess-spoc_tess_phot_0000000151453295-s0080_tess_v1_lc.fits,hlsp_tess-spoc_tess_phot_0000000151453295-s0080_tess_v1_lc.fits
465507669,63,mast:HLSP/tess-spoc/s0063/target/0000/0004/6550/7669/hlsp_tess-spoc_tess_phot_0000000465507669-s0063_tess_v1_lc.fits,hlsp_tess-spoc_tess_phot_0000000465507669-s0063_tess_v1_lc.fits
411807282,64,mast:HLSP/tess-spoc/s0064/target/0000/0004/1180/7282/hlsp_tess-spoc_tess_phot_0000000411807282-s0064_tess_v1_lc.fits,hlsp_tess-spoc_tess_phot_0000000411807282-s0064_tess_v1_lc.fits
465507669,64,mast:HLSP/tess-spoc/s0064/target/0000/0004/6550/7669/hlsp_tess-spoc_tess_phot_0000000465507669-s0064_tess_v1_lc.fits,hlsp_tess-spoc_tess_phot_0000000465507669-s0064_tess_v1_lc.fits
159552001,66,mast:HLSP/tess-spoc/s0066/target/0000/0001/5955/2001/hlsp_tess-spoc_tess_phot_0000000159552001-s0066_tess_v1_lc.fits,hlsp_tess-spoc_tess_phot_0000000159552001-s0066_tess_v1_lc.fits
114378733,66,mast:HLSP/tess-spoc/s0066/target/0000/0001/1437/8733/hlsp_tess-spoc_tess_phot_0000000114378733-s0066_tess_v1_lc.fits,hlsp_tess-spoc_tess_phot_0000000114378733-s0066_tess_v1_lc.fits
18742573,80,mast:HLSP/tess-spoc/s0080/target/0000/0000/1874/2573/hlsp_tess-spoc_tess_phot_0000000018742573-s0080_tess_v1_lc.fits,hlsp_tess-spoc_tess_phot_0000000018742573-s0080_tess_v1_lc.fits
468095433,64,mast:HLSP/tess-spoc/s0064/target/0000/0004/6809/5433/hlsp_tess-spoc_tess_phot_0000000468095433-s0064_tess_v1_lc.fits,hlsp_tess-spoc_tess_phot_0000000468095433-s0064_tess_v1_lc.fits
182000029,80,mast:HLSP/tess-spoc/s0080/target/0000/0001/8200/0029/hlsp_tess-spoc_tess_phot_0000000182000029-s0080_tess_v1_lc.fits,hlsp_tess-spoc_tess_phot_0000000182000029-s0080_tess_v1_lc.fits
81123317,65,mast:HLSP/tess-spoc/s0065/target/0000/0000/8112/3317/hlsp_tess-spoc_tess_phot_0000000081123317-s0065_tess_v1_lc.fits,hlsp_tess-spoc_tess_phot_0000000081123317-s0065_tess_v1_lc.fits
389817837,66,mast:HLSP/tess-spoc/s0066/target/0000/0003/8981/7837/hlsp_tess-spoc_tess_phot_0000000389817837-s0066_tess_v1_lc.fits,hlsp_tess-spoc_tess_phot_0000000389817837-s0066_tess_v1_lc.fits
163317548,80,mast:HLSP/tess-spoc/s0080/target/0000/0001/6331/7548/hlsp_tess-spoc_tess_phot_0000000163317548-s0080_tess_v1_lc.fits,hlsp_tess-spoc_tess_phot_0000000163317548-s0080_tess_v1_lc.fits
14383421,80,mast:HLSP/tess-spoc/s0080/target/0000/0000/1438/3421/hlsp_tess-spoc_tess_phot_0000000014383421-s0080_tess_v1_lc.fits,hlsp_tess-spoc_tess_phot_0000000014383421-s0080_tess_v1_lc.fits
162185701,80,mast:HLSP/tess-spoc/s0080/target/0000/0001/6218/5701/hlsp_tess-spoc_tess_phot_0000000162185701-s0080_tess_v1_lc.fits,hlsp_tess-spoc_tess_phot_0000000162185701-s0080_tess_v1_lc.fits
219044225,80,mast:HLSP/tess-spoc/s0080/target/0000/0002/1904/4225/hlsp_tess-spoc_tess_phot_0000000219044225-s0080_tess_v1_lc.fits,hlsp_tess-spoc_tess_phot_0000000219044225-s0080_tess_v1_lc.fits
329750712,80,mast:HLSP/tess-spoc/s0080/target/0000/0003/2975/0712/hlsp_tess-spoc_tess_phot_0000000329750712-s0080_tess_v1_lc.fits,hlsp_tess-spoc_tess_phot_0000000329750712-s0080_tess_v1_lc.fits
328853519,64,mast:HLSP/tess-spoc/s0064/target/0000/0003/2885/3519/hlsp_tess-spoc_tess_phot_0000000328853519-s0064_tess_v1_lc.fits,hlsp_tess-spoc_tess_phot_0000000328853519-s0064_tess_v1_lc.fits
328853519,65,mast:HLSP/tess-spoc/s0065/target/0000/0003/2885/3519/hlsp_tess-spoc_tess_phot_0000000328853519-s0065_tess_v1_lc.fits,hlsp_tess-spoc_tess_phot_0000000328853519-s0065_tess_v1_lc.fits
295068032,62,mast:HLSP/tess-spoc/s0062/target/0000/0002/9506/8032/hlsp_tess-spoc_tess_phot_0000000295068032-s0062_tess_v1_lc.fits,hlsp_tess-spoc_tess_phot_0000000295068032-s0062_tess_v1_lc.fits
295068032,63,mast:HLSP/tess-spoc/s0063/target/0000/0002/9506/8032/hlsp_tess-spoc_tess_phot_0000000295068032-s0063_tess_v1_lc.fits,hlsp_tess-spoc_tess_phot_0000000295068032-s0063_tess_v1_lc.fits
295068032,64,mast:HLSP/tess-spoc/s0064/target/0000/0002/9506/8032/hlsp_tess-spoc_tess_phot_0000000295068032-s0064_tess_v1_lc.fits,hlsp_tess-spoc_tess_phot_0000000295068032-s0064_tess_v1_lc.fits
295068032,65,mast:HLSP/tess-spoc/s0065/target/0000/0002/9506/8032/hlsp_tess-spoc_tess_phot_0000000295068032-s0065_tess_v1_lc.fits,hlsp_tess-spoc_tess_phot_0000000295068032-s0065_tess_v1_lc.fits
295068032,67,mast:HLSP/tess-spoc/s0067/target/0000/0002/9506/8032/hlsp_tess-spoc_tess_phot_0000000295068032-s0067_tess_v1_lc.fits,hlsp_tess-spoc_tess_phot_0000000295068032-s0067_tess_v1_lc.fits
295068032,68,mast:HLSP/tess-spoc/s0068/target/0000/0002/9506/8032/hlsp_tess-spoc_tess_phot_0000000295068032-s0068_tess_v1_lc.fits,hlsp_tess-spoc_tess_phot_0000000295068032-s0068_tess_v1_lc.fits
295068032,69,mast:HLSP/tess-spoc/s0069/target/0000/0002/9506/8032/hlsp_tess-spoc_tess_phot_0000000295068032-s0069_tess_v1_lc.fits,hlsp_tess-spoc_tess_phot_0000000295068032-s0069_tess_v1_lc.fits
295068032,66,mast:HLSP/tess-spoc/s0066/target/0000/0002/9506/8032/hlsp_tess-spoc_tess_phot_0000000295068032-s0066_tess_v1_lc.fits,hlsp_tess-spoc_tess_phot_0000000295068032-s0066_tess_v1_lc.fits
386549924,80,mast:HLSP/tess-spoc/s0080/target/0000/0003/8654/9924/hlsp_tess-spoc_tess_phot_0000000386549924-s0080_tess_v1_lc.fits,hlsp_tess-spoc_tess_phot_0000000386549924-s0080_tess_v1_lc.fits
433672864,80,mast:HLSP/tess-spoc/s0080/target/0000/0004/3367/2864/hlsp_tess-spoc_tess_phot_0000000433672864-s0080_tess_v1_lc.fits,hlsp_tess-spoc_tess_phot_0000000433672864-s0080_tess_v1_lc.fits
281546047,64,mast:HLSP/tess-spoc/s0064/target/0000/0002/8154/6047/hlsp_tess-spoc_tess_phot_0000000281546047-s0064_tess_v1_lc.fits,hlsp_tess-spoc_tess_phot_0000000281546047-s0064_tess_v1_lc.fits
24565604,66,mast:HLSP/tess-spoc/s0066/target/0000/0000/2456/5604/hlsp_tess-spoc_tess_phot_0000000024565604-s0066_tess_v1_lc.fits,hlsp_tess-spoc_tess_phot_0000000024565604-s0066_tess_v1_lc.fits
53448676,66,mast:HLSP/tess-spoc/s0066/target/0000/0000/5344/8676/hlsp_tess-spoc_tess_phot_0000000053448676-s0066_tess_v1_lc.fits,hlsp_tess-spoc_tess_phot_0000000053448676-s0066_tess_v1_lc.fits
156329887,66,mast:HLSP/tess-spoc/s0066/target/0000/0001/5632/9887/hlsp_tess-spoc_tess_phot_0000000156329887-s0066_tess_v1_lc.fits,hlsp_tess-spoc_tess_phot_0000000156329887-s0066_tess_v1_lc.fits
309562965,80,mast:HLSP/tess-spoc/s0080/target/0000/0003/0956/2965/hlsp_tess-spoc_tess_phot_0000000309562965-s0080_tess_v1_lc.fits,hlsp_tess-spoc_tess_phot_0000000309562965-s0080_tess_v1_lc.fits
30643326,61,mast:HLSP/tess-spoc/s0061/target/0000/0000/3064/3326/hlsp_tess-spoc_tess_phot_0000000030643326-s0061_tess_v1_lc.fits,hlsp_tess-spoc_tess_phot_0000000030643326-s0061_tess_v1_lc.fits
30643326,62,mast:HLSP/tess-spoc/s0062/target/0000/0000/3064/3326/hlsp_tess-spoc_tess_phot_0000000030643326-s0062_tess_v1_lc.fits,hlsp_tess-spoc_tess_phot_0000000030643326-s0062_tess_v1_lc.fits
30643326,63,mast:HLSP/tess-spoc/s0063/target/0000/0000/3064/3326/hlsp_tess-spoc_tess_phot_0000000030643326-s0063_tess_v1_lc.fits,hlsp_tess-spoc_tess_phot_0000000030643326-s0063_tess_v1_lc.fits
30643326,64,mast:HLSP/tess-spoc/s0064/target/0000/0000/3064/3326/hlsp_tess-spoc_tess_phot_0000000030643326-s0064_tess_v1_lc.fits,hlsp_tess-spoc_tess_phot_0000000030643326-s0064_tess_v1_lc.fits
30643326,65,mast:HLSP/tess-spoc/s0065/target/0000/0000/3064/3326/hlsp_tess-spoc_tess_phot_0000000030643326-s0065_tess_v1_lc.fits,hlsp_tess-spoc_tess_phot_0000000030643326-s0065_tess_v1_lc.fits
30643326,67,mast:HLSP/tess-spoc/s0067/target/0000/0000/3064/3326/hlsp_tess-spoc_tess_phot_0000000030643326-s0067_tess_v1_lc.fits,hlsp_tess-spoc_tess_phot_0000000030643326-s0067_tess_v1_lc.fits
30643326,68,mast:HLSP/tess-spoc/s0068/target/0000/0000/3064/3326/hlsp_tess-spoc_tess_phot_0000000030643326-s0068_tess_v1_lc.fits,hlsp_tess-spoc_tess_phot_0000000030643326-s0068_tess_v1_lc.fits
30643326,66,mast:HLSP/tess-spoc/s0066/target/0000/0000/3064/3326/hlsp_tess-spoc_tess_phot_0000000030643326-s0066_tess_v1_lc.fits,hlsp_tess-spoc_tess_phot_0000000030643326-s0066_tess_v1_lc.fits
389283262,66,mast:HLSP/tess-spoc/s0066/target/0000/0003/8928/3262/hlsp_tess-spoc_tess_phot_0000000389283262-s0066_tess_v1_lc.fits,hlsp_tess-spoc_tess_phot_0000000389283262-s0066_tess_v1_lc.fits
197443507,80,mast:HLSP/tess-spoc/s0080/target/0000/0001/9744/3507/hlsp_tess-spoc_tess_phot_0000000197443507-s0080_tess_v1_lc.fits,hlsp_tess-spoc_tess_phot_0000000197443507-s0080_tess_v1_lc.fits
123173366,66,mast:HLSP/tess-spoc/s0066/target/0000/0001/2317/3366/hlsp_tess-spoc_tess_phot_0000000123173366-s0066_tess_v1_lc.fits,hlsp_tess-spoc_tess_phot_0000000123173366-s0066_tess_v1_lc.fits
462162214,63,mast:HLSP/tess-spoc/s0063/target/0000/0004/6216/2214/hlsp_tess-spoc_tess_phot_0000000462162214-s0063_tess_v1_lc.fits,hlsp_tess-spoc_tess_phot_0000000462162214-s0063_tess_v1_lc.fits
462162214,64,mast:HLSP/tess-spoc/s0064/target/0000/0004/6216/2214/hlsp_tess-spoc_tess_phot_0000000462162214-s0064_tess_v1_lc.fits,hlsp_tess-spoc_tess_phot_0000000462162214-s0064_tess_v1_lc.fits
386670866,80,mast:HLSP/tess-spoc/s0080/target/0000/0003/8667/0866/hlsp_tess-spoc_tess_phot_0000000386670866-s0080_tess_v1_lc.fits,hlsp_tess-spoc_tess_phot_0000000386670866-s0080_tess_v1_lc.fits
299752636,62,mast:HLSP/tess-spoc/s0062/target/0000/0002/9975/2636/hlsp_tess-spoc_tess_phot_0000000299752636-s0062_tess_v1_lc.fits,hlsp_tess-spoc_tess_phot_0000000299752636-s0062_tess_v1_lc.fits
299752636,63,mast:HLSP/tess-spoc/s0063/target/0000/0002/9975/2636/hlsp_tess-spoc_tess_phot_0000000299752636-s0063_tess_v1_lc.fits,hlsp_tess-spoc_tess_phot_0000000299752636-s0063_tess_v1_lc.fits
413348930,65,mast:HLSP/tess-spoc/s0065/target/0000/0004/1334/8930/hlsp_tess-spoc_tess_phot_0000000413348930-s0065_tess_v1_lc.fits,hlsp_tess-spoc_tess_phot_0000000413348930-s0065_tess_v1_lc.fits
100696581,66,mast:HLSP/tess-spoc/s0066/target/0000/0001/0069/6581/hlsp_tess-spoc_tess_phot_0000000100696581-s0066_tess_v1_lc.fits,hlsp_tess-spoc_tess_phot_0000000100696581-s0066_tess_v1_lc.fits
303722464,63,mast:HLSP/tess-spoc/s0063/target/0000/0003/0372/2464/hlsp_tess-spoc_tess_phot_0000000303722464-s0063_tess_v1_lc.fits,hlsp_tess-spoc_tess_phot_0000000303722464-s0063_tess_v1_lc.fits
303722464,64,mast:HLSP/tess-spoc/s0064/target/0000/0003/0372/2464/hlsp_tess-spoc_tess_phot_0000000303722464-s0064_tess_v1_lc.fits,hlsp_tess-spoc_tess_phot_0000000303722464-s0064_tess_v1_lc.fits
226505250,80,mast:HLSP/tess-spoc/s0080/target/0000/0002/2650/5250/hlsp_tess-spoc_tess_phot_0000000226505250-s0080_tess_v1_lc.fits,hlsp_tess-spoc_tess_phot_0000000226505250-s0080_tess_v1_lc.fits
432853145,80,mast:HLSP/tess-spoc/s0080/target/0000/0004/3285/3145/hlsp_tess-spoc_tess_phot_0000000432853145-s0080_tess_v1_lc.fits,hlsp_tess-spoc_tess_phot_0000000432853145-s0080_tess_v1_lc.fits
433931982,64,mast:HLSP/tess-spoc/s0064/target/0000/0004/3393/1982/hlsp_tess-spoc_tess_phot_0000000433931982-s0064_tess_v1_lc.fits,hlsp_tess-spoc_tess_phot_0000000433931982-s0064_tess_v1_lc.fits
433931982,65,mast:HLSP/tess-spoc/s0065/target/0000/0004/3393/1982/hlsp_tess-spoc_tess_phot_0000000433931982-s0065_tess_v1_lc.fits,hlsp_tess-spoc_tess_phot_0000000433931982-s0065_tess_v1_lc.fits
101292353,80,mast:HLSP/tess-spoc/s0080/target/0000/0001/0129/2353/hlsp_tess-spoc_tess_phot_0000000101292353-s0080_tess_v1_lc.fits,hlsp_tess-spoc_tess_phot_0000000101292353-s0080_tess_v1_lc.fits
409398999,65,mast:HLSP/tess-spoc/s0065/target/0000/0004/0939/8999/hlsp_tess-spoc_tess_phot_0000000409398999-s0065_tess_v1_lc.fits,hlsp_tess-spoc_tess_phot_0000000409398999-s0065_tess_v1_lc.fits
308676587,80,mast:HLSP/tess-spoc/s0080/target/0000/0003/0867/6587/hlsp_tess-spoc_tess_phot_0000000308676587-s0080_tess_v1_lc.fits,hlsp_tess-spoc_tess_phot_0000000308676587-s0080_tess_v1_lc.fits
405755967,64,mast:HLSP/tess-spoc/s0064/target/0000/0004/0575/5967/hlsp_tess-spoc_tess_phot_0000000405755967-s0064_tess_v1_lc.fits,hlsp_tess-spoc_tess_phot_0000000405755967-s0064_tess_v1_lc.fits
278889651,65,mast:HLSP/tess-spoc/s0065/target/0000/0002/7888/9651/hlsp_tess-spoc_tess_phot_0000000278889651-s0065_tess_v1_lc.fits,hlsp_tess-spoc_tess_phot_0000000278889651-s0065_tess_v1_lc.fits
405755967,65,mast:HLSP/tess-spoc/s0065/target/0000/0004/0575/5967/hlsp_tess-spoc_tess_phot_0000000405755967-s0065_tess_v1_lc.fits,hlsp_tess-spoc_tess_phot_0000000405755967-s0065_tess_v1_lc.fits
415933100,65,mast:HLSP/tess-spoc/s0065/target/0000/0004/1593/3100/hlsp_tess-spoc_tess_phot_0000000415933100-s0065_tess_v1_lc.fits,hlsp_tess-spoc_tess_phot_0000000415933100-s0065_tess_v1_lc.fits
347604809,66,mast:HLSP/tess-spoc/s0066/target/0000/0003/4760/4809/hlsp_tess-spoc_tess_phot_0000000347604809-s0066_tess_v1_lc.fits,hlsp_tess-spoc_tess_phot_0000000347604809-s0066_tess_v1_lc.fits
133733900,80,mast:HLSP/tess-spoc/s0080/target/0000/0001/3373/3900/hlsp_tess-spoc_tess_phot_0000000133733900-s0080_tess_v1_lc.fits,hlsp_tess-spoc_tess_phot_0000000133733900-s0080_tess_v1_lc.fits
203433082,80,mast:HLSP/tess-spoc/s0080/target/0000/0002/0343/3082/hlsp_tess-spoc_tess_phot_0000000203433082-s0080_tess_v1_lc.fits,hlsp_tess-spoc_tess_phot_0000000203433082-s0080_tess_v1_lc.fits
88931346,71,mast:HLSP/tess-spoc/s0071/target/0000/0000/8893/1346/hlsp_tess-spoc_tess_phot_0000000088931346-s0071_tess_v1_lc.fits,hlsp_tess-spoc_tess_phot_0000000088931346-s0071_tess_v1_lc.fits
88931346,72,mast:HLSP/tess-spoc/s0072/target/0000/0000/8893/1346/hlsp_tess-spoc_tess_phot_0000000088931346-s0072_tess_v1_lc.fits,hlsp_tess-spoc_tess_phot_0000000088931346-s0072_tess_v1_lc.fits
437625607,64,mast:HLSP/tess-spoc/s0064/target/0000/0004/3762/5607/hlsp_tess-spoc_tess_phot_0000000437625607-s0064_tess_v1_lc.fits,hlsp_tess-spoc_tess_phot_0000000437625607-s0064_tess_v1_lc.fits
284636683,65,mast:HLSP/tess-spoc/s0065/target/0000/0002/8463/6683/hlsp_tess-spoc_tess_phot_0000000284636683-s0065_tess_v1_lc.fits,hlsp_tess-spoc_tess_phot_0000000284636683-s0065_tess_v1_lc.fits
437625607,65,mast:HLSP/tess-spoc/s0065/target/0000/0004/3762/5607/hlsp_tess-spoc_tess_phot_0000000437625607-s0065_tess_v1_lc.fits,hlsp_tess-spoc_tess_phot_0000000437625607-s0065_tess_v1_lc.fits
162073571,80,mast:HLSP/tess-spoc/s0080/target/0000/0001/6207/3571/hlsp_tess-spoc_tess_phot_0000000162073571-s0080_tess_v1_lc.fits,hlsp_tess-spoc_tess_phot_0000000162073571-s0080_tess_v1_lc.fits
162833504,80,mast:HLSP/tess-spoc/s0080/target/0000/0001/6283/3504/hlsp_tess-spoc_tess_phot_0000000162833504-s0080_tess_v1_lc.fits,hlsp_tess-spoc_tess_phot_0000000162833504-s0080_tess_v1_lc.fits
324390118,64,mast:HLSP/tess-spoc/s0064/target/0000/0003/2439/0118/hlsp_tess-spoc_tess_phot_0000000324390118-s0064_tess_v1_lc.fits,hlsp_tess-spoc_tess_phot_0000000324390118-s0064_tess_v1_lc.fits
324390118,65,mast:HLSP/tess-spoc/s0065/target/0000/0003/2439/0118/hlsp_tess-spoc_tess_phot_0000000324390118-s0065_tess_v1_lc.fits,hlsp_tess-spoc_tess_phot_0000000324390118-s0065_tess_v1_lc.fits
298367219,65,mast:HLSP/tess-spoc/s0065/target/0000/0002/9836/7219/hlsp_tess-spoc_tess_phot_0000000298367219-s0065_tess_v1_lc.fits,hlsp_tess-spoc_tess_phot_0000000298367219-s0065_tess_v1_lc.fits
76120274,65,mast:HLSP/tess-spoc/s0065/target/0000/0000/7612/0274/hlsp_tess-spoc_tess_phot_0000000076120274-s0065_tess_v1_lc.fits,hlsp_tess-spoc_tess_phot_0000000076120274-s0065_tess_v1_lc.fits
110914399,80,mast:HLSP/tess-spoc/s0080/target/0000/0001/1091/4399/hlsp_tess-spoc_tess_phot_0000000110914399-s0080_tess_v1_lc.fits,hlsp_tess-spoc_tess_phot_0000000110914399-s0080_tess_v1_lc.fits
146392204,80,mast:HLSP/tess-spoc/s0080/target/0000/0001/4639/2204/hlsp_tess-spoc_tess_phot_0000000146392204-s0080_tess_v1_lc.fits,hlsp_tess-spoc_tess_phot_0000000146392204-s0080_tess_v1_lc.fits
183113422,80,mast:HLSP/tess-spoc/s0080/target/0000/0001/8311/3422/hlsp_tess-spoc_tess_phot_0000000183113422-s0080_tess_v1_lc.fits,hlsp_tess-spoc_tess_phot_0000000183113422-s0080_tess_v1_lc.fits
230578736,66,mast:HLSP/tess-spoc/s0066/target/0000/0002/3057/8736/hlsp_tess-spoc_tess_phot_0000000230578736-s0066_tess_v1_lc.fits,hlsp_tess-spoc_tess_phot_0000000230578736-s0066_tess_v1_lc.fits
216479558,39,mast:HLSP/tess-spoc/s0039/target/0000/0002/1647/9558/hlsp_tess-spoc_tess_phot_0000000216479558-s0039_tess_v1_lc.fits,hlsp_tess-spoc_tess_phot_0000000216479558-s0039_tess_v1_lc.fits
189419960,65,mast:HLSP/tess-spoc/s0065/target/0000/0001/8941/9960/hlsp_tess-spoc_tess_phot_0000000189419960-s0065_tess_v1_lc.fits,hlsp_tess-spoc_tess_phot_0000000189419960-s0065_tess_v1_lc.fits
216479558,66,mast:HLSP/tess-spoc/s0066/target/0000/0002/1647/9558/hlsp_tess-spoc_tess_phot_0000000216479558-s0066_tess_v1_lc.fits,hlsp_tess-spoc_tess_phot_0000000216479558-s0066_tess_v1_lc.fits
43855395,80,mast:HLSP/tess-spoc/s0080/target/0000/0000/4385/5395/hlsp_tess-spoc_tess_phot_0000000043855395-s0080_tess_v1_lc.fits,hlsp_tess-spoc_tess_phot_0000000043855395-s0080_tess_v1_lc.fits
109999199,80,mast:HLSP/tess-spoc/s0080/target/0000/0001/0999/9199/hlsp_tess-spoc_tess_phot_0000000109999199-s0080_tess_v1_lc.fits,hlsp_tess-spoc_tess_phot_0000000109999199-s0080_tess_v1_lc.fits
39755625,65,mast:HLSP/tess-spoc/s0065/target/0000/0000/3975/5625/hlsp_tess-spoc_tess_phot_0000000039755625-s0065_tess_v1_lc.fits,hlsp_tess-spoc_tess_phot_0000000039755625-s0065_tess_v1_lc.fits
378338920,66,mast:HLSP/tess-spoc/s0066/target/0000/0003/7833/8920/hlsp_tess-spoc_tess_phot_0000000378338920-s0066_tess_v1_lc.fits,hlsp_tess-spoc_tess_phot_0000000378338920-s0066_tess_v1_lc.fits
301003708,64,mast:HLSP/tess-spoc/s0064/target/0000/0003/0100/3708/hlsp_tess-spoc_tess_phot_0000000301003708-s0064_tess_v1_lc.fits,hlsp_tess-spoc_tess_phot_0000000301003708-s0064_tess_v1_lc.fits
223587931,80,mast:HLSP/tess-spoc/s0080/target/0000/0002/2358/7931/hlsp_tess-spoc_tess_phot_0000000223587931-s0080_tess_v1_lc.fits,hlsp_tess-spoc_tess_phot_0000000223587931-s0080_tess_v1_lc.fits
15702358,80,mast:HLSP/tess-spoc/s0080/target/0000/0000/1570/2358/hlsp_tess-spoc_tess_phot_0000000015702358-s0080_tess_v1_lc.fits,hlsp_tess-spoc_tess_phot_0000000015702358-s0080_tess_v1_lc.fits
103811587,80,mast:HLSP/tess-spoc/s0080/target/0000/0001/0381/1587/hlsp_tess-spoc_tess_phot_0000000103811587-s0080_tess_v1_lc.fits,hlsp_tess-spoc_tess_phot_0000000103811587-s0080_tess_v1_lc.fits
236417058,66,mast:HLSP/tess-spoc/s0066/target/0000/0002/3641/7058/hlsp_tess-spoc_tess_phot_0000000236417058-s0066_tess_v1_lc.fits,hlsp_tess-spoc_tess_phot_0000000236417058-s0066_tess_v1_lc.fits
30473992,61,mast:HLSP/tess-spoc/s0061/target/0000/0000/3047/3992/hlsp_tess-spoc_tess_phot_0000000030473992-s0061_tess_v1_lc.fits,hlsp_tess-spoc_tess_phot_0000000030473992-s0061_tess_v1_lc.fits
30473992,63,mast:HLSP/tess-spoc/s0063/target/0000/0000/3047/3992/hlsp_tess-spoc_tess_phot_0000000030473992-s0063_tess_v1_lc.fits,hlsp_tess-spoc_tess_phot_0000000030473992-s0063_tess_v1_lc.fits
30473992,64,mast:HLSP/tess-spoc/s0064/target/0000/0000/3047/3992/hlsp_tess-spoc_tess_phot_0000000030473992-s0064_tess_v1_lc.fits,hlsp_tess-spoc_tess_phot_0000000030473992-s0064_tess_v1_lc.fits
283271710,65,mast:HLSP/tess-spoc/s0065/target/0000/0002/8327/1710/hlsp_tess-spoc_tess_phot_0000000283271710-s0065_tess_v1_lc.fits,hlsp_tess-spoc_tess_phot_0000000283271710-s0065_tess_v1_lc.fits
30473992,69,mast:HLSP/tess-spoc/s0069/target/0000/0000/3047/3992/hlsp_tess-spoc_tess_phot_0000000030473992-s0069_tess_v1_lc.fits,hlsp_tess-spoc_tess_phot_0000000030473992-s0069_tess_v1_lc.fits
64436700,65,mast:HLSP/tess-spoc/s0065/target/0000/0000/6443/6700/hlsp_tess-spoc_tess_phot_0000000064436700-s0065_tess_v1_lc.fits,hlsp_tess-spoc_tess_phot_0000000064436700-s0065_tess_v1_lc.fits
230919747,66,mast:HLSP/tess-spoc/s0066/target/0000/0002/3091/9747/hlsp_tess-spoc_tess_phot_0000000230919747-s0066_tess_v1_lc.fits,hlsp_tess-spoc_tess_phot_0000000230919747-s0066_tess_v1_lc.fits
382348871,66,mast:HLSP/tess-spoc/s0066/target/0000/0003/8234/8871/hlsp_tess-spoc_tess_phot_0000000382348871-s0066_tess_v1_lc.fits,hlsp_tess-spoc_tess_phot_0000000382348871-s0066_tess_v1_lc.fits
183629826,80,mast:HLSP/tess-spoc/s0080/target/0000/0001/8362/9826/hlsp_tess-spoc_tess_phot_0000000183629826-s0080_tess_v1_lc.fits,hlsp_tess-spoc_tess_phot_0000000183629826-s0080_tess_v1_lc.fits
293040910,65,mast:HLSP/tess-spoc/s0065/target/0000/0002/9304/0910/hlsp_tess-spoc_tess_phot_0000000293040910-s0065_tess_v1_lc.fits,hlsp_tess-spoc_tess_phot_0000000293040910-s0065_tess_v1_lc.fits
44701510,80,mast:HLSP/tess-spoc/s0080/target/0000/0000/4470/1510/hlsp_tess-spoc_tess_phot_0000000044701510-s0080_tess_v1_lc.fits,hlsp_tess-spoc_tess_phot_0000000044701510-s0080_tess_v1_lc.fits
181615713,80,mast:HLSP/tess-spoc/s0080/target/0000/0001/8161/5713/hlsp_tess-spoc_tess_phot_0000000181615713-s0080_tess_v1_lc.fits,hlsp_tess-spoc_tess_phot_0000000181615713-s0080_tess_v1_lc.fits
417359444,65,mast:HLSP/tess-spoc/s0065/target/0000/0004/1735/9444/hlsp_tess-spoc_tess_phot_0000000417359444-s0065_tess_v1_lc.fits,hlsp_tess-spoc_tess_phot_0000000417359444-s0065_tess_v1_lc.fits
450743580,64,mast:HLSP/tess-spoc/s0064/target/0000/0004/5074/3580/hlsp_tess-spoc_tess_phot_0000000450743580-s0064_tess_v1_lc.fits,hlsp_tess-spoc_tess_phot_0000000450743580-s0064_tess_v1_lc.fits
19109738,80,mast:HLSP/tess-spoc/s0080/target/0000/0000/1910/9738/hlsp_tess-spoc_tess_phot_0000000019109738-s0080_tess_v1_lc.fits,hlsp_tess-spoc_tess_phot_0000000019109738-s0080_tess_v1_lc.fits
180015860,80,mast:HLSP/tess-spoc/s0080/target/0000/0001/8001/5860/hlsp_tess-spoc_tess_phot_0000000180015860-s0080_tess_v1_lc.fits,hlsp_tess-spoc_tess_phot_0000000180015860-s0080_tess_v1_lc.fits
276228821,65,mast:HLSP/tess-spoc/s0065/target/0000/0002/7622/8821/hlsp_tess-spoc_tess_phot_0000000276228821-s0065_tess_v1_lc.fits,hlsp_tess-spoc_tess_phot_0000000276228821-s0065_tess_v1_lc.fits
463220078,66,mast:HLSP/tess-spoc/s0066/target/0000/0004/6322/0078/hlsp_tess-spoc_tess_phot_0000000463220078-s0066_tess_v1_lc.fits,hlsp_tess-spoc_tess_phot_0000000463220078-s0066_tess_v1_lc.fits
440971353,62,mast:HLSP/tess-spoc/s0062/target/0000/0004/4097/1353/hlsp_tess-spoc_tess_phot_0000000440971353-s0062_tess_v1_lc.fits,hlsp_tess-spoc_tess_phot_0000000440971353-s0062_tess_v1_lc.fits
440971353,63,mast:HLSP/tess-spoc/s0063/target/0000/0004/4097/1353/hlsp_tess-spoc_tess_phot_0000000440971353-s0063_tess_v1_lc.fits,hlsp_tess-spoc_tess_phot_0000000440971353-s0063_tess_v1_lc.fits
321051939,65,mast:HLSP/tess-spoc/s0065/target/0000/0003/2105/1939/hlsp_tess-spoc_tess_phot_0000000321051939-s0065_tess_v1_lc.fits,hlsp_tess-spoc_tess_phot_0000000321051939-s0065_tess_v1_lc.fits
308492322,80,mast:HLSP/tess-spoc/s0080/target/0000/0003/0849/2322/hlsp_tess-spoc_tess_phot_0000000308492322-s0080_tess_v1_lc.fits,hlsp_tess-spoc_tess_phot_0000000308492322-s0080_tess_v1_lc.fits
414708959,65,mast:HLSP/tess-spoc/s0065/target/0000/0004/1470/8959/hlsp_tess-spoc_tess_phot_0000000414708959-s0065_tess_v1_lc.fits,hlsp_tess-spoc_tess_phot_0000000414708959-s0065_tess_v1_lc.fits
19731377,66,mast:HLSP/tess-spoc/s0066/target/0000/0000/1973/1377/hlsp_tess-spoc_tess_phot_0000000019731377-s0066_tess_v1_lc.fits,hlsp_tess-spoc_tess_phot_0000000019731377-s0066_tess_v1_lc.fits
264263894,65,mast:HLSP/tess-spoc/s0065/target/0000/0002/6426/3894/hlsp_tess-spoc_tess_phot_0000000264263894-s0065_tess_v1_lc.fits,hlsp_tess-spoc_tess_phot_0000000264263894-s0065_tess_v1_lc.fits
7823492,80,mast:HLSP/tess-spoc/s0080/target/0000/0000/0782/3492/hlsp_tess-spoc_tess_phot_0000000007823492-s0080_tess_v1_lc.fits,hlsp_tess-spoc_tess_phot_0000000007823492-s0080_tess_v1_lc.fits
131506303,80,mast:HLSP/tess-spoc/s0080/target/0000/0001/3150/6303/hlsp_tess-spoc_tess_phot_0000000131506303-s0080_tess_v1_lc.fits,hlsp_tess-spoc_tess_phot_0000000131506303-s0080_tess_v1_lc.fits
424936944,80,mast:HLSP/tess-spoc/s0080/target/0000/0004/2493/6944/hlsp_tess-spoc_tess_phot_0000000424936944-s0080_tess_v1_lc.fits,hlsp_tess-spoc_tess_phot_0000000424936944-s0080_tess_v1_lc.fits
441362393,64,mast:HLSP/tess-spoc/s0064/target/0000/0004/4136/2393/hlsp_tess-spoc_tess_phot_0000000441362393-s0064_tess_v1_lc.fits,hlsp_tess-spoc_tess_phot_0000000441362393-s0064_tess_v1_lc.fits
315634576,65,mast:HLSP/tess-spoc/s0065/target/0000/0003/1563/4576/hlsp_tess-spoc_tess_phot_0000000315634576-s0065_tess_v1_lc.fits,hlsp_tess-spoc_tess_phot_0000000315634576-s0065_tess_v1_lc.fits
441362393,65,mast:HLSP/tess-spoc/s0065/target/0000/0004/4136/2393/hlsp_tess-spoc_tess_phot_0000000441362393-s0065_tess_v1_lc.fits,hlsp_tess-spoc_tess_phot_0000000441362393-s0065_tess_v1_lc.fits
103813236,80,mast:HLSP/tess-spoc/s0080/target/0000/0001/0381/3236/hlsp_tess-spoc_tess_phot_0000000103813236-s0080_tess_v1_lc.fits,hlsp_tess-spoc_tess_phot_0000000103813236-s0080_tess_v1_lc.fits
385263230,80,mast:HLSP/tess-spoc/s0080/target/0000/0003/8526/3230/hlsp_tess-spoc_tess_phot_0000000385263230-s0080_tess_v1_lc.fits,hlsp_tess-spoc_tess_phot_0000000385263230-s0080_tess_v1_lc.fits
275350739,65,mast:HLSP/tess-spoc/s0065/target/0000/0002/7535/0739/hlsp_tess-spoc_tess_phot_0000000275350739-s0065_tess_v1_lc.fits,hlsp_tess-spoc_tess_phot_0000000275350739-s0065_tess_v1_lc.fits
382976447,64,mast:HLSP/tess-spoc/s0064/target/0000/0003/8297/6447/hlsp_tess-spoc_tess_phot_0000000382976447-s0064_tess_v1_lc.fits,hlsp_tess-spoc_tess_phot_0000000382976447-s0064_tess_v1_lc.fits
382976447,65,mast:HLSP/tess-spoc/s0065/target/0000/0003/8297/6447/hlsp_tess-spoc_tess_phot_0000000382976447-s0065_tess_v1_lc.fits,hlsp_tess-spoc_tess_phot_0000000382976447-s0065_tess_v1_lc.fits
389704640,66,mast:HLSP/tess-spoc/s0066/target/0000/0003/8970/4640/hlsp_tess-spoc_tess_phot_0000000389704640-s0066_tess_v1_lc.fits,hlsp_tess-spoc_tess_phot_0000000389704640-s0066_tess_v1_lc.fits
183441951,80,mast:HLSP/tess-spoc/s0080/target/0000/0001/8344/1951/hlsp_tess-spoc_tess_phot_0000000183441951-s0080_tess_v1_lc.fits,hlsp_tess-spoc_tess_phot_0000000183441951-s0080_tess_v1_lc.fits
212694370,66,mast:HLSP/tess-spoc/s0066/target/0000/0002/1269/4370/hlsp_tess-spoc_tess_phot_0000000212694370-s0066_tess_v1_lc.fits,hlsp_tess-spoc_tess_phot_0000000212694370-s0066_tess_v1_lc.fits
226504033,80,mast:HLSP/tess-spoc/s0080/target/0000/0002/2650/4033/hlsp_tess-spoc_tess_phot_0000000226504033-s0080_tess_v1_lc.fits,hlsp_tess-spoc_tess_phot_0000000226504033-s0080_tess_v1_lc.fits
214825242,65,mast:HLSP/tess-spoc/s0065/target/0000/0002/1482/5242/hlsp_tess-spoc_tess_phot_0000000214825242-s0065_tess_v1_lc.fits,hlsp_tess-spoc_tess_phot_0000000214825242-s0065_tess_v1_lc.fits
228526511,80,mast:HLSP/tess-spoc/s0080/target/0000/0002/2852/6511/hlsp_tess-spoc_tess_phot_0000000228526511-s0080_tess_v1_lc.fits,hlsp_tess-spoc_tess_phot_0000000228526511-s0080_tess_v1_lc.fits
246622585,66,mast:HLSP/tess-spoc/s0066/target/0000/0002/4662/2585/hlsp_tess-spoc_tess_phot_0000000246622585-s0066_tess_v1_lc.fits,hlsp_tess-spoc_tess_phot_0000000246622585-s0066_tess_v1_lc.fits
356952113,80,mast:HLSP/tess-spoc/s0080/target/0000/0003/5695/2113/hlsp_tess-spoc_tess_phot_0000000356952113-s0080_tess_v1_lc.fits,hlsp_tess-spoc_tess_phot_0000000356952113-s0080_tess_v1_lc.fits
356952113,81,mast:HLSP/tess-spoc/s0081/target/0000/0003/5695/2113/hlsp_tess-spoc_tess_phot_0000000356952113-s0081_tess_v1_lc.fits,hlsp_tess-spoc_tess_phot_0000000356952113-s0081_tess_v1_lc.fits
389616448,63,mast:HLSP/tess-spoc/s0063/target/0000/0003/8961/6448/hlsp_tess-spoc_tess_phot_0000000389616448-s0063_tess_v1_lc.fits,hlsp_tess-spoc_tess_phot_0000000389616448-s0063_tess_v1_lc.fits
389616448,64,mast:HLSP/tess-spoc/s0064/target/0000/0003/8961/6448/hlsp_tess-spoc_tess_phot_0000000389616448-s0064_tess_v1_lc.fits,hlsp_tess-spoc_tess_phot_0000000389616448-s0064_tess_v1_lc.fits
373976779,80,mast:HLSP/tess-spoc/s0080/target/0000/0003/7397/6779/hlsp_tess-spoc_tess_phot_0000000373976779-s0080_tess_v1_lc.fits,hlsp_tess-spoc_tess_phot_0000000373976779-s0080_tess_v1_lc.fits
145072989,80,mast:HLSP/tess-spoc/s0080/target/0000/0001/4507/2989/hlsp_tess-spoc_tess_phot_0000000145072989-s0080_tess_v1_lc.fits,hlsp_tess-spoc_tess_phot_0000000145072989-s0080_tess_v1_lc.fits
276209226,65,mast:HLSP/tess-spoc/s0065/target/0000/0002/7620/9226/hlsp_tess-spoc_tess_phot_0000000276209226-s0065_tess_v1_lc.fits,hlsp_tess-spoc_tess_phot_0000000276209226-s0065_tess_v1_lc.fits
170026928,80,mast:HLSP/tess-spoc/s0080/target/0000/0001/7002/6928/hlsp_tess-spoc_tess_phot_0000000170026928-s0080_tess_v1_lc.fits,hlsp_tess-spoc_tess_phot_0000000170026928-s0080_tess_v1_lc.fits
413577630,80,mast:HLSP/tess-spoc/s0080/target/0000/0004/1357/7630/hlsp_tess-spoc_tess_phot_0000000413577630-s0080_tess_v1_lc.fits,hlsp_tess-spoc_tess_phot_0000000413577630-s0080_tess_v1_lc.fits
131038159,61,mast:HLSP/tess-spoc/s0061/target/0000/0001/3103/8159/hlsp_tess-spoc_tess_phot_0000000131038159-s0061_tess_v1_lc.fits,hlsp_tess-spoc_tess_phot_0000000131038159-s0061_tess_v1_lc.fits
195049945,66,mast:HLSP/tess-spoc/s0066/target/0000/0001/9504/9945/hlsp_tess-spoc_tess_phot_0000000195049945-s0066_tess_v1_lc.fits,hlsp_tess-spoc_tess_phot_0000000195049945-s0066_tess_v1_lc.fits
203778767,80,mast:HLSP/tess-spoc/s0080/target/0000/0002/0377/8767/hlsp_tess-spoc_tess_phot_0000000203778767-s0080_tess_v1_lc.fits,hlsp_tess-spoc_tess_phot_0000000203778767-s0080_tess_v1_lc.fits
41138737,66,mast:HLSP/tess-spoc/s0066/target/0000/0000/4113/8737/hlsp_tess-spoc_tess_phot_0000000041138737-s0066_tess_v1_lc.fits,hlsp_tess-spoc_tess_phot_0000000041138737-s0066_tess_v1_lc.fits
182205841,80,mast:HLSP/tess-spoc/s0080/target/0000/0001/8220/5841/hlsp_tess-spoc_tess_phot_0000000182205841-s0080_tess_v1_lc.fits,hlsp_tess-spoc_tess_phot_0000000182205841-s0080_tess_v1_lc.fits
463076498,63,mast:HLSP/tess-spoc/s0063/target/0000/0004/6307/6498/hlsp_tess-spoc_tess_phot_0000000463076498-s0063_tess_v1_lc.fits,hlsp_tess-spoc_tess_phot_0000000463076498-s0063_tess_v1_lc.fits
463076498,64,mast:HLSP/tess-spoc/s0064/target/0000/0004/6307/6498/hlsp_tess-spoc_tess_phot_0000000463076498-s0064_tess_v1_lc.fits,hlsp_tess-spoc_tess_phot_0000000463076498-s0064_tess_v1_lc.fits
18839660,66,mast:HLSP/tess-spoc/s0066/target/0000/0000/1883/9660/hlsp_tess-spoc_tess_phot_0000000018839660-s0066_tess_v1_lc.fits,hlsp_tess-spoc_tess_phot_0000000018839660-s0066_tess_v1_lc.fits
44697371,80,mast:HLSP/tess-spoc/s0080/target/0000/0000/4469/7371/hlsp_tess-spoc_tess_phot_0000000044697371-s0080_tess_v1_lc.fits,hlsp_tess-spoc_tess_phot_0000000044697371-s0080_tess_v1_lc.fits
162050864,65,mast:HLSP/tess-spoc/s0065/target/0000/0001/6205/0864/hlsp_tess-spoc_tess_phot_0000000162050864-s0065_tess_v1_lc.fits,hlsp_tess-spoc_tess_phot_0000000162050864-s0065_tess_v1_lc.fits
54026517,80,mast:HLSP/tess-spoc/s0080/target/0000/0000/5402/6517/hlsp_tess-spoc_tess_phot_0000000054026517-s0080_tess_v1_lc.fits,hlsp_tess-spoc_tess_phot_0000000054026517-s0080_tess_v1_lc.fits
43464434,65,mast:HLSP/tess-spoc/s0065/target/0000/0000/4346/4434/hlsp_tess-spoc_tess_phot_0000000043464434-s0065_tess_v1_lc.fits,hlsp_tess-spoc_tess_phot_0000000043464434-s0065_tess_v1_lc.fits
423415357,65,mast:HLSP/tess-spoc/s0065/target/0000/0004/2341/5357/hlsp_tess-spoc_tess_phot_0000000423415357-s0065_tess_v1_lc.fits,hlsp_tess-spoc_tess_phot_0000000423415357-s0065_tess_v1_lc.fits
183558529,80,mast:HLSP/tess-spoc/s0080/target/0000/0001/8355/8529/hlsp_tess-spoc_tess_phot_0000000183558529-s0080_tess_v1_lc.fits,hlsp_tess-spoc_tess_phot_0000000183558529-s0080_tess_v1_lc.fits
318509763,64,mast:HLSP/tess-spoc/s0064/target/0000/0003/1850/9763/hlsp_tess-spoc_tess_phot_0000000318509763-s0064_tess_v1_lc.fits,hlsp_tess-spoc_tess_phot_0000000318509763-s0064_tess_v1_lc.fits
16566034,80,mast:HLSP/tess-spoc/s0080/target/0000/0000/1656/6034/hlsp_tess-spoc_tess_phot_0000000016566034-s0080_tess_v1_lc.fits,hlsp_tess-spoc_tess_phot_0000000016566034-s0080_tess_v1_lc.fits
197210542,80,mast:HLSP/tess-spoc/s0080/target/0000/0001/9721/0542/hlsp_tess-spoc_tess_phot_0000000197210542-s0080_tess_v1_lc.fits,hlsp_tess-spoc_tess_phot_0000000197210542-s0080_tess_v1_lc.fits
53043415,66,mast:HLSP/tess-spoc/s0066/target/0000/0000/5304/3415/hlsp_tess-spoc_tess_phot_0000000053043415-s0066_tess_v1_lc.fits,hlsp_tess-spoc_tess_phot_0000000053043415-s0066_tess_v1_lc.fits
19717724,80,mast:HLSP/tess-spoc/s0080/target/0000/0000/1971/7724/hlsp_tess-spoc_tess_phot_0000000019717724-s0080_tess_v1_lc.fits,hlsp_tess-spoc_tess_phot_0000000019717724-s0080_tess_v1_lc.fits
175470784,61,mast:HLSP/tess-spoc/s0061/target/0000/0001/7547/0784/hlsp_tess-spoc_tess_phot_0000000175470784-s0061_tess_v1_lc.fits,hlsp_tess-spoc_tess_phot_0000000175470784-s0061_tess_v1_lc.fits
216558460,80,mast:HLSP/tess-spoc/s0080/target/0000/0002/1655/8460/hlsp_tess-spoc_tess_phot_0000000216558460-s0080_tess_v1_lc.fits,hlsp_tess-spoc_tess_phot_0000000216558460-s0080_tess_v1_lc.fits
19711072,80,mast:HLSP/tess-spoc/s0080/target/0000/0000/1971/1072/hlsp_tess-spoc_tess_phot_0000000019711072-s0080_tess_v1_lc.fits,hlsp_tess-spoc_tess_phot_0000000019711072-s0080_tess_v1_lc.fits
424503400,80,mast:HLSP/tess-spoc/s0080/target/0000/0004/2450/3400/hlsp_tess-spoc_tess_phot_0000000424503400-s0080_tess_v1_lc.fits,hlsp_tess-spoc_tess_phot_0000000424503400-s0080_tess_v1_lc.fits
45700933,66,mast:HLSP/tess-spoc/s0066/target/0000/0000/4570/0933/hlsp_tess-spoc_tess_phot_0000000045700933-s0066_tess_v1_lc.fits,hlsp_tess-spoc_tess_phot_0000000045700933-s0066_tess_v1_lc.fits
338863103,66,mast:HLSP/tess-spoc/s0066/target/0000/0003/3886/3103/hlsp_tess-spoc_tess_phot_0000000338863103-s0066_tess_v1_lc.fits,hlsp_tess-spoc_tess_phot_0000000338863103-s0066_tess_v1_lc.fits
335559324,66,mast:HLSP/tess-spoc/s0066/target/0000/0003/3555/9324/hlsp_tess-spoc_tess_phot_0000000335559324-s0066_tess_v1_lc.fits,hlsp_tess-spoc_tess_phot_0000000335559324-s0066_tess_v1_lc.fits
345960582,66,mast:HLSP/tess-spoc/s0066/target/0000/0003/4596/0582/hlsp_tess-spoc_tess_phot_0000000345960582-s0066_tess_v1_lc.fits,hlsp_tess-spoc_tess_phot_0000000345960582-s0066_tess_v1_lc.fits
185384134,80,mast:HLSP/tess-spoc/s0080/target/0000/0001/8538/4134/hlsp_tess-spoc_tess_phot_0000000185384134-s0080_tess_v1_lc.fits,hlsp_tess-spoc_tess_phot_0000000185384134-s0080_tess_v1_lc.fits
154280948,66,mast:HLSP/tess-spoc/s0066/target/0000/0001/5428/0948/hlsp_tess-spoc_tess_phot_0000000154280948-s0066_tess_v1_lc.fits,hlsp_tess-spoc_tess_phot_0000000154280948-s0066_tess_v1_lc.fits
365804950,65,mast:HLSP/tess-spoc/s0065/target/0000/0003/6580/4950/hlsp_tess-spoc_tess_phot_0000000365804950-s0065_tess_v1_lc.fits,hlsp_tess-spoc_tess_phot_0000000365804950-s0065_tess_v1_lc.fits
212374773,66,mast:HLSP/tess-spoc/s0066/target/0000/0002/1237/4773/hlsp_tess-spoc_tess_phot_0000000212374773-s0066_tess_v1_lc.fits,hlsp_tess-spoc_tess_phot_0000000212374773-s0066_tess_v1_lc.fits
345676821,66,mast:HLSP/tess-spoc/s0066/target/0000/0003/4567/6821/hlsp_tess-spoc_tess_phot_0000000345676821-s0066_tess_v1_lc.fits,hlsp_tess-spoc_tess_phot_0000000345676821-s0066_tess_v1_lc.fits
413133647,80,mast:HLSP/tess-spoc/s0080/target/0000/0004/1313/3647/hlsp_tess-spoc_tess_phot_0000000413133647-s0080_tess_v1_lc.fits,hlsp_tess-spoc_tess_phot_0000000413133647-s0080_tess_v1_lc.fits
268210415,65,mast:HLSP/tess-spoc/s0065/target/0000/0002/6821/0415/hlsp_tess-spoc_tess_phot_0000000268210415-s0065_tess_v1_lc.fits,hlsp_tess-spoc_tess_phot_0000000268210415-s0065_tess_v1_lc.fits
309365800,37,mast:HLSP/tess-spoc/s0037/target/0000/0003/0936/5800/hlsp_tess-spoc_tess_phot_0000000309365800-s0037_tess_v1_lc.fits,hlsp_tess-spoc_tess_phot_0000000309365800-s0037_tess_v1_lc.fits
309365800,38,mast:HLSP/tess-spoc/s0038/target/0000/0003/0936/5800/hlsp_tess-spoc_tess_phot_0000000309365800-s0038_tess_v1_lc.fits,hlsp_tess-spoc_tess_phot_0000000309365800-s0038_tess_v1_lc.fits
342923043,54,mast:HLSP/tess-spoc/s0054/target/0000/0003/4292/3043/hlsp_tess-spoc_tess_phot_0000000342923043-s0054_tess_v1_lc.fits,hlsp_tess-spoc_tess_phot_0000000342923043-s0054_tess_v1_lc.fits
266568720,66,mast:HLSP/tess-spoc/s0066/target/0000/0002/6656/8720/hlsp_tess-spoc_tess_phot_0000000266568720-s0066_tess_v1_lc.fits,hlsp_tess-spoc_tess_phot_0000000266568720-s0066_tess_v1_lc.fits
342923043,80,mast:HLSP/tess-spoc/s0080/target/0000/0003/4292/3043/hlsp_tess-spoc_tess_phot_0000000342923043-s0080_tess_v1_lc.fits,hlsp_tess-spoc_tess_phot_0000000342923043-s0080_tess_v1_lc.fits
342923043,81,mast:HLSP/tess-spoc/s0081/target/0000/0003/4292/3043/hlsp_tess-spoc_tess_phot_0000000342923043-s0081_tess_v1_lc.fits,hlsp_tess-spoc_tess_phot_0000000342923043-s0081_tess_v1_lc.fits
225117561,66,mast:HLSP/tess-spoc/s0066/target/0000/0002/2511/7561/hlsp_tess-spoc_tess_phot_0000000225117561-s0066_tess_v1_lc.fits,hlsp_tess-spoc_tess_phot_0000000225117561-s0066_tess_v1_lc.fits
183107048,80,mast:HLSP/tess-spoc/s0080/target/0000/0001/8310/7048/hlsp_tess-spoc_tess_phot_0000000183107048-s0080_tess_v1_lc.fits,hlsp_tess-spoc_tess_phot_0000000183107048-s0080_tess_v1_lc.fits
218308578,80,mast:HLSP/tess-spoc/s0080/target/0000/0002/1830/8578/hlsp_tess-spoc_tess_phot_0000000218308578-s0080_tess_v1_lc.fits,hlsp_tess-spoc_tess_phot_0000000218308578-s0080_tess_v1_lc.fits
342931886,80,mast:HLSP/tess-spoc/s0080/target/0000/0003/4293/1886/hlsp_tess-spoc_tess_phot_0000000342931886-s0080_tess_v1_lc.fits,hlsp_tess-spoc_tess_phot_0000000342931886-s0080_tess_v1_lc.fits
342931886,81,mast:HLSP/tess-spoc/s0081/target/0000/0003/4293/1886/hlsp_tess-spoc_tess_phot_0000000342931886-s0081_tess_v1_lc.fits,hlsp_tess-spoc_tess_phot_0000000342931886-s0081_tess_v1_lc.fits
412501444,65,mast:HLSP/tess-spoc/s0065/target/0000/0004/1250/1444/hlsp_tess-spoc_tess_phot_0000000412501444-s0065_tess_v1_lc.fits,hlsp_tess-spoc_tess_phot_0000000412501444-s0065_tess_v1_lc.fits
43638503,80,mast:HLSP/tess-spoc/s0080/target/0000/0000/4363/8503/hlsp_tess-spoc_tess_phot_0000000043638503-s0080_tess_v1_lc.fits,hlsp_tess-spoc_tess_phot_0000000043638503-s0080_tess_v1_lc.fits
208461703,80,mast:HLSP/tess-spoc/s0080/target/0000/0002/0846/1703/hlsp_tess-spoc_tess_phot_0000000208461703-s0080_tess_v1_lc.fits,hlsp_tess-spoc_tess_phot_0000000208461703-s0080_tess_v1_lc.fits
208461703,81,mast:HLSP/tess-spoc/s0081/target/0000/0002/0846/1703/hlsp_tess-spoc_tess_phot_0000000208461703-s0081_tess_v1_lc.fits,hlsp_tess-spoc_tess_phot_0000000208461703-s0081_tess_v1_lc.fits
246440797,66,mast:HLSP/tess-spoc/s0066/target/0000/0002/4644/0797/hlsp_tess-spoc_tess_phot_0000000246440797-s0066_tess_v1_lc.fits,hlsp_tess-spoc_tess_phot_0000000246440797-s0066_tess_v1_lc.fits
17328347,80,mast:HLSP/tess-spoc/s0080/target/0000/0000/1732/8347/hlsp_tess-spoc_tess_phot_0000000017328347-s0080_tess_v1_lc.fits,hlsp_tess-spoc_tess_phot_0000000017328347-s0080_tess_v1_lc.fits
215203663,65,mast:HLSP/tess-spoc/s0065/target/0000/0002/1520/3663/hlsp_tess-spoc_tess_phot_0000000215203663-s0065_tess_v1_lc.fits,hlsp_tess-spoc_tess_phot_0000000215203663-s0065_tess_v1_lc.fits
149205460,61,mast:HLSP/tess-spoc/s0061/target/0000/0001/4920/5460/hlsp_tess-spoc_tess_phot_0000000149205460-s0061_tess_v1_lc.fits,hlsp_tess-spoc_tess_phot_0000000149205460-s0061_tess_v1_lc.fits
228251353,66,mast:HLSP/tess-spoc/s0066/target/0000/0002/2825/1353/hlsp_tess-spoc_tess_phot_0000000228251353-s0066_tess_v1_lc.fits,hlsp_tess-spoc_tess_phot_0000000228251353-s0066_tess_v1_lc.fits
246112223,66,mast:HLSP/tess-spoc/s0066/target/0000/0002/4611/2223/hlsp_tess-spoc_tess_phot_0000000246112223-s0066_tess_v1_lc.fits,hlsp_tess-spoc_tess_phot_0000000246112223-s0066_tess_v1_lc.fits
432717958,80,mast:HLSP/tess-spoc/s0080/target/0000/0004/3271/7958/hlsp_tess-spoc_tess_phot_0000000432717958-s0080_tess_v1_lc.fits,hlsp_tess-spoc_tess_phot_0000000432717958-s0080_tess_v1_lc.fits
90530886,65,mast:HLSP/tess-spoc/s0065/target/0000/0000/9053/0886/hlsp_tess-spoc_tess_phot_0000000090530886-s0065_tess_v1_lc.fits,hlsp_tess-spoc_tess_phot_0000000090530886-s0065_tess_v1_lc.fits
299788961,65,mast:HLSP/tess-spoc/s0065/target/0000/0002/9978/8961/hlsp_tess-spoc_tess_phot_0000000299788961-s0065_tess_v1_lc.fits,hlsp_tess-spoc_tess_phot_0000000299788961-s0065_tess_v1_lc.fits
356961065,80,mast:HLSP/tess-spoc/s0080/target/0000/0003/5696/1065/hlsp_tess-spoc_tess_phot_0000000356961065-s0080_tess_v1_lc.fits,hlsp_tess-spoc_tess_phot_0000000356961065-s0080_tess_v1_lc.fits
356961065,81,mast:HLSP/tess-spoc/s0081/target/0000/0003/5696/1065/hlsp_tess-spoc_tess_phot_0000000356961065-s0081_tess_v1_lc.fits,hlsp_tess-spoc_tess_phot_0000000356961065-s0081_tess_v1_lc.fits
268207222,65,mast:HLSP/tess-spoc/s0065/target/0000/0002/6820/7222/hlsp_tess-spoc_tess_phot_0000000268207222-s0065_tess_v1_lc.fits,hlsp_tess-spoc_tess_phot_0000000268207222-s0065_tess_v1_lc.fits
34891130,66,mast:HLSP/tess-spoc/s0066/target/0000/0000/3489/1130/hlsp_tess-spoc_tess_phot_0000000034891130-s0066_tess_v1_lc.fits,hlsp_tess-spoc_tess_phot_0000000034891130-s0066_tess_v1_lc.fits
433138962,80,mast:HLSP/tess-spoc/s0080/target/0000/0004/3313/8962/hlsp_tess-spoc_tess_phot_0000000433138962-s0080_tess_v1_lc.fits,hlsp_tess-spoc_tess_phot_0000000433138962-s0080_tess_v1_lc.fits
180840358,61,mast:HLSP/tess-spoc/s0061/target/0000/0001/8084/0358/hlsp_tess-spoc_tess_phot_0000000180840358-s0061_tess_v1_lc.fits,hlsp_tess-spoc_tess_phot_0000000180840358-s0061_tess_v1_lc.fits
180840358,62,mast:HLSP/tess-spoc/s0062/target/0000/0001/8084/0358/hlsp_tess-spoc_tess_phot_0000000180840358-s0062_tess_v1_lc.fits,hlsp_tess-spoc_tess_phot_0000000180840358-s0062_tess_v1_lc.fits
246836393,66,mast:HLSP/tess-spoc/s0066/target/0000/0002/4683/6393/hlsp_tess-spoc_tess_phot_0000000246836393-s0066_tess_v1_lc.fits,hlsp_tess-spoc_tess_phot_0000000246836393-s0066_tess_v1_lc.fits
203913008,80,mast:HLSP/tess-spoc/s0080/target/0000/0002/0391/3008/hlsp_tess-spoc_tess_phot_0000000203913008-s0080_tess_v1_lc.fits,hlsp_tess-spoc_tess_phot_0000000203913008-s0080_tess_v1_lc.fits
215176612,80,mast:HLSP/tess-spoc/s0080/target/0000/0002/1517/6612/hlsp_tess-spoc_tess_phot_0000000215176612-s0080_tess_v1_lc.fits,hlsp_tess-spoc_tess_phot_0000000215176612-s0080_tess_v1_lc.fits
216693426,80,mast:HLSP/tess-spoc/s0080/target/0000/0002/1669/3426/hlsp_tess-spoc_tess_phot_0000000216693426-s0080_tess_v1_lc.fits,hlsp_tess-spoc_tess_phot_0000000216693426-s0080_tess_v1_lc.fits
225773894,80,mast:HLSP/tess-spoc/s0080/target/0000/0002/2577/3894/hlsp_tess-spoc_tess_phot_0000000225773894-s0080_tess_v1_lc.fits,hlsp_tess-spoc_tess_phot_0000000225773894-s0080_tess_v1_lc.fits
175536070,80,mast:HLSP/tess-spoc/s0080/target/0000/0001/7553/6070/hlsp_tess-spoc_tess_phot_0000000175536070-s0080_tess_v1_lc.fits,hlsp_tess-spoc_tess_phot_0000000175536070-s0080_tess_v1_lc.fits
327813658,80,mast:HLSP/tess-spoc/s0080/target/0000/0003/2781/3658/hlsp_tess-spoc_tess_phot_0000000327813658-s0080_tess_v1_lc.fits,hlsp_tess-spoc_tess_phot_0000000327813658-s0080_tess_v1_lc.fits
338622007,66,mast:HLSP/tess-spoc/s0066/target/0000/0003/3862/2007/hlsp_tess-spoc_tess_phot_0000000338622007-s0066_tess_v1_lc.fits,hlsp_tess-spoc_tess_phot_0000000338622007-s0066_tess_v1_lc.fits
266824631,65,mast:HLSP/tess-spoc/s0065/target/0000/0002/6682/4631/hlsp_tess-spoc_tess_phot_0000000266824631-s0065_tess_v1_lc.fits,hlsp_tess-spoc_tess_phot_0000000266824631-s0065_tess_v1_lc.fits
338343062,66,mast:HLSP/tess-spoc/s0066/target/0000/0003/3834/3062/hlsp_tess-spoc_tess_phot_0000000338343062-s0066_tess_v1_lc.fits,hlsp_tess-spoc_tess_phot_0000000338343062-s0066_tess_v1_lc.fits
17697328,80,mast:HLSP/tess-spoc/s0080/target/0000/0000/1769/7328/hlsp_tess-spoc_tess_phot_0000000017697328-s0080_tess_v1_lc.fits,hlsp_tess-spoc_tess_phot_0000000017697328-s0080_tess_v1_lc.fits
35943617,80,mast:HLSP/tess-spoc/s0080/target/0000/0000/3594/3617/hlsp_tess-spoc_tess_phot_0000000035943617-s0080_tess_v1_lc.fits,hlsp_tess-spoc_tess_phot_0000000035943617-s0080_tess_v1_lc.fits
112292428,80,mast:HLSP/tess-spoc/s0080/target/0000/0001/1229/2428/hlsp_tess-spoc_tess_phot_0000000112292428-s0080_tess_v1_lc.fits,hlsp_tess-spoc_tess_phot_0000000112292428-s0080_tess_v1_lc.fits
266827758,65,mast:HLSP/tess-spoc/s0065/target/0000/0002/6682/7758/hlsp_tess-spoc_tess_phot_0000000266827758-s0065_tess_v1_lc.fits,hlsp_tess-spoc_tess_phot_0000000266827758-s0065_tess_v1_lc.fits
332945853,80,mast:HLSP/tess-spoc/s0080/target/0000/0003/3294/5853/hlsp_tess-spoc_tess_phot_0000000332945853-s0080_tess_v1_lc.fits,hlsp_tess-spoc_tess_phot_0000000332945853-s0080_tess_v1_lc.fits
20395242,80,mast:HLSP/tess-spoc/s0080/target/0000/0000/2039/5242/hlsp_tess-spoc_tess_phot_0000000020395242-s0080_tess_v1_lc.fits,hlsp_tess-spoc_tess_phot_0000000020395242-s0080_tess_v1_lc.fits
226070804,80,mast:HLSP/tess-spoc/s0080/target/0000/0002/2607/0804/hlsp_tess-spoc_tess_phot_0000000226070804-s0080_tess_v1_lc.fits,hlsp_tess-spoc_tess_phot_0000000226070804-s0080_tess_v1_lc.fits
156232629,66,mast:HLSP/tess-spoc/s0066/target/0000/0001/5623/2629/hlsp_tess-spoc_tess_phot_0000000156232629-s0066_tess_v1_lc.fits,hlsp_tess-spoc_tess_phot_0000000156232629-s0066_tess_v1_lc.fits
467316701,37,mast:HLSP/tess-spoc/s0037/target/0000/0004/6731/6701/hlsp_tess-spoc_tess_phot_0000000467316701-s0037_tess_v1_lc.fits,hlsp_tess-spoc_tess_phot_0000000467316701-s0037_tess_v1_lc.fits
467316701,38,mast:HLSP/tess-spoc/s0038/target/0000/0004/6731/6701/hlsp_tess-spoc_tess_phot_0000000467316701-s0038_tess_v1_lc.fits,hlsp_tess-spoc_tess_phot_0000000467316701-s0038_tess_v1_lc.fits
304677040,64,mast:HLSP/tess-spoc/s0064/target/0000/0003/0467/7040/hlsp_tess-spoc_tess_phot_0000000304677040-s0064_tess_v1_lc.fits,hlsp_tess-spoc_tess_phot_0000000304677040-s0064_tess_v1_lc.fits
467316701,64,mast:HLSP/tess-spoc/s0064/target/0000/0004/6731/6701/hlsp_tess-spoc_tess_phot_0000000467316701-s0064_tess_v1_lc.fits,hlsp_tess-spoc_tess_phot_0000000467316701-s0064_tess_v1_lc.fits
182922237,80,mast:HLSP/tess-spoc/s0080/target/0000/0001/8292/2237/hlsp_tess-spoc_tess_phot_0000000182922237-s0080_tess_v1_lc.fits,hlsp_tess-spoc_tess_phot_0000000182922237-s0080_tess_v1_lc.fits
28710032,62,mast:HLSP/tess-spoc/s0062/target/0000/0000/2871/0032/hlsp_tess-spoc_tess_phot_0000000028710032-s0062_tess_v1_lc.fits,hlsp_tess-spoc_tess_phot_0000000028710032-s0062_tess_v1_lc.fits
122749700,66,mast:HLSP/tess-spoc/s0066/target/0000/0001/2274/9700/hlsp_tess-spoc_tess_phot_0000000122749700-s0066_tess_v1_lc.fits,hlsp_tess-spoc_tess_phot_0000000122749700-s0066_tess_v1_lc.fits
106876016,80,mast:HLSP/tess-spoc/s0080/target/0000/0001/0687/6016/hlsp_tess-spoc_tess_phot_0000000106876016-s0080_tess_v1_lc.fits,hlsp_tess-spoc_tess_phot_0000000106876016-s0080_tess_v1_lc.fits
162282468,80,mast:HLSP/tess-spoc/s0080/target/0000/0001/6228/2468/hlsp_tess-spoc_tess_phot_0000000162282468-s0080_tess_v1_lc.fits,hlsp_tess-spoc_tess_phot_0000000162282468-s0080_tess_v1_lc.fits
178239466,80,mast:HLSP/tess-spoc/s0080/target/0000/0001/7823/9466/hlsp_tess-spoc_tess_phot_0000000178239466-s0080_tess_v1_lc.fits,hlsp_tess-spoc_tess_phot_0000000178239466-s0080_tess_v1_lc.fits
75144910,62,mast:HLSP/tess-spoc/s0062/target/0000/0000/7514/4910/hlsp_tess-spoc_tess_phot_0000000075144910-s0062_tess_v1_lc.fits,hlsp_tess-spoc_tess_phot_0000000075144910-s0062_tess_v1_lc.fits
204630529,80,mast:HLSP/tess-spoc/s0080/target/0000/0002/0463/0529/hlsp_tess-spoc_tess_phot_0000000204630529-s0080_tess_v1_lc.fits,hlsp_tess-spoc_tess_phot_0000000204630529-s0080_tess_v1_lc.fits
308762385,65,mast:HLSP/tess-spoc/s0065/target/0000/0003/0876/2385/hlsp_tess-spoc_tess_phot_0000000308762385-s0065_tess_v1_lc.fits,hlsp_tess-spoc_tess_phot_0000000308762385-s0065_tess_v1_lc.fits
174114887,80,mast:HLSP/tess-spoc/s0080/target/0000/0001/7411/4887/hlsp_tess-spoc_tess_phot_0000000174114887-s0080_tess_v1_lc.fits,hlsp_tess-spoc_tess_phot_0000000174114887-s0080_tess_v1_lc.fits
177000674,80,mast:HLSP/tess-spoc/s0080/target/0000/0001/7700/0674/hlsp_tess-spoc_tess_phot_0000000177000674-s0080_tess_v1_lc.fits,hlsp_tess-spoc_tess_phot_0000000177000674-s0080_tess_v1_lc.fits
158688465,66,mast:HLSP/tess-spoc/s0066/target/0000/0001/5868/8465/hlsp_tess-spoc_tess_phot_0000000158688465-s0066_tess_v1_lc.fits,hlsp_tess-spoc_tess_phot_0000000158688465-s0066_tess_v1_lc.fits
175629004,66,mast:HLSP/tess-spoc/s0066/target/0000/0001/7562/9004/hlsp_tess-spoc_tess_phot_0000000175629004-s0066_tess_v1_lc.fits,hlsp_tess-spoc_tess_phot_0000000175629004-s0066_tess_v1_lc.fits
248006064,66,mast:HLSP/tess-spoc/s0066/target/0000/0002/4800/6064/hlsp_tess-spoc_tess_phot_0000000248006064-s0066_tess_v1_lc.fits,hlsp_tess-spoc_tess_phot_0000000248006064-s0066_tess_v1_lc.fits
174990873,80,mast:HLSP/tess-spoc/s0080/target/0000/0001/7499/0873/hlsp_tess-spoc_tess_phot_0000000174990873-s0080_tess_v1_lc.fits,hlsp_tess-spoc_tess_phot_0000000174990873-s0080_tess_v1_lc.fits
207531558,80,mast:HLSP/tess-spoc/s0080/target/0000/0002/0753/1558/hlsp_tess-spoc_tess_phot_0000000207531558-s0080_tess_v1_lc.fits,hlsp_tess-spoc_tess_phot_0000000207531558-s0080_tess_v1_lc.fits
223618548,80,mast:HLSP/tess-spoc/s0080/target/0000/0002/2361/8548/hlsp_tess-spoc_tess_phot_0000000223618548-s0080_tess_v1_lc.fits,hlsp_tess-spoc_tess_phot_0000000223618548-s0080_tess_v1_lc.fits
465591017,63,mast:HLSP/tess-spoc/s0063/target/0000/0004/6559/1017/hlsp_tess-spoc_tess_phot_0000000465591017-s0063_tess_v1_lc.fits,hlsp_tess-spoc_tess_phot_0000000465591017-s0063_tess_v1_lc.fits
465591017,64,mast:HLSP/tess-spoc/s0064/target/0000/0004/6559/1017/hlsp_tess-spoc_tess_phot_0000000465591017-s0064_tess_v1_lc.fits,hlsp_tess-spoc_tess_phot_0000000465591017-s0064_tess_v1_lc.fits
414086053,65,mast:HLSP/tess-spoc/s0065/target/0000/0004/1408/6053/hlsp_tess-spoc_tess_phot_0000000414086053-s0065_tess_v1_lc.fits,hlsp_tess-spoc_tess_phot_0000000414086053-s0065_tess_v1_lc.fits
107432292,80,mast:HLSP/tess-spoc/s0080/target/0000/0001/0743/2292/hlsp_tess-spoc_tess_phot_0000000107432292-s0080_tess_v1_lc.fits,hlsp_tess-spoc_tess_phot_0000000107432292-s0080_tess_v1_lc.fits
180080302,80,mast:HLSP/tess-spoc/s0080/target/0000/0001/8008/0302/hlsp_tess-spoc_tess_phot_0000000180080302-s0080_tess_v1_lc.fits,hlsp_tess-spoc_tess_phot_0000000180080302-s0080_tess_v1_lc.fits
425495698,65,mast:HLSP/tess-spoc/s0065/target/0000/0004/2549/5698/hlsp_tess-spoc_tess_phot_0000000425495698-s0065_tess_v1_lc.fits,hlsp_tess-spoc_tess_phot_0000000425495698-s0065_tess_v1_lc.fits
448782188,65,mast:HLSP/tess-spoc/s0065/target/0000/0004/4878/2188/hlsp_tess-spoc_tess_phot_0000000448782188-s0065_tess_v1_lc.fits,hlsp_tess-spoc_tess_phot_0000000448782188-s0065_tess_v1_lc.fits
99587861,80,mast:HLSP/tess-spoc/s0080/target/0000/0000/9958/7861/hlsp_tess-spoc_tess_phot_0000000099587861-s0080_tess_v1_lc.fits,hlsp_tess-spoc_tess_phot_0000000099587861-s0080_tess_v1_lc.fits
183880413,80,mast:HLSP/tess-spoc/s0080/target/0000/0001/8388/0413/hlsp_tess-spoc_tess_phot_0000000183880413-s0080_tess_v1_lc.fits,hlsp_tess-spoc_tess_phot_0000000183880413-s0080_tess_v1_lc.fits
206297084,80,mast:HLSP/tess-spoc/s0080/target/0000/0002/0629/7084/hlsp_tess-spoc_tess_phot_0000000206297084-s0080_tess_v1_lc.fits,hlsp_tess-spoc_tess_phot_0000000206297084-s0080_tess_v1_lc.fits
161991921,66,mast:HLSP/tess-spoc/s0066/target/0000/0001/6199/1921/hlsp_tess-spoc_tess_phot_0000000161991921-s0066_tess_v1_lc.fits,hlsp_tess-spoc_tess_phot_0000000161991921-s0066_tess_v1_lc.fits
420995989,65,mast:HLSP/tess-spoc/s0065/target/0000/0004/2099/5989/hlsp_tess-spoc_tess_phot_0000000420995989-s0065_tess_v1_lc.fits,hlsp_tess-spoc_tess_phot_0000000420995989-s0065_tess_v1_lc.fits
204053074,80,mast:HLSP/tess-spoc/s0080/target/0000/0002/0405/3074/hlsp_tess-spoc_tess_phot_0000000204053074-s0080_tess_v1_lc.fits,hlsp_tess-spoc_tess_phot_0000000204053074-s0080_tess_v1_lc.fits
34485435,66,mast:HLSP/tess-spoc/s0066/target/0000/0000/3448/5435/hlsp_tess-spoc_tess_phot_0000000034485435-s0066_tess_v1_lc.fits,hlsp_tess-spoc_tess_phot_0000000034485435-s0066_tess_v1_lc.fits
123252876,80,mast:HLSP/tess-spoc/s0080/target/0000/0001/2325/2876/hlsp_tess-spoc_tess_phot_0000000123252876-s0080_tess_v1_lc.fits,hlsp_tess-spoc_tess_phot_0000000123252876-s0080_tess_v1_lc.fits
161677812,65,mast:HLSP/tess-spoc/s0065/target/0000/0001/6167/7812/hlsp_tess-spoc_tess_phot_0000000161677812-s0065_tess_v1_lc.fits,hlsp_tess-spoc_tess_phot_0000000161677812-s0065_tess_v1_lc.fits
413859538,65,mast:HLSP/tess-spoc/s0065/target/0000/0004/1385/9538/hlsp_tess-spoc_tess_phot_0000000413859538-s0065_tess_v1_lc.fits,hlsp_tess-spoc_tess_phot_0000000413859538-s0065_tess_v1_lc.fits
34032102,66,mast:HLSP/tess-spoc/s0066/target/0000/0000/3403/2102/hlsp_tess-spoc_tess_phot_0000000034032102-s0066_tess_v1_lc.fits,hlsp_tess-spoc_tess_phot_0000000034032102-s0066_tess_v1_lc.fits
383158603,66,mast:HLSP/tess-spoc/s0066/target/0000/0003/8315/8603/hlsp_tess-spoc_tess_phot_0000000383158603-s0066_tess_v1_lc.fits,hlsp_tess-spoc_tess_phot_0000000383158603-s0066_tess_v1_lc.fits
183377703,80,mast:HLSP/tess-spoc/s0080/target/0000/0001/8337/7703/hlsp_tess-spoc_tess_phot_0000000183377703-s0080_tess_v1_lc.fits,hlsp_tess-spoc_tess_phot_0000000183377703-s0080_tess_v1_lc.fits
247063630,66,mast:HLSP/tess-spoc/s0066/target/0000/0002/4706/3630/hlsp_tess-spoc_tess_phot_0000000247063630-s0066_tess_v1_lc.fits,hlsp_tess-spoc_tess_phot_0000000247063630-s0066_tess_v1_lc.fits
310674685,80,mast:HLSP/tess-spoc/s0080/target/0000/0003/1067/4685/hlsp_tess-spoc_tess_phot_0000000310674685-s0080_tess_v1_lc.fits,hlsp_tess-spoc_tess_phot_0000000310674685-s0080_tess_v1_lc.fits
389703643,66,mast:HLSP/tess-spoc/s0066/target/0000/0003/8970/3643/hlsp_tess-spoc_tess_phot_0000000389703643-s0066_tess_v1_lc.fits,hlsp_tess-spoc_tess_phot_0000000389703643-s0066_tess_v1_lc.fits
174014525,80,mast:HLSP/tess-spoc/s0080/target/0000/0001/7401/4525/hlsp_tess-spoc_tess_phot_0000000174014525-s0080_tess_v1_lc.fits,hlsp_tess-spoc_tess_phot_0000000174014525-s0080_tess_v1_lc.fits
124169816,66,mast:HLSP/tess-spoc/s0066/target/0000/0001/2416/9816/hlsp_tess-spoc_tess_phot_0000000124169816-s0066_tess_v1_lc.fits,hlsp_tess-spoc_tess_phot_0000000124169816-s0066_tess_v1_lc.fits
58039276,80,mast:HLSP/tess-spoc/s0080/target/0000/0000/5803/9276/hlsp_tess-spoc_tess_phot_0000000058039276-s0080_tess_v1_lc.fits,hlsp_tess-spoc_tess_phot_0000000058039276-s0080_tess_v1_lc.fits
462916992,9,mast:HLSP/tess-spoc/s0009/target/0000/0004/6291/6992/hlsp_tess-spoc_tess_phot_0000000462916992-s0009_tess_v1_lc.fits,hlsp_tess-spoc_tess_phot_0000000462916992-s0009_tess_v1_lc.fits
462916992,10,mast:HLSP/tess-spoc/s0010/target/0000/0004/6291/6992/hlsp_tess-spoc_tess_phot_0000000462916992-s0010_tess_v1_lc.fits,hlsp_tess-spoc_tess_phot_0000000462916992-s0010_tess_v1_lc.fits
296283279,65,mast:HLSP/tess-spoc/s0065/target/0000/0002/9628/3279/hlsp_tess-spoc_tess_phot_0000000296283279-s0065_tess_v1_lc.fits,hlsp_tess-spoc_tess_phot_0000000296283279-s0065_tess_v1_lc.fits
109282813,80,mast:HLSP/tess-spoc/s0080/target/0000/0001/0928/2813/hlsp_tess-spoc_tess_phot_0000000109282813-s0080_tess_v1_lc.fits,hlsp_tess-spoc_tess_phot_0000000109282813-s0080_tess_v1_lc.fits
467918103,64,mast:HLSP/tess-spoc/s0064/target/0000/0004/6791/8103/hlsp_tess-spoc_tess_phot_0000000467918103-s0064_tess_v1_lc.fits,hlsp_tess-spoc_tess_phot_0000000467918103-s0064_tess_v1_lc.fits
282691041,65,mast:HLSP/tess-spoc/s0065/target/0000/0002/8269/1041/hlsp_tess-spoc_tess_phot_0000000282691041-s0065_tess_v1_lc.fits,hlsp_tess-spoc_tess_phot_0000000282691041-s0065_tess_v1_lc.fits
412031756,65,mast:HLSP/tess-spoc/s0065/target/0000/0004/1203/1756/hlsp_tess-spoc_tess_phot_0000000412031756-s0065_tess_v1_lc.fits,hlsp_tess-spoc_tess_phot_0000000412031756-s0065_tess_v1_lc.fits
162958897,80,mast:HLSP/tess-spoc/s0080/target/0000/0001/6295/8897/hlsp_tess-spoc_tess_phot_0000000162958897-s0080_tess_v1_lc.fits,hlsp_tess-spoc_tess_phot_0000000162958897-s0080_tess_v1_lc.fits
204336527,80,mast:HLSP/tess-spoc/s0080/target/0000/0002/0433/6527/hlsp_tess-spoc_tess_phot_0000000204336527-s0080_tess_v1_lc.fits,hlsp_tess-spoc_tess_phot_0000000204336527-s0080_tess_v1_lc.fits
144993869,8,mast:HLSP/tess-spoc/s0008/target/0000/0001/4499/3869/hlsp_tess-spoc_tess_phot_0000000144993869-s0008_tess_v1_lc.fits,hlsp_tess-spoc_tess_phot_0000000144993869-s0008_tess_v1_lc.fits
144993869,9,mast:HLSP/tess-spoc/s0009/target/0000/0001/4499/3869/hlsp_tess-spoc_tess_phot_0000000144993869-s0009_tess_v1_lc.fits,hlsp_tess-spoc_tess_phot_0000000144993869-s0009_tess_v1_lc.fits
428576340,65,mast:HLSP/tess-spoc/s0065/target/0000/0004/2857/6340/hlsp_tess-spoc_tess_phot_0000000428576340-s0065_tess_v1_lc.fits,hlsp_tess-spoc_tess_phot_0000000428576340-s0065_tess_v1_lc.fits
39194870,66,mast:HLSP/tess-spoc/s0066/target/0000/0000/3919/4870/hlsp_tess-spoc_tess_phot_0000000039194870-s0066_tess_v1_lc.fits,hlsp_tess-spoc_tess_phot_0000000039194870-s0066_tess_v1_lc.fits
55691669,80,mast:HLSP/tess-spoc/s0080/target/0000/0000/5569/1669/hlsp_tess-spoc_tess_phot_0000000055691669-s0080_tess_v1_lc.fits,hlsp_tess-spoc_tess_phot_0000000055691669-s0080_tess_v1_lc.fits
30722286,61,mast:HLSP/tess-spoc/s0061/target/0000/0000/3072/2286/hlsp_tess-spoc_tess_phot_0000000030722286-s0061_tess_v1_lc.fits,hlsp_tess-spoc_tess_phot_0000000030722286-s0061_tess_v1_lc.fits
30722286,62,mast:HLSP/tess-spoc/s0062/target/0000/0000/3072/2286/hlsp_tess-spoc_tess_phot_0000000030722286-s0062_tess_v1_lc.fits,hlsp_tess-spoc_tess_phot_0000000030722286-s0062_tess_v1_lc.fits
30722286,63,mast:HLSP/tess-spoc/s0063/target/0000/0000/3072/2286/hlsp_tess-spoc_tess_phot_0000000030722286-s0063_tess_v1_lc.fits,hlsp_tess-spoc_tess_phot_0000000030722286-s0063_tess_v1_lc.fits
30722286,64,mast:HLSP/tess-spoc/s0064/target/0000/0000/3072/2286/hlsp_tess-spoc_tess_phot_0000000030722286-s0064_tess_v1_lc.fits,hlsp_tess-spoc_tess_phot_0000000030722286-s0064_tess_v1_lc.fits
30722286,65,mast:HLSP/tess-spoc/s0065/target/0000/0000/3072/2286/hlsp_tess-spoc_tess_phot_0000000030722286-s0065_tess_v1_lc.fits,hlsp_tess-spoc_tess_phot_0000000030722286-s0065_tess_v1_lc.fits
272986106,65,mast:HLSP/tess-spoc/s0065/target/0000/0002/7298/6106/hlsp_tess-spoc_tess_phot_0000000272986106-s0065_tess_v1_lc.fits,hlsp_tess-spoc_tess_phot_0000000272986106-s0065_tess_v1_lc.fits
383538189,65,mast:HLSP/tess-spoc/s0065/target/0000/0003/8353/8189/hlsp_tess-spoc_tess_phot_0000000383538189-s0065_tess_v1_lc.fits,hlsp_tess-spoc_tess_phot_0000000383538189-s0065_tess_v1_lc.fits
30722286,67,mast:HLSP/tess-spoc/s0067/target/0000/0000/3072/2286/hlsp_tess-spoc_tess_phot_0000000030722286-s0067_tess_v1_lc.fits,hlsp_tess-spoc_tess_phot_0000000030722286-s0067_tess_v1_lc.fits
30722286,68,mast:HLSP/tess-spoc/s0068/target/0000/0000/3072/2286/hlsp_tess-spoc_tess_phot_0000000030722286-s0068_tess_v1_lc.fits,hlsp_tess-spoc_tess_phot_0000000030722286-s0068_tess_v1_lc.fits
30722286,69,mast:HLSP/tess-spoc/s0069/target/0000/0000/3072/2286/hlsp_tess-spoc_tess_phot_0000000030722286-s0069_tess_v1_lc.fits,hlsp_tess-spoc_tess_phot_0000000030722286-s0069_tess_v1_lc.fits
30722286,66,mast:HLSP/tess-spoc/s0066/target/0000/0000/3072/2286/hlsp_tess-spoc_tess_phot_0000000030722286-s0066_tess_v1_lc.fits,hlsp_tess-spoc_tess_phot_0000000030722286-s0066_tess_v1_lc.fits
221179645,66,mast:HLSP/tess-spoc/s0066/target/0000/0002/2117/9645/hlsp_tess-spoc_tess_phot_0000000221179645-s0066_tess_v1_lc.fits,hlsp_tess-spoc_tess_phot_0000000221179645-s0066_tess_v1_lc.fits
14655089,80,mast:HLSP/tess-spoc/s0080/target/0000/0000/1465/5089/hlsp_tess-spoc_tess_phot_0000000014655089-s0080_tess_v1_lc.fits,hlsp_tess-spoc_tess_phot_0000000014655089-s0080_tess_v1_lc.fits
19217203,80,mast:HLSP/tess-spoc/s0080/target/0000/0000/1921/7203/hlsp_tess-spoc_tess_phot_0000000019217203-s0080_tess_v1_lc.fits,hlsp_tess-spoc_tess_phot_0000000019217203-s0080_tess_v1_lc.fits
364989919,80,mast:HLSP/tess-spoc/s0080/target/0000/0003/6498/9919/hlsp_tess-spoc_tess_phot_0000000364989919-s0080_tess_v1_lc.fits,hlsp_tess-spoc_tess_phot_0000000364989919-s0080_tess_v1_lc.fits
362368622,35,mast:HLSP/tess-spoc/s0035/target/0000/0003/6236/8622/hlsp_tess-spoc_tess_phot_0000000362368622-s0035_tess_v1_lc.fits,hlsp_tess-spoc_tess_phot_0000000362368622-s0035_tess_v1_lc.fits
362368622,36,mast:HLSP/tess-spoc/s0036/target/0000/0003/6236/8622/hlsp_tess-spoc_tess_phot_0000000362368622-s0036_tess_v1_lc.fits,hlsp_tess-spoc_tess_phot_0000000362368622-s0036_tess_v1_lc.fits
214942904,65,mast:HLSP/tess-spoc/s0065/target/0000/0002/1494/2904/hlsp_tess-spoc_tess_phot_0000000214942904-s0065_tess_v1_lc.fits,hlsp_tess-spoc_tess_phot_0000000214942904-s0065_tess_v1_lc.fits
341504191,66,mast:HLSP/tess-spoc/s0066/target/0000/0003/4150/4191/hlsp_tess-spoc_tess_phot_0000000341504191-s0066_tess_v1_lc.fits,hlsp_tess-spoc_tess_phot_0000000341504191-s0066_tess_v1_lc.fits
268195400,65,mast:HLSP/tess-spoc/s0065/target/0000/0002/6819/5400/hlsp_tess-spoc_tess_phot_0000000268195400-s0065_tess_v1_lc.fits,hlsp_tess-spoc_tess_phot_0000000268195400-s0065_tess_v1_lc.fits
146187590,61,mast:HLSP/tess-spoc/s0061/target/0000/0001/4618/7590/hlsp_tess-spoc_tess_phot_0000000146187590-s0061_tess_v1_lc.fits,hlsp_tess-spoc_tess_phot_0000000146187590-s0061_tess_v1_lc.fits
44419844,65,mast:HLSP/tess-spoc/s0065/target/0000/0000/4441/9844/hlsp_tess-spoc_tess_phot_0000000044419844-s0065_tess_v1_lc.fits,hlsp_tess-spoc_tess_phot_0000000044419844-s0065_tess_v1_lc.fits
116770053,80,mast:HLSP/tess-spoc/s0080/target/0000/0001/1677/0053/hlsp_tess-spoc_tess_phot_0000000116770053-s0080_tess_v1_lc.fits,hlsp_tess-spoc_tess_phot_0000000116770053-s0080_tess_v1_lc.fits
162384861,80,mast:HLSP/tess-spoc/s0080/target/0000/0001/6238/4861/hlsp_tess-spoc_tess_phot_0000000162384861-s0080_tess_v1_lc.fits,hlsp_tess-spoc_tess_phot_0000000162384861-s0080_tess_v1_lc.fits
198628976,80,mast:HLSP/tess-spoc/s0080/target/0000/0001/9862/8976/hlsp_tess-spoc_tess_phot_0000000198628976-s0080_tess_v1_lc.fits,hlsp_tess-spoc_tess_phot_0000000198628976-s0080_tess_v1_lc.fits
210555714,80,mast:HLSP/tess-spoc/s0080/target/0000/0002/1055/5714/hlsp_tess-spoc_tess_phot_0000000210555714-s0080_tess_v1_lc.fits,hlsp_tess-spoc_tess_phot_0000000210555714-s0080_tess_v1_lc.fits
198628976,81,mast:HLSP/tess-spoc/s0081/target/0000/0001/9862/8976/hlsp_tess-spoc_tess_phot_0000000198628976-s0081_tess_v1_lc.fits,hlsp_tess-spoc_tess_phot_0000000198628976-s0081_tess_v1_lc.fits
210555714,81,mast:HLSP/tess-spoc/s0081/target/0000/0002/1055/5714/hlsp_tess-spoc_tess_phot_0000000210555714-s0081_tess_v1_lc.fits,hlsp_tess-spoc_tess_phot_0000000210555714-s0081_tess_v1_lc.fits
378759794,66,mast:HLSP/tess-spoc/s0066/target/0000/0003/7875/9794/hlsp_tess-spoc_tess_phot_0000000378759794-s0066_tess_v1_lc.fits,hlsp_tess-spoc_tess_phot_0000000378759794-s0066_tess_v1_lc.fits
108798726,80,mast:HLSP/tess-spoc/s0080/target/0000/0001/0879/8726/hlsp_tess-spoc_tess_phot_0000000108798726-s0080_tess_v1_lc.fits,hlsp_tess-spoc_tess_phot_0000000108798726-s0080_tess_v1_lc.fits
162837294,80,mast:HLSP/tess-spoc/s0080/target/0000/0001/6283/7294/hlsp_tess-spoc_tess_phot_0000000162837294-s0080_tess_v1_lc.fits,hlsp_tess-spoc_tess_phot_0000000162837294-s0080_tess_v1_lc.fits
226089108,80,mast:HLSP/tess-spoc/s0080/target/0000/0002/2608/9108/hlsp_tess-spoc_tess_phot_0000000226089108-s0080_tess_v1_lc.fits,hlsp_tess-spoc_tess_phot_0000000226089108-s0080_tess_v1_lc.fits
43394100,80,mast:HLSP/tess-spoc/s0080/target/0000/0000/4339/4100/hlsp_tess-spoc_tess_phot_0000000043394100-s0080_tess_v1_lc.fits,hlsp_tess-spoc_tess_phot_0000000043394100-s0080_tess_v1_lc.fits
422635516,65,mast:HLSP/tess-spoc/s0065/target/0000/0004/2263/5516/hlsp_tess-spoc_tess_phot_0000000422635516-s0065_tess_v1_lc.fits,hlsp_tess-spoc_tess_phot_0000000422635516-s0065_tess_v1_lc.fits
233550023,66,mast:HLSP/tess-spoc/s0066/target/0000/0002/3355/0023/hlsp_tess-spoc_tess_phot_0000000233550023-s0066_tess_v1_lc.fits,hlsp_tess-spoc_tess_phot_0000000233550023-s0066_tess_v1_lc.fits
178901574,80,mast:HLSP/tess-spoc/s0080/target/0000/0001/7890/1574/hlsp_tess-spoc_tess_phot_0000000178901574-s0080_tess_v1_lc.fits,hlsp_tess-spoc_tess_phot_0000000178901574-s0080_tess_v1_lc.fits
215457091,65,mast:HLSP/tess-spoc/s0065/target/0000/0002/1545/7091/hlsp_tess-spoc_tess_phot_0000000215457091-s0065_tess_v1_lc.fits,hlsp_tess-spoc_tess_phot_0000000215457091-s0065_tess_v1_lc.fits
330921666,80,mast:HLSP/tess-spoc/s0080/target/0000/0003/3092/1666/hlsp_tess-spoc_tess_phot_0000000330921666-s0080_tess_v1_lc.fits,hlsp_tess-spoc_tess_phot_0000000330921666-s0080_tess_v1_lc.fits
449545721,64,mast:HLSP/tess-spoc/s0064/target/0000/0004/4954/5721/hlsp_tess-spoc_tess_phot_0000000449545721-s0064_tess_v1_lc.fits,hlsp_tess-spoc_tess_phot_0000000449545721-s0064_tess_v1_lc.fits
449545721,65,mast:HLSP/tess-spoc/s0065/target/0000/0004/4954/5721/hlsp_tess-spoc_tess_phot_0000000449545721-s0065_tess_v1_lc.fits,hlsp_tess-spoc_tess_phot_0000000449545721-s0065_tess_v1_lc.fits
200096770,66,mast:HLSP/tess-spoc/s0066/target/0000/0002/0009/6770/hlsp_tess-spoc_tess_phot_0000000200096770-s0066_tess_v1_lc.fits,hlsp_tess-spoc_tess_phot_0000000200096770-s0066_tess_v1_lc.fits
378797736,64,mast:HLSP/tess-spoc/s0064/target/0000/0003/7879/7736/hlsp_tess-spoc_tess_phot_0000000378797736-s0064_tess_v1_lc.fits,hlsp_tess-spoc_tess_phot_0000000378797736-s0064_tess_v1_lc.fits
428334788,65,mast:HLSP/tess-spoc/s0065/target/0000/0004/2833/4788/hlsp_tess-spoc_tess_phot_0000000428334788-s0065_tess_v1_lc.fits,hlsp_tess-spoc_tess_phot_0000000428334788-s0065_tess_v1_lc.fits
409965490,65,mast:HLSP/tess-spoc/s0065/target/0000/0004/0996/5490/hlsp_tess-spoc_tess_phot_0000000409965490-s0065_tess_v1_lc.fits,hlsp_tess-spoc_tess_phot_0000000409965490-s0065_tess_v1_lc.fits
454175822,65,mast:HLSP/tess-spoc/s0065/target/0000/0004/5417/5822/hlsp_tess-spoc_tess_phot_0000000454175822-s0065_tess_v1_lc.fits,hlsp_tess-spoc_tess_phot_0000000454175822-s0065_tess_v1_lc.fits
394068531,65,mast:HLSP/tess-spoc/s0065/target/0000/0003/9406/8531/hlsp_tess-spoc_tess_phot_0000000394068531-s0065_tess_v1_lc.fits,hlsp_tess-spoc_tess_phot_0000000394068531-s0065_tess_v1_lc.fits
203639534,80,mast:HLSP/tess-spoc/s0080/target/0000/0002/0363/9534/hlsp_tess-spoc_tess_phot_0000000203639534-s0080_tess_v1_lc.fits,hlsp_tess-spoc_tess_phot_0000000203639534-s0080_tess_v1_lc.fits
459605299,63,mast:HLSP/tess-spoc/s0063/target/0000/0004/5960/5299/hlsp_tess-spoc_tess_phot_0000000459605299-s0063_tess_v1_lc.fits,hlsp_tess-spoc_tess_phot_0000000459605299-s0063_tess_v1_lc.fits
459605299,64,mast:HLSP/tess-spoc/s0064/target/0000/0004/5960/5299/hlsp_tess-spoc_tess_phot_0000000459605299-s0064_tess_v1_lc.fits,hlsp_tess-spoc_tess_phot_0000000459605299-s0064_tess_v1_lc.fits
385832617,80,mast:HLSP/tess-spoc/s0080/target/0000/0003/8583/2617/hlsp_tess-spoc_tess_phot_0000000385832617-s0080_tess_v1_lc.fits,hlsp_tess-spoc_tess_phot_0000000385832617-s0080_tess_v1_lc.fits
106847599,66,mast:HLSP/tess-spoc/s0066/target/0000/0001/0684/7599/hlsp_tess-spoc_tess_phot_0000000106847599-s0066_tess_v1_lc.fits,hlsp_tess-spoc_tess_phot_0000000106847599-s0066_tess_v1_lc.fits
330073277,80,mast:HLSP/tess-spoc/s0080/target/0000/0003/3007/3277/hlsp_tess-spoc_tess_phot_0000000330073277-s0080_tess_v1_lc.fits,hlsp_tess-spoc_tess_phot_0000000330073277-s0080_tess_v1_lc.fits
39875310,65,mast:HLSP/tess-spoc/s0065/target/0000/0000/3987/5310/hlsp_tess-spoc_tess_phot_0000000039875310-s0065_tess_v1_lc.fits,hlsp_tess-spoc_tess_phot_0000000039875310-s0065_tess_v1_lc.fits
41566369,65,mast:HLSP/tess-spoc/s0065/target/0000/0000/4156/6369/hlsp_tess-spoc_tess_phot_0000000041566369-s0065_tess_v1_lc.fits,hlsp_tess-spoc_tess_phot_0000000041566369-s0065_tess_v1_lc.fits
346342231,66,mast:HLSP/tess-spoc/s0066/target/0000/0003/4634/2231/hlsp_tess-spoc_tess_phot_0000000346342231-s0066_tess_v1_lc.fits,hlsp_tess-spoc_tess_phot_0000000346342231-s0066_tess_v1_lc.fits
21938436,66,mast:HLSP/tess-spoc/s0066/target/0000/0000/2193/8436/hlsp_tess-spoc_tess_phot_0000000021938436-s0066_tess_v1_lc.fits,hlsp_tess-spoc_tess_phot_0000000021938436-s0066_tess_v1_lc.fits
170146603,66,mast:HLSP/tess-spoc/s0066/target/0000/0001/7014/6603/hlsp_tess-spoc_tess_phot_0000000170146603-s0066_tess_v1_lc.fits,hlsp_tess-spoc_tess_phot_0000000170146603-s0066_tess_v1_lc.fits
180860782,80,mast:HLSP/tess-spoc/s0080/target/0000/0001/8086/0782/hlsp_tess-spoc_tess_phot_0000000180860782-s0080_tess_v1_lc.fits,hlsp_tess-spoc_tess_phot_0000000180860782-s0080_tess_v1_lc.fits
213265176,80,mast:HLSP/tess-spoc/s0080/target/0000/0002/1326/5176/hlsp_tess-spoc_tess_phot_0000000213265176-s0080_tess_v1_lc.fits,hlsp_tess-spoc_tess_phot_0000000213265176-s0080_tess_v1_lc.fits
386453654,80,mast:HLSP/tess-spoc/s0080/target/0000/0003/8645/3654/hlsp_tess-spoc_tess_phot_0000000386453654-s0080_tess_v1_lc.fits,hlsp_tess-spoc_tess_phot_0000000386453654-s0080_tess_v1_lc.fits
315563973,64,mast:HLSP/tess-spoc/s0064/target/0000/0003/1556/3973/hlsp_tess-spoc_tess_phot_0000000315563973-s0064_tess_v1_lc.fits,hlsp_tess-spoc_tess_phot_0000000315563973-s0064_tess_v1_lc.fits
266971563,65,mast:HLSP/tess-spoc/s0065/target/0000/0002/6697/1563/hlsp_tess-spoc_tess_phot_0000000266971563-s0065_tess_v1_lc.fits,hlsp_tess-spoc_tess_phot_0000000266971563-s0065_tess_v1_lc.fits
266254038,66,mast:HLSP/tess-spoc/s0066/target/0000/0002/6625/4038/hlsp_tess-spoc_tess_phot_0000000266254038-s0066_tess_v1_lc.fits,hlsp_tess-spoc_tess_phot_0000000266254038-s0066_tess_v1_lc.fits
16711578,80,mast:HLSP/tess-spoc/s0080/target/0000/0000/1671/1578/hlsp_tess-spoc_tess_phot_0000000016711578-s0080_tess_v1_lc.fits,hlsp_tess-spoc_tess_phot_0000000016711578-s0080_tess_v1_lc.fits
46765139,66,mast:HLSP/tess-spoc/s0066/target/0000/0000/4676/5139/hlsp_tess-spoc_tess_phot_0000000046765139-s0066_tess_v1_lc.fits,hlsp_tess-spoc_tess_phot_0000000046765139-s0066_tess_v1_lc.fits
441536476,62,mast:HLSP/tess-spoc/s0062/target/0000/0004/4153/6476/hlsp_tess-spoc_tess_phot_0000000441536476-s0062_tess_v1_lc.fits,hlsp_tess-spoc_tess_phot_0000000441536476-s0062_tess_v1_lc.fits
334905328,65,mast:HLSP/tess-spoc/s0065/target/0000/0003/3490/5328/hlsp_tess-spoc_tess_phot_0000000334905328-s0065_tess_v1_lc.fits,hlsp_tess-spoc_tess_phot_0000000334905328-s0065_tess_v1_lc.fits
213253504,80,mast:HLSP/tess-spoc/s0080/target/0000/0002/1325/3504/hlsp_tess-spoc_tess_phot_0000000213253504-s0080_tess_v1_lc.fits,hlsp_tess-spoc_tess_phot_0000000213253504-s0080_tess_v1_lc.fits
35902292,65,mast:HLSP/tess-spoc/s0065/target/0000/0000/3590/2292/hlsp_tess-spoc_tess_phot_0000000035902292-s0065_tess_v1_lc.fits,hlsp_tess-spoc_tess_phot_0000000035902292-s0065_tess_v1_lc.fits
43355546,65,mast:HLSP/tess-spoc/s0065/target/0000/0000/4335/5546/hlsp_tess-spoc_tess_phot_0000000043355546-s0065_tess_v1_lc.fits,hlsp_tess-spoc_tess_phot_0000000043355546-s0065_tess_v1_lc.fits
278652989,65,mast:HLSP/tess-spoc/s0065/target/0000/0002/7865/2989/hlsp_tess-spoc_tess_phot_0000000278652989-s0065_tess_v1_lc.fits,hlsp_tess-spoc_tess_phot_0000000278652989-s0065_tess_v1_lc.fits
465091527,66,mast:HLSP/tess-spoc/s0066/target/0000/0004/6509/1527/hlsp_tess-spoc_tess_phot_0000000465091527-s0066_tess_v1_lc.fits,hlsp_tess-spoc_tess_phot_0000000465091527-s0066_tess_v1_lc.fits
263588541,71,mast:HLSP/tess-spoc/s0071/target/0000/0002/6358/8541/hlsp_tess-spoc_tess_phot_0000000263588541-s0071_tess_v1_lc.fits,hlsp_tess-spoc_tess_phot_0000000263588541-s0071_tess_v1_lc.fits
263588541,72,mast:HLSP/tess-spoc/s0072/target/0000/0002/6358/8541/hlsp_tess-spoc_tess_phot_0000000263588541-s0072_tess_v1_lc.fits,hlsp_tess-spoc_tess_phot_0000000263588541-s0072_tess_v1_lc.fits
43378021,80,mast:HLSP/tess-spoc/s0080/target/0000/0000/4337/8021/hlsp_tess-spoc_tess_phot_0000000043378021-s0080_tess_v1_lc.fits,hlsp_tess-spoc_tess_phot_0000000043378021-s0080_tess_v1_lc.fits
373687515,62,mast:HLSP/tess-spoc/s0062/target/0000/0003/7368/7515/hlsp_tess-spoc_tess_phot_0000000373687515-s0062_tess_v1_lc.fits,hlsp_tess-spoc_tess_phot_0000000373687515-s0062_tess_v1_lc.fits
373687515,63,mast:HLSP/tess-spoc/s0063/target/0000/0003/7368/7515/hlsp_tess-spoc_tess_phot_0000000373687515-s0063_tess_v1_lc.fits,hlsp_tess-spoc_tess_phot_0000000373687515-s0063_tess_v1_lc.fits
459810320,63,mast:HLSP/tess-spoc/s0063/target/0000/0004/5981/0320/hlsp_tess-spoc_tess_phot_0000000459810320-s0063_tess_v1_lc.fits,hlsp_tess-spoc_tess_phot_0000000459810320-s0063_tess_v1_lc.fits
373687515,64,mast:HLSP/tess-spoc/s0064/target/0000/0003/7368/7515/hlsp_tess-spoc_tess_phot_0000000373687515-s0064_tess_v1_lc.fits,hlsp_tess-spoc_tess_phot_0000000373687515-s0064_tess_v1_lc.fits
459810320,64,mast:HLSP/tess-spoc/s0064/target/0000/0004/5981/0320/hlsp_tess-spoc_tess_phot_0000000459810320-s0064_tess_v1_lc.fits,hlsp_tess-spoc_tess_phot_0000000459810320-s0064_tess_v1_lc.fits
373687515,65,mast:HLSP/tess-spoc/s0065/target/0000/0003/7368/7515/hlsp_tess-spoc_tess_phot_0000000373687515-s0065_tess_v1_lc.fits,hlsp_tess-spoc_tess_phot_0000000373687515-s0065_tess_v1_lc.fits
373687515,68,mast:HLSP/tess-spoc/s0068/target/0000/0003/7368/7515/hlsp_tess-spoc_tess_phot_0000000373687515-s0068_tess_v1_lc.fits,hlsp_tess-spoc_tess_phot_0000000373687515-s0068_tess_v1_lc.fits
373687515,69,mast:HLSP/tess-spoc/s0069/target/0000/0003/7368/7515/hlsp_tess-spoc_tess_phot_0000000373687515-s0069_tess_v1_lc.fits,hlsp_tess-spoc_tess_phot_0000000373687515-s0069_tess_v1_lc.fits
373687515,66,mast:HLSP/tess-spoc/s0066/target/0000/0003/7368/7515/hlsp_tess-spoc_tess_phot_0000000373687515-s0066_tess_v1_lc.fits,hlsp_tess-spoc_tess_phot_0000000373687515-s0066_tess_v1_lc.fits
19368480,80,mast:HLSP/tess-spoc/s0080/target/0000/0000/1936/8480/hlsp_tess-spoc_tess_phot_0000000019368480-s0080_tess_v1_lc.fits,hlsp_tess-spoc_tess_phot_0000000019368480-s0080_tess_v1_lc.fits
107959134,80,mast:HLSP/tess-spoc/s0080/target/0000/0001/0795/9134/hlsp_tess-spoc_tess_phot_0000000107959134-s0080_tess_v1_lc.fits,hlsp_tess-spoc_tess_phot_0000000107959134-s0080_tess_v1_lc.fits
178911894,80,mast:HLSP/tess-spoc/s0080/target/0000/0001/7891/1894/hlsp_tess-spoc_tess_phot_0000000178911894-s0080_tess_v1_lc.fits,hlsp_tess-spoc_tess_phot_0000000178911894-s0080_tess_v1_lc.fits
146091315,80,mast:HLSP/tess-spoc/s0080/target/0000/0001/4609/1315/hlsp_tess-spoc_tess_phot_0000000146091315-s0080_tess_v1_lc.fits,hlsp_tess-spoc_tess_phot_0000000146091315-s0080_tess_v1_lc.fits
216558942,80,mast:HLSP/tess-spoc/s0080/target/0000/0002/1655/8942/hlsp_tess-spoc_tess_phot_0000000216558942-s0080_tess_v1_lc.fits,hlsp_tess-spoc_tess_phot_0000000216558942-s0080_tess_v1_lc.fits
412786165,65,mast:HLSP/tess-spoc/s0065/target/0000/0004/1278/6165/hlsp_tess-spoc_tess_phot_0000000412786165-s0065_tess_v1_lc.fits,hlsp_tess-spoc_tess_phot_0000000412786165-s0065_tess_v1_lc.fits
328932770,65,mast:HLSP/tess-spoc/s0065/target/0000/0003/2893/2770/hlsp_tess-spoc_tess_phot_0000000328932770-s0065_tess_v1_lc.fits,hlsp_tess-spoc_tess_phot_0000000328932770-s0065_tess_v1_lc.fits
439165250,64,mast:HLSP/tess-spoc/s0064/target/0000/0004/3916/5250/hlsp_tess-spoc_tess_phot_0000000439165250-s0064_tess_v1_lc.fits,hlsp_tess-spoc_tess_phot_0000000439165250-s0064_tess_v1_lc.fits
191324988,65,mast:HLSP/tess-spoc/s0065/target/0000/0001/9132/4988/hlsp_tess-spoc_tess_phot_0000000191324988-s0065_tess_v1_lc.fits,hlsp_tess-spoc_tess_phot_0000000191324988-s0065_tess_v1_lc.fits
439165250,65,mast:HLSP/tess-spoc/s0065/target/0000/0004/3916/5250/hlsp_tess-spoc_tess_phot_0000000439165250-s0065_tess_v1_lc.fits,hlsp_tess-spoc_tess_phot_0000000439165250-s0065_tess_v1_lc.fits
449373613,64,mast:HLSP/tess-spoc/s0064/target/0000/0004/4937/3613/hlsp_tess-spoc_tess_phot_0000000449373613-s0064_tess_v1_lc.fits,hlsp_tess-spoc_tess_phot_0000000449373613-s0064_tess_v1_lc.fits
283803160,65,mast:HLSP/tess-spoc/s0065/target/0000/0002/8380/3160/hlsp_tess-spoc_tess_phot_0000000283803160-s0065_tess_v1_lc.fits,hlsp_tess-spoc_tess_phot_0000000283803160-s0065_tess_v1_lc.fits
449373613,65,mast:HLSP/tess-spoc/s0065/target/0000/0004/4937/3613/hlsp_tess-spoc_tess_phot_0000000449373613-s0065_tess_v1_lc.fits,hlsp_tess-spoc_tess_phot_0000000449373613-s0065_tess_v1_lc.fits
344961431,66,mast:HLSP/tess-spoc/s0066/target/0000/0003/4496/1431/hlsp_tess-spoc_tess_phot_0000000344961431-s0066_tess_v1_lc.fits,hlsp_tess-spoc_tess_phot_0000000344961431-s0066_tess_v1_lc.fits
328655104,65,mast:HLSP/tess-spoc/s0065/target/0000/0003/2865/5104/hlsp_tess-spoc_tess_phot_0000000328655104-s0065_tess_v1_lc.fits,hlsp_tess-spoc_tess_phot_0000000328655104-s0065_tess_v1_lc.fits
154739492,66,mast:HLSP/tess-spoc/s0066/target/0000/0001/5473/9492/hlsp_tess-spoc_tess_phot_0000000154739492-s0066_tess_v1_lc.fits,hlsp_tess-spoc_tess_phot_0000000154739492-s0066_tess_v1_lc.fits
279408975,65,mast:HLSP/tess-spoc/s0065/target/0000/0002/7940/8975/hlsp_tess-spoc_tess_phot_0000000279408975-s0065_tess_v1_lc.fits,hlsp_tess-spoc_tess_phot_0000000279408975-s0065_tess_v1_lc.fits
329061599,65,mast:HLSP/tess-spoc/s0065/target/0000/0003/2906/1599/hlsp_tess-spoc_tess_phot_0000000329061599-s0065_tess_v1_lc.fits,hlsp_tess-spoc_tess_phot_0000000329061599-s0065_tess_v1_lc.fits
110923021,80,mast:HLSP/tess-spoc/s0080/target/0000/0001/1092/3021/hlsp_tess-spoc_tess_phot_0000000110923021-s0080_tess_v1_lc.fits,hlsp_tess-spoc_tess_phot_0000000110923021-s0080_tess_v1_lc.fits
115084048,80,mast:HLSP/tess-spoc/s0080/target/0000/0001/1508/4048/hlsp_tess-spoc_tess_phot_0000000115084048-s0080_tess_v1_lc.fits,hlsp_tess-spoc_tess_phot_0000000115084048-s0080_tess_v1_lc.fits
203973430,80,mast:HLSP/tess-spoc/s0080/target/0000/0002/0397/3430/hlsp_tess-spoc_tess_phot_0000000203973430-s0080_tess_v1_lc.fits,hlsp_tess-spoc_tess_phot_0000000203973430-s0080_tess_v1_lc.fits
438029156,64,mast:HLSP/tess-spoc/s0064/target/0000/0004/3802/9156/hlsp_tess-spoc_tess_phot_0000000438029156-s0064_tess_v1_lc.fits,hlsp_tess-spoc_tess_phot_0000000438029156-s0064_tess_v1_lc.fits
438029156,65,mast:HLSP/tess-spoc/s0065/target/0000/0004/3802/9156/hlsp_tess-spoc_tess_phot_0000000438029156-s0065_tess_v1_lc.fits,hlsp_tess-spoc_tess_phot_0000000438029156-s0065_tess_v1_lc.fits
108224689,66,mast:HLSP/tess-spoc/s0066/target/0000/0001/0822/4689/hlsp_tess-spoc_tess_phot_0000000108224689-s0066_tess_v1_lc.fits,hlsp_tess-spoc_tess_phot_0000000108224689-s0066_tess_v1_lc.fits
47471093,80,mast:HLSP/tess-spoc/s0080/target/0000/0000/4747/1093/hlsp_tess-spoc_tess_phot_0000000047471093-s0080_tess_v1_lc.fits,hlsp_tess-spoc_tess_phot_0000000047471093-s0080_tess_v1_lc.fits
118235908,80,mast:HLSP/tess-spoc/s0080/target/0000/0001/1823/5908/hlsp_tess-spoc_tess_phot_0000000118235908-s0080_tess_v1_lc.fits,hlsp_tess-spoc_tess_phot_0000000118235908-s0080_tess_v1_lc.fits
216175093,80,mast:HLSP/tess-spoc/s0080/target/0000/0002/1617/5093/hlsp_tess-spoc_tess_phot_0000000216175093-s0080_tess_v1_lc.fits,hlsp_tess-spoc_tess_phot_0000000216175093-s0080_tess_v1_lc.fits
132707516,61,mast:HLSP/tess-spoc/s0061/target/0000/0001/3270/7516/hlsp_tess-spoc_tess_phot_0000000132707516-s0061_tess_v1_lc.fits,hlsp_tess-spoc_tess_phot_0000000132707516-s0061_tess_v1_lc.fits
132707516,62,mast:HLSP/tess-spoc/s0062/target/0000/0001/3270/7516/hlsp_tess-spoc_tess_phot_0000000132707516-s0062_tess_v1_lc.fits,hlsp_tess-spoc_tess_phot_0000000132707516-s0062_tess_v1_lc.fits
379646103,64,mast:HLSP/tess-spoc/s0064/target/0000/0003/7964/6103/hlsp_tess-spoc_tess_phot_0000000379646103-s0064_tess_v1_lc.fits,hlsp_tess-spoc_tess_phot_0000000379646103-s0064_tess_v1_lc.fits
263760730,65,mast:HLSP/tess-spoc/s0065/target/0000/0002/6376/0730/hlsp_tess-spoc_tess_phot_0000000263760730-s0065_tess_v1_lc.fits,hlsp_tess-spoc_tess_phot_0000000263760730-s0065_tess_v1_lc.fits
330075087,80,mast:HLSP/tess-spoc/s0080/target/0000/0003/3007/5087/hlsp_tess-spoc_tess_phot_0000000330075087-s0080_tess_v1_lc.fits,hlsp_tess-spoc_tess_phot_0000000330075087-s0080_tess_v1_lc.fits
32067835,62,mast:HLSP/tess-spoc/s0062/target/0000/0000/3206/7835/hlsp_tess-spoc_tess_phot_0000000032067835-s0062_tess_v1_lc.fits,hlsp_tess-spoc_tess_phot_0000000032067835-s0062_tess_v1_lc.fits
32067835,63,mast:HLSP/tess-spoc/s0063/target/0000/0000/3206/7835/hlsp_tess-spoc_tess_phot_0000000032067835-s0063_tess_v1_lc.fits,hlsp_tess-spoc_tess_phot_0000000032067835-s0063_tess_v1_lc.fits
182855999,80,mast:HLSP/tess-spoc/s0080/target/0000/0001/8285/5999/hlsp_tess-spoc_tess_phot_0000000182855999-s0080_tess_v1_lc.fits,hlsp_tess-spoc_tess_phot_0000000182855999-s0080_tess_v1_lc.fits
384692050,80,mast:HLSP/tess-spoc/s0080/target/0000/0003/8469/2050/hlsp_tess-spoc_tess_phot_0000000384692050-s0080_tess_v1_lc.fits,hlsp_tess-spoc_tess_phot_0000000384692050-s0080_tess_v1_lc.fits
168480199,80,mast:HLSP/tess-spoc/s0080/target/0000/0001/6848/0199/hlsp_tess-spoc_tess_phot_0000000168480199-s0080_tess_v1_lc.fits,hlsp_tess-spoc_tess_phot_0000000168480199-s0080_tess_v1_lc.fits
139521930,61,mast:HLSP/tess-spoc/s0061/target/0000/0001/3952/1930/hlsp_tess-spoc_tess_phot_0000000139521930-s0061_tess_v1_lc.fits,hlsp_tess-spoc_tess_phot_0000000139521930-s0061_tess_v1_lc.fits
299581303,65,mast:HLSP/tess-spoc/s0065/target/0000/0002/9958/1303/hlsp_tess-spoc_tess_phot_0000000299581303-s0065_tess_v1_lc.fits,hlsp_tess-spoc_tess_phot_0000000299581303-s0065_tess_v1_lc.fits
16856946,80,mast:HLSP/tess-spoc/s0080/target/0000/0000/1685/6946/hlsp_tess-spoc_tess_phot_0000000016856946-s0080_tess_v1_lc.fits,hlsp_tess-spoc_tess_phot_0000000016856946-s0080_tess_v1_lc.fits
308046568,64,mast:HLSP/tess-spoc/s0064/target/0000/0003/0804/6568/hlsp_tess-spoc_tess_phot_0000000308046568-s0064_tess_v1_lc.fits,hlsp_tess-spoc_tess_phot_0000000308046568-s0064_tess_v1_lc.fits
41631975,66,mast:HLSP/tess-spoc/s0066/target/0000/0000/4163/1975/hlsp_tess-spoc_tess_phot_0000000041631975-s0066_tess_v1_lc.fits,hlsp_tess-spoc_tess_phot_0000000041631975-s0066_tess_v1_lc.fits
245769960,66,mast:HLSP/tess-spoc/s0066/target/0000/0002/4576/9960/hlsp_tess-spoc_tess_phot_0000000245769960-s0066_tess_v1_lc.fits,hlsp_tess-spoc_tess_phot_0000000245769960-s0066_tess_v1_lc.fits
57935569,80,mast:HLSP/tess-spoc/s0080/target/0000/0000/5793/5569/hlsp_tess-spoc_tess_phot_0000000057935569-s0080_tess_v1_lc.fits,hlsp_tess-spoc_tess_phot_0000000057935569-s0080_tess_v1_lc.fits
438143213,64,mast:HLSP/tess-spoc/s0064/target/0000/0004/3814/3213/hlsp_tess-spoc_tess_phot_0000000438143213-s0064_tess_v1_lc.fits,hlsp_tess-spoc_tess_phot_0000000438143213-s0064_tess_v1_lc.fits
438143213,65,mast:HLSP/tess-spoc/s0065/target/0000/0004/3814/3213/hlsp_tess-spoc_tess_phot_0000000438143213-s0065_tess_v1_lc.fits,hlsp_tess-spoc_tess_phot_0000000438143213-s0065_tess_v1_lc.fits
247022680,66,mast:HLSP/tess-spoc/s0066/target/0000/0002/4702/2680/hlsp_tess-spoc_tess_phot_0000000247022680-s0066_tess_v1_lc.fits,hlsp_tess-spoc_tess_phot_0000000247022680-s0066_tess_v1_lc.fits
315585009,80,mast:HLSP/tess-spoc/s0080/target/0000/0003/1558/5009/hlsp_tess-spoc_tess_phot_0000000315585009-s0080_tess_v1_lc.fits,hlsp_tess-spoc_tess_phot_0000000315585009-s0080_tess_v1_lc.fits
315585009,81,mast:HLSP/tess-spoc/s0081/target/0000/0003/1558/5009/hlsp_tess-spoc_tess_phot_0000000315585009-s0081_tess_v1_lc.fits,hlsp_tess-spoc_tess_phot_0000000315585009-s0081_tess_v1_lc.fits
209437133,65,mast:HLSP/tess-spoc/s0065/target/0000/0002/0943/7133/hlsp_tess-spoc_tess_phot_0000000209437133-s0065_tess_v1_lc.fits,hlsp_tess-spoc_tess_phot_0000000209437133-s0065_tess_v1_lc.fits
114129429,66,mast:HLSP/tess-spoc/s0066/target/0000/0001/1412/9429/hlsp_tess-spoc_tess_phot_0000000114129429-s0066_tess_v1_lc.fits,hlsp_tess-spoc_tess_phot_0000000114129429-s0066_tess_v1_lc.fits
434470471,64,mast:HLSP/tess-spoc/s0064/target/0000/0004/3447/0471/hlsp_tess-spoc_tess_phot_0000000434470471-s0064_tess_v1_lc.fits,hlsp_tess-spoc_tess_phot_0000000434470471-s0064_tess_v1_lc.fits
434470471,65,mast:HLSP/tess-spoc/s0065/target/0000/0004/3447/0471/hlsp_tess-spoc_tess_phot_0000000434470471-s0065_tess_v1_lc.fits,hlsp_tess-spoc_tess_phot_0000000434470471-s0065_tess_v1_lc.fits
246149619,66,mast:HLSP/tess-spoc/s0066/target/0000/0002/4614/9619/hlsp_tess-spoc_tess_phot_0000000246149619-s0066_tess_v1_lc.fits,hlsp_tess-spoc_tess_phot_0000000246149619-s0066_tess_v1_lc.fits
41762338,65,mast:HLSP/tess-spoc/s0065/target/0000/0000/4176/2338/hlsp_tess-spoc_tess_phot_0000000041762338-s0065_tess_v1_lc.fits,hlsp_tess-spoc_tess_phot_0000000041762338-s0065_tess_v1_lc.fits
116170862,80,mast:HLSP/tess-spoc/s0080/target/0000/0001/1617/0862/hlsp_tess-spoc_tess_phot_0000000116170862-s0080_tess_v1_lc.fits,hlsp_tess-spoc_tess_phot_0000000116170862-s0080_tess_v1_lc.fits
386109284,80,mast:HLSP/tess-spoc/s0080/target/0000/0003/8610/9284/hlsp_tess-spoc_tess_phot_0000000386109284-s0080_tess_v1_lc.fits,hlsp_tess-spoc_tess_phot_0000000386109284-s0080_tess_v1_lc.fits
380931552,64,mast:HLSP/tess-spoc/s0064/target/0000/0003/8093/1552/hlsp_tess-spoc_tess_phot_0000000380931552-s0064_tess_v1_lc.fits,hlsp_tess-spoc_tess_phot_0000000380931552-s0064_tess_v1_lc.fits
83665761,65,mast:HLSP/tess-spoc/s0065/target/0000/0000/8366/5761/hlsp_tess-spoc_tess_phot_0000000083665761-s0065_tess_v1_lc.fits,hlsp_tess-spoc_tess_phot_0000000083665761-s0065_tess_v1_lc.fits
209886502,65,mast:HLSP/tess-spoc/s0065/target/0000/0002/0988/6502/hlsp_tess-spoc_tess_phot_0000000209886502-s0065_tess_v1_lc.fits,hlsp_tess-spoc_tess_phot_0000000209886502-s0065_tess_v1_lc.fits
178983580,80,mast:HLSP/tess-spoc/s0080/target/0000/0001/7898/3580/hlsp_tess-spoc_tess_phot_0000000178983580-s0080_tess_v1_lc.fits,hlsp_tess-spoc_tess_phot_0000000178983580-s0080_tess_v1_lc.fits
106172159,80,mast:HLSP/tess-spoc/s0080/target/0000/0001/0617/2159/hlsp_tess-spoc_tess_phot_0000000106172159-s0080_tess_v1_lc.fits,hlsp_tess-spoc_tess_phot_0000000106172159-s0080_tess_v1_lc.fits
14151084,80,mast:HLSP/tess-spoc/s0080/target/0000/0000/1415/1084/hlsp_tess-spoc_tess_phot_0000000014151084-s0080_tess_v1_lc.fits,hlsp_tess-spoc_tess_phot_0000000014151084-s0080_tess_v1_lc.fits
209345408,65,mast:HLSP/tess-spoc/s0065/target/0000/0002/0934/5408/hlsp_tess-spoc_tess_phot_0000000209345408-s0065_tess_v1_lc.fits,hlsp_tess-spoc_tess_phot_0000000209345408-s0065_tess_v1_lc.fits
294239459,65,mast:HLSP/tess-spoc/s0065/target/0000/0002/9423/9459/hlsp_tess-spoc_tess_phot_0000000294239459-s0065_tess_v1_lc.fits,hlsp_tess-spoc_tess_phot_0000000294239459-s0065_tess_v1_lc.fits
216260570,66,mast:HLSP/tess-spoc/s0066/target/0000/0002/1626/0570/hlsp_tess-spoc_tess_phot_0000000216260570-s0066_tess_v1_lc.fits,hlsp_tess-spoc_tess_phot_0000000216260570-s0066_tess_v1_lc.fits
58045914,80,mast:HLSP/tess-spoc/s0080/target/0000/0000/5804/5914/hlsp_tess-spoc_tess_phot_0000000058045914-s0080_tess_v1_lc.fits,hlsp_tess-spoc_tess_phot_0000000058045914-s0080_tess_v1_lc.fits
343081566,80,mast:HLSP/tess-spoc/s0080/target/0000/0003/4308/1566/hlsp_tess-spoc_tess_phot_0000000343081566-s0080_tess_v1_lc.fits,hlsp_tess-spoc_tess_phot_0000000343081566-s0080_tess_v1_lc.fits
343081566,81,mast:HLSP/tess-spoc/s0081/target/0000/0003/4308/1566/hlsp_tess-spoc_tess_phot_0000000343081566-s0081_tess_v1_lc.fits,hlsp_tess-spoc_tess_phot_0000000343081566-s0081_tess_v1_lc.fits
183488968,80,mast:HLSP/tess-spoc/s0080/target/0000/0001/8348/8968/hlsp_tess-spoc_tess_phot_0000000183488968-s0080_tess_v1_lc.fits,hlsp_tess-spoc_tess_phot_0000000183488968-s0080_tess_v1_lc.fits
387155970,80,mast:HLSP/tess-spoc/s0080/target/0000/0003/8715/5970/hlsp_tess-spoc_tess_phot_0000000387155970-s0080_tess_v1_lc.fits,hlsp_tess-spoc_tess_phot_0000000387155970-s0080_tess_v1_lc.fits
31150648,62,mast:HLSP/tess-spoc/s0062/target/0000/0000/3115/0648/hlsp_tess-spoc_tess_phot_0000000031150648-s0062_tess_v1_lc.fits,hlsp_tess-spoc_tess_phot_0000000031150648-s0062_tess_v1_lc.fits
31150648,63,mast:HLSP/tess-spoc/s0063/target/0000/0000/3115/0648/hlsp_tess-spoc_tess_phot_0000000031150648-s0063_tess_v1_lc.fits,hlsp_tess-spoc_tess_phot_0000000031150648-s0063_tess_v1_lc.fits
449598937,65,mast:HLSP/tess-spoc/s0065/target/0000/0004/4959/8937/hlsp_tess-spoc_tess_phot_0000000449598937-s0065_tess_v1_lc.fits,hlsp_tess-spoc_tess_phot_0000000449598937-s0065_tess_v1_lc.fits
46803057,65,mast:HLSP/tess-spoc/s0065/target/0000/0000/4680/3057/hlsp_tess-spoc_tess_phot_0000000046803057-s0065_tess_v1_lc.fits,hlsp_tess-spoc_tess_phot_0000000046803057-s0065_tess_v1_lc.fits
15968908,80,mast:HLSP/tess-spoc/s0080/target/0000/0000/1596/8908/hlsp_tess-spoc_tess_phot_0000000015968908-s0080_tess_v1_lc.fits,hlsp_tess-spoc_tess_phot_0000000015968908-s0080_tess_v1_lc.fits
14941760,65,mast:HLSP/tess-spoc/s0065/target/0000/0000/1494/1760/hlsp_tess-spoc_tess_phot_0000000014941760-s0065_tess_v1_lc.fits,hlsp_tess-spoc_tess_phot_0000000014941760-s0065_tess_v1_lc.fits
329222660,80,mast:HLSP/tess-spoc/s0080/target/0000/0003/2922/2660/hlsp_tess-spoc_tess_phot_0000000329222660-s0080_tess_v1_lc.fits,hlsp_tess-spoc_tess_phot_0000000329222660-s0080_tess_v1_lc.fits
283955754,65,mast:HLSP/tess-spoc/s0065/target/0000/0002/8395/5754/hlsp_tess-spoc_tess_phot_0000000283955754-s0065_tess_v1_lc.fits,hlsp_tess-spoc_tess_phot_0000000283955754-s0065_tess_v1_lc.fits
275032985,65,mast:HLSP/tess-spoc/s0065/target/0000/0002/7503/2985/hlsp_tess-spoc_tess_phot_0000000275032985-s0065_tess_v1_lc.fits,hlsp_tess-spoc_tess_phot_0000000275032985-s0065_tess_v1_lc.fits
337793617,66,mast:HLSP/tess-spoc/s0066/target/0000/0003/3779/3617/hlsp_tess-spoc_tess_phot_0000000337793617-s0066_tess_v1_lc.fits,hlsp_tess-spoc_tess_phot_0000000337793617-s0066_tess_v1_lc.fits
162288151,80,mast:HLSP/tess-spoc/s0080/target/0000/0001/6228/8151/hlsp_tess-spoc_tess_phot_0000000162288151-s0080_tess_v1_lc.fits,hlsp_tess-spoc_tess_phot_0000000162288151-s0080_tess_v1_lc.fits
228516362,80,mast:HLSP/tess-spoc/s0080/target/0000/0002/2851/6362/hlsp_tess-spoc_tess_phot_0000000228516362-s0080_tess_v1_lc.fits,hlsp_tess-spoc_tess_phot_0000000228516362-s0080_tess_v1_lc.fits
46219412,65,mast:HLSP/tess-spoc/s0065/target/0000/0000/4621/9412/hlsp_tess-spoc_tess_phot_0000000046219412-s0065_tess_v1_lc.fits,hlsp_tess-spoc_tess_phot_0000000046219412-s0065_tess_v1_lc.fits
127511028,65,mast:HLSP/tess-spoc/s0065/target/0000/0001/2751/1028/hlsp_tess-spoc_tess_phot_0000000127511028-s0065_tess_v1_lc.fits,hlsp_tess-spoc_tess_phot_0000000127511028-s0065_tess_v1_lc.fits
414800699,65,mast:HLSP/tess-spoc/s0065/target/0000/0004/1480/0699/hlsp_tess-spoc_tess_phot_0000000414800699-s0065_tess_v1_lc.fits,hlsp_tess-spoc_tess_phot_0000000414800699-s0065_tess_v1_lc.fits
425027401,80,mast:HLSP/tess-spoc/s0080/target/0000/0004/2502/7401/hlsp_tess-spoc_tess_phot_0000000425027401-s0080_tess_v1_lc.fits,hlsp_tess-spoc_tess_phot_0000000425027401-s0080_tess_v1_lc.fits
338403257,64,mast:HLSP/tess-spoc/s0064/target/0000/0003/3840/3257/hlsp_tess-spoc_tess_phot_0000000338403257-s0064_tess_v1_lc.fits,hlsp_tess-spoc_tess_phot_0000000338403257-s0064_tess_v1_lc.fits
308323947,80,mast:HLSP/tess-spoc/s0080/target/0000/0003/0832/3947/hlsp_tess-spoc_tess_phot_0000000308323947-s0080_tess_v1_lc.fits,hlsp_tess-spoc_tess_phot_0000000308323947-s0080_tess_v1_lc.fits
77397614,65,mast:HLSP/tess-spoc/s0065/target/0000/0000/7739/7614/hlsp_tess-spoc_tess_phot_0000000077397614-s0065_tess_v1_lc.fits,hlsp_tess-spoc_tess_phot_0000000077397614-s0065_tess_v1_lc.fits
215458656,65,mast:HLSP/tess-spoc/s0065/target/0000/0002/1545/8656/hlsp_tess-spoc_tess_phot_0000000215458656-s0065_tess_v1_lc.fits,hlsp_tess-spoc_tess_phot_0000000215458656-s0065_tess_v1_lc.fits
14995923,80,mast:HLSP/tess-spoc/s0080/target/0000/0000/1499/5923/hlsp_tess-spoc_tess_phot_0000000014995923-s0080_tess_v1_lc.fits,hlsp_tess-spoc_tess_phot_0000000014995923-s0080_tess_v1_lc.fits
433485888,80,mast:HLSP/tess-spoc/s0080/target/0000/0004/3348/5888/hlsp_tess-spoc_tess_phot_0000000433485888-s0080_tess_v1_lc.fits,hlsp_tess-spoc_tess_phot_0000000433485888-s0080_tess_v1_lc.fits
412942997,64,mast:HLSP/tess-spoc/s0064/target/0000/0004/1294/2997/hlsp_tess-spoc_tess_phot_0000000412942997-s0064_tess_v1_lc.fits,hlsp_tess-spoc_tess_phot_0000000412942997-s0064_tess_v1_lc.fits
412942997,65,mast:HLSP/tess-spoc/s0065/target/0000/0004/1294/2997/hlsp_tess-spoc_tess_phot_0000000412942997-s0065_tess_v1_lc.fits,hlsp_tess-spoc_tess_phot_0000000412942997-s0065_tess_v1_lc.fits
111767235,66,mast:HLSP/tess-spoc/s0066/target/0000/0001/1176/7235/hlsp_tess-spoc_tess_phot_0000000111767235-s0066_tess_v1_lc.fits,hlsp_tess-spoc_tess_phot_0000000111767235-s0066_tess_v1_lc.fits
55422604,80,mast:HLSP/tess-spoc/s0080/target/0000/0000/5542/2604/hlsp_tess-spoc_tess_phot_0000000055422604-s0080_tess_v1_lc.fits,hlsp_tess-spoc_tess_phot_0000000055422604-s0080_tess_v1_lc.fits
205471209,80,mast:HLSP/tess-spoc/s0080/target/0000/0002/0547/1209/hlsp_tess-spoc_tess_phot_0000000205471209-s0080_tess_v1_lc.fits,hlsp_tess-spoc_tess_phot_0000000205471209-s0080_tess_v1_lc.fits
205471209,81,mast:HLSP/tess-spoc/s0081/target/0000/0002/0547/1209/hlsp_tess-spoc_tess_phot_0000000205471209-s0081_tess_v1_lc.fits,hlsp_tess-spoc_tess_phot_0000000205471209-s0081_tess_v1_lc.fits
436184751,64,mast:HLSP/tess-spoc/s0064/target/0000/0004/3618/4751/hlsp_tess-spoc_tess_phot_0000000436184751-s0064_tess_v1_lc.fits,hlsp_tess-spoc_tess_phot_0000000436184751-s0064_tess_v1_lc.fits
284786771,65,mast:HLSP/tess-spoc/s0065/target/0000/0002/8478/6771/hlsp_tess-spoc_tess_phot_0000000284786771-s0065_tess_v1_lc.fits,hlsp_tess-spoc_tess_phot_0000000284786771-s0065_tess_v1_lc.fits
412283633,65,mast:HLSP/tess-spoc/s0065/target/0000/0004/1228/3633/hlsp_tess-spoc_tess_phot_0000000412283633-s0065_tess_v1_lc.fits,hlsp_tess-spoc_tess_phot_0000000412283633-s0065_tess_v1_lc.fits
197206273,80,mast:HLSP/tess-spoc/s0080/target/0000/0001/9720/6273/hlsp_tess-spoc_tess_phot_0000000197206273-s0080_tess_v1_lc.fits,hlsp_tess-spoc_tess_phot_0000000197206273-s0080_tess_v1_lc.fits
291921999,65,mast:HLSP/tess-spoc/s0065/target/0000/0002/9192/1999/hlsp_tess-spoc_tess_phot_0000000291921999-s0065_tess_v1_lc.fits,hlsp_tess-spoc_tess_phot_0000000291921999-s0065_tess_v1_lc.fits
114075046,80,mast:HLSP/tess-spoc/s0080/target/0000/0001/1407/5046/hlsp_tess-spoc_tess_phot_0000000114075046-s0080_tess_v1_lc.fits,hlsp_tess-spoc_tess_phot_0000000114075046-s0080_tess_v1_lc.fits
182570620,80,mast:HLSP/tess-spoc/s0080/target/0000/0001/8257/0620/hlsp_tess-spoc_tess_phot_0000000182570620-s0080_tess_v1_lc.fits,hlsp_tess-spoc_tess_phot_0000000182570620-s0080_tess_v1_lc.fits
223396808,80,mast:HLSP/tess-spoc/s0080/target/0000/0002/2339/6808/hlsp_tess-spoc_tess_phot_0000000223396808-s0080_tess_v1_lc.fits,hlsp_tess-spoc_tess_phot_0000000223396808-s0080_tess_v1_lc.fits
462367730,63,mast:HLSP/tess-spoc/s0063/target/0000/0004/6236/7730/hlsp_tess-spoc_tess_phot_0000000462367730-s0063_tess_v1_lc.fits,hlsp_tess-spoc_tess_phot_0000000462367730-s0063_tess_v1_lc.fits
468196106,64,mast:HLSP/tess-spoc/s0064/target/0000/0004/6819/6106/hlsp_tess-spoc_tess_phot_0000000468196106-s0064_tess_v1_lc.fits,hlsp_tess-spoc_tess_phot_0000000468196106-s0064_tess_v1_lc.fits
217055503,66,mast:HLSP/tess-spoc/s0066/target/0000/0002/1705/5503/hlsp_tess-spoc_tess_phot_0000000217055503-s0066_tess_v1_lc.fits,hlsp_tess-spoc_tess_phot_0000000217055503-s0066_tess_v1_lc.fits
432521375,80,mast:HLSP/tess-spoc/s0080/target/0000/0004/3252/1375/hlsp_tess-spoc_tess_phot_0000000432521375-s0080_tess_v1_lc.fits,hlsp_tess-spoc_tess_phot_0000000432521375-s0080_tess_v1_lc.fits
145910804,61,mast:HLSP/tess-spoc/s0061/target/0000/0001/4591/0804/hlsp_tess-spoc_tess_phot_0000000145910804-s0061_tess_v1_lc.fits,hlsp_tess-spoc_tess_phot_0000000145910804-s0061_tess_v1_lc.fits
109228659,80,mast:HLSP/tess-spoc/s0080/target/0000/0001/0922/8659/hlsp_tess-spoc_tess_phot_0000000109228659-s0080_tess_v1_lc.fits,hlsp_tess-spoc_tess_phot_0000000109228659-s0080_tess_v1_lc.fits
294853402,62,mast:HLSP/tess-spoc/s0062/target/0000/0002/9485/3402/hlsp_tess-spoc_tess_phot_0000000294853402-s0062_tess_v1_lc.fits,hlsp_tess-spoc_tess_phot_0000000294853402-s0062_tess_v1_lc.fits
294853402,63,mast:HLSP/tess-spoc/s0063/target/0000/0002/9485/3402/hlsp_tess-spoc_tess_phot_0000000294853402-s0063_tess_v1_lc.fits,hlsp_tess-spoc_tess_phot_0000000294853402-s0063_tess_v1_lc.fits
42400484,65,mast:HLSP/tess-spoc/s0065/target/0000/0000/4240/0484/hlsp_tess-spoc_tess_phot_0000000042400484-s0065_tess_v1_lc.fits,hlsp_tess-spoc_tess_phot_0000000042400484-s0065_tess_v1_lc.fits
434150656,64,mast:HLSP/tess-spoc/s0064/target/0000/0004/3415/0656/hlsp_tess-spoc_tess_phot_0000000434150656-s0064_tess_v1_lc.fits,hlsp_tess-spoc_tess_phot_0000000434150656-s0064_tess_v1_lc.fits
436798749,64,mast:HLSP/tess-spoc/s0064/target/0000/0004/3679/8749/hlsp_tess-spoc_tess_phot_0000000436798749-s0064_tess_v1_lc.fits,hlsp_tess-spoc_tess_phot_0000000436798749-s0064_tess_v1_lc.fits
434150656,65,mast:HLSP/tess-spoc/s0065/target/0000/0004/3415/0656/hlsp_tess-spoc_tess_phot_0000000434150656-s0065_tess_v1_lc.fits,hlsp_tess-spoc_tess_phot_0000000434150656-s0065_tess_v1_lc.fits
436798749,65,mast:HLSP/tess-spoc/s0065/target/0000/0004/3679/8749/hlsp_tess-spoc_tess_phot_0000000436798749-s0065_tess_v1_lc.fits,hlsp_tess-spoc_tess_phot_0000000436798749-s0065_tess_v1_lc.fits
315896488,80,mast:HLSP/tess-spoc/s0080/target/0000/0003/1589/6488/hlsp_tess-spoc_tess_phot_0000000315896488-s0080_tess_v1_lc.fits,hlsp_tess-spoc_tess_phot_0000000315896488-s0080_tess_v1_lc.fits
315896488,81,mast:HLSP/tess-spoc/s0081/target/0000/0003/1589/6488/hlsp_tess-spoc_tess_phot_0000000315896488-s0081_tess_v1_lc.fits,hlsp_tess-spoc_tess_phot_0000000315896488-s0081_tess_v1_lc.fits
314530892,66,mast:HLSP/tess-spoc/s0066/target/0000/0003/1453/0892/hlsp_tess-spoc_tess_phot_0000000314530892-s0066_tess_v1_lc.fits,hlsp_tess-spoc_tess_phot_0000000314530892-s0066_tess_v1_lc.fits
108042967,80,mast:HLSP/tess-spoc/s0080/target/0000/0001/0804/2967/hlsp_tess-spoc_tess_phot_0000000108042967-s0080_tess_v1_lc.fits,hlsp_tess-spoc_tess_phot_0000000108042967-s0080_tess_v1_lc.fits
174894413,80,mast:HLSP/tess-spoc/s0080/target/0000/0001/7489/4413/hlsp_tess-spoc_tess_phot_0000000174894413-s0080_tess_v1_lc.fits,hlsp_tess-spoc_tess_phot_0000000174894413-s0080_tess_v1_lc.fits
320289093,65,mast:HLSP/tess-spoc/s0065/target/0000/0003/2028/9093/hlsp_tess-spoc_tess_phot_0000000320289093-s0065_tess_v1_lc.fits,hlsp_tess-spoc_tess_phot_0000000320289093-s0065_tess_v1_lc.fits
329974830,65,mast:HLSP/tess-spoc/s0065/target/0000/0003/2997/4830/hlsp_tess-spoc_tess_phot_0000000329974830-s0065_tess_v1_lc.fits,hlsp_tess-spoc_tess_phot_0000000329974830-s0065_tess_v1_lc.fits
246266155,66,mast:HLSP/tess-spoc/s0066/target/0000/0002/4626/6155/hlsp_tess-spoc_tess_phot_0000000246266155-s0066_tess_v1_lc.fits,hlsp_tess-spoc_tess_phot_0000000246266155-s0066_tess_v1_lc.fits
317242550,64,mast:HLSP/tess-spoc/s0064/target/0000/0003/1724/2550/hlsp_tess-spoc_tess_phot_0000000317242550-s0064_tess_v1_lc.fits,hlsp_tess-spoc_tess_phot_0000000317242550-s0064_tess_v1_lc.fits
456500571,65,mast:HLSP/tess-spoc/s0065/target/0000/0004/5650/0571/hlsp_tess-spoc_tess_phot_0000000456500571-s0065_tess_v1_lc.fits,hlsp_tess-spoc_tess_phot_0000000456500571-s0065_tess_v1_lc.fits
226022150,80,mast:HLSP/tess-spoc/s0080/target/0000/0002/2602/2150/hlsp_tess-spoc_tess_phot_0000000226022150-s0080_tess_v1_lc.fits,hlsp_tess-spoc_tess_phot_0000000226022150-s0080_tess_v1_lc.fits
316144181,65,mast:HLSP/tess-spoc/s0065/target/0000/0003/1614/4181/hlsp_tess-spoc_tess_phot_0000000316144181-s0065_tess_v1_lc.fits,hlsp_tess-spoc_tess_phot_0000000316144181-s0065_tess_v1_lc.fits
320113125,65,mast:HLSP/tess-spoc/s0065/target/0000/0003/2011/3125/hlsp_tess-spoc_tess_phot_0000000320113125-s0065_tess_v1_lc.fits,hlsp_tess-spoc_tess_phot_0000000320113125-s0065_tess_v1_lc.fits
339682865,66,mast:HLSP/tess-spoc/s0066/target/0000/0003/3968/2865/hlsp_tess-spoc_tess_phot_0000000339682865-s0066_tess_v1_lc.fits,hlsp_tess-spoc_tess_phot_0000000339682865-s0066_tess_v1_lc.fits
177003130,80,mast:HLSP/tess-spoc/s0080/target/0000/0001/7700/3130/hlsp_tess-spoc_tess_phot_0000000177003130-s0080_tess_v1_lc.fits,hlsp_tess-spoc_tess_phot_0000000177003130-s0080_tess_v1_lc.fits
316374002,64,mast:HLSP/tess-spoc/s0064/target/0000/0003/1637/4002/hlsp_tess-spoc_tess_phot_0000000316374002-s0064_tess_v1_lc.fits,hlsp_tess-spoc_tess_phot_0000000316374002-s0064_tess_v1_lc.fits
291665040,65,mast:HLSP/tess-spoc/s0065/target/0000/0002/9166/5040/hlsp_tess-spoc_tess_phot_0000000291665040-s0065_tess_v1_lc.fits,hlsp_tess-spoc_tess_phot_0000000291665040-s0065_tess_v1_lc.fits
232989267,66,mast:HLSP/tess-spoc/s0066/target/0000/0002/3298/9267/hlsp_tess-spoc_tess_phot_0000000232989267-s0066_tess_v1_lc.fits,hlsp_tess-spoc_tess_phot_0000000232989267-s0066_tess_v1_lc.fits
385316933,62,mast:HLSP/tess-spoc/s0062/target/0000/0003/8531/6933/hlsp_tess-spoc_tess_phot_0000000385316933-s0062_tess_v1_lc.fits,hlsp_tess-spoc_tess_phot_0000000385316933-s0062_tess_v1_lc.fits
385316933,63,mast:HLSP/tess-spoc/s0063/target/0000/0003/8531/6933/hlsp_tess-spoc_tess_phot_0000000385316933-s0063_tess_v1_lc.fits,hlsp_tess-spoc_tess_phot_0000000385316933-s0063_tess_v1_lc.fits
222834581,80,mast:HLSP/tess-spoc/s0080/target/0000/0002/2283/4581/hlsp_tess-spoc_tess_phot_0000000222834581-s0080_tess_v1_lc.fits,hlsp_tess-spoc_tess_phot_0000000222834581-s0080_tess_v1_lc.fits
415318011,65,mast:HLSP/tess-spoc/s0065/target/0000/0004/1531/8011/hlsp_tess-spoc_tess_phot_0000000415318011-s0065_tess_v1_lc.fits,hlsp_tess-spoc_tess_phot_0000000415318011-s0065_tess_v1_lc.fits
53513831,80,mast:HLSP/tess-spoc/s0080/target/0000/0000/5351/3831/hlsp_tess-spoc_tess_phot_0000000053513831-s0080_tess_v1_lc.fits,hlsp_tess-spoc_tess_phot_0000000053513831-s0080_tess_v1_lc.fits
184887101,80,mast:HLSP/tess-spoc/s0080/target/0000/0001/8488/7101/hlsp_tess-spoc_tess_phot_0000000184887101-s0080_tess_v1_lc.fits,hlsp_tess-spoc_tess_phot_0000000184887101-s0080_tess_v1_lc.fits
108032283,80,mast:HLSP/tess-spoc/s0080/target/0000/0001/0803/2283/hlsp_tess-spoc_tess_phot_0000000108032283-s0080_tess_v1_lc.fits,hlsp_tess-spoc_tess_phot_0000000108032283-s0080_tess_v1_lc.fits
38795499,65,mast:HLSP/tess-spoc/s0065/target/0000/0000/3879/5499/hlsp_tess-spoc_tess_phot_0000000038795499-s0065_tess_v1_lc.fits,hlsp_tess-spoc_tess_phot_0000000038795499-s0065_tess_v1_lc.fits
214968419,80,mast:HLSP/tess-spoc/s0080/target/0000/0002/1496/8419/hlsp_tess-spoc_tess_phot_0000000214968419-s0080_tess_v1_lc.fits,hlsp_tess-spoc_tess_phot_0000000214968419-s0080_tess_v1_lc.fits
330398900,80,mast:HLSP/tess-spoc/s0080/target/0000/0003/3039/8900/hlsp_tess-spoc_tess_phot_0000000330398900-s0080_tess_v1_lc.fits,hlsp_tess-spoc_tess_phot_0000000330398900-s0080_tess_v1_lc.fits
132831652,63,mast:HLSP/tess-spoc/s0063/target/0000/0001/3283/1652/hlsp_tess-spoc_tess_phot_0000000132831652-s0063_tess_v1_lc.fits,hlsp_tess-spoc_tess_phot_0000000132831652-s0063_tess_v1_lc.fits
388957119,66,mast:HLSP/tess-spoc/s0066/target/0000/0003/8895/7119/hlsp_tess-spoc_tess_phot_0000000388957119-s0066_tess_v1_lc.fits,hlsp_tess-spoc_tess_phot_0000000388957119-s0066_tess_v1_lc.fits
197503140,80,mast:HLSP/tess-spoc/s0080/target/0000/0001/9750/3140/hlsp_tess-spoc_tess_phot_0000000197503140-s0080_tess_v1_lc.fits,hlsp_tess-spoc_tess_phot_0000000197503140-s0080_tess_v1_lc.fits
145066202,80,mast:HLSP/tess-spoc/s0080/target/0000/0001/4506/6202/hlsp_tess-spoc_tess_phot_0000000145066202-s0080_tess_v1_lc.fits,hlsp_tess-spoc_tess_phot_0000000145066202-s0080_tess_v1_lc.fits
253171811,64,mast:HLSP/tess-spoc/s0064/target/0000/0002/5317/1811/hlsp_tess-spoc_tess_phot_0000000253171811-s0064_tess_v1_lc.fits,hlsp_tess-spoc_tess_phot_0000000253171811-s0064_tess_v1_lc.fits
253171811,65,mast:HLSP/tess-spoc/s0065/target/0000/0002/5317/1811/hlsp_tess-spoc_tess_phot_0000000253171811-s0065_tess_v1_lc.fits,hlsp_tess-spoc_tess_phot_0000000253171811-s0065_tess_v1_lc.fits
203502010,80,mast:HLSP/tess-spoc/s0080/target/0000/0002/0350/2010/hlsp_tess-spoc_tess_phot_0000000203502010-s0080_tess_v1_lc.fits,hlsp_tess-spoc_tess_phot_0000000203502010-s0080_tess_v1_lc.fits
189603302,65,mast:HLSP/tess-spoc/s0065/target/0000/0001/8960/3302/hlsp_tess-spoc_tess_phot_0000000189603302-s0065_tess_v1_lc.fits,hlsp_tess-spoc_tess_phot_0000000189603302-s0065_tess_v1_lc.fits
410763513,65,mast:HLSP/tess-spoc/s0065/target/0000/0004/1076/3513/hlsp_tess-spoc_tess_phot_0000000410763513-s0065_tess_v1_lc.fits,hlsp_tess-spoc_tess_phot_0000000410763513-s0065_tess_v1_lc.fits
7701400,80,mast:HLSP/tess-spoc/s0080/target/0000/0000/0770/1400/hlsp_tess-spoc_tess_phot_0000000007701400-s0080_tess_v1_lc.fits,hlsp_tess-spoc_tess_phot_0000000007701400-s0080_tess_v1_lc.fits
222600966,80,mast:HLSP/tess-spoc/s0080/target/0000/0002/2260/0966/hlsp_tess-spoc_tess_phot_0000000222600966-s0080_tess_v1_lc.fits,hlsp_tess-spoc_tess_phot_0000000222600966-s0080_tess_v1_lc.fits
340408542,66,mast:HLSP/tess-spoc/s0066/target/0000/0003/4040/8542/hlsp_tess-spoc_tess_phot_0000000340408542-s0066_tess_v1_lc.fits,hlsp_tess-spoc_tess_phot_0000000340408542-s0066_tess_v1_lc.fits
465934567,63,mast:HLSP/tess-spoc/s0063/target/0000/0004/6593/4567/hlsp_tess-spoc_tess_phot_0000000465934567-s0063_tess_v1_lc.fits,hlsp_tess-spoc_tess_phot_0000000465934567-s0063_tess_v1_lc.fits
465934567,64,mast:HLSP/tess-spoc/s0064/target/0000/0004/6593/4567/hlsp_tess-spoc_tess_phot_0000000465934567-s0064_tess_v1_lc.fits,hlsp_tess-spoc_tess_phot_0000000465934567-s0064_tess_v1_lc.fits
41157203,65,mast:HLSP/tess-spoc/s0065/target/0000/0000/4115/7203/hlsp_tess-spoc_tess_phot_0000000041157203-s0065_tess_v1_lc.fits,hlsp_tess-spoc_tess_phot_0000000041157203-s0065_tess_v1_lc.fits
266280127,65,mast:HLSP/tess-spoc/s0065/target/0000/0002/6628/0127/hlsp_tess-spoc_tess_phot_0000000266280127-s0065_tess_v1_lc.fits,hlsp_tess-spoc_tess_phot_0000000266280127-s0065_tess_v1_lc.fits
124595278,66,mast:HLSP/tess-spoc/s0066/target/0000/0001/2459/5278/hlsp_tess-spoc_tess_phot_0000000124595278-s0066_tess_v1_lc.fits,hlsp_tess-spoc_tess_phot_0000000124595278-s0066_tess_v1_lc.fits
324267849,64,mast:HLSP/tess-spoc/s0064/target/0000/0003/2426/7849/hlsp_tess-spoc_tess_phot_0000000324267849-s0064_tess_v1_lc.fits,hlsp_tess-spoc_tess_phot_0000000324267849-s0064_tess_v1_lc.fits
275343874,65,mast:HLSP/tess-spoc/s0065/target/0000/0002/7534/3874/hlsp_tess-spoc_tess_phot_0000000275343874-s0065_tess_v1_lc.fits,hlsp_tess-spoc_tess_phot_0000000275343874-s0065_tess_v1_lc.fits
315181712,65,mast:HLSP/tess-spoc/s0065/target/0000/0003/1518/1712/hlsp_tess-spoc_tess_phot_0000000315181712-s0065_tess_v1_lc.fits,hlsp_tess-spoc_tess_phot_0000000315181712-s0065_tess_v1_lc.fits
19092612,80,mast:HLSP/tess-spoc/s0080/target/0000/0000/1909/2612/hlsp_tess-spoc_tess_phot_0000000019092612-s0080_tess_v1_lc.fits,hlsp_tess-spoc_tess_phot_0000000019092612-s0080_tess_v1_lc.fits
121171141,65,mast:HLSP/tess-spoc/s0065/target/0000/0001/2117/1141/hlsp_tess-spoc_tess_phot_0000000121171141-s0065_tess_v1_lc.fits,hlsp_tess-spoc_tess_phot_0000000121171141-s0065_tess_v1_lc.fits
386336084,80,mast:HLSP/tess-spoc/s0080/target/0000/0003/8633/6084/hlsp_tess-spoc_tess_phot_0000000386336084-s0080_tess_v1_lc.fits,hlsp_tess-spoc_tess_phot_0000000386336084-s0080_tess_v1_lc.fits
436269270,64,mast:HLSP/tess-spoc/s0064/target/0000/0004/3626/9270/hlsp_tess-spoc_tess_phot_0000000436269270-s0064_tess_v1_lc.fits,hlsp_tess-spoc_tess_phot_0000000436269270-s0064_tess_v1_lc.fits
386361381,65,mast:HLSP/tess-spoc/s0065/target/0000/0003/8636/1381/hlsp_tess-spoc_tess_phot_0000000386361381-s0065_tess_v1_lc.fits,hlsp_tess-spoc_tess_phot_0000000386361381-s0065_tess_v1_lc.fits
227370111,66,mast:HLSP/tess-spoc/s0066/target/0000/0002/2737/0111/hlsp_tess-spoc_tess_phot_0000000227370111-s0066_tess_v1_lc.fits,hlsp_tess-spoc_tess_phot_0000000227370111-s0066_tess_v1_lc.fits
43938393,66,mast:HLSP/tess-spoc/s0066/target/0000/0000/4393/8393/hlsp_tess-spoc_tess_phot_0000000043938393-s0066_tess_v1_lc.fits,hlsp_tess-spoc_tess_phot_0000000043938393-s0066_tess_v1_lc.fits
14996249,80,mast:HLSP/tess-spoc/s0080/target/0000/0000/1499/6249/hlsp_tess-spoc_tess_phot_0000000014996249-s0080_tess_v1_lc.fits,hlsp_tess-spoc_tess_phot_0000000014996249-s0080_tess_v1_lc.fits
256810006,64,mast:HLSP/tess-spoc/s0064/target/0000/0002/5681/0006/hlsp_tess-spoc_tess_phot_0000000256810006-s0064_tess_v1_lc.fits,hlsp_tess-spoc_tess_phot_0000000256810006-s0064_tess_v1_lc.fits
256810006,65,mast:HLSP/tess-spoc/s0065/target/0000/0002/5681/0006/hlsp_tess-spoc_tess_phot_0000000256810006-s0065_tess_v1_lc.fits,hlsp_tess-spoc_tess_phot_0000000256810006-s0065_tess_v1_lc.fits
379855669,66,mast:HLSP/tess-spoc/s0066/target/0000/0003/7985/5669/hlsp_tess-spoc_tess_phot_0000000379855669-s0066_tess_v1_lc.fits,hlsp_tess-spoc_tess_phot_0000000379855669-s0066_tess_v1_lc.fits
183375473,80,mast:HLSP/tess-spoc/s0080/target/0000/0001/8337/5473/hlsp_tess-spoc_tess_phot_0000000183375473-s0080_tess_v1_lc.fits,hlsp_tess-spoc_tess_phot_0000000183375473-s0080_tess_v1_lc.fits
410760844,65,mast:HLSP/tess-spoc/s0065/target/0000/0004/1076/0844/hlsp_tess-spoc_tess_phot_0000000410760844-s0065_tess_v1_lc.fits,hlsp_tess-spoc_tess_phot_0000000410760844-s0065_tess_v1_lc.fits
107822248,66,mast:HLSP/tess-spoc/s0066/target/0000/0001/0782/2248/hlsp_tess-spoc_tess_phot_0000000107822248-s0066_tess_v1_lc.fits,hlsp_tess-spoc_tess_phot_0000000107822248-s0066_tess_v1_lc.fits
466950482,64,mast:HLSP/tess-spoc/s0064/target/0000/0004/6695/0482/hlsp_tess-spoc_tess_phot_0000000466950482-s0064_tess_v1_lc.fits,hlsp_tess-spoc_tess_phot_0000000466950482-s0064_tess_v1_lc.fits
403167619,65,mast:HLSP/tess-spoc/s0065/target/0000/0004/0316/7619/hlsp_tess-spoc_tess_phot_0000000403167619-s0065_tess_v1_lc.fits,hlsp_tess-spoc_tess_phot_0000000403167619-s0065_tess_v1_lc.fits
11412029,66,mast:HLSP/tess-spoc/s0066/target/0000/0000/1141/2029/hlsp_tess-spoc_tess_phot_0000000011412029-s0066_tess_v1_lc.fits,hlsp_tess-spoc_tess_phot_0000000011412029-s0066_tess_v1_lc.fits
201196281,66,mast:HLSP/tess-spoc/s0066/target/0000/0002/0119/6281/hlsp_tess-spoc_tess_phot_0000000201196281-s0066_tess_v1_lc.fits,hlsp_tess-spoc_tess_phot_0000000201196281-s0066_tess_v1_lc.fits
164484925,80,mast:HLSP/tess-spoc/s0080/target/0000/0001/6448/4925/hlsp_tess-spoc_tess_phot_0000000164484925-s0080_tess_v1_lc.fits,hlsp_tess-spoc_tess_phot_0000000164484925-s0080_tess_v1_lc.fits
222574861,80,mast:HLSP/tess-spoc/s0080/target/0000/0002/2257/4861/hlsp_tess-spoc_tess_phot_0000000222574861-s0080_tess_v1_lc.fits,hlsp_tess-spoc_tess_phot_0000000222574861-s0080_tess_v1_lc.fits
122317311,66,mast:HLSP/tess-spoc/s0066/target/0000/0001/2231/7311/hlsp_tess-spoc_tess_phot_0000000122317311-s0066_tess_v1_lc.fits,hlsp_tess-spoc_tess_phot_0000000122317311-s0066_tess_v1_lc.fits
108675298,80,mast:HLSP/tess-spoc/s0080/target/0000/0001/0867/5298/hlsp_tess-spoc_tess_phot_0000000108675298-s0080_tess_v1_lc.fits,hlsp_tess-spoc_tess_phot_0000000108675298-s0080_tess_v1_lc.fits
307352908,80,mast:HLSP/tess-spoc/s0080/target/0000/0003/0735/2908/hlsp_tess-spoc_tess_phot_0000000307352908-s0080_tess_v1_lc.fits,hlsp_tess-spoc_tess_phot_0000000307352908-s0080_tess_v1_lc.fits
450574154,64,mast:HLSP/tess-spoc/s0064/target/0000/0004/5057/4154/hlsp_tess-spoc_tess_phot_0000000450574154-s0064_tess_v1_lc.fits,hlsp_tess-spoc_tess_phot_0000000450574154-s0064_tess_v1_lc.fits
450574154,65,mast:HLSP/tess-spoc/s0065/target/0000/0004/5057/4154/hlsp_tess-spoc_tess_phot_0000000450574154-s0065_tess_v1_lc.fits,hlsp_tess-spoc_tess_phot_0000000450574154-s0065_tess_v1_lc.fits
210825034,80,mast:HLSP/tess-spoc/s0080/target/0000/0002/1082/5034/hlsp_tess-spoc_tess_phot_0000000210825034-s0080_tess_v1_lc.fits,hlsp_tess-spoc_tess_phot_0000000210825034-s0080_tess_v1_lc.fits
412709621,64,mast:HLSP/tess-spoc/s0064/target/0000/0004/1270/9621/hlsp_tess-spoc_tess_phot_0000000412709621-s0064_tess_v1_lc.fits,hlsp_tess-spoc_tess_phot_0000000412709621-s0064_tess_v1_lc.fits
414494752,65,mast:HLSP/tess-spoc/s0065/target/0000/0004/1449/4752/hlsp_tess-spoc_tess_phot_0000000414494752-s0065_tess_v1_lc.fits,hlsp_tess-spoc_tess_phot_0000000414494752-s0065_tess_v1_lc.fits
146287245,80,mast:HLSP/tess-spoc/s0080/target/0000/0001/4628/7245/hlsp_tess-spoc_tess_phot_0000000146287245-s0080_tess_v1_lc.fits,hlsp_tess-spoc_tess_phot_0000000146287245-s0080_tess_v1_lc.fits
15105353,80,mast:HLSP/tess-spoc/s0080/target/0000/0000/1510/5353/hlsp_tess-spoc_tess_phot_0000000015105353-s0080_tess_v1_lc.fits,hlsp_tess-spoc_tess_phot_0000000015105353-s0080_tess_v1_lc.fits
233549723,66,mast:HLSP/tess-spoc/s0066/target/0000/0002/3354/9723/hlsp_tess-spoc_tess_phot_0000000233549723-s0066_tess_v1_lc.fits,hlsp_tess-spoc_tess_phot_0000000233549723-s0066_tess_v1_lc.fits
57321068,80,mast:HLSP/tess-spoc/s0080/target/0000/0000/5732/1068/hlsp_tess-spoc_tess_phot_0000000057321068-s0080_tess_v1_lc.fits,hlsp_tess-spoc_tess_phot_0000000057321068-s0080_tess_v1_lc.fits
89583005,65,mast:HLSP/tess-spoc/s0065/target/0000/0000/8958/3005/hlsp_tess-spoc_tess_phot_0000000089583005-s0065_tess_v1_lc.fits,hlsp_tess-spoc_tess_phot_0000000089583005-s0065_tess_v1_lc.fits
412039863,65,mast:HLSP/tess-spoc/s0065/target/0000/0004/1203/9863/hlsp_tess-spoc_tess_phot_0000000412039863-s0065_tess_v1_lc.fits,hlsp_tess-spoc_tess_phot_0000000412039863-s0065_tess_v1_lc.fits
440409759,64,mast:HLSP/tess-spoc/s0064/target/0000/0004/4040/9759/hlsp_tess-spoc_tess_phot_0000000440409759-s0064_tess_v1_lc.fits,hlsp_tess-spoc_tess_phot_0000000440409759-s0064_tess_v1_lc.fits
440409759,65,mast:HLSP/tess-spoc/s0065/target/0000/0004/4040/9759/hlsp_tess-spoc_tess_phot_0000000440409759-s0065_tess_v1_lc.fits,hlsp_tess-spoc_tess_phot_0000000440409759-s0065_tess_v1_lc.fits
424458398,80,mast:HLSP/tess-spoc/s0080/target/0000/0004/2445/8398/hlsp_tess-spoc_tess_phot_0000000424458398-s0080_tess_v1_lc.fits,hlsp_tess-spoc_tess_phot_0000000424458398-s0080_tess_v1_lc.fits
231355743,66,mast:HLSP/tess-spoc/s0066/target/0000/0002/3135/5743/hlsp_tess-spoc_tess_phot_0000000231355743-s0066_tess_v1_lc.fits,hlsp_tess-spoc_tess_phot_0000000231355743-s0066_tess_v1_lc.fits
329038095,80,mast:HLSP/tess-spoc/s0080/target/0000/0003/2903/8095/hlsp_tess-spoc_tess_phot_0000000329038095-s0080_tess_v1_lc.fits,hlsp_tess-spoc_tess_phot_0000000329038095-s0080_tess_v1_lc.fits
215655151,65,mast:HLSP/tess-spoc/s0065/target/0000/0002/1565/5151/hlsp_tess-spoc_tess_phot_0000000215655151-s0065_tess_v1_lc.fits,hlsp_tess-spoc_tess_phot_0000000215655151-s0065_tess_v1_lc.fits
113313163,80,mast:HLSP/tess-spoc/s0080/target/0000/0001/1331/3163/hlsp_tess-spoc_tess_phot_0000000113313163-s0080_tess_v1_lc.fits,hlsp_tess-spoc_tess_phot_0000000113313163-s0080_tess_v1_lc.fits
203971493,80,mast:HLSP/tess-spoc/s0080/target/0000/0002/0397/1493/hlsp_tess-spoc_tess_phot_0000000203971493-s0080_tess_v1_lc.fits,hlsp_tess-spoc_tess_phot_0000000203971493-s0080_tess_v1_lc.fits
225523093,80,mast:HLSP/tess-spoc/s0080/target/0000/0002/2552/3093/hlsp_tess-spoc_tess_phot_0000000225523093-s0080_tess_v1_lc.fits,hlsp_tess-spoc_tess_phot_0000000225523093-s0080_tess_v1_lc.fits
432447924,80,mast:HLSP/tess-spoc/s0080/target/0000/0004/3244/7924/hlsp_tess-spoc_tess_phot_0000000432447924-s0080_tess_v1_lc.fits,hlsp_tess-spoc_tess_phot_0000000432447924-s0080_tess_v1_lc.fits
30742613,62,mast:HLSP/tess-spoc/s0062/target/0000/0000/3074/2613/hlsp_tess-spoc_tess_phot_0000000030742613-s0062_tess_v1_lc.fits,hlsp_tess-spoc_tess_phot_0000000030742613-s0062_tess_v1_lc.fits
462747386,63,mast:HLSP/tess-spoc/s0063/target/0000/0004/6274/7386/hlsp_tess-spoc_tess_phot_0000000462747386-s0063_tess_v1_lc.fits,hlsp_tess-spoc_tess_phot_0000000462747386-s0063_tess_v1_lc.fits
462747386,64,mast:HLSP/tess-spoc/s0064/target/0000/0004/6274/7386/hlsp_tess-spoc_tess_phot_0000000462747386-s0064_tess_v1_lc.fits,hlsp_tess-spoc_tess_phot_0000000462747386-s0064_tess_v1_lc.fits
122642932,66,mast:HLSP/tess-spoc/s0066/target/0000/0001/2264/2932/hlsp_tess-spoc_tess_phot_0000000122642932-s0066_tess_v1_lc.fits,hlsp_tess-spoc_tess_phot_0000000122642932-s0066_tess_v1_lc.fits
211007462,80,mast:HLSP/tess-spoc/s0080/target/0000/0002/1100/7462/hlsp_tess-spoc_tess_phot_0000000211007462-s0080_tess_v1_lc.fits,hlsp_tess-spoc_tess_phot_0000000211007462-s0080_tess_v1_lc.fits
451689639,80,mast:HLSP/tess-spoc/s0080/target/0000/0004/5168/9639/hlsp_tess-spoc_tess_phot_0000000451689639-s0080_tess_v1_lc.fits,hlsp_tess-spoc_tess_phot_0000000451689639-s0080_tess_v1_lc.fits
451689639,81,mast:HLSP/tess-spoc/s0081/target/0000/0004/5168/9639/hlsp_tess-spoc_tess_phot_0000000451689639-s0081_tess_v1_lc.fits,hlsp_tess-spoc_tess_phot_0000000451689639-s0081_tess_v1_lc.fits
53115810,61,mast:HLSP/tess-spoc/s0061/target/0000/0000/5311/5810/hlsp_tess-spoc_tess_phot_0000000053115810-s0061_tess_v1_lc.fits,hlsp_tess-spoc_tess_phot_0000000053115810-s0061_tess_v1_lc.fits
53115810,62,mast:HLSP/tess-spoc/s0062/target/0000/0000/5311/5810/hlsp_tess-spoc_tess_phot_0000000053115810-s0062_tess_v1_lc.fits,hlsp_tess-spoc_tess_phot_0000000053115810-s0062_tess_v1_lc.fits
89167929,65,mast:HLSP/tess-spoc/s0065/target/0000/0000/8916/7929/hlsp_tess-spoc_tess_phot_0000000089167929-s0065_tess_v1_lc.fits,hlsp_tess-spoc_tess_phot_0000000089167929-s0065_tess_v1_lc.fits
436914892,64,mast:HLSP/tess-spoc/s0064/target/0000/0004/3691/4892/hlsp_tess-spoc_tess_phot_0000000436914892-s0064_tess_v1_lc.fits,hlsp_tess-spoc_tess_phot_0000000436914892-s0064_tess_v1_lc.fits
381308940,65,mast:HLSP/tess-spoc/s0065/target/0000/0003/8130/8940/hlsp_tess-spoc_tess_phot_0000000381308940-s0065_tess_v1_lc.fits,hlsp_tess-spoc_tess_phot_0000000381308940-s0065_tess_v1_lc.fits
436914892,65,mast:HLSP/tess-spoc/s0065/target/0000/0004/3691/4892/hlsp_tess-spoc_tess_phot_0000000436914892-s0065_tess_v1_lc.fits,hlsp_tess-spoc_tess_phot_0000000436914892-s0065_tess_v1_lc.fits
54439598,80,mast:HLSP/tess-spoc/s0080/target/0000/0000/5443/9598/hlsp_tess-spoc_tess_phot_0000000054439598-s0080_tess_v1_lc.fits,hlsp_tess-spoc_tess_phot_0000000054439598-s0080_tess_v1_lc.fits
226151650,80,mast:HLSP/tess-spoc/s0080/target/0000/0002/2615/1650/hlsp_tess-spoc_tess_phot_0000000226151650-s0080_tess_v1_lc.fits,hlsp_tess-spoc_tess_phot_0000000226151650-s0080_tess_v1_lc.fits
448119334,63,mast:HLSP/tess-spoc/s0063/target/0000/0004/4811/9334/hlsp_tess-spoc_tess_phot_0000000448119334-s0063_tess_v1_lc.fits,hlsp_tess-spoc_tess_phot_0000000448119334-s0063_tess_v1_lc.fits
448119334,64,mast:HLSP/tess-spoc/s0064/target/0000/0004/4811/9334/hlsp_tess-spoc_tess_phot_0000000448119334-s0064_tess_v1_lc.fits,hlsp_tess-spoc_tess_phot_0000000448119334-s0064_tess_v1_lc.fits
464941222,65,mast:HLSP/tess-spoc/s0065/target/0000/0004/6494/1222/hlsp_tess-spoc_tess_phot_0000000464941222-s0065_tess_v1_lc.fits,hlsp_tess-spoc_tess_phot_0000000464941222-s0065_tess_v1_lc.fits
364891918,64,mast:HLSP/tess-spoc/s0064/target/0000/0003/6489/1918/hlsp_tess-spoc_tess_phot_0000000364891918-s0064_tess_v1_lc.fits,hlsp_tess-spoc_tess_phot_0000000364891918-s0064_tess_v1_lc.fits
46078786,65,mast:HLSP/tess-spoc/s0065/target/0000/0000/4607/8786/hlsp_tess-spoc_tess_phot_0000000046078786-s0065_tess_v1_lc.fits,hlsp_tess-spoc_tess_phot_0000000046078786-s0065_tess_v1_lc.fits
364891918,65,mast:HLSP/tess-spoc/s0065/target/0000/0003/6489/1918/hlsp_tess-spoc_tess_phot_0000000364891918-s0065_tess_v1_lc.fits,hlsp_tess-spoc_tess_phot_0000000364891918-s0065_tess_v1_lc.fits
212516994,66,mast:HLSP/tess-spoc/s0066/target/0000/0002/1251/6994/hlsp_tess-spoc_tess_phot_0000000212516994-s0066_tess_v1_lc.fits,hlsp_tess-spoc_tess_phot_0000000212516994-s0066_tess_v1_lc.fits
463934128,66,mast:HLSP/tess-spoc/s0066/target/0000/0004/6393/4128/hlsp_tess-spoc_tess_phot_0000000463934128-s0066_tess_v1_lc.fits,hlsp_tess-spoc_tess_phot_0000000463934128-s0066_tess_v1_lc.fits
107316388,66,mast:HLSP/tess-spoc/s0066/target/0000/0001/0731/6388/hlsp_tess-spoc_tess_phot_0000000107316388-s0066_tess_v1_lc.fits,hlsp_tess-spoc_tess_phot_0000000107316388-s0066_tess_v1_lc.fits
5430237,80,mast:HLSP/tess-spoc/s0080/target/0000/0000/0543/0237/hlsp_tess-spoc_tess_phot_0000000005430237-s0080_tess_v1_lc.fits,hlsp_tess-spoc_tess_phot_0000000005430237-s0080_tess_v1_lc.fits
30464794,61,mast:HLSP/tess-spoc/s0061/target/0000/0000/3046/4794/hlsp_tess-spoc_tess_phot_0000000030464794-s0061_tess_v1_lc.fits,hlsp_tess-spoc_tess_phot_0000000030464794-s0061_tess_v1_lc.fits
30464794,62,mast:HLSP/tess-spoc/s0062/target/0000/0000/3046/4794/hlsp_tess-spoc_tess_phot_0000000030464794-s0062_tess_v1_lc.fits,hlsp_tess-spoc_tess_phot_0000000030464794-s0062_tess_v1_lc.fits
30464794,63,mast:HLSP/tess-spoc/s0063/target/0000/0000/3046/4794/hlsp_tess-spoc_tess_phot_0000000030464794-s0063_tess_v1_lc.fits,hlsp_tess-spoc_tess_phot_0000000030464794-s0063_tess_v1_lc.fits
30464794,64,mast:HLSP/tess-spoc/s0064/target/0000/0000/3046/4794/hlsp_tess-spoc_tess_phot_0000000030464794-s0064_tess_v1_lc.fits,hlsp_tess-spoc_tess_phot_0000000030464794-s0064_tess_v1_lc.fits
30464794,65,mast:HLSP/tess-spoc/s0065/target/0000/0000/3046/4794/hlsp_tess-spoc_tess_phot_0000000030464794-s0065_tess_v1_lc.fits,hlsp_tess-spoc_tess_phot_0000000030464794-s0065_tess_v1_lc.fits
30464794,68,mast:HLSP/tess-spoc/s0068/target/0000/0000/3046/4794/hlsp_tess-spoc_tess_phot_0000000030464794-s0068_tess_v1_lc.fits,hlsp_tess-spoc_tess_phot_0000000030464794-s0068_tess_v1_lc.fits
165039801,65,mast:HLSP/tess-spoc/s0065/target/0000/0001/6503/9801/hlsp_tess-spoc_tess_phot_0000000165039801-s0065_tess_v1_lc.fits,hlsp_tess-spoc_tess_phot_0000000165039801-s0065_tess_v1_lc.fits
223075530,80,mast:HLSP/tess-spoc/s0080/target/0000/0002/2307/5530/hlsp_tess-spoc_tess_phot_0000000223075530-s0080_tess_v1_lc.fits,hlsp_tess-spoc_tess_phot_0000000223075530-s0080_tess_v1_lc.fits
363430458,80,mast:HLSP/tess-spoc/s0080/target/0000/0003/6343/0458/hlsp_tess-spoc_tess_phot_0000000363430458-s0080_tess_v1_lc.fits,hlsp_tess-spoc_tess_phot_0000000363430458-s0080_tess_v1_lc.fits
276260170,65,mast:HLSP/tess-spoc/s0065/target/0000/0002/7626/0170/hlsp_tess-spoc_tess_phot_0000000276260170-s0065_tess_v1_lc.fits,hlsp_tess-spoc_tess_phot_0000000276260170-s0065_tess_v1_lc.fits
413291690,65,mast:HLSP/tess-spoc/s0065/target/0000/0004/1329/1690/hlsp_tess-spoc_tess_phot_0000000413291690-s0065_tess_v1_lc.fits,hlsp_tess-spoc_tess_phot_0000000413291690-s0065_tess_v1_lc.fits
103015807,66,mast:HLSP/tess-spoc/s0066/target/0000/0001/0301/5807/hlsp_tess-spoc_tess_phot_0000000103015807-s0066_tess_v1_lc.fits,hlsp_tess-spoc_tess_phot_0000000103015807-s0066_tess_v1_lc.fits
409578786,65,mast:HLSP/tess-spoc/s0065/target/0000/0004/0957/8786/hlsp_tess-spoc_tess_phot_0000000409578786-s0065_tess_v1_lc.fits,hlsp_tess-spoc_tess_phot_0000000409578786-s0065_tess_v1_lc.fits
149060456,27,mast:HLSP/tess-spoc/s0027/target/0000/0001/4906/0456/hlsp_tess-spoc_tess_phot_0000000149060456-s0027_tess_v1_lc.fits,hlsp_tess-spoc_tess_phot_0000000149060456-s0027_tess_v1_lc.fits
149060456,28,mast:HLSP/tess-spoc/s0028/target/0000/0001/4906/0456/hlsp_tess-spoc_tess_phot_0000000149060456-s0028_tess_v1_lc.fits,hlsp_tess-spoc_tess_phot_0000000149060456-s0028_tess_v1_lc.fits
149060456,29,mast:HLSP/tess-spoc/s0029/target/0000/0001/4906/0456/hlsp_tess-spoc_tess_phot_0000000149060456-s0029_tess_v1_lc.fits,hlsp_tess-spoc_tess_phot_0000000149060456-s0029_tess_v1_lc.fits
149060456,30,mast:HLSP/tess-spoc/s0030/target/0000/0001/4906/0456/hlsp_tess-spoc_tess_phot_0000000149060456-s0030_tess_v1_lc.fits,hlsp_tess-spoc_tess_phot_0000000149060456-s0030_tess_v1_lc.fits
149060456,35,mast:HLSP/tess-spoc/s0035/target/0000/0001/4906/0456/hlsp_tess-spoc_tess_phot_0000000149060456-s0035_tess_v1_lc.fits,hlsp_tess-spoc_tess_phot_0000000149060456-s0035_tess_v1_lc.fits
149060456,36,mast:HLSP/tess-spoc/s0036/target/0000/0001/4906/0456/hlsp_tess-spoc_tess_phot_0000000149060456-s0036_tess_v1_lc.fits,hlsp_tess-spoc_tess_phot_0000000149060456-s0036_tess_v1_lc.fits
149060456,37,mast:HLSP/tess-spoc/s0037/target/0000/0001/4906/0456/hlsp_tess-spoc_tess_phot_0000000149060456-s0037_tess_v1_lc.fits,hlsp_tess-spoc_tess_phot_0000000149060456-s0037_tess_v1_lc.fits
149060456,38,mast:HLSP/tess-spoc/s0038/target/0000/0001/4906/0456/hlsp_tess-spoc_tess_phot_0000000149060456-s0038_tess_v1_lc.fits,hlsp_tess-spoc_tess_phot_0000000149060456-s0038_tess_v1_lc.fits
149060456,39,mast:HLSP/tess-spoc/s0039/target/0000/0001/4906/0456/hlsp_tess-spoc_tess_phot_0000000149060456-s0039_tess_v1_lc.fits,hlsp_tess-spoc_tess_phot_0000000149060456-s0039_tess_v1_lc.fits
389435568,61,mast:HLSP/tess-spoc/s0061/target/0000/0003/8943/5568/hlsp_tess-spoc_tess_phot_0000000389435568-s0061_tess_v1_lc.fits,hlsp_tess-spoc_tess_phot_0000000389435568-s0061_tess_v1_lc.fits
389435568,62,mast:HLSP/tess-spoc/s0062/target/0000/0003/8943/5568/hlsp_tess-spoc_tess_phot_0000000389435568-s0062_tess_v1_lc.fits,hlsp_tess-spoc_tess_phot_0000000389435568-s0062_tess_v1_lc.fits
389435568,64,mast:HLSP/tess-spoc/s0064/target/0000/0003/8943/5568/hlsp_tess-spoc_tess_phot_0000000389435568-s0064_tess_v1_lc.fits,hlsp_tess-spoc_tess_phot_0000000389435568-s0064_tess_v1_lc.fits
389435568,65,mast:HLSP/tess-spoc/s0065/target/0000/0003/8943/5568/hlsp_tess-spoc_tess_phot_0000000389435568-s0065_tess_v1_lc.fits,hlsp_tess-spoc_tess_phot_0000000389435568-s0065_tess_v1_lc.fits
389435568,68,mast:HLSP/tess-spoc/s0068/target/0000/0003/8943/5568/hlsp_tess-spoc_tess_phot_0000000389435568-s0068_tess_v1_lc.fits,hlsp_tess-spoc_tess_phot_0000000389435568-s0068_tess_v1_lc.fits
389435568,69,mast:HLSP/tess-spoc/s0069/target/0000/0003/8943/5568/hlsp_tess-spoc_tess_phot_0000000389435568-s0069_tess_v1_lc.fits,hlsp_tess-spoc_tess_phot_0000000389435568-s0069_tess_v1_lc.fits
389435568,66,mast:HLSP/tess-spoc/s0066/target/0000/0003/8943/5568/hlsp_tess-spoc_tess_phot_0000000389435568-s0066_tess_v1_lc.fits,hlsp_tess-spoc_tess_phot_0000000389435568-s0066_tess_v1_lc.fits
34021996,66,mast:HLSP/tess-spoc/s0066/target/0000/0000/3402/1996/hlsp_tess-spoc_tess_phot_0000000034021996-s0066_tess_v1_lc.fits,hlsp_tess-spoc_tess_phot_0000000034021996-s0066_tess_v1_lc.fits
442704605,64,mast:HLSP/tess-spoc/s0064/target/0000/0004/4270/4605/hlsp_tess-spoc_tess_phot_0000000442704605-s0064_tess_v1_lc.fits,hlsp_tess-spoc_tess_phot_0000000442704605-s0064_tess_v1_lc.fits
263460393,66,mast:HLSP/tess-spoc/s0066/target/0000/0002/6346/0393/hlsp_tess-spoc_tess_phot_0000000263460393-s0066_tess_v1_lc.fits,hlsp_tess-spoc_tess_phot_0000000263460393-s0066_tess_v1_lc.fits
438430785,71,mast:HLSP/tess-spoc/s0071/target/0000/0004/3843/0785/hlsp_tess-spoc_tess_phot_0000000438430785-s0071_tess_v1_lc.fits,hlsp_tess-spoc_tess_phot_0000000438430785-s0071_tess_v1_lc.fits
438430785,72,mast:HLSP/tess-spoc/s0072/target/0000/0004/3843/0785/hlsp_tess-spoc_tess_phot_0000000438430785-s0072_tess_v1_lc.fits,hlsp_tess-spoc_tess_phot_0000000438430785-s0072_tess_v1_lc.fits
176626644,80,mast:HLSP/tess-spoc/s0080/target/0000/0001/7662/6644/hlsp_tess-spoc_tess_phot_0000000176626644-s0080_tess_v1_lc.fits,hlsp_tess-spoc_tess_phot_0000000176626644-s0080_tess_v1_lc.fits
284255666,65,mast:HLSP/tess-spoc/s0065/target/0000/0002/8425/5666/hlsp_tess-spoc_tess_phot_0000000284255666-s0065_tess_v1_lc.fits,hlsp_tess-spoc_tess_phot_0000000284255666-s0065_tess_v1_lc.fits
346827614,66,mast:HLSP/tess-spoc/s0066/target/0000/0003/4682/7614/hlsp_tess-spoc_tess_phot_0000000346827614-s0066_tess_v1_lc.fits,hlsp_tess-spoc_tess_phot_0000000346827614-s0066_tess_v1_lc.fits
179393078,64,mast:HLSP/tess-spoc/s0064/target/0000/0001/7939/3078/hlsp_tess-spoc_tess_phot_0000000179393078-s0064_tess_v1_lc.fits,hlsp_tess-spoc_tess_phot_0000000179393078-s0064_tess_v1_lc.fits
424455886,80,mast:HLSP/tess-spoc/s0080/target/0000/0004/2445/5886/hlsp_tess-spoc_tess_phot_0000000424455886-s0080_tess_v1_lc.fits,hlsp_tess-spoc_tess_phot_0000000424455886-s0080_tess_v1_lc.fits
401635303,65,mast:HLSP/tess-spoc/s0065/target/0000/0004/0163/5303/hlsp_tess-spoc_tess_phot_0000000401635303-s0065_tess_v1_lc.fits,hlsp_tess-spoc_tess_phot_0000000401635303-s0065_tess_v1_lc.fits
19986714,80,mast:HLSP/tess-spoc/s0080/target/0000/0000/1998/6714/hlsp_tess-spoc_tess_phot_0000000019986714-s0080_tess_v1_lc.fits,hlsp_tess-spoc_tess_phot_0000000019986714-s0080_tess_v1_lc.fits
441979693,64,mast:HLSP/tess-spoc/s0064/target/0000/0004/4197/9693/hlsp_tess-spoc_tess_phot_0000000441979693-s0064_tess_v1_lc.fits,hlsp_tess-spoc_tess_phot_0000000441979693-s0064_tess_v1_lc.fits
441979693,65,mast:HLSP/tess-spoc/s0065/target/0000/0004/4197/9693/hlsp_tess-spoc_tess_phot_0000000441979693-s0065_tess_v1_lc.fits,hlsp_tess-spoc_tess_phot_0000000441979693-s0065_tess_v1_lc.fits
47841111,66,mast:HLSP/tess-spoc/s0066/target/0000/0000/4784/1111/hlsp_tess-spoc_tess_phot_0000000047841111-s0066_tess_v1_lc.fits,hlsp_tess-spoc_tess_phot_0000000047841111-s0066_tess_v1_lc.fits
182353279,80,mast:HLSP/tess-spoc/s0080/target/0000/0001/8235/3279/hlsp_tess-spoc_tess_phot_0000000182353279-s0080_tess_v1_lc.fits,hlsp_tess-spoc_tess_phot_0000000182353279-s0080_tess_v1_lc.fits
213899713,80,mast:HLSP/tess-spoc/s0080/target/0000/0002/1389/9713/hlsp_tess-spoc_tess_phot_0000000213899713-s0080_tess_v1_lc.fits,hlsp_tess-spoc_tess_phot_0000000213899713-s0080_tess_v1_lc.fits
401626922,65,mast:HLSP/tess-spoc/s0065/target/0000/0004/0162/6922/hlsp_tess-spoc_tess_phot_0000000401626922-s0065_tess_v1_lc.fits,hlsp_tess-spoc_tess_phot_0000000401626922-s0065_tess_v1_lc.fits
396279986,80,mast:HLSP/tess-spoc/s0080/target/0000/0003/9627/9986/hlsp_tess-spoc_tess_phot_0000000396279986-s0080_tess_v1_lc.fits,hlsp_tess-spoc_tess_phot_0000000396279986-s0080_tess_v1_lc.fits
396279986,81,mast:HLSP/tess-spoc/s0081/target/0000/0003/9627/9986/hlsp_tess-spoc_tess_phot_0000000396279986-s0081_tess_v1_lc.fits,hlsp_tess-spoc_tess_phot_0000000396279986-s0081_tess_v1_lc.fits
123173481,66,mast:HLSP/tess-spoc/s0066/target/0000/0001/2317/3481/hlsp_tess-spoc_tess_phot_0000000123173481-s0066_tess_v1_lc.fits,hlsp_tess-spoc_tess_phot_0000000123173481-s0066_tess_v1_lc.fits
44860619,80,mast:HLSP/tess-spoc/s0080/target/0000/0000/4486/0619/hlsp_tess-spoc_tess_phot_0000000044860619-s0080_tess_v1_lc.fits,hlsp_tess-spoc_tess_phot_0000000044860619-s0080_tess_v1_lc.fits
179433511,80,mast:HLSP/tess-spoc/s0080/target/0000/0001/7943/3511/hlsp_tess-spoc_tess_phot_0000000179433511-s0080_tess_v1_lc.fits,hlsp_tess-spoc_tess_phot_0000000179433511-s0080_tess_v1_lc.fits
453923127,65,mast:HLSP/tess-spoc/s0065/target/0000/0004/5392/3127/hlsp_tess-spoc_tess_phot_0000000453923127-s0065_tess_v1_lc.fits,hlsp_tess-spoc_tess_phot_0000000453923127-s0065_tess_v1_lc.fits
123717424,66,mast:HLSP/tess-spoc/s0066/target/0000/0001/2371/7424/hlsp_tess-spoc_tess_phot_0000000123717424-s0066_tess_v1_lc.fits,hlsp_tess-spoc_tess_phot_0000000123717424-s0066_tess_v1_lc.fits
213774308,80,mast:HLSP/tess-spoc/s0080/target/0000/0002/1377/4308/hlsp_tess-spoc_tess_phot_0000000213774308-s0080_tess_v1_lc.fits,hlsp_tess-spoc_tess_phot_0000000213774308-s0080_tess_v1_lc.fits
353705385,80,mast:HLSP/tess-spoc/s0080/target/0000/0003/5370/5385/hlsp_tess-spoc_tess_phot_0000000353705385-s0080_tess_v1_lc.fits,hlsp_tess-spoc_tess_phot_0000000353705385-s0080_tess_v1_lc.fits
45396292,65,mast:HLSP/tess-spoc/s0065/target/0000/0000/4539/6292/hlsp_tess-spoc_tess_phot_0000000045396292-s0065_tess_v1_lc.fits,hlsp_tess-spoc_tess_phot_0000000045396292-s0065_tess_v1_lc.fits
453984150,65,mast:HLSP/tess-spoc/s0065/target/0000/0004/5398/4150/hlsp_tess-spoc_tess_phot_0000000453984150-s0065_tess_v1_lc.fits,hlsp_tess-spoc_tess_phot_0000000453984150-s0065_tess_v1_lc.fits
132884606,80,mast:HLSP/tess-spoc/s0080/target/0000/0001/3288/4606/hlsp_tess-spoc_tess_phot_0000000132884606-s0080_tess_v1_lc.fits,hlsp_tess-spoc_tess_phot_0000000132884606-s0080_tess_v1_lc.fits
214896434,65,mast:HLSP/tess-spoc/s0065/target/0000/0002/1489/6434/hlsp_tess-spoc_tess_phot_0000000214896434-s0065_tess_v1_lc.fits,hlsp_tess-spoc_tess_phot_0000000214896434-s0065_tess_v1_lc.fits
108376656,66,mast:HLSP/tess-spoc/s0066/target/0000/0001/0837/6656/hlsp_tess-spoc_tess_phot_0000000108376656-s0066_tess_v1_lc.fits,hlsp_tess-spoc_tess_phot_0000000108376656-s0066_tess_v1_lc.fits
224008692,66,mast:HLSP/tess-spoc/s0066/target/0000/0002/2400/8692/hlsp_tess-spoc_tess_phot_0000000224008692-s0066_tess_v1_lc.fits,hlsp_tess-spoc_tess_phot_0000000224008692-s0066_tess_v1_lc.fits
411764377,66,mast:HLSP/tess-spoc/s0066/target/0000/0004/1176/4377/hlsp_tess-spoc_tess_phot_0000000411764377-s0066_tess_v1_lc.fits,hlsp_tess-spoc_tess_phot_0000000411764377-s0066_tess_v1_lc.fits
316745550,65,mast:HLSP/tess-spoc/s0065/target/0000/0003/1674/5550/hlsp_tess-spoc_tess_phot_0000000316745550-s0065_tess_v1_lc.fits,hlsp_tess-spoc_tess_phot_0000000316745550-s0065_tess_v1_lc.fits
208151281,66,mast:HLSP/tess-spoc/s0066/target/0000/0002/0815/1281/hlsp_tess-spoc_tess_phot_0000000208151281-s0066_tess_v1_lc.fits,hlsp_tess-spoc_tess_phot_0000000208151281-s0066_tess_v1_lc.fits
108926559,80,mast:HLSP/tess-spoc/s0080/target/0000/0001/0892/6559/hlsp_tess-spoc_tess_phot_0000000108926559-s0080_tess_v1_lc.fits,hlsp_tess-spoc_tess_phot_0000000108926559-s0080_tess_v1_lc.fits
382565983,65,mast:HLSP/tess-spoc/s0065/target/0000/0003/8256/5983/hlsp_tess-spoc_tess_phot_0000000382565983-s0065_tess_v1_lc.fits,hlsp_tess-spoc_tess_phot_0000000382565983-s0065_tess_v1_lc.fits
384571681,80,mast:HLSP/tess-spoc/s0080/target/0000/0003/8457/1681/hlsp_tess-spoc_tess_phot_0000000384571681-s0080_tess_v1_lc.fits,hlsp_tess-spoc_tess_phot_0000000384571681-s0080_tess_v1_lc.fits
110928399,80,mast:HLSP/tess-spoc/s0080/target/0000/0001/1092/8399/hlsp_tess-spoc_tess_phot_0000000110928399-s0080_tess_v1_lc.fits,hlsp_tess-spoc_tess_phot_0000000110928399-s0080_tess_v1_lc.fits
459847868,63,mast:HLSP/tess-spoc/s0063/target/0000/0004/5984/7868/hlsp_tess-spoc_tess_phot_0000000459847868-s0063_tess_v1_lc.fits,hlsp_tess-spoc_tess_phot_0000000459847868-s0063_tess_v1_lc.fits
459847868,64,mast:HLSP/tess-spoc/s0064/target/0000/0004/5984/7868/hlsp_tess-spoc_tess_phot_0000000459847868-s0064_tess_v1_lc.fits,hlsp_tess-spoc_tess_phot_0000000459847868-s0064_tess_v1_lc.fits
279629468,65,mast:HLSP/tess-spoc/s0065/target/0000/0002/7962/9468/hlsp_tess-spoc_tess_phot_0000000279629468-s0065_tess_v1_lc.fits,hlsp_tess-spoc_tess_phot_0000000279629468-s0065_tess_v1_lc.fits
206802050,80,mast:HLSP/tess-spoc/s0080/target/0000/0002/0680/2050/hlsp_tess-spoc_tess_phot_0000000206802050-s0080_tess_v1_lc.fits,hlsp_tess-spoc_tess_phot_0000000206802050-s0080_tess_v1_lc.fits
180873912,61,mast:HLSP/tess-spoc/s0061/target/0000/0001/8087/3912/hlsp_tess-spoc_tess_phot_0000000180873912-s0061_tess_v1_lc.fits,hlsp_tess-spoc_tess_phot_0000000180873912-s0061_tess_v1_lc.fits
180873912,62,mast:HLSP/tess-spoc/s0062/target/0000/0001/8087/3912/hlsp_tess-spoc_tess_phot_0000000180873912-s0062_tess_v1_lc.fits,hlsp_tess-spoc_tess_phot_0000000180873912-s0062_tess_v1_lc.fits
161541671,66,mast:HLSP/tess-spoc/s0066/target/0000/0001/6154/1671/hlsp_tess-spoc_tess_phot_0000000161541671-s0066_tess_v1_lc.fits,hlsp_tess-spoc_tess_phot_0000000161541671-s0066_tess_v1_lc.fits
20101838,80,mast:HLSP/tess-spoc/s0080/target/0000/0000/2010/1838/hlsp_tess-spoc_tess_phot_0000000020101838-s0080_tess_v1_lc.fits,hlsp_tess-spoc_tess_phot_0000000020101838-s0080_tess_v1_lc.fits
102744001,66,mast:HLSP/tess-spoc/s0066/target/0000/0001/0274/4001/hlsp_tess-spoc_tess_phot_0000000102744001-s0066_tess_v1_lc.fits,hlsp_tess-spoc_tess_phot_0000000102744001-s0066_tess_v1_lc.fits
98243339,65,mast:HLSP/tess-spoc/s0065/target/0000/0000/9824/3339/hlsp_tess-spoc_tess_phot_0000000098243339-s0065_tess_v1_lc.fits,hlsp_tess-spoc_tess_phot_0000000098243339-s0065_tess_v1_lc.fits
424201242,65,mast:HLSP/tess-spoc/s0065/target/0000/0004/2420/1242/hlsp_tess-spoc_tess_phot_0000000424201242-s0065_tess_v1_lc.fits,hlsp_tess-spoc_tess_phot_0000000424201242-s0065_tess_v1_lc.fits
330249707,80,mast:HLSP/tess-spoc/s0080/target/0000/0003/3024/9707/hlsp_tess-spoc_tess_phot_0000000330249707-s0080_tess_v1_lc.fits,hlsp_tess-spoc_tess_phot_0000000330249707-s0080_tess_v1_lc.fits
432313880,80,mast:HLSP/tess-spoc/s0080/target/0000/0004/3231/3880/hlsp_tess-spoc_tess_phot_0000000432313880-s0080_tess_v1_lc.fits,hlsp_tess-spoc_tess_phot_0000000432313880-s0080_tess_v1_lc.fits
315651338,65,mast:HLSP/tess-spoc/s0065/target/0000/0003/1565/1338/hlsp_tess-spoc_tess_phot_0000000315651338-s0065_tess_v1_lc.fits,hlsp_tess-spoc_tess_phot_0000000315651338-s0065_tess_v1_lc.fits
162368151,80,mast:HLSP/tess-spoc/s0080/target/0000/0001/6236/8151/hlsp_tess-spoc_tess_phot_0000000162368151-s0080_tess_v1_lc.fits,hlsp_tess-spoc_tess_phot_0000000162368151-s0080_tess_v1_lc.fits
183580788,62,mast:HLSP/tess-spoc/s0062/target/0000/0001/8358/0788/hlsp_tess-spoc_tess_phot_0000000183580788-s0062_tess_v1_lc.fits,hlsp_tess-spoc_tess_phot_0000000183580788-s0062_tess_v1_lc.fits
20512193,80,mast:HLSP/tess-spoc/s0080/target/0000/0000/2051/2193/hlsp_tess-spoc_tess_phot_0000000020512193-s0080_tess_v1_lc.fits,hlsp_tess-spoc_tess_phot_0000000020512193-s0080_tess_v1_lc.fits
226275643,80,mast:HLSP/tess-spoc/s0080/target/0000/0002/2627/5643/hlsp_tess-spoc_tess_phot_0000000226275643-s0080_tess_v1_lc.fits,hlsp_tess-spoc_tess_phot_0000000226275643-s0080_tess_v1_lc.fits
413354378,65,mast:HLSP/tess-spoc/s0065/target/0000/0004/1335/4378/hlsp_tess-spoc_tess_phot_0000000413354378-s0065_tess_v1_lc.fits,hlsp_tess-spoc_tess_phot_0000000413354378-s0065_tess_v1_lc.fits
194752909,66,mast:HLSP/tess-spoc/s0066/target/0000/0001/9475/2909/hlsp_tess-spoc_tess_phot_0000000194752909-s0066_tess_v1_lc.fits,hlsp_tess-spoc_tess_phot_0000000194752909-s0066_tess_v1_lc.fits
213022679,66,mast:HLSP/tess-spoc/s0066/target/0000/0002/1302/2679/hlsp_tess-spoc_tess_phot_0000000213022679-s0066_tess_v1_lc.fits,hlsp_tess-spoc_tess_phot_0000000213022679-s0066_tess_v1_lc.fits
162059823,80,mast:HLSP/tess-spoc/s0080/target/0000/0001/6205/9823/hlsp_tess-spoc_tess_phot_0000000162059823-s0080_tess_v1_lc.fits,hlsp_tess-spoc_tess_phot_0000000162059823-s0080_tess_v1_lc.fits
386346419,80,mast:HLSP/tess-spoc/s0080/target/0000/0003/8634/6419/hlsp_tess-spoc_tess_phot_0000000386346419-s0080_tess_v1_lc.fits,hlsp_tess-spoc_tess_phot_0000000386346419-s0080_tess_v1_lc.fits
227478793,66,mast:HLSP/tess-spoc/s0066/target/0000/0002/2747/8793/hlsp_tess-spoc_tess_phot_0000000227478793-s0066_tess_v1_lc.fits,hlsp_tess-spoc_tess_phot_0000000227478793-s0066_tess_v1_lc.fits
230807173,66,mast:HLSP/tess-spoc/s0066/target/0000/0002/3080/7173/hlsp_tess-spoc_tess_phot_0000000230807173-s0066_tess_v1_lc.fits,hlsp_tess-spoc_tess_phot_0000000230807173-s0066_tess_v1_lc.fits
109348774,80,mast:HLSP/tess-spoc/s0080/target/0000/0001/0934/8774/hlsp_tess-spoc_tess_phot_0000000109348774-s0080_tess_v1_lc.fits,hlsp_tess-spoc_tess_phot_0000000109348774-s0080_tess_v1_lc.fits
400652459,80,mast:HLSP/tess-spoc/s0080/target/0000/0004/0065/2459/hlsp_tess-spoc_tess_phot_0000000400652459-s0080_tess_v1_lc.fits,hlsp_tess-spoc_tess_phot_0000000400652459-s0080_tess_v1_lc.fits
400652459,81,mast:HLSP/tess-spoc/s0081/target/0000/0004/0065/2459/hlsp_tess-spoc_tess_phot_0000000400652459-s0081_tess_v1_lc.fits,hlsp_tess-spoc_tess_phot_0000000400652459-s0081_tess_v1_lc.fits
225145824,66,mast:HLSP/tess-spoc/s0066/target/0000/0002/2514/5824/hlsp_tess-spoc_tess_phot_0000000225145824-s0066_tess_v1_lc.fits,hlsp_tess-spoc_tess_phot_0000000225145824-s0066_tess_v1_lc.fits
203687713,80,mast:HLSP/tess-spoc/s0080/target/0000/0002/0368/7713/hlsp_tess-spoc_tess_phot_0000000203687713-s0080_tess_v1_lc.fits,hlsp_tess-spoc_tess_phot_0000000203687713-s0080_tess_v1_lc.fits
384446993,80,mast:HLSP/tess-spoc/s0080/target/0000/0003/8444/6993/hlsp_tess-spoc_tess_phot_0000000384446993-s0080_tess_v1_lc.fits,hlsp_tess-spoc_tess_phot_0000000384446993-s0080_tess_v1_lc.fits
386674533,80,mast:HLSP/tess-spoc/s0080/target/0000/0003/8667/4533/hlsp_tess-spoc_tess_phot_0000000386674533-s0080_tess_v1_lc.fits,hlsp_tess-spoc_tess_phot_0000000386674533-s0080_tess_v1_lc.fits
182828722,61,mast:HLSP/tess-spoc/s0061/target/0000/0001/8282/8722/hlsp_tess-spoc_tess_phot_0000000182828722-s0061_tess_v1_lc.fits,hlsp_tess-spoc_tess_phot_0000000182828722-s0061_tess_v1_lc.fits
182828722,62,mast:HLSP/tess-spoc/s0062/target/0000/0001/8282/8722/hlsp_tess-spoc_tess_phot_0000000182828722-s0062_tess_v1_lc.fits,hlsp_tess-spoc_tess_phot_0000000182828722-s0062_tess_v1_lc.fits
49569948,66,mast:HLSP/tess-spoc/s0066/target/0000/0000/4956/9948/hlsp_tess-spoc_tess_phot_0000000049569948-s0066_tess_v1_lc.fits,hlsp_tess-spoc_tess_phot_0000000049569948-s0066_tess_v1_lc.fits
54547491,80,mast:HLSP/tess-spoc/s0080/target/0000/0000/5454/7491/hlsp_tess-spoc_tess_phot_0000000054547491-s0080_tess_v1_lc.fits,hlsp_tess-spoc_tess_phot_0000000054547491-s0080_tess_v1_lc.fits
232771573,66,mast:HLSP/tess-spoc/s0066/target/0000/0002/3277/1573/hlsp_tess-spoc_tess_phot_0000000232771573-s0066_tess_v1_lc.fits,hlsp_tess-spoc_tess_phot_0000000232771573-s0066_tess_v1_lc.fits
379486082,66,mast:HLSP/tess-spoc/s0066/target/0000/0003/7948/6082/hlsp_tess-spoc_tess_phot_0000000379486082-s0066_tess_v1_lc.fits,hlsp_tess-spoc_tess_phot_0000000379486082-s0066_tess_v1_lc.fits
443294340,65,mast:HLSP/tess-spoc/s0065/target/0000/0004/4329/4340/hlsp_tess-spoc_tess_phot_0000000443294340-s0065_tess_v1_lc.fits,hlsp_tess-spoc_tess_phot_0000000443294340-s0065_tess_v1_lc.fits
225919625,80,mast:HLSP/tess-spoc/s0080/target/0000/0002/2591/9625/hlsp_tess-spoc_tess_phot_0000000225919625-s0080_tess_v1_lc.fits,hlsp_tess-spoc_tess_phot_0000000225919625-s0080_tess_v1_lc.fits
215469777,65,mast:HLSP/tess-spoc/s0065/target/0000/0002/1546/9777/hlsp_tess-spoc_tess_phot_0000000215469777-s0065_tess_v1_lc.fits,hlsp_tess-spoc_tess_phot_0000000215469777-s0065_tess_v1_lc.fits
11819849,61,mast:HLSP/tess-spoc/s0061/target/0000/0000/1181/9849/hlsp_tess-spoc_tess_phot_0000000011819849-s0061_tess_v1_lc.fits,hlsp_tess-spoc_tess_phot_0000000011819849-s0061_tess_v1_lc.fits
11819849,62,mast:HLSP/tess-spoc/s0062/target/0000/0000/1181/9849/hlsp_tess-spoc_tess_phot_0000000011819849-s0062_tess_v1_lc.fits,hlsp_tess-spoc_tess_phot_0000000011819849-s0062_tess_v1_lc.fits
332429153,80,mast:HLSP/tess-spoc/s0080/target/0000/0003/3242/9153/hlsp_tess-spoc_tess_phot_0000000332429153-s0080_tess_v1_lc.fits,hlsp_tess-spoc_tess_phot_0000000332429153-s0080_tess_v1_lc.fits
451183838,64,mast:HLSP/tess-spoc/s0064/target/0000/0004/5118/3838/hlsp_tess-spoc_tess_phot_0000000451183838-s0064_tess_v1_lc.fits,hlsp_tess-spoc_tess_phot_0000000451183838-s0064_tess_v1_lc.fits
451183838,65,mast:HLSP/tess-spoc/s0065/target/0000/0004/5118/3838/hlsp_tess-spoc_tess_phot_0000000451183838-s0065_tess_v1_lc.fits,hlsp_tess-spoc_tess_phot_0000000451183838-s0065_tess_v1_lc.fits
284253326,65,mast:HLSP/tess-spoc/s0065/target/0000/0002/8425/3326/hlsp_tess-spoc_tess_phot_0000000284253326-s0065_tess_v1_lc.fits,hlsp_tess-spoc_tess_phot_0000000284253326-s0065_tess_v1_lc.fits
231464360,66,mast:HLSP/tess-spoc/s0066/target/0000/0002/3146/4360/hlsp_tess-spoc_tess_phot_0000000231464360-s0066_tess_v1_lc.fits,hlsp_tess-spoc_tess_phot_0000000231464360-s0066_tess_v1_lc.fits
203493101,80,mast:HLSP/tess-spoc/s0080/target/0000/0002/0349/3101/hlsp_tess-spoc_tess_phot_0000000203493101-s0080_tess_v1_lc.fits,hlsp_tess-spoc_tess_phot_0000000203493101-s0080_tess_v1_lc.fits
163576647,66,mast:HLSP/tess-spoc/s0066/target/0000/0001/6357/6647/hlsp_tess-spoc_tess_phot_0000000163576647-s0066_tess_v1_lc.fits,hlsp_tess-spoc_tess_phot_0000000163576647-s0066_tess_v1_lc.fits
55809834,80,mast:HLSP/tess-spoc/s0080/target/0000/0000/5580/9834/hlsp_tess-spoc_tess_phot_0000000055809834-s0080_tess_v1_lc.fits,hlsp_tess-spoc_tess_phot_0000000055809834-s0080_tess_v1_lc.fits
440508505,64,mast:HLSP/tess-spoc/s0064/target/0000/0004/4050/8505/hlsp_tess-spoc_tess_phot_0000000440508505-s0064_tess_v1_lc.fits,hlsp_tess-spoc_tess_phot_0000000440508505-s0064_tess_v1_lc.fits
440508505,65,mast:HLSP/tess-spoc/s0065/target/0000/0004/4050/8505/hlsp_tess-spoc_tess_phot_0000000440508505-s0065_tess_v1_lc.fits,hlsp_tess-spoc_tess_phot_0000000440508505-s0065_tess_v1_lc.fits
294554218,65,mast:HLSP/tess-spoc/s0065/target/0000/0002/9455/4218/hlsp_tess-spoc_tess_phot_0000000294554218-s0065_tess_v1_lc.fits,hlsp_tess-spoc_tess_phot_0000000294554218-s0065_tess_v1_lc.fits
42927335,66,mast:HLSP/tess-spoc/s0066/target/0000/0000/4292/7335/hlsp_tess-spoc_tess_phot_0000000042927335-s0066_tess_v1_lc.fits,hlsp_tess-spoc_tess_phot_0000000042927335-s0066_tess_v1_lc.fits
340643621,80,mast:HLSP/tess-spoc/s0080/target/0000/0003/4064/3621/hlsp_tess-spoc_tess_phot_0000000340643621-s0080_tess_v1_lc.fits,hlsp_tess-spoc_tess_phot_0000000340643621-s0080_tess_v1_lc.fits
102872059,66,mast:HLSP/tess-spoc/s0066/target/0000/0001/0287/2059/hlsp_tess-spoc_tess_phot_0000000102872059-s0066_tess_v1_lc.fits,hlsp_tess-spoc_tess_phot_0000000102872059-s0066_tess_v1_lc.fits
378749568,66,mast:HLSP/tess-spoc/s0066/target/0000/0003/7874/9568/hlsp_tess-spoc_tess_phot_0000000378749568-s0066_tess_v1_lc.fits,hlsp_tess-spoc_tess_phot_0000000378749568-s0066_tess_v1_lc.fits
57166626,80,mast:HLSP/tess-spoc/s0080/target/0000/0000/5716/6626/hlsp_tess-spoc_tess_phot_0000000057166626-s0080_tess_v1_lc.fits,hlsp_tess-spoc_tess_phot_0000000057166626-s0080_tess_v1_lc.fits
441557317,64,mast:HLSP/tess-spoc/s0064/target/0000/0004/4155/7317/hlsp_tess-spoc_tess_phot_0000000441557317-s0064_tess_v1_lc.fits,hlsp_tess-spoc_tess_phot_0000000441557317-s0064_tess_v1_lc.fits
441557317,65,mast:HLSP/tess-spoc/s0065/target/0000/0004/4155/7317/hlsp_tess-spoc_tess_phot_0000000441557317-s0065_tess_v1_lc.fits,hlsp_tess-spoc_tess_phot_0000000441557317-s0065_tess_v1_lc.fits
43006613,80,mast:HLSP/tess-spoc/s0080/target/0000/0000/4300/6613/hlsp_tess-spoc_tess_phot_0000000043006613-s0080_tess_v1_lc.fits,hlsp_tess-spoc_tess_phot_0000000043006613-s0080_tess_v1_lc.fits
203637692,80,mast:HLSP/tess-spoc/s0080/target/0000/0002/0363/7692/hlsp_tess-spoc_tess_phot_0000000203637692-s0080_tess_v1_lc.fits,hlsp_tess-spoc_tess_phot_0000000203637692-s0080_tess_v1_lc.fits
332767123,65,mast:HLSP/tess-spoc/s0065/target/0000/0003/3276/7123/hlsp_tess-spoc_tess_phot_0000000332767123-s0065_tess_v1_lc.fits,hlsp_tess-spoc_tess_phot_0000000332767123-s0065_tess_v1_lc.fits
15121710,80,mast:HLSP/tess-spoc/s0080/target/0000/0000/1512/1710/hlsp_tess-spoc_tess_phot_0000000015121710-s0080_tess_v1_lc.fits,hlsp_tess-spoc_tess_phot_0000000015121710-s0080_tess_v1_lc.fits
331059446,80,mast:HLSP/tess-spoc/s0080/target/0000/0003/3105/9446/hlsp_tess-spoc_tess_phot_0000000331059446-s0080_tess_v1_lc.fits,hlsp_tess-spoc_tess_phot_0000000331059446-s0080_tess_v1_lc.fits
285804188,65,mast:HLSP/tess-spoc/s0065/target/0000/0002/8580/4188/hlsp_tess-spoc_tess_phot_0000000285804188-s0065_tess_v1_lc.fits,hlsp_tess-spoc_tess_phot_0000000285804188-s0065_tess_v1_lc.fits
197208594,80,mast:HLSP/tess-spoc/s0080/target/0000/0001/9720/8594/hlsp_tess-spoc_tess_phot_0000000197208594-s0080_tess_v1_lc.fits,hlsp_tess-spoc_tess_phot_0000000197208594-s0080_tess_v1_lc.fits
306281063,64,mast:HLSP/tess-spoc/s0064/target/0000/0003/0628/1063/hlsp_tess-spoc_tess_phot_0000000306281063-s0064_tess_v1_lc.fits,hlsp_tess-spoc_tess_phot_0000000306281063-s0064_tess_v1_lc.fits
264265050,65,mast:HLSP/tess-spoc/s0065/target/0000/0002/6426/5050/hlsp_tess-spoc_tess_phot_0000000264265050-s0065_tess_v1_lc.fits,hlsp_tess-spoc_tess_phot_0000000264265050-s0065_tess_v1_lc.fits
176158823,66,mast:HLSP/tess-spoc/s0066/target/0000/0001/7615/8823/hlsp_tess-spoc_tess_phot_0000000176158823-s0066_tess_v1_lc.fits,hlsp_tess-spoc_tess_phot_0000000176158823-s0066_tess_v1_lc.fits
108702378,66,mast:HLSP/tess-spoc/s0066/target/0000/0001/0870/2378/hlsp_tess-spoc_tess_phot_0000000108702378-s0066_tess_v1_lc.fits,hlsp_tess-spoc_tess_phot_0000000108702378-s0066_tess_v1_lc.fits
223906929,66,mast:HLSP/tess-spoc/s0066/target/0000/0002/2390/6929/hlsp_tess-spoc_tess_phot_0000000223906929-s0066_tess_v1_lc.fits,hlsp_tess-spoc_tess_phot_0000000223906929-s0066_tess_v1_lc.fits
54163225,80,mast:HLSP/tess-spoc/s0080/target/0000/0000/5416/3225/hlsp_tess-spoc_tess_phot_0000000054163225-s0080_tess_v1_lc.fits,hlsp_tess-spoc_tess_phot_0000000054163225-s0080_tess_v1_lc.fits
385029259,80,mast:HLSP/tess-spoc/s0080/target/0000/0003/8502/9259/hlsp_tess-spoc_tess_phot_0000000385029259-s0080_tess_v1_lc.fits,hlsp_tess-spoc_tess_phot_0000000385029259-s0080_tess_v1_lc.fits
163129673,65,mast:HLSP/tess-spoc/s0065/target/0000/0001/6312/9673/hlsp_tess-spoc_tess_phot_0000000163129673-s0065_tess_v1_lc.fits,hlsp_tess-spoc_tess_phot_0000000163129673-s0065_tess_v1_lc.fits
339992479,66,mast:HLSP/tess-spoc/s0066/target/0000/0003/3999/2479/hlsp_tess-spoc_tess_phot_0000000339992479-s0066_tess_v1_lc.fits,hlsp_tess-spoc_tess_phot_0000000339992479-s0066_tess_v1_lc.fits
31454303,66,mast:HLSP/tess-spoc/s0066/target/0000/0000/3145/4303/hlsp_tess-spoc_tess_phot_0000000031454303-s0066_tess_v1_lc.fits,hlsp_tess-spoc_tess_phot_0000000031454303-s0066_tess_v1_lc.fits
223657353,80,mast:HLSP/tess-spoc/s0080/target/0000/0002/2365/7353/hlsp_tess-spoc_tess_phot_0000000223657353-s0080_tess_v1_lc.fits,hlsp_tess-spoc_tess_phot_0000000223657353-s0080_tess_v1_lc.fits
108885639,80,mast:HLSP/tess-spoc/s0080/target/0000/0001/0888/5639/hlsp_tess-spoc_tess_phot_0000000108885639-s0080_tess_v1_lc.fits,hlsp_tess-spoc_tess_phot_0000000108885639-s0080_tess_v1_lc.fits
32972124,80,mast:HLSP/tess-spoc/s0080/target/0000/0000/3297/2124/hlsp_tess-spoc_tess_phot_0000000032972124-s0080_tess_v1_lc.fits,hlsp_tess-spoc_tess_phot_0000000032972124-s0080_tess_v1_lc.fits
55212614,80,mast:HLSP/tess-spoc/s0080/target/0000/0000/5521/2614/hlsp_tess-spoc_tess_phot_0000000055212614-s0080_tess_v1_lc.fits,hlsp_tess-spoc_tess_phot_0000000055212614-s0080_tess_v1_lc.fits
275021158,65,mast:HLSP/tess-spoc/s0065/target/0000/0002/7502/1158/hlsp_tess-spoc_tess_phot_0000000275021158-s0065_tess_v1_lc.fits,hlsp_tess-spoc_tess_phot_0000000275021158-s0065_tess_v1_lc.fits
433165744,80,mast:HLSP/tess-spoc/s0080/target/0000/0004/3316/5744/hlsp_tess-spoc_tess_phot_0000000433165744-s0080_tess_v1_lc.fits,hlsp_tess-spoc_tess_phot_0000000433165744-s0080_tess_v1_lc.fits
57165435,80,mast:HLSP/tess-spoc/s0080/target/0000/0000/5716/5435/hlsp_tess-spoc_tess_phot_0000000057165435-s0080_tess_v1_lc.fits,hlsp_tess-spoc_tess_phot_0000000057165435-s0080_tess_v1_lc.fits
412223204,66,mast:HLSP/tess-spoc/s0066/target/0000/0004/1222/3204/hlsp_tess-spoc_tess_phot_0000000412223204-s0066_tess_v1_lc.fits,hlsp_tess-spoc_tess_phot_0000000412223204-s0066_tess_v1_lc.fits
118987921,80,mast:HLSP/tess-spoc/s0080/target/0000/0001/1898/7921/hlsp_tess-spoc_tess_phot_0000000118987921-s0080_tess_v1_lc.fits,hlsp_tess-spoc_tess_phot_0000000118987921-s0080_tess_v1_lc.fits
162368318,80,mast:HLSP/tess-spoc/s0080/target/0000/0001/6236/8318/hlsp_tess-spoc_tess_phot_0000000162368318-s0080_tess_v1_lc.fits,hlsp_tess-spoc_tess_phot_0000000162368318-s0080_tess_v1_lc.fits
174801080,80,mast:HLSP/tess-spoc/s0080/target/0000/0001/7480/1080/hlsp_tess-spoc_tess_phot_0000000174801080-s0080_tess_v1_lc.fits,hlsp_tess-spoc_tess_phot_0000000174801080-s0080_tess_v1_lc.fits
36962300,65,mast:HLSP/tess-spoc/s0065/target/0000/0000/3696/2300/hlsp_tess-spoc_tess_phot_0000000036962300-s0065_tess_v1_lc.fits,hlsp_tess-spoc_tess_phot_0000000036962300-s0065_tess_v1_lc.fits
333361202,65,mast:HLSP/tess-spoc/s0065/target/0000/0003/3336/1202/hlsp_tess-spoc_tess_phot_0000000333361202-s0065_tess_v1_lc.fits,hlsp_tess-spoc_tess_phot_0000000333361202-s0065_tess_v1_lc.fits
235432828,66,mast:HLSP/tess-spoc/s0066/target/0000/0002/3543/2828/hlsp_tess-spoc_tess_phot_0000000235432828-s0066_tess_v1_lc.fits,hlsp_tess-spoc_tess_phot_0000000235432828-s0066_tess_v1_lc.fits
319379888,65,mast:HLSP/tess-spoc/s0065/target/0000/0003/1937/9888/hlsp_tess-spoc_tess_phot_0000000319379888-s0065_tess_v1_lc.fits,hlsp_tess-spoc_tess_phot_0000000319379888-s0065_tess_v1_lc.fits
276725162,65,mast:HLSP/tess-spoc/s0065/target/0000/0002/7672/5162/hlsp_tess-spoc_tess_phot_0000000276725162-s0065_tess_v1_lc.fits,hlsp_tess-spoc_tess_phot_0000000276725162-s0065_tess_v1_lc.fits
457274265,65,mast:HLSP/tess-spoc/s0065/target/0000/0004/5727/4265/hlsp_tess-spoc_tess_phot_0000000457274265-s0065_tess_v1_lc.fits,hlsp_tess-spoc_tess_phot_0000000457274265-s0065_tess_v1_lc.fits
132980795,80,mast:HLSP/tess-spoc/s0080/target/0000/0001/3298/0795/hlsp_tess-spoc_tess_phot_0000000132980795-s0080_tess_v1_lc.fits,hlsp_tess-spoc_tess_phot_0000000132980795-s0080_tess_v1_lc.fits
138196088,65,mast:HLSP/tess-spoc/s0065/target/0000/0001/3819/6088/hlsp_tess-spoc_tess_phot_0000000138196088-s0065_tess_v1_lc.fits,hlsp_tess-spoc_tess_phot_0000000138196088-s0065_tess_v1_lc.fits
385747290,80,mast:HLSP/tess-spoc/s0080/target/0000/0003/8574/7290/hlsp_tess-spoc_tess_phot_0000000385747290-s0080_tess_v1_lc.fits,hlsp_tess-spoc_tess_phot_0000000385747290-s0080_tess_v1_lc.fits
55540071,80,mast:HLSP/tess-spoc/s0080/target/0000/0000/5554/0071/hlsp_tess-spoc_tess_phot_0000000055540071-s0080_tess_v1_lc.fits,hlsp_tess-spoc_tess_phot_0000000055540071-s0080_tess_v1_lc.fits
328880655,80,mast:HLSP/tess-spoc/s0080/target/0000/0003/2888/0655/hlsp_tess-spoc_tess_phot_0000000328880655-s0080_tess_v1_lc.fits,hlsp_tess-spoc_tess_phot_0000000328880655-s0080_tess_v1_lc.fits
56315455,80,mast:HLSP/tess-spoc/s0080/target/0000/0000/5631/5455/hlsp_tess-spoc_tess_phot_0000000056315455-s0080_tess_v1_lc.fits,hlsp_tess-spoc_tess_phot_0000000056315455-s0080_tess_v1_lc.fits
136278853,65,mast:HLSP/tess-spoc/s0065/target/0000/0001/3627/8853/hlsp_tess-spoc_tess_phot_0000000136278853-s0065_tess_v1_lc.fits,hlsp_tess-spoc_tess_phot_0000000136278853-s0065_tess_v1_lc.fits
258705180,65,mast:HLSP/tess-spoc/s0065/target/0000/0002/5870/5180/hlsp_tess-spoc_tess_phot_0000000258705180-s0065_tess_v1_lc.fits,hlsp_tess-spoc_tess_phot_0000000258705180-s0065_tess_v1_lc.fits
289690103,65,mast:HLSP/tess-spoc/s0065/target/0000/0002/8969/0103/hlsp_tess-spoc_tess_phot_0000000289690103-s0065_tess_v1_lc.fits,hlsp_tess-spoc_tess_phot_0000000289690103-s0065_tess_v1_lc.fits
19111274,80,mast:HLSP/tess-spoc/s0080/target/0000/0000/1911/1274/hlsp_tess-spoc_tess_phot_0000000019111274-s0080_tess_v1_lc.fits,hlsp_tess-spoc_tess_phot_0000000019111274-s0080_tess_v1_lc.fits
385139474,80,mast:HLSP/tess-spoc/s0080/target/0000/0003/8513/9474/hlsp_tess-spoc_tess_phot_0000000385139474-s0080_tess_v1_lc.fits,hlsp_tess-spoc_tess_phot_0000000385139474-s0080_tess_v1_lc.fits
215059008,80,mast:HLSP/tess-spoc/s0080/target/0000/0002/1505/9008/hlsp_tess-spoc_tess_phot_0000000215059008-s0080_tess_v1_lc.fits,hlsp_tess-spoc_tess_phot_0000000215059008-s0080_tess_v1_lc.fits
213159068,66,mast:HLSP/tess-spoc/s0066/target/0000/0002/1315/9068/hlsp_tess-spoc_tess_phot_0000000213159068-s0066_tess_v1_lc.fits,hlsp_tess-spoc_tess_phot_0000000213159068-s0066_tess_v1_lc.fits
214848541,80,mast:HLSP/tess-spoc/s0080/target/0000/0002/1484/8541/hlsp_tess-spoc_tess_phot_0000000214848541-s0080_tess_v1_lc.fits,hlsp_tess-spoc_tess_phot_0000000214848541-s0080_tess_v1_lc.fits
223626623,80,mast:HLSP/tess-spoc/s0080/target/0000/0002/2362/6623/hlsp_tess-spoc_tess_phot_0000000223626623-s0080_tess_v1_lc.fits,hlsp_tess-spoc_tess_phot_0000000223626623-s0080_tess_v1_lc.fits
47081780,65,mast:HLSP/tess-spoc/s0065/target/0000/0000/4708/1780/hlsp_tess-spoc_tess_phot_0000000047081780-s0065_tess_v1_lc.fits,hlsp_tess-spoc_tess_phot_0000000047081780-s0065_tess_v1_lc.fits
246753508,66,mast:HLSP/tess-spoc/s0066/target/0000/0002/4675/3508/hlsp_tess-spoc_tess_phot_0000000246753508-s0066_tess_v1_lc.fits,hlsp_tess-spoc_tess_phot_0000000246753508-s0066_tess_v1_lc.fits
206878267,65,mast:HLSP/tess-spoc/s0065/target/0000/0002/0687/8267/hlsp_tess-spoc_tess_phot_0000000206878267-s0065_tess_v1_lc.fits,hlsp_tess-spoc_tess_phot_0000000206878267-s0065_tess_v1_lc.fits
213778640,80,mast:HLSP/tess-spoc/s0080/target/0000/0002/1377/8640/hlsp_tess-spoc_tess_phot_0000000213778640-s0080_tess_v1_lc.fits,hlsp_tess-spoc_tess_phot_0000000213778640-s0080_tess_v1_lc.fits
19107258,80,mast:HLSP/tess-spoc/s0080/target/0000/0000/1910/7258/hlsp_tess-spoc_tess_phot_0000000019107258-s0080_tess_v1_lc.fits,hlsp_tess-spoc_tess_phot_0000000019107258-s0080_tess_v1_lc.fits
207877828,65,mast:HLSP/tess-spoc/s0065/target/0000/0002/0787/7828/hlsp_tess-spoc_tess_phot_0000000207877828-s0065_tess_v1_lc.fits,hlsp_tess-spoc_tess_phot_0000000207877828-s0065_tess_v1_lc.fits
342296148,65,mast:HLSP/tess-spoc/s0065/target/0000/0003/4229/6148/hlsp_tess-spoc_tess_phot_0000000342296148-s0065_tess_v1_lc.fits,hlsp_tess-spoc_tess_phot_0000000342296148-s0065_tess_v1_lc.fits
395350223,80,mast:HLSP/tess-spoc/s0080/target/0000/0003/9535/0223/hlsp_tess-spoc_tess_phot_0000000395350223-s0080_tess_v1_lc.fits,hlsp_tess-spoc_tess_phot_0000000395350223-s0080_tess_v1_lc.fits
395350223,81,mast:HLSP/tess-spoc/s0081/target/0000/0003/9535/0223/hlsp_tess-spoc_tess_phot_0000000395350223-s0081_tess_v1_lc.fits,hlsp_tess-spoc_tess_phot_0000000395350223-s0081_tess_v1_lc.fits
231135226,66,mast:HLSP/tess-spoc/s0066/target/0000/0002/3113/5226/hlsp_tess-spoc_tess_phot_0000000231135226-s0066_tess_v1_lc.fits,hlsp_tess-spoc_tess_phot_0000000231135226-s0066_tess_v1_lc.fits
132914480,63,mast:HLSP/tess-spoc/s0063/target/0000/0001/3291/4480/hlsp_tess-spoc_tess_phot_0000000132914480-s0063_tess_v1_lc.fits,hlsp_tess-spoc_tess_phot_0000000132914480-s0063_tess_v1_lc.fits
42658375,66,mast:HLSP/tess-spoc/s0066/target/0000/0000/4265/8375/hlsp_tess-spoc_tess_phot_0000000042658375-s0066_tess_v1_lc.fits,hlsp_tess-spoc_tess_phot_0000000042658375-s0066_tess_v1_lc.fits
5557218,80,mast:HLSP/tess-spoc/s0080/target/0000/0000/0555/7218/hlsp_tess-spoc_tess_phot_0000000005557218-s0080_tess_v1_lc.fits,hlsp_tess-spoc_tess_phot_0000000005557218-s0080_tess_v1_lc.fits
455299121,65,mast:HLSP/tess-spoc/s0065/target/0000/0004/5529/9121/hlsp_tess-spoc_tess_phot_0000000455299121-s0065_tess_v1_lc.fits,hlsp_tess-spoc_tess_phot_0000000455299121-s0065_tess_v1_lc.fits
227288191,80,mast:HLSP/tess-spoc/s0080/target/0000/0002/2728/8191/hlsp_tess-spoc_tess_phot_0000000227288191-s0080_tess_v1_lc.fits,hlsp_tess-spoc_tess_phot_0000000227288191-s0080_tess_v1_lc.fits
215994292,65,mast:HLSP/tess-spoc/s0065/target/0000/0002/1599/4292/hlsp_tess-spoc_tess_phot_0000000215994292-s0065_tess_v1_lc.fits,hlsp_tess-spoc_tess_phot_0000000215994292-s0065_tess_v1_lc.fits
279143472,65,mast:HLSP/tess-spoc/s0065/target/0000/0002/7914/3472/hlsp_tess-spoc_tess_phot_0000000279143472-s0065_tess_v1_lc.fits,hlsp_tess-spoc_tess_phot_0000000279143472-s0065_tess_v1_lc.fits
418872661,65,mast:HLSP/tess-spoc/s0065/target/0000/0004/1887/2661/hlsp_tess-spoc_tess_phot_0000000418872661-s0065_tess_v1_lc.fits,hlsp_tess-spoc_tess_phot_0000000418872661-s0065_tess_v1_lc.fits
122430038,66,mast:HLSP/tess-spoc/s0066/target/0000/0001/2243/0038/hlsp_tess-spoc_tess_phot_0000000122430038-s0066_tess_v1_lc.fits,hlsp_tess-spoc_tess_phot_0000000122430038-s0066_tess_v1_lc.fits
41745717,65,mast:HLSP/tess-spoc/s0065/target/0000/0000/4174/5717/hlsp_tess-spoc_tess_phot_0000000041745717-s0065_tess_v1_lc.fits,hlsp_tess-spoc_tess_phot_0000000041745717-s0065_tess_v1_lc.fits
340494026,66,mast:HLSP/tess-spoc/s0066/target/0000/0003/4049/4026/hlsp_tess-spoc_tess_phot_0000000340494026-s0066_tess_v1_lc.fits,hlsp_tess-spoc_tess_phot_0000000340494026-s0066_tess_v1_lc.fits
454096513,65,mast:HLSP/tess-spoc/s0065/target/0000/0004/5409/6513/hlsp_tess-spoc_tess_phot_0000000454096513-s0065_tess_v1_lc.fits,hlsp_tess-spoc_tess_phot_0000000454096513-s0065_tess_v1_lc.fits
230585124,66,mast:HLSP/tess-spoc/s0066/target/0000/0002/3058/5124/hlsp_tess-spoc_tess_phot_0000000230585124-s0066_tess_v1_lc.fits,hlsp_tess-spoc_tess_phot_0000000230585124-s0066_tess_v1_lc.fits
15224081,80,mast:HLSP/tess-spoc/s0080/target/0000/0000/1522/4081/hlsp_tess-spoc_tess_phot_0000000015224081-s0080_tess_v1_lc.fits,hlsp_tess-spoc_tess_phot_0000000015224081-s0080_tess_v1_lc.fits
202818145,80,mast:HLSP/tess-spoc/s0080/target/0000/0002/0281/8145/hlsp_tess-spoc_tess_phot_0000000202818145-s0080_tess_v1_lc.fits,hlsp_tess-spoc_tess_phot_0000000202818145-s0080_tess_v1_lc.fits
282830040,65,mast:HLSP/tess-spoc/s0065/target/0000/0002/8283/0040/hlsp_tess-spoc_tess_phot_0000000282830040-s0065_tess_v1_lc.fits,hlsp_tess-spoc_tess_phot_0000000282830040-s0065_tess_v1_lc.fits
216280743,66,mast:HLSP/tess-spoc/s0066/target/0000/0002/1628/0743/hlsp_tess-spoc_tess_phot_0000000216280743-s0066_tess_v1_lc.fits,hlsp_tess-spoc_tess_phot_0000000216280743-s0066_tess_v1_lc.fits
284879446,65,mast:HLSP/tess-spoc/s0065/target/0000/0002/8487/9446/hlsp_tess-spoc_tess_phot_0000000284879446-s0065_tess_v1_lc.fits,hlsp_tess-spoc_tess_phot_0000000284879446-s0065_tess_v1_lc.fits
412621664,65,mast:HLSP/tess-spoc/s0065/target/0000/0004/1262/1664/hlsp_tess-spoc_tess_phot_0000000412621664-s0065_tess_v1_lc.fits,hlsp_tess-spoc_tess_phot_0000000412621664-s0065_tess_v1_lc.fits
15367664,80,mast:HLSP/tess-spoc/s0080/target/0000/0000/1536/7664/hlsp_tess-spoc_tess_phot_0000000015367664-s0080_tess_v1_lc.fits,hlsp_tess-spoc_tess_phot_0000000015367664-s0080_tess_v1_lc.fits
299180003,65,mast:HLSP/tess-spoc/s0065/target/0000/0002/9918/0003/hlsp_tess-spoc_tess_phot_0000000299180003-s0065_tess_v1_lc.fits,hlsp_tess-spoc_tess_phot_0000000299180003-s0065_tess_v1_lc.fits
332244581,80,mast:HLSP/tess-spoc/s0080/target/0000/0003/3224/4581/hlsp_tess-spoc_tess_phot_0000000332244581-s0080_tess_v1_lc.fits,hlsp_tess-spoc_tess_phot_0000000332244581-s0080_tess_v1_lc.fits
76124336,65,mast:HLSP/tess-spoc/s0065/target/0000/0000/7612/4336/hlsp_tess-spoc_tess_phot_0000000076124336-s0065_tess_v1_lc.fits,hlsp_tess-spoc_tess_phot_0000000076124336-s0065_tess_v1_lc.fits
413984706,65,mast:HLSP/tess-spoc/s0065/target/0000/0004/1398/4706/hlsp_tess-spoc_tess_phot_0000000413984706-s0065_tess_v1_lc.fits,hlsp_tess-spoc_tess_phot_0000000413984706-s0065_tess_v1_lc.fits
109334574,80,mast:HLSP/tess-spoc/s0080/target/0000/0001/0933/4574/hlsp_tess-spoc_tess_phot_0000000109334574-s0080_tess_v1_lc.fits,hlsp_tess-spoc_tess_phot_0000000109334574-s0080_tess_v1_lc.fits
175432410,80,mast:HLSP/tess-spoc/s0080/target/0000/0001/7543/2410/hlsp_tess-spoc_tess_phot_0000000175432410-s0080_tess_v1_lc.fits,hlsp_tess-spoc_tess_phot_0000000175432410-s0080_tess_v1_lc.fits
202333394,80,mast:HLSP/tess-spoc/s0080/target/0000/0002/0233/3394/hlsp_tess-spoc_tess_phot_0000000202333394-s0080_tess_v1_lc.fits,hlsp_tess-spoc_tess_phot_0000000202333394-s0080_tess_v1_lc.fits
222858152,80,mast:HLSP/tess-spoc/s0080/target/0000/0002/2285/8152/hlsp_tess-spoc_tess_phot_0000000222858152-s0080_tess_v1_lc.fits,hlsp_tess-spoc_tess_phot_0000000222858152-s0080_tess_v1_lc.fits
283116373,65,mast:HLSP/tess-spoc/s0065/target/0000/0002/8311/6373/hlsp_tess-spoc_tess_phot_0000000283116373-s0065_tess_v1_lc.fits,hlsp_tess-spoc_tess_phot_0000000283116373-s0065_tess_v1_lc.fits
214400489,80,mast:HLSP/tess-spoc/s0080/target/0000/0002/1440/0489/hlsp_tess-spoc_tess_phot_0000000214400489-s0080_tess_v1_lc.fits,hlsp_tess-spoc_tess_phot_0000000214400489-s0080_tess_v1_lc.fits
155497058,66,mast:HLSP/tess-spoc/s0066/target/0000/0001/5549/7058/hlsp_tess-spoc_tess_phot_0000000155497058-s0066_tess_v1_lc.fits,hlsp_tess-spoc_tess_phot_0000000155497058-s0066_tess_v1_lc.fits
263416976,65,mast:HLSP/tess-spoc/s0065/target/0000/0002/6341/6976/hlsp_tess-spoc_tess_phot_0000000263416976-s0065_tess_v1_lc.fits,hlsp_tess-spoc_tess_phot_0000000263416976-s0065_tess_v1_lc.fits
15109953,80,mast:HLSP/tess-spoc/s0080/target/0000/0000/1510/9953/hlsp_tess-spoc_tess_phot_0000000015109953-s0080_tess_v1_lc.fits,hlsp_tess-spoc_tess_phot_0000000015109953-s0080_tess_v1_lc.fits
204522252,80,mast:HLSP/tess-spoc/s0080/target/0000/0002/0452/2252/hlsp_tess-spoc_tess_phot_0000000204522252-s0080_tess_v1_lc.fits,hlsp_tess-spoc_tess_phot_0000000204522252-s0080_tess_v1_lc.fits
223220067,80,mast:HLSP/tess-spoc/s0080/target/0000/0002/2322/0067/hlsp_tess-spoc_tess_phot_0000000223220067-s0080_tess_v1_lc.fits,hlsp_tess-spoc_tess_phot_0000000223220067-s0080_tess_v1_lc.fits
228516999,80,mast:HLSP/tess-spoc/s0080/target/0000/0002/2851/6999/hlsp_tess-spoc_tess_phot_0000000228516999-s0080_tess_v1_lc.fits,hlsp_tess-spoc_tess_phot_0000000228516999-s0080_tess_v1_lc.fits
212903688,80,mast:HLSP/tess-spoc/s0080/target/0000/0002/1290/3688/hlsp_tess-spoc_tess_phot_0000000212903688-s0080_tess_v1_lc.fits,hlsp_tess-spoc_tess_phot_0000000212903688-s0080_tess_v1_lc.fits
290722951,65,mast:HLSP/tess-spoc/s0065/target/0000/0002/9072/2951/hlsp_tess-spoc_tess_phot_0000000290722951-s0065_tess_v1_lc.fits,hlsp_tess-spoc_tess_phot_0000000290722951-s0065_tess_v1_lc.fits
119200203,80,mast:HLSP/tess-spoc/s0080/target/0000/0001/1920/0203/hlsp_tess-spoc_tess_phot_0000000119200203-s0080_tess_v1_lc.fits,hlsp_tess-spoc_tess_phot_0000000119200203-s0080_tess_v1_lc.fits
433218921,80,mast:HLSP/tess-spoc/s0080/target/0000/0004/3321/8921/hlsp_tess-spoc_tess_phot_0000000433218921-s0080_tess_v1_lc.fits,hlsp_tess-spoc_tess_phot_0000000433218921-s0080_tess_v1_lc.fits
146796353,80,mast:HLSP/tess-spoc/s0080/target/0000/0001/4679/6353/hlsp_tess-spoc_tess_phot_0000000146796353-s0080_tess_v1_lc.fits,hlsp_tess-spoc_tess_phot_0000000146796353-s0080_tess_v1_lc.fits
279682801,65,mast:HLSP/tess-spoc/s0065/target/0000/0002/7968/2801/hlsp_tess-spoc_tess_phot_0000000279682801-s0065_tess_v1_lc.fits,hlsp_tess-spoc_tess_phot_0000000279682801-s0065_tess_v1_lc.fits
151820171,66,mast:HLSP/tess-spoc/s0066/target/0000/0001/5182/0171/hlsp_tess-spoc_tess_phot_0000000151820171-s0066_tess_v1_lc.fits,hlsp_tess-spoc_tess_phot_0000000151820171-s0066_tess_v1_lc.fits
465194715,66,mast:HLSP/tess-spoc/s0066/target/0000/0004/6519/4715/hlsp_tess-spoc_tess_phot_0000000465194715-s0066_tess_v1_lc.fits,hlsp_tess-spoc_tess_phot_0000000465194715-s0066_tess_v1_lc.fits
53517617,80,mast:HLSP/tess-spoc/s0080/target/0000/0000/5351/7617/hlsp_tess-spoc_tess_phot_0000000053517617-s0080_tess_v1_lc.fits,hlsp_tess-spoc_tess_phot_0000000053517617-s0080_tess_v1_lc.fits
150221556,61,mast:HLSP/tess-spoc/s0061/target/0000/0001/5022/1556/hlsp_tess-spoc_tess_phot_0000000150221556-s0061_tess_v1_lc.fits,hlsp_tess-spoc_tess_phot_0000000150221556-s0061_tess_v1_lc.fits
410772679,65,mast:HLSP/tess-spoc/s0065/target/0000/0004/1077/2679/hlsp_tess-spoc_tess_phot_0000000410772679-s0065_tess_v1_lc.fits,hlsp_tess-spoc_tess_phot_0000000410772679-s0065_tess_v1_lc.fits
295472167,65,mast:HLSP/tess-spoc/s0065/target/0000/0002/9547/2167/hlsp_tess-spoc_tess_phot_0000000295472167-s0065_tess_v1_lc.fits,hlsp_tess-spoc_tess_phot_0000000295472167-s0065_tess_v1_lc.fits
336360588,65,mast:HLSP/tess-spoc/s0065/target/0000/0003/3636/0588/hlsp_tess-spoc_tess_phot_0000000336360588-s0065_tess_v1_lc.fits,hlsp_tess-spoc_tess_phot_0000000336360588-s0065_tess_v1_lc.fits
234191322,66,mast:HLSP/tess-spoc/s0066/target/0000/0002/3419/1322/hlsp_tess-spoc_tess_phot_0000000234191322-s0066_tess_v1_lc.fits,hlsp_tess-spoc_tess_phot_0000000234191322-s0066_tess_v1_lc.fits
118242598,80,mast:HLSP/tess-spoc/s0080/target/0000/0001/1824/2598/hlsp_tess-spoc_tess_phot_0000000118242598-s0080_tess_v1_lc.fits,hlsp_tess-spoc_tess_phot_0000000118242598-s0080_tess_v1_lc.fits
54301472,80,mast:HLSP/tess-spoc/s0080/target/0000/0000/5430/1472/hlsp_tess-spoc_tess_phot_0000000054301472-s0080_tess_v1_lc.fits,hlsp_tess-spoc_tess_phot_0000000054301472-s0080_tess_v1_lc.fits
234972816,66,mast:HLSP/tess-spoc/s0066/target/0000/0002/3497/2816/hlsp_tess-spoc_tess_phot_0000000234972816-s0066_tess_v1_lc.fits,hlsp_tess-spoc_tess_phot_0000000234972816-s0066_tess_v1_lc.fits
394749519,80,mast:HLSP/tess-spoc/s0080/target/0000/0003/9474/9519/hlsp_tess-spoc_tess_phot_0000000394749519-s0080_tess_v1_lc.fits,hlsp_tess-spoc_tess_phot_0000000394749519-s0080_tess_v1_lc.fits
394749519,81,mast:HLSP/tess-spoc/s0081/target/0000/0003/9474/9519/hlsp_tess-spoc_tess_phot_0000000394749519-s0081_tess_v1_lc.fits,hlsp_tess-spoc_tess_phot_0000000394749519-s0081_tess_v1_lc.fits
414474085,65,mast:HLSP/tess-spoc/s0065/target/0000/0004/1447/4085/hlsp_tess-spoc_tess_phot_0000000414474085-s0065_tess_v1_lc.fits,hlsp_tess-spoc_tess_phot_0000000414474085-s0065_tess_v1_lc.fits
191187448,62,mast:HLSP/tess-spoc/s0062/target/0000/0001/9118/7448/hlsp_tess-spoc_tess_phot_0000000191187448-s0062_tess_v1_lc.fits,hlsp_tess-spoc_tess_phot_0000000191187448-s0062_tess_v1_lc.fits
340297389,80,mast:HLSP/tess-spoc/s0080/target/0000/0003/4029/7389/hlsp_tess-spoc_tess_phot_0000000340297389-s0080_tess_v1_lc.fits,hlsp_tess-spoc_tess_phot_0000000340297389-s0080_tess_v1_lc.fits
460515254,64,mast:HLSP/tess-spoc/s0064/target/0000/0004/6051/5254/hlsp_tess-spoc_tess_phot_0000000460515254-s0064_tess_v1_lc.fits,hlsp_tess-spoc_tess_phot_0000000460515254-s0064_tess_v1_lc.fits
215038998,65,mast:HLSP/tess-spoc/s0065/target/0000/0002/1503/8998/hlsp_tess-spoc_tess_phot_0000000215038998-s0065_tess_v1_lc.fits,hlsp_tess-spoc_tess_phot_0000000215038998-s0065_tess_v1_lc.fits
289698287,65,mast:HLSP/tess-spoc/s0065/target/0000/0002/8969/8287/hlsp_tess-spoc_tess_phot_0000000289698287-s0065_tess_v1_lc.fits,hlsp_tess-spoc_tess_phot_0000000289698287-s0065_tess_v1_lc.fits
331673445,65,mast:HLSP/tess-spoc/s0065/target/0000/0003/3167/3445/hlsp_tess-spoc_tess_phot_0000000331673445-s0065_tess_v1_lc.fits,hlsp_tess-spoc_tess_phot_0000000331673445-s0065_tess_v1_lc.fits
460515254,65,mast:HLSP/tess-spoc/s0065/target/0000/0004/6051/5254/hlsp_tess-spoc_tess_phot_0000000460515254-s0065_tess_v1_lc.fits,hlsp_tess-spoc_tess_phot_0000000460515254-s0065_tess_v1_lc.fits
183099123,80,mast:HLSP/tess-spoc/s0080/target/0000/0001/8309/9123/hlsp_tess-spoc_tess_phot_0000000183099123-s0080_tess_v1_lc.fits,hlsp_tess-spoc_tess_phot_0000000183099123-s0080_tess_v1_lc.fits
188796762,65,mast:HLSP/tess-spoc/s0065/target/0000/0001/8879/6762/hlsp_tess-spoc_tess_phot_0000000188796762-s0065_tess_v1_lc.fits,hlsp_tess-spoc_tess_phot_0000000188796762-s0065_tess_v1_lc.fits
268204299,65,mast:HLSP/tess-spoc/s0065/target/0000/0002/6820/4299/hlsp_tess-spoc_tess_phot_0000000268204299-s0065_tess_v1_lc.fits,hlsp_tess-spoc_tess_phot_0000000268204299-s0065_tess_v1_lc.fits
182397052,80,mast:HLSP/tess-spoc/s0080/target/0000/0001/8239/7052/hlsp_tess-spoc_tess_phot_0000000182397052-s0080_tess_v1_lc.fits,hlsp_tess-spoc_tess_phot_0000000182397052-s0080_tess_v1_lc.fits
161593508,65,mast:HLSP/tess-spoc/s0065/target/0000/0001/6159/3508/hlsp_tess-spoc_tess_phot_0000000161593508-s0065_tess_v1_lc.fits,hlsp_tess-spoc_tess_phot_0000000161593508-s0065_tess_v1_lc.fits
43340730,65,mast:HLSP/tess-spoc/s0065/target/0000/0000/4334/0730/hlsp_tess-spoc_tess_phot_0000000043340730-s0065_tess_v1_lc.fits,hlsp_tess-spoc_tess_phot_0000000043340730-s0065_tess_v1_lc.fits
224821622,66,mast:HLSP/tess-spoc/s0066/target/0000/0002/2482/1622/hlsp_tess-spoc_tess_phot_0000000224821622-s0066_tess_v1_lc.fits,hlsp_tess-spoc_tess_phot_0000000224821622-s0066_tess_v1_lc.fits
236838910,66,mast:HLSP/tess-spoc/s0066/target/0000/0002/3683/8910/hlsp_tess-spoc_tess_phot_0000000236838910-s0066_tess_v1_lc.fits,hlsp_tess-spoc_tess_phot_0000000236838910-s0066_tess_v1_lc.fits
53349744,80,mast:HLSP/tess-spoc/s0080/target/0000/0000/5334/9744/hlsp_tess-spoc_tess_phot_0000000053349744-s0080_tess_v1_lc.fits,hlsp_tess-spoc_tess_phot_0000000053349744-s0080_tess_v1_lc.fits
385122358,80,mast:HLSP/tess-spoc/s0080/target/0000/0003/8512/2358/hlsp_tess-spoc_tess_phot_0000000385122358-s0080_tess_v1_lc.fits,hlsp_tess-spoc_tess_phot_0000000385122358-s0080_tess_v1_lc.fits
14580711,65,mast:HLSP/tess-spoc/s0065/target/0000/0000/1458/0711/hlsp_tess-spoc_tess_phot_0000000014580711-s0065_tess_v1_lc.fits,hlsp_tess-spoc_tess_phot_0000000014580711-s0065_tess_v1_lc.fits
184891453,80,mast:HLSP/tess-spoc/s0080/target/0000/0001/8489/1453/hlsp_tess-spoc_tess_phot_0000000184891453-s0080_tess_v1_lc.fits,hlsp_tess-spoc_tess_phot_0000000184891453-s0080_tess_v1_lc.fits
253318028,37,mast:HLSP/tess-spoc/s0037/target/0000/0002/5331/8028/hlsp_tess-spoc_tess_phot_0000000253318028-s0037_tess_v1_lc.fits,hlsp_tess-spoc_tess_phot_0000000253318028-s0037_tess_v1_lc.fits
253318028,38,mast:HLSP/tess-spoc/s0038/target/0000/0002/5331/8028/hlsp_tess-spoc_tess_phot_0000000253318028-s0038_tess_v1_lc.fits,hlsp_tess-spoc_tess_phot_0000000253318028-s0038_tess_v1_lc.fits
395249032,80,mast:HLSP/tess-spoc/s0080/target/0000/0003/9524/9032/hlsp_tess-spoc_tess_phot_0000000395249032-s0080_tess_v1_lc.fits,hlsp_tess-spoc_tess_phot_0000000395249032-s0080_tess_v1_lc.fits
395249032,81,mast:HLSP/tess-spoc/s0081/target/0000/0003/9524/9032/hlsp_tess-spoc_tess_phot_0000000395249032-s0081_tess_v1_lc.fits,hlsp_tess-spoc_tess_phot_0000000395249032-s0081_tess_v1_lc.fits
107063465,80,mast:HLSP/tess-spoc/s0080/target/0000/0001/0706/3465/hlsp_tess-spoc_tess_phot_0000000107063465-s0080_tess_v1_lc.fits,hlsp_tess-spoc_tess_phot_0000000107063465-s0080_tess_v1_lc.fits
140201744,61,mast:HLSP/tess-spoc/s0061/target/0000/0001/4020/1744/hlsp_tess-spoc_tess_phot_0000000140201744-s0061_tess_v1_lc.fits,hlsp_tess-spoc_tess_phot_0000000140201744-s0061_tess_v1_lc.fits
140201744,62,mast:HLSP/tess-spoc/s0062/target/0000/0001/4020/1744/hlsp_tess-spoc_tess_phot_0000000140201744-s0062_tess_v1_lc.fits,hlsp_tess-spoc_tess_phot_0000000140201744-s0062_tess_v1_lc.fits
399989113,38,mast:HLSP/tess-spoc/s0038/target/0000/0003/9998/9113/hlsp_tess-spoc_tess_phot_0000000399989113-s0038_tess_v1_lc.fits,hlsp_tess-spoc_tess_phot_0000000399989113-s0038_tess_v1_lc.fits
315959570,65,mast:HLSP/tess-spoc/s0065/target/0000/0003/1595/9570/hlsp_tess-spoc_tess_phot_0000000315959570-s0065_tess_v1_lc.fits,hlsp_tess-spoc_tess_phot_0000000315959570-s0065_tess_v1_lc.fits
233869497,66,mast:HLSP/tess-spoc/s0066/target/0000/0002/3386/9497/hlsp_tess-spoc_tess_phot_0000000233869497-s0066_tess_v1_lc.fits,hlsp_tess-spoc_tess_phot_0000000233869497-s0066_tess_v1_lc.fits
43095725,65,mast:HLSP/tess-spoc/s0065/target/0000/0000/4309/5725/hlsp_tess-spoc_tess_phot_0000000043095725-s0065_tess_v1_lc.fits,hlsp_tess-spoc_tess_phot_0000000043095725-s0065_tess_v1_lc.fits
142993802,65,mast:HLSP/tess-spoc/s0065/target/0000/0001/4299/3802/hlsp_tess-spoc_tess_phot_0000000142993802-s0065_tess_v1_lc.fits,hlsp_tess-spoc_tess_phot_0000000142993802-s0065_tess_v1_lc.fits
229323890,66,mast:HLSP/tess-spoc/s0066/target/0000/0002/2932/3890/hlsp_tess-spoc_tess_phot_0000000229323890-s0066_tess_v1_lc.fits,hlsp_tess-spoc_tess_phot_0000000229323890-s0066_tess_v1_lc.fits
373536491,80,mast:HLSP/tess-spoc/s0080/target/0000/0003/7353/6491/hlsp_tess-spoc_tess_phot_0000000373536491-s0080_tess_v1_lc.fits,hlsp_tess-spoc_tess_phot_0000000373536491-s0080_tess_v1_lc.fits
270639631,65,mast:HLSP/tess-spoc/s0065/target/0000/0002/7063/9631/hlsp_tess-spoc_tess_phot_0000000270639631-s0065_tess_v1_lc.fits,hlsp_tess-spoc_tess_phot_0000000270639631-s0065_tess_v1_lc.fits
190714420,65,mast:HLSP/tess-spoc/s0065/target/0000/0001/9071/4420/hlsp_tess-spoc_tess_phot_0000000190714420-s0065_tess_v1_lc.fits,hlsp_tess-spoc_tess_phot_0000000190714420-s0065_tess_v1_lc.fits
276214450,65,mast:HLSP/tess-spoc/s0065/target/0000/0002/7621/4450/hlsp_tess-spoc_tess_phot_0000000276214450-s0065_tess_v1_lc.fits,hlsp_tess-spoc_tess_phot_0000000276214450-s0065_tess_v1_lc.fits
36872696,65,mast:HLSP/tess-spoc/s0065/target/0000/0000/3687/2696/hlsp_tess-spoc_tess_phot_0000000036872696-s0065_tess_v1_lc.fits,hlsp_tess-spoc_tess_phot_0000000036872696-s0065_tess_v1_lc.fits
56307142,80,mast:HLSP/tess-spoc/s0080/target/0000/0000/5630/7142/hlsp_tess-spoc_tess_phot_0000000056307142-s0080_tess_v1_lc.fits,hlsp_tess-spoc_tess_phot_0000000056307142-s0080_tess_v1_lc.fits
177304434,80,mast:HLSP/tess-spoc/s0080/target/0000/0001/7730/4434/hlsp_tess-spoc_tess_phot_0000000177304434-s0080_tess_v1_lc.fits,hlsp_tess-spoc_tess_phot_0000000177304434-s0080_tess_v1_lc.fits
178308611,80,mast:HLSP/tess-spoc/s0080/target/0000/0001/7830/8611/hlsp_tess-spoc_tess_phot_0000000178308611-s0080_tess_v1_lc.fits,hlsp_tess-spoc_tess_phot_0000000178308611-s0080_tess_v1_lc.fits
386445702,80,mast:HLSP/tess-spoc/s0080/target/0000/0003/8644/5702/hlsp_tess-spoc_tess_phot_0000000386445702-s0080_tess_v1_lc.fits,hlsp_tess-spoc_tess_phot_0000000386445702-s0080_tess_v1_lc.fits
90023452,65,mast:HLSP/tess-spoc/s0065/target/0000/0000/9002/3452/hlsp_tess-spoc_tess_phot_0000000090023452-s0065_tess_v1_lc.fits,hlsp_tess-spoc_tess_phot_0000000090023452-s0065_tess_v1_lc.fits
31894644,66,mast:HLSP/tess-spoc/s0066/target/0000/0000/3189/4644/hlsp_tess-spoc_tess_phot_0000000031894644-s0066_tess_v1_lc.fits,hlsp_tess-spoc_tess_phot_0000000031894644-s0066_tess_v1_lc.fits
117180439,80,mast:HLSP/tess-spoc/s0080/target/0000/0001/1718/0439/hlsp_tess-spoc_tess_phot_0000000117180439-s0080_tess_v1_lc.fits,hlsp_tess-spoc_tess_phot_0000000117180439-s0080_tess_v1_lc.fits
216574228,80,mast:HLSP/tess-spoc/s0080/target/0000/0002/1657/4228/hlsp_tess-spoc_tess_phot_0000000216574228-s0080_tess_v1_lc.fits,hlsp_tess-spoc_tess_phot_0000000216574228-s0080_tess_v1_lc.fits
424348493,80,mast:HLSP/tess-spoc/s0080/target/0000/0004/2434/8493/hlsp_tess-spoc_tess_phot_0000000424348493-s0080_tess_v1_lc.fits,hlsp_tess-spoc_tess_phot_0000000424348493-s0080_tess_v1_lc.fits
107711842,80,mast:HLSP/tess-spoc/s0080/target/0000/0001/0771/1842/hlsp_tess-spoc_tess_phot_0000000107711842-s0080_tess_v1_lc.fits,hlsp_tess-spoc_tess_phot_0000000107711842-s0080_tess_v1_lc.fits
57318739,80,mast:HLSP/tess-spoc/s0080/target/0000/0000/5731/8739/hlsp_tess-spoc_tess_phot_0000000057318739-s0080_tess_v1_lc.fits,hlsp_tess-spoc_tess_phot_0000000057318739-s0080_tess_v1_lc.fits
198427646,80,mast:HLSP/tess-spoc/s0080/target/0000/0001/9842/7646/hlsp_tess-spoc_tess_phot_0000000198427646-s0080_tess_v1_lc.fits,hlsp_tess-spoc_tess_phot_0000000198427646-s0080_tess_v1_lc.fits
284947149,65,mast:HLSP/tess-spoc/s0065/target/0000/0002/8494/7149/hlsp_tess-spoc_tess_phot_0000000284947149-s0065_tess_v1_lc.fits,hlsp_tess-spoc_tess_phot_0000000284947149-s0065_tess_v1_lc.fits
291182776,65,mast:HLSP/tess-spoc/s0065/target/0000/0002/9118/2776/hlsp_tess-spoc_tess_phot_0000000291182776-s0065_tess_v1_lc.fits,hlsp_tess-spoc_tess_phot_0000000291182776-s0065_tess_v1_lc.fits
97329414,66,mast:HLSP/tess-spoc/s0066/target/0000/0000/9732/9414/hlsp_tess-spoc_tess_phot_0000000097329414-s0066_tess_v1_lc.fits,hlsp_tess-spoc_tess_phot_0000000097329414-s0066_tess_v1_lc.fits
188926369,66,mast:HLSP/tess-spoc/s0066/target/0000/0001/8892/6369/hlsp_tess-spoc_tess_phot_0000000188926369-s0066_tess_v1_lc.fits,hlsp_tess-spoc_tess_phot_0000000188926369-s0066_tess_v1_lc.fits
182200643,80,mast:HLSP/tess-spoc/s0080/target/0000/0001/8220/0643/hlsp_tess-spoc_tess_phot_0000000182200643-s0080_tess_v1_lc.fits,hlsp_tess-spoc_tess_phot_0000000182200643-s0080_tess_v1_lc.fits
457481792,63,mast:HLSP/tess-spoc/s0063/target/0000/0004/5748/1792/hlsp_tess-spoc_tess_phot_0000000457481792-s0063_tess_v1_lc.fits,hlsp_tess-spoc_tess_phot_0000000457481792-s0063_tess_v1_lc.fits
457481792,64,mast:HLSP/tess-spoc/s0064/target/0000/0004/5748/1792/hlsp_tess-spoc_tess_phot_0000000457481792-s0064_tess_v1_lc.fits,hlsp_tess-spoc_tess_phot_0000000457481792-s0064_tess_v1_lc.fits
95015362,80,mast:HLSP/tess-spoc/s0080/target/0000/0000/9501/5362/hlsp_tess-spoc_tess_phot_0000000095015362-s0080_tess_v1_lc.fits,hlsp_tess-spoc_tess_phot_0000000095015362-s0080_tess_v1_lc.fits
387026728,80,mast:HLSP/tess-spoc/s0080/target/0000/0003/8702/6728/hlsp_tess-spoc_tess_phot_0000000387026728-s0080_tess_v1_lc.fits,hlsp_tess-spoc_tess_phot_0000000387026728-s0080_tess_v1_lc.fits
397749599,80,mast:HLSP/tess-spoc/s0080/target/0000/0003/9774/9599/hlsp_tess-spoc_tess_phot_0000000397749599-s0080_tess_v1_lc.fits,hlsp_tess-spoc_tess_phot_0000000397749599-s0080_tess_v1_lc.fits
397749599,81,mast:HLSP/tess-spoc/s0081/target/0000/0003/9774/9599/hlsp_tess-spoc_tess_phot_0000000397749599-s0081_tess_v1_lc.fits,hlsp_tess-spoc_tess_phot_0000000397749599-s0081_tess_v1_lc.fits
42138736,65,mast:HLSP/tess-spoc/s0065/target/0000/0000/4213/8736/hlsp_tess-spoc_tess_phot_0000000042138736-s0065_tess_v1_lc.fits,hlsp_tess-spoc_tess_phot_0000000042138736-s0065_tess_v1_lc.fits
214907632,65,mast:HLSP/tess-spoc/s0065/target/0000/0002/1490/7632/hlsp_tess-spoc_tess_phot_0000000214907632-s0065_tess_v1_lc.fits,hlsp_tess-spoc_tess_phot_0000000214907632-s0065_tess_v1_lc.fits
338336047,66,mast:HLSP/tess-spoc/s0066/target/0000/0003/3833/6047/hlsp_tess-spoc_tess_phot_0000000338336047-s0066_tess_v1_lc.fits,hlsp_tess-spoc_tess_phot_0000000338336047-s0066_tess_v1_lc.fits
55911447,80,mast:HLSP/tess-spoc/s0080/target/0000/0000/5591/1447/hlsp_tess-spoc_tess_phot_0000000055911447-s0080_tess_v1_lc.fits,hlsp_tess-spoc_tess_phot_0000000055911447-s0080_tess_v1_lc.fits
438563063,64,mast:HLSP/tess-spoc/s0064/target/0000/0004/3856/3063/hlsp_tess-spoc_tess_phot_0000000438563063-s0064_tess_v1_lc.fits,hlsp_tess-spoc_tess_phot_0000000438563063-s0064_tess_v1_lc.fits
210850936,65,mast:HLSP/tess-spoc/s0065/target/0000/0002/1085/0936/hlsp_tess-spoc_tess_phot_0000000210850936-s0065_tess_v1_lc.fits,hlsp_tess-spoc_tess_phot_0000000210850936-s0065_tess_v1_lc.fits
438563063,65,mast:HLSP/tess-spoc/s0065/target/0000/0004/3856/3063/hlsp_tess-spoc_tess_phot_0000000438563063-s0065_tess_v1_lc.fits,hlsp_tess-spoc_tess_phot_0000000438563063-s0065_tess_v1_lc.fits
284259358,65,mast:HLSP/tess-spoc/s0065/target/0000/0002/8425/9358/hlsp_tess-spoc_tess_phot_0000000284259358-s0065_tess_v1_lc.fits,hlsp_tess-spoc_tess_phot_0000000284259358-s0065_tess_v1_lc.fits
455715130,65,mast:HLSP/tess-spoc/s0065/target/0000/0004/5571/5130/hlsp_tess-spoc_tess_phot_0000000455715130-s0065_tess_v1_lc.fits,hlsp_tess-spoc_tess_phot_0000000455715130-s0065_tess_v1_lc.fits
17218985,80,mast:HLSP/tess-spoc/s0080/target/0000/0000/1721/8985/hlsp_tess-spoc_tess_phot_0000000017218985-s0080_tess_v1_lc.fits,hlsp_tess-spoc_tess_phot_0000000017218985-s0080_tess_v1_lc.fits
180112055,80,mast:HLSP/tess-spoc/s0080/target/0000/0001/8011/2055/hlsp_tess-spoc_tess_phot_0000000180112055-s0080_tess_v1_lc.fits,hlsp_tess-spoc_tess_phot_0000000180112055-s0080_tess_v1_lc.fits
432349899,80,mast:HLSP/tess-spoc/s0080/target/0000/0004/3234/9899/hlsp_tess-spoc_tess_phot_0000000432349899-s0080_tess_v1_lc.fits,hlsp_tess-spoc_tess_phot_0000000432349899-s0080_tess_v1_lc.fits
107436715,80,mast:HLSP/tess-spoc/s0080/target/0000/0001/0743/6715/hlsp_tess-spoc_tess_phot_0000000107436715-s0080_tess_v1_lc.fits,hlsp_tess-spoc_tess_phot_0000000107436715-s0080_tess_v1_lc.fits
66610196,65,mast:HLSP/tess-spoc/s0065/target/0000/0000/6661/0196/hlsp_tess-spoc_tess_phot_0000000066610196-s0065_tess_v1_lc.fits,hlsp_tess-spoc_tess_phot_0000000066610196-s0065_tess_v1_lc.fits
33312201,62,mast:HLSP/tess-spoc/s0062/target/0000/0000/3331/2201/hlsp_tess-spoc_tess_phot_0000000033312201-s0062_tess_v1_lc.fits,hlsp_tess-spoc_tess_phot_0000000033312201-s0062_tess_v1_lc.fits
33312201,63,mast:HLSP/tess-spoc/s0063/target/0000/0000/3331/2201/hlsp_tess-spoc_tess_phot_0000000033312201-s0063_tess_v1_lc.fits,hlsp_tess-spoc_tess_phot_0000000033312201-s0063_tess_v1_lc.fits
21521496,66,mast:HLSP/tess-spoc/s0066/target/0000/0000/2152/1496/hlsp_tess-spoc_tess_phot_0000000021521496-s0066_tess_v1_lc.fits,hlsp_tess-spoc_tess_phot_0000000021521496-s0066_tess_v1_lc.fits
342925473,80,mast:HLSP/tess-spoc/s0080/target/0000/0003/4292/5473/hlsp_tess-spoc_tess_phot_0000000342925473-s0080_tess_v1_lc.fits,hlsp_tess-spoc_tess_phot_0000000342925473-s0080_tess_v1_lc.fits
342925473,81,mast:HLSP/tess-spoc/s0081/target/0000/0003/4292/5473/hlsp_tess-spoc_tess_phot_0000000342925473-s0081_tess_v1_lc.fits,hlsp_tess-spoc_tess_phot_0000000342925473-s0081_tess_v1_lc.fits
389713097,66,mast:HLSP/tess-spoc/s0066/target/0000/0003/8971/3097/hlsp_tess-spoc_tess_phot_0000000389713097-s0066_tess_v1_lc.fits,hlsp_tess-spoc_tess_phot_0000000389713097-s0066_tess_v1_lc.fits
197339648,80,mast:HLSP/tess-spoc/s0080/target/0000/0001/9733/9648/hlsp_tess-spoc_tess_phot_0000000197339648-s0080_tess_v1_lc.fits,hlsp_tess-spoc_tess_phot_0000000197339648-s0080_tess_v1_lc.fits
397737811,80,mast:HLSP/tess-spoc/s0080/target/0000/0003/9773/7811/hlsp_tess-spoc_tess_phot_0000000397737811-s0080_tess_v1_lc.fits,hlsp_tess-spoc_tess_phot_0000000397737811-s0080_tess_v1_lc.fits
397737811,81,mast:HLSP/tess-spoc/s0081/target/0000/0003/9773/7811/hlsp_tess-spoc_tess_phot_0000000397737811-s0081_tess_v1_lc.fits,hlsp_tess-spoc_tess_phot_0000000397737811-s0081_tess_v1_lc.fits
300206805,63,mast:HLSP/tess-spoc/s0063/target/0000/0003/0020/6805/hlsp_tess-spoc_tess_phot_0000000300206805-s0063_tess_v1_lc.fits,hlsp_tess-spoc_tess_phot_0000000300206805-s0063_tess_v1_lc.fits
389804878,66,mast:HLSP/tess-spoc/s0066/target/0000/0003/8980/4878/hlsp_tess-spoc_tess_phot_0000000389804878-s0066_tess_v1_lc.fits,hlsp_tess-spoc_tess_phot_0000000389804878-s0066_tess_v1_lc.fits
214953411,80,mast:HLSP/tess-spoc/s0080/target/0000/0002/1495/3411/hlsp_tess-spoc_tess_phot_0000000214953411-s0080_tess_v1_lc.fits,hlsp_tess-spoc_tess_phot_0000000214953411-s0080_tess_v1_lc.fits
380306393,66,mast:HLSP/tess-spoc/s0066/target/0000/0003/8030/6393/hlsp_tess-spoc_tess_phot_0000000380306393-s0066_tess_v1_lc.fits,hlsp_tess-spoc_tess_phot_0000000380306393-s0066_tess_v1_lc.fits
106650004,80,mast:HLSP/tess-spoc/s0080/target/0000/0001/0665/0004/hlsp_tess-spoc_tess_phot_0000000106650004-s0080_tess_v1_lc.fits,hlsp_tess-spoc_tess_phot_0000000106650004-s0080_tess_v1_lc.fits
443137632,64,mast:HLSP/tess-spoc/s0064/target/0000/0004/4313/7632/hlsp_tess-spoc_tess_phot_0000000443137632-s0064_tess_v1_lc.fits,hlsp_tess-spoc_tess_phot_0000000443137632-s0064_tess_v1_lc.fits
443137632,65,mast:HLSP/tess-spoc/s0065/target/0000/0004/4313/7632/hlsp_tess-spoc_tess_phot_0000000443137632-s0065_tess_v1_lc.fits,hlsp_tess-spoc_tess_phot_0000000443137632-s0065_tess_v1_lc.fits
221429356,66,mast:HLSP/tess-spoc/s0066/target/0000/0002/2142/9356/hlsp_tess-spoc_tess_phot_0000000221429356-s0066_tess_v1_lc.fits,hlsp_tess-spoc_tess_phot_0000000221429356-s0066_tess_v1_lc.fits
208463890,80,mast:HLSP/tess-spoc/s0080/target/0000/0002/0846/3890/hlsp_tess-spoc_tess_phot_0000000208463890-s0080_tess_v1_lc.fits,hlsp_tess-spoc_tess_phot_0000000208463890-s0080_tess_v1_lc.fits
208463890,81,mast:HLSP/tess-spoc/s0081/target/0000/0002/0846/3890/hlsp_tess-spoc_tess_phot_0000000208463890-s0081_tess_v1_lc.fits,hlsp_tess-spoc_tess_phot_0000000208463890-s0081_tess_v1_lc.fits
222557117,80,mast:HLSP/tess-spoc/s0080/target/0000/0002/2255/7117/hlsp_tess-spoc_tess_phot_0000000222557117-s0080_tess_v1_lc.fits,hlsp_tess-spoc_tess_phot_0000000222557117-s0080_tess_v1_lc.fits
290883843,64,mast:HLSP/tess-spoc/s0064/target/0000/0002/9088/3843/hlsp_tess-spoc_tess_phot_0000000290883843-s0064_tess_v1_lc.fits,hlsp_tess-spoc_tess_phot_0000000290883843-s0064_tess_v1_lc.fits
290883843,65,mast:HLSP/tess-spoc/s0065/target/0000/0002/9088/3843/hlsp_tess-spoc_tess_phot_0000000290883843-s0065_tess_v1_lc.fits,hlsp_tess-spoc_tess_phot_0000000290883843-s0065_tess_v1_lc.fits
450661049,64,mast:HLSP/tess-spoc/s0064/target/0000/0004/5066/1049/hlsp_tess-spoc_tess_phot_0000000450661049-s0064_tess_v1_lc.fits,hlsp_tess-spoc_tess_phot_0000000450661049-s0064_tess_v1_lc.fits
46453769,80,mast:HLSP/tess-spoc/s0080/target/0000/0000/4645/3769/hlsp_tess-spoc_tess_phot_0000000046453769-s0080_tess_v1_lc.fits,hlsp_tess-spoc_tess_phot_0000000046453769-s0080_tess_v1_lc.fits
171245303,80,mast:HLSP/tess-spoc/s0080/target/0000/0001/7124/5303/hlsp_tess-spoc_tess_phot_0000000171245303-s0080_tess_v1_lc.fits,hlsp_tess-spoc_tess_phot_0000000171245303-s0080_tess_v1_lc.fits
178398091,80,mast:HLSP/tess-spoc/s0080/target/0000/0001/7839/8091/hlsp_tess-spoc_tess_phot_0000000178398091-s0080_tess_v1_lc.fits,hlsp_tess-spoc_tess_phot_0000000178398091-s0080_tess_v1_lc.fits
253292962,64,mast:HLSP/tess-spoc/s0064/target/0000/0002/5329/2962/hlsp_tess-spoc_tess_phot_0000000253292962-s0064_tess_v1_lc.fits,hlsp_tess-spoc_tess_phot_0000000253292962-s0064_tess_v1_lc.fits
253292962,65,mast:HLSP/tess-spoc/s0065/target/0000/0002/5329/2962/hlsp_tess-spoc_tess_phot_0000000253292962-s0065_tess_v1_lc.fits,hlsp_tess-spoc_tess_phot_0000000253292962-s0065_tess_v1_lc.fits
208698061,65,mast:HLSP/tess-spoc/s0065/target/0000/0002/0869/8061/hlsp_tess-spoc_tess_phot_0000000208698061-s0065_tess_v1_lc.fits,hlsp_tess-spoc_tess_phot_0000000208698061-s0065_tess_v1_lc.fits
456324838,65,mast:HLSP/tess-spoc/s0065/target/0000/0004/5632/4838/hlsp_tess-spoc_tess_phot_0000000456324838-s0065_tess_v1_lc.fits,hlsp_tess-spoc_tess_phot_0000000456324838-s0065_tess_v1_lc.fits
247429268,66,mast:HLSP/tess-spoc/s0066/target/0000/0002/4742/9268/hlsp_tess-spoc_tess_phot_0000000247429268-s0066_tess_v1_lc.fits,hlsp_tess-spoc_tess_phot_0000000247429268-s0066_tess_v1_lc.fits
224815848,66,mast:HLSP/tess-spoc/s0066/target/0000/0002/2481/5848/hlsp_tess-spoc_tess_phot_0000000224815848-s0066_tess_v1_lc.fits,hlsp_tess-spoc_tess_phot_0000000224815848-s0066_tess_v1_lc.fits
108560008,80,mast:HLSP/tess-spoc/s0080/target/0000/0001/0856/0008/hlsp_tess-spoc_tess_phot_0000000108560008-s0080_tess_v1_lc.fits,hlsp_tess-spoc_tess_phot_0000000108560008-s0080_tess_v1_lc.fits
298925163,62,mast:HLSP/tess-spoc/s0062/target/0000/0002/9892/5163/hlsp_tess-spoc_tess_phot_0000000298925163-s0062_tess_v1_lc.fits,hlsp_tess-spoc_tess_phot_0000000298925163-s0062_tess_v1_lc.fits
298925163,63,mast:HLSP/tess-spoc/s0063/target/0000/0002/9892/5163/hlsp_tess-spoc_tess_phot_0000000298925163-s0063_tess_v1_lc.fits,hlsp_tess-spoc_tess_phot_0000000298925163-s0063_tess_v1_lc.fits
385738639,80,mast:HLSP/tess-spoc/s0080/target/0000/0003/8573/8639/hlsp_tess-spoc_tess_phot_0000000385738639-s0080_tess_v1_lc.fits,hlsp_tess-spoc_tess_phot_0000000385738639-s0080_tess_v1_lc.fits
314401707,65,mast:HLSP/tess-spoc/s0065/target/0000/0003/1440/1707/hlsp_tess-spoc_tess_phot_0000000314401707-s0065_tess_v1_lc.fits,hlsp_tess-spoc_tess_phot_0000000314401707-s0065_tess_v1_lc.fits
33642901,66,mast:HLSP/tess-spoc/s0066/target/0000/0000/3364/2901/hlsp_tess-spoc_tess_phot_0000000033642901-s0066_tess_v1_lc.fits,hlsp_tess-spoc_tess_phot_0000000033642901-s0066_tess_v1_lc.fits
97550024,66,mast:HLSP/tess-spoc/s0066/target/0000/0000/9755/0024/hlsp_tess-spoc_tess_phot_0000000097550024-s0066_tess_v1_lc.fits,hlsp_tess-spoc_tess_phot_0000000097550024-s0066_tess_v1_lc.fits
138843326,65,mast:HLSP/tess-spoc/s0065/target/0000/0001/3884/3326/hlsp_tess-spoc_tess_phot_0000000138843326-s0065_tess_v1_lc.fits,hlsp_tess-spoc_tess_phot_0000000138843326-s0065_tess_v1_lc.fits
58190114,80,mast:HLSP/tess-spoc/s0080/target/0000/0000/5819/0114/hlsp_tess-spoc_tess_phot_0000000058190114-s0080_tess_v1_lc.fits,hlsp_tess-spoc_tess_phot_0000000058190114-s0080_tess_v1_lc.fits
54027483,80,mast:HLSP/tess-spoc/s0080/target/0000/0000/5402/7483/hlsp_tess-spoc_tess_phot_0000000054027483-s0080_tess_v1_lc.fits,hlsp_tess-spoc_tess_phot_0000000054027483-s0080_tess_v1_lc.fits
225966682,80,mast:HLSP/tess-spoc/s0080/target/0000/0002/2596/6682/hlsp_tess-spoc_tess_phot_0000000225966682-s0080_tess_v1_lc.fits,hlsp_tess-spoc_tess_phot_0000000225966682-s0080_tess_v1_lc.fits
31050467,66,mast:HLSP/tess-spoc/s0066/target/0000/0000/3105/0467/hlsp_tess-spoc_tess_phot_0000000031050467-s0066_tess_v1_lc.fits,hlsp_tess-spoc_tess_phot_0000000031050467-s0066_tess_v1_lc.fits
231259550,66,mast:HLSP/tess-spoc/s0066/target/0000/0002/3125/9550/hlsp_tess-spoc_tess_phot_0000000231259550-s0066_tess_v1_lc.fits,hlsp_tess-spoc_tess_phot_0000000231259550-s0066_tess_v1_lc.fits
177184284,80,mast:HLSP/tess-spoc/s0080/target/0000/0001/7718/4284/hlsp_tess-spoc_tess_phot_0000000177184284-s0080_tess_v1_lc.fits,hlsp_tess-spoc_tess_phot_0000000177184284-s0080_tess_v1_lc.fits
178306098,80,mast:HLSP/tess-spoc/s0080/target/0000/0001/7830/6098/hlsp_tess-spoc_tess_phot_0000000178306098-s0080_tess_v1_lc.fits,hlsp_tess-spoc_tess_phot_0000000178306098-s0080_tess_v1_lc.fits
305109727,64,mast:HLSP/tess-spoc/s0064/target/0000/0003/0510/9727/hlsp_tess-spoc_tess_phot_0000000305109727-s0064_tess_v1_lc.fits,hlsp_tess-spoc_tess_phot_0000000305109727-s0064_tess_v1_lc.fits
210561458,80,mast:HLSP/tess-spoc/s0080/target/0000/0002/1056/1458/hlsp_tess-spoc_tess_phot_0000000210561458-s0080_tess_v1_lc.fits,hlsp_tess-spoc_tess_phot_0000000210561458-s0080_tess_v1_lc.fits
210561458,81,mast:HLSP/tess-spoc/s0081/target/0000/0002/1056/1458/hlsp_tess-spoc_tess_phot_0000000210561458-s0081_tess_v1_lc.fits,hlsp_tess-spoc_tess_phot_0000000210561458-s0081_tess_v1_lc.fits
207573356,65,mast:HLSP/tess-spoc/s0065/target/0000/0002/0757/3356/hlsp_tess-spoc_tess_phot_0000000207573356-s0065_tess_v1_lc.fits,hlsp_tess-spoc_tess_phot_0000000207573356-s0065_tess_v1_lc.fits
272116033,65,mast:HLSP/tess-spoc/s0065/target/0000/0002/7211/6033/hlsp_tess-spoc_tess_phot_0000000272116033-s0065_tess_v1_lc.fits,hlsp_tess-spoc_tess_phot_0000000272116033-s0065_tess_v1_lc.fits
381782942,66,mast:HLSP/tess-spoc/s0066/target/0000/0003/8178/2942/hlsp_tess-spoc_tess_phot_0000000381782942-s0066_tess_v1_lc.fits,hlsp_tess-spoc_tess_phot_0000000381782942-s0066_tess_v1_lc.fits
315748355,80,mast:HLSP/tess-spoc/s0080/target/0000/0003/1574/8355/hlsp_tess-spoc_tess_phot_0000000315748355-s0080_tess_v1_lc.fits,hlsp_tess-spoc_tess_phot_0000000315748355-s0080_tess_v1_lc.fits
315748355,81,mast:HLSP/tess-spoc/s0081/target/0000/0003/1574/8355/hlsp_tess-spoc_tess_phot_0000000315748355-s0081_tess_v1_lc.fits,hlsp_tess-spoc_tess_phot_0000000315748355-s0081_tess_v1_lc.fits
433944197,64,mast:HLSP/tess-spoc/s0064/target/0000/0004/3394/4197/hlsp_tess-spoc_tess_phot_0000000433944197-s0064_tess_v1_lc.fits,hlsp_tess-spoc_tess_phot_0000000433944197-s0064_tess_v1_lc.fits
443691611,64,mast:HLSP/tess-spoc/s0064/target/0000/0004/4369/1611/hlsp_tess-spoc_tess_phot_0000000443691611-s0064_tess_v1_lc.fits,hlsp_tess-spoc_tess_phot_0000000443691611-s0064_tess_v1_lc.fits
433944197,65,mast:HLSP/tess-spoc/s0065/target/0000/0004/3394/4197/hlsp_tess-spoc_tess_phot_0000000433944197-s0065_tess_v1_lc.fits,hlsp_tess-spoc_tess_phot_0000000433944197-s0065_tess_v1_lc.fits
443691611,65,mast:HLSP/tess-spoc/s0065/target/0000/0004/4369/1611/hlsp_tess-spoc_tess_phot_0000000443691611-s0065_tess_v1_lc.fits,hlsp_tess-spoc_tess_phot_0000000443691611-s0065_tess_v1_lc.fits
212371523,66,mast:HLSP/tess-spoc/s0066/target/0000/0002/1237/1523/hlsp_tess-spoc_tess_phot_0000000212371523-s0066_tess_v1_lc.fits,hlsp_tess-spoc_tess_phot_0000000212371523-s0066_tess_v1_lc.fits
107961149,80,mast:HLSP/tess-spoc/s0080/target/0000/0001/0796/1149/hlsp_tess-spoc_tess_phot_0000000107961149-s0080_tess_v1_lc.fits,hlsp_tess-spoc_tess_phot_0000000107961149-s0080_tess_v1_lc.fits
185642677,80,mast:HLSP/tess-spoc/s0080/target/0000/0001/8564/2677/hlsp_tess-spoc_tess_phot_0000000185642677-s0080_tess_v1_lc.fits,hlsp_tess-spoc_tess_phot_0000000185642677-s0080_tess_v1_lc.fits
227792820,80,mast:HLSP/tess-spoc/s0080/target/0000/0002/2779/2820/hlsp_tess-spoc_tess_phot_0000000227792820-s0080_tess_v1_lc.fits,hlsp_tess-spoc_tess_phot_0000000227792820-s0080_tess_v1_lc.fits
335714744,66,mast:HLSP/tess-spoc/s0066/target/0000/0003/3571/4744/hlsp_tess-spoc_tess_phot_0000000335714744-s0066_tess_v1_lc.fits,hlsp_tess-spoc_tess_phot_0000000335714744-s0066_tess_v1_lc.fits
20392983,80,mast:HLSP/tess-spoc/s0080/target/0000/0000/2039/2983/hlsp_tess-spoc_tess_phot_0000000020392983-s0080_tess_v1_lc.fits,hlsp_tess-spoc_tess_phot_0000000020392983-s0080_tess_v1_lc.fits
107029635,80,mast:HLSP/tess-spoc/s0080/target/0000/0001/0702/9635/hlsp_tess-spoc_tess_phot_0000000107029635-s0080_tess_v1_lc.fits,hlsp_tess-spoc_tess_phot_0000000107029635-s0080_tess_v1_lc.fits
104268278,80,mast:HLSP/tess-spoc/s0080/target/0000/0001/0426/8278/hlsp_tess-spoc_tess_phot_0000000104268278-s0080_tess_v1_lc.fits,hlsp_tess-spoc_tess_phot_0000000104268278-s0080_tess_v1_lc.fits
319949120,64,mast:HLSP/tess-spoc/s0064/target/0000/0003/1994/9120/hlsp_tess-spoc_tess_phot_0000000319949120-s0064_tess_v1_lc.fits,hlsp_tess-spoc_tess_phot_0000000319949120-s0064_tess_v1_lc.fits
163323397,65,mast:HLSP/tess-spoc/s0065/target/0000/0001/6332/3397/hlsp_tess-spoc_tess_phot_0000000163323397-s0065_tess_v1_lc.fits,hlsp_tess-spoc_tess_phot_0000000163323397-s0065_tess_v1_lc.fits
319949120,65,mast:HLSP/tess-spoc/s0065/target/0000/0003/1994/9120/hlsp_tess-spoc_tess_phot_0000000319949120-s0065_tess_v1_lc.fits,hlsp_tess-spoc_tess_phot_0000000319949120-s0065_tess_v1_lc.fits
162946600,80,mast:HLSP/tess-spoc/s0080/target/0000/0001/6294/6600/hlsp_tess-spoc_tess_phot_0000000162946600-s0080_tess_v1_lc.fits,hlsp_tess-spoc_tess_phot_0000000162946600-s0080_tess_v1_lc.fits
164418164,65,mast:HLSP/tess-spoc/s0065/target/0000/0001/6441/8164/hlsp_tess-spoc_tess_phot_0000000164418164-s0065_tess_v1_lc.fits,hlsp_tess-spoc_tess_phot_0000000164418164-s0065_tess_v1_lc.fits
409363150,65,mast:HLSP/tess-spoc/s0065/target/0000/0004/0936/3150/hlsp_tess-spoc_tess_phot_0000000409363150-s0065_tess_v1_lc.fits,hlsp_tess-spoc_tess_phot_0000000409363150-s0065_tess_v1_lc.fits
413642741,65,mast:HLSP/tess-spoc/s0065/target/0000/0004/1364/2741/hlsp_tess-spoc_tess_phot_0000000413642741-s0065_tess_v1_lc.fits,hlsp_tess-spoc_tess_phot_0000000413642741-s0065_tess_v1_lc.fits
344400706,66,mast:HLSP/tess-spoc/s0066/target/0000/0003/4440/0706/hlsp_tess-spoc_tess_phot_0000000344400706-s0066_tess_v1_lc.fits,hlsp_tess-spoc_tess_phot_0000000344400706-s0066_tess_v1_lc.fits
43006300,80,mast:HLSP/tess-spoc/s0080/target/0000/0000/4300/6300/hlsp_tess-spoc_tess_phot_0000000043006300-s0080_tess_v1_lc.fits,hlsp_tess-spoc_tess_phot_0000000043006300-s0080_tess_v1_lc.fits
422404421,65,mast:HLSP/tess-spoc/s0065/target/0000/0004/2240/4421/hlsp_tess-spoc_tess_phot_0000000422404421-s0065_tess_v1_lc.fits,hlsp_tess-spoc_tess_phot_0000000422404421-s0065_tess_v1_lc.fits
209136333,80,mast:HLSP/tess-spoc/s0080/target/0000/0002/0913/6333/hlsp_tess-spoc_tess_phot_0000000209136333-s0080_tess_v1_lc.fits,hlsp_tess-spoc_tess_phot_0000000209136333-s0080_tess_v1_lc.fits
209136333,81,mast:HLSP/tess-spoc/s0081/target/0000/0002/0913/6333/hlsp_tess-spoc_tess_phot_0000000209136333-s0081_tess_v1_lc.fits,hlsp_tess-spoc_tess_phot_0000000209136333-s0081_tess_v1_lc.fits
39038500,65,mast:HLSP/tess-spoc/s0065/target/0000/0000/3903/8500/hlsp_tess-spoc_tess_phot_0000000039038500-s0065_tess_v1_lc.fits,hlsp_tess-spoc_tess_phot_0000000039038500-s0065_tess_v1_lc.fits
306171060,80,mast:HLSP/tess-spoc/s0080/target/0000/0003/0617/1060/hlsp_tess-spoc_tess_phot_0000000306171060-s0080_tess_v1_lc.fits,hlsp_tess-spoc_tess_phot_0000000306171060-s0080_tess_v1_lc.fits
116031813,80,mast:HLSP/tess-spoc/s0080/target/0000/0001/1603/1813/hlsp_tess-spoc_tess_phot_0000000116031813-s0080_tess_v1_lc.fits,hlsp_tess-spoc_tess_phot_0000000116031813-s0080_tess_v1_lc.fits
182199782,80,mast:HLSP/tess-spoc/s0080/target/0000/0001/8219/9782/hlsp_tess-spoc_tess_phot_0000000182199782-s0080_tess_v1_lc.fits,hlsp_tess-spoc_tess_phot_0000000182199782-s0080_tess_v1_lc.fits
128467473,61,mast:HLSP/tess-spoc/s0061/target/0000/0001/2846/7473/hlsp_tess-spoc_tess_phot_0000000128467473-s0061_tess_v1_lc.fits,hlsp_tess-spoc_tess_phot_0000000128467473-s0061_tess_v1_lc.fits
443227150,64,mast:HLSP/tess-spoc/s0064/target/0000/0004/4322/7150/hlsp_tess-spoc_tess_phot_0000000443227150-s0064_tess_v1_lc.fits,hlsp_tess-spoc_tess_phot_0000000443227150-s0064_tess_v1_lc.fits
443227150,65,mast:HLSP/tess-spoc/s0065/target/0000/0004/4322/7150/hlsp_tess-spoc_tess_phot_0000000443227150-s0065_tess_v1_lc.fits,hlsp_tess-spoc_tess_phot_0000000443227150-s0065_tess_v1_lc.fits
46453607,80,mast:HLSP/tess-spoc/s0080/target/0000/0000/4645/3607/hlsp_tess-spoc_tess_phot_0000000046453607-s0080_tess_v1_lc.fits,hlsp_tess-spoc_tess_phot_0000000046453607-s0080_tess_v1_lc.fits
30186593,61,mast:HLSP/tess-spoc/s0061/target/0000/0000/3018/6593/hlsp_tess-spoc_tess_phot_0000000030186593-s0061_tess_v1_lc.fits,hlsp_tess-spoc_tess_phot_0000000030186593-s0061_tess_v1_lc.fits
30186593,62,mast:HLSP/tess-spoc/s0062/target/0000/0000/3018/6593/hlsp_tess-spoc_tess_phot_0000000030186593-s0062_tess_v1_lc.fits,hlsp_tess-spoc_tess_phot_0000000030186593-s0062_tess_v1_lc.fits
30186593,64,mast:HLSP/tess-spoc/s0064/target/0000/0000/3018/6593/hlsp_tess-spoc_tess_phot_0000000030186593-s0064_tess_v1_lc.fits,hlsp_tess-spoc_tess_phot_0000000030186593-s0064_tess_v1_lc.fits
30186593,65,mast:HLSP/tess-spoc/s0065/target/0000/0000/3018/6593/hlsp_tess-spoc_tess_phot_0000000030186593-s0065_tess_v1_lc.fits,hlsp_tess-spoc_tess_phot_0000000030186593-s0065_tess_v1_lc.fits
30186593,67,mast:HLSP/tess-spoc/s0067/target/0000/0000/3018/6593/hlsp_tess-spoc_tess_phot_0000000030186593-s0067_tess_v1_lc.fits,hlsp_tess-spoc_tess_phot_0000000030186593-s0067_tess_v1_lc.fits
30186593,68,mast:HLSP/tess-spoc/s0068/target/0000/0000/3018/6593/hlsp_tess-spoc_tess_phot_0000000030186593-s0068_tess_v1_lc.fits,hlsp_tess-spoc_tess_phot_0000000030186593-s0068_tess_v1_lc.fits
30186593,69,mast:HLSP/tess-spoc/s0069/target/0000/0000/3018/6593/hlsp_tess-spoc_tess_phot_0000000030186593-s0069_tess_v1_lc.fits,hlsp_tess-spoc_tess_phot_0000000030186593-s0069_tess_v1_lc.fits
224822178,66,mast:HLSP/tess-spoc/s0066/target/0000/0002/2482/2178/hlsp_tess-spoc_tess_phot_0000000224822178-s0066_tess_v1_lc.fits,hlsp_tess-spoc_tess_phot_0000000224822178-s0066_tess_v1_lc.fits
180115960,80,mast:HLSP/tess-spoc/s0080/target/0000/0001/8011/5960/hlsp_tess-spoc_tess_phot_0000000180115960-s0080_tess_v1_lc.fits,hlsp_tess-spoc_tess_phot_0000000180115960-s0080_tess_v1_lc.fits
90032124,65,mast:HLSP/tess-spoc/s0065/target/0000/0000/9003/2124/hlsp_tess-spoc_tess_phot_0000000090032124-s0065_tess_v1_lc.fits,hlsp_tess-spoc_tess_phot_0000000090032124-s0065_tess_v1_lc.fits
181452736,67,mast:HLSP/tess-spoc/s0067/target/0000/0001/8145/2736/hlsp_tess-spoc_tess_phot_0000000181452736-s0067_tess_v1_lc.fits,hlsp_tess-spoc_tess_phot_0000000181452736-s0067_tess_v1_lc.fits
181452736,68,mast:HLSP/tess-spoc/s0068/target/0000/0001/8145/2736/hlsp_tess-spoc_tess_phot_0000000181452736-s0068_tess_v1_lc.fits,hlsp_tess-spoc_tess_phot_0000000181452736-s0068_tess_v1_lc.fits
30466707,61,mast:HLSP/tess-spoc/s0061/target/0000/0000/3046/6707/hlsp_tess-spoc_tess_phot_0000000030466707-s0061_tess_v1_lc.fits,hlsp_tess-spoc_tess_phot_0000000030466707-s0061_tess_v1_lc.fits
30466707,62,mast:HLSP/tess-spoc/s0062/target/0000/0000/3046/6707/hlsp_tess-spoc_tess_phot_0000000030466707-s0062_tess_v1_lc.fits,hlsp_tess-spoc_tess_phot_0000000030466707-s0062_tess_v1_lc.fits
30466707,63,mast:HLSP/tess-spoc/s0063/target/0000/0000/3046/6707/hlsp_tess-spoc_tess_phot_0000000030466707-s0063_tess_v1_lc.fits,hlsp_tess-spoc_tess_phot_0000000030466707-s0063_tess_v1_lc.fits
30466707,64,mast:HLSP/tess-spoc/s0064/target/0000/0000/3046/6707/hlsp_tess-spoc_tess_phot_0000000030466707-s0064_tess_v1_lc.fits,hlsp_tess-spoc_tess_phot_0000000030466707-s0064_tess_v1_lc.fits
381029016,64,mast:HLSP/tess-spoc/s0064/target/0000/0003/8102/9016/hlsp_tess-spoc_tess_phot_0000000381029016-s0064_tess_v1_lc.fits,hlsp_tess-spoc_tess_phot_0000000381029016-s0064_tess_v1_lc.fits
30466707,67,mast:HLSP/tess-spoc/s0067/target/0000/0000/3046/6707/hlsp_tess-spoc_tess_phot_0000000030466707-s0067_tess_v1_lc.fits,hlsp_tess-spoc_tess_phot_0000000030466707-s0067_tess_v1_lc.fits
30466707,68,mast:HLSP/tess-spoc/s0068/target/0000/0000/3046/6707/hlsp_tess-spoc_tess_phot_0000000030466707-s0068_tess_v1_lc.fits,hlsp_tess-spoc_tess_phot_0000000030466707-s0068_tess_v1_lc.fits
30466707,69,mast:HLSP/tess-spoc/s0069/target/0000/0000/3046/6707/hlsp_tess-spoc_tess_phot_0000000030466707-s0069_tess_v1_lc.fits,hlsp_tess-spoc_tess_phot_0000000030466707-s0069_tess_v1_lc.fits
30466707,66,mast:HLSP/tess-spoc/s0066/target/0000/0000/3046/6707/hlsp_tess-spoc_tess_phot_0000000030466707-s0066_tess_v1_lc.fits,hlsp_tess-spoc_tess_phot_0000000030466707-s0066_tess_v1_lc.fits
379862912,66,mast:HLSP/tess-spoc/s0066/target/0000/0003/7986/2912/hlsp_tess-spoc_tess_phot_0000000379862912-s0066_tess_v1_lc.fits,hlsp_tess-spoc_tess_phot_0000000379862912-s0066_tess_v1_lc.fits
433866205,80,mast:HLSP/tess-spoc/s0080/target/0000/0004/3386/6205/hlsp_tess-spoc_tess_phot_0000000433866205-s0080_tess_v1_lc.fits,hlsp_tess-spoc_tess_phot_0000000433866205-s0080_tess_v1_lc.fits
39500006,65,mast:HLSP/tess-spoc/s0065/target/0000/0000/3950/0006/hlsp_tess-spoc_tess_phot_0000000039500006-s0065_tess_v1_lc.fits,hlsp_tess-spoc_tess_phot_0000000039500006-s0065_tess_v1_lc.fits
226708263,66,mast:HLSP/tess-spoc/s0066/target/0000/0002/2670/8263/hlsp_tess-spoc_tess_phot_0000000226708263-s0066_tess_v1_lc.fits,hlsp_tess-spoc_tess_phot_0000000226708263-s0066_tess_v1_lc.fits
108810330,80,mast:HLSP/tess-spoc/s0080/target/0000/0001/0881/0330/hlsp_tess-spoc_tess_phot_0000000108810330-s0080_tess_v1_lc.fits,hlsp_tess-spoc_tess_phot_0000000108810330-s0080_tess_v1_lc.fits
223835912,80,mast:HLSP/tess-spoc/s0080/target/0000/0002/2383/5912/hlsp_tess-spoc_tess_phot_0000000223835912-s0080_tess_v1_lc.fits,hlsp_tess-spoc_tess_phot_0000000223835912-s0080_tess_v1_lc.fits
228821664,80,mast:HLSP/tess-spoc/s0080/target/0000/0002/2882/1664/hlsp_tess-spoc_tess_phot_0000000228821664-s0080_tess_v1_lc.fits,hlsp_tess-spoc_tess_phot_0000000228821664-s0080_tess_v1_lc.fits
362520351,62,mast:HLSP/tess-spoc/s0062/target/0000/0003/6252/0351/hlsp_tess-spoc_tess_phot_0000000362520351-s0062_tess_v1_lc.fits,hlsp_tess-spoc_tess_phot_0000000362520351-s0062_tess_v1_lc.fits
362520351,63,mast:HLSP/tess-spoc/s0063/target/0000/0003/6252/0351/hlsp_tess-spoc_tess_phot_0000000362520351-s0063_tess_v1_lc.fits,hlsp_tess-spoc_tess_phot_0000000362520351-s0063_tess_v1_lc.fits
59821204,66,mast:HLSP/tess-spoc/s0066/target/0000/0000/5982/1204/hlsp_tess-spoc_tess_phot_0000000059821204-s0066_tess_v1_lc.fits,hlsp_tess-spoc_tess_phot_0000000059821204-s0066_tess_v1_lc.fits
384431017,80,mast:HLSP/tess-spoc/s0080/target/0000/0003/8443/1017/hlsp_tess-spoc_tess_phot_0000000384431017-s0080_tess_v1_lc.fits,hlsp_tess-spoc_tess_phot_0000000384431017-s0080_tess_v1_lc.fits
278580499,65,mast:HLSP/tess-spoc/s0065/target/0000/0002/7858/0499/hlsp_tess-spoc_tess_phot_0000000278580499-s0065_tess_v1_lc.fits,hlsp_tess-spoc_tess_phot_0000000278580499-s0065_tess_v1_lc.fits
451174858,64,mast:HLSP/tess-spoc/s0064/target/0000/0004/5117/4858/hlsp_tess-spoc_tess_phot_0000000451174858-s0064_tess_v1_lc.fits,hlsp_tess-spoc_tess_phot_0000000451174858-s0064_tess_v1_lc.fits
451174858,65,mast:HLSP/tess-spoc/s0065/target/0000/0004/5117/4858/hlsp_tess-spoc_tess_phot_0000000451174858-s0065_tess_v1_lc.fits,hlsp_tess-spoc_tess_phot_0000000451174858-s0065_tess_v1_lc.fits
364228039,80,mast:HLSP/tess-spoc/s0080/target/0000/0003/6422/8039/hlsp_tess-spoc_tess_phot_0000000364228039-s0080_tess_v1_lc.fits,hlsp_tess-spoc_tess_phot_0000000364228039-s0080_tess_v1_lc.fits
45393264,65,mast:HLSP/tess-spoc/s0065/target/0000/0000/4539/3264/hlsp_tess-spoc_tess_phot_0000000045393264-s0065_tess_v1_lc.fits,hlsp_tess-spoc_tess_phot_0000000045393264-s0065_tess_v1_lc.fits
182574650,80,mast:HLSP/tess-spoc/s0080/target/0000/0001/8257/4650/hlsp_tess-spoc_tess_phot_0000000182574650-s0080_tess_v1_lc.fits,hlsp_tess-spoc_tess_phot_0000000182574650-s0080_tess_v1_lc.fits
295183483,65,mast:HLSP/tess-spoc/s0065/target/0000/0002/9518/3483/hlsp_tess-spoc_tess_phot_0000000295183483-s0065_tess_v1_lc.fits,hlsp_tess-spoc_tess_phot_0000000295183483-s0065_tess_v1_lc.fits
216419371,66,mast:HLSP/tess-spoc/s0066/target/0000/0002/1641/9371/hlsp_tess-spoc_tess_phot_0000000216419371-s0066_tess_v1_lc.fits,hlsp_tess-spoc_tess_phot_0000000216419371-s0066_tess_v1_lc.fits
277295091,64,mast:HLSP/tess-spoc/s0064/target/0000/0002/7729/5091/hlsp_tess-spoc_tess_phot_0000000277295091-s0064_tess_v1_lc.fits,hlsp_tess-spoc_tess_phot_0000000277295091-s0064_tess_v1_lc.fits
277295091,65,mast:HLSP/tess-spoc/s0065/target/0000/0002/7729/5091/hlsp_tess-spoc_tess_phot_0000000277295091-s0065_tess_v1_lc.fits,hlsp_tess-spoc_tess_phot_0000000277295091-s0065_tess_v1_lc.fits
393356926,65,mast:HLSP/tess-spoc/s0065/target/0000/0003/9335/6926/hlsp_tess-spoc_tess_phot_0000000393356926-s0065_tess_v1_lc.fits,hlsp_tess-spoc_tess_phot_0000000393356926-s0065_tess_v1_lc.fits
277295091,66,mast:HLSP/tess-spoc/s0066/target/0000/0002/7729/5091/hlsp_tess-spoc_tess_phot_0000000277295091-s0066_tess_v1_lc.fits,hlsp_tess-spoc_tess_phot_0000000277295091-s0066_tess_v1_lc.fits
338854615,66,mast:HLSP/tess-spoc/s0066/target/0000/0003/3885/4615/hlsp_tess-spoc_tess_phot_0000000338854615-s0066_tess_v1_lc.fits,hlsp_tess-spoc_tess_phot_0000000338854615-s0066_tess_v1_lc.fits
151648473,80,mast:HLSP/tess-spoc/s0080/target/0000/0001/5164/8473/hlsp_tess-spoc_tess_phot_0000000151648473-s0080_tess_v1_lc.fits,hlsp_tess-spoc_tess_phot_0000000151648473-s0080_tess_v1_lc.fits
180812554,80,mast:HLSP/tess-spoc/s0080/target/0000/0001/8081/2554/hlsp_tess-spoc_tess_phot_0000000180812554-s0080_tess_v1_lc.fits,hlsp_tess-spoc_tess_phot_0000000180812554-s0080_tess_v1_lc.fits
450980719,64,mast:HLSP/tess-spoc/s0064/target/0000/0004/5098/0719/hlsp_tess-spoc_tess_phot_0000000450980719-s0064_tess_v1_lc.fits,hlsp_tess-spoc_tess_phot_0000000450980719-s0064_tess_v1_lc.fits
36966512,65,mast:HLSP/tess-spoc/s0065/target/0000/0000/3696/6512/hlsp_tess-spoc_tess_phot_0000000036966512-s0065_tess_v1_lc.fits,hlsp_tess-spoc_tess_phot_0000000036966512-s0065_tess_v1_lc.fits
450980719,65,mast:HLSP/tess-spoc/s0065/target/0000/0004/5098/0719/hlsp_tess-spoc_tess_phot_0000000450980719-s0065_tess_v1_lc.fits,hlsp_tess-spoc_tess_phot_0000000450980719-s0065_tess_v1_lc.fits
14652759,80,mast:HLSP/tess-spoc/s0080/target/0000/0000/1465/2759/hlsp_tess-spoc_tess_phot_0000000014652759-s0080_tess_v1_lc.fits,hlsp_tess-spoc_tess_phot_0000000014652759-s0080_tess_v1_lc.fits
310403708,64,mast:HLSP/tess-spoc/s0064/target/0000/0003/1040/3708/hlsp_tess-spoc_tess_phot_0000000310403708-s0064_tess_v1_lc.fits,hlsp_tess-spoc_tess_phot_0000000310403708-s0064_tess_v1_lc.fits
42962205,65,mast:HLSP/tess-spoc/s0065/target/0000/0000/4296/2205/hlsp_tess-spoc_tess_phot_0000000042962205-s0065_tess_v1_lc.fits,hlsp_tess-spoc_tess_phot_0000000042962205-s0065_tess_v1_lc.fits
310403708,65,mast:HLSP/tess-spoc/s0065/target/0000/0003/1040/3708/hlsp_tess-spoc_tess_phot_0000000310403708-s0065_tess_v1_lc.fits,hlsp_tess-spoc_tess_phot_0000000310403708-s0065_tess_v1_lc.fits
222093214,66,mast:HLSP/tess-spoc/s0066/target/0000/0002/2209/3214/hlsp_tess-spoc_tess_phot_0000000222093214-s0066_tess_v1_lc.fits,hlsp_tess-spoc_tess_phot_0000000222093214-s0066_tess_v1_lc.fits
432944360,80,mast:HLSP/tess-spoc/s0080/target/0000/0004/3294/4360/hlsp_tess-spoc_tess_phot_0000000432944360-s0080_tess_v1_lc.fits,hlsp_tess-spoc_tess_phot_0000000432944360-s0080_tess_v1_lc.fits
308204001,65,mast:HLSP/tess-spoc/s0065/target/0000/0003/0820/4001/hlsp_tess-spoc_tess_phot_0000000308204001-s0065_tess_v1_lc.fits,hlsp_tess-spoc_tess_phot_0000000308204001-s0065_tess_v1_lc.fits
5431757,80,mast:HLSP/tess-spoc/s0080/target/0000/0000/0543/1757/hlsp_tess-spoc_tess_phot_0000000005431757-s0080_tess_v1_lc.fits,hlsp_tess-spoc_tess_phot_0000000005431757-s0080_tess_v1_lc.fits
462236252,63,mast:HLSP/tess-spoc/s0063/target/0000/0004/6223/6252/hlsp_tess-spoc_tess_phot_0000000462236252-s0063_tess_v1_lc.fits,hlsp_tess-spoc_tess_phot_0000000462236252-s0063_tess_v1_lc.fits
338935327,64,mast:HLSP/tess-spoc/s0064/target/0000/0003/3893/5327/hlsp_tess-spoc_tess_phot_0000000338935327-s0064_tess_v1_lc.fits,hlsp_tess-spoc_tess_phot_0000000338935327-s0064_tess_v1_lc.fits
338935327,65,mast:HLSP/tess-spoc/s0065/target/0000/0003/3893/5327/hlsp_tess-spoc_tess_phot_0000000338935327-s0065_tess_v1_lc.fits,hlsp_tess-spoc_tess_phot_0000000338935327-s0065_tess_v1_lc.fits
111812889,80,mast:HLSP/tess-spoc/s0080/target/0000/0001/1181/2889/hlsp_tess-spoc_tess_phot_0000000111812889-s0080_tess_v1_lc.fits,hlsp_tess-spoc_tess_phot_0000000111812889-s0080_tess_v1_lc.fits
112952540,80,mast:HLSP/tess-spoc/s0080/target/0000/0001/1295/2540/hlsp_tess-spoc_tess_phot_0000000112952540-s0080_tess_v1_lc.fits,hlsp_tess-spoc_tess_phot_0000000112952540-s0080_tess_v1_lc.fits
275032047,39,mast:HLSP/tess-spoc/s0039/target/0000/0002/7503/2047/hlsp_tess-spoc_tess_phot_0000000275032047-s0039_tess_v1_lc.fits,hlsp_tess-spoc_tess_phot_0000000275032047-s0039_tess_v1_lc.fits
56409473,8,mast:HLSP/tess-spoc/s0008/target/0000/0000/5640/9473/hlsp_tess-spoc_tess_phot_0000000056409473-s0008_tess_v1_lc.fits,hlsp_tess-spoc_tess_phot_0000000056409473-s0008_tess_v1_lc.fits
56409473,35,mast:HLSP/tess-spoc/s0035/target/0000/0000/5640/9473/hlsp_tess-spoc_tess_phot_0000000056409473-s0035_tess_v1_lc.fits,hlsp_tess-spoc_tess_phot_0000000056409473-s0035_tess_v1_lc.fits
78850814,9,mast:HLSP/tess-spoc/s0009/target/0000/0000/7885/0814/hlsp_tess-spoc_tess_phot_0000000078850814-s0009_tess_v1_lc.fits,hlsp_tess-spoc_tess_phot_0000000078850814-s0009_tess_v1_lc.fits
78850814,35,mast:HLSP/tess-spoc/s0035/target/0000/0000/7885/0814/hlsp_tess-spoc_tess_phot_0000000078850814-s0035_tess_v1_lc.fits,hlsp_tess-spoc_tess_phot_0000000078850814-s0035_tess_v1_lc.fits
78850814,36,mast:HLSP/tess-spoc/s0036/target/0000/0000/7885/0814/hlsp_tess-spoc_tess_phot_0000000078850814-s0036_tess_v1_lc.fits,hlsp_tess-spoc_tess_phot_0000000078850814-s0036_tess_v1_lc.fits
148357344,7,mast:HLSP/tess-spoc/s0007/target/0000/0001/4835/7344/hlsp_tess-spoc_tess_phot_0000000148357344-s0007_tess_v1_lc.fits,hlsp_tess-spoc_tess_phot_0000000148357344-s0007_tess_v1_lc.fits
141457913,34,mast:HLSP/tess-spoc/s0034/target/0000/0001/4145/7913/hlsp_tess-spoc_tess_phot_0000000141457913-s0034_tess_v1_lc.fits,hlsp_tess-spoc_tess_phot_0000000141457913-s0034_tess_v1_lc.fits
141457913,7,mast:HLSP/tess-spoc/s0007/target/0000/0001/4145/7913/hlsp_tess-spoc_tess_phot_0000000141457913-s0007_tess_v1_lc.fits,hlsp_tess-spoc_tess_phot_0000000141457913-s0007_tess_v1_lc.fits
141457913,61,mast:HLSP/tess-spoc/s0061/target/0000/0001/4145/7913/hlsp_tess-spoc_tess_phot_0000000141457913-s0061_tess_v1_lc.fits,hlsp_tess-spoc_tess_phot_0000000141457913-s0061_tess_v1_lc.fits
51991595,27,mast:HLSP/tess-spoc/s0027/target/0000/0000/5199/1595/hlsp_tess-spoc_tess_phot_0000000051991595-s0027_tess_v1_lc.fits,hlsp_tess-spoc_tess_phot_0000000051991595-s0027_tess_v1_lc.fits
51991595,29,mast:HLSP/tess-spoc/s0029/target/0000/0000/5199/1595/hlsp_tess-spoc_tess_phot_0000000051991595-s0029_tess_v1_lc.fits,hlsp_tess-spoc_tess_phot_0000000051991595-s0029_tess_v1_lc.fits
51991595,1,mast:HLSP/tess-spoc/s0001/target/0000/0000/5199/1595/hlsp_tess-spoc_tess_phot_0000000051991595-s0001_tess_v1_lc.fits,hlsp_tess-spoc_tess_phot_0000000051991595-s0001_tess_v1_lc.fits
51991595,2,mast:HLSP/tess-spoc/s0002/target/0000/0000/5199/1595/hlsp_tess-spoc_tess_phot_0000000051991595-s0002_tess_v1_lc.fits,hlsp_tess-spoc_tess_phot_0000000051991595-s0002_tess_v1_lc.fits
51991595,67,mast:HLSP/tess-spoc/s0067/target/0000/0000/5199/1595/hlsp_tess-spoc_tess_phot_0000000051991595-s0067_tess_v1_lc.fits,hlsp_tess-spoc_tess_phot_0000000051991595-s0067_tess_v1_lc.fits
51991595,69,mast:HLSP/tess-spoc/s0069/target/0000/0000/5199/1595/hlsp_tess-spoc_tess_phot_0000000051991595-s0069_tess_v1_lc.fits,hlsp_tess-spoc_tess_phot_0000000051991595-s0069_tess_v1_lc.fits
272511271,39,mast:HLSP/tess-spoc/s0039/target/0000/0002/7251/1271/hlsp_tess-spoc_tess_phot_0000000272511271-s0039_tess_v1_lc.fits,hlsp_tess-spoc_tess_phot_0000000272511271-s0039_tess_v1_lc.fits
140006368,34,mast:HLSP/tess-spoc/s0034/target/0000/0001/4000/6368/hlsp_tess-spoc_tess_phot_0000000140006368-s0034_tess_v1_lc.fits,hlsp_tess-spoc_tess_phot_0000000140006368-s0034_tess_v1_lc.fits
140006368,8,mast:HLSP/tess-spoc/s0008/target/0000/0001/4000/6368/hlsp_tess-spoc_tess_phot_0000000140006368-s0008_tess_v1_lc.fits,hlsp_tess-spoc_tess_phot_0000000140006368-s0008_tess_v1_lc.fits
140006368,9,mast:HLSP/tess-spoc/s0009/target/0000/0001/4000/6368/hlsp_tess-spoc_tess_phot_0000000140006368-s0009_tess_v1_lc.fits,hlsp_tess-spoc_tess_phot_0000000140006368-s0009_tess_v1_lc.fits
140006368,35,mast:HLSP/tess-spoc/s0035/target/0000/0001/4000/6368/hlsp_tess-spoc_tess_phot_0000000140006368-s0035_tess_v1_lc.fits,hlsp_tess-spoc_tess_phot_0000000140006368-s0035_tess_v1_lc.fits
269750762,43,mast:HLSP/tess-spoc/s0043/target/0000/0002/6975/0762/hlsp_tess-spoc_tess_phot_0000000269750762-s0043_tess_v1_lc.fits,hlsp_tess-spoc_tess_phot_0000000269750762-s0043_tess_v1_lc.fits
269750762,44,mast:HLSP/tess-spoc/s0044/target/0000/0002/6975/0762/hlsp_tess-spoc_tess_phot_0000000269750762-s0044_tess_v1_lc.fits,hlsp_tess-spoc_tess_phot_0000000269750762-s0044_tess_v1_lc.fits
269750762,45,mast:HLSP/tess-spoc/s0045/target/0000/0002/6975/0762/hlsp_tess-spoc_tess_phot_0000000269750762-s0045_tess_v1_lc.fits,hlsp_tess-spoc_tess_phot_0000000269750762-s0045_tess_v1_lc.fits
269750762,71,mast:HLSP/tess-spoc/s0071/target/0000/0002/6975/0762/hlsp_tess-spoc_tess_phot_0000000269750762-s0071_tess_v1_lc.fits,hlsp_tess-spoc_tess_phot_0000000269750762-s0071_tess_v1_lc.fits
269750762,72,mast:HLSP/tess-spoc/s0072/target/0000/0002/6975/0762/hlsp_tess-spoc_tess_phot_0000000269750762-s0072_tess_v1_lc.fits,hlsp_tess-spoc_tess_phot_0000000269750762-s0072_tess_v1_lc.fits
412544513,11,mast:HLSP/tess-spoc/s0011/target/0000/0004/1254/4513/hlsp_tess-spoc_tess_phot_0000000412544513-s0011_tess_v1_lc.fits,hlsp_tess-spoc_tess_phot_0000000412544513-s0011_tess_v1_lc.fits
363154663,36,mast:HLSP/tess-spoc/s0036/target/0000/0003/6315/4663/hlsp_tess-spoc_tess_phot_0000000363154663-s0036_tess_v1_lc.fits,hlsp_tess-spoc_tess_phot_0000000363154663-s0036_tess_v1_lc.fits
363154663,37,mast:HLSP/tess-spoc/s0037/target/0000/0003/6315/4663/hlsp_tess-spoc_tess_phot_0000000363154663-s0037_tess_v1_lc.fits,hlsp_tess-spoc_tess_phot_0000000363154663-s0037_tess_v1_lc.fits
207318741,39,mast:HLSP/tess-spoc/s0039/target/0000/0002/0731/8741/hlsp_tess-spoc_tess_phot_0000000207318741-s0039_tess_v1_lc.fits,hlsp_tess-spoc_tess_phot_0000000207318741-s0039_tess_v1_lc.fits
294981146,61,mast:HLSP/tess-spoc/s0061/target/0000/0002/9498/1146/hlsp_tess-spoc_tess_phot_0000000294981146-s0061_tess_v1_lc.fits,hlsp_tess-spoc_tess_phot_0000000294981146-s0061_tess_v1_lc.fits
294981146,62,mast:HLSP/tess-spoc/s0062/target/0000/0002/9498/1146/hlsp_tess-spoc_tess_phot_0000000294981146-s0062_tess_v1_lc.fits,hlsp_tess-spoc_tess_phot_0000000294981146-s0062_tess_v1_lc.fits
294981146,63,mast:HLSP/tess-spoc/s0063/target/0000/0002/9498/1146/hlsp_tess-spoc_tess_phot_0000000294981146-s0063_tess_v1_lc.fits,hlsp_tess-spoc_tess_phot_0000000294981146-s0063_tess_v1_lc.fits
294981146,64,mast:HLSP/tess-spoc/s0064/target/0000/0002/9498/1146/hlsp_tess-spoc_tess_phot_0000000294981146-s0064_tess_v1_lc.fits,hlsp_tess-spoc_tess_phot_0000000294981146-s0064_tess_v1_lc.fits
294981146,67,mast:HLSP/tess-spoc/s0067/target/0000/0002/9498/1146/hlsp_tess-spoc_tess_phot_0000000294981146-s0067_tess_v1_lc.fits,hlsp_tess-spoc_tess_phot_0000000294981146-s0067_tess_v1_lc.fits
294981146,68,mast:HLSP/tess-spoc/s0068/target/0000/0002/9498/1146/hlsp_tess-spoc_tess_phot_0000000294981146-s0068_tess_v1_lc.fits,hlsp_tess-spoc_tess_phot_0000000294981146-s0068_tess_v1_lc.fits
294981146,69,mast:HLSP/tess-spoc/s0069/target/0000/0002/9498/1146/hlsp_tess-spoc_tess_phot_0000000294981146-s0069_tess_v1_lc.fits,hlsp_tess-spoc_tess_phot_0000000294981146-s0069_tess_v1_lc.fits
294981146,66,mast:HLSP/tess-spoc/s0066/target/0000/0002/9498/1146/hlsp_tess-spoc_tess_phot_0000000294981146-s0066_tess_v1_lc.fits,hlsp_tess-spoc_tess_phot_0000000294981146-s0066_tess_v1_lc.fits
404849827,62,mast:HLSP/tess-spoc/s0062/target/0000/0004/0484/9827/hlsp_tess-spoc_tess_phot_0000000404849827-s0062_tess_v1_lc.fits,hlsp_tess-spoc_tess_phot_0000000404849827-s0062_tess_v1_lc.fits
404849827,64,mast:HLSP/tess-spoc/s0064/target/0000/0004/0484/9827/hlsp_tess-spoc_tess_phot_0000000404849827-s0064_tess_v1_lc.fits,hlsp_tess-spoc_tess_phot_0000000404849827-s0064_tess_v1_lc.fits
404849827,65,mast:HLSP/tess-spoc/s0065/target/0000/0004/0484/9827/hlsp_tess-spoc_tess_phot_0000000404849827-s0065_tess_v1_lc.fits,hlsp_tess-spoc_tess_phot_0000000404849827-s0065_tess_v1_lc.fits
404849827,67,mast:HLSP/tess-spoc/s0067/target/0000/0004/0484/9827/hlsp_tess-spoc_tess_phot_0000000404849827-s0067_tess_v1_lc.fits,hlsp_tess-spoc_tess_phot_0000000404849827-s0067_tess_v1_lc.fits
404849827,68,mast:HLSP/tess-spoc/s0068/target/0000/0004/0484/9827/hlsp_tess-spoc_tess_phot_0000000404849827-s0068_tess_v1_lc.fits,hlsp_tess-spoc_tess_phot_0000000404849827-s0068_tess_v1_lc.fits
404849827,69,mast:HLSP/tess-spoc/s0069/target/0000/0004/0484/9827/hlsp_tess-spoc_tess_phot_0000000404849827-s0069_tess_v1_lc.fits,hlsp_tess-spoc_tess_phot_0000000404849827-s0069_tess_v1_lc.fits
404849827,66,mast:HLSP/tess-spoc/s0066/target/0000/0004/0484/9827/hlsp_tess-spoc_tess_phot_0000000404849827-s0066_tess_v1_lc.fits,hlsp_tess-spoc_tess_phot_0000000404849827-s0066_tess_v1_lc.fits
146444415,65,mast:HLSP/tess-spoc/s0065/target/0000/0001/4644/4415/hlsp_tess-spoc_tess_phot_0000000146444415-s0065_tess_v1_lc.fits,hlsp_tess-spoc_tess_phot_0000000146444415-s0065_tess_v1_lc.fits
365388298,80,mast:HLSP/tess-spoc/s0080/target/0000/0003/6538/8298/hlsp_tess-spoc_tess_phot_0000000365388298-s0080_tess_v1_lc.fits,hlsp_tess-spoc_tess_phot_0000000365388298-s0080_tess_v1_lc.fits
228525949,80,mast:HLSP/tess-spoc/s0080/target/0000/0002/2852/5949/hlsp_tess-spoc_tess_phot_0000000228525949-s0080_tess_v1_lc.fits,hlsp_tess-spoc_tess_phot_0000000228525949-s0080_tess_v1_lc.fits
212907311,80,mast:HLSP/tess-spoc/s0080/target/0000/0002/1290/7311/hlsp_tess-spoc_tess_phot_0000000212907311-s0080_tess_v1_lc.fits,hlsp_tess-spoc_tess_phot_0000000212907311-s0080_tess_v1_lc.fits
281473740,65,mast:HLSP/tess-spoc/s0065/target/0000/0002/8147/3740/hlsp_tess-spoc_tess_phot_0000000281473740-s0065_tess_v1_lc.fits,hlsp_tess-spoc_tess_phot_0000000281473740-s0065_tess_v1_lc.fits
39009464,80,mast:HLSP/tess-spoc/s0080/target/0000/0000/3900/9464/hlsp_tess-spoc_tess_phot_0000000039009464-s0080_tess_v1_lc.fits,hlsp_tess-spoc_tess_phot_0000000039009464-s0080_tess_v1_lc.fits
246392495,66,mast:HLSP/tess-spoc/s0066/target/0000/0002/4639/2495/hlsp_tess-spoc_tess_phot_0000000246392495-s0066_tess_v1_lc.fits,hlsp_tess-spoc_tess_phot_0000000246392495-s0066_tess_v1_lc.fits
4656513,80,mast:HLSP/tess-spoc/s0080/target/0000/0000/0465/6513/hlsp_tess-spoc_tess_phot_0000000004656513-s0080_tess_v1_lc.fits,hlsp_tess-spoc_tess_phot_0000000004656513-s0080_tess_v1_lc.fits
214637658,80,mast:HLSP/tess-spoc/s0080/target/0000/0002/1463/7658/hlsp_tess-spoc_tess_phot_0000000214637658-s0080_tess_v1_lc.fits,hlsp_tess-spoc_tess_phot_0000000214637658-s0080_tess_v1_lc.fits
263565431,66,mast:HLSP/tess-spoc/s0066/target/0000/0002/6356/5431/hlsp_tess-spoc_tess_phot_0000000263565431-s0066_tess_v1_lc.fits,hlsp_tess-spoc_tess_phot_0000000263565431-s0066_tess_v1_lc.fits
316572742,65,mast:HLSP/tess-spoc/s0065/target/0000/0003/1657/2742/hlsp_tess-spoc_tess_phot_0000000316572742-s0065_tess_v1_lc.fits,hlsp_tess-spoc_tess_phot_0000000316572742-s0065_tess_v1_lc.fits
110394530,80,mast:HLSP/tess-spoc/s0080/target/0000/0001/1039/4530/hlsp_tess-spoc_tess_phot_0000000110394530-s0080_tess_v1_lc.fits,hlsp_tess-spoc_tess_phot_0000000110394530-s0080_tess_v1_lc.fits
162044520,65,mast:HLSP/tess-spoc/s0065/target/0000/0001/6204/4520/hlsp_tess-spoc_tess_phot_0000000162044520-s0065_tess_v1_lc.fits,hlsp_tess-spoc_tess_phot_0000000162044520-s0065_tess_v1_lc.fits
261302865,66,mast:HLSP/tess-spoc/s0066/target/0000/0002/6130/2865/hlsp_tess-spoc_tess_phot_0000000261302865-s0066_tess_v1_lc.fits,hlsp_tess-spoc_tess_phot_0000000261302865-s0066_tess_v1_lc.fits
228432927,66,mast:HLSP/tess-spoc/s0066/target/0000/0002/2843/2927/hlsp_tess-spoc_tess_phot_0000000228432927-s0066_tess_v1_lc.fits,hlsp_tess-spoc_tess_phot_0000000228432927-s0066_tess_v1_lc.fits
214157819,80,mast:HLSP/tess-spoc/s0080/target/0000/0002/1415/7819/hlsp_tess-spoc_tess_phot_0000000214157819-s0080_tess_v1_lc.fits,hlsp_tess-spoc_tess_phot_0000000214157819-s0080_tess_v1_lc.fits
432989136,80,mast:HLSP/tess-spoc/s0080/target/0000/0004/3298/9136/hlsp_tess-spoc_tess_phot_0000000432989136-s0080_tess_v1_lc.fits,hlsp_tess-spoc_tess_phot_0000000432989136-s0080_tess_v1_lc.fits
113611840,66,mast:HLSP/tess-spoc/s0066/target/0000/0001/1361/1840/hlsp_tess-spoc_tess_phot_0000000113611840-s0066_tess_v1_lc.fits,hlsp_tess-spoc_tess_phot_0000000113611840-s0066_tess_v1_lc.fits
418883909,65,mast:HLSP/tess-spoc/s0065/target/0000/0004/1888/3909/hlsp_tess-spoc_tess_phot_0000000418883909-s0065_tess_v1_lc.fits,hlsp_tess-spoc_tess_phot_0000000418883909-s0065_tess_v1_lc.fits
162371705,80,mast:HLSP/tess-spoc/s0080/target/0000/0001/6237/1705/hlsp_tess-spoc_tess_phot_0000000162371705-s0080_tess_v1_lc.fits,hlsp_tess-spoc_tess_phot_0000000162371705-s0080_tess_v1_lc.fits
292565495,65,mast:HLSP/tess-spoc/s0065/target/0000/0002/9256/5495/hlsp_tess-spoc_tess_phot_0000000292565495-s0065_tess_v1_lc.fits,hlsp_tess-spoc_tess_phot_0000000292565495-s0065_tess_v1_lc.fits
463423746,66,mast:HLSP/tess-spoc/s0066/target/0000/0004/6342/3746/hlsp_tess-spoc_tess_phot_0000000463423746-s0066_tess_v1_lc.fits,hlsp_tess-spoc_tess_phot_0000000463423746-s0066_tess_v1_lc.fits
13181268,66,mast:HLSP/tess-spoc/s0066/target/0000/0000/1318/1268/hlsp_tess-spoc_tess_phot_0000000013181268-s0066_tess_v1_lc.fits,hlsp_tess-spoc_tess_phot_0000000013181268-s0066_tess_v1_lc.fits
19594402,80,mast:HLSP/tess-spoc/s0080/target/0000/0000/1959/4402/hlsp_tess-spoc_tess_phot_0000000019594402-s0080_tess_v1_lc.fits,hlsp_tess-spoc_tess_phot_0000000019594402-s0080_tess_v1_lc.fits
299306911,65,mast:HLSP/tess-spoc/s0065/target/0000/0002/9930/6911/hlsp_tess-spoc_tess_phot_0000000299306911-s0065_tess_v1_lc.fits,hlsp_tess-spoc_tess_phot_0000000299306911-s0065_tess_v1_lc.fits
151611305,61,mast:HLSP/tess-spoc/s0061/target/0000/0001/5161/1305/hlsp_tess-spoc_tess_phot_0000000151611305-s0061_tess_v1_lc.fits,hlsp_tess-spoc_tess_phot_0000000151611305-s0061_tess_v1_lc.fits
292369393,65,mast:HLSP/tess-spoc/s0065/target/0000/0002/9236/9393/hlsp_tess-spoc_tess_phot_0000000292369393-s0065_tess_v1_lc.fits,hlsp_tess-spoc_tess_phot_0000000292369393-s0065_tess_v1_lc.fits
449026113,65,mast:HLSP/tess-spoc/s0065/target/0000/0004/4902/6113/hlsp_tess-spoc_tess_phot_0000000449026113-s0065_tess_v1_lc.fits,hlsp_tess-spoc_tess_phot_0000000449026113-s0065_tess_v1_lc.fits
377632797,66,mast:HLSP/tess-spoc/s0066/target/0000/0003/7763/2797/hlsp_tess-spoc_tess_phot_0000000377632797-s0066_tess_v1_lc.fits,hlsp_tess-spoc_tess_phot_0000000377632797-s0066_tess_v1_lc.fits
326614599,38,mast:HLSP/tess-spoc/s0038/target/0000/0003/2661/4599/hlsp_tess-spoc_tess_phot_0000000326614599-s0038_tess_v1_lc.fits,hlsp_tess-spoc_tess_phot_0000000326614599-s0038_tess_v1_lc.fits
245841110,66,mast:HLSP/tess-spoc/s0066/target/0000/0002/4584/1110/hlsp_tess-spoc_tess_phot_0000000245841110-s0066_tess_v1_lc.fits,hlsp_tess-spoc_tess_phot_0000000245841110-s0066_tess_v1_lc.fits
175099066,80,mast:HLSP/tess-spoc/s0080/target/0000/0001/7509/9066/hlsp_tess-spoc_tess_phot_0000000175099066-s0080_tess_v1_lc.fits,hlsp_tess-spoc_tess_phot_0000000175099066-s0080_tess_v1_lc.fits
56208648,80,mast:HLSP/tess-spoc/s0080/target/0000/0000/5620/8648/hlsp_tess-spoc_tess_phot_0000000056208648-s0080_tess_v1_lc.fits,hlsp_tess-spoc_tess_phot_0000000056208648-s0080_tess_v1_lc.fits
227500282,80,mast:HLSP/tess-spoc/s0080/target/0000/0002/2750/0282/hlsp_tess-spoc_tess_phot_0000000227500282-s0080_tess_v1_lc.fits,hlsp_tess-spoc_tess_phot_0000000227500282-s0080_tess_v1_lc.fits
90641991,65,mast:HLSP/tess-spoc/s0065/target/0000/0000/9064/1991/hlsp_tess-spoc_tess_phot_0000000090641991-s0065_tess_v1_lc.fits,hlsp_tess-spoc_tess_phot_0000000090641991-s0065_tess_v1_lc.fits
88076439,66,mast:HLSP/tess-spoc/s0066/target/0000/0000/8807/6439/hlsp_tess-spoc_tess_phot_0000000088076439-s0066_tess_v1_lc.fits,hlsp_tess-spoc_tess_phot_0000000088076439-s0066_tess_v1_lc.fits
107180272,80,mast:HLSP/tess-spoc/s0080/target/0000/0001/0718/0272/hlsp_tess-spoc_tess_phot_0000000107180272-s0080_tess_v1_lc.fits,hlsp_tess-spoc_tess_phot_0000000107180272-s0080_tess_v1_lc.fits
225641528,80,mast:HLSP/tess-spoc/s0080/target/0000/0002/2564/1528/hlsp_tess-spoc_tess_phot_0000000225641528-s0080_tess_v1_lc.fits,hlsp_tess-spoc_tess_phot_0000000225641528-s0080_tess_v1_lc.fits
397565775,65,mast:HLSP/tess-spoc/s0065/target/0000/0003/9756/5775/hlsp_tess-spoc_tess_phot_0000000397565775-s0065_tess_v1_lc.fits,hlsp_tess-spoc_tess_phot_0000000397565775-s0065_tess_v1_lc.fits
123910296,66,mast:HLSP/tess-spoc/s0066/target/0000/0001/2391/0296/hlsp_tess-spoc_tess_phot_0000000123910296-s0066_tess_v1_lc.fits,hlsp_tess-spoc_tess_phot_0000000123910296-s0066_tess_v1_lc.fits
114323856,80,mast:HLSP/tess-spoc/s0080/target/0000/0001/1432/3856/hlsp_tess-spoc_tess_phot_0000000114323856-s0080_tess_v1_lc.fits,hlsp_tess-spoc_tess_phot_0000000114323856-s0080_tess_v1_lc.fits
124989166,66,mast:HLSP/tess-spoc/s0066/target/0000/0001/2498/9166/hlsp_tess-spoc_tess_phot_0000000124989166-s0066_tess_v1_lc.fits,hlsp_tess-spoc_tess_phot_0000000124989166-s0066_tess_v1_lc.fits
429078424,65,mast:HLSP/tess-spoc/s0065/target/0000/0004/2907/8424/hlsp_tess-spoc_tess_phot_0000000429078424-s0065_tess_v1_lc.fits,hlsp_tess-spoc_tess_phot_0000000429078424-s0065_tess_v1_lc.fits
429078424,66,mast:HLSP/tess-spoc/s0066/target/0000/0004/2907/8424/hlsp_tess-spoc_tess_phot_0000000429078424-s0066_tess_v1_lc.fits,hlsp_tess-spoc_tess_phot_0000000429078424-s0066_tess_v1_lc.fits
208904192,80,mast:HLSP/tess-spoc/s0080/target/0000/0002/0890/4192/hlsp_tess-spoc_tess_phot_0000000208904192-s0080_tess_v1_lc.fits,hlsp_tess-spoc_tess_phot_0000000208904192-s0080_tess_v1_lc.fits
213914157,80,mast:HLSP/tess-spoc/s0080/target/0000/0002/1391/4157/hlsp_tess-spoc_tess_phot_0000000213914157-s0080_tess_v1_lc.fits,hlsp_tess-spoc_tess_phot_0000000213914157-s0080_tess_v1_lc.fits
254813210,65,mast:HLSP/tess-spoc/s0065/target/0000/0002/5481/3210/hlsp_tess-spoc_tess_phot_0000000254813210-s0065_tess_v1_lc.fits,hlsp_tess-spoc_tess_phot_0000000254813210-s0065_tess_v1_lc.fits
300274224,65,mast:HLSP/tess-spoc/s0065/target/0000/0003/0027/4224/hlsp_tess-spoc_tess_phot_0000000300274224-s0065_tess_v1_lc.fits,hlsp_tess-spoc_tess_phot_0000000300274224-s0065_tess_v1_lc.fits
223662520,80,mast:HLSP/tess-spoc/s0080/target/0000/0002/2366/2520/hlsp_tess-spoc_tess_phot_0000000223662520-s0080_tess_v1_lc.fits,hlsp_tess-spoc_tess_phot_0000000223662520-s0080_tess_v1_lc.fits
19276742,66,mast:HLSP/tess-spoc/s0066/target/0000/0000/1927/6742/hlsp_tess-spoc_tess_phot_0000000019276742-s0066_tess_v1_lc.fits,hlsp_tess-spoc_tess_phot_0000000019276742-s0066_tess_v1_lc.fits
19605129,80,mast:HLSP/tess-spoc/s0080/target/0000/0000/1960/5129/hlsp_tess-spoc_tess_phot_0000000019605129-s0080_tess_v1_lc.fits,hlsp_tess-spoc_tess_phot_0000000019605129-s0080_tess_v1_lc.fits
175209945,80,mast:HLSP/tess-spoc/s0080/target/0000/0001/7520/9945/hlsp_tess-spoc_tess_phot_0000000175209945-s0080_tess_v1_lc.fits,hlsp_tess-spoc_tess_phot_0000000175209945-s0080_tess_v1_lc.fits
338329787,80,mast:HLSP/tess-spoc/s0080/target/0000/0003/3832/9787/hlsp_tess-spoc_tess_phot_0000000338329787-s0080_tess_v1_lc.fits,hlsp_tess-spoc_tess_phot_0000000338329787-s0080_tess_v1_lc.fits
44541457,65,mast:HLSP/tess-spoc/s0065/target/0000/0000/4454/1457/hlsp_tess-spoc_tess_phot_0000000044541457-s0065_tess_v1_lc.fits,hlsp_tess-spoc_tess_phot_0000000044541457-s0065_tess_v1_lc.fits
175196967,80,mast:HLSP/tess-spoc/s0080/target/0000/0001/7519/6967/hlsp_tess-spoc_tess_phot_0000000175196967-s0080_tess_v1_lc.fits,hlsp_tess-spoc_tess_phot_0000000175196967-s0080_tess_v1_lc.fits
183038218,80,mast:HLSP/tess-spoc/s0080/target/0000/0001/8303/8218/hlsp_tess-spoc_tess_phot_0000000183038218-s0080_tess_v1_lc.fits,hlsp_tess-spoc_tess_phot_0000000183038218-s0080_tess_v1_lc.fits
433527254,80,mast:HLSP/tess-spoc/s0080/target/0000/0004/3352/7254/hlsp_tess-spoc_tess_phot_0000000433527254-s0080_tess_v1_lc.fits,hlsp_tess-spoc_tess_phot_0000000433527254-s0080_tess_v1_lc.fits
453956829,65,mast:HLSP/tess-spoc/s0065/target/0000/0004/5395/6829/hlsp_tess-spoc_tess_phot_0000000453956829-s0065_tess_v1_lc.fits,hlsp_tess-spoc_tess_phot_0000000453956829-s0065_tess_v1_lc.fits
383148726,66,mast:HLSP/tess-spoc/s0066/target/0000/0003/8314/8726/hlsp_tess-spoc_tess_phot_0000000383148726-s0066_tess_v1_lc.fits,hlsp_tess-spoc_tess_phot_0000000383148726-s0066_tess_v1_lc.fits
18745040,80,mast:HLSP/tess-spoc/s0080/target/0000/0000/1874/5040/hlsp_tess-spoc_tess_phot_0000000018745040-s0080_tess_v1_lc.fits,hlsp_tess-spoc_tess_phot_0000000018745040-s0080_tess_v1_lc.fits
54942577,80,mast:HLSP/tess-spoc/s0080/target/0000/0000/5494/2577/hlsp_tess-spoc_tess_phot_0000000054942577-s0080_tess_v1_lc.fits,hlsp_tess-spoc_tess_phot_0000000054942577-s0080_tess_v1_lc.fits
98816869,80,mast:HLSP/tess-spoc/s0080/target/0000/0000/9881/6869/hlsp_tess-spoc_tess_phot_0000000098816869-s0080_tess_v1_lc.fits,hlsp_tess-spoc_tess_phot_0000000098816869-s0080_tess_v1_lc.fits
419485351,65,mast:HLSP/tess-spoc/s0065/target/0000/0004/1948/5351/hlsp_tess-spoc_tess_phot_0000000419485351-s0065_tess_v1_lc.fits,hlsp_tess-spoc_tess_phot_0000000419485351-s0065_tess_v1_lc.fits
208451222,80,mast:HLSP/tess-spoc/s0080/target/0000/0002/0845/1222/hlsp_tess-spoc_tess_phot_0000000208451222-s0080_tess_v1_lc.fits,hlsp_tess-spoc_tess_phot_0000000208451222-s0080_tess_v1_lc.fits
237176170,66,mast:HLSP/tess-spoc/s0066/target/0000/0002/3717/6170/hlsp_tess-spoc_tess_phot_0000000237176170-s0066_tess_v1_lc.fits,hlsp_tess-spoc_tess_phot_0000000237176170-s0066_tess_v1_lc.fits
266856107,66,mast:HLSP/tess-spoc/s0066/target/0000/0002/6685/6107/hlsp_tess-spoc_tess_phot_0000000266856107-s0066_tess_v1_lc.fits,hlsp_tess-spoc_tess_phot_0000000266856107-s0066_tess_v1_lc.fits
451704915,64,mast:HLSP/tess-spoc/s0064/target/0000/0004/5170/4915/hlsp_tess-spoc_tess_phot_0000000451704915-s0064_tess_v1_lc.fits,hlsp_tess-spoc_tess_phot_0000000451704915-s0064_tess_v1_lc.fits
175883867,80,mast:HLSP/tess-spoc/s0080/target/0000/0001/7588/3867/hlsp_tess-spoc_tess_phot_0000000175883867-s0080_tess_v1_lc.fits,hlsp_tess-spoc_tess_phot_0000000175883867-s0080_tess_v1_lc.fits
325265892,65,mast:HLSP/tess-spoc/s0065/target/0000/0003/2526/5892/hlsp_tess-spoc_tess_phot_0000000325265892-s0065_tess_v1_lc.fits,hlsp_tess-spoc_tess_phot_0000000325265892-s0065_tess_v1_lc.fits
379971758,66,mast:HLSP/tess-spoc/s0066/target/0000/0003/7997/1758/hlsp_tess-spoc_tess_phot_0000000379971758-s0066_tess_v1_lc.fits,hlsp_tess-spoc_tess_phot_0000000379971758-s0066_tess_v1_lc.fits
126647016,62,mast:HLSP/tess-spoc/s0062/target/0000/0001/2664/7016/hlsp_tess-spoc_tess_phot_0000000126647016-s0062_tess_v1_lc.fits,hlsp_tess-spoc_tess_phot_0000000126647016-s0062_tess_v1_lc.fits
126647016,63,mast:HLSP/tess-spoc/s0063/target/0000/0001/2664/7016/hlsp_tess-spoc_tess_phot_0000000126647016-s0063_tess_v1_lc.fits,hlsp_tess-spoc_tess_phot_0000000126647016-s0063_tess_v1_lc.fits
330279124,65,mast:HLSP/tess-spoc/s0065/target/0000/0003/3027/9124/hlsp_tess-spoc_tess_phot_0000000330279124-s0065_tess_v1_lc.fits,hlsp_tess-spoc_tess_phot_0000000330279124-s0065_tess_v1_lc.fits
175203929,80,mast:HLSP/tess-spoc/s0080/target/0000/0001/7520/3929/hlsp_tess-spoc_tess_phot_0000000175203929-s0080_tess_v1_lc.fits,hlsp_tess-spoc_tess_phot_0000000175203929-s0080_tess_v1_lc.fits
203321620,80,mast:HLSP/tess-spoc/s0080/target/0000/0002/0332/1620/hlsp_tess-spoc_tess_phot_0000000203321620-s0080_tess_v1_lc.fits,hlsp_tess-spoc_tess_phot_0000000203321620-s0080_tess_v1_lc.fits
203321620,81,mast:HLSP/tess-spoc/s0081/target/0000/0002/0332/1620/hlsp_tess-spoc_tess_phot_0000000203321620-s0081_tess_v1_lc.fits,hlsp_tess-spoc_tess_phot_0000000203321620-s0081_tess_v1_lc.fits
53226140,80,mast:HLSP/tess-spoc/s0080/target/0000/0000/5322/6140/hlsp_tess-spoc_tess_phot_0000000053226140-s0080_tess_v1_lc.fits,hlsp_tess-spoc_tess_phot_0000000053226140-s0080_tess_v1_lc.fits
55195180,80,mast:HLSP/tess-spoc/s0080/target/0000/0000/5519/5180/hlsp_tess-spoc_tess_phot_0000000055195180-s0080_tess_v1_lc.fits,hlsp_tess-spoc_tess_phot_0000000055195180-s0080_tess_v1_lc.fits
56577583,80,mast:HLSP/tess-spoc/s0080/target/0000/0000/5657/7583/hlsp_tess-spoc_tess_phot_0000000056577583-s0080_tess_v1_lc.fits,hlsp_tess-spoc_tess_phot_0000000056577583-s0080_tess_v1_lc.fits
229833077,66,mast:HLSP/tess-spoc/s0066/target/0000/0002/2983/3077/hlsp_tess-spoc_tess_phot_0000000229833077-s0066_tess_v1_lc.fits,hlsp_tess-spoc_tess_phot_0000000229833077-s0066_tess_v1_lc.fits
162976759,66,mast:HLSP/tess-spoc/s0066/target/0000/0001/6297/6759/hlsp_tess-spoc_tess_phot_0000000162976759-s0066_tess_v1_lc.fits,hlsp_tess-spoc_tess_phot_0000000162976759-s0066_tess_v1_lc.fits
246664820,66,mast:HLSP/tess-spoc/s0066/target/0000/0002/4666/4820/hlsp_tess-spoc_tess_phot_0000000246664820-s0066_tess_v1_lc.fits,hlsp_tess-spoc_tess_phot_0000000246664820-s0066_tess_v1_lc.fits
281474958,65,mast:HLSP/tess-spoc/s0065/target/0000/0002/8147/4958/hlsp_tess-spoc_tess_phot_0000000281474958-s0065_tess_v1_lc.fits,hlsp_tess-spoc_tess_phot_0000000281474958-s0065_tess_v1_lc.fits
410020199,65,mast:HLSP/tess-spoc/s0065/target/0000/0004/1002/0199/hlsp_tess-spoc_tess_phot_0000000410020199-s0065_tess_v1_lc.fits,hlsp_tess-spoc_tess_phot_0000000410020199-s0065_tess_v1_lc.fits
112968342,80,mast:HLSP/tess-spoc/s0080/target/0000/0001/1296/8342/hlsp_tess-spoc_tess_phot_0000000112968342-s0080_tess_v1_lc.fits,hlsp_tess-spoc_tess_phot_0000000112968342-s0080_tess_v1_lc.fits
378351209,66,mast:HLSP/tess-spoc/s0066/target/0000/0003/7835/1209/hlsp_tess-spoc_tess_phot_0000000378351209-s0066_tess_v1_lc.fits,hlsp_tess-spoc_tess_phot_0000000378351209-s0066_tess_v1_lc.fits
55934369,80,mast:HLSP/tess-spoc/s0080/target/0000/0000/5593/4369/hlsp_tess-spoc_tess_phot_0000000055934369-s0080_tess_v1_lc.fits,hlsp_tess-spoc_tess_phot_0000000055934369-s0080_tess_v1_lc.fits
390251014,65,mast:HLSP/tess-spoc/s0065/target/0000/0003/9025/1014/hlsp_tess-spoc_tess_phot_0000000390251014-s0065_tess_v1_lc.fits,hlsp_tess-spoc_tess_phot_0000000390251014-s0065_tess_v1_lc.fits
438133568,64,mast:HLSP/tess-spoc/s0064/target/0000/0004/3813/3568/hlsp_tess-spoc_tess_phot_0000000438133568-s0064_tess_v1_lc.fits,hlsp_tess-spoc_tess_phot_0000000438133568-s0064_tess_v1_lc.fits
438133568,65,mast:HLSP/tess-spoc/s0065/target/0000/0004/3813/3568/hlsp_tess-spoc_tess_phot_0000000438133568-s0065_tess_v1_lc.fits,hlsp_tess-spoc_tess_phot_0000000438133568-s0065_tess_v1_lc.fits
382974572,64,mast:HLSP/tess-spoc/s0064/target/0000/0003/8297/4572/hlsp_tess-spoc_tess_phot_0000000382974572-s0064_tess_v1_lc.fits,hlsp_tess-spoc_tess_phot_0000000382974572-s0064_tess_v1_lc.fits
382974572,65,mast:HLSP/tess-spoc/s0065/target/0000/0003/8297/4572/hlsp_tess-spoc_tess_phot_0000000382974572-s0065_tess_v1_lc.fits,hlsp_tess-spoc_tess_phot_0000000382974572-s0065_tess_v1_lc.fits
78472378,66,mast:HLSP/tess-spoc/s0066/target/0000/0000/7847/2378/hlsp_tess-spoc_tess_phot_0000000078472378-s0066_tess_v1_lc.fits,hlsp_tess-spoc_tess_phot_0000000078472378-s0066_tess_v1_lc.fits
225745341,66,mast:HLSP/tess-spoc/s0066/target/0000/0002/2574/5341/hlsp_tess-spoc_tess_phot_0000000225745341-s0066_tess_v1_lc.fits,hlsp_tess-spoc_tess_phot_0000000225745341-s0066_tess_v1_lc.fits
262858037,65,mast:HLSP/tess-spoc/s0065/target/0000/0002/6285/8037/hlsp_tess-spoc_tess_phot_0000000262858037-s0065_tess_v1_lc.fits,hlsp_tess-spoc_tess_phot_0000000262858037-s0065_tess_v1_lc.fits
410771371,65,mast:HLSP/tess-spoc/s0065/target/0000/0004/1077/1371/hlsp_tess-spoc_tess_phot_0000000410771371-s0065_tess_v1_lc.fits,hlsp_tess-spoc_tess_phot_0000000410771371-s0065_tess_v1_lc.fits
43284283,66,mast:HLSP/tess-spoc/s0066/target/0000/0000/4328/4283/hlsp_tess-spoc_tess_phot_0000000043284283-s0066_tess_v1_lc.fits,hlsp_tess-spoc_tess_phot_0000000043284283-s0066_tess_v1_lc.fits
106854789,66,mast:HLSP/tess-spoc/s0066/target/0000/0001/0685/4789/hlsp_tess-spoc_tess_phot_0000000106854789-s0066_tess_v1_lc.fits,hlsp_tess-spoc_tess_phot_0000000106854789-s0066_tess_v1_lc.fits
223145106,80,mast:HLSP/tess-spoc/s0080/target/0000/0002/2314/5106/hlsp_tess-spoc_tess_phot_0000000223145106-s0080_tess_v1_lc.fits,hlsp_tess-spoc_tess_phot_0000000223145106-s0080_tess_v1_lc.fits
235317483,66,mast:HLSP/tess-spoc/s0066/target/0000/0002/3531/7483/hlsp_tess-spoc_tess_phot_0000000235317483-s0066_tess_v1_lc.fits,hlsp_tess-spoc_tess_phot_0000000235317483-s0066_tess_v1_lc.fits
306429955,80,mast:HLSP/tess-spoc/s0080/target/0000/0003/0642/9955/hlsp_tess-spoc_tess_phot_0000000306429955-s0080_tess_v1_lc.fits,hlsp_tess-spoc_tess_phot_0000000306429955-s0080_tess_v1_lc.fits
35351228,65,mast:HLSP/tess-spoc/s0065/target/0000/0000/3535/1228/hlsp_tess-spoc_tess_phot_0000000035351228-s0065_tess_v1_lc.fits,hlsp_tess-spoc_tess_phot_0000000035351228-s0065_tess_v1_lc.fits
113303741,80,mast:HLSP/tess-spoc/s0080/target/0000/0001/1330/3741/hlsp_tess-spoc_tess_phot_0000000113303741-s0080_tess_v1_lc.fits,hlsp_tess-spoc_tess_phot_0000000113303741-s0080_tess_v1_lc.fits
438871378,64,mast:HLSP/tess-spoc/s0064/target/0000/0004/3887/1378/hlsp_tess-spoc_tess_phot_0000000438871378-s0064_tess_v1_lc.fits,hlsp_tess-spoc_tess_phot_0000000438871378-s0064_tess_v1_lc.fits
438871378,65,mast:HLSP/tess-spoc/s0065/target/0000/0004/3887/1378/hlsp_tess-spoc_tess_phot_0000000438871378-s0065_tess_v1_lc.fits,hlsp_tess-spoc_tess_phot_0000000438871378-s0065_tess_v1_lc.fits
182657553,61,mast:HLSP/tess-spoc/s0061/target/0000/0001/8265/7553/hlsp_tess-spoc_tess_phot_0000000182657553-s0061_tess_v1_lc.fits,hlsp_tess-spoc_tess_phot_0000000182657553-s0061_tess_v1_lc.fits
182657553,62,mast:HLSP/tess-spoc/s0062/target/0000/0001/8265/7553/hlsp_tess-spoc_tess_phot_0000000182657553-s0062_tess_v1_lc.fits,hlsp_tess-spoc_tess_phot_0000000182657553-s0062_tess_v1_lc.fits
291805245,65,mast:HLSP/tess-spoc/s0065/target/0000/0002/9180/5245/hlsp_tess-spoc_tess_phot_0000000291805245-s0065_tess_v1_lc.fits,hlsp_tess-spoc_tess_phot_0000000291805245-s0065_tess_v1_lc.fits
106240562,80,mast:HLSP/tess-spoc/s0080/target/0000/0001/0624/0562/hlsp_tess-spoc_tess_phot_0000000106240562-s0080_tess_v1_lc.fits,hlsp_tess-spoc_tess_phot_0000000106240562-s0080_tess_v1_lc.fits
179604148,80,mast:HLSP/tess-spoc/s0080/target/0000/0001/7960/4148/hlsp_tess-spoc_tess_phot_0000000179604148-s0080_tess_v1_lc.fits,hlsp_tess-spoc_tess_phot_0000000179604148-s0080_tess_v1_lc.fits
182253216,80,mast:HLSP/tess-spoc/s0080/target/0000/0001/8225/3216/hlsp_tess-spoc_tess_phot_0000000182253216-s0080_tess_v1_lc.fits,hlsp_tess-spoc_tess_phot_0000000182253216-s0080_tess_v1_lc.fits
463243738,63,mast:HLSP/tess-spoc/s0063/target/0000/0004/6324/3738/hlsp_tess-spoc_tess_phot_0000000463243738-s0063_tess_v1_lc.fits,hlsp_tess-spoc_tess_phot_0000000463243738-s0063_tess_v1_lc.fits
463243738,64,mast:HLSP/tess-spoc/s0064/target/0000/0004/6324/3738/hlsp_tess-spoc_tess_phot_0000000463243738-s0064_tess_v1_lc.fits,hlsp_tess-spoc_tess_phot_0000000463243738-s0064_tess_v1_lc.fits
272500094,65,mast:HLSP/tess-spoc/s0065/target/0000/0002/7250/0094/hlsp_tess-spoc_tess_phot_0000000272500094-s0065_tess_v1_lc.fits,hlsp_tess-spoc_tess_phot_0000000272500094-s0065_tess_v1_lc.fits
307267291,64,mast:HLSP/tess-spoc/s0064/target/0000/0003/0726/7291/hlsp_tess-spoc_tess_phot_0000000307267291-s0064_tess_v1_lc.fits,hlsp_tess-spoc_tess_phot_0000000307267291-s0064_tess_v1_lc.fits
207543182,80,mast:HLSP/tess-spoc/s0080/target/0000/0002/0754/3182/hlsp_tess-spoc_tess_phot_0000000207543182-s0080_tess_v1_lc.fits,hlsp_tess-spoc_tess_phot_0000000207543182-s0080_tess_v1_lc.fits
207543182,81,mast:HLSP/tess-spoc/s0081/target/0000/0002/0754/3182/hlsp_tess-spoc_tess_phot_0000000207543182-s0081_tess_v1_lc.fits,hlsp_tess-spoc_tess_phot_0000000207543182-s0081_tess_v1_lc.fits
266513300,64,mast:HLSP/tess-spoc/s0064/target/0000/0002/6651/3300/hlsp_tess-spoc_tess_phot_0000000266513300-s0064_tess_v1_lc.fits,hlsp_tess-spoc_tess_phot_0000000266513300-s0064_tess_v1_lc.fits
155371589,66,mast:HLSP/tess-spoc/s0066/target/0000/0001/5537/1589/hlsp_tess-spoc_tess_phot_0000000155371589-s0066_tess_v1_lc.fits,hlsp_tess-spoc_tess_phot_0000000155371589-s0066_tess_v1_lc.fits
344390974,66,mast:HLSP/tess-spoc/s0066/target/0000/0003/4439/0974/hlsp_tess-spoc_tess_phot_0000000344390974-s0066_tess_v1_lc.fits,hlsp_tess-spoc_tess_phot_0000000344390974-s0066_tess_v1_lc.fits
284400565,65,mast:HLSP/tess-spoc/s0065/target/0000/0002/8440/0565/hlsp_tess-spoc_tess_phot_0000000284400565-s0065_tess_v1_lc.fits,hlsp_tess-spoc_tess_phot_0000000284400565-s0065_tess_v1_lc.fits
189455954,66,mast:HLSP/tess-spoc/s0066/target/0000/0001/8945/5954/hlsp_tess-spoc_tess_phot_0000000189455954-s0066_tess_v1_lc.fits,hlsp_tess-spoc_tess_phot_0000000189455954-s0066_tess_v1_lc.fits
378338284,66,mast:HLSP/tess-spoc/s0066/target/0000/0003/7833/8284/hlsp_tess-spoc_tess_phot_0000000378338284-s0066_tess_v1_lc.fits,hlsp_tess-spoc_tess_phot_0000000378338284-s0066_tess_v1_lc.fits
414712417,65,mast:HLSP/tess-spoc/s0065/target/0000/0004/1471/2417/hlsp_tess-spoc_tess_phot_0000000414712417-s0065_tess_v1_lc.fits,hlsp_tess-spoc_tess_phot_0000000414712417-s0065_tess_v1_lc.fits
465026587,66,mast:HLSP/tess-spoc/s0066/target/0000/0004/6502/6587/hlsp_tess-spoc_tess_phot_0000000465026587-s0066_tess_v1_lc.fits,hlsp_tess-spoc_tess_phot_0000000465026587-s0066_tess_v1_lc.fits
344527018,66,mast:HLSP/tess-spoc/s0066/target/0000/0003/4452/7018/hlsp_tess-spoc_tess_phot_0000000344527018-s0066_tess_v1_lc.fits,hlsp_tess-spoc_tess_phot_0000000344527018-s0066_tess_v1_lc.fits
4551083,80,mast:HLSP/tess-spoc/s0080/target/0000/0000/0455/1083/hlsp_tess-spoc_tess_phot_0000000004551083-s0080_tess_v1_lc.fits,hlsp_tess-spoc_tess_phot_0000000004551083-s0080_tess_v1_lc.fits
459820829,63,mast:HLSP/tess-spoc/s0063/target/0000/0004/5982/0829/hlsp_tess-spoc_tess_phot_0000000459820829-s0063_tess_v1_lc.fits,hlsp_tess-spoc_tess_phot_0000000459820829-s0063_tess_v1_lc.fits
459820829,64,mast:HLSP/tess-spoc/s0064/target/0000/0004/5982/0829/hlsp_tess-spoc_tess_phot_0000000459820829-s0064_tess_v1_lc.fits,hlsp_tess-spoc_tess_phot_0000000459820829-s0064_tess_v1_lc.fits
55329657,80,mast:HLSP/tess-spoc/s0080/target/0000/0000/5532/9657/hlsp_tess-spoc_tess_phot_0000000055329657-s0080_tess_v1_lc.fits,hlsp_tess-spoc_tess_phot_0000000055329657-s0080_tess_v1_lc.fits
14385459,80,mast:HLSP/tess-spoc/s0080/target/0000/0000/1438/5459/hlsp_tess-spoc_tess_phot_0000000014385459-s0080_tess_v1_lc.fits,hlsp_tess-spoc_tess_phot_0000000014385459-s0080_tess_v1_lc.fits
90518046,65,mast:HLSP/tess-spoc/s0065/target/0000/0000/9051/8046/hlsp_tess-spoc_tess_phot_0000000090518046-s0065_tess_v1_lc.fits,hlsp_tess-spoc_tess_phot_0000000090518046-s0065_tess_v1_lc.fits
107721491,66,mast:HLSP/tess-spoc/s0066/target/0000/0001/0772/1491/hlsp_tess-spoc_tess_phot_0000000107721491-s0066_tess_v1_lc.fits,hlsp_tess-spoc_tess_phot_0000000107721491-s0066_tess_v1_lc.fits
274452658,63,mast:HLSP/tess-spoc/s0063/target/0000/0002/7445/2658/hlsp_tess-spoc_tess_phot_0000000274452658-s0063_tess_v1_lc.fits,hlsp_tess-spoc_tess_phot_0000000274452658-s0063_tess_v1_lc.fits
274452658,64,mast:HLSP/tess-spoc/s0064/target/0000/0002/7445/2658/hlsp_tess-spoc_tess_phot_0000000274452658-s0064_tess_v1_lc.fits,hlsp_tess-spoc_tess_phot_0000000274452658-s0064_tess_v1_lc.fits
266831449,65,mast:HLSP/tess-spoc/s0065/target/0000/0002/6683/1449/hlsp_tess-spoc_tess_phot_0000000266831449-s0065_tess_v1_lc.fits,hlsp_tess-spoc_tess_phot_0000000266831449-s0065_tess_v1_lc.fits
157496670,66,mast:HLSP/tess-spoc/s0066/target/0000/0001/5749/6670/hlsp_tess-spoc_tess_phot_0000000157496670-s0066_tess_v1_lc.fits,hlsp_tess-spoc_tess_phot_0000000157496670-s0066_tess_v1_lc.fits
389493147,66,mast:HLSP/tess-spoc/s0066/target/0000/0003/8949/3147/hlsp_tess-spoc_tess_phot_0000000389493147-s0066_tess_v1_lc.fits,hlsp_tess-spoc_tess_phot_0000000389493147-s0066_tess_v1_lc.fits
114067162,80,mast:HLSP/tess-spoc/s0080/target/0000/0001/1406/7162/hlsp_tess-spoc_tess_phot_0000000114067162-s0080_tess_v1_lc.fits,hlsp_tess-spoc_tess_phot_0000000114067162-s0080_tess_v1_lc.fits
223062905,80,mast:HLSP/tess-spoc/s0080/target/0000/0002/2306/2905/hlsp_tess-spoc_tess_phot_0000000223062905-s0080_tess_v1_lc.fits,hlsp_tess-spoc_tess_phot_0000000223062905-s0080_tess_v1_lc.fits
342931970,80,mast:HLSP/tess-spoc/s0080/target/0000/0003/4293/1970/hlsp_tess-spoc_tess_phot_0000000342931970-s0080_tess_v1_lc.fits,hlsp_tess-spoc_tess_phot_0000000342931970-s0080_tess_v1_lc.fits
395876560,80,mast:HLSP/tess-spoc/s0080/target/0000/0003/9587/6560/hlsp_tess-spoc_tess_phot_0000000395876560-s0080_tess_v1_lc.fits,hlsp_tess-spoc_tess_phot_0000000395876560-s0080_tess_v1_lc.fits
342931970,81,mast:HLSP/tess-spoc/s0081/target/0000/0003/4293/1970/hlsp_tess-spoc_tess_phot_0000000342931970-s0081_tess_v1_lc.fits,hlsp_tess-spoc_tess_phot_0000000342931970-s0081_tess_v1_lc.fits
395876560,81,mast:HLSP/tess-spoc/s0081/target/0000/0003/9587/6560/hlsp_tess-spoc_tess_phot_0000000395876560-s0081_tess_v1_lc.fits,hlsp_tess-spoc_tess_phot_0000000395876560-s0081_tess_v1_lc.fits
28033098,66,mast:HLSP/tess-spoc/s0066/target/0000/0000/2803/3098/hlsp_tess-spoc_tess_phot_0000000028033098-s0066_tess_v1_lc.fits,hlsp_tess-spoc_tess_phot_0000000028033098-s0066_tess_v1_lc.fits
163890752,66,mast:HLSP/tess-spoc/s0066/target/0000/0001/6389/0752/hlsp_tess-spoc_tess_phot_0000000163890752-s0066_tess_v1_lc.fits,hlsp_tess-spoc_tess_phot_0000000163890752-s0066_tess_v1_lc.fits
34339292,80,mast:HLSP/tess-spoc/s0080/target/0000/0000/3433/9292/hlsp_tess-spoc_tess_phot_0000000034339292-s0080_tess_v1_lc.fits,hlsp_tess-spoc_tess_phot_0000000034339292-s0080_tess_v1_lc.fits
205969205,80,mast:HLSP/tess-spoc/s0080/target/0000/0002/0596/9205/hlsp_tess-spoc_tess_phot_0000000205969205-s0080_tess_v1_lc.fits,hlsp_tess-spoc_tess_phot_0000000205969205-s0080_tess_v1_lc.fits
297348558,64,mast:HLSP/tess-spoc/s0064/target/0000/0002/9734/8558/hlsp_tess-spoc_tess_phot_0000000297348558-s0064_tess_v1_lc.fits,hlsp_tess-spoc_tess_phot_0000000297348558-s0064_tess_v1_lc.fits
297348558,65,mast:HLSP/tess-spoc/s0065/target/0000/0002/9734/8558/hlsp_tess-spoc_tess_phot_0000000297348558-s0065_tess_v1_lc.fits,hlsp_tess-spoc_tess_phot_0000000297348558-s0065_tess_v1_lc.fits
65724904,65,mast:HLSP/tess-spoc/s0065/target/0000/0000/6572/4904/hlsp_tess-spoc_tess_phot_0000000065724904-s0065_tess_v1_lc.fits,hlsp_tess-spoc_tess_phot_0000000065724904-s0065_tess_v1_lc.fits
454220398,65,mast:HLSP/tess-spoc/s0065/target/0000/0004/5422/0398/hlsp_tess-spoc_tess_phot_0000000454220398-s0065_tess_v1_lc.fits,hlsp_tess-spoc_tess_phot_0000000454220398-s0065_tess_v1_lc.fits
208860367,66,mast:HLSP/tess-spoc/s0066/target/0000/0002/0886/0367/hlsp_tess-spoc_tess_phot_0000000208860367-s0066_tess_v1_lc.fits,hlsp_tess-spoc_tess_phot_0000000208860367-s0066_tess_v1_lc.fits
44701968,80,mast:HLSP/tess-spoc/s0080/target/0000/0000/4470/1968/hlsp_tess-spoc_tess_phot_0000000044701968-s0080_tess_v1_lc.fits,hlsp_tess-spoc_tess_phot_0000000044701968-s0080_tess_v1_lc.fits
279959343,61,mast:HLSP/tess-spoc/s0061/target/0000/0002/7995/9343/hlsp_tess-spoc_tess_phot_0000000279959343-s0061_tess_v1_lc.fits,hlsp_tess-spoc_tess_phot_0000000279959343-s0061_tess_v1_lc.fits
279959343,62,mast:HLSP/tess-spoc/s0062/target/0000/0002/7995/9343/hlsp_tess-spoc_tess_phot_0000000279959343-s0062_tess_v1_lc.fits,hlsp_tess-spoc_tess_phot_0000000279959343-s0062_tess_v1_lc.fits
279959343,63,mast:HLSP/tess-spoc/s0063/target/0000/0002/7995/9343/hlsp_tess-spoc_tess_phot_0000000279959343-s0063_tess_v1_lc.fits,hlsp_tess-spoc_tess_phot_0000000279959343-s0063_tess_v1_lc.fits
279959343,64,mast:HLSP/tess-spoc/s0064/target/0000/0002/7995/9343/hlsp_tess-spoc_tess_phot_0000000279959343-s0064_tess_v1_lc.fits,hlsp_tess-spoc_tess_phot_0000000279959343-s0064_tess_v1_lc.fits
439367308,64,mast:HLSP/tess-spoc/s0064/target/0000/0004/3936/7308/hlsp_tess-spoc_tess_phot_0000000439367308-s0064_tess_v1_lc.fits,hlsp_tess-spoc_tess_phot_0000000439367308-s0064_tess_v1_lc.fits
39276266,65,mast:HLSP/tess-spoc/s0065/target/0000/0000/3927/6266/hlsp_tess-spoc_tess_phot_0000000039276266-s0065_tess_v1_lc.fits,hlsp_tess-spoc_tess_phot_0000000039276266-s0065_tess_v1_lc.fits
279959343,65,mast:HLSP/tess-spoc/s0065/target/0000/0002/7995/9343/hlsp_tess-spoc_tess_phot_0000000279959343-s0065_tess_v1_lc.fits,hlsp_tess-spoc_tess_phot_0000000279959343-s0065_tess_v1_lc.fits
439367308,65,mast:HLSP/tess-spoc/s0065/target/0000/0004/3936/7308/hlsp_tess-spoc_tess_phot_0000000439367308-s0065_tess_v1_lc.fits,hlsp_tess-spoc_tess_phot_0000000439367308-s0065_tess_v1_lc.fits
279959343,67,mast:HLSP/tess-spoc/s0067/target/0000/0002/7995/9343/hlsp_tess-spoc_tess_phot_0000000279959343-s0067_tess_v1_lc.fits,hlsp_tess-spoc_tess_phot_0000000279959343-s0067_tess_v1_lc.fits
279959343,68,mast:HLSP/tess-spoc/s0068/target/0000/0002/7995/9343/hlsp_tess-spoc_tess_phot_0000000279959343-s0068_tess_v1_lc.fits,hlsp_tess-spoc_tess_phot_0000000279959343-s0068_tess_v1_lc.fits
279959343,69,mast:HLSP/tess-spoc/s0069/target/0000/0002/7995/9343/hlsp_tess-spoc_tess_phot_0000000279959343-s0069_tess_v1_lc.fits,hlsp_tess-spoc_tess_phot_0000000279959343-s0069_tess_v1_lc.fits
279959343,66,mast:HLSP/tess-spoc/s0066/target/0000/0002/7995/9343/hlsp_tess-spoc_tess_phot_0000000279959343-s0066_tess_v1_lc.fits,hlsp_tess-spoc_tess_phot_0000000279959343-s0066_tess_v1_lc.fits
332748340,80,mast:HLSP/tess-spoc/s0080/target/0000/0003/3274/8340/hlsp_tess-spoc_tess_phot_0000000332748340-s0080_tess_v1_lc.fits,hlsp_tess-spoc_tess_phot_0000000332748340-s0080_tess_v1_lc.fits
34895527,66,mast:HLSP/tess-spoc/s0066/target/0000/0000/3489/5527/hlsp_tess-spoc_tess_phot_0000000034895527-s0066_tess_v1_lc.fits,hlsp_tess-spoc_tess_phot_0000000034895527-s0066_tess_v1_lc.fits
332594649,80,mast:HLSP/tess-spoc/s0080/target/0000/0003/3259/4649/hlsp_tess-spoc_tess_phot_0000000332594649-s0080_tess_v1_lc.fits,hlsp_tess-spoc_tess_phot_0000000332594649-s0080_tess_v1_lc.fits
384438328,80,mast:HLSP/tess-spoc/s0080/target/0000/0003/8443/8328/hlsp_tess-spoc_tess_phot_0000000384438328-s0080_tess_v1_lc.fits,hlsp_tess-spoc_tess_phot_0000000384438328-s0080_tess_v1_lc.fits
439513658,62,mast:HLSP/tess-spoc/s0062/target/0000/0004/3951/3658/hlsp_tess-spoc_tess_phot_0000000439513658-s0062_tess_v1_lc.fits,hlsp_tess-spoc_tess_phot_0000000439513658-s0062_tess_v1_lc.fits
439513658,63,mast:HLSP/tess-spoc/s0063/target/0000/0004/3951/3658/hlsp_tess-spoc_tess_phot_0000000439513658-s0063_tess_v1_lc.fits,hlsp_tess-spoc_tess_phot_0000000439513658-s0063_tess_v1_lc.fits
6185914,66,mast:HLSP/tess-spoc/s0066/target/0000/0000/0618/5914/hlsp_tess-spoc_tess_phot_0000000006185914-s0066_tess_v1_lc.fits,hlsp_tess-spoc_tess_phot_0000000006185914-s0066_tess_v1_lc.fits
175536436,80,mast:HLSP/tess-spoc/s0080/target/0000/0001/7553/6436/hlsp_tess-spoc_tess_phot_0000000175536436-s0080_tess_v1_lc.fits,hlsp_tess-spoc_tess_phot_0000000175536436-s0080_tess_v1_lc.fits
283386084,65,mast:HLSP/tess-spoc/s0065/target/0000/0002/8338/6084/hlsp_tess-spoc_tess_phot_0000000283386084-s0065_tess_v1_lc.fits,hlsp_tess-spoc_tess_phot_0000000283386084-s0065_tess_v1_lc.fits
255419149,12,mast:HLSP/tess-spoc/s0012/target/0000/0002/5541/9149/hlsp_tess-spoc_tess_phot_0000000255419149-s0012_tess_v1_lc.fits,hlsp_tess-spoc_tess_phot_0000000255419149-s0012_tess_v1_lc.fits
255419149,39,mast:HLSP/tess-spoc/s0039/target/0000/0002/5541/9149/hlsp_tess-spoc_tess_phot_0000000255419149-s0039_tess_v1_lc.fits,hlsp_tess-spoc_tess_phot_0000000255419149-s0039_tess_v1_lc.fits
450950561,64,mast:HLSP/tess-spoc/s0064/target/0000/0004/5095/0561/hlsp_tess-spoc_tess_phot_0000000450950561-s0064_tess_v1_lc.fits,hlsp_tess-spoc_tess_phot_0000000450950561-s0064_tess_v1_lc.fits
255419149,65,mast:HLSP/tess-spoc/s0065/target/0000/0002/5541/9149/hlsp_tess-spoc_tess_phot_0000000255419149-s0065_tess_v1_lc.fits,hlsp_tess-spoc_tess_phot_0000000255419149-s0065_tess_v1_lc.fits
450950561,65,mast:HLSP/tess-spoc/s0065/target/0000/0004/5095/0561/hlsp_tess-spoc_tess_phot_0000000450950561-s0065_tess_v1_lc.fits,hlsp_tess-spoc_tess_phot_0000000450950561-s0065_tess_v1_lc.fits
235092727,66,mast:HLSP/tess-spoc/s0066/target/0000/0002/3509/2727/hlsp_tess-spoc_tess_phot_0000000235092727-s0066_tess_v1_lc.fits,hlsp_tess-spoc_tess_phot_0000000235092727-s0066_tess_v1_lc.fits
333752624,80,mast:HLSP/tess-spoc/s0080/target/0000/0003/3375/2624/hlsp_tess-spoc_tess_phot_0000000333752624-s0080_tess_v1_lc.fits,hlsp_tess-spoc_tess_phot_0000000333752624-s0080_tess_v1_lc.fits
31180059,61,mast:HLSP/tess-spoc/s0061/target/0000/0000/3118/0059/hlsp_tess-spoc_tess_phot_0000000031180059-s0061_tess_v1_lc.fits,hlsp_tess-spoc_tess_phot_0000000031180059-s0061_tess_v1_lc.fits
31180059,62,mast:HLSP/tess-spoc/s0062/target/0000/0000/3118/0059/hlsp_tess-spoc_tess_phot_0000000031180059-s0062_tess_v1_lc.fits,hlsp_tess-spoc_tess_phot_0000000031180059-s0062_tess_v1_lc.fits
31180059,63,mast:HLSP/tess-spoc/s0063/target/0000/0000/3118/0059/hlsp_tess-spoc_tess_phot_0000000031180059-s0063_tess_v1_lc.fits,hlsp_tess-spoc_tess_phot_0000000031180059-s0063_tess_v1_lc.fits
31180059,64,mast:HLSP/tess-spoc/s0064/target/0000/0000/3118/0059/hlsp_tess-spoc_tess_phot_0000000031180059-s0064_tess_v1_lc.fits,hlsp_tess-spoc_tess_phot_0000000031180059-s0064_tess_v1_lc.fits
31180059,65,mast:HLSP/tess-spoc/s0065/target/0000/0000/3118/0059/hlsp_tess-spoc_tess_phot_0000000031180059-s0065_tess_v1_lc.fits,hlsp_tess-spoc_tess_phot_0000000031180059-s0065_tess_v1_lc.fits
275166988,65,mast:HLSP/tess-spoc/s0065/target/0000/0002/7516/6988/hlsp_tess-spoc_tess_phot_0000000275166988-s0065_tess_v1_lc.fits,hlsp_tess-spoc_tess_phot_0000000275166988-s0065_tess_v1_lc.fits
380952613,65,mast:HLSP/tess-spoc/s0065/target/0000/0003/8095/2613/hlsp_tess-spoc_tess_phot_0000000380952613-s0065_tess_v1_lc.fits,hlsp_tess-spoc_tess_phot_0000000380952613-s0065_tess_v1_lc.fits
31180059,67,mast:HLSP/tess-spoc/s0067/target/0000/0000/3118/0059/hlsp_tess-spoc_tess_phot_0000000031180059-s0067_tess_v1_lc.fits,hlsp_tess-spoc_tess_phot_0000000031180059-s0067_tess_v1_lc.fits
31180059,68,mast:HLSP/tess-spoc/s0068/target/0000/0000/3118/0059/hlsp_tess-spoc_tess_phot_0000000031180059-s0068_tess_v1_lc.fits,hlsp_tess-spoc_tess_phot_0000000031180059-s0068_tess_v1_lc.fits
31180059,69,mast:HLSP/tess-spoc/s0069/target/0000/0000/3118/0059/hlsp_tess-spoc_tess_phot_0000000031180059-s0069_tess_v1_lc.fits,hlsp_tess-spoc_tess_phot_0000000031180059-s0069_tess_v1_lc.fits
31180059,66,mast:HLSP/tess-spoc/s0066/target/0000/0000/3118/0059/hlsp_tess-spoc_tess_phot_0000000031180059-s0066_tess_v1_lc.fits,hlsp_tess-spoc_tess_phot_0000000031180059-s0066_tess_v1_lc.fits
47223076,80,mast:HLSP/tess-spoc/s0080/target/0000/0000/4722/3076/hlsp_tess-spoc_tess_phot_0000000047223076-s0080_tess_v1_lc.fits,hlsp_tess-spoc_tess_phot_0000000047223076-s0080_tess_v1_lc.fits
396082309,80,mast:HLSP/tess-spoc/s0080/target/0000/0003/9608/2309/hlsp_tess-spoc_tess_phot_0000000396082309-s0080_tess_v1_lc.fits,hlsp_tess-spoc_tess_phot_0000000396082309-s0080_tess_v1_lc.fits
396082309,81,mast:HLSP/tess-spoc/s0081/target/0000/0003/9608/2309/hlsp_tess-spoc_tess_phot_0000000396082309-s0081_tess_v1_lc.fits,hlsp_tess-spoc_tess_phot_0000000396082309-s0081_tess_v1_lc.fits
151220588,61,mast:HLSP/tess-spoc/s0061/target/0000/0001/5122/0588/hlsp_tess-spoc_tess_phot_0000000151220588-s0061_tess_v1_lc.fits,hlsp_tess-spoc_tess_phot_0000000151220588-s0061_tess_v1_lc.fits
84511537,65,mast:HLSP/tess-spoc/s0065/target/0000/0000/8451/1537/hlsp_tess-spoc_tess_phot_0000000084511537-s0065_tess_v1_lc.fits,hlsp_tess-spoc_tess_phot_0000000084511537-s0065_tess_v1_lc.fits
21922647,66,mast:HLSP/tess-spoc/s0066/target/0000/0000/2192/2647/hlsp_tess-spoc_tess_phot_0000000021922647-s0066_tess_v1_lc.fits,hlsp_tess-spoc_tess_phot_0000000021922647-s0066_tess_v1_lc.fits
110400710,80,mast:HLSP/tess-spoc/s0080/target/0000/0001/1040/0710/hlsp_tess-spoc_tess_phot_0000000110400710-s0080_tess_v1_lc.fits,hlsp_tess-spoc_tess_phot_0000000110400710-s0080_tess_v1_lc.fits
211874888,80,mast:HLSP/tess-spoc/s0080/target/0000/0002/1187/4888/hlsp_tess-spoc_tess_phot_0000000211874888-s0080_tess_v1_lc.fits,hlsp_tess-spoc_tess_phot_0000000211874888-s0080_tess_v1_lc.fits
66508160,61,mast:HLSP/tess-spoc/s0061/target/0000/0000/6650/8160/hlsp_tess-spoc_tess_phot_0000000066508160-s0061_tess_v1_lc.fits,hlsp_tess-spoc_tess_phot_0000000066508160-s0061_tess_v1_lc.fits
17702665,80,mast:HLSP/tess-spoc/s0080/target/0000/0000/1770/2665/hlsp_tess-spoc_tess_phot_0000000017702665-s0080_tess_v1_lc.fits,hlsp_tess-spoc_tess_phot_0000000017702665-s0080_tess_v1_lc.fits
191306267,66,mast:HLSP/tess-spoc/s0066/target/0000/0001/9130/6267/hlsp_tess-spoc_tess_phot_0000000191306267-s0066_tess_v1_lc.fits,hlsp_tess-spoc_tess_phot_0000000191306267-s0066_tess_v1_lc.fits
232555155,66,mast:HLSP/tess-spoc/s0066/target/0000/0002/3255/5155/hlsp_tess-spoc_tess_phot_0000000232555155-s0066_tess_v1_lc.fits,hlsp_tess-spoc_tess_phot_0000000232555155-s0066_tess_v1_lc.fits
339597402,80,mast:HLSP/tess-spoc/s0080/target/0000/0003/3959/7402/hlsp_tess-spoc_tess_phot_0000000339597402-s0080_tess_v1_lc.fits,hlsp_tess-spoc_tess_phot_0000000339597402-s0080_tess_v1_lc.fits
208096462,65,mast:HLSP/tess-spoc/s0065/target/0000/0002/0809/6462/hlsp_tess-spoc_tess_phot_0000000208096462-s0065_tess_v1_lc.fits,hlsp_tess-spoc_tess_phot_0000000208096462-s0065_tess_v1_lc.fits
442810750,64,mast:HLSP/tess-spoc/s0064/target/0000/0004/4281/0750/hlsp_tess-spoc_tess_phot_0000000442810750-s0064_tess_v1_lc.fits,hlsp_tess-spoc_tess_phot_0000000442810750-s0064_tess_v1_lc.fits
442810750,65,mast:HLSP/tess-spoc/s0065/target/0000/0004/4281/0750/hlsp_tess-spoc_tess_phot_0000000442810750-s0065_tess_v1_lc.fits,hlsp_tess-spoc_tess_phot_0000000442810750-s0065_tess_v1_lc.fits
32963665,66,mast:HLSP/tess-spoc/s0066/target/0000/0000/3296/3665/hlsp_tess-spoc_tess_phot_0000000032963665-s0066_tess_v1_lc.fits,hlsp_tess-spoc_tess_phot_0000000032963665-s0066_tess_v1_lc.fits
223594628,80,mast:HLSP/tess-spoc/s0080/target/0000/0002/2359/4628/hlsp_tess-spoc_tess_phot_0000000223594628-s0080_tess_v1_lc.fits,hlsp_tess-spoc_tess_phot_0000000223594628-s0080_tess_v1_lc.fits
298876617,65,mast:HLSP/tess-spoc/s0065/target/0000/0002/9887/6617/hlsp_tess-spoc_tess_phot_0000000298876617-s0065_tess_v1_lc.fits,hlsp_tess-spoc_tess_phot_0000000298876617-s0065_tess_v1_lc.fits
336990756,71,mast:HLSP/tess-spoc/s0071/target/0000/0003/3699/0756/hlsp_tess-spoc_tess_phot_0000000336990756-s0071_tess_v1_lc.fits,hlsp_tess-spoc_tess_phot_0000000336990756-s0071_tess_v1_lc.fits
336990756,72,mast:HLSP/tess-spoc/s0072/target/0000/0003/3699/0756/hlsp_tess-spoc_tess_phot_0000000336990756-s0072_tess_v1_lc.fits,hlsp_tess-spoc_tess_phot_0000000336990756-s0072_tess_v1_lc.fits
124219653,80,mast:HLSP/tess-spoc/s0080/target/0000/0001/2421/9653/hlsp_tess-spoc_tess_phot_0000000124219653-s0080_tess_v1_lc.fits,hlsp_tess-spoc_tess_phot_0000000124219653-s0080_tess_v1_lc.fits
326321345,65,mast:HLSP/tess-spoc/s0065/target/0000/0003/2632/1345/hlsp_tess-spoc_tess_phot_0000000326321345-s0065_tess_v1_lc.fits,hlsp_tess-spoc_tess_phot_0000000326321345-s0065_tess_v1_lc.fits
462329671,63,mast:HLSP/tess-spoc/s0063/target/0000/0004/6232/9671/hlsp_tess-spoc_tess_phot_0000000462329671-s0063_tess_v1_lc.fits,hlsp_tess-spoc_tess_phot_0000000462329671-s0063_tess_v1_lc.fits
462329671,64,mast:HLSP/tess-spoc/s0064/target/0000/0004/6232/9671/hlsp_tess-spoc_tess_phot_0000000462329671-s0064_tess_v1_lc.fits,hlsp_tess-spoc_tess_phot_0000000462329671-s0064_tess_v1_lc.fits
151149059,80,mast:HLSP/tess-spoc/s0080/target/0000/0001/5114/9059/hlsp_tess-spoc_tess_phot_0000000151149059-s0080_tess_v1_lc.fits,hlsp_tess-spoc_tess_phot_0000000151149059-s0080_tess_v1_lc.fits
185154575,80,mast:HLSP/tess-spoc/s0080/target/0000/0001/8515/4575/hlsp_tess-spoc_tess_phot_0000000185154575-s0080_tess_v1_lc.fits,hlsp_tess-spoc_tess_phot_0000000185154575-s0080_tess_v1_lc.fits
432637271,80,mast:HLSP/tess-spoc/s0080/target/0000/0004/3263/7271/hlsp_tess-spoc_tess_phot_0000000432637271-s0080_tess_v1_lc.fits,hlsp_tess-spoc_tess_phot_0000000432637271-s0080_tess_v1_lc.fits
188166816,66,mast:HLSP/tess-spoc/s0066/target/0000/0001/8816/6816/hlsp_tess-spoc_tess_phot_0000000188166816-s0066_tess_v1_lc.fits,hlsp_tess-spoc_tess_phot_0000000188166816-s0066_tess_v1_lc.fits
247833145,71,mast:HLSP/tess-spoc/s0071/target/0000/0002/4783/3145/hlsp_tess-spoc_tess_phot_0000000247833145-s0071_tess_v1_lc.fits,hlsp_tess-spoc_tess_phot_0000000247833145-s0071_tess_v1_lc.fits
247833145,72,mast:HLSP/tess-spoc/s0072/target/0000/0002/4783/3145/hlsp_tess-spoc_tess_phot_0000000247833145-s0072_tess_v1_lc.fits,hlsp_tess-spoc_tess_phot_0000000247833145-s0072_tess_v1_lc.fits
215359442,80,mast:HLSP/tess-spoc/s0080/target/0000/0002/1535/9442/hlsp_tess-spoc_tess_phot_0000000215359442-s0080_tess_v1_lc.fits,hlsp_tess-spoc_tess_phot_0000000215359442-s0080_tess_v1_lc.fits
205477082,80,mast:HLSP/tess-spoc/s0080/target/0000/0002/0547/7082/hlsp_tess-spoc_tess_phot_0000000205477082-s0080_tess_v1_lc.fits,hlsp_tess-spoc_tess_phot_0000000205477082-s0080_tess_v1_lc.fits
384795677,80,mast:HLSP/tess-spoc/s0080/target/0000/0003/8479/5677/hlsp_tess-spoc_tess_phot_0000000384795677-s0080_tess_v1_lc.fits,hlsp_tess-spoc_tess_phot_0000000384795677-s0080_tess_v1_lc.fits
400574623,80,mast:HLSP/tess-spoc/s0080/target/0000/0004/0057/4623/hlsp_tess-spoc_tess_phot_0000000400574623-s0080_tess_v1_lc.fits,hlsp_tess-spoc_tess_phot_0000000400574623-s0080_tess_v1_lc.fits
205477082,81,mast:HLSP/tess-spoc/s0081/target/0000/0002/0547/7082/hlsp_tess-spoc_tess_phot_0000000205477082-s0081_tess_v1_lc.fits,hlsp_tess-spoc_tess_phot_0000000205477082-s0081_tess_v1_lc.fits
400574623,81,mast:HLSP/tess-spoc/s0081/target/0000/0004/0057/4623/hlsp_tess-spoc_tess_phot_0000000400574623-s0081_tess_v1_lc.fits,hlsp_tess-spoc_tess_phot_0000000400574623-s0081_tess_v1_lc.fits
324865730,65,mast:HLSP/tess-spoc/s0065/target/0000/0003/2486/5730/hlsp_tess-spoc_tess_phot_0000000324865730-s0065_tess_v1_lc.fits,hlsp_tess-spoc_tess_phot_0000000324865730-s0065_tess_v1_lc.fits
18987176,80,mast:HLSP/tess-spoc/s0080/target/0000/0000/1898/7176/hlsp_tess-spoc_tess_phot_0000000018987176-s0080_tess_v1_lc.fits,hlsp_tess-spoc_tess_phot_0000000018987176-s0080_tess_v1_lc.fits
424442301,80,mast:HLSP/tess-spoc/s0080/target/0000/0004/2444/2301/hlsp_tess-spoc_tess_phot_0000000424442301-s0080_tess_v1_lc.fits,hlsp_tess-spoc_tess_phot_0000000424442301-s0080_tess_v1_lc.fits
229625076,66,mast:HLSP/tess-spoc/s0066/target/0000/0002/2962/5076/hlsp_tess-spoc_tess_phot_0000000229625076-s0066_tess_v1_lc.fits,hlsp_tess-spoc_tess_phot_0000000229625076-s0066_tess_v1_lc.fits
163065068,80,mast:HLSP/tess-spoc/s0080/target/0000/0001/6306/5068/hlsp_tess-spoc_tess_phot_0000000163065068-s0080_tess_v1_lc.fits,hlsp_tess-spoc_tess_phot_0000000163065068-s0080_tess_v1_lc.fits
31186806,65,mast:HLSP/tess-spoc/s0065/target/0000/0000/3118/6806/hlsp_tess-spoc_tess_phot_0000000031186806-s0065_tess_v1_lc.fits,hlsp_tess-spoc_tess_phot_0000000031186806-s0065_tess_v1_lc.fits
223495493,80,mast:HLSP/tess-spoc/s0080/target/0000/0002/2349/5493/hlsp_tess-spoc_tess_phot_0000000223495493-s0080_tess_v1_lc.fits,hlsp_tess-spoc_tess_phot_0000000223495493-s0080_tess_v1_lc.fits
181379857,80,mast:HLSP/tess-spoc/s0080/target/0000/0001/8137/9857/hlsp_tess-spoc_tess_phot_0000000181379857-s0080_tess_v1_lc.fits,hlsp_tess-spoc_tess_phot_0000000181379857-s0080_tess_v1_lc.fits
181625990,80,mast:HLSP/tess-spoc/s0080/target/0000/0001/8162/5990/hlsp_tess-spoc_tess_phot_0000000181625990-s0080_tess_v1_lc.fits,hlsp_tess-spoc_tess_phot_0000000181625990-s0080_tess_v1_lc.fits
247612911,66,mast:HLSP/tess-spoc/s0066/target/0000/0002/4761/2911/hlsp_tess-spoc_tess_phot_0000000247612911-s0066_tess_v1_lc.fits,hlsp_tess-spoc_tess_phot_0000000247612911-s0066_tess_v1_lc.fits
198813662,80,mast:HLSP/tess-spoc/s0080/target/0000/0001/9881/3662/hlsp_tess-spoc_tess_phot_0000000198813662-s0080_tess_v1_lc.fits,hlsp_tess-spoc_tess_phot_0000000198813662-s0080_tess_v1_lc.fits
330910353,80,mast:HLSP/tess-spoc/s0080/target/0000/0003/3091/0353/hlsp_tess-spoc_tess_phot_0000000330910353-s0080_tess_v1_lc.fits,hlsp_tess-spoc_tess_phot_0000000330910353-s0080_tess_v1_lc.fits
214271099,80,mast:HLSP/tess-spoc/s0080/target/0000/0002/1427/1099/hlsp_tess-spoc_tess_phot_0000000214271099-s0080_tess_v1_lc.fits,hlsp_tess-spoc_tess_phot_0000000214271099-s0080_tess_v1_lc.fits
226178827,80,mast:HLSP/tess-spoc/s0080/target/0000/0002/2617/8827/hlsp_tess-spoc_tess_phot_0000000226178827-s0080_tess_v1_lc.fits,hlsp_tess-spoc_tess_phot_0000000226178827-s0080_tess_v1_lc.fits
20557901,80,mast:HLSP/tess-spoc/s0080/target/0000/0000/2055/7901/hlsp_tess-spoc_tess_phot_0000000020557901-s0080_tess_v1_lc.fits,hlsp_tess-spoc_tess_phot_0000000020557901-s0080_tess_v1_lc.fits
43006978,80,mast:HLSP/tess-spoc/s0080/target/0000/0000/4300/6978/hlsp_tess-spoc_tess_phot_0000000043006978-s0080_tess_v1_lc.fits,hlsp_tess-spoc_tess_phot_0000000043006978-s0080_tess_v1_lc.fits
131504474,80,mast:HLSP/tess-spoc/s0080/target/0000/0001/3150/4474/hlsp_tess-spoc_tess_phot_0000000131504474-s0080_tess_v1_lc.fits,hlsp_tess-spoc_tess_phot_0000000131504474-s0080_tess_v1_lc.fits
255425593,65,mast:HLSP/tess-spoc/s0065/target/0000/0002/5542/5593/hlsp_tess-spoc_tess_phot_0000000255425593-s0065_tess_v1_lc.fits,hlsp_tess-spoc_tess_phot_0000000255425593-s0065_tess_v1_lc.fits
113204812,80,mast:HLSP/tess-spoc/s0080/target/0000/0001/1320/4812/hlsp_tess-spoc_tess_phot_0000000113204812-s0080_tess_v1_lc.fits,hlsp_tess-spoc_tess_phot_0000000113204812-s0080_tess_v1_lc.fits
465893634,63,mast:HLSP/tess-spoc/s0063/target/0000/0004/6589/3634/hlsp_tess-spoc_tess_phot_0000000465893634-s0063_tess_v1_lc.fits,hlsp_tess-spoc_tess_phot_0000000465893634-s0063_tess_v1_lc.fits
465893634,64,mast:HLSP/tess-spoc/s0064/target/0000/0004/6589/3634/hlsp_tess-spoc_tess_phot_0000000465893634-s0064_tess_v1_lc.fits,hlsp_tess-spoc_tess_phot_0000000465893634-s0064_tess_v1_lc.fits
188717891,65,mast:HLSP/tess-spoc/s0065/target/0000/0001/8871/7891/hlsp_tess-spoc_tess_phot_0000000188717891-s0065_tess_v1_lc.fits,hlsp_tess-spoc_tess_phot_0000000188717891-s0065_tess_v1_lc.fits
15969235,80,mast:HLSP/tess-spoc/s0080/target/0000/0000/1596/9235/hlsp_tess-spoc_tess_phot_0000000015969235-s0080_tess_v1_lc.fits,hlsp_tess-spoc_tess_phot_0000000015969235-s0080_tess_v1_lc.fits
332929475,80,mast:HLSP/tess-spoc/s0080/target/0000/0003/3292/9475/hlsp_tess-spoc_tess_phot_0000000332929475-s0080_tess_v1_lc.fits,hlsp_tess-spoc_tess_phot_0000000332929475-s0080_tess_v1_lc.fits
43179110,66,mast:HLSP/tess-spoc/s0066/target/0000/0000/4317/9110/hlsp_tess-spoc_tess_phot_0000000043179110-s0066_tess_v1_lc.fits,hlsp_tess-spoc_tess_phot_0000000043179110-s0066_tess_v1_lc.fits
267006648,66,mast:HLSP/tess-spoc/s0066/target/0000/0002/6700/6648/hlsp_tess-spoc_tess_phot_0000000267006648-s0066_tess_v1_lc.fits,hlsp_tess-spoc_tess_phot_0000000267006648-s0066_tess_v1_lc.fits
162060217,80,mast:HLSP/tess-spoc/s0080/target/0000/0001/6206/0217/hlsp_tess-spoc_tess_phot_0000000162060217-s0080_tess_v1_lc.fits,hlsp_tess-spoc_tess_phot_0000000162060217-s0080_tess_v1_lc.fits
181982672,80,mast:HLSP/tess-spoc/s0080/target/0000/0001/8198/2672/hlsp_tess-spoc_tess_phot_0000000181982672-s0080_tess_v1_lc.fits,hlsp_tess-spoc_tess_phot_0000000181982672-s0080_tess_v1_lc.fits
162722933,80,mast:HLSP/tess-spoc/s0080/target/0000/0001/6272/2933/hlsp_tess-spoc_tess_phot_0000000162722933-s0080_tess_v1_lc.fits,hlsp_tess-spoc_tess_phot_0000000162722933-s0080_tess_v1_lc.fits
316759676,65,mast:HLSP/tess-spoc/s0065/target/0000/0003/1675/9676/hlsp_tess-spoc_tess_phot_0000000316759676-s0065_tess_v1_lc.fits,hlsp_tess-spoc_tess_phot_0000000316759676-s0065_tess_v1_lc.fits
418005061,65,mast:HLSP/tess-spoc/s0065/target/0000/0004/1800/5061/hlsp_tess-spoc_tess_phot_0000000418005061-s0065_tess_v1_lc.fits,hlsp_tess-spoc_tess_phot_0000000418005061-s0065_tess_v1_lc.fits
36164024,66,mast:HLSP/tess-spoc/s0066/target/0000/0000/3616/4024/hlsp_tess-spoc_tess_phot_0000000036164024-s0066_tess_v1_lc.fits,hlsp_tess-spoc_tess_phot_0000000036164024-s0066_tess_v1_lc.fits
162507539,80,mast:HLSP/tess-spoc/s0080/target/0000/0001/6250/7539/hlsp_tess-spoc_tess_phot_0000000162507539-s0080_tess_v1_lc.fits,hlsp_tess-spoc_tess_phot_0000000162507539-s0080_tess_v1_lc.fits
45621835,65,mast:HLSP/tess-spoc/s0065/target/0000/0000/4562/1835/hlsp_tess-spoc_tess_phot_0000000045621835-s0065_tess_v1_lc.fits,hlsp_tess-spoc_tess_phot_0000000045621835-s0065_tess_v1_lc.fits
339036237,64,mast:HLSP/tess-spoc/s0064/target/0000/0003/3903/6237/hlsp_tess-spoc_tess_phot_0000000339036237-s0064_tess_v1_lc.fits,hlsp_tess-spoc_tess_phot_0000000339036237-s0064_tess_v1_lc.fits
339036237,65,mast:HLSP/tess-spoc/s0065/target/0000/0003/3903/6237/hlsp_tess-spoc_tess_phot_0000000339036237-s0065_tess_v1_lc.fits,hlsp_tess-spoc_tess_phot_0000000339036237-s0065_tess_v1_lc.fits
228710425,80,mast:HLSP/tess-spoc/s0080/target/0000/0002/2871/0425/hlsp_tess-spoc_tess_phot_0000000228710425-s0080_tess_v1_lc.fits,hlsp_tess-spoc_tess_phot_0000000228710425-s0080_tess_v1_lc.fits
397650920,80,mast:HLSP/tess-spoc/s0080/target/0000/0003/9765/0920/hlsp_tess-spoc_tess_phot_0000000397650920-s0080_tess_v1_lc.fits,hlsp_tess-spoc_tess_phot_0000000397650920-s0080_tess_v1_lc.fits
397650920,81,mast:HLSP/tess-spoc/s0081/target/0000/0003/9765/0920/hlsp_tess-spoc_tess_phot_0000000397650920-s0081_tess_v1_lc.fits,hlsp_tess-spoc_tess_phot_0000000397650920-s0081_tess_v1_lc.fits
47315278,65,mast:HLSP/tess-spoc/s0065/target/0000/0000/4731/5278/hlsp_tess-spoc_tess_phot_0000000047315278-s0065_tess_v1_lc.fits,hlsp_tess-spoc_tess_phot_0000000047315278-s0065_tess_v1_lc.fits
190473061,65,mast:HLSP/tess-spoc/s0065/target/0000/0001/9047/3061/hlsp_tess-spoc_tess_phot_0000000190473061-s0065_tess_v1_lc.fits,hlsp_tess-spoc_tess_phot_0000000190473061-s0065_tess_v1_lc.fits
225266641,66,mast:HLSP/tess-spoc/s0066/target/0000/0002/2526/6641/hlsp_tess-spoc_tess_phot_0000000225266641-s0066_tess_v1_lc.fits,hlsp_tess-spoc_tess_phot_0000000225266641-s0066_tess_v1_lc.fits
216046700,80,mast:HLSP/tess-spoc/s0080/target/0000/0002/1604/6700/hlsp_tess-spoc_tess_phot_0000000216046700-s0080_tess_v1_lc.fits,hlsp_tess-spoc_tess_phot_0000000216046700-s0080_tess_v1_lc.fits
424453375,80,mast:HLSP/tess-spoc/s0080/target/0000/0004/2445/3375/hlsp_tess-spoc_tess_phot_0000000424453375-s0080_tess_v1_lc.fits,hlsp_tess-spoc_tess_phot_0000000424453375-s0080_tess_v1_lc.fits
432311441,80,mast:HLSP/tess-spoc/s0080/target/0000/0004/3231/1441/hlsp_tess-spoc_tess_phot_0000000432311441-s0080_tess_v1_lc.fits,hlsp_tess-spoc_tess_phot_0000000432311441-s0080_tess_v1_lc.fits
432327260,80,mast:HLSP/tess-spoc/s0080/target/0000/0004/3232/7260/hlsp_tess-spoc_tess_phot_0000000432327260-s0080_tess_v1_lc.fits,hlsp_tess-spoc_tess_phot_0000000432327260-s0080_tess_v1_lc.fits
386753424,62,mast:HLSP/tess-spoc/s0062/target/0000/0003/8675/3424/hlsp_tess-spoc_tess_phot_0000000386753424-s0062_tess_v1_lc.fits,hlsp_tess-spoc_tess_phot_0000000386753424-s0062_tess_v1_lc.fits
386753424,63,mast:HLSP/tess-spoc/s0063/target/0000/0003/8675/3424/hlsp_tess-spoc_tess_phot_0000000386753424-s0063_tess_v1_lc.fits,hlsp_tess-spoc_tess_phot_0000000386753424-s0063_tess_v1_lc.fits
35805616,65,mast:HLSP/tess-spoc/s0065/target/0000/0000/3580/5616/hlsp_tess-spoc_tess_phot_0000000035805616-s0065_tess_v1_lc.fits,hlsp_tess-spoc_tess_phot_0000000035805616-s0065_tess_v1_lc.fits
275288664,65,mast:HLSP/tess-spoc/s0065/target/0000/0002/7528/8664/hlsp_tess-spoc_tess_phot_0000000275288664-s0065_tess_v1_lc.fits,hlsp_tess-spoc_tess_phot_0000000275288664-s0065_tess_v1_lc.fits
343541209,66,mast:HLSP/tess-spoc/s0066/target/0000/0003/4354/1209/hlsp_tess-spoc_tess_phot_0000000343541209-s0066_tess_v1_lc.fits,hlsp_tess-spoc_tess_phot_0000000343541209-s0066_tess_v1_lc.fits
182508740,80,mast:HLSP/tess-spoc/s0080/target/0000/0001/8250/8740/hlsp_tess-spoc_tess_phot_0000000182508740-s0080_tess_v1_lc.fits,hlsp_tess-spoc_tess_phot_0000000182508740-s0080_tess_v1_lc.fits
227320515,80,mast:HLSP/tess-spoc/s0080/target/0000/0002/2732/0515/hlsp_tess-spoc_tess_phot_0000000227320515-s0080_tess_v1_lc.fits,hlsp_tess-spoc_tess_phot_0000000227320515-s0080_tess_v1_lc.fits
457801600,63,mast:HLSP/tess-spoc/s0063/target/0000/0004/5780/1600/hlsp_tess-spoc_tess_phot_0000000457801600-s0063_tess_v1_lc.fits,hlsp_tess-spoc_tess_phot_0000000457801600-s0063_tess_v1_lc.fits
457801600,64,mast:HLSP/tess-spoc/s0064/target/0000/0004/5780/1600/hlsp_tess-spoc_tess_phot_0000000457801600-s0064_tess_v1_lc.fits,hlsp_tess-spoc_tess_phot_0000000457801600-s0064_tess_v1_lc.fits
107960584,80,mast:HLSP/tess-spoc/s0080/target/0000/0001/0796/0584/hlsp_tess-spoc_tess_phot_0000000107960584-s0080_tess_v1_lc.fits,hlsp_tess-spoc_tess_phot_0000000107960584-s0080_tess_v1_lc.fits
18094765,80,mast:HLSP/tess-spoc/s0080/target/0000/0000/1809/4765/hlsp_tess-spoc_tess_phot_0000000018094765-s0080_tess_v1_lc.fits,hlsp_tess-spoc_tess_phot_0000000018094765-s0080_tess_v1_lc.fits
329656343,64,mast:HLSP/tess-spoc/s0064/target/0000/0003/2965/6343/hlsp_tess-spoc_tess_phot_0000000329656343-s0064_tess_v1_lc.fits,hlsp_tess-spoc_tess_phot_0000000329656343-s0064_tess_v1_lc.fits
329656343,65,mast:HLSP/tess-spoc/s0065/target/0000/0003/2965/6343/hlsp_tess-spoc_tess_phot_0000000329656343-s0065_tess_v1_lc.fits,hlsp_tess-spoc_tess_phot_0000000329656343-s0065_tess_v1_lc.fits
397293863,80,mast:HLSP/tess-spoc/s0080/target/0000/0003/9729/3863/hlsp_tess-spoc_tess_phot_0000000397293863-s0080_tess_v1_lc.fits,hlsp_tess-spoc_tess_phot_0000000397293863-s0080_tess_v1_lc.fits
226080400,80,mast:HLSP/tess-spoc/s0080/target/0000/0002/2608/0400/hlsp_tess-spoc_tess_phot_0000000226080400-s0080_tess_v1_lc.fits,hlsp_tess-spoc_tess_phot_0000000226080400-s0080_tess_v1_lc.fits
307511641,80,mast:HLSP/tess-spoc/s0080/target/0000/0003/0751/1641/hlsp_tess-spoc_tess_phot_0000000307511641-s0080_tess_v1_lc.fits,hlsp_tess-spoc_tess_phot_0000000307511641-s0080_tess_v1_lc.fits
215863923,65,mast:HLSP/tess-spoc/s0065/target/0000/0002/1586/3923/hlsp_tess-spoc_tess_phot_0000000215863923-s0065_tess_v1_lc.fits,hlsp_tess-spoc_tess_phot_0000000215863923-s0065_tess_v1_lc.fits
335974172,65,mast:HLSP/tess-spoc/s0065/target/0000/0003/3597/4172/hlsp_tess-spoc_tess_phot_0000000335974172-s0065_tess_v1_lc.fits,hlsp_tess-spoc_tess_phot_0000000335974172-s0065_tess_v1_lc.fits
279102962,65,mast:HLSP/tess-spoc/s0065/target/0000/0002/7910/2962/hlsp_tess-spoc_tess_phot_0000000279102962-s0065_tess_v1_lc.fits,hlsp_tess-spoc_tess_phot_0000000279102962-s0065_tess_v1_lc.fits
279307544,65,mast:HLSP/tess-spoc/s0065/target/0000/0002/7930/7544/hlsp_tess-spoc_tess_phot_0000000279307544-s0065_tess_v1_lc.fits,hlsp_tess-spoc_tess_phot_0000000279307544-s0065_tess_v1_lc.fits
455773638,65,mast:HLSP/tess-spoc/s0065/target/0000/0004/5577/3638/hlsp_tess-spoc_tess_phot_0000000455773638-s0065_tess_v1_lc.fits,hlsp_tess-spoc_tess_phot_0000000455773638-s0065_tess_v1_lc.fits
377404325,66,mast:HLSP/tess-spoc/s0066/target/0000/0003/7740/4325/hlsp_tess-spoc_tess_phot_0000000377404325-s0066_tess_v1_lc.fits,hlsp_tess-spoc_tess_phot_0000000377404325-s0066_tess_v1_lc.fits
14383203,80,mast:HLSP/tess-spoc/s0080/target/0000/0000/1438/3203/hlsp_tess-spoc_tess_phot_0000000014383203-s0080_tess_v1_lc.fits,hlsp_tess-spoc_tess_phot_0000000014383203-s0080_tess_v1_lc.fits
292883193,65,mast:HLSP/tess-spoc/s0065/target/0000/0002/9288/3193/hlsp_tess-spoc_tess_phot_0000000292883193-s0065_tess_v1_lc.fits,hlsp_tess-spoc_tess_phot_0000000292883193-s0065_tess_v1_lc.fits
396086645,80,mast:HLSP/tess-spoc/s0080/target/0000/0003/9608/6645/hlsp_tess-spoc_tess_phot_0000000396086645-s0080_tess_v1_lc.fits,hlsp_tess-spoc_tess_phot_0000000396086645-s0080_tess_v1_lc.fits
396086645,81,mast:HLSP/tess-spoc/s0081/target/0000/0003/9608/6645/hlsp_tess-spoc_tess_phot_0000000396086645-s0081_tess_v1_lc.fits,hlsp_tess-spoc_tess_phot_0000000396086645-s0081_tess_v1_lc.fits
184984903,61,mast:HLSP/tess-spoc/s0061/target/0000/0001/8498/4903/hlsp_tess-spoc_tess_phot_0000000184984903-s0061_tess_v1_lc.fits,hlsp_tess-spoc_tess_phot_0000000184984903-s0061_tess_v1_lc.fits
184984903,62,mast:HLSP/tess-spoc/s0062/target/0000/0001/8498/4903/hlsp_tess-spoc_tess_phot_0000000184984903-s0062_tess_v1_lc.fits,hlsp_tess-spoc_tess_phot_0000000184984903-s0062_tess_v1_lc.fits
286269034,65,mast:HLSP/tess-spoc/s0065/target/0000/0002/8626/9034/hlsp_tess-spoc_tess_phot_0000000286269034-s0065_tess_v1_lc.fits,hlsp_tess-spoc_tess_phot_0000000286269034-s0065_tess_v1_lc.fits
454774108,65,mast:HLSP/tess-spoc/s0065/target/0000/0004/5477/4108/hlsp_tess-spoc_tess_phot_0000000454774108-s0065_tess_v1_lc.fits,hlsp_tess-spoc_tess_phot_0000000454774108-s0065_tess_v1_lc.fits
7881976,80,mast:HLSP/tess-spoc/s0080/target/0000/0000/0788/1976/hlsp_tess-spoc_tess_phot_0000000007881976-s0080_tess_v1_lc.fits,hlsp_tess-spoc_tess_phot_0000000007881976-s0080_tess_v1_lc.fits
110391781,80,mast:HLSP/tess-spoc/s0080/target/0000/0001/1039/1781/hlsp_tess-spoc_tess_phot_0000000110391781-s0080_tess_v1_lc.fits,hlsp_tess-spoc_tess_phot_0000000110391781-s0080_tess_v1_lc.fits
225476662,80,mast:HLSP/tess-spoc/s0080/target/0000/0002/2547/6662/hlsp_tess-spoc_tess_phot_0000000225476662-s0080_tess_v1_lc.fits,hlsp_tess-spoc_tess_phot_0000000225476662-s0080_tess_v1_lc.fits
437398105,64,mast:HLSP/tess-spoc/s0064/target/0000/0004/3739/8105/hlsp_tess-spoc_tess_phot_0000000437398105-s0064_tess_v1_lc.fits,hlsp_tess-spoc_tess_phot_0000000437398105-s0064_tess_v1_lc.fits
437398105,65,mast:HLSP/tess-spoc/s0065/target/0000/0004/3739/8105/hlsp_tess-spoc_tess_phot_0000000437398105-s0065_tess_v1_lc.fits,hlsp_tess-spoc_tess_phot_0000000437398105-s0065_tess_v1_lc.fits
162498051,80,mast:HLSP/tess-spoc/s0080/target/0000/0001/6249/8051/hlsp_tess-spoc_tess_phot_0000000162498051-s0080_tess_v1_lc.fits,hlsp_tess-spoc_tess_phot_0000000162498051-s0080_tess_v1_lc.fits
208979855,80,mast:HLSP/tess-spoc/s0080/target/0000/0002/0897/9855/hlsp_tess-spoc_tess_phot_0000000208979855-s0080_tess_v1_lc.fits,hlsp_tess-spoc_tess_phot_0000000208979855-s0080_tess_v1_lc.fits
208979855,81,mast:HLSP/tess-spoc/s0081/target/0000/0002/0897/9855/hlsp_tess-spoc_tess_phot_0000000208979855-s0081_tess_v1_lc.fits,hlsp_tess-spoc_tess_phot_0000000208979855-s0081_tess_v1_lc.fits
343530750,66,mast:HLSP/tess-spoc/s0066/target/0000/0003/4353/0750/hlsp_tess-spoc_tess_phot_0000000343530750-s0066_tess_v1_lc.fits,hlsp_tess-spoc_tess_phot_0000000343530750-s0066_tess_v1_lc.fits
182339750,80,mast:HLSP/tess-spoc/s0080/target/0000/0001/8233/9750/hlsp_tess-spoc_tess_phot_0000000182339750-s0080_tess_v1_lc.fits,hlsp_tess-spoc_tess_phot_0000000182339750-s0080_tess_v1_lc.fits
296667297,65,mast:HLSP/tess-spoc/s0065/target/0000/0002/9666/7297/hlsp_tess-spoc_tess_phot_0000000296667297-s0065_tess_v1_lc.fits,hlsp_tess-spoc_tess_phot_0000000296667297-s0065_tess_v1_lc.fits
175724419,66,mast:HLSP/tess-spoc/s0066/target/0000/0001/7572/4419/hlsp_tess-spoc_tess_phot_0000000175724419-s0066_tess_v1_lc.fits,hlsp_tess-spoc_tess_phot_0000000175724419-s0066_tess_v1_lc.fits
315658000,65,mast:HLSP/tess-spoc/s0065/target/0000/0003/1565/8000/hlsp_tess-spoc_tess_phot_0000000315658000-s0065_tess_v1_lc.fits,hlsp_tess-spoc_tess_phot_0000000315658000-s0065_tess_v1_lc.fits
228343654,66,mast:HLSP/tess-spoc/s0066/target/0000/0002/2834/3654/hlsp_tess-spoc_tess_phot_0000000228343654-s0066_tess_v1_lc.fits,hlsp_tess-spoc_tess_phot_0000000228343654-s0066_tess_v1_lc.fits
215606126,66,mast:HLSP/tess-spoc/s0066/target/0000/0002/1560/6126/hlsp_tess-spoc_tess_phot_0000000215606126-s0066_tess_v1_lc.fits,hlsp_tess-spoc_tess_phot_0000000215606126-s0066_tess_v1_lc.fits
411159076,65,mast:HLSP/tess-spoc/s0065/target/0000/0004/1115/9076/hlsp_tess-spoc_tess_phot_0000000411159076-s0065_tess_v1_lc.fits,hlsp_tess-spoc_tess_phot_0000000411159076-s0065_tess_v1_lc.fits
161542016,66,mast:HLSP/tess-spoc/s0066/target/0000/0001/6154/2016/hlsp_tess-spoc_tess_phot_0000000161542016-s0066_tess_v1_lc.fits,hlsp_tess-spoc_tess_phot_0000000161542016-s0066_tess_v1_lc.fits
430777374,65,mast:HLSP/tess-spoc/s0065/target/0000/0004/3077/7374/hlsp_tess-spoc_tess_phot_0000000430777374-s0065_tess_v1_lc.fits,hlsp_tess-spoc_tess_phot_0000000430777374-s0065_tess_v1_lc.fits
124664019,66,mast:HLSP/tess-spoc/s0066/target/0000/0001/2466/4019/hlsp_tess-spoc_tess_phot_0000000124664019-s0066_tess_v1_lc.fits,hlsp_tess-spoc_tess_phot_0000000124664019-s0066_tess_v1_lc.fits
162280605,80,mast:HLSP/tess-spoc/s0080/target/0000/0001/6228/0605/hlsp_tess-spoc_tess_phot_0000000162280605-s0080_tess_v1_lc.fits,hlsp_tess-spoc_tess_phot_0000000162280605-s0080_tess_v1_lc.fits
47028374,66,mast:HLSP/tess-spoc/s0066/target/0000/0000/4702/8374/hlsp_tess-spoc_tess_phot_0000000047028374-s0066_tess_v1_lc.fits,hlsp_tess-spoc_tess_phot_0000000047028374-s0066_tess_v1_lc.fits
38431091,65,mast:HLSP/tess-spoc/s0065/target/0000/0000/3843/1091/hlsp_tess-spoc_tess_phot_0000000038431091-s0065_tess_v1_lc.fits,hlsp_tess-spoc_tess_phot_0000000038431091-s0065_tess_v1_lc.fits
281007250,65,mast:HLSP/tess-spoc/s0065/target/0000/0002/8100/7250/hlsp_tess-spoc_tess_phot_0000000281007250-s0065_tess_v1_lc.fits,hlsp_tess-spoc_tess_phot_0000000281007250-s0065_tess_v1_lc.fits
182375626,80,mast:HLSP/tess-spoc/s0080/target/0000/0001/8237/5626/hlsp_tess-spoc_tess_phot_0000000182375626-s0080_tess_v1_lc.fits,hlsp_tess-spoc_tess_phot_0000000182375626-s0080_tess_v1_lc.fits
56571415,80,mast:HLSP/tess-spoc/s0080/target/0000/0000/5657/1415/hlsp_tess-spoc_tess_phot_0000000056571415-s0080_tess_v1_lc.fits,hlsp_tess-spoc_tess_phot_0000000056571415-s0080_tess_v1_lc.fits
203639683,80,mast:HLSP/tess-spoc/s0080/target/0000/0002/0363/9683/hlsp_tess-spoc_tess_phot_0000000203639683-s0080_tess_v1_lc.fits,hlsp_tess-spoc_tess_phot_0000000203639683-s0080_tess_v1_lc.fits
449681923,64,mast:HLSP/tess-spoc/s0064/target/0000/0004/4968/1923/hlsp_tess-spoc_tess_phot_0000000449681923-s0064_tess_v1_lc.fits,hlsp_tess-spoc_tess_phot_0000000449681923-s0064_tess_v1_lc.fits
294698131,65,mast:HLSP/tess-spoc/s0065/target/0000/0002/9469/8131/hlsp_tess-spoc_tess_phot_0000000294698131-s0065_tess_v1_lc.fits,hlsp_tess-spoc_tess_phot_0000000294698131-s0065_tess_v1_lc.fits
449681923,65,mast:HLSP/tess-spoc/s0065/target/0000/0004/4968/1923/hlsp_tess-spoc_tess_phot_0000000449681923-s0065_tess_v1_lc.fits,hlsp_tess-spoc_tess_phot_0000000449681923-s0065_tess_v1_lc.fits
264069708,66,mast:HLSP/tess-spoc/s0066/target/0000/0002/6406/9708/hlsp_tess-spoc_tess_phot_0000000264069708-s0066_tess_v1_lc.fits,hlsp_tess-spoc_tess_phot_0000000264069708-s0066_tess_v1_lc.fits
266711863,66,mast:HLSP/tess-spoc/s0066/target/0000/0002/6671/1863/hlsp_tess-spoc_tess_phot_0000000266711863-s0066_tess_v1_lc.fits,hlsp_tess-spoc_tess_phot_0000000266711863-s0066_tess_v1_lc.fits
176415906,80,mast:HLSP/tess-spoc/s0080/target/0000/0001/7641/5906/hlsp_tess-spoc_tess_phot_0000000176415906-s0080_tess_v1_lc.fits,hlsp_tess-spoc_tess_phot_0000000176415906-s0080_tess_v1_lc.fits
415990841,80,mast:HLSP/tess-spoc/s0080/target/0000/0004/1599/0841/hlsp_tess-spoc_tess_phot_0000000415990841-s0080_tess_v1_lc.fits,hlsp_tess-spoc_tess_phot_0000000415990841-s0080_tess_v1_lc.fits
438476328,62,mast:HLSP/tess-spoc/s0062/target/0000/0004/3847/6328/hlsp_tess-spoc_tess_phot_0000000438476328-s0062_tess_v1_lc.fits,hlsp_tess-spoc_tess_phot_0000000438476328-s0062_tess_v1_lc.fits
438476328,63,mast:HLSP/tess-spoc/s0063/target/0000/0004/3847/6328/hlsp_tess-spoc_tess_phot_0000000438476328-s0063_tess_v1_lc.fits,hlsp_tess-spoc_tess_phot_0000000438476328-s0063_tess_v1_lc.fits
311051394,64,mast:HLSP/tess-spoc/s0064/target/0000/0003/1105/1394/hlsp_tess-spoc_tess_phot_0000000311051394-s0064_tess_v1_lc.fits,hlsp_tess-spoc_tess_phot_0000000311051394-s0064_tess_v1_lc.fits
299374140,65,mast:HLSP/tess-spoc/s0065/target/0000/0002/9937/4140/hlsp_tess-spoc_tess_phot_0000000299374140-s0065_tess_v1_lc.fits,hlsp_tess-spoc_tess_phot_0000000299374140-s0065_tess_v1_lc.fits
327645073,65,mast:HLSP/tess-spoc/s0065/target/0000/0003/2764/5073/hlsp_tess-spoc_tess_phot_0000000327645073-s0065_tess_v1_lc.fits,hlsp_tess-spoc_tess_phot_0000000327645073-s0065_tess_v1_lc.fits
47273079,66,mast:HLSP/tess-spoc/s0066/target/0000/0000/4727/3079/hlsp_tess-spoc_tess_phot_0000000047273079-s0066_tess_v1_lc.fits,hlsp_tess-spoc_tess_phot_0000000047273079-s0066_tess_v1_lc.fits
100811957,66,mast:HLSP/tess-spoc/s0066/target/0000/0001/0081/1957/hlsp_tess-spoc_tess_phot_0000000100811957-s0066_tess_v1_lc.fits,hlsp_tess-spoc_tess_phot_0000000100811957-s0066_tess_v1_lc.fits
178906197,80,mast:HLSP/tess-spoc/s0080/target/0000/0001/7890/6197/hlsp_tess-spoc_tess_phot_0000000178906197-s0080_tess_v1_lc.fits,hlsp_tess-spoc_tess_phot_0000000178906197-s0080_tess_v1_lc.fits
248011132,66,mast:HLSP/tess-spoc/s0066/target/0000/0002/4801/1132/hlsp_tess-spoc_tess_phot_0000000248011132-s0066_tess_v1_lc.fits,hlsp_tess-spoc_tess_phot_0000000248011132-s0066_tess_v1_lc.fits
106863746,80,mast:HLSP/tess-spoc/s0080/target/0000/0001/0686/3746/hlsp_tess-spoc_tess_phot_0000000106863746-s0080_tess_v1_lc.fits,hlsp_tess-spoc_tess_phot_0000000106863746-s0080_tess_v1_lc.fits
373293307,80,mast:HLSP/tess-spoc/s0080/target/0000/0003/7329/3307/hlsp_tess-spoc_tess_phot_0000000373293307-s0080_tess_v1_lc.fits,hlsp_tess-spoc_tess_phot_0000000373293307-s0080_tess_v1_lc.fits
433517093,80,mast:HLSP/tess-spoc/s0080/target/0000/0004/3351/7093/hlsp_tess-spoc_tess_phot_0000000433517093-s0080_tess_v1_lc.fits,hlsp_tess-spoc_tess_phot_0000000433517093-s0080_tess_v1_lc.fits
444676325,63,mast:HLSP/tess-spoc/s0063/target/0000/0004/4467/6325/hlsp_tess-spoc_tess_phot_0000000444676325-s0063_tess_v1_lc.fits,hlsp_tess-spoc_tess_phot_0000000444676325-s0063_tess_v1_lc.fits
444676325,64,mast:HLSP/tess-spoc/s0064/target/0000/0004/4467/6325/hlsp_tess-spoc_tess_phot_0000000444676325-s0064_tess_v1_lc.fits,hlsp_tess-spoc_tess_phot_0000000444676325-s0064_tess_v1_lc.fits
6626044,66,mast:HLSP/tess-spoc/s0066/target/0000/0000/0662/6044/hlsp_tess-spoc_tess_phot_0000000006626044-s0066_tess_v1_lc.fits,hlsp_tess-spoc_tess_phot_0000000006626044-s0066_tess_v1_lc.fits
54679436,80,mast:HLSP/tess-spoc/s0080/target/0000/0000/5467/9436/hlsp_tess-spoc_tess_phot_0000000054679436-s0080_tess_v1_lc.fits,hlsp_tess-spoc_tess_phot_0000000054679436-s0080_tess_v1_lc.fits
310256286,63,mast:HLSP/tess-spoc/s0063/target/0000/0003/1025/6286/hlsp_tess-spoc_tess_phot_0000000310256286-s0063_tess_v1_lc.fits,hlsp_tess-spoc_tess_phot_0000000310256286-s0063_tess_v1_lc.fits
292900735,65,mast:HLSP/tess-spoc/s0065/target/0000/0002/9290/0735/hlsp_tess-spoc_tess_phot_0000000292900735-s0065_tess_v1_lc.fits,hlsp_tess-spoc_tess_phot_0000000292900735-s0065_tess_v1_lc.fits
373530983,61,mast:HLSP/tess-spoc/s0061/target/0000/0003/7353/0983/hlsp_tess-spoc_tess_phot_0000000373530983-s0061_tess_v1_lc.fits,hlsp_tess-spoc_tess_phot_0000000373530983-s0061_tess_v1_lc.fits
373530983,62,mast:HLSP/tess-spoc/s0062/target/0000/0003/7353/0983/hlsp_tess-spoc_tess_phot_0000000373530983-s0062_tess_v1_lc.fits,hlsp_tess-spoc_tess_phot_0000000373530983-s0062_tess_v1_lc.fits
373530983,63,mast:HLSP/tess-spoc/s0063/target/0000/0003/7353/0983/hlsp_tess-spoc_tess_phot_0000000373530983-s0063_tess_v1_lc.fits,hlsp_tess-spoc_tess_phot_0000000373530983-s0063_tess_v1_lc.fits
373530983,64,mast:HLSP/tess-spoc/s0064/target/0000/0003/7353/0983/hlsp_tess-spoc_tess_phot_0000000373530983-s0064_tess_v1_lc.fits,hlsp_tess-spoc_tess_phot_0000000373530983-s0064_tess_v1_lc.fits
36861915,65,mast:HLSP/tess-spoc/s0065/target/0000/0000/3686/1915/hlsp_tess-spoc_tess_phot_0000000036861915-s0065_tess_v1_lc.fits,hlsp_tess-spoc_tess_phot_0000000036861915-s0065_tess_v1_lc.fits
373530983,65,mast:HLSP/tess-spoc/s0065/target/0000/0003/7353/0983/hlsp_tess-spoc_tess_phot_0000000373530983-s0065_tess_v1_lc.fits,hlsp_tess-spoc_tess_phot_0000000373530983-s0065_tess_v1_lc.fits
373530983,67,mast:HLSP/tess-spoc/s0067/target/0000/0003/7353/0983/hlsp_tess-spoc_tess_phot_0000000373530983-s0067_tess_v1_lc.fits,hlsp_tess-spoc_tess_phot_0000000373530983-s0067_tess_v1_lc.fits
373530983,69,mast:HLSP/tess-spoc/s0069/target/0000/0003/7353/0983/hlsp_tess-spoc_tess_phot_0000000373530983-s0069_tess_v1_lc.fits,hlsp_tess-spoc_tess_phot_0000000373530983-s0069_tess_v1_lc.fits
373530983,66,mast:HLSP/tess-spoc/s0066/target/0000/0003/7353/0983/hlsp_tess-spoc_tess_phot_0000000373530983-s0066_tess_v1_lc.fits,hlsp_tess-spoc_tess_phot_0000000373530983-s0066_tess_v1_lc.fits
314423106,66,mast:HLSP/tess-spoc/s0066/target/0000/0003/1442/3106/hlsp_tess-spoc_tess_phot_0000000314423106-s0066_tess_v1_lc.fits,hlsp_tess-spoc_tess_phot_0000000314423106-s0066_tess_v1_lc.fits
34089720,80,mast:HLSP/tess-spoc/s0080/target/0000/0000/3408/9720/hlsp_tess-spoc_tess_phot_0000000034089720-s0080_tess_v1_lc.fits,hlsp_tess-spoc_tess_phot_0000000034089720-s0080_tess_v1_lc.fits
413270419,65,mast:HLSP/tess-spoc/s0065/target/0000/0004/1327/0419/hlsp_tess-spoc_tess_phot_0000000413270419-s0065_tess_v1_lc.fits,hlsp_tess-spoc_tess_phot_0000000413270419-s0065_tess_v1_lc.fits
116178497,80,mast:HLSP/tess-spoc/s0080/target/0000/0001/1617/8497/hlsp_tess-spoc_tess_phot_0000000116178497-s0080_tess_v1_lc.fits,hlsp_tess-spoc_tess_phot_0000000116178497-s0080_tess_v1_lc.fits
424361419,80,mast:HLSP/tess-spoc/s0080/target/0000/0004/2436/1419/hlsp_tess-spoc_tess_phot_0000000424361419-s0080_tess_v1_lc.fits,hlsp_tess-spoc_tess_phot_0000000424361419-s0080_tess_v1_lc.fits
414293993,65,mast:HLSP/tess-spoc/s0065/target/0000/0004/1429/3993/hlsp_tess-spoc_tess_phot_0000000414293993-s0065_tess_v1_lc.fits,hlsp_tess-spoc_tess_phot_0000000414293993-s0065_tess_v1_lc.fits
225842234,66,mast:HLSP/tess-spoc/s0066/target/0000/0002/2584/2234/hlsp_tess-spoc_tess_phot_0000000225842234-s0066_tess_v1_lc.fits,hlsp_tess-spoc_tess_phot_0000000225842234-s0066_tess_v1_lc.fits
225685609,80,mast:HLSP/tess-spoc/s0080/target/0000/0002/2568/5609/hlsp_tess-spoc_tess_phot_0000000225685609-s0080_tess_v1_lc.fits,hlsp_tess-spoc_tess_phot_0000000225685609-s0080_tess_v1_lc.fits
381994664,65,mast:HLSP/tess-spoc/s0065/target/0000/0003/8199/4664/hlsp_tess-spoc_tess_phot_0000000381994664-s0065_tess_v1_lc.fits,hlsp_tess-spoc_tess_phot_0000000381994664-s0065_tess_v1_lc.fits
181738737,61,mast:HLSP/tess-spoc/s0061/target/0000/0001/8173/8737/hlsp_tess-spoc_tess_phot_0000000181738737-s0061_tess_v1_lc.fits,hlsp_tess-spoc_tess_phot_0000000181738737-s0061_tess_v1_lc.fits
181738737,62,mast:HLSP/tess-spoc/s0062/target/0000/0001/8173/8737/hlsp_tess-spoc_tess_phot_0000000181738737-s0062_tess_v1_lc.fits,hlsp_tess-spoc_tess_phot_0000000181738737-s0062_tess_v1_lc.fits
112807527,80,mast:HLSP/tess-spoc/s0080/target/0000/0001/1280/7527/hlsp_tess-spoc_tess_phot_0000000112807527-s0080_tess_v1_lc.fits,hlsp_tess-spoc_tess_phot_0000000112807527-s0080_tess_v1_lc.fits
93481281,61,mast:HLSP/tess-spoc/s0061/target/0000/0000/9348/1281/hlsp_tess-spoc_tess_phot_0000000093481281-s0061_tess_v1_lc.fits,hlsp_tess-spoc_tess_phot_0000000093481281-s0061_tess_v1_lc.fits
93481281,63,mast:HLSP/tess-spoc/s0063/target/0000/0000/9348/1281/hlsp_tess-spoc_tess_phot_0000000093481281-s0063_tess_v1_lc.fits,hlsp_tess-spoc_tess_phot_0000000093481281-s0063_tess_v1_lc.fits
402869813,65,mast:HLSP/tess-spoc/s0065/target/0000/0004/0286/9813/hlsp_tess-spoc_tess_phot_0000000402869813-s0065_tess_v1_lc.fits,hlsp_tess-spoc_tess_phot_0000000402869813-s0065_tess_v1_lc.fits
121353705,66,mast:HLSP/tess-spoc/s0066/target/0000/0001/2135/3705/hlsp_tess-spoc_tess_phot_0000000121353705-s0066_tess_v1_lc.fits,hlsp_tess-spoc_tess_phot_0000000121353705-s0066_tess_v1_lc.fits
203638566,80,mast:HLSP/tess-spoc/s0080/target/0000/0002/0363/8566/hlsp_tess-spoc_tess_phot_0000000203638566-s0080_tess_v1_lc.fits,hlsp_tess-spoc_tess_phot_0000000203638566-s0080_tess_v1_lc.fits
18598961,80,mast:HLSP/tess-spoc/s0080/target/0000/0000/1859/8961/hlsp_tess-spoc_tess_phot_0000000018598961-s0080_tess_v1_lc.fits,hlsp_tess-spoc_tess_phot_0000000018598961-s0080_tess_v1_lc.fits
209432387,65,mast:HLSP/tess-spoc/s0065/target/0000/0002/0943/2387/hlsp_tess-spoc_tess_phot_0000000209432387-s0065_tess_v1_lc.fits,hlsp_tess-spoc_tess_phot_0000000209432387-s0065_tess_v1_lc.fits
46453534,80,mast:HLSP/tess-spoc/s0080/target/0000/0000/4645/3534/hlsp_tess-spoc_tess_phot_0000000046453534-s0080_tess_v1_lc.fits,hlsp_tess-spoc_tess_phot_0000000046453534-s0080_tess_v1_lc.fits
370252743,80,mast:HLSP/tess-spoc/s0080/target/0000/0003/7025/2743/hlsp_tess-spoc_tess_phot_0000000370252743-s0080_tess_v1_lc.fits,hlsp_tess-spoc_tess_phot_0000000370252743-s0080_tess_v1_lc.fits
5553225,80,mast:HLSP/tess-spoc/s0080/target/0000/0000/0555/3225/hlsp_tess-spoc_tess_phot_0000000005553225-s0080_tess_v1_lc.fits,hlsp_tess-spoc_tess_phot_0000000005553225-s0080_tess_v1_lc.fits
106700216,80,mast:HLSP/tess-spoc/s0080/target/0000/0001/0670/0216/hlsp_tess-spoc_tess_phot_0000000106700216-s0080_tess_v1_lc.fits,hlsp_tess-spoc_tess_phot_0000000106700216-s0080_tess_v1_lc.fits
307359878,80,mast:HLSP/tess-spoc/s0080/target/0000/0003/0735/9878/hlsp_tess-spoc_tess_phot_0000000307359878-s0080_tess_v1_lc.fits,hlsp_tess-spoc_tess_phot_0000000307359878-s0080_tess_v1_lc.fits
333583981,80,mast:HLSP/tess-spoc/s0080/target/0000/0003/3358/3981/hlsp_tess-spoc_tess_phot_0000000333583981-s0080_tess_v1_lc.fits,hlsp_tess-spoc_tess_phot_0000000333583981-s0080_tess_v1_lc.fits
50024963,66,mast:HLSP/tess-spoc/s0066/target/0000/0000/5002/4963/hlsp_tess-spoc_tess_phot_0000000050024963-s0066_tess_v1_lc.fits,hlsp_tess-spoc_tess_phot_0000000050024963-s0066_tess_v1_lc.fits
292092186,65,mast:HLSP/tess-spoc/s0065/target/0000/0002/9209/2186/hlsp_tess-spoc_tess_phot_0000000292092186-s0065_tess_v1_lc.fits,hlsp_tess-spoc_tess_phot_0000000292092186-s0065_tess_v1_lc.fits
420563791,66,mast:HLSP/tess-spoc/s0066/target/0000/0004/2056/3791/hlsp_tess-spoc_tess_phot_0000000420563791-s0066_tess_v1_lc.fits,hlsp_tess-spoc_tess_phot_0000000420563791-s0066_tess_v1_lc.fits
212515204,66,mast:HLSP/tess-spoc/s0066/target/0000/0002/1251/5204/hlsp_tess-spoc_tess_phot_0000000212515204-s0066_tess_v1_lc.fits,hlsp_tess-spoc_tess_phot_0000000212515204-s0066_tess_v1_lc.fits
379025584,66,mast:HLSP/tess-spoc/s0066/target/0000/0003/7902/5584/hlsp_tess-spoc_tess_phot_0000000379025584-s0066_tess_v1_lc.fits,hlsp_tess-spoc_tess_phot_0000000379025584-s0066_tess_v1_lc.fits
27569993,66,mast:HLSP/tess-spoc/s0066/target/0000/0000/2756/9993/hlsp_tess-spoc_tess_phot_0000000027569993-s0066_tess_v1_lc.fits,hlsp_tess-spoc_tess_phot_0000000027569993-s0066_tess_v1_lc.fits
18195431,80,mast:HLSP/tess-spoc/s0080/target/0000/0000/1819/5431/hlsp_tess-spoc_tess_phot_0000000018195431-s0080_tess_v1_lc.fits,hlsp_tess-spoc_tess_phot_0000000018195431-s0080_tess_v1_lc.fits
55422715,80,mast:HLSP/tess-spoc/s0080/target/0000/0000/5542/2715/hlsp_tess-spoc_tess_phot_0000000055422715-s0080_tess_v1_lc.fits,hlsp_tess-spoc_tess_phot_0000000055422715-s0080_tess_v1_lc.fits
223076579,80,mast:HLSP/tess-spoc/s0080/target/0000/0002/2307/6579/hlsp_tess-spoc_tess_phot_0000000223076579-s0080_tess_v1_lc.fits,hlsp_tess-spoc_tess_phot_0000000223076579-s0080_tess_v1_lc.fits
192357803,65,mast:HLSP/tess-spoc/s0065/target/0000/0001/9235/7803/hlsp_tess-spoc_tess_phot_0000000192357803-s0065_tess_v1_lc.fits,hlsp_tess-spoc_tess_phot_0000000192357803-s0065_tess_v1_lc.fits
191296857,66,mast:HLSP/tess-spoc/s0066/target/0000/0001/9129/6857/hlsp_tess-spoc_tess_phot_0000000191296857-s0066_tess_v1_lc.fits,hlsp_tess-spoc_tess_phot_0000000191296857-s0066_tess_v1_lc.fits
236176730,66,mast:HLSP/tess-spoc/s0066/target/0000/0002/3617/6730/hlsp_tess-spoc_tess_phot_0000000236176730-s0066_tess_v1_lc.fits,hlsp_tess-spoc_tess_phot_0000000236176730-s0066_tess_v1_lc.fits
152654192,66,mast:HLSP/tess-spoc/s0066/target/0000/0001/5265/4192/hlsp_tess-spoc_tess_phot_0000000152654192-s0066_tess_v1_lc.fits,hlsp_tess-spoc_tess_phot_0000000152654192-s0066_tess_v1_lc.fits
213398412,80,mast:HLSP/tess-spoc/s0080/target/0000/0002/1339/8412/hlsp_tess-spoc_tess_phot_0000000213398412-s0080_tess_v1_lc.fits,hlsp_tess-spoc_tess_phot_0000000213398412-s0080_tess_v1_lc.fits
414469482,65,mast:HLSP/tess-spoc/s0065/target/0000/0004/1446/9482/hlsp_tess-spoc_tess_phot_0000000414469482-s0065_tess_v1_lc.fits,hlsp_tess-spoc_tess_phot_0000000414469482-s0065_tess_v1_lc.fits
182325073,80,mast:HLSP/tess-spoc/s0080/target/0000/0001/8232/5073/hlsp_tess-spoc_tess_phot_0000000182325073-s0080_tess_v1_lc.fits,hlsp_tess-spoc_tess_phot_0000000182325073-s0080_tess_v1_lc.fits
463492694,66,mast:HLSP/tess-spoc/s0066/target/0000/0004/6349/2694/hlsp_tess-spoc_tess_phot_0000000463492694-s0066_tess_v1_lc.fits,hlsp_tess-spoc_tess_phot_0000000463492694-s0066_tess_v1_lc.fits
161956971,80,mast:HLSP/tess-spoc/s0080/target/0000/0001/6195/6971/hlsp_tess-spoc_tess_phot_0000000161956971-s0080_tess_v1_lc.fits,hlsp_tess-spoc_tess_phot_0000000161956971-s0080_tess_v1_lc.fits
232094804,66,mast:HLSP/tess-spoc/s0066/target/0000/0002/3209/4804/hlsp_tess-spoc_tess_phot_0000000232094804-s0066_tess_v1_lc.fits,hlsp_tess-spoc_tess_phot_0000000232094804-s0066_tess_v1_lc.fits
449517239,64,mast:HLSP/tess-spoc/s0064/target/0000/0004/4951/7239/hlsp_tess-spoc_tess_phot_0000000449517239-s0064_tess_v1_lc.fits,hlsp_tess-spoc_tess_phot_0000000449517239-s0064_tess_v1_lc.fits
449517239,65,mast:HLSP/tess-spoc/s0065/target/0000/0004/4951/7239/hlsp_tess-spoc_tess_phot_0000000449517239-s0065_tess_v1_lc.fits,hlsp_tess-spoc_tess_phot_0000000449517239-s0065_tess_v1_lc.fits
283272032,65,mast:HLSP/tess-spoc/s0065/target/0000/0002/8327/2032/hlsp_tess-spoc_tess_phot_0000000283272032-s0065_tess_v1_lc.fits,hlsp_tess-spoc_tess_phot_0000000283272032-s0065_tess_v1_lc.fits
384848246,62,mast:HLSP/tess-spoc/s0062/target/0000/0003/8484/8246/hlsp_tess-spoc_tess_phot_0000000384848246-s0062_tess_v1_lc.fits,hlsp_tess-spoc_tess_phot_0000000384848246-s0062_tess_v1_lc.fits
384848246,63,mast:HLSP/tess-spoc/s0063/target/0000/0003/8484/8246/hlsp_tess-spoc_tess_phot_0000000384848246-s0063_tess_v1_lc.fits,hlsp_tess-spoc_tess_phot_0000000384848246-s0063_tess_v1_lc.fits
180870401,80,mast:HLSP/tess-spoc/s0080/target/0000/0001/8087/0401/hlsp_tess-spoc_tess_phot_0000000180870401-s0080_tess_v1_lc.fits,hlsp_tess-spoc_tess_phot_0000000180870401-s0080_tess_v1_lc.fits
229016411,66,mast:HLSP/tess-spoc/s0066/target/0000/0002/2901/6411/hlsp_tess-spoc_tess_phot_0000000229016411-s0066_tess_v1_lc.fits,hlsp_tess-spoc_tess_phot_0000000229016411-s0066_tess_v1_lc.fits
382820623,66,mast:HLSP/tess-spoc/s0066/target/0000/0003/8282/0623/hlsp_tess-spoc_tess_phot_0000000382820623-s0066_tess_v1_lc.fits,hlsp_tess-spoc_tess_phot_0000000382820623-s0066_tess_v1_lc.fits
203552432,80,mast:HLSP/tess-spoc/s0080/target/0000/0002/0355/2432/hlsp_tess-spoc_tess_phot_0000000203552432-s0080_tess_v1_lc.fits,hlsp_tess-spoc_tess_phot_0000000203552432-s0080_tess_v1_lc.fits
203552432,81,mast:HLSP/tess-spoc/s0081/target/0000/0002/0355/2432/hlsp_tess-spoc_tess_phot_0000000203552432-s0081_tess_v1_lc.fits,hlsp_tess-spoc_tess_phot_0000000203552432-s0081_tess_v1_lc.fits
288684918,65,mast:HLSP/tess-spoc/s0065/target/0000/0002/8868/4918/hlsp_tess-spoc_tess_phot_0000000288684918-s0065_tess_v1_lc.fits,hlsp_tess-spoc_tess_phot_0000000288684918-s0065_tess_v1_lc.fits
223413034,80,mast:HLSP/tess-spoc/s0080/target/0000/0002/2341/3034/hlsp_tess-spoc_tess_phot_0000000223413034-s0080_tess_v1_lc.fits,hlsp_tess-spoc_tess_phot_0000000223413034-s0080_tess_v1_lc.fits
432944926,80,mast:HLSP/tess-spoc/s0080/target/0000/0004/3294/4926/hlsp_tess-spoc_tess_phot_0000000432944926-s0080_tess_v1_lc.fits,hlsp_tess-spoc_tess_phot_0000000432944926-s0080_tess_v1_lc.fits
343993143,66,mast:HLSP/tess-spoc/s0066/target/0000/0003/4399/3143/hlsp_tess-spoc_tess_phot_0000000343993143-s0066_tess_v1_lc.fits,hlsp_tess-spoc_tess_phot_0000000343993143-s0066_tess_v1_lc.fits
133018817,65,mast:HLSP/tess-spoc/s0065/target/0000/0001/3301/8817/hlsp_tess-spoc_tess_phot_0000000133018817-s0065_tess_v1_lc.fits,hlsp_tess-spoc_tess_phot_0000000133018817-s0065_tess_v1_lc.fits
326756185,65,mast:HLSP/tess-spoc/s0065/target/0000/0003/2675/6185/hlsp_tess-spoc_tess_phot_0000000326756185-s0065_tess_v1_lc.fits,hlsp_tess-spoc_tess_phot_0000000326756185-s0065_tess_v1_lc.fits
463428570,66,mast:HLSP/tess-spoc/s0066/target/0000/0004/6342/8570/hlsp_tess-spoc_tess_phot_0000000463428570-s0066_tess_v1_lc.fits,hlsp_tess-spoc_tess_phot_0000000463428570-s0066_tess_v1_lc.fits
415247286,64,mast:HLSP/tess-spoc/s0064/target/0000/0004/1524/7286/hlsp_tess-spoc_tess_phot_0000000415247286-s0064_tess_v1_lc.fits,hlsp_tess-spoc_tess_phot_0000000415247286-s0064_tess_v1_lc.fits
415247286,65,mast:HLSP/tess-spoc/s0065/target/0000/0004/1524/7286/hlsp_tess-spoc_tess_phot_0000000415247286-s0065_tess_v1_lc.fits,hlsp_tess-spoc_tess_phot_0000000415247286-s0065_tess_v1_lc.fits
36140351,65,mast:HLSP/tess-spoc/s0065/target/0000/0000/3614/0351/hlsp_tess-spoc_tess_phot_0000000036140351-s0065_tess_v1_lc.fits,hlsp_tess-spoc_tess_phot_0000000036140351-s0065_tess_v1_lc.fits
40875914,66,mast:HLSP/tess-spoc/s0066/target/0000/0000/4087/5914/hlsp_tess-spoc_tess_phot_0000000040875914-s0066_tess_v1_lc.fits,hlsp_tess-spoc_tess_phot_0000000040875914-s0066_tess_v1_lc.fits
155383829,66,mast:HLSP/tess-spoc/s0066/target/0000/0001/5538/3829/hlsp_tess-spoc_tess_phot_0000000155383829-s0066_tess_v1_lc.fits,hlsp_tess-spoc_tess_phot_0000000155383829-s0066_tess_v1_lc.fits
187210063,65,mast:HLSP/tess-spoc/s0065/target/0000/0001/8721/0063/hlsp_tess-spoc_tess_phot_0000000187210063-s0065_tess_v1_lc.fits,hlsp_tess-spoc_tess_phot_0000000187210063-s0065_tess_v1_lc.fits
189607089,65,mast:HLSP/tess-spoc/s0065/target/0000/0001/8960/7089/hlsp_tess-spoc_tess_phot_0000000189607089-s0065_tess_v1_lc.fits,hlsp_tess-spoc_tess_phot_0000000189607089-s0065_tess_v1_lc.fits
199581402,66,mast:HLSP/tess-spoc/s0066/target/0000/0001/9958/1402/hlsp_tess-spoc_tess_phot_0000000199581402-s0066_tess_v1_lc.fits,hlsp_tess-spoc_tess_phot_0000000199581402-s0066_tess_v1_lc.fits
216427148,80,mast:HLSP/tess-spoc/s0080/target/0000/0002/1642/7148/hlsp_tess-spoc_tess_phot_0000000216427148-s0080_tess_v1_lc.fits,hlsp_tess-spoc_tess_phot_0000000216427148-s0080_tess_v1_lc.fits
182293524,68,mast:HLSP/tess-spoc/s0068/target/0000/0001/8229/3524/hlsp_tess-spoc_tess_phot_0000000182293524-s0068_tess_v1_lc.fits,hlsp_tess-spoc_tess_phot_0000000182293524-s0068_tess_v1_lc.fits
54438058,80,mast:HLSP/tess-spoc/s0080/target/0000/0000/5443/8058/hlsp_tess-spoc_tess_phot_0000000054438058-s0080_tess_v1_lc.fits,hlsp_tess-spoc_tess_phot_0000000054438058-s0080_tess_v1_lc.fits
418872637,65,mast:HLSP/tess-spoc/s0065/target/0000/0004/1887/2637/hlsp_tess-spoc_tess_phot_0000000418872637-s0065_tess_v1_lc.fits,hlsp_tess-spoc_tess_phot_0000000418872637-s0065_tess_v1_lc.fits
430615564,8,mast:HLSP/tess-spoc/s0008/target/0000/0004/3061/5564/hlsp_tess-spoc_tess_phot_0000000430615564-s0008_tess_v1_lc.fits,hlsp_tess-spoc_tess_phot_0000000430615564-s0008_tess_v1_lc.fits
430615564,9,mast:HLSP/tess-spoc/s0009/target/0000/0004/3061/5564/hlsp_tess-spoc_tess_phot_0000000430615564-s0009_tess_v1_lc.fits,hlsp_tess-spoc_tess_phot_0000000430615564-s0009_tess_v1_lc.fits
430615564,35,mast:HLSP/tess-spoc/s0035/target/0000/0004/3061/5564/hlsp_tess-spoc_tess_phot_0000000430615564-s0035_tess_v1_lc.fits,hlsp_tess-spoc_tess_phot_0000000430615564-s0035_tess_v1_lc.fits
255456801,39,mast:HLSP/tess-spoc/s0039/target/0000/0002/5545/6801/hlsp_tess-spoc_tess_phot_0000000255456801-s0039_tess_v1_lc.fits,hlsp_tess-spoc_tess_phot_0000000255456801-s0039_tess_v1_lc.fits
321528595,11,mast:HLSP/tess-spoc/s0011/target/0000/0003/2152/8595/hlsp_tess-spoc_tess_phot_0000000321528595-s0011_tess_v1_lc.fits,hlsp_tess-spoc_tess_phot_0000000321528595-s0011_tess_v1_lc.fits
321528595,38,mast:HLSP/tess-spoc/s0038/target/0000/0003/2152/8595/hlsp_tess-spoc_tess_phot_0000000321528595-s0038_tess_v1_lc.fits,hlsp_tess-spoc_tess_phot_0000000321528595-s0038_tess_v1_lc.fits
37315597,6,mast:HLSP/tess-spoc/s0006/target/0000/0000/3731/5597/hlsp_tess-spoc_tess_phot_0000000037315597-s0006_tess_v1_lc.fits,hlsp_tess-spoc_tess_phot_0000000037315597-s0006_tess_v1_lc.fits
448269095,36,mast:HLSP/tess-spoc/s0036/target/0000/0004/4826/9095/hlsp_tess-spoc_tess_phot_0000000448269095-s0036_tess_v1_lc.fits,hlsp_tess-spoc_tess_phot_0000000448269095-s0036_tess_v1_lc.fits
92017453,6,mast:HLSP/tess-spoc/s0006/target/0000/0000/9201/7453/hlsp_tess-spoc_tess_phot_0000000092017453-s0006_tess_v1_lc.fits,hlsp_tess-spoc_tess_phot_0000000092017453-s0006_tess_v1_lc.fits
92017453,33,mast:HLSP/tess-spoc/s0033/target/0000/0000/9201/7453/hlsp_tess-spoc_tess_phot_0000000092017453-s0033_tess_v1_lc.fits,hlsp_tess-spoc_tess_phot_0000000092017453-s0033_tess_v1_lc.fits
92017453,43,mast:HLSP/tess-spoc/s0043/target/0000/0000/9201/7453/hlsp_tess-spoc_tess_phot_0000000092017453-s0043_tess_v1_lc.fits,hlsp_tess-spoc_tess_phot_0000000092017453-s0043_tess_v1_lc.fits
92017453,44,mast:HLSP/tess-spoc/s0044/target/0000/0000/9201/7453/hlsp_tess-spoc_tess_phot_0000000092017453-s0044_tess_v1_lc.fits,hlsp_tess-spoc_tess_phot_0000000092017453-s0044_tess_v1_lc.fits
92017453,45,mast:HLSP/tess-spoc/s0045/target/0000/0000/9201/7453/hlsp_tess-spoc_tess_phot_0000000092017453-s0045_tess_v1_lc.fits,hlsp_tess-spoc_tess_phot_0000000092017453-s0045_tess_v1_lc.fits
145372195,8,mast:HLSP/tess-spoc/s0008/target/0000/0001/4537/2195/hlsp_tess-spoc_tess_phot_0000000145372195-s0008_tess_v1_lc.fits,hlsp_tess-spoc_tess_phot_0000000145372195-s0008_tess_v1_lc.fits
145372195,9,mast:HLSP/tess-spoc/s0009/target/0000/0001/4537/2195/hlsp_tess-spoc_tess_phot_0000000145372195-s0009_tess_v1_lc.fits,hlsp_tess-spoc_tess_phot_0000000145372195-s0009_tess_v1_lc.fits
145372195,35,mast:HLSP/tess-spoc/s0035/target/0000/0001/4537/2195/hlsp_tess-spoc_tess_phot_0000000145372195-s0035_tess_v1_lc.fits,hlsp_tess-spoc_tess_phot_0000000145372195-s0035_tess_v1_lc.fits
145372195,36,mast:HLSP/tess-spoc/s0036/target/0000/0001/4537/2195/hlsp_tess-spoc_tess_phot_0000000145372195-s0036_tess_v1_lc.fits,hlsp_tess-spoc_tess_phot_0000000145372195-s0036_tess_v1_lc.fits
181719523,35,mast:HLSP/tess-spoc/s0035/target/0000/0001/8171/9523/hlsp_tess-spoc_tess_phot_0000000181719523-s0035_tess_v1_lc.fits,hlsp_tess-spoc_tess_phot_0000000181719523-s0035_tess_v1_lc.fits
454859654,38,mast:HLSP/tess-spoc/s0038/target/0000/0004/5485/9654/hlsp_tess-spoc_tess_phot_0000000454859654-s0038_tess_v1_lc.fits,hlsp_tess-spoc_tess_phot_0000000454859654-s0038_tess_v1_lc.fits
454859654,39,mast:HLSP/tess-spoc/s0039/target/0000/0004/5485/9654/hlsp_tess-spoc_tess_phot_0000000454859654-s0039_tess_v1_lc.fits,hlsp_tess-spoc_tess_phot_0000000454859654-s0039_tess_v1_lc.fits
85771680,39,mast:HLSP/tess-spoc/s0039/target/0000/0000/8577/1680/hlsp_tess-spoc_tess_phot_0000000085771680-s0039_tess_v1_lc.fits,hlsp_tess-spoc_tess_phot_0000000085771680-s0039_tess_v1_lc.fits
307108725,37,mast:HLSP/tess-spoc/s0037/target/0000/0003/0710/8725/hlsp_tess-spoc_tess_phot_0000000307108725-s0037_tess_v1_lc.fits,hlsp_tess-spoc_tess_phot_0000000307108725-s0037_tess_v1_lc.fits
24692894,27,mast:HLSP/tess-spoc/s0027/target/0000/0000/2469/2894/hlsp_tess-spoc_tess_phot_0000000024692894-s0027_tess_v1_lc.fits,hlsp_tess-spoc_tess_phot_0000000024692894-s0027_tess_v1_lc.fits
24692894,28,mast:HLSP/tess-spoc/s0028/target/0000/0000/2469/2894/hlsp_tess-spoc_tess_phot_0000000024692894-s0028_tess_v1_lc.fits,hlsp_tess-spoc_tess_phot_0000000024692894-s0028_tess_v1_lc.fits
24692894,29,mast:HLSP/tess-spoc/s0029/target/0000/0000/2469/2894/hlsp_tess-spoc_tess_phot_0000000024692894-s0029_tess_v1_lc.fits,hlsp_tess-spoc_tess_phot_0000000024692894-s0029_tess_v1_lc.fits
24692894,1,mast:HLSP/tess-spoc/s0001/target/0000/0000/2469/2894/hlsp_tess-spoc_tess_phot_0000000024692894-s0001_tess_v1_lc.fits,hlsp_tess-spoc_tess_phot_0000000024692894-s0001_tess_v1_lc.fits
24692894,2,mast:HLSP/tess-spoc/s0002/target/0000/0000/2469/2894/hlsp_tess-spoc_tess_phot_0000000024692894-s0002_tess_v1_lc.fits,hlsp_tess-spoc_tess_phot_0000000024692894-s0002_tess_v1_lc.fits
24692894,13,mast:HLSP/tess-spoc/s0013/target/0000/0000/2469/2894/hlsp_tess-spoc_tess_phot_0000000024692894-s0013_tess_v1_lc.fits,hlsp_tess-spoc_tess_phot_0000000024692894-s0013_tess_v1_lc.fits
30468522,61,mast:HLSP/tess-spoc/s0061/target/0000/0000/3046/8522/hlsp_tess-spoc_tess_phot_0000000030468522-s0061_tess_v1_lc.fits,hlsp_tess-spoc_tess_phot_0000000030468522-s0061_tess_v1_lc.fits
30632544,61,mast:HLSP/tess-spoc/s0061/target/0000/0000/3063/2544/hlsp_tess-spoc_tess_phot_0000000030632544-s0061_tess_v1_lc.fits,hlsp_tess-spoc_tess_phot_0000000030632544-s0061_tess_v1_lc.fits
30468522,62,mast:HLSP/tess-spoc/s0062/target/0000/0000/3046/8522/hlsp_tess-spoc_tess_phot_0000000030468522-s0062_tess_v1_lc.fits,hlsp_tess-spoc_tess_phot_0000000030468522-s0062_tess_v1_lc.fits
30105387,63,mast:HLSP/tess-spoc/s0063/target/0000/0000/3010/5387/hlsp_tess-spoc_tess_phot_0000000030105387-s0063_tess_v1_lc.fits,hlsp_tess-spoc_tess_phot_0000000030105387-s0063_tess_v1_lc.fits
30468522,63,mast:HLSP/tess-spoc/s0063/target/0000/0000/3046/8522/hlsp_tess-spoc_tess_phot_0000000030468522-s0063_tess_v1_lc.fits,hlsp_tess-spoc_tess_phot_0000000030468522-s0063_tess_v1_lc.fits
30105387,64,mast:HLSP/tess-spoc/s0064/target/0000/0000/3010/5387/hlsp_tess-spoc_tess_phot_0000000030105387-s0064_tess_v1_lc.fits,hlsp_tess-spoc_tess_phot_0000000030105387-s0064_tess_v1_lc.fits
30468522,64,mast:HLSP/tess-spoc/s0064/target/0000/0000/3046/8522/hlsp_tess-spoc_tess_phot_0000000030468522-s0064_tess_v1_lc.fits,hlsp_tess-spoc_tess_phot_0000000030468522-s0064_tess_v1_lc.fits
30468522,65,mast:HLSP/tess-spoc/s0065/target/0000/0000/3046/8522/hlsp_tess-spoc_tess_phot_0000000030468522-s0065_tess_v1_lc.fits,hlsp_tess-spoc_tess_phot_0000000030468522-s0065_tess_v1_lc.fits
30468522,67,mast:HLSP/tess-spoc/s0067/target/0000/0000/3046/8522/hlsp_tess-spoc_tess_phot_0000000030468522-s0067_tess_v1_lc.fits,hlsp_tess-spoc_tess_phot_0000000030468522-s0067_tess_v1_lc.fits
30468522,68,mast:HLSP/tess-spoc/s0068/target/0000/0000/3046/8522/hlsp_tess-spoc_tess_phot_0000000030468522-s0068_tess_v1_lc.fits,hlsp_tess-spoc_tess_phot_0000000030468522-s0068_tess_v1_lc.fits
30468522,66,mast:HLSP/tess-spoc/s0066/target/0000/0000/3046/8522/hlsp_tess-spoc_tess_phot_0000000030468522-s0066_tess_v1_lc.fits,hlsp_tess-spoc_tess_phot_0000000030468522-s0066_tess_v1_lc.fits
464401254,10,mast:HLSP/tess-spoc/s0010/target/0000/0004/6440/1254/hlsp_tess-spoc_tess_phot_0000000464401254-s0010_tess_v1_lc.fits,hlsp_tess-spoc_tess_phot_0000000464401254-s0010_tess_v1_lc.fits
464401254,36,mast:HLSP/tess-spoc/s0036/target/0000/0004/6440/1254/hlsp_tess-spoc_tess_phot_0000000464401254-s0036_tess_v1_lc.fits,hlsp_tess-spoc_tess_phot_0000000464401254-s0036_tess_v1_lc.fits
464401254,37,mast:HLSP/tess-spoc/s0037/target/0000/0004/6440/1254/hlsp_tess-spoc_tess_phot_0000000464401254-s0037_tess_v1_lc.fits,hlsp_tess-spoc_tess_phot_0000000464401254-s0037_tess_v1_lc.fits
123580083,6,mast:HLSP/tess-spoc/s0006/target/0000/0001/2358/0083/hlsp_tess-spoc_tess_phot_0000000123580083-s0006_tess_v1_lc.fits,hlsp_tess-spoc_tess_phot_0000000123580083-s0006_tess_v1_lc.fits
81047196,33,mast:HLSP/tess-spoc/s0033/target/0000/0000/8104/7196/hlsp_tess-spoc_tess_phot_0000000081047196-s0033_tess_v1_lc.fits,hlsp_tess-spoc_tess_phot_0000000081047196-s0033_tess_v1_lc.fits
123580083,33,mast:HLSP/tess-spoc/s0033/target/0000/0001/2358/0083/hlsp_tess-spoc_tess_phot_0000000123580083-s0033_tess_v1_lc.fits,hlsp_tess-spoc_tess_phot_0000000123580083-s0033_tess_v1_lc.fits
81047196,7,mast:HLSP/tess-spoc/s0007/target/0000/0000/8104/7196/hlsp_tess-spoc_tess_phot_0000000081047196-s0007_tess_v1_lc.fits,hlsp_tess-spoc_tess_phot_0000000081047196-s0007_tess_v1_lc.fits
82893147,8,mast:HLSP/tess-spoc/s0008/target/0000/0000/8289/3147/hlsp_tess-spoc_tess_phot_0000000082893147-s0008_tess_v1_lc.fits,hlsp_tess-spoc_tess_phot_0000000082893147-s0008_tess_v1_lc.fits
82893147,35,mast:HLSP/tess-spoc/s0035/target/0000/0000/8289/3147/hlsp_tess-spoc_tess_phot_0000000082893147-s0035_tess_v1_lc.fits,hlsp_tess-spoc_tess_phot_0000000082893147-s0035_tess_v1_lc.fits
174819771,80,mast:HLSP/tess-spoc/s0080/target/0000/0001/7481/9771/hlsp_tess-spoc_tess_phot_0000000174819771-s0080_tess_v1_lc.fits,hlsp_tess-spoc_tess_phot_0000000174819771-s0080_tess_v1_lc.fits
208795688,80,mast:HLSP/tess-spoc/s0080/target/0000/0002/0879/5688/hlsp_tess-spoc_tess_phot_0000000208795688-s0080_tess_v1_lc.fits,hlsp_tess-spoc_tess_phot_0000000208795688-s0080_tess_v1_lc.fits
210217617,80,mast:HLSP/tess-spoc/s0080/target/0000/0002/1021/7617/hlsp_tess-spoc_tess_phot_0000000210217617-s0080_tess_v1_lc.fits,hlsp_tess-spoc_tess_phot_0000000210217617-s0080_tess_v1_lc.fits
400782733,80,mast:HLSP/tess-spoc/s0080/target/0000/0004/0078/2733/hlsp_tess-spoc_tess_phot_0000000400782733-s0080_tess_v1_lc.fits,hlsp_tess-spoc_tess_phot_0000000400782733-s0080_tess_v1_lc.fits
208795688,81,mast:HLSP/tess-spoc/s0081/target/0000/0002/0879/5688/hlsp_tess-spoc_tess_phot_0000000208795688-s0081_tess_v1_lc.fits,hlsp_tess-spoc_tess_phot_0000000208795688-s0081_tess_v1_lc.fits
210217617,81,mast:HLSP/tess-spoc/s0081/target/0000/0002/1021/7617/hlsp_tess-spoc_tess_phot_0000000210217617-s0081_tess_v1_lc.fits,hlsp_tess-spoc_tess_phot_0000000210217617-s0081_tess_v1_lc.fits
400782733,81,mast:HLSP/tess-spoc/s0081/target/0000/0004/0078/2733/hlsp_tess-spoc_tess_phot_0000000400782733-s0081_tess_v1_lc.fits,hlsp_tess-spoc_tess_phot_0000000400782733-s0081_tess_v1_lc.fits
53101149,80,mast:HLSP/tess-spoc/s0080/target/0000/0000/5310/1149/hlsp_tess-spoc_tess_phot_0000000053101149-s0080_tess_v1_lc.fits,hlsp_tess-spoc_tess_phot_0000000053101149-s0080_tess_v1_lc.fits
151444623,80,mast:HLSP/tess-spoc/s0080/target/0000/0001/5144/4623/hlsp_tess-spoc_tess_phot_0000000151444623-s0080_tess_v1_lc.fits,hlsp_tess-spoc_tess_phot_0000000151444623-s0080_tess_v1_lc.fits
181979086,80,mast:HLSP/tess-spoc/s0080/target/0000/0001/8197/9086/hlsp_tess-spoc_tess_phot_0000000181979086-s0080_tess_v1_lc.fits,hlsp_tess-spoc_tess_phot_0000000181979086-s0080_tess_v1_lc.fits
182026691,80,mast:HLSP/tess-spoc/s0080/target/0000/0001/8202/6691/hlsp_tess-spoc_tess_phot_0000000182026691-s0080_tess_v1_lc.fits,hlsp_tess-spoc_tess_phot_0000000182026691-s0080_tess_v1_lc.fits
182343845,80,mast:HLSP/tess-spoc/s0080/target/0000/0001/8234/3845/hlsp_tess-spoc_tess_phot_0000000182343845-s0080_tess_v1_lc.fits,hlsp_tess-spoc_tess_phot_0000000182343845-s0080_tess_v1_lc.fits
226226950,80,mast:HLSP/tess-spoc/s0080/target/0000/0002/2622/6950/hlsp_tess-spoc_tess_phot_0000000226226950-s0080_tess_v1_lc.fits,hlsp_tess-spoc_tess_phot_0000000226226950-s0080_tess_v1_lc.fits
183171800,80,mast:HLSP/tess-spoc/s0080/target/0000/0001/8317/1800/hlsp_tess-spoc_tess_phot_0000000183171800-s0080_tess_v1_lc.fits,hlsp_tess-spoc_tess_phot_0000000183171800-s0080_tess_v1_lc.fits
98008604,65,mast:HLSP/tess-spoc/s0065/target/0000/0000/9800/8604/hlsp_tess-spoc_tess_phot_0000000098008604-s0065_tess_v1_lc.fits,hlsp_tess-spoc_tess_phot_0000000098008604-s0065_tess_v1_lc.fits
455464024,65,mast:HLSP/tess-spoc/s0065/target/0000/0004/5546/4024/hlsp_tess-spoc_tess_phot_0000000455464024-s0065_tess_v1_lc.fits,hlsp_tess-spoc_tess_phot_0000000455464024-s0065_tess_v1_lc.fits
47447161,65,mast:HLSP/tess-spoc/s0065/target/0000/0000/4744/7161/hlsp_tess-spoc_tess_phot_0000000047447161-s0065_tess_v1_lc.fits,hlsp_tess-spoc_tess_phot_0000000047447161-s0065_tess_v1_lc.fits
73151056,65,mast:HLSP/tess-spoc/s0065/target/0000/0000/7315/1056/hlsp_tess-spoc_tess_phot_0000000073151056-s0065_tess_v1_lc.fits,hlsp_tess-spoc_tess_phot_0000000073151056-s0065_tess_v1_lc.fits
83679943,65,mast:HLSP/tess-spoc/s0065/target/0000/0000/8367/9943/hlsp_tess-spoc_tess_phot_0000000083679943-s0065_tess_v1_lc.fits,hlsp_tess-spoc_tess_phot_0000000083679943-s0065_tess_v1_lc.fits
190137405,65,mast:HLSP/tess-spoc/s0065/target/0000/0001/9013/7405/hlsp_tess-spoc_tess_phot_0000000190137405-s0065_tess_v1_lc.fits,hlsp_tess-spoc_tess_phot_0000000190137405-s0065_tess_v1_lc.fits
286265255,65,mast:HLSP/tess-spoc/s0065/target/0000/0002/8626/5255/hlsp_tess-spoc_tess_phot_0000000286265255-s0065_tess_v1_lc.fits,hlsp_tess-spoc_tess_phot_0000000286265255-s0065_tess_v1_lc.fits
67486666,65,mast:HLSP/tess-spoc/s0065/target/0000/0000/6748/6666/hlsp_tess-spoc_tess_phot_0000000067486666-s0065_tess_v1_lc.fits,hlsp_tess-spoc_tess_phot_0000000067486666-s0065_tess_v1_lc.fits
68783553,65,mast:HLSP/tess-spoc/s0065/target/0000/0000/6878/3553/hlsp_tess-spoc_tess_phot_0000000068783553-s0065_tess_v1_lc.fits,hlsp_tess-spoc_tess_phot_0000000068783553-s0065_tess_v1_lc.fits
98006438,65,mast:HLSP/tess-spoc/s0065/target/0000/0000/9800/6438/hlsp_tess-spoc_tess_phot_0000000098006438-s0065_tess_v1_lc.fits,hlsp_tess-spoc_tess_phot_0000000098006438-s0065_tess_v1_lc.fits
189508959,65,mast:HLSP/tess-spoc/s0065/target/0000/0001/8950/8959/hlsp_tess-spoc_tess_phot_0000000189508959-s0065_tess_v1_lc.fits,hlsp_tess-spoc_tess_phot_0000000189508959-s0065_tess_v1_lc.fits
292095006,65,mast:HLSP/tess-spoc/s0065/target/0000/0002/9209/5006/hlsp_tess-spoc_tess_phot_0000000292095006-s0065_tess_v1_lc.fits,hlsp_tess-spoc_tess_phot_0000000292095006-s0065_tess_v1_lc.fits
403481244,65,mast:HLSP/tess-spoc/s0065/target/0000/0004/0348/1244/hlsp_tess-spoc_tess_phot_0000000403481244-s0065_tess_v1_lc.fits,hlsp_tess-spoc_tess_phot_0000000403481244-s0065_tess_v1_lc.fits
414367130,65,mast:HLSP/tess-spoc/s0065/target/0000/0004/1436/7130/hlsp_tess-spoc_tess_phot_0000000414367130-s0065_tess_v1_lc.fits,hlsp_tess-spoc_tess_phot_0000000414367130-s0065_tess_v1_lc.fits
290727542,65,mast:HLSP/tess-spoc/s0065/target/0000/0002/9072/7542/hlsp_tess-spoc_tess_phot_0000000290727542-s0065_tess_v1_lc.fits,hlsp_tess-spoc_tess_phot_0000000290727542-s0065_tess_v1_lc.fits
292039010,65,mast:HLSP/tess-spoc/s0065/target/0000/0002/9203/9010/hlsp_tess-spoc_tess_phot_0000000292039010-s0065_tess_v1_lc.fits,hlsp_tess-spoc_tess_phot_0000000292039010-s0065_tess_v1_lc.fits
41159134,65,mast:HLSP/tess-spoc/s0065/target/0000/0000/4115/9134/hlsp_tess-spoc_tess_phot_0000000041159134-s0065_tess_v1_lc.fits,hlsp_tess-spoc_tess_phot_0000000041159134-s0065_tess_v1_lc.fits
41886579,65,mast:HLSP/tess-spoc/s0065/target/0000/0000/4188/6579/hlsp_tess-spoc_tess_phot_0000000041886579-s0065_tess_v1_lc.fits,hlsp_tess-spoc_tess_phot_0000000041886579-s0065_tess_v1_lc.fits
42505360,65,mast:HLSP/tess-spoc/s0065/target/0000/0000/4250/5360/hlsp_tess-spoc_tess_phot_0000000042505360-s0065_tess_v1_lc.fits,hlsp_tess-spoc_tess_phot_0000000042505360-s0065_tess_v1_lc.fits
454739716,65,mast:HLSP/tess-spoc/s0065/target/0000/0004/5473/9716/hlsp_tess-spoc_tess_phot_0000000454739716-s0065_tess_v1_lc.fits,hlsp_tess-spoc_tess_phot_0000000454739716-s0065_tess_v1_lc.fits
293718765,65,mast:HLSP/tess-spoc/s0065/target/0000/0002/9371/8765/hlsp_tess-spoc_tess_phot_0000000293718765-s0065_tess_v1_lc.fits,hlsp_tess-spoc_tess_phot_0000000293718765-s0065_tess_v1_lc.fits
295186253,65,mast:HLSP/tess-spoc/s0065/target/0000/0002/9518/6253/hlsp_tess-spoc_tess_phot_0000000295186253-s0065_tess_v1_lc.fits,hlsp_tess-spoc_tess_phot_0000000295186253-s0065_tess_v1_lc.fits
414715784,65,mast:HLSP/tess-spoc/s0065/target/0000/0004/1471/5784/hlsp_tess-spoc_tess_phot_0000000414715784-s0065_tess_v1_lc.fits,hlsp_tess-spoc_tess_phot_0000000414715784-s0065_tess_v1_lc.fits
418284790,65,mast:HLSP/tess-spoc/s0065/target/0000/0004/1828/4790/hlsp_tess-spoc_tess_phot_0000000418284790-s0065_tess_v1_lc.fits,hlsp_tess-spoc_tess_phot_0000000418284790-s0065_tess_v1_lc.fits
229730146,66,mast:HLSP/tess-spoc/s0066/target/0000/0002/2973/0146/hlsp_tess-spoc_tess_phot_0000000229730146-s0066_tess_v1_lc.fits,hlsp_tess-spoc_tess_phot_0000000229730146-s0066_tess_v1_lc.fits
12280380,66,mast:HLSP/tess-spoc/s0066/target/0000/0000/1228/0380/hlsp_tess-spoc_tess_phot_0000000012280380-s0066_tess_v1_lc.fits,hlsp_tess-spoc_tess_phot_0000000012280380-s0066_tess_v1_lc.fits
19281302,66,mast:HLSP/tess-spoc/s0066/target/0000/0000/1928/1302/hlsp_tess-spoc_tess_phot_0000000019281302-s0066_tess_v1_lc.fits,hlsp_tess-spoc_tess_phot_0000000019281302-s0066_tess_v1_lc.fits
14918080,66,mast:HLSP/tess-spoc/s0066/target/0000/0000/1491/8080/hlsp_tess-spoc_tess_phot_0000000014918080-s0066_tess_v1_lc.fits,hlsp_tess-spoc_tess_phot_0000000014918080-s0066_tess_v1_lc.fits
225736873,66,mast:HLSP/tess-spoc/s0066/target/0000/0002/2573/6873/hlsp_tess-spoc_tess_phot_0000000225736873-s0066_tess_v1_lc.fits,hlsp_tess-spoc_tess_phot_0000000225736873-s0066_tess_v1_lc.fits
226039755,66,mast:HLSP/tess-spoc/s0066/target/0000/0002/2603/9755/hlsp_tess-spoc_tess_phot_0000000226039755-s0066_tess_v1_lc.fits,hlsp_tess-spoc_tess_phot_0000000226039755-s0066_tess_v1_lc.fits
397724397,66,mast:HLSP/tess-spoc/s0066/target/0000/0003/9772/4397/hlsp_tess-spoc_tess_phot_0000000397724397-s0066_tess_v1_lc.fits,hlsp_tess-spoc_tess_phot_0000000397724397-s0066_tess_v1_lc.fits
458253394,66,mast:HLSP/tess-spoc/s0066/target/0000/0004/5825/3394/hlsp_tess-spoc_tess_phot_0000000458253394-s0066_tess_v1_lc.fits,hlsp_tess-spoc_tess_phot_0000000458253394-s0066_tess_v1_lc.fits
31906747,66,mast:HLSP/tess-spoc/s0066/target/0000/0000/3190/6747/hlsp_tess-spoc_tess_phot_0000000031906747-s0066_tess_v1_lc.fits,hlsp_tess-spoc_tess_phot_0000000031906747-s0066_tess_v1_lc.fits
235429067,66,mast:HLSP/tess-spoc/s0066/target/0000/0002/3542/9067/hlsp_tess-spoc_tess_phot_0000000235429067-s0066_tess_v1_lc.fits,hlsp_tess-spoc_tess_phot_0000000235429067-s0066_tess_v1_lc.fits
234546485,66,mast:HLSP/tess-spoc/s0066/target/0000/0002/3454/6485/hlsp_tess-spoc_tess_phot_0000000234546485-s0066_tess_v1_lc.fits,hlsp_tess-spoc_tess_phot_0000000234546485-s0066_tess_v1_lc.fits
230454610,66,mast:HLSP/tess-spoc/s0066/target/0000/0002/3045/4610/hlsp_tess-spoc_tess_phot_0000000230454610-s0066_tess_v1_lc.fits,hlsp_tess-spoc_tess_phot_0000000230454610-s0066_tess_v1_lc.fits
231463126,66,mast:HLSP/tess-spoc/s0066/target/0000/0002/3146/3126/hlsp_tess-spoc_tess_phot_0000000231463126-s0066_tess_v1_lc.fits,hlsp_tess-spoc_tess_phot_0000000231463126-s0066_tess_v1_lc.fits
215888627,65,mast:HLSP/tess-spoc/s0065/target/0000/0002/1588/8627/hlsp_tess-spoc_tess_phot_0000000215888627-s0065_tess_v1_lc.fits,hlsp_tess-spoc_tess_phot_0000000215888627-s0065_tess_v1_lc.fits
215981801,65,mast:HLSP/tess-spoc/s0065/target/0000/0002/1598/1801/hlsp_tess-spoc_tess_phot_0000000215981801-s0065_tess_v1_lc.fits,hlsp_tess-spoc_tess_phot_0000000215981801-s0065_tess_v1_lc.fits
255440604,65,mast:HLSP/tess-spoc/s0065/target/0000/0002/5544/0604/hlsp_tess-spoc_tess_phot_0000000255440604-s0065_tess_v1_lc.fits,hlsp_tess-spoc_tess_phot_0000000255440604-s0065_tess_v1_lc.fits
295473045,65,mast:HLSP/tess-spoc/s0065/target/0000/0002/9547/3045/hlsp_tess-spoc_tess_phot_0000000295473045-s0065_tess_v1_lc.fits,hlsp_tess-spoc_tess_phot_0000000295473045-s0065_tess_v1_lc.fits
300267988,65,mast:HLSP/tess-spoc/s0065/target/0000/0003/0026/7988/hlsp_tess-spoc_tess_phot_0000000300267988-s0065_tess_v1_lc.fits,hlsp_tess-spoc_tess_phot_0000000300267988-s0065_tess_v1_lc.fits
421274385,65,mast:HLSP/tess-spoc/s0065/target/0000/0004/2127/4385/hlsp_tess-spoc_tess_phot_0000000421274385-s0065_tess_v1_lc.fits,hlsp_tess-spoc_tess_phot_0000000421274385-s0065_tess_v1_lc.fits
214983862,65,mast:HLSP/tess-spoc/s0065/target/0000/0002/1498/3862/hlsp_tess-spoc_tess_phot_0000000214983862-s0065_tess_v1_lc.fits,hlsp_tess-spoc_tess_phot_0000000214983862-s0065_tess_v1_lc.fits
314542111,65,mast:HLSP/tess-spoc/s0065/target/0000/0003/1454/2111/hlsp_tess-spoc_tess_phot_0000000314542111-s0065_tess_v1_lc.fits,hlsp_tess-spoc_tess_phot_0000000314542111-s0065_tess_v1_lc.fits
449565797,65,mast:HLSP/tess-spoc/s0065/target/0000/0004/4956/5797/hlsp_tess-spoc_tess_phot_0000000449565797-s0065_tess_v1_lc.fits,hlsp_tess-spoc_tess_phot_0000000449565797-s0065_tess_v1_lc.fits
253484362,64,mast:HLSP/tess-spoc/s0064/target/0000/0002/5348/4362/hlsp_tess-spoc_tess_phot_0000000253484362-s0064_tess_v1_lc.fits,hlsp_tess-spoc_tess_phot_0000000253484362-s0064_tess_v1_lc.fits
359104700,64,mast:HLSP/tess-spoc/s0064/target/0000/0003/5910/4700/hlsp_tess-spoc_tess_phot_0000000359104700-s0064_tess_v1_lc.fits,hlsp_tess-spoc_tess_phot_0000000359104700-s0064_tess_v1_lc.fits
253484362,65,mast:HLSP/tess-spoc/s0065/target/0000/0002/5348/4362/hlsp_tess-spoc_tess_phot_0000000253484362-s0065_tess_v1_lc.fits,hlsp_tess-spoc_tess_phot_0000000253484362-s0065_tess_v1_lc.fits
359104700,65,mast:HLSP/tess-spoc/s0065/target/0000/0003/5910/4700/hlsp_tess-spoc_tess_phot_0000000359104700-s0065_tess_v1_lc.fits,hlsp_tess-spoc_tess_phot_0000000359104700-s0065_tess_v1_lc.fits
327498675,65,mast:HLSP/tess-spoc/s0065/target/0000/0003/2749/8675/hlsp_tess-spoc_tess_phot_0000000327498675-s0065_tess_v1_lc.fits,hlsp_tess-spoc_tess_phot_0000000327498675-s0065_tess_v1_lc.fits
328343963,65,mast:HLSP/tess-spoc/s0065/target/0000/0003/2834/3963/hlsp_tess-spoc_tess_phot_0000000328343963-s0065_tess_v1_lc.fits,hlsp_tess-spoc_tess_phot_0000000328343963-s0065_tess_v1_lc.fits
330118076,65,mast:HLSP/tess-spoc/s0065/target/0000/0003/3011/8076/hlsp_tess-spoc_tess_phot_0000000330118076-s0065_tess_v1_lc.fits,hlsp_tess-spoc_tess_phot_0000000330118076-s0065_tess_v1_lc.fits
331661615,65,mast:HLSP/tess-spoc/s0065/target/0000/0003/3166/1615/hlsp_tess-spoc_tess_phot_0000000331661615-s0065_tess_v1_lc.fits,hlsp_tess-spoc_tess_phot_0000000331661615-s0065_tess_v1_lc.fits
316099116,64,mast:HLSP/tess-spoc/s0064/target/0000/0003/1609/9116/hlsp_tess-spoc_tess_phot_0000000316099116-s0064_tess_v1_lc.fits,hlsp_tess-spoc_tess_phot_0000000316099116-s0064_tess_v1_lc.fits
467484241,64,mast:HLSP/tess-spoc/s0064/target/0000/0004/6748/4241/hlsp_tess-spoc_tess_phot_0000000467484241-s0064_tess_v1_lc.fits,hlsp_tess-spoc_tess_phot_0000000467484241-s0064_tess_v1_lc.fits
319357493,64,mast:HLSP/tess-spoc/s0064/target/0000/0003/1935/7493/hlsp_tess-spoc_tess_phot_0000000319357493-s0064_tess_v1_lc.fits,hlsp_tess-spoc_tess_phot_0000000319357493-s0064_tess_v1_lc.fits
320231506,64,mast:HLSP/tess-spoc/s0064/target/0000/0003/2023/1506/hlsp_tess-spoc_tess_phot_0000000320231506-s0064_tess_v1_lc.fits,hlsp_tess-spoc_tess_phot_0000000320231506-s0064_tess_v1_lc.fits
322410933,64,mast:HLSP/tess-spoc/s0064/target/0000/0003/2241/0933/hlsp_tess-spoc_tess_phot_0000000322410933-s0064_tess_v1_lc.fits,hlsp_tess-spoc_tess_phot_0000000322410933-s0064_tess_v1_lc.fits
390107065,63,mast:HLSP/tess-spoc/s0063/target/0000/0003/9010/7065/hlsp_tess-spoc_tess_phot_0000000390107065-s0063_tess_v1_lc.fits,hlsp_tess-spoc_tess_phot_0000000390107065-s0063_tess_v1_lc.fits
458146473,63,mast:HLSP/tess-spoc/s0063/target/0000/0004/5814/6473/hlsp_tess-spoc_tess_phot_0000000458146473-s0063_tess_v1_lc.fits,hlsp_tess-spoc_tess_phot_0000000458146473-s0063_tess_v1_lc.fits
390107065,64,mast:HLSP/tess-spoc/s0064/target/0000/0003/9010/7065/hlsp_tess-spoc_tess_phot_0000000390107065-s0064_tess_v1_lc.fits,hlsp_tess-spoc_tess_phot_0000000390107065-s0064_tess_v1_lc.fits
458146473,64,mast:HLSP/tess-spoc/s0064/target/0000/0004/5814/6473/hlsp_tess-spoc_tess_phot_0000000458146473-s0064_tess_v1_lc.fits,hlsp_tess-spoc_tess_phot_0000000458146473-s0064_tess_v1_lc.fits
369317129,64,mast:HLSP/tess-spoc/s0064/target/0000/0003/6931/7129/hlsp_tess-spoc_tess_phot_0000000369317129-s0064_tess_v1_lc.fits,hlsp_tess-spoc_tess_phot_0000000369317129-s0064_tess_v1_lc.fits
369317129,65,mast:HLSP/tess-spoc/s0065/target/0000/0003/6931/7129/hlsp_tess-spoc_tess_phot_0000000369317129-s0065_tess_v1_lc.fits,hlsp_tess-spoc_tess_phot_0000000369317129-s0065_tess_v1_lc.fits
379770097,64,mast:HLSP/tess-spoc/s0064/target/0000/0003/7977/0097/hlsp_tess-spoc_tess_phot_0000000379770097-s0064_tess_v1_lc.fits,hlsp_tess-spoc_tess_phot_0000000379770097-s0064_tess_v1_lc.fits
381055518,64,mast:HLSP/tess-spoc/s0064/target/0000/0003/8105/5518/hlsp_tess-spoc_tess_phot_0000000381055518-s0064_tess_v1_lc.fits,hlsp_tess-spoc_tess_phot_0000000381055518-s0064_tess_v1_lc.fits
435808018,64,mast:HLSP/tess-spoc/s0064/target/0000/0004/3580/8018/hlsp_tess-spoc_tess_phot_0000000435808018-s0064_tess_v1_lc.fits,hlsp_tess-spoc_tess_phot_0000000435808018-s0064_tess_v1_lc.fits
379770097,65,mast:HLSP/tess-spoc/s0065/target/0000/0003/7977/0097/hlsp_tess-spoc_tess_phot_0000000379770097-s0065_tess_v1_lc.fits,hlsp_tess-spoc_tess_phot_0000000379770097-s0065_tess_v1_lc.fits
381043627,65,mast:HLSP/tess-spoc/s0065/target/0000/0003/8104/3627/hlsp_tess-spoc_tess_phot_0000000381043627-s0065_tess_v1_lc.fits,hlsp_tess-spoc_tess_phot_0000000381043627-s0065_tess_v1_lc.fits
381055518,65,mast:HLSP/tess-spoc/s0065/target/0000/0003/8105/5518/hlsp_tess-spoc_tess_phot_0000000381055518-s0065_tess_v1_lc.fits,hlsp_tess-spoc_tess_phot_0000000381055518-s0065_tess_v1_lc.fits
435808018,65,mast:HLSP/tess-spoc/s0065/target/0000/0004/3580/8018/hlsp_tess-spoc_tess_phot_0000000435808018-s0065_tess_v1_lc.fits,hlsp_tess-spoc_tess_phot_0000000435808018-s0065_tess_v1_lc.fits
382293578,64,mast:HLSP/tess-spoc/s0064/target/0000/0003/8229/3578/hlsp_tess-spoc_tess_phot_0000000382293578-s0064_tess_v1_lc.fits,hlsp_tess-spoc_tess_phot_0000000382293578-s0064_tess_v1_lc.fits
382293578,65,mast:HLSP/tess-spoc/s0065/target/0000/0003/8229/3578/hlsp_tess-spoc_tess_phot_0000000382293578-s0065_tess_v1_lc.fits,hlsp_tess-spoc_tess_phot_0000000382293578-s0065_tess_v1_lc.fits
209962771,80,mast:HLSP/tess-spoc/s0080/target/0000/0002/0996/2771/hlsp_tess-spoc_tess_phot_0000000209962771-s0080_tess_v1_lc.fits,hlsp_tess-spoc_tess_phot_0000000209962771-s0080_tess_v1_lc.fits
444811020,66,mast:HLSP/tess-spoc/s0066/target/0000/0004/4481/1020/hlsp_tess-spoc_tess_phot_0000000444811020-s0066_tess_v1_lc.fits,hlsp_tess-spoc_tess_phot_0000000444811020-s0066_tess_v1_lc.fits
211872584,80,mast:HLSP/tess-spoc/s0080/target/0000/0002/1187/2584/hlsp_tess-spoc_tess_phot_0000000211872584-s0080_tess_v1_lc.fits,hlsp_tess-spoc_tess_phot_0000000211872584-s0080_tess_v1_lc.fits
149866311,66,mast:HLSP/tess-spoc/s0066/target/0000/0001/4986/6311/hlsp_tess-spoc_tess_phot_0000000149866311-s0066_tess_v1_lc.fits,hlsp_tess-spoc_tess_phot_0000000149866311-s0066_tess_v1_lc.fits
188422081,66,mast:HLSP/tess-spoc/s0066/target/0000/0001/8842/2081/hlsp_tess-spoc_tess_phot_0000000188422081-s0066_tess_v1_lc.fits,hlsp_tess-spoc_tess_phot_0000000188422081-s0066_tess_v1_lc.fits
156233001,66,mast:HLSP/tess-spoc/s0066/target/0000/0001/5623/3001/hlsp_tess-spoc_tess_phot_0000000156233001-s0066_tess_v1_lc.fits,hlsp_tess-spoc_tess_phot_0000000156233001-s0066_tess_v1_lc.fits
463390708,66,mast:HLSP/tess-spoc/s0066/target/0000/0004/6339/0708/hlsp_tess-spoc_tess_phot_0000000463390708-s0066_tess_v1_lc.fits,hlsp_tess-spoc_tess_phot_0000000463390708-s0066_tess_v1_lc.fits
197862990,66,mast:HLSP/tess-spoc/s0066/target/0000/0001/9786/2990/hlsp_tess-spoc_tess_phot_0000000197862990-s0066_tess_v1_lc.fits,hlsp_tess-spoc_tess_phot_0000000197862990-s0066_tess_v1_lc.fits
378345107,66,mast:HLSP/tess-spoc/s0066/target/0000/0003/7834/5107/hlsp_tess-spoc_tess_phot_0000000378345107-s0066_tess_v1_lc.fits,hlsp_tess-spoc_tess_phot_0000000378345107-s0066_tess_v1_lc.fits
345552106,66,mast:HLSP/tess-spoc/s0066/target/0000/0003/4555/2106/hlsp_tess-spoc_tess_phot_0000000345552106-s0066_tess_v1_lc.fits,hlsp_tess-spoc_tess_phot_0000000345552106-s0066_tess_v1_lc.fits
347463813,66,mast:HLSP/tess-spoc/s0066/target/0000/0003/4746/3813/hlsp_tess-spoc_tess_phot_0000000347463813-s0066_tess_v1_lc.fits,hlsp_tess-spoc_tess_phot_0000000347463813-s0066_tess_v1_lc.fits
214832020,65,mast:HLSP/tess-spoc/s0065/target/0000/0002/1483/2020/hlsp_tess-spoc_tess_phot_0000000214832020-s0065_tess_v1_lc.fits,hlsp_tess-spoc_tess_phot_0000000214832020-s0065_tess_v1_lc.fits
214871492,65,mast:HLSP/tess-spoc/s0065/target/0000/0002/1487/1492/hlsp_tess-spoc_tess_phot_0000000214871492-s0065_tess_v1_lc.fits,hlsp_tess-spoc_tess_phot_0000000214871492-s0065_tess_v1_lc.fits
215120552,65,mast:HLSP/tess-spoc/s0065/target/0000/0002/1512/0552/hlsp_tess-spoc_tess_phot_0000000215120552-s0065_tess_v1_lc.fits,hlsp_tess-spoc_tess_phot_0000000215120552-s0065_tess_v1_lc.fits
256439010,65,mast:HLSP/tess-spoc/s0065/target/0000/0002/5643/9010/hlsp_tess-spoc_tess_phot_0000000256439010-s0065_tess_v1_lc.fits,hlsp_tess-spoc_tess_phot_0000000256439010-s0065_tess_v1_lc.fits
275933843,65,mast:HLSP/tess-spoc/s0065/target/0000/0002/7593/3843/hlsp_tess-spoc_tess_phot_0000000275933843-s0065_tess_v1_lc.fits,hlsp_tess-spoc_tess_phot_0000000275933843-s0065_tess_v1_lc.fits
425981932,65,mast:HLSP/tess-spoc/s0065/target/0000/0004/2598/1932/hlsp_tess-spoc_tess_phot_0000000425981932-s0065_tess_v1_lc.fits,hlsp_tess-spoc_tess_phot_0000000425981932-s0065_tess_v1_lc.fits
426463499,65,mast:HLSP/tess-spoc/s0065/target/0000/0004/2646/3499/hlsp_tess-spoc_tess_phot_0000000426463499-s0065_tess_v1_lc.fits,hlsp_tess-spoc_tess_phot_0000000426463499-s0065_tess_v1_lc.fits
426692567,65,mast:HLSP/tess-spoc/s0065/target/0000/0004/2669/2567/hlsp_tess-spoc_tess_phot_0000000426692567-s0065_tess_v1_lc.fits,hlsp_tess-spoc_tess_phot_0000000426692567-s0065_tess_v1_lc.fits
223168527,66,mast:HLSP/tess-spoc/s0066/target/0000/0002/2316/8527/hlsp_tess-spoc_tess_phot_0000000223168527-s0066_tess_v1_lc.fits,hlsp_tess-spoc_tess_phot_0000000223168527-s0066_tess_v1_lc.fits
426463499,66,mast:HLSP/tess-spoc/s0066/target/0000/0004/2646/3499/hlsp_tess-spoc_tess_phot_0000000426463499-s0066_tess_v1_lc.fits,hlsp_tess-spoc_tess_phot_0000000426463499-s0066_tess_v1_lc.fits
410853981,65,mast:HLSP/tess-spoc/s0065/target/0000/0004/1085/3981/hlsp_tess-spoc_tess_phot_0000000410853981-s0065_tess_v1_lc.fits,hlsp_tess-spoc_tess_phot_0000000410853981-s0065_tess_v1_lc.fits
411483444,65,mast:HLSP/tess-spoc/s0065/target/0000/0004/1148/3444/hlsp_tess-spoc_tess_phot_0000000411483444-s0065_tess_v1_lc.fits,hlsp_tess-spoc_tess_phot_0000000411483444-s0065_tess_v1_lc.fits
4888477,66,mast:HLSP/tess-spoc/s0066/target/0000/0000/0488/8477/hlsp_tess-spoc_tess_phot_0000000004888477-s0066_tess_v1_lc.fits,hlsp_tess-spoc_tess_phot_0000000004888477-s0066_tess_v1_lc.fits
224558134,66,mast:HLSP/tess-spoc/s0066/target/0000/0002/2455/8134/hlsp_tess-spoc_tess_phot_0000000224558134-s0066_tess_v1_lc.fits,hlsp_tess-spoc_tess_phot_0000000224558134-s0066_tess_v1_lc.fits
215702290,66,mast:HLSP/tess-spoc/s0066/target/0000/0002/1570/2290/hlsp_tess-spoc_tess_phot_0000000215702290-s0066_tess_v1_lc.fits,hlsp_tess-spoc_tess_phot_0000000215702290-s0066_tess_v1_lc.fits
208830558,66,mast:HLSP/tess-spoc/s0066/target/0000/0002/0883/0558/hlsp_tess-spoc_tess_phot_0000000208830558-s0066_tess_v1_lc.fits,hlsp_tess-spoc_tess_phot_0000000208830558-s0066_tess_v1_lc.fits
410771661,65,mast:HLSP/tess-spoc/s0065/target/0000/0004/1077/1661/hlsp_tess-spoc_tess_phot_0000000410771661-s0065_tess_v1_lc.fits,hlsp_tess-spoc_tess_phot_0000000410771661-s0065_tess_v1_lc.fits
263923506,39,mast:HLSP/tess-spoc/s0039/target/0000/0002/6392/3506/hlsp_tess-spoc_tess_phot_0000000263923506-s0039_tess_v1_lc.fits,hlsp_tess-spoc_tess_phot_0000000263923506-s0039_tess_v1_lc.fits
182735022,27,mast:HLSP/tess-spoc/s0027/target/0000/0001/8273/5022/hlsp_tess-spoc_tess_phot_0000000182735022-s0027_tess_v1_lc.fits,hlsp_tess-spoc_tess_phot_0000000182735022-s0027_tess_v1_lc.fits
181446812,27,mast:HLSP/tess-spoc/s0027/target/0000/0001/8144/6812/hlsp_tess-spoc_tess_phot_0000000181446812-s0027_tess_v1_lc.fits,hlsp_tess-spoc_tess_phot_0000000181446812-s0027_tess_v1_lc.fits
180618091,27,mast:HLSP/tess-spoc/s0027/target/0000/0001/8061/8091/hlsp_tess-spoc_tess_phot_0000000180618091-s0027_tess_v1_lc.fits,hlsp_tess-spoc_tess_phot_0000000180618091-s0027_tess_v1_lc.fits
267547804,27,mast:HLSP/tess-spoc/s0027/target/0000/0002/6754/7804/hlsp_tess-spoc_tess_phot_0000000267547804-s0027_tess_v1_lc.fits,hlsp_tess-spoc_tess_phot_0000000267547804-s0027_tess_v1_lc.fits
267547804,28,mast:HLSP/tess-spoc/s0028/target/0000/0002/6754/7804/hlsp_tess-spoc_tess_phot_0000000267547804-s0028_tess_v1_lc.fits,hlsp_tess-spoc_tess_phot_0000000267547804-s0028_tess_v1_lc.fits
182735022,28,mast:HLSP/tess-spoc/s0028/target/0000/0001/8273/5022/hlsp_tess-spoc_tess_phot_0000000182735022-s0028_tess_v1_lc.fits,hlsp_tess-spoc_tess_phot_0000000182735022-s0028_tess_v1_lc.fits
180618091,28,mast:HLSP/tess-spoc/s0028/target/0000/0001/8061/8091/hlsp_tess-spoc_tess_phot_0000000180618091-s0028_tess_v1_lc.fits,hlsp_tess-spoc_tess_phot_0000000180618091-s0028_tess_v1_lc.fits
181446812,28,mast:HLSP/tess-spoc/s0028/target/0000/0001/8144/6812/hlsp_tess-spoc_tess_phot_0000000181446812-s0028_tess_v1_lc.fits,hlsp_tess-spoc_tess_phot_0000000181446812-s0028_tess_v1_lc.fits
267547804,67,mast:HLSP/tess-spoc/s0067/target/0000/0002/6754/7804/hlsp_tess-spoc_tess_phot_0000000267547804-s0067_tess_v1_lc.fits,hlsp_tess-spoc_tess_phot_0000000267547804-s0067_tess_v1_lc.fits
267547804,68,mast:HLSP/tess-spoc/s0068/target/0000/0002/6754/7804/hlsp_tess-spoc_tess_phot_0000000267547804-s0068_tess_v1_lc.fits,hlsp_tess-spoc_tess_phot_0000000267547804-s0068_tess_v1_lc.fits
123888036,6,mast:HLSP/tess-spoc/s0006/target/0000/0001/2388/8036/hlsp_tess-spoc_tess_phot_0000000123888036-s0006_tess_v1_lc.fits,hlsp_tess-spoc_tess_phot_0000000123888036-s0006_tess_v1_lc.fits
234073331,6,mast:HLSP/tess-spoc/s0006/target/0000/0002/3407/3331/hlsp_tess-spoc_tess_phot_0000000234073331-s0006_tess_v1_lc.fits,hlsp_tess-spoc_tess_phot_0000000234073331-s0006_tess_v1_lc.fits
177405368,7,mast:HLSP/tess-spoc/s0007/target/0000/0001/7740/5368/hlsp_tess-spoc_tess_phot_0000000177405368-s0007_tess_v1_lc.fits,hlsp_tess-spoc_tess_phot_0000000177405368-s0007_tess_v1_lc.fits
207042079,6,mast:HLSP/tess-spoc/s0006/target/0000/0002/0704/2079/hlsp_tess-spoc_tess_phot_0000000207042079-s0006_tess_v1_lc.fits,hlsp_tess-spoc_tess_phot_0000000207042079-s0006_tess_v1_lc.fits
177932603,7,mast:HLSP/tess-spoc/s0007/target/0000/0001/7793/2603/hlsp_tess-spoc_tess_phot_0000000177932603-s0007_tess_v1_lc.fits,hlsp_tess-spoc_tess_phot_0000000177932603-s0007_tess_v1_lc.fits
141134087,8,mast:HLSP/tess-spoc/s0008/target/0000/0001/4113/4087/hlsp_tess-spoc_tess_phot_0000000141134087-s0008_tess_v1_lc.fits,hlsp_tess-spoc_tess_phot_0000000141134087-s0008_tess_v1_lc.fits
141134087,9,mast:HLSP/tess-spoc/s0009/target/0000/0001/4113/4087/hlsp_tess-spoc_tess_phot_0000000141134087-s0009_tess_v1_lc.fits,hlsp_tess-spoc_tess_phot_0000000141134087-s0009_tess_v1_lc.fits
10826277,7,mast:HLSP/tess-spoc/s0007/target/0000/0000/1082/6277/hlsp_tess-spoc_tess_phot_0000000010826277-s0007_tess_v1_lc.fits,hlsp_tess-spoc_tess_phot_0000000010826277-s0007_tess_v1_lc.fits
52671548,8,mast:HLSP/tess-spoc/s0008/target/0000/0000/5267/1548/hlsp_tess-spoc_tess_phot_0000000052671548-s0008_tess_v1_lc.fits,hlsp_tess-spoc_tess_phot_0000000052671548-s0008_tess_v1_lc.fits
52671548,9,mast:HLSP/tess-spoc/s0009/target/0000/0000/5267/1548/hlsp_tess-spoc_tess_phot_0000000052671548-s0009_tess_v1_lc.fits,hlsp_tess-spoc_tess_phot_0000000052671548-s0009_tess_v1_lc.fits
436530385,6,mast:HLSP/tess-spoc/s0006/target/0000/0004/3653/0385/hlsp_tess-spoc_tess_phot_0000000436530385-s0006_tess_v1_lc.fits,hlsp_tess-spoc_tess_phot_0000000436530385-s0006_tess_v1_lc.fits
436530385,71,mast:HLSP/tess-spoc/s0071/target/0000/0004/3653/0385/hlsp_tess-spoc_tess_phot_0000000436530385-s0071_tess_v1_lc.fits,hlsp_tess-spoc_tess_phot_0000000436530385-s0071_tess_v1_lc.fits
436530385,72,mast:HLSP/tess-spoc/s0072/target/0000/0004/3653/0385/hlsp_tess-spoc_tess_phot_0000000436530385-s0072_tess_v1_lc.fits,hlsp_tess-spoc_tess_phot_0000000436530385-s0072_tess_v1_lc.fits
168055184,6,mast:HLSP/tess-spoc/s0006/target/0000/0001/6805/5184/hlsp_tess-spoc_tess_phot_0000000168055184-s0006_tess_v1_lc.fits,hlsp_tess-spoc_tess_phot_0000000168055184-s0006_tess_v1_lc.fits
37169108,6,mast:HLSP/tess-spoc/s0006/target/0000/0000/3716/9108/hlsp_tess-spoc_tess_phot_0000000037169108-s0006_tess_v1_lc.fits,hlsp_tess-spoc_tess_phot_0000000037169108-s0006_tess_v1_lc.fits
407704687,6,mast:HLSP/tess-spoc/s0006/target/0000/0004/0770/4687/hlsp_tess-spoc_tess_phot_0000000407704687-s0006_tess_v1_lc.fits,hlsp_tess-spoc_tess_phot_0000000407704687-s0006_tess_v1_lc.fits
184535525,8,mast:HLSP/tess-spoc/s0008/target/0000/0001/8453/5525/hlsp_tess-spoc_tess_phot_0000000184535525-s0008_tess_v1_lc.fits,hlsp_tess-spoc_tess_phot_0000000184535525-s0008_tess_v1_lc.fits
464936311,10,mast:HLSP/tess-spoc/s0010/target/0000/0004/6493/6311/hlsp_tess-spoc_tess_phot_0000000464936311-s0010_tess_v1_lc.fits,hlsp_tess-spoc_tess_phot_0000000464936311-s0010_tess_v1_lc.fits
460909565,10,mast:HLSP/tess-spoc/s0010/target/0000/0004/6090/9565/hlsp_tess-spoc_tess_phot_0000000460909565-s0010_tess_v1_lc.fits,hlsp_tess-spoc_tess_phot_0000000460909565-s0010_tess_v1_lc.fits
460416931,10,mast:HLSP/tess-spoc/s0010/target/0000/0004/6041/6931/hlsp_tess-spoc_tess_phot_0000000460416931-s0010_tess_v1_lc.fits,hlsp_tess-spoc_tess_phot_0000000460416931-s0010_tess_v1_lc.fits
304040681,10,mast:HLSP/tess-spoc/s0010/target/0000/0003/0404/0681/hlsp_tess-spoc_tess_phot_0000000304040681-s0010_tess_v1_lc.fits,hlsp_tess-spoc_tess_phot_0000000304040681-s0010_tess_v1_lc.fits
314530213,66,mast:HLSP/tess-spoc/s0066/target/0000/0003/1453/0213/hlsp_tess-spoc_tess_phot_0000000314530213-s0066_tess_v1_lc.fits,hlsp_tess-spoc_tess_phot_0000000314530213-s0066_tess_v1_lc.fits
318240614,65,mast:HLSP/tess-spoc/s0065/target/0000/0003/1824/0614/hlsp_tess-spoc_tess_phot_0000000318240614-s0065_tess_v1_lc.fits,hlsp_tess-spoc_tess_phot_0000000318240614-s0065_tess_v1_lc.fits
101860592,66,mast:HLSP/tess-spoc/s0066/target/0000/0001/0186/0592/hlsp_tess-spoc_tess_phot_0000000101860592-s0066_tess_v1_lc.fits,hlsp_tess-spoc_tess_phot_0000000101860592-s0066_tess_v1_lc.fits
100430628,66,mast:HLSP/tess-spoc/s0066/target/0000/0001/0043/0628/hlsp_tess-spoc_tess_phot_0000000100430628-s0066_tess_v1_lc.fits,hlsp_tess-spoc_tess_phot_0000000100430628-s0066_tess_v1_lc.fits
158138775,66,mast:HLSP/tess-spoc/s0066/target/0000/0001/5813/8775/hlsp_tess-spoc_tess_phot_0000000158138775-s0066_tess_v1_lc.fits,hlsp_tess-spoc_tess_phot_0000000158138775-s0066_tess_v1_lc.fits
161998056,66,mast:HLSP/tess-spoc/s0066/target/0000/0001/6199/8056/hlsp_tess-spoc_tess_phot_0000000161998056-s0066_tess_v1_lc.fits,hlsp_tess-spoc_tess_phot_0000000161998056-s0066_tess_v1_lc.fits
433171103,80,mast:HLSP/tess-spoc/s0080/target/0000/0004/3317/1103/hlsp_tess-spoc_tess_phot_0000000433171103-s0080_tess_v1_lc.fits,hlsp_tess-spoc_tess_phot_0000000433171103-s0080_tess_v1_lc.fits
4547897,80,mast:HLSP/tess-spoc/s0080/target/0000/0000/0454/7897/hlsp_tess-spoc_tess_phot_0000000004547897-s0080_tess_v1_lc.fits,hlsp_tess-spoc_tess_phot_0000000004547897-s0080_tess_v1_lc.fits
4549388,80,mast:HLSP/tess-spoc/s0080/target/0000/0000/0454/9388/hlsp_tess-spoc_tess_phot_0000000004549388-s0080_tess_v1_lc.fits,hlsp_tess-spoc_tess_phot_0000000004549388-s0080_tess_v1_lc.fits
218720178,80,mast:HLSP/tess-spoc/s0080/target/0000/0002/1872/0178/hlsp_tess-spoc_tess_phot_0000000218720178-s0080_tess_v1_lc.fits,hlsp_tess-spoc_tess_phot_0000000218720178-s0080_tess_v1_lc.fits
433378900,80,mast:HLSP/tess-spoc/s0080/target/0000/0004/3337/8900/hlsp_tess-spoc_tess_phot_0000000433378900-s0080_tess_v1_lc.fits,hlsp_tess-spoc_tess_phot_0000000433378900-s0080_tess_v1_lc.fits
29502964,62,mast:HLSP/tess-spoc/s0062/target/0000/0000/2950/2964/hlsp_tess-spoc_tess_phot_0000000029502964-s0062_tess_v1_lc.fits,hlsp_tess-spoc_tess_phot_0000000029502964-s0062_tess_v1_lc.fits
30483682,62,mast:HLSP/tess-spoc/s0062/target/0000/0000/3048/3682/hlsp_tess-spoc_tess_phot_0000000030483682-s0062_tess_v1_lc.fits,hlsp_tess-spoc_tess_phot_0000000030483682-s0062_tess_v1_lc.fits
74966758,62,mast:HLSP/tess-spoc/s0062/target/0000/0000/7496/6758/hlsp_tess-spoc_tess_phot_0000000074966758-s0062_tess_v1_lc.fits,hlsp_tess-spoc_tess_phot_0000000074966758-s0062_tess_v1_lc.fits
167177736,71,mast:HLSP/tess-spoc/s0071/target/0000/0001/6717/7736/hlsp_tess-spoc_tess_phot_0000000167177736-s0071_tess_v1_lc.fits,hlsp_tess-spoc_tess_phot_0000000167177736-s0071_tess_v1_lc.fits
167177736,72,mast:HLSP/tess-spoc/s0072/target/0000/0001/6717/7736/hlsp_tess-spoc_tess_phot_0000000167177736-s0072_tess_v1_lc.fits,hlsp_tess-spoc_tess_phot_0000000167177736-s0072_tess_v1_lc.fits
80646808,61,mast:HLSP/tess-spoc/s0061/target/0000/0000/8064/6808/hlsp_tess-spoc_tess_phot_0000000080646808-s0061_tess_v1_lc.fits,hlsp_tess-spoc_tess_phot_0000000080646808-s0061_tess_v1_lc.fits
80646808,62,mast:HLSP/tess-spoc/s0062/target/0000/0000/8064/6808/hlsp_tess-spoc_tess_phot_0000000080646808-s0062_tess_v1_lc.fits,hlsp_tess-spoc_tess_phot_0000000080646808-s0062_tess_v1_lc.fits
201019916,80,mast:HLSP/tess-spoc/s0080/target/0000/0002/0101/9916/hlsp_tess-spoc_tess_phot_0000000201019916-s0080_tess_v1_lc.fits,hlsp_tess-spoc_tess_phot_0000000201019916-s0080_tess_v1_lc.fits
231397979,61,mast:HLSP/tess-spoc/s0061/target/0000/0002/3139/7979/hlsp_tess-spoc_tess_phot_0000000231397979-s0061_tess_v1_lc.fits,hlsp_tess-spoc_tess_phot_0000000231397979-s0061_tess_v1_lc.fits
20517623,80,mast:HLSP/tess-spoc/s0080/target/0000/0000/2051/7623/hlsp_tess-spoc_tess_phot_0000000020517623-s0080_tess_v1_lc.fits,hlsp_tess-spoc_tess_phot_0000000020517623-s0080_tess_v1_lc.fits
384701212,80,mast:HLSP/tess-spoc/s0080/target/0000/0003/8470/1212/hlsp_tess-spoc_tess_phot_0000000384701212-s0080_tess_v1_lc.fits,hlsp_tess-spoc_tess_phot_0000000384701212-s0080_tess_v1_lc.fits
413137152,80,mast:HLSP/tess-spoc/s0080/target/0000/0004/1313/7152/hlsp_tess-spoc_tess_phot_0000000413137152-s0080_tess_v1_lc.fits,hlsp_tess-spoc_tess_phot_0000000413137152-s0080_tess_v1_lc.fits
413570293,80,mast:HLSP/tess-spoc/s0080/target/0000/0004/1357/0293/hlsp_tess-spoc_tess_phot_0000000413570293-s0080_tess_v1_lc.fits,hlsp_tess-spoc_tess_phot_0000000413570293-s0080_tess_v1_lc.fits
432334845,80,mast:HLSP/tess-spoc/s0080/target/0000/0004/3233/4845/hlsp_tess-spoc_tess_phot_0000000432334845-s0080_tess_v1_lc.fits,hlsp_tess-spoc_tess_phot_0000000432334845-s0080_tess_v1_lc.fits
196770236,66,mast:HLSP/tess-spoc/s0066/target/0000/0001/9677/0236/hlsp_tess-spoc_tess_phot_0000000196770236-s0066_tess_v1_lc.fits,hlsp_tess-spoc_tess_phot_0000000196770236-s0066_tess_v1_lc.fits
385740978,80,mast:HLSP/tess-spoc/s0080/target/0000/0003/8574/0978/hlsp_tess-spoc_tess_phot_0000000385740978-s0080_tess_v1_lc.fits,hlsp_tess-spoc_tess_phot_0000000385740978-s0080_tess_v1_lc.fits
432703122,80,mast:HLSP/tess-spoc/s0080/target/0000/0004/3270/3122/hlsp_tess-spoc_tess_phot_0000000432703122-s0080_tess_v1_lc.fits,hlsp_tess-spoc_tess_phot_0000000432703122-s0080_tess_v1_lc.fits
176629927,80,mast:HLSP/tess-spoc/s0080/target/0000/0001/7662/9927/hlsp_tess-spoc_tess_phot_0000000176629927-s0080_tess_v1_lc.fits,hlsp_tess-spoc_tess_phot_0000000176629927-s0080_tess_v1_lc.fits
385513368,80,mast:HLSP/tess-spoc/s0080/target/0000/0003/8551/3368/hlsp_tess-spoc_tess_phot_0000000385513368-s0080_tess_v1_lc.fits,hlsp_tess-spoc_tess_phot_0000000385513368-s0080_tess_v1_lc.fits
385614024,80,mast:HLSP/tess-spoc/s0080/target/0000/0003/8561/4024/hlsp_tess-spoc_tess_phot_0000000385614024-s0080_tess_v1_lc.fits,hlsp_tess-spoc_tess_phot_0000000385614024-s0080_tess_v1_lc.fits
133809224,80,mast:HLSP/tess-spoc/s0080/target/0000/0001/3380/9224/hlsp_tess-spoc_tess_phot_0000000133809224-s0080_tess_v1_lc.fits,hlsp_tess-spoc_tess_phot_0000000133809224-s0080_tess_v1_lc.fits
213399104,80,mast:HLSP/tess-spoc/s0080/target/0000/0002/1339/9104/hlsp_tess-spoc_tess_phot_0000000213399104-s0080_tess_v1_lc.fits,hlsp_tess-spoc_tess_phot_0000000213399104-s0080_tess_v1_lc.fits
214150599,80,mast:HLSP/tess-spoc/s0080/target/0000/0002/1415/0599/hlsp_tess-spoc_tess_phot_0000000214150599-s0080_tess_v1_lc.fits,hlsp_tess-spoc_tess_phot_0000000214150599-s0080_tess_v1_lc.fits
384433057,80,mast:HLSP/tess-spoc/s0080/target/0000/0003/8443/3057/hlsp_tess-spoc_tess_phot_0000000384433057-s0080_tess_v1_lc.fits,hlsp_tess-spoc_tess_phot_0000000384433057-s0080_tess_v1_lc.fits
385233695,80,mast:HLSP/tess-spoc/s0080/target/0000/0003/8523/3695/hlsp_tess-spoc_tess_phot_0000000385233695-s0080_tess_v1_lc.fits,hlsp_tess-spoc_tess_phot_0000000385233695-s0080_tess_v1_lc.fits
385841736,80,mast:HLSP/tess-spoc/s0080/target/0000/0003/8584/1736/hlsp_tess-spoc_tess_phot_0000000385841736-s0080_tess_v1_lc.fits,hlsp_tess-spoc_tess_phot_0000000385841736-s0080_tess_v1_lc.fits
214035330,80,mast:HLSP/tess-spoc/s0080/target/0000/0002/1403/5330/hlsp_tess-spoc_tess_phot_0000000214035330-s0080_tess_v1_lc.fits,hlsp_tess-spoc_tess_phot_0000000214035330-s0080_tess_v1_lc.fits
14872891,80,mast:HLSP/tess-spoc/s0080/target/0000/0000/1487/2891/hlsp_tess-spoc_tess_phot_0000000014872891-s0080_tess_v1_lc.fits,hlsp_tess-spoc_tess_phot_0000000014872891-s0080_tess_v1_lc.fits
17826562,80,mast:HLSP/tess-spoc/s0080/target/0000/0000/1782/6562/hlsp_tess-spoc_tess_phot_0000000017826562-s0080_tess_v1_lc.fits,hlsp_tess-spoc_tess_phot_0000000017826562-s0080_tess_v1_lc.fits
18597960,80,mast:HLSP/tess-spoc/s0080/target/0000/0000/1859/7960/hlsp_tess-spoc_tess_phot_0000000018597960-s0080_tess_v1_lc.fits,hlsp_tess-spoc_tess_phot_0000000018597960-s0080_tess_v1_lc.fits
17210604,80,mast:HLSP/tess-spoc/s0080/target/0000/0000/1721/0604/hlsp_tess-spoc_tess_phot_0000000017210604-s0080_tess_v1_lc.fits,hlsp_tess-spoc_tess_phot_0000000017210604-s0080_tess_v1_lc.fits
19106800,80,mast:HLSP/tess-spoc/s0080/target/0000/0000/1910/6800/hlsp_tess-spoc_tess_phot_0000000019106800-s0080_tess_v1_lc.fits,hlsp_tess-spoc_tess_phot_0000000019106800-s0080_tess_v1_lc.fits
19218848,80,mast:HLSP/tess-spoc/s0080/target/0000/0000/1921/8848/hlsp_tess-spoc_tess_phot_0000000019218848-s0080_tess_v1_lc.fits,hlsp_tess-spoc_tess_phot_0000000019218848-s0080_tess_v1_lc.fits
106980753,80,mast:HLSP/tess-spoc/s0080/target/0000/0001/0698/0753/hlsp_tess-spoc_tess_phot_0000000106980753-s0080_tess_v1_lc.fits,hlsp_tess-spoc_tess_phot_0000000106980753-s0080_tess_v1_lc.fits
167691127,80,mast:HLSP/tess-spoc/s0080/target/0000/0001/6769/1127/hlsp_tess-spoc_tess_phot_0000000167691127-s0080_tess_v1_lc.fits,hlsp_tess-spoc_tess_phot_0000000167691127-s0080_tess_v1_lc.fits
174344920,80,mast:HLSP/tess-spoc/s0080/target/0000/0001/7434/4920/hlsp_tess-spoc_tess_phot_0000000174344920-s0080_tess_v1_lc.fits,hlsp_tess-spoc_tess_phot_0000000174344920-s0080_tess_v1_lc.fits
174348658,80,mast:HLSP/tess-spoc/s0080/target/0000/0001/7434/8658/hlsp_tess-spoc_tess_phot_0000000174348658-s0080_tess_v1_lc.fits,hlsp_tess-spoc_tess_phot_0000000174348658-s0080_tess_v1_lc.fits
174769103,80,mast:HLSP/tess-spoc/s0080/target/0000/0001/7476/9103/hlsp_tess-spoc_tess_phot_0000000174769103-s0080_tess_v1_lc.fits,hlsp_tess-spoc_tess_phot_0000000174769103-s0080_tess_v1_lc.fits
174772485,80,mast:HLSP/tess-spoc/s0080/target/0000/0001/7477/2485/hlsp_tess-spoc_tess_phot_0000000174772485-s0080_tess_v1_lc.fits,hlsp_tess-spoc_tess_phot_0000000174772485-s0080_tess_v1_lc.fits
175329445,80,mast:HLSP/tess-spoc/s0080/target/0000/0001/7532/9445/hlsp_tess-spoc_tess_phot_0000000175329445-s0080_tess_v1_lc.fits,hlsp_tess-spoc_tess_phot_0000000175329445-s0080_tess_v1_lc.fits
175340397,80,mast:HLSP/tess-spoc/s0080/target/0000/0001/7534/0397/hlsp_tess-spoc_tess_phot_0000000175340397-s0080_tess_v1_lc.fits,hlsp_tess-spoc_tess_phot_0000000175340397-s0080_tess_v1_lc.fits
175782264,80,mast:HLSP/tess-spoc/s0080/target/0000/0001/7578/2264/hlsp_tess-spoc_tess_phot_0000000175782264-s0080_tess_v1_lc.fits,hlsp_tess-spoc_tess_phot_0000000175782264-s0080_tess_v1_lc.fits
216573302,80,mast:HLSP/tess-spoc/s0080/target/0000/0002/1657/3302/hlsp_tess-spoc_tess_phot_0000000216573302-s0080_tess_v1_lc.fits,hlsp_tess-spoc_tess_phot_0000000216573302-s0080_tess_v1_lc.fits
327986148,80,mast:HLSP/tess-spoc/s0080/target/0000/0003/2798/6148/hlsp_tess-spoc_tess_phot_0000000327986148-s0080_tess_v1_lc.fits,hlsp_tess-spoc_tess_phot_0000000327986148-s0080_tess_v1_lc.fits
327991628,80,mast:HLSP/tess-spoc/s0080/target/0000/0003/2799/1628/hlsp_tess-spoc_tess_phot_0000000327991628-s0080_tess_v1_lc.fits,hlsp_tess-spoc_tess_phot_0000000327991628-s0080_tess_v1_lc.fits
4650385,80,mast:HLSP/tess-spoc/s0080/target/0000/0000/0465/0385/hlsp_tess-spoc_tess_phot_0000000004650385-s0080_tess_v1_lc.fits,hlsp_tess-spoc_tess_phot_0000000004650385-s0080_tess_v1_lc.fits
216431618,80,mast:HLSP/tess-spoc/s0080/target/0000/0002/1643/1618/hlsp_tess-spoc_tess_phot_0000000216431618-s0080_tess_v1_lc.fits,hlsp_tess-spoc_tess_phot_0000000216431618-s0080_tess_v1_lc.fits
347663503,66,mast:HLSP/tess-spoc/s0066/target/0000/0003/4766/3503/hlsp_tess-spoc_tess_phot_0000000347663503-s0066_tess_v1_lc.fits,hlsp_tess-spoc_tess_phot_0000000347663503-s0066_tess_v1_lc.fits
338086443,66,mast:HLSP/tess-spoc/s0066/target/0000/0003/3808/6443/hlsp_tess-spoc_tess_phot_0000000338086443-s0066_tess_v1_lc.fits,hlsp_tess-spoc_tess_phot_0000000338086443-s0066_tess_v1_lc.fits
341654772,66,mast:HLSP/tess-spoc/s0066/target/0000/0003/4165/4772/hlsp_tess-spoc_tess_phot_0000000341654772-s0066_tess_v1_lc.fits,hlsp_tess-spoc_tess_phot_0000000341654772-s0066_tess_v1_lc.fits
339684126,66,mast:HLSP/tess-spoc/s0066/target/0000/0003/3968/4126/hlsp_tess-spoc_tess_phot_0000000339684126-s0066_tess_v1_lc.fits,hlsp_tess-spoc_tess_phot_0000000339684126-s0066_tess_v1_lc.fits
235972506,66,mast:HLSP/tess-spoc/s0066/target/0000/0002/3597/2506/hlsp_tess-spoc_tess_phot_0000000235972506-s0066_tess_v1_lc.fits,hlsp_tess-spoc_tess_phot_0000000235972506-s0066_tess_v1_lc.fits
125962868,66,mast:HLSP/tess-spoc/s0066/target/0000/0001/2596/2868/hlsp_tess-spoc_tess_phot_0000000125962868-s0066_tess_v1_lc.fits,hlsp_tess-spoc_tess_phot_0000000125962868-s0066_tess_v1_lc.fits
125537852,66,mast:HLSP/tess-spoc/s0066/target/0000/0001/2553/7852/hlsp_tess-spoc_tess_phot_0000000125537852-s0066_tess_v1_lc.fits,hlsp_tess-spoc_tess_phot_0000000125537852-s0066_tess_v1_lc.fits
122002356,66,mast:HLSP/tess-spoc/s0066/target/0000/0001/2200/2356/hlsp_tess-spoc_tess_phot_0000000122002356-s0066_tess_v1_lc.fits,hlsp_tess-spoc_tess_phot_0000000122002356-s0066_tess_v1_lc.fits
122112621,66,mast:HLSP/tess-spoc/s0066/target/0000/0001/2211/2621/hlsp_tess-spoc_tess_phot_0000000122112621-s0066_tess_v1_lc.fits,hlsp_tess-spoc_tess_phot_0000000122112621-s0066_tess_v1_lc.fits
343107363,66,mast:HLSP/tess-spoc/s0066/target/0000/0003/4310/7363/hlsp_tess-spoc_tess_phot_0000000343107363-s0066_tess_v1_lc.fits,hlsp_tess-spoc_tess_phot_0000000343107363-s0066_tess_v1_lc.fits
343103283,66,mast:HLSP/tess-spoc/s0066/target/0000/0003/4310/3283/hlsp_tess-spoc_tess_phot_0000000343103283-s0066_tess_v1_lc.fits,hlsp_tess-spoc_tess_phot_0000000343103283-s0066_tess_v1_lc.fits
380430913,66,mast:HLSP/tess-spoc/s0066/target/0000/0003/8043/0913/hlsp_tess-spoc_tess_phot_0000000380430913-s0066_tess_v1_lc.fits,hlsp_tess-spoc_tess_phot_0000000380430913-s0066_tess_v1_lc.fits
122752353,66,mast:HLSP/tess-spoc/s0066/target/0000/0001/2275/2353/hlsp_tess-spoc_tess_phot_0000000122752353-s0066_tess_v1_lc.fits,hlsp_tess-spoc_tess_phot_0000000122752353-s0066_tess_v1_lc.fits
222667195,80,mast:HLSP/tess-spoc/s0080/target/0000/0002/2266/7195/hlsp_tess-spoc_tess_phot_0000000222667195-s0080_tess_v1_lc.fits,hlsp_tess-spoc_tess_phot_0000000222667195-s0080_tess_v1_lc.fits
354368126,80,mast:HLSP/tess-spoc/s0080/target/0000/0003/5436/8126/hlsp_tess-spoc_tess_phot_0000000354368126-s0080_tess_v1_lc.fits,hlsp_tess-spoc_tess_phot_0000000354368126-s0080_tess_v1_lc.fits
177745514,80,mast:HLSP/tess-spoc/s0080/target/0000/0001/7774/5514/hlsp_tess-spoc_tess_phot_0000000177745514-s0080_tess_v1_lc.fits,hlsp_tess-spoc_tess_phot_0000000177745514-s0080_tess_v1_lc.fits
177836328,80,mast:HLSP/tess-spoc/s0080/target/0000/0001/7783/6328/hlsp_tess-spoc_tess_phot_0000000177836328-s0080_tess_v1_lc.fits,hlsp_tess-spoc_tess_phot_0000000177836328-s0080_tess_v1_lc.fits
223229751,80,mast:HLSP/tess-spoc/s0080/target/0000/0002/2322/9751/hlsp_tess-spoc_tess_phot_0000000223229751-s0080_tess_v1_lc.fits,hlsp_tess-spoc_tess_phot_0000000223229751-s0080_tess_v1_lc.fits
223383081,80,mast:HLSP/tess-spoc/s0080/target/0000/0002/2338/3081/hlsp_tess-spoc_tess_phot_0000000223383081-s0080_tess_v1_lc.fits,hlsp_tess-spoc_tess_phot_0000000223383081-s0080_tess_v1_lc.fits
223589402,80,mast:HLSP/tess-spoc/s0080/target/0000/0002/2358/9402/hlsp_tess-spoc_tess_phot_0000000223589402-s0080_tess_v1_lc.fits,hlsp_tess-spoc_tess_phot_0000000223589402-s0080_tess_v1_lc.fits
223593016,80,mast:HLSP/tess-spoc/s0080/target/0000/0002/2359/3016/hlsp_tess-spoc_tess_phot_0000000223593016-s0080_tess_v1_lc.fits,hlsp_tess-spoc_tess_phot_0000000223593016-s0080_tess_v1_lc.fits
306447052,80,mast:HLSP/tess-spoc/s0080/target/0000/0003/0644/7052/hlsp_tess-spoc_tess_phot_0000000306447052-s0080_tess_v1_lc.fits,hlsp_tess-spoc_tess_phot_0000000306447052-s0080_tess_v1_lc.fits
373544871,80,mast:HLSP/tess-spoc/s0080/target/0000/0003/7354/4871/hlsp_tess-spoc_tess_phot_0000000373544871-s0080_tess_v1_lc.fits,hlsp_tess-spoc_tess_phot_0000000373544871-s0080_tess_v1_lc.fits
57821571,80,mast:HLSP/tess-spoc/s0080/target/0000/0000/5782/1571/hlsp_tess-spoc_tess_phot_0000000057821571-s0080_tess_v1_lc.fits,hlsp_tess-spoc_tess_phot_0000000057821571-s0080_tess_v1_lc.fits
227287151,80,mast:HLSP/tess-spoc/s0080/target/0000/0002/2728/7151/hlsp_tess-spoc_tess_phot_0000000227287151-s0080_tess_v1_lc.fits,hlsp_tess-spoc_tess_phot_0000000227287151-s0080_tess_v1_lc.fits
340431908,80,mast:HLSP/tess-spoc/s0080/target/0000/0003/4043/1908/hlsp_tess-spoc_tess_phot_0000000340431908-s0080_tess_v1_lc.fits,hlsp_tess-spoc_tess_phot_0000000340431908-s0080_tess_v1_lc.fits
340431908,81,mast:HLSP/tess-spoc/s0081/target/0000/0003/4043/1908/hlsp_tess-spoc_tess_phot_0000000340431908-s0081_tess_v1_lc.fits,hlsp_tess-spoc_tess_phot_0000000340431908-s0081_tess_v1_lc.fits
202080116,80,mast:HLSP/tess-spoc/s0080/target/0000/0002/0208/0116/hlsp_tess-spoc_tess_phot_0000000202080116-s0080_tess_v1_lc.fits,hlsp_tess-spoc_tess_phot_0000000202080116-s0080_tess_v1_lc.fits
203072764,80,mast:HLSP/tess-spoc/s0080/target/0000/0002/0307/2764/hlsp_tess-spoc_tess_phot_0000000203072764-s0080_tess_v1_lc.fits,hlsp_tess-spoc_tess_phot_0000000203072764-s0080_tess_v1_lc.fits
396081007,80,mast:HLSP/tess-spoc/s0080/target/0000/0003/9608/1007/hlsp_tess-spoc_tess_phot_0000000396081007-s0080_tess_v1_lc.fits,hlsp_tess-spoc_tess_phot_0000000396081007-s0080_tess_v1_lc.fits
396271933,80,mast:HLSP/tess-spoc/s0080/target/0000/0003/9627/1933/hlsp_tess-spoc_tess_phot_0000000396271933-s0080_tess_v1_lc.fits,hlsp_tess-spoc_tess_phot_0000000396271933-s0080_tess_v1_lc.fits
396511063,80,mast:HLSP/tess-spoc/s0080/target/0000/0003/9651/1063/hlsp_tess-spoc_tess_phot_0000000396511063-s0080_tess_v1_lc.fits,hlsp_tess-spoc_tess_phot_0000000396511063-s0080_tess_v1_lc.fits
202080116,81,mast:HLSP/tess-spoc/s0081/target/0000/0002/0208/0116/hlsp_tess-spoc_tess_phot_0000000202080116-s0081_tess_v1_lc.fits,hlsp_tess-spoc_tess_phot_0000000202080116-s0081_tess_v1_lc.fits
396081007,81,mast:HLSP/tess-spoc/s0081/target/0000/0003/9608/1007/hlsp_tess-spoc_tess_phot_0000000396081007-s0081_tess_v1_lc.fits,hlsp_tess-spoc_tess_phot_0000000396081007-s0081_tess_v1_lc.fits
396271933,81,mast:HLSP/tess-spoc/s0081/target/0000/0003/9627/1933/hlsp_tess-spoc_tess_phot_0000000396271933-s0081_tess_v1_lc.fits,hlsp_tess-spoc_tess_phot_0000000396271933-s0081_tess_v1_lc.fits
396511063,81,mast:HLSP/tess-spoc/s0081/target/0000/0003/9651/1063/hlsp_tess-spoc_tess_phot_0000000396511063-s0081_tess_v1_lc.fits,hlsp_tess-spoc_tess_phot_0000000396511063-s0081_tess_v1_lc.fits
178241108,80,mast:HLSP/tess-spoc/s0080/target/0000/0001/7824/1108/hlsp_tess-spoc_tess_phot_0000000178241108-s0080_tess_v1_lc.fits,hlsp_tess-spoc_tess_phot_0000000178241108-s0080_tess_v1_lc.fits
178975396,80,mast:HLSP/tess-spoc/s0080/target/0000/0001/7897/5396/hlsp_tess-spoc_tess_phot_0000000178975396-s0080_tess_v1_lc.fits,hlsp_tess-spoc_tess_phot_0000000178975396-s0080_tess_v1_lc.fits
195763078,80,mast:HLSP/tess-spoc/s0080/target/0000/0001/9576/3078/hlsp_tess-spoc_tess_phot_0000000195763078-s0080_tess_v1_lc.fits,hlsp_tess-spoc_tess_phot_0000000195763078-s0080_tess_v1_lc.fits
206801793,80,mast:HLSP/tess-spoc/s0080/target/0000/0002/0680/1793/hlsp_tess-spoc_tess_phot_0000000206801793-s0080_tess_v1_lc.fits,hlsp_tess-spoc_tess_phot_0000000206801793-s0080_tess_v1_lc.fits
207188574,80,mast:HLSP/tess-spoc/s0080/target/0000/0002/0718/8574/hlsp_tess-spoc_tess_phot_0000000207188574-s0080_tess_v1_lc.fits,hlsp_tess-spoc_tess_phot_0000000207188574-s0080_tess_v1_lc.fits
223721810,80,mast:HLSP/tess-spoc/s0080/target/0000/0002/2372/1810/hlsp_tess-spoc_tess_phot_0000000223721810-s0080_tess_v1_lc.fits,hlsp_tess-spoc_tess_phot_0000000223721810-s0080_tess_v1_lc.fits
356952152,80,mast:HLSP/tess-spoc/s0080/target/0000/0003/5695/2152/hlsp_tess-spoc_tess_phot_0000000356952152-s0080_tess_v1_lc.fits,hlsp_tess-spoc_tess_phot_0000000356952152-s0080_tess_v1_lc.fits
374198232,80,mast:HLSP/tess-spoc/s0080/target/0000/0003/7419/8232/hlsp_tess-spoc_tess_phot_0000000374198232-s0080_tess_v1_lc.fits,hlsp_tess-spoc_tess_phot_0000000374198232-s0080_tess_v1_lc.fits
397840804,80,mast:HLSP/tess-spoc/s0080/target/0000/0003/9784/0804/hlsp_tess-spoc_tess_phot_0000000397840804-s0080_tess_v1_lc.fits,hlsp_tess-spoc_tess_phot_0000000397840804-s0080_tess_v1_lc.fits
206801793,81,mast:HLSP/tess-spoc/s0081/target/0000/0002/0680/1793/hlsp_tess-spoc_tess_phot_0000000206801793-s0081_tess_v1_lc.fits,hlsp_tess-spoc_tess_phot_0000000206801793-s0081_tess_v1_lc.fits
207188574,81,mast:HLSP/tess-spoc/s0081/target/0000/0002/0718/8574/hlsp_tess-spoc_tess_phot_0000000207188574-s0081_tess_v1_lc.fits,hlsp_tess-spoc_tess_phot_0000000207188574-s0081_tess_v1_lc.fits
356952152,81,mast:HLSP/tess-spoc/s0081/target/0000/0003/5695/2152/hlsp_tess-spoc_tess_phot_0000000356952152-s0081_tess_v1_lc.fits,hlsp_tess-spoc_tess_phot_0000000356952152-s0081_tess_v1_lc.fits
397840804,81,mast:HLSP/tess-spoc/s0081/target/0000/0003/9784/0804/hlsp_tess-spoc_tess_phot_0000000397840804-s0081_tess_v1_lc.fits,hlsp_tess-spoc_tess_phot_0000000397840804-s0081_tess_v1_lc.fits
47696930,80,mast:HLSP/tess-spoc/s0080/target/0000/0000/4769/6930/hlsp_tess-spoc_tess_phot_0000000047696930-s0080_tess_v1_lc.fits,hlsp_tess-spoc_tess_phot_0000000047696930-s0080_tess_v1_lc.fits
200071432,80,mast:HLSP/tess-spoc/s0080/target/0000/0002/0007/1432/hlsp_tess-spoc_tess_phot_0000000200071432-s0080_tess_v1_lc.fits,hlsp_tess-spoc_tess_phot_0000000200071432-s0080_tess_v1_lc.fits
201589449,80,mast:HLSP/tess-spoc/s0080/target/0000/0002/0158/9449/hlsp_tess-spoc_tess_phot_0000000201589449-s0080_tess_v1_lc.fits,hlsp_tess-spoc_tess_phot_0000000201589449-s0080_tess_v1_lc.fits
200071432,81,mast:HLSP/tess-spoc/s0081/target/0000/0002/0007/1432/hlsp_tess-spoc_tess_phot_0000000200071432-s0081_tess_v1_lc.fits,hlsp_tess-spoc_tess_phot_0000000200071432-s0081_tess_v1_lc.fits
201589449,81,mast:HLSP/tess-spoc/s0081/target/0000/0002/0158/9449/hlsp_tess-spoc_tess_phot_0000000201589449-s0081_tess_v1_lc.fits,hlsp_tess-spoc_tess_phot_0000000201589449-s0081_tess_v1_lc.fits
163864265,80,mast:HLSP/tess-spoc/s0080/target/0000/0001/6386/4265/hlsp_tess-spoc_tess_phot_0000000163864265-s0080_tess_v1_lc.fits,hlsp_tess-spoc_tess_phot_0000000163864265-s0080_tess_v1_lc.fits
164356644,80,mast:HLSP/tess-spoc/s0080/target/0000/0001/6435/6644/hlsp_tess-spoc_tess_phot_0000000164356644-s0080_tess_v1_lc.fits,hlsp_tess-spoc_tess_phot_0000000164356644-s0080_tess_v1_lc.fits
171350080,80,mast:HLSP/tess-spoc/s0080/target/0000/0001/7135/0080/hlsp_tess-spoc_tess_phot_0000000171350080-s0080_tess_v1_lc.fits,hlsp_tess-spoc_tess_phot_0000000171350080-s0080_tess_v1_lc.fits
225694439,80,mast:HLSP/tess-spoc/s0080/target/0000/0002/2569/4439/hlsp_tess-spoc_tess_phot_0000000225694439-s0080_tess_v1_lc.fits,hlsp_tess-spoc_tess_phot_0000000225694439-s0080_tess_v1_lc.fits
47468902,80,mast:HLSP/tess-spoc/s0080/target/0000/0000/4746/8902/hlsp_tess-spoc_tess_phot_0000000047468902-s0080_tess_v1_lc.fits,hlsp_tess-spoc_tess_phot_0000000047468902-s0080_tess_v1_lc.fits
108799109,80,mast:HLSP/tess-spoc/s0080/target/0000/0001/0879/9109/hlsp_tess-spoc_tess_phot_0000000108799109-s0080_tess_v1_lc.fits,hlsp_tess-spoc_tess_phot_0000000108799109-s0080_tess_v1_lc.fits
109353923,80,mast:HLSP/tess-spoc/s0080/target/0000/0001/0935/3923/hlsp_tess-spoc_tess_phot_0000000109353923-s0080_tess_v1_lc.fits,hlsp_tess-spoc_tess_phot_0000000109353923-s0080_tess_v1_lc.fits
162191278,80,mast:HLSP/tess-spoc/s0080/target/0000/0001/6219/1278/hlsp_tess-spoc_tess_phot_0000000162191278-s0080_tess_v1_lc.fits,hlsp_tess-spoc_tess_phot_0000000162191278-s0080_tess_v1_lc.fits
180853847,80,mast:HLSP/tess-spoc/s0080/target/0000/0001/8085/3847/hlsp_tess-spoc_tess_phot_0000000180853847-s0080_tess_v1_lc.fits,hlsp_tess-spoc_tess_phot_0000000180853847-s0080_tess_v1_lc.fits
182144264,80,mast:HLSP/tess-spoc/s0080/target/0000/0001/8214/4264/hlsp_tess-spoc_tess_phot_0000000182144264-s0080_tess_v1_lc.fits,hlsp_tess-spoc_tess_phot_0000000182144264-s0080_tess_v1_lc.fits
182700566,80,mast:HLSP/tess-spoc/s0080/target/0000/0001/8270/0566/hlsp_tess-spoc_tess_phot_0000000182700566-s0080_tess_v1_lc.fits,hlsp_tess-spoc_tess_phot_0000000182700566-s0080_tess_v1_lc.fits
183709453,80,mast:HLSP/tess-spoc/s0080/target/0000/0001/8370/9453/hlsp_tess-spoc_tess_phot_0000000183709453-s0080_tess_v1_lc.fits,hlsp_tess-spoc_tess_phot_0000000183709453-s0080_tess_v1_lc.fits
31733268,80,mast:HLSP/tess-spoc/s0080/target/0000/0000/3173/3268/hlsp_tess-spoc_tess_phot_0000000031733268-s0080_tess_v1_lc.fits,hlsp_tess-spoc_tess_phot_0000000031733268-s0080_tess_v1_lc.fits
31738889,80,mast:HLSP/tess-spoc/s0080/target/0000/0000/3173/8889/hlsp_tess-spoc_tess_phot_0000000031738889-s0080_tess_v1_lc.fits,hlsp_tess-spoc_tess_phot_0000000031738889-s0080_tess_v1_lc.fits
53926992,80,mast:HLSP/tess-spoc/s0080/target/0000/0000/5392/6992/hlsp_tess-spoc_tess_phot_0000000053926992-s0080_tess_v1_lc.fits,hlsp_tess-spoc_tess_phot_0000000053926992-s0080_tess_v1_lc.fits
54689055,80,mast:HLSP/tess-spoc/s0080/target/0000/0000/5468/9055/hlsp_tess-spoc_tess_phot_0000000054689055-s0080_tess_v1_lc.fits,hlsp_tess-spoc_tess_phot_0000000054689055-s0080_tess_v1_lc.fits
55821297,80,mast:HLSP/tess-spoc/s0080/target/0000/0000/5582/1297/hlsp_tess-spoc_tess_phot_0000000055821297-s0080_tess_v1_lc.fits,hlsp_tess-spoc_tess_phot_0000000055821297-s0080_tess_v1_lc.fits
207293023,80,mast:HLSP/tess-spoc/s0080/target/0000/0002/0729/3023/hlsp_tess-spoc_tess_phot_0000000207293023-s0080_tess_v1_lc.fits,hlsp_tess-spoc_tess_phot_0000000207293023-s0080_tess_v1_lc.fits
108955788,80,mast:HLSP/tess-spoc/s0080/target/0000/0001/0895/5788/hlsp_tess-spoc_tess_phot_0000000108955788-s0080_tess_v1_lc.fits,hlsp_tess-spoc_tess_phot_0000000108955788-s0080_tess_v1_lc.fits
16714450,80,mast:HLSP/tess-spoc/s0080/target/0000/0000/1671/4450/hlsp_tess-spoc_tess_phot_0000000016714450-s0080_tess_v1_lc.fits,hlsp_tess-spoc_tess_phot_0000000016714450-s0080_tess_v1_lc.fits
17320227,80,mast:HLSP/tess-spoc/s0080/target/0000/0000/1732/0227/hlsp_tess-spoc_tess_phot_0000000017320227-s0080_tess_v1_lc.fits,hlsp_tess-spoc_tess_phot_0000000017320227-s0080_tess_v1_lc.fits
115089231,80,mast:HLSP/tess-spoc/s0080/target/0000/0001/1508/9231/hlsp_tess-spoc_tess_phot_0000000115089231-s0080_tess_v1_lc.fits,hlsp_tess-spoc_tess_phot_0000000115089231-s0080_tess_v1_lc.fits
363838289,80,mast:HLSP/tess-spoc/s0080/target/0000/0003/6383/8289/hlsp_tess-spoc_tess_phot_0000000363838289-s0080_tess_v1_lc.fits,hlsp_tess-spoc_tess_phot_0000000363838289-s0080_tess_v1_lc.fits
364224490,80,mast:HLSP/tess-spoc/s0080/target/0000/0003/6422/4490/hlsp_tess-spoc_tess_phot_0000000364224490-s0080_tess_v1_lc.fits,hlsp_tess-spoc_tess_phot_0000000364224490-s0080_tess_v1_lc.fits
107573721,80,mast:HLSP/tess-spoc/s0080/target/0000/0001/0757/3721/hlsp_tess-spoc_tess_phot_0000000107573721-s0080_tess_v1_lc.fits,hlsp_tess-spoc_tess_phot_0000000107573721-s0080_tess_v1_lc.fits
362537090,80,mast:HLSP/tess-spoc/s0080/target/0000/0003/6253/7090/hlsp_tess-spoc_tess_phot_0000000362537090-s0080_tess_v1_lc.fits,hlsp_tess-spoc_tess_phot_0000000362537090-s0080_tess_v1_lc.fits
107960728,80,mast:HLSP/tess-spoc/s0080/target/0000/0001/0796/0728/hlsp_tess-spoc_tess_phot_0000000107960728-s0080_tess_v1_lc.fits,hlsp_tess-spoc_tess_phot_0000000107960728-s0080_tess_v1_lc.fits
108080116,80,mast:HLSP/tess-spoc/s0080/target/0000/0001/0808/0116/hlsp_tess-spoc_tess_phot_0000000108080116-s0080_tess_v1_lc.fits,hlsp_tess-spoc_tess_phot_0000000108080116-s0080_tess_v1_lc.fits
364991270,80,mast:HLSP/tess-spoc/s0080/target/0000/0003/6499/1270/hlsp_tess-spoc_tess_phot_0000000364991270-s0080_tess_v1_lc.fits,hlsp_tess-spoc_tess_phot_0000000364991270-s0080_tess_v1_lc.fits
106696050,80,mast:HLSP/tess-spoc/s0080/target/0000/0001/0669/6050/hlsp_tess-spoc_tess_phot_0000000106696050-s0080_tess_v1_lc.fits,hlsp_tess-spoc_tess_phot_0000000106696050-s0080_tess_v1_lc.fits
365128911,80,mast:HLSP/tess-spoc/s0080/target/0000/0003/6512/8911/hlsp_tess-spoc_tess_phot_0000000365128911-s0080_tess_v1_lc.fits,hlsp_tess-spoc_tess_phot_0000000365128911-s0080_tess_v1_lc.fits
402100419,68,mast:HLSP/tess-spoc/s0068/target/0000/0004/0210/0419/hlsp_tess-spoc_tess_phot_0000000402100419-s0068_tess_v1_lc.fits,hlsp_tess-spoc_tess_phot_0000000402100419-s0068_tess_v1_lc.fits
107330123,66,mast:HLSP/tess-spoc/s0066/target/0000/0001/0733/0123/hlsp_tess-spoc_tess_phot_0000000107330123-s0066_tess_v1_lc.fits,hlsp_tess-spoc_tess_phot_0000000107330123-s0066_tess_v1_lc.fits
