TIC,sector,source,per,power,prominence,width,amplitude,brf_class,brf_prob,instability,sigma_brf,entropy,sigma_top,brf_class_raw,cube_idx,sector_class,final_class_tic,decision_step
2778148,59.0,ACF,2.738440096989507,0.3953642678817057,0.5116369944019278,52.23533794240189,0.0144339422695338,E,0.996809440649122,0.0,0.0049226123032149,0.0010840637,0.00031378542,E,51499.0,E,E,2
2778148,71.0,LS,0.5485437457590164,0.0100553823443828,0.0100263114816023,5.214634261043102,0.0199372437782585,E,0.9969886345498908,0.0,0.0029448959575194,3.7324958e-06,1.0019965e-06,E,51511.0,E,E,2
2778148,73.0,ACF,0.3911992755067786,0.1658656399213596,0.0067490443165035,2.654060139236549,0.0109392532613128,E,0.97,0.04,0.1472605992694448,0.038786475,0.010724837,E,51549.0,E,E,2
2937947,59.0,LS,5.7565689263865565,0.3202649668866248,0.2981370278839437,4.630596765440714,0.0386071461252868,CEP,0.512,0.02,0.0604056156329856,0.05334706,0.022357263,CEP,38662.0,Unconstrained,E,2
2937947,73.0,LS,3.441919905785126,0.0829127557699987,0.0813854201043229,4.400404571242689,0.0252467696554958,E,0.994,0.0,0.0625259980666763,0.017271627,0.005394388,E,38681.0,E,E,2
2939367,43.0,ACF,1.6251529303945065,0.8491051889731716,1.5321708010538204,51.91420988073921,0.3701173141598701,E,0.9999621132287344,0.0,5.536202630677492e-06,0.00051629223,0.00017962765,E,35512.0,E,E,2
2939367,44.0,ACF,1.625123013081975,0.8348730867564221,1.5271730118742928,51.79452339712231,0.3835862874984741,E,0.9999621132287344,0.0,0.0002800833951806,0.001610715,0.00078624976,E,35524.0,E,E,2
2939367,45.0,ACF,1.625065854796958,0.8025169779746691,1.4682694121675026,51.95452816194037,0.4543730616569519,E,0.9999621132287344,0.0,3.508771929761067e-07,0.00013302473,3.3751177e-05,E,35537.0,E,E,2
2939367,59.0,ACF,1.627326836955035,0.8309706953079307,1.5204475271915143,157.80110129971888,0.3672132641077041,E,0.9999621132287344,0.0,0.0338666972831037,0.00054119143,0.000103797836,E,35546.0,E,E,2
2939367,73.0,ACF,1.624985528841535,0.6823876335551213,1.20436675356319,151.6333875166555,0.5178389325737953,E,0.9999878643591192,0.0,0.0039457200441945,0.019018764,0.0053128838,E,35560.0,E,E,2
3123111,62.0,ACF,3.5393612781003867,0.3504278866661441,0.0081981576966999,2.858836094186927,0.0153445906471461,E,0.9967870125189248,0.02,0.0813222325566541,0.016342903,0.007736862,E,93682.0,E,E,2
8896127,73.0,ACF,3.8610347813300905,0.5409660540684135,0.7390848090208304,194.98856497609404,0.2757698856294155,E,0.9969094910802252,0.1,0.2141012410380203,0.24181193,0.15912114,E,6914.0,E,E,2
10800647,58.0,ACF,1.9699142133717944,0.8870118036573525,1.267429429080705,118.75381626180626,0.462113581597805,E,0.9999919162660752,0.0,0.0582715029890586,0.05232822,0.037105825,E,7255.0,E,E,2
10876890,58.0,ACF,2.048613449323966,0.6183715962052893,1.1044106590506504,205.71774896292663,0.0625460362061858,E,0.9991003252424736,0.0,0.0299420051840977,0.008551712,0.0018619002,E,3041.0,E,E,2
10970421,52.0,LS,2.349130221837187,0.0342326811286748,0.0252402379501223,4.429658990791722,0.0295165856368839,E,0.994,0.0,0.0764118287446586,0.04807474,0.02346547,E,8464.0,E,E,2
10970421,58.0,ACF,1.5115788400999008,0.5126585726315849,1.032440053412783,347.4792082376818,0.0205635419115424,CEP,0.514,0.06,0.0815423816183952,0.58404535,0.33250377,CEP,8476.0,Unconstrained,E,2
10970421,58.0,LS,1.53974389486911,0.4442620784656153,0.4442556931673718,5.482377239062771,0.0205635419115424,CEP,0.472,0.02,0.0498112437106322,0.17035913,0.17985728,CEP,8474.0,Unconstrained,E,2
11111668,41.0,LS,3.496909907200319,0.2422434756597077,0.2300105652078558,3.967757386677477,0.0665366882458329,CEP,0.538,0.02,0.1046557862709941,0.95564324,0.33369738,CEP,92270.0,Unconstrained,E,2
11111668,75.0,LS,8.653811641593592,0.0963013376123229,0.0639969761854562,3.022022213011951,0.0740973884239792,E,0.8688750000000001,0.0,0.0965518373866377,0.08104998,0.050939996,E,92293.0,E,E,2
11156179,58.0,ACF,2.085651788135692,0.8754824788841173,1.342687885949105,125.76706873932255,0.0559890363365411,E,0.9988995245989916,0.0,1.1102230246251563e-16,1.1976911e-07,2.3841858e-08,E,22076.0,E,E,2
11480287,41.0,LS,0.772573604937999,0.0608161488307927,0.0607974174453154,4.606719083920325,1.7671772837638855,E,0.989,0.08,0.2179728143537293,0.25588977,0.14925264,E,100089.0,E,E,2
11480287,55.0,ACF,4.631910518428413,0.8078324296182243,1.1460186491175273,51.079229101042415,2.1101775765419006,E,0.965,0.04,0.1510320558395649,0.20291018,0.0918125,E,100291.0,E,E,2
11480287,75.0,ACF,4.622698306694929,0.6547974915081288,0.925786725159645,151.4850398945125,1.7203396558761597,E,0.952,0.08,0.207609119440896,0.38065663,0.227148,E,100119.0,E,E,2
11792065,81.0,LS,1.6036615394720293,0.0712326640824442,0.07113746647343,5.158257126917306,0.0312021141871809,E,0.9834121204236156,0.04,0.1801243516061446,0.18577227,0.1593963,E,105120.0,E,E,2
11792065,82.0,LS,0.7978197503341647,0.0212080964421843,0.0212017530754247,4.621632275549928,0.0297821988351643,E,0.956,0.06,0.1654771738640073,0.13400538,0.1204241,E,105133.0,E,E,2
11793277,15.0,ACF,1.4999909652688077,0.7647521685217171,1.022842592661923,9.879259425050265,0.6679876893758774,E,0.9999621132287344,0.0,1.1102230246251563e-16,2.6499401e-05,1.0991414e-05,E,113003.0,E,E,2
11793277,41.0,ACF,1.5069525489266198,0.8570945926340561,1.2451727945393942,29.969598907685054,0.4442911222577095,E,0.9999621132287344,0.0,0.0022638460424012,0.011362933,0.006755828,E,113018.0,E,E,2
12139534,75.0,LS,3.076908213744649,0.0665040668457663,0.0654813618919394,3.430747515449184,0.1273595541715622,E,0.835,0.02,0.1560666524277368,0.57207906,0.15031135,E,114238.0,E,E,2
12139534,81.0,LS,0.9575809548975562,0.1421272176403346,0.1420367142300467,3.976481140049145,0.1127973198890686,CEP,0.439,0.0,0.0438551980955507,0.23428522,0.15089634,CEP,114247.0,Unconstrained,E,2
12252857,81.0,LS,2.3351559703985254,0.021367567505149,0.0053787752968675,3.726031260306627,0.1443364564329385,E,0.996,0.1,0.2760251878119671,0.32950756,0.22718729,E,108875.0,E,E,2
12252857,82.0,LS,9.94204931216665,0.033800173555744,0.0211237361549719,3.0005681443981302,0.1490004640072584,E,0.981,0.12,0.2911370028058512,0.42344052,0.2929806,E,108898.0,E,E,2
12672792,14.0,LS,4.321290555048764,0.1030012403208511,0.0420936072082801,2.886823423014903,0.452464297413826,E,0.887,0.0,0.1277321510035746,0.62145025,0.2019631,E,76234.0,E,E,2
12672792,15.0,ACF,2.1041496307250327,0.5071374594422465,0.7019654758129554,21.31477911746751,0.3364448621869087,E,0.994,0.02,0.139880901420151,0.16480337,0.1363726,E,76221.0,E,E,2
12672792,41.0,LS,1.4132784192976824,0.0295719250005883,0.0281359546973439,4.492419807764236,0.5003955960273743,E,0.968,0.08,0.2103054692584099,0.45251563,0.1852771,E,76244.0,E,E,2
12672792,55.0,ACF,4.215254111315517,0.544950564338397,0.7819583518072085,77.4601230887148,0.4780437424778938,E,0.9999443011933208,0.0,1.1102230246251563e-16,5.40698e-05,1.1871821e-05,E,76269.0,E,E,2
12672792,75.0,ACF,4.208335543123212,0.8043673710765983,1.0464645658046452,214.50819759694832,0.3516822680830955,E,0.9999443011933208,0.0,1.1102230246251563e-16,1.4350255e-06,2.4488733e-07,E,76279.0,E,E,2
12672792,75.0,LS,4.196126432686853,0.0914476369512137,0.091359071594691,4.722817839647178,0.3516822680830955,E,0.9999443011933208,0.0,1.1102230246251563e-16,4.9165146e-06,1.6415427e-06,E,76277.0,E,E,2
12672792,81.0,LS,2.1125767801748823,0.4428936675571186,0.4423184690419554,4.369775684190245,0.3498001396656036,E,0.999966729323518,0.0,0.0150884495284312,0.003336262,0.0013804033,E,76286.0,E,E,2
12672792,82.0,ACF,2.099520014128757,0.5674652243570913,0.8443497705412342,199.316058380193,0.3955483064055443,E,0.999966729323518,0.0,0.0028031680667493,0.001315126,0.00038865843,E,76299.0,E,E,2
12672792,82.0,LS,2.1187960266306467,0.3937513127224082,0.3936879604055867,4.72641084440329,0.3955483064055443,E,0.999966729323518,0.0,0.0125204156070934,0.00418489,0.0013834097,E,76296.0,E,E,2
12673851,55.0,LS,3.5718058335729825,0.0688469290512509,0.0679771663225334,9.395980293724278,0.0352596910670399,E,0.864,0.04,0.1593167973296171,0.13122573,0.041459754,E,122460.0,E,E,2
12673900,15.0,ACF,1.9166509666638376,0.7297102628232089,1.136598628344104,15.151511442483084,0.1349121332168579,E,0.9989585228268408,0.0,1.1102230246251563e-16,7.67556e-06,1.3248867e-06,E,130156.0,E,E,2
12673900,15.0,LS,1.9114352792122036,0.0311992718909464,0.0310130987829121,4.080019281593195,0.1349121332168579,E,0.9989585228268408,0.0,1.1102230246251563e-16,1.3557229e-05,3.558552e-06,E,130154.0,E,E,2
12673900,41.0,ACF,1.9097308280151992,0.8554738650733005,1.3773266834877251,47.34755350199126,0.119882607832551,E,0.9989585228268408,0.0,1.1102230246251563e-16,9.707186e-06,3.6892916e-06,E,130171.0,E,E,2
12673900,41.0,LS,1.8983269675181864,0.0326481194597907,0.0325984856930301,4.553127605189729,0.119882607832551,E,0.9989585228268408,0.0,1.3804387359129754e-05,1.8110844e-05,7.969184e-06,E,130169.0,E,E,2
12673900,55.0,ACF,1.916656034224616,0.8515551670302222,1.3767151555200463,47.3663153368716,0.1183644216507673,E,0.9989585228268408,0.0,0.0002508135606483,6.0485305e-05,1.5973586e-05,E,130185.0,E,E,2
12673900,55.0,LS,1.912159668479104,0.0265559849150439,0.0265221328357657,3.745295945473117,0.1183644216507673,E,0.9989585228268408,0.0,0.0050311248816556,9.00202e-06,1.4855792e-06,E,130183.0,E,E,2
12673900,75.0,ACF,1.9097236088100544,0.7416475556163704,1.2141411662182982,142.60347568354325,0.121227828785777,E,0.9989585228268408,0.0,0.0001328183816355,2.0208041e-05,6.6973666e-06,E,130357.0,E,E,2
12673900,75.0,LS,1.8968792209074772,0.0345788809971743,0.0344428874227733,4.038901539934159,0.121227828785777,E,0.9989585228268408,0.0,0.0621382861646992,0.043072414,0.029900737,E,130355.0,E,E,2
12673900,81.0,ACF,1.9097536063782168,0.8355290784705562,1.3344529248655697,139.87265020464508,0.1316209603101015,E,0.9989585228268408,0.0,1.1102230246251563e-16,3.2583762e-06,1.1868959e-06,E,130197.0,E,E,2
12673900,81.0,LS,1.929042164848708,0.0267504481913172,0.0266500452545038,4.485092191025615,0.1316209603101015,E,0.9989585228268408,0.0,0.0604944221511972,0.030972982,0.019949075,E,130195.0,E,E,2
12673900,82.0,ACF,1.9097065462347016,0.9162518602967188,1.4719278721691498,138.555757985244,0.1270582899451255,E,0.9989585228268408,0.0,1.1102230246251563e-16,4.7240502e-07,7.348554e-08,E,130208.0,E,E,2
12673900,82.0,LS,1.9288801494500865,0.0212529064935396,0.0212286831092218,4.990161405650724,0.1270582899451255,E,0.9989585228268408,0.02,0.1507425427935604,0.12231884,0.12086589,E,130206.0,E,E,2
12675729,41.0,ACF,2.875012088197309,0.6081527477390298,0.8985016410890871,60.58660331673826,1.0245449095964432,E,0.9998443030102456,0.0,0.050336438294525,0.002513823,0.0009922556,E,127558.0,E,E,2
12675729,55.0,ACF,2.8749831354257367,0.684194513336125,0.9522109039091108,57.427192307830296,0.7052109390497208,E,0.9999504691609165,0.0,1.1102230246251563e-16,2.8402368e-05,8.242061e-06,E,127577.0,E,E,2
12675729,81.0,ACF,2.877362099711263,0.8664589171941088,1.2504774367610538,163.97175721680856,0.4877481982111931,E,0.9999504691609165,0.0,4.5143974885691576e-06,9.8515275e-06,2.9126127e-06,E,127747.0,E,E,2
12715458,57.0,ACF,2.5231503023132973,0.5835954001188921,1.0035956986614123,234.54528010399747,0.0434027658775448,E,0.990013224150908,0.08,0.2044804921201645,0.14005598,0.08206492,E,55394.0,E,E,2
12715458,58.0,ACF,2.5230929111239675,0.8229414511447195,1.428862199030431,250.03182943173545,0.053980560041964,E,0.999052580260552,0.0,0.0029860419044717,0.0006152533,0.00019889875,E,55234.0,E,E,2
12715458,78.0,LS,2.556763659021197,0.122340810470068,0.1221823168330588,4.398510012233601,0.0621332135051488,E,0.9990287557862886,0.0,0.0279997919973664,0.0012891829,0.00025899534,E,55280.0,E,E,2
12715458,84.0,ACF,2.5231484903747514,0.8278956315770082,1.3980623916710515,249.5347381310819,0.0793818477541208,E,0.9990077031547095,0.0,0.0437319255746738,0.0024210468,0.00096671423,E,55116.0,E,E,2
12715458,84.0,LS,2.524291182194514,0.1350602989381567,0.1350286518461079,4.106660461187857,0.0793818477541208,E,0.9990077031547095,0.0,0.0425703137540794,0.005371226,0.0024356616,E,55114.0,E,E,2
13284088,58.0,LS,3.5528751786254804,0.0337914803428773,0.0140796542568893,3.5097585744770186,0.0352375139482319,E,0.994,0.04,0.1741604432995785,0.19214912,0.15168643,E,35386.0,E,E,2
14042031,58.0,LS,1.135883414747743,0.0609704445838695,0.0608428907720937,4.478043072296714,0.0213158945553004,E,0.994865998026171,0.0,0.057312284651115,0.028264808,0.019549722,E,9403.0,E,E,2
14207082,41.0,ACF,2.708348897481301,0.6526290927617108,1.003751595154294,55.83610576546471,0.0238339812494814,E,0.996809440649122,0.0,0.0135464732966004,0.00018454698,4.978942e-05,E,126729.0,E,E,2
14207082,81.0,ACF,2.70375194251028,0.8015068363316082,1.2671311041602653,192.1063149392278,0.0465564988553524,E,0.998809440649122,0.0,1.1102230246251563e-16,1.5985775e-05,7.0551155e-06,E,126742.0,E,E,2
14207082,81.0,LS,2.7164099994756365,0.0510027285099656,0.0509087908171017,3.926803892936732,0.0465564988553524,E,0.998809440649122,0.0,1.1102230246251563e-16,2.266065e-05,5.073024e-06,E,126740.0,E,E,2
14207082,82.0,ACF,2.768499134128433,0.2514488759624254,0.0074788236779994,1.6531951390361428,0.0193922105245292,ELL,0.872,0.12,0.1980141771850229,0.68774974,0.28748873,ELL,126582.0,ELL,E,2
14209735,82.0,ACF,2.2939656517537514,0.5116074575545221,1.035269208915444,278.7722572072404,0.0864796619862318,E,0.9989585228268408,0.0,0.0002854184076671,0.00041865904,7.598162e-05,E,93708.0,E,E,2
14512863,80.0,ACF,2.5948696419468438,0.6077971271592699,0.79734926981584,84.13190621195167,0.0287010753527283,E,0.998809440649122,0.0,0.0011466964493752,3.2723245e-05,1.41829e-05,E,22882.0,E,E,2
24985783,66.0,LS,3.824819631786698,0.0285978769884194,0.0279453996785295,5.066585256394319,0.0829596910625696,E,0.8648956400742116,0.06,0.2058287125364243,0.30747426,0.11645394,E,48085.0,E,E,2
25883580,66.0,LS,3.825182884455317,0.0766898603102227,0.0464393585761553,7.877936029246484,0.6871108710765839,E,0.989,0.0,0.0820865875430718,0.24194106,0.090229966,E,47168.0,E,E,2
28553336,61.0,ACF,11.146078166434563,0.4883256638168541,0.5311142828394307,236.9801024707249,0.0827904976904392,E,0.9659459717587892,0.04,0.1905646127291372,0.31371972,0.20116179,E,130085.0,E,E,2
28553336,62.0,LS,5.63393971365258,0.1413099855721537,0.141190603088333,4.373800731162191,0.097355879843235,E,0.982,0.04,0.1825051741760744,0.27875462,0.19118561,E,130093.0,E,E,2
29156420,59.0,ACF,3.682839790737489,0.6458767388835034,0.945900092942728,229.07487700941897,0.0787210557609796,E,0.9989852750245124,0.0,0.0341816033406122,0.0012776963,0.00034484995,E,54408.0,E,E,2
29945178,62.0,ACF,2.6574182273761835,0.4641848033938882,0.5450493164029402,199.7958000830174,0.1647454872727394,E,0.9808789930150924,0.0,0.0406067240072057,0.0013565584,0.00069696625,E,126398.0,E,E,2
29945178,62.0,LS,2.665987985638784,0.0131353244323342,0.0130659136744201,4.599663964825595,0.1647454872727394,E,0.9808789930150924,0.0,0.0392100157994679,0.0003466263,8.569967e-05,E,126396.0,E,E,2
29945178,63.0,ACF,1.3402542488584004,0.7243876674612605,1.1087341780162303,183.58354952337817,0.1382273249328136,E,0.999059804878123,0.0,0.067869909974133,0.032415204,0.028517818,E,126405.0,E,E,2
30104645,64.0,LS,5.382457526132109,0.1419737175383492,0.1278334160765382,3.3024706783799047,0.0118612870573997,E,0.985813645220054,0.02,0.1292616905588897,0.13926612,0.083088,E,29788.0,E,E,2
30104645,65.0,LS,4.082437542274348,0.0525352926223078,0.0509490907907014,4.775670944607555,0.0073366082506254,E,0.8648571428571429,0.08,0.2084368893498835,0.23547842,0.10723663,E,30110.0,E,E,2
30104645,66.0,LS,1.6768499616893768,0.0263308865712608,0.026306168912998,5.092376844957471,0.008439976372756,E,0.982589783292374,0.0,0.0899155955652392,0.07177332,0.032594964,E,30228.0,E,E,2
31804402,62.0,ACF,2.039363027263107,0.5588485429194304,0.8497502906826748,133.96271186217928,0.0425220746546983,E,0.998809440649122,0.0,0.0301126316617203,0.005287723,0.002305394,E,146280.0,E,E,2
31804402,62.0,LS,2.0353407302743918,0.1780866421869426,0.1776541240740862,4.114240974573477,0.0425220746546983,E,0.998809440649122,0.0,0.0423081294607493,0.01612557,0.014236318,E,146276.0,E,E,2
31804402,63.0,ACF,2.0370000469847582,0.7207874686955826,1.0520970782097274,145.28768908210532,0.0402469560503959,E,0.998809440649122,0.0,0.0150204870706892,0.0027178614,0.00051051815,E,146553.0,E,E,2
31804402,63.0,LS,2.0405619383091813,0.2449360456849937,0.2447902730414392,4.3618869930032815,0.0402469560503959,E,0.998809440649122,0.02,0.0815237777468733,0.010355299,0.0067367605,E,146551.0,E,E,2
33091633,33.0,LS,1.2537213918723369,0.054212936390822,0.0541824183736575,3.433049608476722,0.0208520516753196,E,0.9875768665589412,0.04,0.134146784705057,0.08602372,0.04962838,E,66152.0,E,E,2
34478136,66.0,LS,3.221210696002573,0.077843570143129,0.0685629066325619,8.530623110727902,0.0255289813503623,E,0.899,0.08,0.2036599998642942,0.2966783,0.13419151,E,108014.0,E,E,2
40444646,65.0,LS,5.156506312972079,0.1457923591620704,0.1236617626005808,7.314178592881944,0.0704376446083188,E,0.937,0.12,0.2585762897096328,0.6130841,0.27801093,E,61096.0,E,E,2
41770205,41.0,ACF,2.1874980493953444,0.1028547265096726,0.0185246885105805,1.7944345569006828,0.008216233109124,E,0.992,0.0,0.035012243004895,0.013118333,0.0034994218,E,123302.0,E,E,2
41770205,55.0,LS,1.9389699410567445,0.0122058686865873,0.0118220699003659,3.0179226546333666,0.0131059857085347,E,0.986,0.0,0.1073078333088453,0.082553424,0.040076125,E,123318.0,E,E,2
41770205,81.0,LS,3.025075467348304,0.0187542200760624,0.0186866991834367,3.7999389377073385,0.0162106135394424,ELL,0.976,0.12,0.2900445269264703,0.5383454,0.26393488,ELL,123506.0,ELL,E,2
41915025,54.0,LS,8.192416913272213,0.0178667548677439,0.0169754244733692,2.99512306359793,0.0129075022414326,E,0.908,0.0,0.0715955645961876,0.0249849,0.0054809665,E,128264.0,E,E,2
41915025,55.0,LS,7.986059460435679,0.0254650020198267,0.0238966215614953,3.079837436613161,0.0121087278239429,E,0.9271255943351184,0.0,0.0191090331526549,0.0009234537,0.00026972624,E,128258.0,E,E,2
41915025,75.0,LS,7.692919494945726,0.0205727107001983,0.0188699576288354,3.65431164774418,0.0140378077048808,E,0.9271255943351184,0.0,0.0033681154563857,8.947915e-05,2.6697038e-05,E,128268.0,E,E,2
42244951,14.0,ACF,4.27089217781031,0.4986043838231678,0.676911628746832,22.83189434103278,0.2020436339080333,E,0.9932542604710216,0.0,0.0086164377212152,0.0011902875,0.0003218885,E,128097.0,E,E,2
42244951,15.0,LS,4.251473811025464,0.0580092698156764,0.0571139199172969,3.579921761370315,0.1773755997419357,E,0.9899112426112846,0.04,0.1581033980528911,0.13076004,0.13891076,E,128081.0,E,E,2
42244951,41.0,LS,4.286527008159074,0.0338216925500495,0.0335956208029025,5.285505769339579,0.1718348264694214,E,0.9899112426112846,0.02,0.1112634415046576,0.09781992,0.12494113,E,128110.0,E,E,2
42244951,54.0,LS,4.369287928630153,0.0264818382215606,0.0262771911519213,5.245465588490333,0.1796775497496128,E,0.9929556213056424,0.12,0.2903432229701229,0.38781554,0.27997214,E,128140.0,E,E,2
42244951,55.0,LS,4.2425861376265335,0.038367938253353,0.0382263568505974,5.473053837526095,0.1730329170823097,E,0.9919602023659402,0.0,0.0213679975153152,0.013966548,0.0073884106,E,128124.0,E,E,2
42244951,75.0,ACF,4.284744296721783,0.6928775412705093,0.955808644531174,237.83705607058323,0.1715471968054771,E,0.9408317201643984,0.0,0.0219430241836144,0.008594675,0.0054342034,E,128155.0,E,E,2
42244951,81.0,LS,4.293657578892094,0.0362226845675425,0.036030934274455,4.571131767406769,0.1717500947415828,E,0.99098010118297,0.04,0.197435051422685,0.23893064,0.18661699,E,128163.0,E,E,2
42244951,82.0,ACF,4.280039808721085,0.8287270699561466,1.1329354941875958,223.75850764417805,0.1725473254919052,E,0.9408317201643984,0.0,0.019175282356702,0.0004050756,0.00020697688,E,128175.0,E,E,2
42614911,65.0,ACF,4.273208916017211,0.6773310579538442,0.9468485435708358,280.64655834446035,0.0630477303639054,E,0.9970063276560912,0.0,0.0243935171856138,0.00391486,0.0019208295,E,99528.0,E,E,2
43189114,66.0,ACF,2.004620635740139,0.7555738747086211,1.102196996469046,130.01183963066194,0.9379720687866212,E,0.9979210573962106,0.0,0.0006962944294404,3.893622e-06,8.3633626e-07,E,41930.0,E,E,2
45446943,44.0,LS,0.7260911301822275,0.0235182749648955,0.0234475923442453,4.034553247969598,0.0494071654975414,E,0.944,0.1,0.2578865805702719,0.27265495,0.19913173,E,42855.0,E,E,2
45446943,45.0,LS,2.186381333653255,0.0192498160853414,0.0188537193296077,3.635888623713981,0.0508246384561061,E,0.987057059696741,0.0,0.030631897238261,0.008823011,0.004841556,E,42887.0,E,E,2
45446943,71.0,ACF,4.356837559926134,0.4305539632037594,0.4978591625409515,70.19629609570939,0.0536327203735709,E,0.944,0.1,0.2824516243466006,0.40158063,0.271065,E,42909.0,E,E,2
45446943,72.0,LS,2.168100231387928,0.0216663211366973,0.0216515016404729,3.957134774216684,0.0563670834526419,E,0.9949965846994536,0.02,0.1292527001570627,0.087393984,0.080621146,E,42926.0,E,E,2
46053064,43.0,ACF,1.250123034697026,0.7910496545846238,1.0544685788232009,32.68310232043305,0.0731091341003775,E,0.9991089852059918,0.02,0.1378079474293115,0.090609714,0.12033957,E,17360.0,E,E,2
46053064,44.0,LS,2.5081729248680524,0.0178222935354576,0.0177064861290171,3.79929444681693,0.0744357099756598,E,0.9990077031547095,0.0,0.0066355149837604,9.5485884e-05,3.0846793e-05,E,17382.0,E,E,2
46053064,45.0,ACF,1.2500703550085746,0.7731120967060094,0.992866020979524,30.089140701764222,0.0722591299563646,E,0.9991089852059918,0.0,0.0427398208242212,0.023967603,0.012349477,E,17405.0,E,E,2
46053064,71.0,ACF,2.504836361737034,0.7349717413442487,0.927025961776322,91.6536963679057,0.0755589501932263,E,0.9979602023659402,0.0,0.0122448011428381,0.009715162,0.004415188,E,17420.0,E,E,2
46053064,72.0,ACF,2.5001215721022163,0.7346631439923497,0.9283240478371492,91.61163429227054,0.075969104655087,E,0.9990077031547095,0.0,0.0099345048464577,0.0016089416,0.000688467,E,17433.0,E,E,2
52179890,58.0,ACF,6.435151106115882,0.5297236531302193,0.6667663777129432,249.07842337923285,0.0089289189781993,E,0.984839880049404,0.0,0.0177105197855434,0.00059417885,0.00011987105,E,16454.0,E,E,2
52356561,78.0,LS,3.486432761238804,0.0425442229156845,0.0247664394404858,4.7627121612022165,0.0897961854934692,E,0.9989360946966436,0.0,0.0187953525051784,0.011655359,0.0062913233,E,34653.0,E,E,2
52855264,58.0,ACF,2.4884104947432206,0.8380728406281063,1.119468400302426,119.32799948148283,0.4744844138622284,E,0.993,0.12,0.2910672552292822,0.36001873,0.23942934,E,22361.0,E,E,2
52855264,78.0,ACF,2.4884372863539284,0.7459338811423133,1.0407326972103366,124.67338268444348,0.5373604968190193,E,0.9999504691609165,0.0,1.1102230246251563e-16,3.3100785e-06,1.1683119e-06,E,22376.0,E,E,2
55002425,58.0,LS,7.293481683604424,0.0840378636077091,0.0816301156019867,4.917943518761604,0.0659205298870801,E,0.9890976567250324,0.02,0.1325941155752484,0.17283143,0.12661925,E,29336.0,E,E,2
55003265,58.0,ACF,1.657403298322606,0.9292351578174308,1.3997929608570263,109.61709609810872,0.1558698248118162,E,0.9989585228268408,0.0,0.0001458068042422,8.129557e-06,3.5034147e-06,E,68416.0,E,E,2
55743567,61.0,LS,9.08645516191987,0.0103083072332599,0.0088897025428197,2.398630537245481,0.0296291871927678,ELL,0.9895,0.0,0.0843114606681677,0.16371973,0.09095259,ELL,20209.0,ELL,E,2
55743567,62.0,LS,5.708192793845445,0.2658195319567393,0.2644668409511233,3.758385335189814,0.0121083436533808,CEP,0.42,0.08,0.0934184221660802,0.20621936,0.112882406,CEP,20214.0,Unconstrained,E,2
55743567,63.0,LS,3.203123605249063,0.0160992508458675,0.015794932152445,4.238883273847023,0.0099253817461431,E,0.9784047203245608,0.06,0.1543795793435097,0.13799524,0.09738148,E,20223.0,E,E,2
55743567,65.0,LS,9.281710880395922,0.028136452680187,0.0200249065213005,3.8701061499741622,0.0071362958988174,ELL,0.998,0.02,0.125055170224985,0.21314916,0.118047826,ELL,20306.0,ELL,E,2
55743567,66.0,LS,3.446858263120842,0.133497174585902,0.1141474067565893,4.163936280165217,0.0108868454117327,E,0.962,0.04,0.171048084278764,0.20689537,0.12678646,E,20616.0,E,E,2
55743567,67.0,ACF,0.701395713540478,0.118645156115296,0.0283319054484465,1.681905467330239,0.006278830114752,E,0.914,0.02,0.204712026109108,0.23875844,0.14228556,E,20432.0,E,E,2
55743567,69.0,LS,5.177147262253507,0.045743392554038,0.0431338073361707,6.391380521130486,0.0219627050682902,E,0.992,0.06,0.1763740356462024,0.20082258,0.16240205,E,20466.0,E,E,2
56023695,7.0,LS,5.307957843018636,0.0309726306345629,0.0142063927250037,2.0359458813150013,0.5671319365501404,E,0.998,0.02,0.0827849648184983,0.20570728,0.11362403,E,37244.0,E,E,2
60433558,13.0,LS,5.273354809994543,0.123017196422866,0.1213069647093471,4.511485962552342,0.2833512425422668,E,0.996,0.06,0.1537934680398243,0.22040689,0.13769561,E,49813.0,E,E,2
60433558,66.0,LS,5.427826083225683,0.094006547367318,0.0921537908515357,3.247952704135969,0.3073988296091556,E,0.9999559339857386,0.02,0.1402556486356817,0.10908309,0.13963488,E,49903.0,E,E,2
63970987,56.0,ACF,1.490766291932232,0.8818959034803706,1.7143214953714898,155.74836523425267,0.1338200736790895,E,0.9918557994367614,0.02,0.1440767328428916,0.14855257,0.105465114,E,91893.0,E,E,2
63970987,57.0,ACF,1.4907243202105749,0.8694770741133631,1.6356770334070745,151.44438626334727,0.145246023312211,E,0.9818557994367614,0.06,0.2119835098970421,0.21638495,0.108218506,E,91799.0,E,E,2
63970987,76.0,ACF,1.490707029330224,0.9166069433240444,1.754289211000979,152.32523912106092,0.1328580547124147,E,0.999097256666109,0.0,0.0837312612237732,0.04522598,0.011226609,E,91806.0,E,E,2
63970987,77.0,ACF,0.7430557966936249,0.9045378636635704,1.6727687431902774,150.64964895016192,0.1323626283556223,CEP,0.49,0.0,0.0089736503163428,0.011690369,0.003583706,CEP,91958.0,Unconstrained,E,2
63970987,77.0,LS,0.746309529063437,0.9513601320728832,0.951359262149261,3.69625527768585,0.1323626283556223,CEP,0.495,0.0,0.1578157102445761,0.008661506,0.0037610664,CEP,91955.0,Unconstrained,E,2
63970987,83.0,ACF,1.4907602883577056,0.91144715875745,1.7362827352849317,151.38795144967162,0.1370497234165668,E,0.9905548206412564,0.04,0.1731851892940182,0.15986843,0.07915915,E,91967.0,E,E,2
63970987,84.0,ACF,1.4930393887607352,0.8868404685212598,1.6875490951731549,151.74630785465,0.1484537683427333,E,0.9990823761558014,0.0,0.0927557040686046,0.04411462,0.031050587,E,91814.0,E,E,2
72187166,59.0,ACF,3.0555086716958613,0.7202462427848555,0.9147010106648372,115.70435316230964,0.075638024136424,E,0.9890077031547096,0.0,0.0023079749624985,1.0515855e-05,3.8426833e-06,E,5132.0,E,E,2
72187166,59.0,LS,3.104121655112919,0.0391321151023322,0.03894298215801,5.922004701333208,0.075638024136424,E,0.9890077031547096,0.04,0.1880031937494375,0.14891462,0.16448651,E,5129.0,E,E,2
73904498,71.0,LS,3.886554494103413,0.0161025518148525,0.0145968871416641,12.07675934638246,0.025263715069741,E,0.988813645220054,0.0,0.0990284262469615,0.12291187,0.05435103,E,42069.0,E,E,2
77709231,71.0,LS,4.310848457403476,0.0243201107167068,0.0212544034172367,4.238266636275512,0.2273963019251823,E,0.9974306765273856,0.0,0.0538243986440877,0.051144984,0.03488303,E,28915.0,E,E,2
81821733,58.0,ACF,4.9352662700621295,0.8205363732278703,0.934763840103314,105.64605966651015,0.1897348277270794,E,0.996,0.02,0.1586272279673378,0.18561332,0.15486123,E,3627.0,E,E,2
81821733,59.0,LS,4.901759997783302,0.149780069758784,0.1493660032159857,4.130408030054241,0.1853074319660663,E,0.988,0.12,0.3001077786486201,0.44560638,0.30380368,E,2368.0,E,E,2
83138543,57.0,LS,3.059050981189217,0.8294624151362887,0.8279471470677081,4.237343103170133,0.1698298938572406,CEP,0.503,0.12,0.1414521035545247,0.5126083,0.24978305,CEP,51398.0,Unconstrained,E,2
83138543,58.0,LS,3.0714615517892736,0.8562490591822369,0.8562257030184073,4.347875071955059,0.1484865136444568,CEP,0.522,0.0,0.0134982072883772,0.039259784,0.01708317,CEP,51404.0,Unconstrained,E,2
83138543,77.0,LS,3.050059131847112,0.8707586736533397,0.8705355256392838,3.673850026392756,0.146209467202425,CEP,0.52,0.0,0.0899661180667477,0.026950462,0.01857367,CEP,51411.0,Unconstrained,E,2
83138543,78.0,LS,5.900174555456838,0.0191816035030772,0.0176437977589801,2.521447619103128,0.1421415340155363,E,0.9689167986047924,0.0,0.0442263560580113,0.008015542,0.0019686976,E,51418.0,E,E,2
83138543,84.0,LS,3.065251036388786,0.861307608971274,0.8611776492523245,4.23632728483426,0.1433560438454151,CEP,0.518,0.0,0.0386802275070868,0.056669645,0.024906943,CEP,51422.0,Unconstrained,E,2
83624907,57.0,ACF,1.9375279624796349,0.8378433013660203,1.538540515819327,188.6208999342656,0.3898428380489349,E,0.9999646194943984,0.0,0.0118321585700699,0.013247604,0.0059410413,E,44185.0,E,E,2
83624907,58.0,ACF,1.9351570298567824,0.8512760699318282,1.5879185783549516,191.6270435010401,0.3678885474801063,E,0.9999646194943984,0.0,0.0295071048453703,0.04317155,0.02158925,E,44193.0,E,E,2
83624907,77.0,ACF,1.930508413597636,0.7509342320717747,1.3235744744994502,189.27852501780671,0.3637205436825752,E,0.9999701786272536,0.0,0.0142243796422414,0.030064305,0.0129218055,E,44201.0,E,E,2
83624907,78.0,LS,0.970915512343679,0.869146893648223,0.8691439161884373,4.61777461879683,0.3727063536643982,CEP,0.51,0.04,0.0529286311933343,0.10964456,0.08163133,CEP,44205.0,Unconstrained,E,2
83624907,84.0,ACF,1.9352103622150023,0.8556330098967525,1.564459548020475,186.57550649949,0.4105272516608238,E,0.9999646194943984,0.0,1.3414115076062697e-05,0.0038584417,0.000712968,E,44214.0,E,E,2
84342714,59.0,ACF,2.6990511201438494,0.7920914121438283,1.2212057092939843,185.96893490603065,0.2041972987353801,E,0.9988341826433482,0.0,8.695652173917878e-06,1.6393982e-06,3.870173e-07,E,14056.0,E,E,2
84342714,73.0,ACF,2.6851315624844574,0.6097289751786283,0.9406663530361808,200.79097634782443,0.2305539883673191,E,0.9989194653730408,0.0,8.695652173917878e-06,9.732174e-06,4.155329e-06,E,14066.0,E,E,2
84342714,73.0,LS,2.7394565618746283,0.0160740767558398,0.0150819246441241,3.899067592421488,0.2305539883673191,E,0.9989194653730408,0.0,0.0011534783298443,0.0003147839,0.00011970329,E,14064.0,E,E,2
84342725,19.0,ACF,2.708313430483713,0.7399957639464545,1.1906621123932706,22.25779397727496,0.3767583519220352,E,0.999966729323518,0.0,0.0,2.0460116e-07,2.9200192e-08,E,25554.0,E,E,2
84342725,59.0,ACF,2.6990511201438494,0.8004959949269164,1.2301022958512269,185.47520148595163,0.3552647680044174,E,0.999966729323518,0.0,3.3507333614979382e-06,8.825358e-06,1.4192416e-06,E,25562.0,E,E,2
84342725,73.0,ACF,2.6874463305448444,0.6098021687897494,0.9307745786366168,197.42248728327127,0.3176555037498474,E,0.9999390673303388,0.0,1.1102230246251563e-16,2.9191203e-06,5.036504e-07,E,25572.0,E,E,2
84342725,73.0,LS,2.684435939296192,0.0138166891379875,0.0132513020488289,4.054425679209089,0.3176555037498474,E,0.9999390673303388,0.0,0.0007173414107101,0.0004321658,8.5560794e-05,E,25570.0,E,E,2
86299451,54.0,LS,2.259962921172216,0.0843919207468957,0.0843364592836625,4.454343208095452,0.1323577016592025,E,0.9989810941045192,0.0,0.0585348500915095,0.034011427,0.033499222,E,114180.0,E,E,2
86299451,81.0,LS,2.25577338441538,0.1114392722413725,0.1113796296348551,4.177709026069351,0.1257404498755931,E,0.9989585228268408,0.0,0.0046189194176022,0.0057658935,0.0014433701,E,114190.0,E,E,2
87014767,65.0,LS,5.568617789269686,0.1309112704899665,0.1291618440356296,4.438386255606019,0.3212452679872513,E,0.99,0.06,0.2031017273369014,0.32308587,0.2028576,E,80060.0,E,E,2
87926550,41.0,LS,4.0267045515630535,0.0346985791563864,0.0207559826856195,4.536288693640017,1.144898161292076,ELL,0.637,0.04,0.1031124900290939,0.38293704,0.1033647,ELL,109563.0,Unconstrained,E,2
87926550,54.0,LS,1.927105169634228,0.0146465714683862,0.0050020782720147,1.7237056605008547,1.0150030255317688,E,0.9225646389872332,0.06,0.1677092840392302,0.19057865,0.07891379,E,109579.0,E,E,2
87926550,55.0,ACF,3.909642266769879,0.5669970742206496,0.9709061911591372,62.77384891384668,1.0672622174024582,E,0.975,0.0,0.0583752606612623,0.09213022,0.026807783,E,109262.0,E,E,2
87926550,74.0,ACF,1.9583011225513476,0.6019581057876741,1.073713879640211,165.4845738230439,0.8292819559574127,E,0.9622424242424242,0.0,0.0773490433975707,0.15400079,0.049237728,E,109274.0,E,E,2
87926550,75.0,ACF,1.9560478760695328,0.6786120714179837,1.26284793679447,178.08838676098264,0.726170688867569,E,0.9939887775403844,0.0,0.0314496249515726,0.04690771,0.025295118,E,109398.0,E,E,2
87926550,81.0,ACF,1.951391516355216,0.6098759308915785,1.071083809190413,170.1202799466589,0.6174876540899277,E,0.946,0.02,0.14455039240839,0.20193888,0.14704244,E,109287.0,E,E,2
89593348,65.0,ACF,6.048748233253718,0.7339987096573437,0.850104367231673,165.41918136910454,0.1492543052881956,E,0.9700180192575676,0.0,0.0174513759322788,0.0021599159,0.0009007813,E,60791.0,E,E,2
89593546,65.0,LS,3.569924046318168,0.0183166258134327,0.0179251870876693,10.36216850069104,0.0130376976449042,E,0.986813645220054,0.04,0.1717293916095264,0.15614292,0.122108124,E,82946.0,E,E,2
89761288,14.0,LS,3.2672987330539747,0.5085895703827152,0.499405727850424,4.8317987027003255,1.109011024236679,CEP,0.504,0.12,0.14621236062659,0.8903345,0.24687724,CEP,134382.0,Unconstrained,E,2
89761288,15.0,LS,6.371407665082342,0.1526307350566918,0.1509856750691802,3.946856081353872,0.7390216737985611,E,0.9999869833018508,0.0,0.0251261837711972,0.057384953,0.025040168,E,134626.0,E,E,2
89761288,74.0,LS,3.255914935528536,0.8658922825699331,0.8657588441395827,4.441169081339467,0.7288271933794022,CEP,0.472,0.0,0.0157149101174648,0.036795735,0.027797442,CEP,134668.0,Unconstrained,E,2
89761288,75.0,LS,6.293705494896771,0.0160184404907734,0.0124906600104474,6.530307953958982,0.8554508537054062,E,0.9999584525944136,0.0,0.0662906506782209,0.054003935,0.029948823,E,134676.0,E,E,2
89761288,81.0,LS,3.246419164002797,0.8473501620051289,0.8452523889799252,4.313425558011659,0.7109736651182175,CEP,0.474,0.0,0.006681317235396,0.022002466,0.017505962,CEP,134683.0,Unconstrained,E,2
89761288,82.0,LS,3.2308525501927634,0.8500817154699356,0.8500104568731017,4.499623322881234,0.7181303203105927,CEP,0.474,0.06,0.0780681138493815,0.25883064,0.15739912,CEP,134690.0,Unconstrained,E,2
90345844,41.0,LS,3.796631846393213,0.0208326826257045,0.0038056872436444,1.1562556521530496,0.0134568230714648,E,0.9755812147661824,0.04,0.1519659316290346,0.16114792,0.07406284,E,139018.0,E,E,2
90345844,55.0,LS,4.525415571757319,0.2800711057636735,0.277926317206756,3.5168680346687324,0.0158938276581466,CEP,0.479,0.06,0.0680461608027962,0.60340214,0.31978562,CEP,139034.0,Unconstrained,E,2
90345844,82.0,LS,7.602687870695691,0.0788951170984207,0.076770939257842,4.368712374558527,0.0434268871322274,E,0.9316208324303564,0.02,0.1075105271977986,0.12140276,0.1267901,E,139097.0,E,E,2
93112826,8.0,LS,2.231891828032742,0.0353767540085655,0.0342117686198981,3.8163274502157942,0.0143764668609946,E,0.9959126702836548,0.0,0.0784858274366333,0.022244288,0.0058670253,E,111385.0,E,E,2
93112826,62.0,LS,8.353418599470082,0.0435604297077603,0.0354589218394553,4.174848388876853,0.0157236645463854,ELL,1.0,0.0,0.0852869515224925,0.18533102,0.07666103,ELL,111394.0,ELL,E,2
93112826,63.0,ACF,2.2360756791531458,0.4743150322581401,0.9588890848992672,171.35003550713122,0.0135902757756412,E,0.996809440649122,0.02,0.0756028810720844,0.007156723,0.0040929485,E,111639.0,E,E,2
93427662,81.0,LS,1.584530694272963,0.0241686362998045,0.0240593527057276,4.625956266085268,0.0044189198524691,E,0.963,0.04,0.1872738878378567,0.2586404,0.10405068,E,19189.0,E,E,2
93809989,81.0,LS,2.609810757206452,0.0414886859988091,0.0377735866994122,7.192979186558659,0.0459100306034088,E,0.9904668249665468,0.0,0.1274453035701031,0.0681162,0.025963223,E,73659.0,E,E,2
101080626,66.0,LS,1.5765673967783902,0.0362250576593485,0.0343960130025223,4.404120068629709,0.0458188354969024,E,0.845,0.08,0.2447447261137428,0.37381756,0.1875574,E,38364.0,E,E,2
101706896,54.0,ACF,1.624978329134592,0.8432744143515648,1.51006762393052,51.9244358002361,0.2044834941625595,E,0.998772070842106,0.0,0.0082205080524564,0.0011894647,0.0002703902,E,6145.0,E,E,2
101706896,54.0,LS,1.6181952288512915,0.0511352692819644,0.0510661507013251,4.444198779490762,0.2044834941625595,E,0.998772070842106,0.0,0.0031542745346341,0.00067378365,0.000235959,E,6143.0,E,E,2
101706896,80.0,ACF,1.6203767769184196,0.7316254031908657,1.2575878407062735,153.29439893330334,0.1715015433728695,E,0.9988080883120704,0.0,0.0378996244410678,0.0013933887,0.00021918966,E,6379.0,E,E,2
102864203,82.0,LS,2.2674521531920973,0.0174881611617345,0.0173115076513642,5.195993656710925,0.1937075518071651,E,0.9987129013082738,0.0,0.0167994850754672,0.0038959712,0.0006970417,E,114642.0,E,E,2
104909955,41.0,LS,5.315277900522415,0.0372069655923279,0.030610814497952,3.6016461843064462,0.010110946604982,E,0.708,0.08,0.174715224293706,0.6783989,0.21236068,E,137698.0,Unconstrained,E,2
104909955,54.0,ACF,2.5833829835210054,0.6053528625137401,0.8652466088236728,31.274467454866112,0.0157750735525041,E,0.996809440649122,0.0,0.0194756584738512,0.004149666,0.00084818486,E,137749.0,E,E,2
104909955,74.0,ACF,2.5879120657382373,0.3010935555073071,0.4131510602244022,68.71603825747343,0.0097211851971223,E,0.9876207330630586,0.04,0.1507526887382037,0.096175745,0.055160154,E,137764.0,E,E,2
104909955,81.0,LS,1.7286107803848698,0.0109678913265339,0.0105050159146705,12.729611331524213,0.0113147438969463,E,0.994809440649122,0.0,0.0959986459613022,0.020617127,0.011991442,E,137793.0,E,E,2
105410678,81.0,LS,3.8029403811486073,0.1544166346909757,0.1524482776710802,5.01739306055606,0.0545656215399503,E,0.898,0.04,0.1812570812937167,0.3878737,0.1860518,E,113910.0,E,E,2
106347848,61.0,ACF,1.2823850138320267,0.7135750923755241,1.3035070717230373,123.96633949759575,0.5675055459141731,E,0.999967418268522,0.02,0.0834100526786457,0.06336304,0.07150116,E,73788.0,E,E,2
106407886,61.0,ACF,2.486068197927125,0.7524159258803649,1.2462924977554857,236.9911292498581,0.085055474191904,E,0.9989585228268408,0.0,0.0073064724854284,0.0010482578,0.0002754703,E,107692.0,E,E,2
106407886,61.0,LS,2.4692507688262464,0.1374241080516509,0.1370083828991477,4.354935506191396,0.085055474191904,E,0.9989585228268408,0.0,0.0442034801444171,0.0041514337,0.0011683508,E,107690.0,E,E,2
108882149,80.0,LS,10.170820524795614,0.1013707155038919,0.0527396025990288,6.353932350044488,0.0841920170933008,E,0.9751165365891374,0.0,0.0456630639593947,0.045420192,0.027350776,E,18789.0,E,E,2
110625688,66.0,ACF,3.1018853587647754,0.7774474408977059,1.0464669024212063,128.69304256375403,0.2106337994337082,E,0.9788341826433484,0.0,0.0015866742458267,4.3033097e-06,9.903702e-07,E,99659.0,E,E,2
110625688,66.0,LS,3.1221253900467314,0.0371989218537844,0.0370613698972612,5.058657360987127,0.2106337994337082,E,0.9788341826433484,0.0,0.0083392305884437,0.00063824205,0.00028192438,E,99657.0,E,E,2
112813433,80.0,LS,1.7629451927954818,0.0158496202770796,0.0081779552665602,10.222652541258867,0.0240935222245752,E,0.988,0.04,0.1495909917984634,0.09920174,0.06985106,E,41201.0,E,E,2
112844696,61.0,LS,4.016167229540693,0.028728113031794,0.007189178335972,3.861245686122857,0.0896288733929395,E,0.998,0.04,0.1468822406825199,0.15919738,0.11603257,E,81519.0,E,E,2
114233889,80.0,LS,1.7629463476354736,0.0516376614356423,0.0504780656632793,4.702284145674639,0.1488105580210685,E,0.996,0.04,0.1663177903004861,0.13696457,0.1072965,E,19723.0,E,E,2
114294514,61.0,LS,2.5622896878170898,0.0195834435779229,0.0126149481969163,3.808359974820633,0.0310282944701612,E,0.994,0.0,0.0626175991154669,0.033669088,0.017399482,E,67571.0,E,E,2
114970688,80.0,ACF,4.013833701059411,0.5353999118665088,0.7254864265639069,232.4290482482386,0.1149796694517135,E,0.998,0.0,0.014216777494152,0.036913343,0.016232261,E,33560.0,E,E,2
114970688,80.0,LS,4.006697080558641,0.0950991975056551,0.094455206746763,4.414040539959387,0.1149796694517135,E,0.998,0.0,0.0693467823485912,0.06938021,0.05349991,E,33558.0,E,E,2
115095510,80.0,LS,4.131907136086921,0.3066949867546219,0.3034283789237724,4.144216297889216,0.0368435075506567,E,0.9987870125189248,0.02,0.0987196404798031,0.010289767,0.0081871925,E,38945.0,E,E,2
115559331,43.0,ACF,1.8543430216136585,0.7807116639451466,1.0422261012421206,24.383606130028824,0.1233306992799043,E,0.9989585228268408,0.0,0.002511150435952,0.00038721602,0.0001348438,E,16475.0,E,E,2
115559331,44.0,ACF,1.8543110062360029,0.8203986630663467,1.081319382236868,23.82417208929797,0.1277776528149843,E,0.9989585228268408,0.0,0.0105813968230783,0.003869928,0.0018933008,E,16498.0,E,E,2
115559331,44.0,LS,1.8639257714110908,0.0253573453228519,0.0253517264764986,4.609106198977315,0.1277776528149843,E,0.9989585228268408,0.0,0.0054449680459062,0.0054853377,0.0018530628,E,16496.0,E,E,2
115559331,45.0,ACF,1.8542469062119835,0.8298498676752788,1.0835795290028951,23.42820660766631,0.1263995002955198,E,0.9989585228268408,0.0,0.0257830747520227,0.011260832,0.008180348,E,16521.0,E,E,2
115559331,59.0,ACF,1.851870748214424,0.831964373997063,1.1002881915518148,71.09361874268552,0.1295113656669855,E,0.9989585228268408,0.0,0.005478795618798,0.0006387774,0.00031109387,E,16539.0,E,E,2
115559331,59.0,LS,1.8624245194334816,0.023633578625782,0.0236284272633122,4.250813201946585,0.1295113656669855,E,0.9989585228268408,0.02,0.1339474046490423,0.080888405,0.07966073,E,16537.0,E,E,2
115559331,71.0,ACF,1.851985704706749,0.784416833766075,1.0311604179690812,71.86442914532063,0.1337078213691711,E,0.9989585228268408,0.0,0.0065287933838759,0.00389316,0.0020432633,E,16560.0,E,E,2
115559331,72.0,ACF,1.8519173183449311,0.7874691811636987,1.012196434998912,69.46872708203068,0.1299179531633854,E,0.997,0.0,0.0073028762637677,0.0042565134,0.0019783825,E,16579.0,E,E,2
115559331,73.0,ACF,1.849525774099675,0.6988989641831017,0.8701365441897816,66.88013503158334,0.1383332908153534,E,0.9989585228268408,0.0,0.0353518263660767,0.02056396,0.015357476,E,16600.0,E,E,2
115559331,73.0,LS,1.8388388420121613,0.0356318018504352,0.0356048984972111,4.240760081043845,0.1383332908153534,E,0.9989585228268408,0.0,0.0049326217503138,0.0016295387,0.0008616754,E,16598.0,E,E,2
116066367,71.0,ACF,1.4862195740761308,0.801987888384458,1.0967910580122664,77.34703664249673,0.2120447903871536,E,0.984,0.08,0.2540924509702421,0.2683969,0.22253068,E,49739.0,E,E,2
116066367,73.0,ACF,1.486103257693685,0.765540125861811,1.002693016738359,76.5958569082851,0.2177745103836059,E,0.986,0.1,0.2574948477100601,0.26920912,0.20648357,E,49889.0,E,E,2
116069741,73.0,LS,3.3558841880361,0.0115800511015935,0.0071053830907978,3.844074880940752,0.0127348233945667,E,0.981,0.06,0.1726242607190531,0.09212686,0.04922588,E,48185.0,E,E,2
116995588,59.0,ACF,2.951427911898463,0.7846542244770315,1.1643360783650758,110.399531383679,0.5546984449028969,E,0.978,0.08,0.2416470669405801,0.33259135,0.21188177,E,20163.0,E,E,2
116995588,71.0,ACF,2.951608450916865,0.6775752876156512,1.0030173243325176,109.51986757923872,0.5609666928648949,E,0.994,0.08,0.2331351383967822,0.28381267,0.18937056,E,20175.0,E,E,2
116995588,72.0,ACF,2.949187227672155,0.6549073606898053,0.979021524253546,107.72966002185832,0.5508114024996758,E,0.9999931693989071,0.0,0.0351509828183412,0.059695333,0.025969444,E,20187.0,E,E,2
116995588,73.0,ACF,1.476847612468191,0.7797499558295017,1.083050270137146,104.01710786644684,0.580107606947422,E,0.9999621132287344,0.0,0.0240447343965943,0.03193123,0.022374261,E,20197.0,E,E,2
116995588,73.0,LS,1.474989851778602,0.1398137706903817,0.1397698648823855,4.515908148150629,0.580107606947422,E,0.9999621132287344,0.0,0.0006149876956339,0.0005187822,0.00013866334,E,20195.0,E,E,2
122754599,66.0,LS,1.4305462259708563,0.0240884202859033,0.0191392668383212,4.038762335298088,0.0179544650018215,E,0.9479965846994536,0.04,0.1495817245415231,0.1765549,0.073895626,E,50035.0,E,E,2
125504310,33.0,LS,1.388533071118825,0.0227915272084189,0.0225946057156238,4.3203327128976525,0.0548235792666673,E,0.9990008066502736,0.02,0.1217848244233689,0.032998905,0.023730038,E,27384.0,E,E,2
127586563,43.0,LS,6.075220825199948,0.7335675767640683,0.7310329575498741,4.500311784408041,0.0138824328314512,CEP,0.422,0.0,0.0595175805959886,0.0266766,0.010323934,CEP,17961.0,Unconstrained,E,2
127586563,44.0,LS,4.488502400564879,0.3963301435809139,0.394517794365199,3.7091348615158495,0.0123508658725768,CEP,0.47,0.02,0.0712599859668804,0.9013232,0.31333548,CEP,17967.0,Unconstrained,E,2
127586563,45.0,LS,3.1473827222482247,0.1623584580773731,0.1549440143042838,4.125769136710005,0.0097689020913094,CEP,0.467,0.02,0.0687963254832698,0.88372886,0.3966953,CEP,17976.0,Unconstrained,E,2
127586563,59.0,LS,1.2416105618627395,0.0111047405585463,0.0048764979613268,4.5018906757941295,0.0355621124617755,E,0.985813645220054,0.06,0.2241137387283783,0.20612139,0.1500642,E,17986.0,E,E,2
127586563,73.0,LS,6.101573093658213,0.4770144096370602,0.4508448529511647,4.375856652113725,0.0165629992261528,CEP,0.422,0.0,0.0006881860213634,8.974642e-07,2.1786292e-07,CEP,18085.0,Unconstrained,E,2
127722285,71.0,LS,2.155409201604112,0.071237245084139,0.071023589149788,5.525765496589884,0.0557687366381287,E,0.9954973813471149,0.0,0.015320997300943,0.0073092347,0.0058798734,E,33771.0,E,E,2
127977898,61.0,ACF,2.699061963458007,0.7068226087267028,0.9538729691679568,128.90754524430508,0.4598825052380562,E,0.999966729323518,0.0,0.0023902283763775,0.00018451919,6.917264e-05,E,57133.0,E,E,2
128714045,56.0,ACF,2.5092782908868685,0.8587019617263724,1.2875788466321731,171.1601929364149,0.0293543399311602,E,0.998809440649122,0.0,0.0016825378798144,0.00019282261,6.9329195e-05,E,130788.0,E,E,2
128714045,83.0,ACF,2.509264652546335,0.8651556521549886,1.3018935957604592,166.0273934010935,0.0308349495753645,E,0.998809440649122,0.0,0.0018388933596454,3.2172808e-05,9.26112e-06,E,130795.0,E,E,2
130348163,61.0,LS,4.3096889590348,0.0252356360810756,0.0251114130070095,4.174984193439741,0.0738189369440078,E,0.9970328940721316,0.02,0.1551476426980593,0.15022823,0.15197237,E,64640.0,E,E,2
133043643,36.0,ACF,5.1319416295455085,0.5389330353800539,0.6614968328476891,32.28935515112016,0.034831475932151,E,0.9967870125189248,0.0,0.0312162603186234,0.002220446,0.00097031944,E,144835.0,E,E,2
133043643,62.0,ACF,5.127424396148399,0.4864136671927367,0.7037693224278907,137.889027806385,0.0331372674554586,E,0.9967870125189248,0.0,0.0215639437281156,0.0004951705,0.00011179998,E,144853.0,E,E,2
133043643,63.0,ACF,5.129608199378708,0.6569342956781884,0.8394258686316017,107.97164363430193,0.0330812763422727,E,0.9967870125189248,0.0,0.002679232727744,2.8533788e-05,9.004603e-06,E,144869.0,E,E,2
133053891,63.0,ACF,2.196756490368898,0.3925398938571369,0.5989439953329784,124.65811957796312,0.0795164611190557,E,0.996,0.06,0.1762845679121501,0.17500544,0.09116405,E,145493.0,E,E,2
137049602,55.0,LS,1.3442190961414449,0.0231368371128742,0.0226091520297326,5.072292472241315,0.1233331207185983,E,0.9975775214866804,0.02,0.1731646892985038,0.17459333,0.14929077,E,131674.0,E,E,2
137049602,56.0,LS,1.2227810699585002,0.0370126823985151,0.0367825493066222,4.600342685396754,0.1248967554420232,E,0.998,0.0,0.0185035032129705,0.025343565,0.01140926,E,131699.0,E,E,2
137049602,76.0,LS,2.115350190638486,0.0473962323345693,0.0472854146717326,4.51235735130831,0.1204102858901023,E,0.9989585228268408,0.0,0.0023095926555743,0.00313794,0.0013275632,E,131723.0,E,E,2
137049602,83.0,LS,1.4667611797304372,0.0217083571166585,0.0215439746632418,4.304493478844961,0.1199368480592966,E,0.998,0.02,0.0754692984972274,0.050449323,0.04008995,E,131772.0,E,E,2
137276004,83.0,LS,7.79142665155817,0.0149672678076332,0.0140241201621679,3.103129534618347,0.0809855200350284,E,0.9950766040934536,0.04,0.1734150235536521,0.17276686,0.1786602,E,69687.0,E,E,2
138465692,15.0,LS,4.329894901317365,0.0472974979712472,0.017007853659626,4.613370059599674,0.5839138850569725,E,0.9999785132689828,0.0,0.0252758320123922,0.050481737,0.011644622,E,72762.0,E,E,2
138465692,16.0,LS,9.652612963297146,0.1260569885055787,0.0278969854535045,2.8088514018195383,0.6189773976802826,E,0.998,0.0,0.0111743399958931,0.04032493,0.0190253,E,72758.0,E,E,2
138465692,75.0,LS,1.4423880839311682,0.0178689112057406,0.0020413531804761,2.519020855987037,0.6669655442237854,E,0.981,0.12,0.2877332496464878,0.35458106,0.21138804,E,72774.0,E,E,2
139662607,61.0,ACF,0.4351780674151086,0.1081086693160851,0.0160825604860632,1.6871067511712283,0.013480600900948,E,0.922,0.12,0.2299137769859835,0.21956262,0.117060594,E,75402.0,E,E,2
139783833,61.0,LS,6.077440037970065,0.125905618155032,0.1254678490638321,4.615478696388891,0.3056415170431137,E,0.9998559655987118,0.0,0.0258359154773708,0.01449714,0.009785051,E,76179.0,E,E,2
140924364,61.0,LS,4.019366598395512,0.0892205077197262,0.0856234839761156,4.827705303410767,0.0361623102799057,E,0.9883935062594624,0.02,0.118278661055755,0.08734572,0.078969195,E,139334.0,E,E,2
140924364,62.0,LS,2.30366446215772,0.1032766510974913,0.1025256804281624,3.518392138677882,0.0327324541285634,E,0.883875,0.1,0.2196371914139876,0.3461674,0.19782557,E,139291.0,E,E,2
141190019,62.0,LS,6.560651920668101,0.0233770901736719,0.0217863426413269,4.2236806963483104,0.014953768113628,E,0.984839880049404,0.0,0.0150289291056736,0.0030567818,0.0007656958,E,137633.0,E,E,2
141497301,62.0,ACF,2.812497588770384,0.788814248993075,1.4261216529229412,277.0942262662659,0.4632433503866195,E,0.999966729323518,0.0,0.0123202036306836,0.00083252846,0.0002509242,E,139970.0,E,E,2
141497301,62.0,LS,2.838538863193364,0.0569722197207775,0.0568984589035918,4.575969997211359,0.4632433503866195,E,0.999966729323518,0.0,7.3743083757056575e-06,0.00215001,0.00064934575,E,139968.0,E,E,2
141497319,61.0,ACF,2.8079275302125097,0.7313780165340136,1.2856017229135293,270.9095303027491,0.1346239261329174,E,0.9989585228268408,0.0,0.0059145451487941,0.0018925404,0.0008756142,E,139464.0,E,E,2
141497319,61.0,LS,2.809865060345928,0.0569552379292652,0.0568666775553262,3.729436631012504,0.1346239261329174,E,0.9989585228268408,0.0,0.0477403394622787,0.01406315,0.0134000415,E,139462.0,E,E,2
141497319,62.0,ACF,2.810182211179381,0.816872692560052,1.4564186662899312,272.90102579481913,0.1217089220881462,E,0.9989585228268408,0.0,0.0313587659560304,0.00037086336,9.499341e-05,E,139205.0,E,E,2
141605929,29.0,ACF,0.7083266656363776,0.1046141131618724,0.0400704362878538,1.844672270960558,0.0128161790780723,E,0.906,0.08,0.1971107059152154,0.23146182,0.10425844,E,83071.0,E,E,2
141639929,61.0,LS,1.888240125840036,0.0143503758017429,0.0141084684920064,3.651649604424165,0.0146218028385192,E,0.9908301287365374,0.04,0.1610855690256692,0.14255877,0.105396874,E,140796.0,E,E,2
145691126,61.0,LS,10.965973143536925,0.0594160475991271,0.0090383218257827,1.025597065257898,0.0388501910492777,E,0.807,0.02,0.0959084312654509,0.30833486,0.15048514,E,65652.0,E,E,2
148660950,61.0,ACF,2.2476728387023286,0.7676750394958843,1.3878761313099757,212.64048355489035,0.2754757553339004,E,0.998897358758857,0.0,0.0164860462276102,0.00063107756,0.000109592576,E,67749.0,E,E,2
150222154,61.0,ACF,4.4745300126701295,0.5262429534347044,0.7171080676202164,176.749274297415,0.0719183078035712,E,0.9969852750245124,0.0,0.025025449839998,0.0022197713,0.0011431378,E,65638.0,E,E,2
152646284,66.0,ACF,2.1805558609530635,0.5201222583286695,0.7745862202189349,147.62632513386131,0.0321706873364746,E,0.998809440649122,0.0,0.0154273939366906,5.6097182e-05,1.5551404e-05,E,11049.0,E,E,2
154396746,66.0,ACF,2.8611097851517115,0.6866085282243064,0.8397298800463505,94.96995978921107,0.171363390982151,E,0.9930699099161556,0.0,0.0097730306637627,0.011871468,0.009045701,E,27983.0,E,E,2
155286121,66.0,ACF,2.0115784027966583,0.7630923442792633,1.0026504279185915,99.17508676010766,0.1413347013294696,E,0.9989585228268408,0.0,0.0070235844739039,0.00049443066,0.00012185991,E,6936.0,E,E,2
155286121,66.0,LS,2.008843954701895,0.0523992260602869,0.0520497376266937,4.451565052862861,0.1413347013294696,E,0.9989585228268408,0.0,0.0092946013171848,0.0008460441,0.00028870214,E,6934.0,E,E,2
160966399,54.0,LS,4.681229449702349,0.0551853419245524,0.0541009186936483,3.820007248536058,0.2050901390612125,E,0.99,0.02,0.0960516139280509,0.09848592,0.06006282,E,50861.0,E,E,2
160966399,80.0,ACF,4.699139916760942,0.3185364888651112,0.3767492277787513,111.7954841023834,0.2088673040270805,E,0.996,0.08,0.2460202005442793,0.28437084,0.25072762,E,51022.0,E,E,2
170150046,66.0,ACF,2.370362118817866,0.8113804006845411,1.2208443813076353,142.99189623269478,0.2111216448247432,E,0.9988341826433482,0.0,0.0056176071819927,0.0002390291,8.1144186e-05,E,75414.0,E,E,2
170150046,66.0,LS,2.357936371450335,0.0187819126641458,0.0186127978004511,3.97546303469062,0.2111216448247432,E,0.9988341826433482,0.0,0.0011199999999999,1.0120303e-06,2.4948656e-07,E,75412.0,E,E,2
175048236,80.0,ACF,1.7800960493582352,0.7223432763751887,1.2504942589064667,165.23187069455537,0.0514857098460197,E,0.994809440649122,0.0,0.0170917417444388,0.0008390574,0.00052785175,E,66019.0,E,E,2
175728634,66.0,ACF,3.331038417555192,0.6293088304943777,1.1344974692321532,293.60148874790866,0.1055949181318283,E,0.9688491381749044,0.0,0.0365372030785527,0.00012904858,2.445846e-05,E,49440.0,E,E,2
176174463,80.0,LS,0.3224706010240458,0.0159969938485342,0.0159210347599093,4.165925752025942,0.0274531892500817,E,0.8726190476190476,0.06,0.1855118167334921,0.18746859,0.0722052,E,52166.0,E,E,2
178431738,7.0,LS,6.419873206960972,0.0549772134669189,0.0138386331537554,1.8712524723641764,0.0187236373312771,E,0.866,0.04,0.1346064842420304,0.18048176,0.09889968,E,13097.0,E,E,2
180730928,8.0,ACF,1.125007002376151,0.7934789199829281,1.295614298064274,11.596744451659896,0.1455502212047577,E,0.9978315023629112,0.0,0.0188330247385663,0.0114301555,0.0022441882,E,120958.0,E,E,2
180730928,61.0,ACF,1.1342799535577797,0.8570246349742072,1.5008090678468649,104.16881790510746,0.1181383151561021,E,0.999066362255172,0.0,1.1102230246251563e-16,6.345643e-06,1.1770974e-06,E,120967.0,E,E,2
180730928,62.0,ACF,1.134251214325559,0.8940780683132135,1.6009634242005424,104.24169398782294,0.1056230999529361,E,0.999066362255172,0.0,0.0040968609245906,0.001033743,0.00022705959,E,120977.0,E,E,2
190880789,56.0,LS,3.872153242654944,0.2852822335233471,0.2840075830852302,4.781362605546747,0.0415351707488298,E,0.7895442685551313,0.06,0.1892160466789985,0.41374096,0.22347797,E,53773.0,Unconstrained,E,2
190880789,76.0,ACF,3.800926372020968,0.5357515731100196,0.7821844125706409,307.69742555970515,0.0386835867539048,E,0.9987870125189248,0.02,0.0976990594427632,0.015091785,0.007132243,E,53787.0,E,E,2
190880789,83.0,ACF,3.798584124017907,0.6900668807736329,1.0073244113650592,312.190715017269,0.0419144239276647,E,0.9987870125189248,0.0,0.0008720917170213,0.001174533,0.00025745019,E,53798.0,E,E,2
202445608,39.0,LS,3.30607595299858,0.0713506117802593,0.0711846980639719,6.541043983786949,0.6295756995677948,E,0.9999878643591192,0.0,0.0142797903020583,0.024977222,0.007408116,E,55296.0,E,E,2
202445608,66.0,ACF,3.3657574625067355,0.742563398452586,1.1190956497465372,218.4154067584111,0.3470936417579651,E,0.9999443011933208,0.0,0.0002727207828733,3.347168e-05,1.3289933e-05,E,55307.0,E,E,2
202681485,41.0,LS,1.6610314686473666,0.0253496817449694,0.0164535676125469,3.500705170492438,0.0116497708950191,E,0.928,0.02,0.1480251498068432,0.13106996,0.04119428,E,59212.0,E,E,2
202681485,81.0,LS,1.2798426550322437,0.1465117448151045,0.1454205643912585,3.775058682589588,0.010266734752804,CEP,0.547,0.0,0.0590820581902831,0.7795475,0.37466234,CEP,59250.0,Unconstrained,E,2
202681485,82.0,LS,3.0057216947772427,0.1957853794382599,0.1906803364353587,4.467138201329362,0.0144929473754018,CEP,0.467,0.02,0.080069260019061,0.83900106,0.37193832,CEP,59259.0,Unconstrained,E,2
209640310,81.0,LS,2.146795251881726,0.1001439936699023,0.0982277933696212,4.920575591389934,0.0854621827602386,E,0.996,0.04,0.1492262425000902,0.1326754,0.101036035,E,80875.0,E,E,2
212373097,66.0,ACF,5.152774352189226,0.4152233186286527,0.4692039775321717,70.14719541806653,0.0644776364788413,E,0.9970539467037104,0.06,0.1784750941781881,0.202357,0.14962602,E,54424.0,E,E,2
215511795,39.0,LS,2.0843437739869777,0.0400923639414223,0.03311305938143,3.658648372251264,0.2163428626954555,E,0.993,0.04,0.1512540028897166,0.14517733,0.0836753,E,13982.0,E,E,2
215655563,65.0,ACF,8.208545834570941,0.7051046779229619,0.7808559131040589,75.53618083709762,0.2107573673129081,E,0.992,0.04,0.2032698577348466,0.2960825,0.20471172,E,51339.0,E,E,2
217059369,12.0,ACF,5.6875836452270505,0.4118026482712085,0.5167641500703781,17.6598363059378,0.0614482630044221,E,0.980811942439318,0.0,0.0293644672584785,0.0007370028,0.0002301109,E,62770.0,E,E,2
220082557,6.0,ACF,2.250016180727925,0.7727708530927512,1.0290965985689258,12.576667741738008,0.0332201202400028,E,0.998809440649122,0.0,0.0307175587994507,0.0074495934,0.004124096,E,14553.0,E,E,2
220082557,6.0,LS,2.2634684200298003,0.3111091110229838,0.3109757026753423,4.447228458865538,0.0332201202400028,E,0.998809440649122,0.0,0.036704629517786,0.0019676972,0.0007349671,E,14551.0,E,E,2
220082557,71.0,LS,1.1284063855741937,0.1511726880848864,0.1508442137048508,4.099994244992558,0.0454189721494913,E,0.998865998026171,0.0,0.0234012725572669,0.00076364947,0.00028582194,E,14627.0,E,E,2
220082557,72.0,ACF,2.254756050713695,0.6934851246809556,0.9272542897129878,102.54741388406173,0.0458639999851584,E,0.998809440649122,0.0,0.0017828131421042,0.00039970755,0.00014038365,E,14492.0,E,E,2
220082557,72.0,LS,2.244842879599372,0.2609084134146365,0.2608988078747626,4.2613604301877785,0.0458639999851584,E,0.998809440649122,0.0,0.0513635567076122,0.008356938,0.003646816,E,14489.0,E,E,2
225205533,66.0,ACF,2.752312985604931,0.7214618709101838,1.0425675860161632,140.99191994064677,0.1457985304296016,E,0.9989585228268408,0.0,0.0001336274658573,1.570759e-05,3.7905743e-06,E,82777.0,E,E,2
232859689,66.0,LS,4.8957752117135,0.1380990185748362,0.1306566385131932,5.805145226244349,0.036088447086513,E,0.9945406524938426,0.0,0.0210329452003389,0.0006234265,0.00022402931,E,36754.0,E,E,2
234009943,6.0,LS,2.936403450699106,0.0953089872013476,0.094249914980199,3.0487829325707025,0.0194339116569608,E,0.864,0.12,0.1754247459796958,0.22442958,0.07022164,E,50871.0,E,E,2
234009943,33.0,LS,0.8172927891415451,0.1845600966797891,0.1845444360611153,4.863854972703848,0.0104351923801004,CEP,0.423,0.08,0.0562142899981846,0.5324534,0.34230143,CEP,50886.0,Unconstrained,E,2
234737851,66.0,LS,4.354695631174895,0.0458757912826228,0.0454768229228825,3.636528716458997,0.0176100444514304,E,0.9899965846994536,0.02,0.1587362028600207,0.13081177,0.10633038,E,51305.0,E,E,2
236068511,66.0,ACF,2.148131163659855,0.7526752415799288,1.0607077406095586,127.37811345086244,0.3564818575978279,E,0.999966729323518,0.0,0.0011978832715837,0.0004889441,0.0001233675,E,38523.0,E,E,2
245084709,81.0,ACF,0.5092624035478366,0.1357574655543139,0.0236518694427525,1.7509044396418574,0.0046185741666704,E,0.931,0.12,0.2596427398666312,0.35108125,0.20486149,E,116921.0,E,E,2
245470639,58.0,ACF,6.143567549926956,0.6502732271544297,0.8585041682474351,195.49165063704777,0.0869526155292987,E,0.9890274237655848,0.0,1.1102230246251563e-16,4.1402598e-07,6.3079625e-08,E,8768.0,E,E,2
245715836,58.0,ACF,4.544019576067058,0.5244173382178704,0.6222424688711994,90.9923636395206,0.0447730673477053,E,0.993,0.02,0.1525741027118001,0.15339017,0.12505354,E,37228.0,E,E,2
247040170,66.0,LS,4.786070539693084,0.0876904837789965,0.087244124228864,4.517066507622076,0.0180617813020944,E,0.849,0.1,0.2567985601667715,0.42382655,0.2587914,E,17995.0,E,E,2
251384128,58.0,ACF,5.444514184331638,0.8084554965393194,1.0522096716251288,232.2553628446026,0.2599525265395641,E,0.998883546136574,0.0,0.0263799638051315,0.01582175,0.010716089,E,10972.0,E,E,2
251384128,59.0,ACF,5.4489422321203165,0.7520989639815958,1.0016702476011965,241.79369307659957,0.2662737667560577,E,0.9988524902359528,0.0,0.027464201215339,0.022961684,0.020672858,E,10984.0,E,E,2
251495919,58.0,LS,9.238551037092138,0.1629666106624143,0.1621286609715513,4.578362326101342,0.0491028884425759,E,0.8871670881110522,0.0,0.0453875461193411,0.0017499219,0.0007053859,E,17695.0,E,E,2
252737692,17.0,LS,3.394576325676672,0.1019323688963484,0.0892393504369945,6.3971978849840525,0.0439484324306249,CEP,0.646,0.02,0.1024929265852039,0.43699384,0.14422835,CEP,107130.0,Unconstrained,E,2
252737692,57.0,LS,7.9880055865928385,0.0184810969410629,0.0126274194526829,3.580392170635605,0.0556545099243521,E,0.9549729858793944,0.06,0.1917585869009729,0.27713555,0.20029545,E,107150.0,E,E,2
252737692,77.0,LS,4.00872731856654,0.1828086869926084,0.1309592789082742,3.4532931194735283,0.049216691404581,CEP,0.528,0.08,0.128156535533698,0.35206467,0.12913394,CEP,107160.0,Unconstrained,E,2
256608717,58.0,ACF,2.511595129426496,0.8823817856367935,1.45907484785815,211.7162286909493,0.1204543095082044,E,0.9989585228268408,0.0,3.3136094674368632e-06,3.719593e-05,1.2305563e-05,E,15731.0,E,E,2
256608717,58.0,LS,2.519383203427464,0.0698816602963384,0.0698185323151425,4.623654245013313,0.1204543095082044,E,0.9989585228268408,0.0,0.0022160685786084,0.00012023622,3.2492746e-05,E,15729.0,E,E,2
257169860,43.0,ACF,5.306077568679029,0.642153106710268,0.78955557030928,66.07970691825471,0.203933697193861,E,0.9923573631355688,0.0,0.0600664612523924,0.05366697,0.06328945,E,1566.0,E,E,2
257169860,45.0,ACF,5.3058893938905385,0.636595894068656,0.8098562857794391,68.34427947192592,0.2133540622889995,E,0.9979751552795032,0.0,0.0072127791875815,0.0058687343,0.0032766596,E,1585.0,E,E,2
259108127,58.0,LS,5.329946856865734,0.034362276175587,0.0324061971567455,4.3568885151726136,0.297516081482172,E,0.999997493734336,0.04,0.165478235573566,0.18447609,0.15522948,E,1380.0,E,E,2
264613302,58.0,LS,8.151583294672681,0.1966980532694657,0.1943989803048046,4.865323997400992,0.0292752217501401,E,0.849,0.04,0.1648686618856956,0.22776233,0.15271938,E,37975.0,E,E,2
264731122,18.0,LS,2.3830813692874075,0.0327420926212402,0.0129789956185452,3.877440731051138,0.2777582593262195,E,0.8180000000000001,0.1,0.2330396509895544,0.99578446,0.30491963,E,20757.0,E,E,2
264731160,58.0,LS,2.614659640354053,0.0406996349620464,0.0254083671571961,4.601010949783813,0.2020909078419208,E,0.9939875776397517,0.02,0.1203525676895176,0.10827247,0.05194111,E,14641.0,E,E,2
265249517,75.0,ACF,3.365703576474516,0.6910432166703776,1.0324729188680764,242.8735411311029,0.0976539030671119,E,0.9964093194673792,0.0,0.0461708057933328,0.018566638,0.013987322,E,120464.0,E,E,2
265249517,76.0,ACF,3.38892371489419,0.654890604436508,0.8817135096273419,224.860919453786,0.1405852753669023,E,0.9648491381749044,0.0,0.013375737923081,0.0001443671,4.2180203e-05,E,120471.0,E,E,2
265249517,82.0,ACF,1.7037089111836394,0.7343594522435919,1.126355175539692,200.3693945284201,0.0879173725843429,E,0.963,0.12,0.2302723375277949,0.2975667,0.15997039,E,120478.0,E,E,2
265471479,58.0,ACF,2.7778060944910976,0.8350287650757665,1.0474922219418503,87.33984709055403,0.0507447216659784,E,0.988809440649122,0.0,0.0158185839521344,0.0004886304,0.00022757302,E,8244.0,E,E,2
265471479,58.0,LS,2.77155798101362,0.0759311868584671,0.0758747265441013,4.651858607034228,0.0507447216659784,E,0.988809440649122,0.0,0.0007239247159525,7.546676e-06,1.9195286e-06,E,8242.0,E,E,2
269228211,58.0,ACF,0.935164430005898,0.8987583093212671,1.738769485479796,97.08051940401988,0.0528011051937937,E,0.9851455555974384,0.12,0.1977398556306459,0.092142224,0.06179537,E,67694.0,E,E,2
269818126,57.0,LS,3.4234681313295754,0.0637539766486442,0.0636221465845433,5.451831924729049,0.1541736721992492,E,0.9899931693989072,0.02,0.1301360707175303,0.11929411,0.12365481,E,72018.0,E,E,2
269818126,58.0,ACF,3.358726819882122,0.846340936200667,1.2688040996969108,237.64552313369563,0.1415377482771873,E,0.9308491381749046,0.0,0.00112,5.188081e-06,9.923771e-07,E,72030.0,E,E,2
269818126,84.0,ACF,3.361124414648657,0.830080126264884,1.2675276331946208,249.1067747485081,0.1385875884443521,E,0.9668491381749044,0.0,1.1102230246251563e-16,2.6349937e-06,3.4570692e-07,E,72040.0,E,E,2
269818126,84.0,LS,3.387878047213138,0.0909946845459382,0.0908775627923579,4.142593201373529,0.1385875884443521,E,0.9668491381749044,0.0,0.0450904204130701,0.00017608755,2.4354995e-05,E,72038.0,E,E,2
270818581,57.0,LS,2.6627011372702056,0.0189078021044394,0.0178308396723308,5.058806555793126,0.0125282118096947,E,0.981,0.04,0.163039114138411,0.19827926,0.12259017,E,54784.0,E,E,2
271653726,57.0,LS,1.0730313382762502,0.0535697190929912,0.05327455908639,4.007512004634918,0.0296395132318139,E,0.973,0.1,0.2100560724104956,0.18583342,0.117311336,E,67006.0,E,E,2
271653726,77.0,LS,4.126573243677484,0.284910178945913,0.2765332599210275,4.49084334370491,0.0194434472359716,CEP,0.487,0.1,0.1152582908080802,1.1647621,0.38567895,CEP,67157.0,Unconstrained,E,2
271653726,78.0,LS,4.261253001012113,0.2381572168455053,0.2350816293860917,5.868283419968066,0.0224411603994667,CEP,0.472,0.08,0.1125746401282278,0.9124243,0.38334838,CEP,67017.0,Unconstrained,E,2
272539879,17.0,ACF,2.125005739437711,0.6980569839119146,1.1723644008170575,20.87527497361239,1.087486892938614,E,0.9998443030102456,0.0,0.0006947924711755,0.00012535915,2.059495e-05,E,66265.0,E,E,2
272539879,18.0,ACF,2.145791875420855,0.7029980979212472,1.235099238838099,21.12500901286336,1.0972918570041656,E,0.9998443030102456,0.0,0.0033967154584143,0.00019660199,4.291591e-05,E,66255.0,E,E,2
272539879,24.0,ACF,2.1458507479986797,0.7577351189182526,1.2768716280415096,20.477493913666905,0.911116749048233,E,0.9999210573962106,0.0,0.000877823788914,0.0002032324,4.8790724e-05,E,66170.0,E,E,2
272539879,57.0,ACF,2.1458507045672377,0.719649046542775,1.2302032252133308,183.30874460920572,1.1163777112960815,E,0.9998443030102456,0.0,0.0009710702354229,0.00011600089,2.4184077e-05,E,66275.0,E,E,2
272539879,58.0,ACF,2.1411619979289758,0.8787906558916228,1.510142507939496,186.12553859892512,0.8283878862857819,E,0.9999210573962106,0.02,0.1053371443060702,0.063906305,0.0653827,E,66284.0,E,E,2
272539879,58.0,LS,2.131725554639966,0.0154092967691576,0.0153622164254834,5.231585559675295,0.8283878862857819,E,0.9999210573962106,0.04,0.1403307993748627,0.08780098,0.0787199,E,66282.0,E,E,2
272539879,77.0,ACF,2.1411643400597318,0.7250971533500237,1.1732676243109328,184.5318742598901,0.8191872388124466,E,0.994,0.0,0.0572186535196978,0.07935022,0.029916348,E,66298.0,E,E,2
272539879,84.0,ACF,2.1412184235941822,0.8531513875602562,1.4664981386176987,184.7967008361028,0.9001424163579941,E,0.9999210573962106,0.0,0.0009797958971132,3.9147937e-05,5.8949927e-06,E,66316.0,E,E,2
272833115,57.0,LS,2.819110856712008,0.0760847742673587,0.075775140205674,4.295665968165849,0.1810820959508419,E,0.9988745613010928,0.0,0.0452663999676671,0.0003773365,0.00010296805,E,58903.0,E,E,2
272833115,58.0,LS,2.7714786301416545,0.0676619376488334,0.0673955479337579,4.378443862628046,0.1772245578467846,E,0.9708758221867134,0.08,0.2087314678936905,0.17085296,0.13069789,E,58911.0,E,E,2
272833115,77.0,LS,2.806068798731439,0.0864854610348238,0.0860027045288991,3.8048903339149542,0.190995093435049,E,0.9988284088702748,0.0,0.0005211278127199,0.00025570998,6.299495e-05,E,58919.0,E,E,2
272833115,84.0,LS,2.798692995330264,0.0774349626157876,0.0771189817277427,4.126198709236633,0.1743317767977714,E,0.9988789930150924,0.0,0.0093037563990792,0.0022788248,0.0012706994,E,58934.0,E,E,2
274862084,65.0,ACF,1.8565198326232348,0.5624852735843582,0.8627720190159025,115.11443632942655,0.0226486823521554,E,0.996809440649122,0.02,0.1117181484433075,0.025474688,0.011755818,E,72484.0,E,E,2
277108350,29.0,LS,8.749968743511383,0.1752910383559022,0.1651045424694497,3.8170415986223816,0.009585460065864,ELL,0.993,0.02,0.1455484527571488,0.22318561,0.083266124,ELL,22998.0,ELL,E,2
277108350,32.0,LS,1.517965703074344,0.0159867484297886,0.0158240519616793,4.300873435618996,0.0173843617085367,E,0.9856272904401078,0.12,0.2779932921346275,0.29855564,0.21936135,E,23032.0,E,E,2
277108350,33.0,LS,10.760958266159832,0.0851854676930653,0.046746024707009,3.518047896666758,0.0094779464416205,ELL,0.996,0.02,0.1012406854974816,0.22086038,0.145583,ELL,23047.0,ELL,E,2
277108350,37.0,LS,1.211740314101894,0.0132349006805454,0.009711923412027,2.5891767767716374,0.0080615631304681,E,0.784,0.12,0.2397884038629166,0.46329343,0.22013623,E,23121.0,Unconstrained,E,2
277108350,61.0,LS,4.54326562323716,0.0495548627916244,0.0490695797500117,4.4335977586924855,0.0281862798146903,E,0.9886272904401078,0.1,0.2277993002671577,0.25463235,0.12325279,E,23173.0,E,E,2
277108350,62.0,LS,4.447452517277574,0.1618006647575528,0.1613301019768218,3.6462350912079273,0.0156365323346108,E,0.971,0.0,0.1052670384623734,0.111610755,0.03539949,E,23216.0,E,E,2
277108350,63.0,LS,5.713930866884727,0.1388004653551792,0.1382660155957948,4.0416917885922885,0.0177082256413996,ELL,0.998,0.02,0.1113804834789291,0.15242246,0.094472036,ELL,23261.0,ELL,E,2
277108350,68.0,LS,2.2663726963569566,0.032682598709703,0.0317866818777855,3.424875413387781,0.0292037846520543,E,0.994,0.06,0.2043020993577525,0.17822099,0.14023075,E,23361.0,E,E,2
278076037,15.0,ACF,2.458369724295153,0.5748525964364211,1.0160878147792491,13.694087168005026,0.247634369879961,E,0.9998494113370946,0.0,0.0155897718669428,0.038638055,0.008604436,E,60735.0,E,E,2
278076037,16.0,ACF,1.2291560167382158,0.7588442197020531,1.236576573755659,13.855633910222572,0.2832061611115932,E,0.9730702953891428,0.0,0.0157180995768651,0.010127655,0.0028794454,E,60721.0,E,E,2
278076037,16.0,LS,1.2322603333535416,0.0731755242652284,0.0731151095754899,4.190701130294656,0.2832061611115932,E,0.9730702953891428,0.0,0.0300554462016304,0.013130064,0.0029893203,E,60718.0,E,E,2
278076037,56.0,ACF,1.2337957258362169,0.9102588873120504,1.6479181495633122,126.87168277285564,0.1920291967689991,E,0.9989296909215568,0.0,0.0042715318590455,0.0009786382,0.00019626913,E,60775.0,E,E,2
278076037,56.0,LS,1.2335085961788033,0.1121367660829054,0.1121246518290094,4.413790047048678,0.1920291967689991,E,0.9989296909215568,0.0,0.0354770222056269,0.006172181,0.0021900453,E,60773.0,E,E,2
278076037,76.0,ACF,1.2337916018559554,0.9369392343570672,1.683168227465279,124.53100265861076,0.1861793920397758,E,0.998945170702048,0.0,0.0310033651450895,0.0022615583,0.00060268905,E,60847.0,E,E,2
279952371,27.0,LS,2.4869875935678687,0.0101564260114572,0.0095315566907245,4.935889357586348,0.0094072479987517,E,0.985,0.08,0.2124429020255562,0.26291737,0.18599163,E,18312.0,E,E,2
279952371,28.0,LS,7.881956719376378,0.1125585527956736,0.0601913111776307,2.876950609554114,0.0133540388196706,E,0.9271255943351184,0.0,0.0915588955667968,0.01816366,0.008401248,E,18048.0,E,E,2
279952371,33.0,LS,4.304374644440033,0.1336185380133882,0.1320066887198226,3.739959034617641,0.0047172917402349,CEP,0.425,0.02,0.0611945226307061,0.7665684,0.35549197,CEP,18384.0,Unconstrained,E,2
279952371,34.0,LS,4.438227479508897,0.1476807357551458,0.1412988815669025,3.910558802790547,0.0064175424631685,CEP,0.432,0.06,0.0807699052865607,0.70786893,0.3506559,CEP,18360.0,Unconstrained,E,2
279952371,37.0,LS,9.134643884471922,0.3577630242490702,0.3223359945033185,4.218456947062805,0.006986359367147,CEP,0.473,0.02,0.0869050148150266,0.120923534,0.09610685,CEP,18443.0,Unconstrained,E,2
279952371,39.0,LS,1.6625410746447815,0.0232968725397532,0.021891900780613,2.72650777785384,0.0187373766675591,ELL,0.985,0.12,0.2834913360228139,0.56704485,0.29891938,ELL,18491.0,ELL,E,2
279952371,61.0,LS,0.7720560308470481,0.0103896141747753,0.0101500272505566,3.617681136889587,0.0534246303141117,E,0.935,0.04,0.166990858443826,0.1948207,0.12559947,E,18506.0,E,E,2
279952371,62.0,LS,1.210833720270288,0.0181060548898765,0.0157473589174812,3.794175772411109,0.0228848052211105,E,0.895,0.12,0.2621483251901488,0.45955715,0.24185193,E,18515.0,E,E,2
279952371,63.0,LS,1.904463784447794,0.0411806460167659,0.0406916499200385,4.579922971155611,0.0251801265403628,E,0.9939965846994536,0.08,0.2525768050422646,0.29904488,0.19593082,E,18523.0,E,E,2
279952371,64.0,LS,1.6612427135410246,0.0215102747272804,0.0212635269191013,4.29102243708985,0.0136370572727173,E,0.9834233273294576,0.02,0.1325435919617908,0.13738355,0.06754352,E,18527.0,E,E,2
279952371,65.0,ACF,0.3634275106114728,0.2282029693150046,0.0135208240484148,2.402079997868782,0.0136967445723712,E,0.926,0.12,0.2082582078275388,0.22283304,0.09132593,E,18605.0,E,E,2
279952371,66.0,LS,5.640284896753967,0.1186297033555709,0.0972424325110934,5.063322172412882,0.0183153222315013,ELL,0.996,0.08,0.2308410786666879,0.36140734,0.23324071,ELL,18645.0,ELL,E,2
279952371,67.0,LS,3.457685447000522,0.1673480096480612,0.1658132002215944,3.648833048668166,0.0124199653510004,CEP,0.436,0.06,0.0957625062328675,0.3239264,0.19095118,CEP,18615.0,Unconstrained,E,2
279952371,68.0,LS,4.344419093882996,0.1768830835724073,0.1744650923101687,4.575285560647899,0.024851020425558,CEP,0.441,0.08,0.0888926003669596,0.8829707,0.41497666,CEP,18624.0,Unconstrained,E,2
279952371,69.0,LS,1.1333848513700828,0.0201121699702605,0.0140616486838432,6.955006332082121,0.0173916213680058,E,0.9539004632330604,0.08,0.2111757691461535,0.2606343,0.1251607,E,18625.0,E,E,2
279957325,27.0,LS,5.190227629157254,0.0372738887178351,0.0352013770788327,3.201468260776892,0.0174688082188367,E,0.992,0.04,0.1665620357940369,0.23584726,0.16064312,E,25038.0,E,E,2
279957325,29.0,LS,5.568161729584578,0.1553255208471368,0.1544419311743138,4.188037548206921,0.0096240756101906,CEP,0.443,0.06,0.0651995214706365,0.14275512,0.10741268,CEP,25045.0,Unconstrained,E,2
279957325,30.0,LS,3.2456400987772427,0.0145409172430479,0.0133655591963704,3.461305348664609,0.016290305647999,ELL,1.0,0.04,0.1879956946966866,0.3076114,0.19442756,ELL,25066.0,ELL,E,2
279957325,33.0,LS,8.070708547207913,0.0283985733674379,0.0280414284336519,4.117731072463357,0.0145316438283771,ELL,0.994,0.04,0.170997514601821,0.35446173,0.16473883,ELL,25138.0,ELL,E,2
279957325,34.0,LS,4.7796386941969935,0.0177176823130126,0.0174672662197772,8.574676997564893,0.0148075877223163,E,0.987,0.02,0.1496005305588439,0.20076363,0.1499484,E,25118.0,E,E,2
279957325,35.0,LS,2.9353016972453485,0.0399519554285645,0.0377924582641877,4.18055183227807,0.0152247562073171,E,0.992,0.02,0.1134270329569082,0.044757247,0.02584476,E,25149.0,E,E,2
279957325,36.0,LS,5.166082558215471,0.0641607390559343,0.0201913631431968,2.560562409102204,0.0142856477759778,E,0.990707949959094,0.0,0.130215967898093,0.07348311,0.03653319,E,24796.0,E,E,2
279957325,39.0,LS,9.307917545338874,0.0936682212182077,0.0912831611741871,3.57418844514541,0.0134221790358424,ELL,0.9785,0.1,0.2420563150237092,0.51827574,0.24209024,ELL,25217.0,ELL,E,2
279957325,65.0,LS,2.464856185443657,0.0131775071057287,0.0118606355400553,2.9688517947251967,0.0526995118707418,E,0.989813645220054,0.04,0.1868239647313896,0.17657751,0.14372943,E,25373.0,E,E,2
279957325,66.0,LS,1.3940977617259578,0.0130260577008013,0.0128390515830071,3.107842277691816,0.0672987336292862,E,0.994,0.06,0.2337105453719085,0.26070744,0.18826008,E,25480.0,E,E,2
279957325,67.0,LS,3.457681218428077,0.1339108452730187,0.132337623591315,3.0697990596054296,0.0462045334279537,E,0.994,0.02,0.1480133208372639,0.12477799,0.12332737,E,25405.0,E,E,2
281648563,64.0,LS,7.475568464622152,0.0268869069724679,0.0258433341965878,3.756497468850284,0.1095104031264782,E,0.893,0.08,0.2303294876910032,0.51036316,0.20594838,E,121016.0,E,E,2
282672526,33.0,LS,2.0496810397557907,0.1467155960316895,0.1446413603053144,3.647072577590734,0.025624930858612,E,0.994,0.0,0.0735043801802248,0.04849539,0.03676355,E,15817.0,E,E,2
283193372,14.0,LS,3.93995169412462,0.0829768833329356,0.0825168591528367,4.535778872974788,0.0248410273343324,E,0.935,0.08,0.2322593756988079,0.33537662,0.1991197,E,71241.0,E,E,2
283193372,41.0,LS,4.026698827880284,0.0667048064459558,0.0630689237132098,4.208823720528017,0.0249622110277414,E,0.992,0.0,0.0484674061246742,0.054482576,0.041892145,E,71275.0,E,E,2
283193372,54.0,LS,1.8461667515712052,0.0740037469423219,0.0726692761953081,3.3960415043238754,0.0250369613058865,E,0.994,0.0,0.0420763012070416,0.02790402,0.015454893,E,71360.0,E,E,2
283193372,55.0,LS,4.113973883814638,0.0385891006711646,0.0380620937356702,5.343156403272587,0.0281225889921188,E,0.961,0.08,0.222753248236698,0.3218997,0.22099823,E,71307.0,E,E,2
283193372,81.0,LS,9.507312803986322,0.0179403947155699,0.0086919918774882,2.2670137037457607,0.027172234840691,E,0.892,0.0,0.0343227209463277,0.017429084,0.008126853,E,71384.0,E,E,2
283839379,58.0,ACF,3.861067362737231,0.8237702961156197,1.0519044144642975,119.9855477562446,0.1172303687781095,E,0.9988491381749044,0.0,0.0085233431550025,0.0009535291,0.0001905369,E,8711.0,E,E,2
283839379,58.0,LS,3.87958827914404,0.0433627684269304,0.0432290092703872,4.557842486537993,0.1172303687781095,E,0.9988491381749044,0.0,0.0099218426730649,0.0090188,0.0049014413,E,8710.0,E,E,2
283839379,78.0,ACF,3.863461828344043,0.6552593763317693,0.8414117229177265,118.23601918937516,0.1161343231797218,E,0.9988491381749044,0.0,0.0135631918863204,0.0011307875,0.00028504504,E,8677.0,E,E,2
284239920,71.0,ACF,1.77561915303977,0.1237246801033182,0.0168995486486579,1.5109597767539071,0.0095927726943045,E,0.978,0.08,0.2517059666191033,0.35736603,0.20426702,E,72526.0,E,E,2
285243475,73.0,LS,3.2737261835702016,0.0549901041962016,0.054735025530324,7.67848028764638,0.960789993405342,E,0.963967335816316,0.02,0.1096063874530476,0.13419788,0.08022562,E,1156.0,E,E,2
296564787,62.0,ACF,2.314852876679652,0.8292905116783952,1.114568015293281,104.60842559006072,0.1510921772569418,E,0.996,0.0,0.090275220496566,0.0848138,0.056416806,E,112018.0,E,E,2
303875170,64.0,LS,3.2038395530438857,0.0766260126456717,0.0763115599112477,5.13920954761852,0.4287391155958175,E,0.999966729323518,0.0,0.0087994589778248,0.008396562,0.0054546143,E,101775.0,E,E,2
303875170,65.0,ACF,3.2105956337713906,0.8690729377726628,1.4584072572314346,290.6219366215232,0.430760346353054,E,0.999966729323518,0.0,0.0064360490336669,0.00041246263,0.00017500597,E,101784.0,E,E,2
304015004,64.0,ACF,2.7546474918472086,0.8558220700593274,1.5239675326972866,253.1967904373089,0.4855462908744812,E,0.9999504691609165,0.0,8.809059689641188e-06,0.00045422788,8.588826e-05,E,98910.0,E,E,2
305631552,64.0,LS,3.9576751971761137,0.0291225410535712,0.0127717695134333,5.928726464484498,0.0699364440515637,E,0.9990063276560912,0.0,0.0128947907945798,0.016510976,0.01172331,E,117588.0,E,E,2
306492084,63.0,ACF,5.280212335969736,0.5870725332097345,0.7793445276288082,293.1318618364794,0.0475824577733874,E,0.9967870125189248,0.0,0.0199135490522078,0.00037820407,5.62258e-05,E,130030.0,E,E,2
306492084,64.0,LS,10.350755254077145,0.0370010767493119,0.0304210531831566,3.8034817940315406,0.0500552635639905,E,0.6703817166414958,0.0,0.106255660261028,0.009343283,0.0029150315,E,130037.0,Unconstrained,E,2
307100246,38.0,LS,9.526132907559322,0.0909427883932977,0.0192005050656691,1.8916468463576168,0.0989501364529132,E,0.985,0.04,0.1359159043439461,0.05820369,0.024292087,E,103459.0,E,E,2
312783282,41.0,LS,0.8053485039852765,0.1967804825175922,0.1967763572716342,5.055624504177104,0.0138122763019055,CEP,0.505,0.04,0.0640421860963536,0.21437782,0.1375888,CEP,124698.0,Unconstrained,E,2
312783282,54.0,LS,1.3654047923973185,0.0112708786102673,0.0112436904485686,4.182849267086567,0.0224743760190904,E,0.976,0.06,0.2165156890511985,0.25067422,0.16877808,E,124678.0,E,E,2
314034197,57.0,LS,0.9649970519169973,0.0188285879774381,0.0181626892891906,4.144388288514165,0.0329227000474929,E,0.953,0.12,0.2385876031970641,0.36227772,0.18600543,E,82492.0,E,E,2
314034197,77.0,LS,1.1595459912077672,0.123559321587416,0.1235093625982497,3.4664553064467327,0.0206999341025948,CEP,0.47,0.04,0.0689672385992073,0.26008466,0.24117547,CEP,82348.0,Unconstrained,E,2
315291647,57.0,ACF,1.516203320038585,0.8329799011259521,1.5133588656647077,157.42130193724006,0.2191751636564731,E,0.9929200416108932,0.02,0.1014436863870621,0.088441394,0.062753215,E,101806.0,E,E,2
315291647,77.0,ACF,1.5161881828180412,0.8179202875993576,1.447767550864144,156.69079139775533,0.2165130525827407,E,0.9946036014773028,0.02,0.0814569771616621,0.08253386,0.040393732,E,101816.0,E,E,2
315291647,84.0,ACF,1.51851673994679,0.8595972557644059,1.5823361443744468,158.58712217197774,0.2211334370076656,E,0.9932754259447332,0.0,0.0970409477717898,0.1319479,0.060158037,E,101823.0,E,E,2
315382299,66.0,LS,1.441438366882475,0.0104108116583596,0.010325429976789,4.2376906418430735,0.0126702222041785,E,0.9858301287365374,0.04,0.1232129808120787,0.044210903,0.016207704,E,36467.0,E,E,2
316187504,56.0,ACF,1.2731612624520494,0.8743253772747019,1.3140570652438917,82.70528632414289,0.0243760319426655,E,0.994859440649122,0.0,0.0,3.6193658e-08,1.6858738e-08,E,73573.0,E,E,2
316187504,57.0,ACF,1.2731300268342238,0.8571733060039589,1.280898814216631,84.83684332064075,0.0235304329544305,E,0.994859440649122,0.0,0.0,5.0290987e-07,1.5266238e-07,E,73583.0,E,E,2
316187504,76.0,ACF,1.2731284493838757,0.8687612906161729,1.332196566764636,86.19473460159969,0.0234047835692763,E,0.994859440649122,0.0,0.0,1.3782803e-06,4.8467047e-07,E,73594.0,E,E,2
316187504,77.0,ACF,1.273153939951044,0.817031687030706,1.1258517137500537,85.41945475103131,0.0233519612811505,E,0.994859440649122,0.0,0.0,1.0438109e-06,2.8635054e-07,E,73840.0,E,E,2
316187504,83.0,ACF,1.2731574154940972,0.869725135883358,1.2973381474225,82.30352242383691,0.0233353651128709,E,0.994859440649122,0.0,0.0,1.05104505e-07,0.0,E,73773.0,E,E,2
316187504,84.0,ACF,1.2731309052242068,0.8762700131893599,1.296438094353204,81.34206002156338,0.0262843421660363,E,0.996859440649122,0.0,1.1102230246251563e-16,3.1409209e-06,5.4066373e-07,E,73606.0,E,E,2
317035155,59.0,LS,1.3794734475765285,0.0669806152493936,0.0655462373328512,5.111210810060584,0.1738876663148403,E,0.994,0.0,0.0760717742602203,0.07101283,0.043158524,E,4967.0,E,E,2
317162870,77.0,ACF,1.083326711155678,0.8674359617022122,1.329390919756284,88.21156322986548,0.0999402999877929,E,0.999066362255172,0.0,0.0014582395693846,5.5327117e-05,2.0601921e-05,E,61538.0,E,E,2
317162870,84.0,ACF,1.0833283588217455,0.876426255363742,1.480450372479083,90.18199212078082,0.1012024376541376,E,0.999066362255172,0.0,0.0282829413342955,3.1387917e-05,6.299802e-06,E,61548.0,E,E,2
317642317,10.0,ACF,1.395855312736785,0.7857177649344893,1.4216630309708451,14.768842444528374,0.8331743627786636,E,0.9999621132287344,0.0,0.0002773198962162,0.0020769767,0.000537059,E,128389.0,E,E,2
317642317,11.0,ACF,1.395821086899787,0.7758454906169949,1.378924404955124,14.895135368672392,0.7552622258663177,E,0.9999878643591192,0.0,0.0005578066365504,0.0071449336,0.0010166105,E,128626.0,E,E,2
317642317,37.0,ACF,1.3889030308746442,0.855774515274172,1.582638620172379,44.78713886831756,0.8202776312828064,E,0.9999621132287344,0.0,4.367079680304539e-06,0.0005574349,0.00021827663,E,128400.0,E,E,2
317642317,37.0,LS,1.3892861652892878,0.0127117471735603,0.012678225413746,4.469651117457033,0.8202776312828064,E,0.9999621132287344,0.0,0.0007816775307729,0.0009314307,0.00024911127,E,128398.0,E,E,2
317642317,38.0,ACF,1.3888703439079109,0.8931988969586071,1.6486783955080695,44.87468638647056,0.7536793500185013,E,0.9999621132287344,0.0,0.0028794716613342,0.0035495711,0.0022357819,E,128637.0,E,E,2
317642317,38.0,LS,1.3892339208164148,0.0164650850172181,0.0164387304755777,4.729275075937039,0.7536793500185013,E,0.9999621132287344,0.0,6.102683096222102e-06,0.0007124516,0.00016205768,E,128635.0,E,E,2
317642317,64.0,ACF,1.3865866913283753,0.9112835526743864,1.669354108158464,133.36890664278815,0.8019612729549408,E,0.9999621132287344,0.0,0.0001962931577666,0.0012178097,0.00047846625,E,128646.0,E,E,2
317642317,64.0,LS,1.3872289907036002,0.013634518233721,0.0136327474496435,4.659724843440927,0.8019612729549408,E,0.9999621132287344,0.0,0.000562194196349,0.0017822171,0.00063888263,E,128644.0,E,E,2
319571513,71.0,LS,3.3397215936747666,0.0345042525936114,0.0329270198551776,10.17627884067042,0.0317914062179625,E,0.9876673727766504,0.02,0.1063424890633095,0.061764475,0.07167486,E,27932.0,E,E,2
319571513,72.0,LS,1.3299304633447313,0.0313071832507346,0.0300518692861838,3.8988340375217376,0.0280887889675796,E,0.992,0.02,0.1445673217594495,0.087858334,0.086613834,E,27938.0,E,E,2
319571693,72.0,LS,2.126640211163939,0.0117194688904635,0.0061200144802763,6.88880478557985,0.0407968275249004,E,0.9939965846994536,0.04,0.2061093983391416,0.18665196,0.14445409,E,32767.0,E,E,2
319918191,58.0,ACF,1.479139343654424,0.5715808744549764,0.6807506996721678,91.46551410771394,0.0828869175165891,ELL,0.9895,0.06,0.1766643416199206,0.25786635,0.14091474,ELL,66587.0,ELL,E,2
319918191,77.0,LS,2.550749102726305,0.014689319837066,0.0144747365949452,3.1859999991647783,0.1290875021368265,E,0.997,0.0,0.0464224806462312,0.03982152,0.018361395,E,66597.0,E,E,2
319918191,84.0,LS,0.8096882422012974,0.0348370121327629,0.0255494359661523,10.273293712729355,0.2043761871755123,E,0.9899841623392052,0.02,0.1532212258578198,0.16619281,0.09110619,E,66606.0,E,E,2
319936228,10.0,LS,6.51325900298652,0.1016394744233712,0.0923702260050173,3.348813694656656,0.1117506250739097,E,0.996,0.0,0.0319716996574125,0.040029503,0.020782162,E,112335.0,E,E,2
319936228,11.0,LS,2.743871718320013,0.1260552339987993,0.0816601134354045,4.4634172483924885,0.1059245038777589,E,0.998,0.02,0.1439611335558895,0.1427855,0.1307181,E,112346.0,E,E,2
319936228,37.0,LS,2.1427939694601688,0.0356582824318538,0.0342277133595506,3.196944332550629,0.0990577600896358,E,0.9989585228268408,0.0,0.0680747327241104,0.03193272,0.032396488,E,112375.0,E,E,2
319936228,38.0,LS,3.810458944907103,0.0275598911915403,0.025944150514313,2.997475495463732,0.1116289477795362,E,0.998,0.0,0.0850912734606995,0.07305562,0.064466335,E,112411.0,E,E,2
319936228,64.0,ACF,9.648218470654683,0.6511802175379882,0.7369633191310333,160.034111808568,0.0969566777348518,E,0.9959459717587892,0.0,0.0285946062728933,0.047455367,0.030592967,E,112431.0,E,E,2
319936471,64.0,ACF,1.0023221203919093,0.9467969354023628,1.6809963053203305,91.37421349578318,0.2454922348260879,E,0.9990005820924042,0.0,0.0370760772536357,0.0063095894,0.0043364805,E,112695.0,E,E,2
319936861,11.0,ACF,2.083309420663681,0.4308269502022895,0.642339073381112,12.79714223812418,0.020746155641973,E,0.996809440649122,0.0,0.015416960815066,2.2589955e-05,5.154144e-06,E,111492.0,E,E,2
319936861,37.0,ACF,2.097240131055514,0.4364435621580789,0.5843821642638873,32.61907824056078,0.017126272432506,E,0.996809440649122,0.0,1.1102230246251563e-16,2.5824223e-05,3.88668e-06,E,111508.0,E,E,2
319936861,64.0,LS,2.135888670397818,0.0111005952715824,0.0059863280634705,3.174713935059117,0.0328798801638186,E,0.9899532236743864,0.04,0.1343087803926749,0.08657153,0.047599267,E,111569.0,E,E,2
320228439,64.0,ACF,0.7916726757757715,0.8398078748505579,1.5006768577556078,78.58408861541426,0.037595413159579,E,0.9848873799122588,0.0,0.0405589579554264,0.005426504,0.0026224745,E,109741.0,E,E,2
320863824,38.0,ACF,0.8888881662278436,0.6115901822006461,0.831294393725317,17.183825962327745,0.0587589247152209,E,0.990981810244664,0.0,3.272383557143066e-05,0.00035379466,0.00012142047,E,85889.0,E,E,2
320863824,38.0,LS,0.8891220447288102,0.0913914204055416,0.0913490715742479,4.4755855206240085,0.0587589247152209,E,0.990981810244664,0.0,3.0317487294949168e-05,0.0002623767,0.0001245369,E,85885.0,E,E,2
320863824,65.0,ACF,0.8912029314228676,0.6285726741224145,0.8815151398247993,51.42293707264656,0.0589322857558727,E,0.990981810244664,0.0,0.0178215009461717,0.00013614222,5.1481726e-05,E,85904.0,E,E,2
320863824,65.0,LS,0.892461637390946,0.0866628941308385,0.0866171192415531,4.336879685324675,0.0589322857558727,E,0.990981810244664,0.0,0.0181937598553599,0.00025887226,8.771512e-05,E,85901.0,E,E,2
321945301,64.0,ACF,0.8912103787042724,0.945004964088636,1.451696316323637,60.77263641871895,0.0725583126768469,E,0.9992297584307968,0.0,0.0220893062770636,0.003151647,0.0024022085,E,89703.0,E,E,2
321947833,10.0,LS,5.38051914454973,0.1181859311134748,0.110052170508547,3.2196477914244497,0.0699893524870276,E,0.8465140699967233,0.06,0.1527904537080408,0.14341675,0.066176146,E,123485.0,E,E,2
321947833,11.0,LS,8.035620224109234,0.1366816430317322,0.1293082632585825,2.8239587997486524,0.0722001586109399,E,0.731,0.0,0.1117706508883257,0.3688201,0.10095602,E,123499.0,Unconstrained,E,2
321947833,37.0,LS,3.612138446672882,0.0170002938829549,0.0158010142267925,2.655633642818429,0.0692501990124583,E,0.9990063276560912,0.0,0.0162523007142473,0.019826032,0.013798131,E,123898.0,E,E,2
321947833,38.0,ACF,5.437406249213836,0.6514409816032215,1.0817236272161534,33.46041302952676,0.0599561771377921,E,0.9749413841660168,0.0,0.1385239820914945,0.07272444,0.029994365,E,123925.0,E,E,2
321947833,64.0,ACF,5.432909422506782,0.7023723005227837,1.1143558803764133,96.21473262476502,0.0672706309705972,E,0.9871730076213604,0.0,0.0813930428248891,0.019843617,0.012447365,E,123937.0,E,E,2
325273334,65.0,ACF,1.0717576835022555,0.5004404258246016,0.8175561760171226,85.02831830616475,0.1249075960367918,E,0.999066362255172,0.0,0.0018322442909245,0.0082381135,0.0022415307,E,53333.0,E,E,2
325286248,56.0,LS,2.7879846617016946,0.0868868418053157,0.0867282356265156,4.243538557431748,0.0230848952196538,E,0.992,0.0,0.1039766511916131,0.087925576,0.060444757,E,63255.0,E,E,2
325286248,57.0,LS,2.765041024693985,0.0847177053657655,0.0846631404375849,4.345323059482325,0.0271476176567375,E,0.994,0.02,0.133416888101916,0.091372564,0.124406695,E,63272.0,E,E,2
325286248,76.0,LS,2.762862221814439,0.039007704481054,0.0379349974854739,4.456856596196303,0.0178774422965943,E,0.992,0.0,0.1130087785589472,0.042024642,0.021114407,E,63058.0,E,E,2
325286248,77.0,LS,5.396441179407157,0.0427213356271998,0.0406465701530486,3.85642722126795,0.0124646222684532,E,0.9836909715967092,0.0,0.1233493062878086,0.16226315,0.10005305,E,63080.0,E,E,2
325286248,83.0,LS,2.770592468007837,0.0670760153672215,0.0665817907763301,4.012151065515354,0.0183214293792843,E,0.992,0.0,0.0371008374458439,0.027025891,0.013311304,E,63289.0,E,E,2
325286248,84.0,ACF,5.474431504653694,0.1805299783786034,0.0083805015655253,1.815972787784176,0.0108549394644796,E,0.99,0.0,0.0169655348527787,0.0024171039,0.00056785095,E,63312.0,E,E,2
325768470,57.0,LS,1.4822952398177451,0.1594619641200119,0.1583049081887264,4.186837128592742,0.0193550868425518,CEP,0.473,0.04,0.0595064500705595,0.21795484,0.19088796,CEP,85846.0,Unconstrained,E,2
325768470,76.0,LS,2.2563323026068933,0.1091572944700803,0.1090493902429488,4.19895125806579,0.0175089272670447,CEP,0.406,0.12,0.1069190347880114,0.7586068,0.30954918,CEP,85854.0,Unconstrained,E,2
325768470,83.0,LS,5.667135624666817,0.0331985269649585,0.0280705426310989,6.965290949487098,0.0246682111173868,E,0.927,0.08,0.1870526879441579,0.34436646,0.19248612,E,85864.0,E,E,2
325768470,84.0,LS,1.7635156939151833,0.0685509545536787,0.0662117989855795,4.340738286671694,0.024882520083338,E,0.99,0.02,0.0935553973042138,0.044000328,0.031543467,E,85872.0,E,E,2
330081196,55.0,LS,2.381851482798217,0.7178996102801737,0.7177811492769034,4.402089198752947,0.3592326864600181,CEP,0.476,0.12,0.0806080988486889,0.4072373,0.22624412,CEP,93984.0,Unconstrained,E,2
330081196,56.0,LS,4.806772028360325,0.2258072618953527,0.2255912095091443,4.489324407819368,0.3569432348012924,E,0.9999878643591192,0.0,0.0029206110875995,0.026774693,0.0070688617,E,94028.0,E,E,2
330081196,75.0,LS,4.7748252913464135,0.259103948759062,0.25885126357649,4.131615177349886,0.3607109934091568,E,0.9999455543261528,0.0,0.0108434726403712,0.019490892,0.011719735,E,94035.0,E,E,2
330081196,76.0,LS,4.835109180099755,0.216522473665311,0.2153075831433501,4.635349929369113,0.3539373725652694,E,0.9999443011933208,0.02,0.0880039356395887,0.15136829,0.06288568,E,94041.0,E,E,2
330081196,82.0,LS,4.786988509436685,0.2570039118234262,0.2563276758345961,4.125910248723812,0.3595244884490967,E,0.9999878643591192,0.0,0.0082194705583878,0.031074548,0.009302156,E,94048.0,E,E,2
330081196,83.0,LS,4.794713148480084,0.2143402837264754,0.2140928346293319,4.826339233412,0.3650901466608047,E,0.9999775550807688,0.0,0.0600305636477606,0.13453227,0.073531665,E,94055.0,E,E,2
332594793,80.0,ACF,4.039305251501446,0.4828985623400022,0.6303419297430806,200.0482607479189,0.2693630754947662,E,0.9989146020371952,0.0,0.0455963633105995,0.032155003,0.03568166,E,27681.0,E,E,2
332929039,80.0,LS,0.831580552570164,0.0165272929404493,0.0146627355870933,3.065244933211943,0.2172176167368888,E,0.964,0.04,0.170862700435174,0.16617337,0.08943398,E,37266.0,E,E,2
334289143,65.0,ACF,4.282426093914182,0.8396225546305337,1.2124184045758108,227.9695598541496,0.1967080868780613,E,0.988300241744777,0.0,0.0099585347554819,0.00050778216,0.00018374909,E,79084.0,E,E,2
335892346,66.0,LS,4.1284226431610005,0.0200819325260122,0.0200310216020542,4.001823452897952,0.0097794202156364,E,0.914,0.06,0.2072017778780416,0.3318197,0.14013346,E,146413.0,E,E,2
336660284,65.0,LS,3.026621605398579,0.1275620971956836,0.1265054489957261,4.225100425184792,0.1402227114886045,E,0.993,0.06,0.1930848079268683,0.20368299,0.13099325,E,86894.0,E,E,2
336823975,16.0,LS,2.33459546687351,0.038318845232382,0.0381811426057574,4.453325336633043,0.039875847287476,E,0.9969075804143768,0.0,0.0229519680062465,0.004482278,0.0028773579,E,43684.0,E,E,2
336823975,17.0,ACF,4.666660730101285,0.7483833000188668,0.9073376966261576,8.519706022747243,0.0403177924454212,E,0.9959602282720216,0.0,0.0182527337600631,0.0007905862,0.00029038868,E,43430.0,E,E,2
336823975,24.0,ACF,4.666721854460775,0.799808121667717,0.947659849259546,8.273567149851317,0.0385942799039185,E,0.9945406524938426,0.0,0.0193475130542577,0.006772219,0.0033139163,E,43669.0,E,E,2
336823975,57.0,LS,4.638217792863293,0.0196023087227937,0.019509576169667,4.53633588750381,0.0392233952879905,E,0.994,0.0,0.0556815808721128,0.024204299,0.020719862,E,43754.0,E,E,2
336823975,58.0,LS,4.61911588459869,0.0205986400525131,0.0203505494158265,4.874659401146346,0.040419427677989,E,0.994,0.0,0.1125182925567148,0.12359637,0.09244309,E,43776.0,E,E,2
336823975,77.0,ACF,4.668948245750926,0.2648698378034335,0.3260817090066939,71.03934554114335,0.0382256088778376,E,0.992,0.0,0.0547366611320549,0.04337069,0.026907478,E,43800.0,E,E,2
336823975,78.0,ACF,4.664441642496513,0.6745538296412018,0.7601752923679315,67.96423830044478,0.0383901572786271,E,0.9858372440401127,0.06,0.2181892570479267,0.26625302,0.22336815,E,43710.0,E,E,2
336823975,84.0,LS,2.340700570169827,0.0349931109023757,0.0348435283597494,5.269318374481372,0.0393469771370291,E,0.998404720324561,0.0,0.0526026258209411,0.024618626,0.020702576,E,43457.0,E,E,2
336964059,66.0,ACF,2.243039626018799,0.4539118587393939,0.5770003181620701,138.66040635550553,0.1053779944777488,E,0.9981921400215484,0.06,0.1420942025577063,0.13888183,0.08080549,E,34143.0,E,E,2
337170641,43.0,ACF,1.5140357212189883,0.8398289873732031,1.5639706814295775,51.31162929108535,0.0588057609274983,E,0.9948820896514377,0.0,0.0191350620904665,0.0039925505,0.00091202743,E,8181.0,E,E,2
337170641,44.0,ACF,1.5140171444745647,0.831670681493043,1.5507354583062731,51.1213242345961,0.0606450112536549,E,0.9988443235518564,0.0,0.062830589583591,0.009154272,0.006432307,E,8195.0,E,E,2
337170641,45.0,ACF,1.5139716601825055,0.8507006361385446,1.5829314697868675,51.075628041146985,0.0585984159260988,E,0.9948820896514377,0.0,0.0308364054366961,0.0025819193,0.00078342605,E,8207.0,E,E,2
338739426,66.0,ACF,1.4236015732376472,0.7699229676117353,1.371907898322482,134.8038188565656,0.1054728962481021,E,0.999059804878123,0.0,0.0414509343568074,9.560651e-05,1.7101049e-05,E,30060.0,E,E,2
339563367,66.0,ACF,1.3171210706368583,0.8262406748236234,1.152654732092055,80.30548181905135,0.6056734919548035,E,0.999967418268522,0.0,0.000275438557593,0.00062198035,0.00038439265,E,28901.0,E,E,2
339564202,66.0,LS,2.830622070464416,0.2041385507228841,0.2037623237511386,4.753136320447084,0.080923531204462,E,0.9987401896059752,0.04,0.1900390075151466,0.14909789,0.15343237,E,33811.0,E,E,2
339566276,12.0,LS,4.184644054207401,0.0723717467515775,0.0720228114023031,3.5836346286137086,0.2548377402126789,E,0.9989146020371952,0.0,0.0139093875242132,0.0011976352,0.0007065051,E,40750.0,E,E,2
339567904,39.0,LS,4.977662518554747,0.0375376519337782,0.0297432033548697,2.4784673729736824,0.0612635631114244,E,0.965,0.0,0.0520347180639879,0.040033273,0.01970475,E,40153.0,E,E,2
339568071,66.0,ACF,2.435171320328664,0.6842003343485653,1.0237448640280575,149.99950576088986,0.3845023363828659,E,0.999966729323518,0.0,0.0002815305571969,0.00016759714,8.1045924e-05,E,25845.0,E,E,2
339568071,66.0,LS,2.4421056435294672,0.0167806732702593,0.0167645689655157,4.346930235173204,0.3845023363828659,E,0.999966729323518,0.0,0.00028,2.347823e-06,3.8314244e-07,E,25843.0,E,E,2
339570153,39.0,ACF,12.694472714367294,0.5329207348795111,0.697359766481718,49.03718573640504,0.2117215096950531,E,0.994,0.0,0.0499015370697696,0.06267542,0.045310326,E,38048.0,E,E,2
339570153,66.0,ACF,3.171277603330509,0.343700218365934,0.4113903889502653,156.11631191563538,0.190901942551136,E,0.9807369833708814,0.0,0.0603249884624835,0.049250517,0.04081524,E,38064.0,E,E,2
339573009,66.0,ACF,2.152765519977038,0.7653029333989999,1.2559299139466575,176.0168642128807,0.2671362273395061,E,0.9989594705600991,0.0,6.014832264032826e-05,0.00031416208,8.6927554e-05,E,29759.0,E,E,2
339573009,66.0,LS,2.147169148896754,0.0366453019061075,0.0366097169165255,4.298987819176546,0.2671362273395061,E,0.9989594705600991,0.0,0.0008837618016496,5.9486134e-05,1.4867291e-05,E,29757.0,E,E,2
339680203,66.0,ACF,3.4212761280441555,0.6557529183863878,0.8011595105198641,126.94315232757776,0.0631526298820972,E,0.9990063276560912,0.0,0.0288145599194864,0.0023049258,0.0014688196,E,18968.0,E,E,2
340878553,66.0,ACF,1.1411889414189318,0.1450346973849222,0.0240016403653938,3.645051063478832,0.0107702333480119,E,0.9856673727766504,0.02,0.1200133396594181,0.08147936,0.03270894,E,65926.0,E,E,2
340894564,71.0,ACF,2.3034364106592875,0.3947292630790515,0.4557340326623982,57.15885898399699,0.0158157653640955,E,0.996809440649122,0.0,0.0206879009321475,0.0028987736,0.0018409251,E,5498.0,E,E,2
340894564,72.0,ACF,2.305681121757516,0.4174767700859471,0.4857129073137103,56.73753634209959,0.0154337892308831,E,0.996809440649122,0.0,0.0027924796575808,0.00047290477,0.00013219855,E,5523.0,E,E,2
341261846,66.0,ACF,3.916644367685876,0.5912995499803079,0.704507573255299,123.7288871472299,0.0798320490866899,E,0.9989852750245124,0.0,0.0030110009850921,0.0002918454,0.00011182527,E,9213.0,E,E,2
341517492,66.0,LS,3.991152054575488,0.038747711917419,0.0345410882339582,4.327250537106011,0.0074975512688979,E,0.982,0.02,0.1483568612672472,0.1844071,0.07587627,E,2667.0,E,E,2
342694097,12.0,ACF,4.333364615609753,0.4999832654160378,0.6965046327647377,23.681981083213373,0.4669293388724327,E,0.9999443011933208,0.0,1.1102230246251563e-16,2.9987868e-06,5.797299e-07,E,74999.0,E,E,2
342694097,66.0,ACF,4.337940008986152,0.540398988431857,0.7219135410233368,195.8579859684953,0.4086954519152641,E,0.9999443011933208,0.0,1.9295134218427738e-05,8.882755e-05,1.7826258e-05,E,75142.0,E,E,2
343119937,84.0,ACF,1.1435032610497728,0.9119402809160434,1.7385765203419523,117.52142355124306,0.8537932485342026,E,0.9999931693989071,0.0,0.1048858357275111,0.14997485,0.055351976,E,79014.0,E,E,2
347306762,57.0,ACF,4.0602311236471,0.6279543380206007,0.901077131519726,243.1882449732416,0.4857706278562546,E,0.9999280410307192,0.0,5.501269983572144e-06,1.1499008e-06,2.2743683e-07,E,44505.0,E,E,2
347306762,84.0,ACF,4.06254059555863,0.7506342054013886,1.0866063094709624,237.37683770857325,0.4043972119688988,E,0.9999443011933208,0.02,0.111712783815252,0.09752682,0.09360538,E,44534.0,E,E,2
348021286,18.0,LS,1.644661223440508,0.1081109904913983,0.1080717712112421,4.345986173728761,0.0320241670124232,E,0.988,0.0,0.0566338461096432,0.033175252,0.019811891,E,15700.0,E,E,2
348021286,58.0,LS,1.6497251670559925,0.1100195927775246,0.1097267179295257,4.560813125757704,0.0353204575367271,E,0.9894668249665466,0.02,0.131381434081975,0.08604631,0.07179981,E,15718.0,E,E,2
348023238,18.0,LS,4.491188593898501,0.0398179556051843,0.0283200485214516,4.003657325849872,0.0553765753284096,E,0.9929965846994536,0.02,0.1163301036180309,0.11612968,0.082655996,E,16775.0,E,E,2
348023238,58.0,LS,6.025081152998,0.0713369214582728,0.0694946168168781,3.3709677822516824,0.051068291068077,E,0.976419940024702,0.06,0.1827316488506939,0.20160244,0.1895536,E,16965.0,E,E,2
348137672,58.0,LS,1.3857689214662297,0.034116485775397,0.0310729775982338,5.967167166483705,0.0355676212348043,E,0.8929965846994536,0.02,0.1278126295321851,0.2037769,0.13103165,E,8412.0,E,E,2
348231507,58.0,ACF,1.73380280933452,0.9148236347781266,1.3687631031127805,108.90847971565712,0.3105996176600456,E,0.9999344512355552,0.0,0.0108407600611779,0.0029674228,0.001100649,E,17585.0,E,E,2
348433880,58.0,ACF,4.3495586268741135,0.8470663563303125,1.030366649724208,159.71752302805135,0.1146246306598186,E,0.998,0.0,0.0236666649833232,0.02246146,0.014884597,E,18802.0,E,E,2
348444535,58.0,LS,10.659771136278009,0.0755766150231533,0.0440463591108012,3.5989997766046145,0.0803047977387905,E,0.973,0.08,0.253678877074354,0.40713087,0.2621312,E,13645.0,E,E,2
348608380,58.0,LS,2.6146616908452085,0.0385877299313934,0.0385668904543544,4.2474172292568255,0.0649944134056568,E,0.997216730185483,0.04,0.1947028788218039,0.19196735,0.17527914,E,8228.0,E,E,2
348804216,61.0,LS,1.8065650873380164,0.0233432109953595,0.0230496036568879,4.070653383405443,0.064059211872518,E,0.9130206876456876,0.1,0.2420938882345056,0.24667177,0.117642686,E,44739.0,E,E,2
350355582,66.0,LS,7.57208284005588,0.1315094959560077,0.1131334020979511,3.655622850736109,0.3126274794340133,E,0.9999496062331086,0.0,0.0403039084862817,0.03618803,0.033709493,E,58244.0,E,E,2
353491274,58.0,ACF,6.810241590884289,0.7437301858190235,0.9807158694029072,119.43443051346684,0.0973247457295656,E,0.996,0.0,0.0813335302400568,0.123804785,0.07431432,E,4010.0,E,E,2
353491274,58.0,LS,1.135882593504444,0.076721657161423,0.0767127751453819,4.223965488916292,0.0973247457295656,E,0.996,0.04,0.1607921605517023,0.14169782,0.117757626,E,4005.0,E,E,2
353491274,59.0,ACF,3.407327363267541,0.808183821109613,1.07661163230054,119.94778257690064,0.0979304499924182,E,0.9948491381749044,0.0,0.0109406756373091,0.0060423133,0.002666077,E,4025.0,E,E,2
353491274,78.0,LS,1.7044569976106294,0.3987718399204085,0.3978970879899071,4.702170361408207,0.1049796212464571,E,0.9989585228268408,0.0,0.0342367774068798,0.008399603,0.0028588497,E,4037.0,E,E,2
353491274,79.0,ACF,1.701411025867401,0.5089158339862125,0.7482921756012889,149.80561746785236,0.100925788283348,E,0.9984792614134204,0.0,0.066137435742517,0.03935021,0.036546253,E,4056.0,E,E,2
356167330,74.0,LS,1.733820239102376,0.0342378008032271,0.0277521095939133,7.900528454683808,0.0204311986453831,E,0.847,0.04,0.2152590460690925,0.66102964,0.26920176,E,110882.0,E,E,2
356328268,73.0,LS,4.971610175076099,0.0400522999187313,0.0389324402591338,4.387981251697056,0.0296652060933411,E,0.982,0.02,0.126036331152901,0.19167061,0.081898645,E,1601.0,E,E,2
357875887,15.0,ACF,1.1666813097181148,0.5257294583177844,0.8832247621541958,6.118250235353777,0.0070424267323687,E,0.939,0.0,0.0817755161621526,0.052613247,0.012412662,E,72007.0,E,E,2
357875887,16.0,ACF,1.1666491524720186,0.4767822131752829,0.8059710291868398,6.176135314755278,0.0091436604270711,E,0.761,0.02,0.1104270146538945,0.21027097,0.05605367,E,71994.0,Unconstrained,E,2
359338875,57.0,LS,2.662725106947828,0.0204635819560779,0.0094601345501424,4.250366165488231,0.0255299918353557,E,0.9919965846994536,0.0,0.0952719585818513,0.055936657,0.027340295,E,34734.0,E,E,2
359432517,58.0,ACF,4.104121815583312,0.5379527913957118,0.7153390782649699,88.55024493889118,0.0272204540669918,E,0.9973935062594624,0.0,0.0232580924417376,0.0046408833,0.001661381,E,62542.0,E,E,2
359432517,78.0,ACF,2.050944159816936,0.4703776611359797,0.6347375326345617,78.58857832354897,0.0265931850299239,E,0.998809440649122,0.0,0.0091479420483298,0.003960418,0.0014096709,E,62562.0,E,E,2
359438901,58.0,LS,4.075724832953723,0.1669219421045499,0.160337842572436,3.465816874813754,0.3838454186916351,E,0.957,0.02,0.1270603489142675,0.17699447,0.14286156,E,53665.0,E,E,2
359438901,77.0,LS,10.792504070897603,0.2006757981794805,0.1176690985454637,3.1656109419709537,0.3065523505210876,E,0.9959953315666216,0.04,0.1526555215449993,0.21409793,0.16493164,E,53670.0,E,E,2
360029466,40.0,LS,2.516153835203617,0.126266359441189,0.1261727814564234,4.713024269742164,0.0070538721047341,E,0.92175,0.04,0.180533572320558,0.26649284,0.17902988,E,126023.0,E,E,2
360029466,41.0,LS,1.7956639126936895,0.1325172874957006,0.1319252325536632,4.936203297749671,0.0072368426481261,E,0.724,0.1,0.2272785300881668,0.58720386,0.35396704,E,126038.0,Unconstrained,E,2
360029466,54.0,LS,10.082772697308148,0.213584826391626,0.1821042537565129,3.9897003060686975,0.0027290903381071,ELL,0.941,0.12,0.2849670970480627,0.54465234,0.24137497,ELL,126060.0,ELL,E,2
360029466,81.0,LS,3.1690593834305973,0.1412952831051147,0.1390484877998656,3.569021299128508,0.0077696348307654,E,0.8663014042523185,0.06,0.1845080320049684,0.19485256,0.11965737,E,126071.0,E,E,2
360062316,41.0,LS,4.286453983606641,0.0584152247005145,0.0552300810426333,15.73168895779054,0.0166652246844023,E,0.986,0.06,0.1739715054613992,0.10936223,0.102369174,E,103915.0,E,E,2
360062316,54.0,LS,2.048077337288206,0.0207900587553804,0.0137717206176978,3.1234876514263306,0.0151565996930003,E,0.9904668249665468,0.0,0.0640730265655258,0.030576713,0.014706349,E,103936.0,E,E,2
362054448,80.0,LS,1.159827208320617,0.0484217697624938,0.0480980384749781,4.281634887774999,0.1201436948031187,E,0.998,0.04,0.1840269943709598,0.16118409,0.17363703,E,56662.0,E,E,2
363146191,63.0,LS,6.029021544884885,0.0885036874472403,0.0865454631691169,5.320479152615008,0.0271503976546227,E,0.9786675590723212,0.0,0.0688570119054066,0.018287621,0.0042860173,E,146233.0,E,E,2
365284007,56.0,LS,0.2844883465526095,0.1099539019040701,0.1099534195375467,8.153994678516028,0.0351327611133456,CEP,0.393,0.12,0.0519855518389484,0.16585678,0.15115595,CEP,86736.0,Unconstrained,E,2
365284007,57.0,ACF,1.1782202959907409,0.2788973299481482,0.5178924954301156,60.29096205630344,0.0410889834165573,E,0.97,0.02,0.1519881471289985,0.18215245,0.12444639,E,86765.0,E,E,2
365284007,76.0,ACF,1.1735957852847605,0.39118664818863,0.7079174465110614,58.17896232433179,0.0427265418693423,E,0.9908301287365374,0.02,0.1121265391715646,0.034053333,0.008444258,E,86781.0,E,E,2
365284007,77.0,ACF,2.000015334728232,0.3822354592055633,0.7348598776001326,60.34200914504868,0.0448263483121991,E,0.992,0.0,0.0361092120665499,0.024838302,0.006666045,E,86803.0,E,E,2
366850508,56.0,ACF,2.6018195061042206,0.8195120822058735,1.1972284089183851,295.5342966857152,0.0966474413871765,E,0.937,0.1,0.2129370037974504,0.20989008,0.11464517,E,36195.0,E,E,2
366850508,75.0,LS,2.612645506085429,0.3886167799577669,0.388604642738264,4.591711059765657,0.0798509363085031,E,0.9825938335099952,0.04,0.1517198042361847,0.10970433,0.065593705,E,36312.0,E,E,2
366850508,76.0,ACF,5.203747757419478,0.800418713323664,1.2151575607190763,288.6535352037436,0.0772261386737227,E,0.9969852750245124,0.0,0.0337043704139528,0.00087776827,0.00022994244,E,36201.0,E,E,2
366850508,82.0,ACF,2.6018676561398024,0.884648094364336,1.3759346790335625,293.1255541233576,0.0829655770212411,E,0.9499392633547444,0.0,0.0996726225844547,0.07746602,0.033006478,E,36206.0,E,E,2
367691816,16.0,ACF,2.02086636840204,0.7118134046344766,1.233913668593159,19.89307017400081,0.3528029844164848,E,0.999966729323518,0.0,0.0,2.6941256e-05,8.262992e-06,E,74159.0,E,E,2
367691816,16.0,LS,2.0368650062882145,0.0429074562449649,0.0428060600992684,3.848811598005796,0.3528029844164848,E,0.999966729323518,0.0,0.001116707492745,0.0006367345,0.00021755879,E,74156.0,E,E,2
367691816,17.0,ACF,2.0208228128300334,0.7156672392766242,1.2118749598572436,20.86987785643916,0.3610843792557716,E,0.999966729323518,0.0,4.911257629551585e-07,9.312906e-05,2.3992554e-05,E,74148.0,E,E,2
367691816,17.0,LS,2.005633977611625,0.036966998351611,0.0365201279576221,3.897699768165239,0.3610843792557716,E,0.999966729323518,0.0,2.95890498418272e-06,0.0003681719,0.00013399465,E,74146.0,E,E,2
367691816,24.0,ACF,2.0208712791570638,0.8433973958123322,1.440626404839232,20.10048778729453,0.3153921291232109,E,0.9999390673303388,0.0,0.0013159999999999,5.236218e-05,8.153113e-06,E,73854.0,E,E,2
367691816,24.0,LS,2.0320858865591696,0.0388511736968822,0.0386114008587121,5.809871982066852,0.3153921291232109,E,0.9999390673303388,0.0,0.0007561890757526,0.0001104011,2.2546436e-05,E,73852.0,E,E,2
370789328,81.0,ACF,1.54164951376697,0.6648394626298652,0.7797006462451218,63.26468370494251,0.019965199753642,E,0.994859440649122,0.02,0.0875580618807677,0.04919176,0.035992593,E,101722.0,E,E,2
370789328,81.0,LS,1.547681183257742,0.1952276153195143,0.1952155462502632,4.181952404367621,0.019965199753642,E,0.994859440649122,0.0,0.0036171444805458,0.00058180356,0.00030934627,E,101721.0,E,E,2
373702832,18.0,LS,1.3457890382897637,0.0916739453535841,0.0916441521448399,4.77273831469256,0.1005396991968154,E,0.999059804878123,0.02,0.1232863326812683,0.070291646,0.079067975,E,13396.0,E,E,2
373702832,24.0,LS,1.34882576680671,0.1129320810307912,0.1128816173954745,4.575153006082928,0.0907206814736127,E,0.998,0.02,0.1293393966191111,0.10101268,0.07882716,E,13554.0,E,E,2
373702832,25.0,ACF,4.041718306850271,0.4976031511030414,0.4517075663723717,7.8769074732732065,0.0966171268373727,E,0.992,0.04,0.1609251680615055,0.12471233,0.043046817,E,13384.0,E,E,2
373702832,52.0,LS,1.0095414814879242,0.0737539861378767,0.0734192226850481,4.222668001671991,0.0799767114222049,E,0.9991155425830408,0.0,0.0352469586811176,0.017606866,0.014926955,E,13577.0,E,E,2
373702832,58.0,ACF,4.034738597788419,0.6490633720457542,0.7580890670688456,73.23241077961643,0.0884636770933866,E,0.9989360946966436,0.0,0.0431727542883415,0.04579431,0.044224236,E,13417.0,E,E,2
373702832,58.0,LS,4.075797171277602,0.0128158403183986,0.0127515750323641,4.198422052711976,0.0884636770933866,E,0.9989360946966436,0.02,0.1386665933941307,0.111193374,0.1385999,E,13416.0,E,E,2
373702832,78.0,LS,2.0184441566290823,0.0471019655380998,0.0468881833582843,4.37035519717756,0.0918590743094682,E,0.9989585228268408,0.0,0.0033351807419745,0.0021468888,0.0008829713,E,13604.0,E,E,2
374308617,18.0,LS,4.503218857383199,0.0722724137605194,0.0510808427110294,3.8298562987092737,0.1367117650806903,E,0.991,0.0,0.1354262544708373,0.23947908,0.094831176,E,99284.0,E,E,2
374606947,58.0,LS,9.23844833363258,0.0824846128580307,0.0624611414712881,3.09683618535928,0.027476786635816,E,0.8982291999122944,0.04,0.1124426015745196,0.12589967,0.1065401,E,16789.0,E,E,2
375335283,56.0,LS,0.1622668417443533,0.4431119727232984,0.4431109648165018,4.467585089922068,0.0674499338492751,DST,0.958,0.0,0.0353187995265977,0.042971756,0.03142225,DST,75528.0,DST,E,2
375335283,57.0,ACF,2.27311350652235,0.4108271795133068,0.8138270058836594,46.011513595006136,0.0950161181390285,E,0.9989466885073144,0.0,0.0321868028795443,0.02826636,0.005336758,E,75563.0,E,E,2
375335283,76.0,ACF,0.3240713741797663,0.4174953472026638,0.9647826843901592,33.42525485967455,0.0714145181700587,ELL,0.976,0.02,0.0826688651013358,0.16093989,0.12376049,ELL,75572.0,ELL,E,2
375335283,77.0,ACF,2.2731648906137707,0.531740646820154,0.6476390631397347,57.21500406912924,0.1251512300223112,E,0.9989585228268408,0.0,0.031067280794061,0.0017551531,0.00042617708,E,75604.0,E,E,2
375335283,83.0,ACF,2.2685227098463656,0.4772178514009381,0.8570325174002172,41.55349820889353,0.1221416797488927,E,0.9989585228268408,0.0,0.0274944585824011,0.00053661526,0.00011683812,E,75623.0,E,E,2
375335283,83.0,LS,2.1495920426464803,0.0130148270812195,0.012806296496889,3.6817183577695687,0.1221416797488927,E,0.9989585228268408,0.0,0.003344241813107,0.00064604357,0.00026915636,E,75614.0,E,E,2
375335283,84.0,ACF,2.2708044050359604,0.500945547419607,0.7009695569484178,161.82838136602584,0.1333953719586134,E,0.9989466885073144,0.0,0.0728453347186103,0.028543223,0.015095062,E,75642.0,E,E,2
375875885,63.0,LS,5.526687420473117,0.1569836287376099,0.1492248443577165,5.511845513017761,0.012906480114907,E,0.9733034199209568,0.08,0.2199161221233985,0.22286054,0.1604903,E,120497.0,E,E,2
377606571,57.0,LS,1.4977706644137596,0.0622721329423967,0.061365991909478,3.68748599434548,0.032336909789592,E,0.996859440649122,0.06,0.1724758679601452,0.0475531,0.016635159,E,67705.0,E,E,2
377606571,58.0,ACF,3.011524199932865,0.6429564263807286,1.0352544105861212,169.7692658953656,0.0312160747125744,E,0.9936602574730748,0.0,0.055144835078839,0.014032339,0.00442163,E,67724.0,E,E,2
377606571,84.0,ACF,3.0162223163943054,0.6339736381498937,0.9999717145668674,162.9403872110704,0.0347710610367357,E,0.9978603383852656,0.04,0.1080107623712228,0.014531136,0.005406859,E,67739.0,E,E,2
377666925,58.0,ACF,2.2545818584803783,0.6603979536594334,1.1838872337882256,124.06813995056552,0.1036656275391578,E,0.9990130334489264,0.0,0.0448734770385669,0.029063893,0.008739986,E,70479.0,E,E,2
377900979,57.0,ACF,2.606494717820169,0.7651161268732873,1.3914578449218409,256.8013678350493,0.2066132053732872,E,0.998772070842106,0.0,0.0237715245802324,0.0032263661,0.0009515821,E,80786.0,E,E,2
377900979,58.0,ACF,2.5971713730086776,0.8679607181399206,1.6198857976914076,259.0385744764602,0.1971409097313881,E,0.996811461581107,0.0,0.0718518812819058,0.061464407,0.018328717,E,80793.0,E,E,2
377900979,77.0,ACF,2.590239538265905,0.70451149926904,1.2336618840041975,253.2946287415364,0.1952543295919895,E,0.9987575041672528,0.0,0.0326694432693798,0.009545841,0.0019687028,E,80804.0,E,E,2
377900979,78.0,ACF,1.2963189038418932,0.8434443086949741,1.5782690791239762,259.7536819287391,0.2125744335353374,CEP,0.517,0.02,0.0328720184959792,0.037510715,0.02725312,CEP,80810.0,Unconstrained,E,2
377900979,78.0,LS,1.2996536677459027,0.8883953137598962,0.8882986815212669,4.662532251837547,0.2125744335353374,CEP,0.516,0.0,0.0549370694522378,0.01586467,0.005763446,CEP,80808.0,Unconstrained,E,2
377900979,84.0,ACF,2.59723276346449,0.8070090318300402,1.5171158513877132,260.98154097391875,0.1954433135688305,E,0.9987575041672528,0.0,0.0546262647561011,0.027493589,0.020752236,E,80817.0,E,E,2
378275690,81.0,LS,2.559679450455973,0.0345263456089406,0.0339343308788385,3.86741157801589,0.0307229766622185,E,0.956,0.08,0.1862925490583769,0.16157946,0.08868737,E,139714.0,E,E,2
379012185,64.0,ACF,4.7315331004647305,0.6854608573460318,0.9873949730461076,510.0966297842356,0.1029429398477077,E,0.9928557994367614,0.06,0.1672448503756338,0.13532574,0.07759414,E,126608.0,E,E,2
380870688,39.0,LS,1.3754841897914925,0.0194949392935392,0.0190383266992288,8.103486306208652,0.0379213062115013,E,0.89,0.12,0.2499715154069763,0.34601212,0.1871882,E,76778.0,E,E,2
380870688,66.0,LS,6.442468794486055,0.0349591494224933,0.0319994789539027,4.0407038450139225,0.0462872628122568,E,0.9868398800494042,0.0,0.0876514890909539,0.027996007,0.012006352,E,76808.0,E,E,2
384530834,77.0,ACF,2.7523555723337267,0.3274437179956169,0.3944569075811493,88.15329589722842,0.0094227737281471,E,0.996809440649122,0.0,0.0135064873962773,0.00234445,0.00078407733,E,91248.0,E,E,2
384812248,58.0,LS,3.299218989724078,0.0107602930521721,0.0106814305541255,4.438208208073775,0.1561832707375288,E,0.9453692371308368,0.0,0.0778231769049565,0.019622179,0.0069355792,E,18825.0,E,E,2
384812248,59.0,LS,3.3554762978392425,0.0128218288452442,0.0116414200304127,3.838157388967375,0.1539887022227049,E,0.9168491381749044,0.0,0.0110972003030409,8.420343e-05,2.7551618e-05,E,18835.0,E,E,2
386624472,43.0,ACF,6.271450793923577,0.7420977438477323,0.7778169507085666,23.51750109890384,0.1250693295150995,E,0.996,0.08,0.196738732486353,0.30193886,0.19970804,E,18208.0,E,E,2
386624472,44.0,ACF,6.271374895913141,0.7360802148881559,0.7736349885777356,23.93558360044437,0.1267294026911258,E,0.99,0.08,0.262873967868457,0.42639244,0.27127525,E,18038.0,E,E,2
386624472,45.0,ACF,6.271187121943967,0.7358884023516845,0.7743021947586511,23.85036383328486,0.1279882993549108,E,0.996,0.02,0.1038109996980204,0.12077298,0.12392333,E,18239.0,E,E,2
386624472,45.0,LS,3.1287392268149445,0.0801365344357892,0.0801139673701845,4.274231610597781,0.1279882993549108,E,0.996,0.06,0.2233893929844113,0.21449351,0.16724868,E,18237.0,E,E,2
386624472,71.0,ACF,6.271351558599235,0.7350398928349339,0.780244843202526,73.223045464797,0.1302223280072212,E,0.9959965846994536,0.04,0.1366285708938993,0.2150383,0.1580576,E,18269.0,E,E,2
386624472,72.0,LS,2.090671257241063,0.0722221894404231,0.0717703169452976,3.850470450182911,0.134354056790471,E,0.996,0.08,0.2148283463119591,0.19196954,0.15562129,E,18293.0,E,E,2
388791818,57.0,LS,3.3438267989780868,0.0455006001492779,0.0222427067858423,2.9194338475535915,0.0434855837374925,E,0.9853935062594624,0.06,0.204899827130685,0.25536674,0.1721415,E,52698.0,E,E,2
388791818,77.0,LS,4.384535186282857,0.1113371574774185,0.0733059401596547,4.538926370725676,0.0445343321189284,E,0.9896272904401078,0.04,0.1652255532129572,0.1830189,0.13248329,E,52708.0,E,E,2
388791818,84.0,LS,6.436918208939457,0.1535950697127234,0.1528149655428349,5.169951227875572,0.0484562059864401,E,0.944,0.1,0.2072855181762738,0.32878143,0.22510934,E,52717.0,E,E,2
389531769,58.0,ACF,2.3726840748622635,0.9094248219744412,1.338228182240459,142.09427471236313,0.2087194100022316,E,0.986,0.12,0.3008425074782392,0.34778357,0.25115076,E,38651.0,E,E,2
389531769,78.0,ACF,2.372681937254129,0.8189792863153165,1.210460848603985,138.30271454225235,0.2320589125156402,E,0.9989194653730408,0.0,0.0005516666482046,0.00022416005,0.000121822304,E,38436.0,E,E,2
389536784,58.0,LS,3.222703559189126,0.0577251483699224,0.0563708309393772,3.991167676507757,0.1051103882491588,E,0.976,0.08,0.247335758621557,0.2889076,0.22246939,E,17487.0,E,E,2
389538282,58.0,LS,6.298918303812012,0.049082301943417,0.0464052871054812,4.509873435072223,0.1547893416136503,E,0.951025179725101,0.0,0.0554506483647186,0.0012631916,0.00040473897,E,37798.0,E,E,2
389561652,65.0,LS,1.2441626160441404,0.0153317835576625,0.0144154000483241,5.215645316300652,0.0492305448278784,E,0.845,0.1,0.2045964158833275,0.33903396,0.13278125,E,25632.0,E,E,2
390050777,58.0,LS,2.5195772621021355,0.2171133430808323,0.2170323201971294,4.469050121278997,0.0822655577212572,E,0.9987205817628376,0.04,0.1864191341533108,0.18657634,0.16763002,E,17725.0,E,E,2
390050777,78.0,ACF,5.076371217351152,0.6260271976849636,0.7587351611980906,199.60044425971,0.0729380268603563,E,0.9969852750245124,0.0,0.0250744676037408,0.000844468,0.00030251482,E,17740.0,E,E,2
390050777,78.0,LS,5.113404807059095,0.211362856406232,0.1976279086406116,5.419571030080988,0.0729380268603563,E,0.9969852750245124,0.0,0.0341273324056619,0.01501799,0.012333099,E,17739.0,E,E,2
390393750,64.0,ACF,3.4120677406390314,0.8434204314580284,1.3814370547973875,284.9554654545484,0.808417871594429,E,0.996,0.04,0.1560265566085462,0.14783849,0.10612333,E,146814.0,E,E,2
390408482,18.0,ACF,1.4583521455892878,0.6884164567786393,1.2609831685889208,31.85628665339923,0.5655041709542274,CEP,0.473,0.06,0.0555729574523436,0.21069081,0.105126105,CEP,5896.0,Unconstrained,E,2
390408482,19.0,LS,2.966207361793283,0.0910666467815843,0.0905653998098982,4.062723039593493,0.6270892173051834,E,0.9999504691609165,0.0,0.0006917137301002,0.003778214,0.0010789945,E,6156.0,E,E,2
390408482,58.0,LS,2.94847538977636,0.0894551905894403,0.089425847985414,4.434471114029293,0.4787900671362877,E,0.9999733953349756,0.02,0.1369808789895976,0.15118894,0.10295449,E,6415.0,E,E,2
390408482,59.0,LS,2.9554612085034715,0.0680056214877419,0.0675185173996295,4.79211565994774,0.5188289284706116,E,0.9999692355891822,0.0,0.0327831649493838,0.039750695,0.033556025,E,6424.0,E,E,2
390549095,10.0,ACF,1.875005824801974,0.7620950675897972,1.213786034637941,17.710998964438517,0.0079971965169534,E,0.996809440649122,0.0,1.1102230246251563e-16,2.9370792e-06,4.30641e-07,E,114050.0,E,E,2
390549095,10.0,LS,1.847021867795251,0.0984623035341732,0.0984484626537488,4.445928686458046,0.0079971965169534,E,0.996809440649122,0.0,0.0077903384821967,0.0011831168,0.00025009282,E,114048.0,E,E,2
390549095,11.0,ACF,1.8749593992288285,0.6982704944649586,1.0720309575337676,17.54766071007853,0.0158776296302676,E,0.996809440649122,0.0,1.1102230246251563e-16,3.2429256e-05,4.6650603e-06,E,114059.0,E,E,2
390549095,11.0,LS,1.8749615366056671,0.1159652743852547,0.1158573582392792,4.080637127546652,0.0158776296302676,E,0.996809440649122,0.0,0.0201688680963149,0.00018310842,7.532849e-05,E,114056.0,E,E,2
390549095,63.0,ACF,1.8680896524774653,0.8103926352429291,1.301479119879985,161.7175881308534,0.0138158537447452,E,0.996809440649122,0.0,0.0017526670209559,0.0017056589,0.0004396394,E,114068.0,E,E,2
390549095,63.0,LS,1.8681857544473603,0.1205535876697281,0.1205297524604659,4.639829183852271,0.0138158537447452,E,0.996809440649122,0.0,0.0002657486338797,0.00016206993,4.2599127e-05,E,114066.0,E,E,2
390549095,64.0,ACF,1.870361428424076,0.7701957280187325,1.2027068181123912,153.19404091573313,0.0120950315613299,E,0.996809440649122,0.0,0.0013876225770236,0.0006635896,0.0002459436,E,114078.0,E,E,2
390549095,64.0,LS,1.868881545272433,0.1120419307430282,0.1120196323488879,4.5908275037691055,0.0120950315613299,E,0.996809440649122,0.0,0.0100806313052468,0.000353143,0.00017204917,E,114076.0,E,E,2
390668263,10.0,LS,2.1336275219936907,0.0330839196220249,0.0276855048183749,4.519982656009688,0.0097894261125475,E,0.99,0.0,0.0480106939245184,0.026727725,0.0093598105,E,130215.0,E,E,2
390668263,11.0,LS,2.343700155779541,0.0854129523642462,0.0840138938449031,5.195838669308159,0.0132529065012931,E,0.9907689697265668,0.0,0.1095125583246592,0.11553776,0.05570905,E,130222.0,E,E,2
390668263,36.0,LS,2.5340490005220326,0.014326883004362,0.0139141623612927,5.6606207161567,0.0176091550383716,E,0.992,0.04,0.1401470914261893,0.12494337,0.083027065,E,130236.0,E,E,2
390668263,37.0,LS,4.850416148695225,0.0520509150144425,0.0490760202011498,4.426192766339227,0.0151263491716235,E,0.992,0.0,0.0315675815552265,0.020173272,0.007894123,E,130252.0,E,E,2
391527281,63.0,ACF,1.8495717261057507,0.91404648553334,1.375198100506,207.5493796538316,0.047610830515623,E,0.998809440649122,0.0,0.0466933023601505,0.0018231947,0.00033769044,E,123819.0,E,E,2
391527281,64.0,ACF,3.703686367953196,0.7536186988360383,1.108304397051178,213.4146175255271,0.0509286252781748,E,0.9867870125189248,0.0,0.0044061750991534,0.00012720737,3.203013e-05,E,123833.0,E,E,2
391527871,63.0,LS,1.0527082074328606,0.138707552105033,0.138681471175215,5.163764968128817,0.0518228858709335,CEP,0.518,0.02,0.061811015199558,0.42869264,0.25917843,CEP,138676.0,Unconstrained,E,2
391527871,64.0,ACF,1.081013241607252,0.675990760274225,0.9500882097892476,154.61401995074044,0.1663328148424625,E,0.9909965846994536,0.08,0.2119982890984736,0.23651075,0.12259371,E,138691.0,E,E,2
391711241,63.0,LS,1.5072466875228554,0.024423197970588,0.0242608255001741,4.834672479682922,0.0215391116216778,E,0.984,0.06,0.1845309762129326,0.22406429,0.09775761,E,145585.0,E,E,2
397221083,65.0,ACF,3.030113739312128,0.3095709429191415,0.4026651811210803,66.8411783488175,0.0081783381756395,E,0.971,0.06,0.1934883748533492,0.1793063,0.08561344,E,142088.0,E,E,2
400166377,43.0,ACF,2.2154945321090054,0.7517251892157705,1.0241659443460207,55.92970464112204,0.0525302113965153,E,0.9987877015186872,0.0,0.0019282272384006,0.00017085792,3.5993486e-05,E,7048.0,E,E,2
400166377,44.0,ACF,2.2154637833873494,0.6927586625300618,0.8841167113302357,54.61294235182038,0.0648662773892283,E,0.9990287557862886,0.0,1.1102230246251563e-16,3.950684e-06,1.0934162e-06,E,7071.0,E,E,2
400166377,45.0,ACF,2.215394366588044,0.7524749784120857,1.042629094925978,60.03449098973641,0.0550498533993959,E,0.9988995245989916,0.0,1.1102230246251563e-16,1.8833436e-05,3.736598e-06,E,7088.0,E,E,2
400166377,71.0,ACF,2.2177693872163218,0.7135841417539128,1.1229439480779757,146.76069366170896,0.0555585930123925,E,0.9988995245989916,0.0,0.0012693158936475,1.5028423e-05,1.9560498e-06,E,7104.0,E,E,2
400166377,72.0,ACF,2.220007766819436,0.6808741586625513,1.0995879476300363,171.3326560867315,0.0514000421389937,E,0.994809440649122,0.0,0.00028,2.1897634e-07,3.3717477e-08,E,7234.0,E,E,2
400383177,58.0,LS,0.5075977208108708,0.0988919158474964,0.0988877037093323,9.153233187036676,0.0506614660844206,CEP,0.405,0.1,0.0500122225061034,0.48201072,0.3077999,CEP,60007.0,Unconstrained,E,2
400383177,78.0,ACF,1.7754891051877166,0.5159749828090431,0.8414595912893867,101.14566347252357,0.0159595138393342,E,0.994809440649122,0.0,0.0046663203418426,0.0033620517,0.0008581715,E,60045.0,E,E,2
400383177,84.0,LS,0.8817818365752498,0.1043725103092751,0.103782214590086,4.5039136690647865,0.0613829446956515,CEP,0.448,0.12,0.1017384017959786,0.69796723,0.3736027,CEP,60049.0,Unconstrained,E,2
400902778,64.0,LS,1.1500993327569982,0.0198671403325898,0.0118409708402181,3.085209520053468,0.0702137080952525,E,0.982,0.02,0.1484527511209543,0.14669639,0.09760929,E,23418.0,E,E,2
400902778,65.0,LS,0.5205590383662787,0.4859765099008932,0.4859689412484606,5.854706226538838,0.0570260267704725,CEP,0.408,0.04,0.0537553122956234,0.452696,0.30656764,CEP,23427.0,Unconstrained,E,2
401852267,62.0,LS,2.4664535556554243,0.0357342779524793,0.0355616895059528,5.645871925178653,0.0139059440698474,E,0.992,0.0,0.0282090443392678,0.013810928,0.005662008,E,127975.0,E,E,2
402016727,62.0,ACF,1.9953933465731095,0.7730072798976029,1.250373276457534,153.51620835388007,1.2370124459266665,E,0.9718443030102456,0.0,0.011996009497398,0.0002782491,7.044688e-05,E,132595.0,E,E,2
402016727,63.0,ACF,3.9814504310197663,0.8185851997286652,1.3059766701829334,157.24035059100925,1.1075881123542786,E,0.9999375531368058,0.0,0.0301652211436426,0.04143718,0.028466677,E,132608.0,E,E,2
403653053,80.0,ACF,13.08346138210254,0.4469603538569229,0.2572912829326238,71.29613583487662,0.1727727614343166,E,0.9631780034279384,0.0,0.0491526004518455,0.06061557,0.06497099,E,51298.0,E,E,2
405577964,37.0,ACF,1.263908114372498,0.5106003455265459,0.6301489255882283,45.203723896978175,0.1330758538097143,E,0.99,0.12,0.2301833174728312,0.24284902,0.13010159,E,98147.0,E,E,2
405577964,38.0,LS,0.3018123373517297,0.0522111650216303,0.0522087569393031,5.97028284751832,0.1903189346194267,RR,0.361,0.12,0.0807378473827485,0.49045438,0.24274157,RR,98278.0,Unconstrained,E,2
406965391,58.0,ACF,3.6920825953438903,0.8516809533451409,1.15378942496906,118.05511667635416,0.1148843206465244,E,0.9988491381749044,0.0,0.001665571910314,1.5959187e-05,2.2183501e-06,E,61860.0,E,E,2
406965391,78.0,ACF,3.694484349774939,0.7045637003310882,1.0349707144378448,115.96262922809616,0.1213112846016883,E,0.9988491381749044,0.0,1.1102230246251563e-16,8.043237e-06,2.3119535e-06,E,61873.0,E,E,2
408937625,19.0,ACF,4.0625177269294,0.7099443536536839,1.076754725867198,31.030541402683667,0.6233146414160728,E,0.9999280410307192,0.0,0.0059229474081411,0.00042210612,6.951236e-05,E,52419.0,E,E,2
408937625,59.0,ACF,4.062516121189219,0.6203576821464597,0.9269774800348682,252.6331605172857,0.5398770049214363,E,0.9999280410307192,0.0,1.3726160267635718e-05,0.00014435865,6.0869723e-05,E,52433.0,E,E,2
408937625,73.0,ACF,4.0439324515400585,0.5707092675574121,0.7918655449338239,263.3174692986556,0.5740430951118469,E,0.9999280410307192,0.0,0.0002760549535589,0.001028515,0.0005561295,E,52444.0,E,E,2
408937625,73.0,LS,4.067710153202151,0.1829675322566332,0.1806941403575364,4.35409228960998,0.5740430951118469,E,0.9999280410307192,0.0,9.53171029619651e-06,0.00015960148,5.9042326e-05,E,52443.0,E,E,2
409112742,59.0,ACF,1.993069878750248,0.7198451924209269,0.9706874891521178,101.9391654710447,0.1915441080927848,E,0.9988905206715172,0.0,0.013461044475221,0.0019510393,0.0011912672,E,4608.0,E,E,2
409112742,73.0,ACF,1.993039009153108,0.6822579271306227,0.8829694808651934,100.52840925676844,0.1803406327962875,E,0.9989060004520084,0.0,0.0005741417761044,1.296202e-05,4.117969e-06,E,4622.0,E,E,2
410336237,59.0,ACF,1.8240614969981837,0.4240201697776637,0.4688845863710729,101.97017017694088,0.0653405766934156,E,0.989875,0.0,0.0485760702638263,0.027977671,0.019853767,E,13700.0,E,E,2
410336237,73.0,LS,0.4580940311782628,0.3816093350977334,0.3815021874399489,4.539170235297206,0.0515971658751368,CEP,0.425,0.1,0.0603841038684851,0.3051596,0.22909613,CEP,13705.0,Unconstrained,E,2
410522328,16.0,ACF,1.5000147643650052,0.8238963911536725,1.459072615118488,15.23194327378136,0.388619415462017,E,0.9999621132287344,0.0,2.878017705804026e-06,0.0001429705,2.7032895e-05,E,88975.0,E,E,2
410522328,17.0,ACF,1.4999916041924737,0.7752281497661572,1.4128171792237776,15.50228235471006,0.4371119290590286,E,0.9999621132287344,0.0,4.911257629551585e-07,0.0001662557,3.53756e-05,E,88965.0,E,E,2
410522328,24.0,ACF,1.500022449563403,0.8345328242022628,1.491790417689947,15.510323761242503,0.4773614928126335,E,0.9999621132287344,0.0,4.911257629551584e-07,0.00013705173,3.1256364e-05,E,88954.0,E,E,2
410522328,56.0,ACF,1.4953920902898972,0.818859900402818,1.4925936332722574,140.5353234300145,0.3662487119436264,E,0.9999621132287344,0.0,0.0022350909088934,0.0035947454,0.0016771659,E,88983.0,E,E,2
410522328,57.0,ACF,1.4976753166788512,0.794877605569181,1.409248939938293,137.98736371184168,0.5863327905535698,E,0.9999621132287344,0.0,0.000617066508231,0.0056205476,0.0021862094,E,88991.0,E,E,2
410522328,76.0,ACF,1.4953409161153104,0.8429360553325657,1.5307678485660188,140.47895965228838,0.6128764525055885,E,0.9999621132287344,0.0,1.1102230246251563e-16,3.099531e-05,3.6118645e-06,E,88998.0,E,E,2
410522328,77.0,ACF,1.4999970166754792,0.5771695059595796,0.9734058991858754,133.98213625782432,0.9324026852846146,E,0.9999621132287344,0.0,0.0005432384693875,0.0006052952,0.00014866609,E,89016.0,E,E,2
410522328,83.0,ACF,1.4977028658181553,0.822915995447135,1.467684379152958,135.92927513492884,0.5396883934736252,E,0.9999646194943984,0.0,1.456172212669401e-05,0.006163918,0.0021196913,E,89024.0,E,E,2
411043004,58.0,ACF,0.8078523596732339,0.8304986305190313,1.6209972739429106,85.29521538295728,0.1907192356884479,E,0.9990203550284956,0.0,0.0491574062472642,0.02121681,0.0075257295,E,13913.0,E,E,2
411043004,76.0,ACF,0.8078537262977079,0.8686964220397787,1.7264840592245587,86.681792491534,0.1447580475360155,E,0.9991067218937778,0.02,0.1451591768806823,0.07783207,0.04995886,E,13924.0,E,E,2
411043004,77.0,ACF,0.8055530621240905,0.7317550389189251,1.4015836983922774,86.07805211807124,0.3074593655765056,E,0.99991213407055,0.08,0.2373793383413544,0.25115728,0.14492427,E,13941.0,E,E,2
411043004,78.0,ACF,0.8078868161946957,0.844889773645179,1.655353617250278,86.25223658381896,0.1395752839744091,E,0.9971067218937778,0.04,0.1726867190043559,0.12389504,0.06868314,E,13951.0,E,E,2
412755832,65.0,LS,3.5698060370914866,0.0397906571679533,0.0299107248216561,20.91625154217036,0.5328535288572311,E,0.9999812335717344,0.04,0.1408276735530627,0.1495223,0.101767115,E,86510.0,E,E,2
413199851,65.0,LS,4.196114004742716,0.0116019785844085,0.0115506288539396,4.44799401558339,0.1733702421188354,E,0.994,0.0,0.0590936341749261,0.104591586,0.042498786,E,124244.0,E,E,2
413530267,65.0,ACF,6.791715432627825,0.7409806502033726,1.010129737634355,392.7372448490173,0.822707861661911,E,0.972,0.06,0.2102812365503892,0.31965926,0.2243509,E,41141.0,E,E,2
414019028,16.0,LS,2.1955385100502696,0.1132975326355982,0.1130778731697164,3.947120197979075,0.0638285791501402,E,0.9979931693989073,0.0,0.0586771122835982,0.027933987,0.023145352,E,80187.0,E,E,2
414019028,17.0,ACF,4.354129351706433,0.6723951203372579,0.8067995005901522,10.409546479669842,0.0606456259265542,E,0.9967206133703772,0.0,0.0086336947223903,0.0036447519,0.0010364839,E,80075.0,E,E,2
414019028,57.0,LS,2.1785415222165176,0.1137156090301259,0.1132448317744185,4.249166657107708,0.0663177855312824,E,0.9990287557862886,0.0,0.0781001360705069,0.050812926,0.041684058,E,80300.0,E,E,2
414019028,76.0,ACF,4.361009857613681,0.7370733856674944,0.8959701555067263,93.4873395682057,0.0632056267932057,E,0.9970063276560912,0.0,0.0059237112856891,0.0040500537,0.0020414884,E,80210.0,E,E,2
414019028,77.0,ACF,4.349531012103853,0.3345994744976823,0.3965947173452734,99.66716980288948,0.0632915925234556,E,0.9970063276560912,0.0,0.0469092311232247,0.024457274,0.024438836,E,80230.0,E,E,2
414019028,83.0,LS,1.4497431625473771,0.1514588383933146,0.1514474512518405,4.285212381961173,0.0634606881067156,E,0.998,0.04,0.1457961105594622,0.10987328,0.09443827,E,80092.0,E,E,2
414106069,80.0,ACF,2.634258546102501,0.6410438399081633,0.9820636820335442,197.64343066985955,1.131340265274048,E,0.988,0.02,0.1457911855630283,0.17422405,0.13910015,E,9892.0,E,E,2
420295471,58.0,ACF,1.4027675273991915,0.9160170094674344,1.4906422384892868,111.33730388984702,0.4888506233692169,E,0.9999621132287344,0.0,0.0074022874009093,0.002979212,0.00080423884,E,46309.0,E,E,2
420295471,58.0,LS,1.3976195717728432,0.0360325439973055,0.036031004834485,4.471801368250453,0.4888506233692169,E,0.9999621132287344,0.1,0.279200213145536,0.2835249,0.22063059,E,46307.0,E,E,2
420295471,78.0,ACF,1.4027850284610397,0.901841744854541,1.4670804421887742,110.633388884213,0.4799160733819008,E,0.9999621132287344,0.0,0.0067412465461729,0.0042392877,0.0025431598,E,46068.0,E,E,2
420295645,78.0,LS,2.0184658478670983,0.0190551916999943,0.0177418007447785,6.314146722830628,0.0724418507888913,E,0.994,0.0,0.0646959804191348,0.04522486,0.02343281,E,131129.0,E,E,2
420551769,58.0,LS,3.827138178305318,0.0801088907258295,0.0672949150253005,6.538896777070477,0.0458983657881617,E,0.986403966052672,0.06,0.2342931291590226,0.29224402,0.20603043,E,39517.0,E,E,2
420551769,78.0,LS,4.261205973037933,0.1162322855786792,0.0133754434422361,2.8704933407279896,0.0675328867509961,E,0.994,0.0,0.0641719463420465,0.053447787,0.019595468,E,39523.0,E,E,2
422533085,58.0,LS,2.3487437143371914,0.0129995637335869,0.0129366168777954,2.9666563521168428,0.1854371652007103,E,0.992,0.02,0.1272494781470869,0.09867551,0.0734491,E,38510.0,E,E,2
424566044,59.0,LS,6.534935024537727,0.0633763081422473,0.0573271038770032,3.908603939762543,0.014859935035929,E,0.9730358004157006,0.02,0.1322271368284726,0.04491545,0.018673709,E,3185.0,E,E,2
425115568,80.0,LS,2.4485595982525026,0.1025461881147135,0.1019744171083654,4.165602346904052,0.1459391880780458,E,0.842,0.04,0.1617267275375347,0.35394543,0.108944915,E,6697.0,E,E,2
426256249,59.0,LS,7.9145990059642175,0.1115866320823759,0.1107660651714849,4.039409510591213,0.1205602940171957,E,0.9969404672438456,0.0,0.005488111185883,0.011240865,0.007170977,E,55983.0,E,E,2
426256249,73.0,LS,7.896209412735703,0.1366152172645656,0.136104843437566,3.7192458695608366,0.1211495790630579,E,0.964,0.06,0.1710222795330296,0.28351915,0.17942244,E,55997.0,E,E,2
427098792,56.0,LS,10.723037234103092,0.5469337480489417,0.4415590321957732,4.033188406239788,0.0074175972258672,CEP,0.502,0.02,0.0572454225244254,0.06887067,0.046301976,CEP,63013.0,Unconstrained,E,2
427098792,76.0,LS,9.670011787489036,0.3336352241458074,0.3076396712799903,3.846574208113452,0.0058638758491724,CEP,0.54,0.12,0.0932607613093524,0.35116184,0.20954883,CEP,62949.0,Unconstrained,E,2
427098792,77.0,LS,5.396397071029746,0.0842856298038,0.0830704027485266,8.417122464408749,0.0069533084752038,E,0.9909635680197986,0.0,0.0493668025871695,0.013694253,0.0047159647,E,63108.0,E,E,2
427347825,32.0,LS,1.1063806691934068,0.092762399886271,0.0925976056445528,4.557947824445364,0.0264406064525246,E,0.9490553058655512,0.04,0.1378183227848246,0.07957776,0.049545746,E,72055.0,E,E,2
428184259,76.0,ACF,0.2731418887906329,0.1211533199228818,0.0369503276922522,18.749991142238272,0.0117984251119196,E,0.8827499999999999,0.1,0.248724442877958,0.2786067,0.18854672,E,90672.0,E,E,2
428184259,84.0,ACF,0.0092591766970144,0.2861562201477821,0.0176166755179489,1.3206940093904174,0.0193118571769446,ELL,0.601,0.1,0.1075886218094513,0.65840137,0.22939087,ELL,90722.0,Unconstrained,E,2
428187251,57.0,LS,2.2466225945364133,0.024400342113789,0.0242434149857608,10.091884877721895,0.3265927359461784,E,0.999997493734336,0.0,0.0181766794823445,0.030285254,0.012348999,E,51820.0,E,E,2
428187251,83.0,LS,6.561387958225672,0.5963086636197947,0.5785375347844234,4.595716224856005,0.2279194444417953,CEP,0.714,0.0,0.1019949881121616,0.6160517,0.25610557,CEP,51832.0,Unconstrained,E,2
428246029,84.0,LS,3.9011566221222775,0.1371098881329825,0.1140042881463449,27.38728298555725,0.4112324491143226,E,0.998,0.02,0.1333411221597722,0.14963126,0.11669132,E,52452.0,E,E,2
428410937,58.0,ACF,1.8842390467780208,0.9018403621367858,1.25272118285583,101.6724420382766,0.2570904418826103,E,0.974,0.1,0.2854119668327034,0.33186603,0.24567392,E,68007.0,E,E,2
428410937,78.0,ACF,1.8842754428169428,0.6410293566782638,0.9417773173495988,106.3964715090118,0.2548337541520595,E,0.992,0.12,0.2719243894909024,0.31438002,0.1860724,E,67900.0,E,E,2
428526269,78.0,LS,4.2612122930964045,0.0132580904998967,0.0126089118338007,2.92965792085306,0.1284488104283809,E,0.917,0.1,0.255664585497831,0.57554716,0.22322048,E,39815.0,E,E,2
430064445,77.0,LS,3.188803255107574,0.026772921338534,0.0249966558862603,3.0195930401787336,0.005674235871993,E,0.891,0.04,0.1528224290683816,0.1354317,0.056945365,E,66705.0,E,E,2
430064445,83.0,ACF,6.773164748499767,0.1726202021747548,0.0133771683206818,3.047272152183723,0.0052930536912754,ELL,0.989,0.12,0.2527901105660584,0.3231182,0.21319088,ELL,66744.0,ELL,E,2
430064445,84.0,ACF,4.469827985160009,0.18662832365723,0.0154207924126552,2.399035891306766,0.0056553084868937,E,0.992,0.02,0.080015920666052,0.014300385,0.00465512,E,66770.0,E,E,2
430594580,61.0,ACF,1.8981881252148012,0.822688513233526,1.3716521027350803,178.72309006946625,0.101723363623023,E,0.9989585228268408,0.0,0.0446900338862095,0.0010773803,0.00022297274,E,140343.0,E,E,2
430594580,61.0,LS,1.9070064727232008,0.1171556566695535,0.1171511646299036,4.313435728832701,0.101723363623023,E,0.9989585228268408,0.0,0.0011062268690466,0.0010413014,0.00045661945,E,140341.0,E,E,2
430594580,62.0,ACF,1.8981434657052887,0.7737877714392956,1.3105411162857448,181.59472226025517,0.1005362719297409,E,0.9989585228268408,0.0,0.0322007522127493,0.00038592378,7.706398e-05,E,140378.0,E,E,2
430594580,62.0,LS,1.8793795561975577,0.1091228221424341,0.109098350638194,4.301867217858671,0.1005362719297409,E,0.9989585228268408,0.0,0.016791264351352,0.017900538,0.0072707552,E,140376.0,E,E,2
432856111,80.0,LS,6.611084430679626,0.0613192198127592,0.0592233673171602,3.199141959932604,0.2718655206263065,E,0.996,0.02,0.1210983761272472,0.17933278,0.10990688,E,75052.0,E,E,2
434171402,57.0,ACF,1.122687724609932,0.0654475661289306,0.0586878411558602,3.9501330146342175,0.012546635698527,E,0.811,0.12,0.2500791591701459,0.3544144,0.16296874,E,421.0,E,E,2
434171402,77.0,LS,2.033397477838483,0.1015945972663291,0.1014213399116179,3.942721032562986,0.0101382588036358,CEP,0.469,0.06,0.0687555205056292,0.4705453,0.31182894,CEP,445.0,Unconstrained,E,2
434293164,72.0,LS,1.021948527404534,0.0208893735338413,0.0208745208912734,3.66786278622385,0.0219906098209321,E,0.982813645220054,0.0,0.0859933809997501,0.069430545,0.04253432,E,2637.0,E,E,2
434352569,65.0,LS,1.9041444281091484,0.0315179573185497,0.0301115305812554,4.4161018934282765,0.0118469470180571,E,0.9836744880802258,0.12,0.2643732820258178,0.35768804,0.1901978,E,144302.0,E,E,2
435102199,64.0,ACF,2.04401796635284,0.9112691346429724,1.5244305340159705,183.57840852874824,0.4596541076898575,E,0.999966729323518,0.0,0.0002803583169343,0.001277217,0.00049534894,E,101853.0,E,E,2
435102199,65.0,ACF,2.0439556558822005,0.7935434070539296,1.4064927444365225,195.96088898659707,0.46541478484869,E,0.999966729323518,0.0,0.0016798593417055,0.00033318083,0.00011910141,E,101863.0,E,E,2
435102199,65.0,LS,2.0473893474091738,0.0715520493818575,0.0714369675451885,4.528498732823209,0.46541478484869,E,0.999966729323518,0.0,1.579510857896271e-06,0.0002262711,6.9920185e-05,E,101861.0,E,E,2
435102702,64.0,ACF,1.680586399144886,0.6670543128948453,1.0622315223861496,80.4347814454701,0.055311513133347,E,0.9944973813471149,0.0,0.0123078856628882,0.005326679,0.0011247931,E,100239.0,E,E,2
435102702,65.0,ACF,0.8402678372171977,0.6061343388006438,1.1109145910713412,77.63177189810398,0.054069347679615,E,0.9870266710343496,0.0,0.0534718030269379,0.011714267,0.0040632416,E,100528.0,E,E,2
436272339,64.0,LS,2.587737267367234,0.1531728105517858,0.1529978609595062,4.762954728103068,0.0332506233826279,CEP,0.468,0.08,0.0785447643067314,0.57191086,0.31576383,CEP,84199.0,Unconstrained,E,2
436272339,65.0,ACF,2.6481152226915583,0.2393712162376026,0.2555756378894264,40.75251873337652,0.0536212651059031,E,0.9889965846994536,0.04,0.1286689230668041,0.13703357,0.08410342,E,84430.0,E,E,2
436338303,71.0,LS,2.5028499512160343,0.1223821903713469,0.1218942218372764,4.908061272417399,0.0115486071445047,E,0.99,0.1,0.276273793690498,0.29943025,0.24670559,E,54043.0,E,E,2
436338303,72.0,LS,2.4910035225904745,0.1868150689748728,0.1863305347228813,4.201638966329483,0.0160032603889703,E,0.9876240117515832,0.06,0.1821219849621281,0.1653889,0.124601945,E,54190.0,E,E,2
436382800,38.0,LS,3.923577673418976,0.0589475380563121,0.0059116697997627,2.1105758683479507,0.0979018304497003,E,0.998,0.06,0.2206487120140635,0.25757182,0.20713708,E,99811.0,E,E,2
436382800,64.0,LS,10.350952971262778,0.0605591944349208,0.026143743630981,7.44966663582818,0.0991174299269914,E,0.9770229446263364,0.02,0.0869165550899204,0.070004426,0.07392818,E,99823.0,E,E,2
436382800,65.0,LS,7.734588362994196,0.0908983879234554,0.0503126626663132,8.71636192936785,0.0955874193459749,E,0.9949404672438455,0.0,0.0216301886599695,0.019012114,0.018974958,E,99829.0,E,E,2
437909441,43.0,LS,5.269229149459294,0.019729463302791,0.0139374152272647,3.553971679184542,0.0119786779396235,E,0.992,0.0,0.0263403807310965,0.016889874,0.008322087,E,10539.0,E,E,2
437909441,44.0,LS,3.094104492807233,0.0537015926398154,0.0360694348499139,2.711383587766249,0.0108501978684216,E,0.990809440649122,0.02,0.0888485425176506,0.041539304,0.028637731,E,10557.0,E,E,2
437909441,45.0,LS,2.2261378172405446,0.033455337757951,0.0109706517122807,2.730095015451297,0.0103073776699602,E,0.992,0.02,0.114716215556499,0.075209126,0.062482927,E,10568.0,E,E,2
437909441,71.0,LS,3.894808836911022,0.1983534513122889,0.1981776878853076,4.354327980632661,0.0130347558297216,E,0.9908301287365374,0.0,0.0853645944812209,0.07537844,0.04177906,E,10873.0,E,E,2
437909441,72.0,LS,2.60172563753041,0.0487698571134157,0.0460897154166745,3.36695588175644,0.0144442880991846,E,0.987813645220054,0.0,0.0851010255868735,0.05503297,0.04857817,E,10583.0,E,E,2
438031537,64.0,LS,5.175492558960547,0.4373898282114744,0.4359226411358052,5.186428093278664,0.0318377860821783,CEP,0.446,0.12,0.0986585546214822,0.6143058,0.29085618,CEP,84081.0,Unconstrained,E,2
438031537,65.0,LS,2.0701850063797003,0.034271922130153,0.0333641303713697,4.101891234811774,0.0509567838162183,E,0.973564148214348,0.06,0.1677312293402535,0.121779725,0.066734366,E,84087.0,E,E,2
439173767,64.0,ACF,3.75240028677581,0.7488393204057288,1.2655326526678463,164.5555888473191,0.8298013359308243,E,1.0,0.0,0.0432541312154857,0.056421697,0.033197626,E,82683.0,E,E,2
439173767,65.0,ACF,1.8749885680063016,0.8662328120707131,1.4612063821951589,164.0064676075997,0.8410186320543289,E,0.9999621132287344,0.0,0.0002797604817908,0.00031851637,5.798834e-05,E,82692.0,E,E,2
439173767,65.0,LS,1.8762353600856363,0.0687226862342855,0.0687101465537853,4.733131792752829,0.8410186320543289,E,0.9999621132287344,0.0,1.1102230246251563e-16,7.3360454e-05,1.2343879e-05,E,82690.0,E,E,2
439670072,38.0,ACF,5.979114094060606,0.7691401071954431,0.8964160987689613,51.99809706350629,0.7463774085044861,E,0.9979778182711878,0.12,0.2472122603550779,0.38078472,0.2740146,E,70655.0,E,E,2
439670072,65.0,ACF,5.981426364869549,0.6937243591451083,0.828907192064903,170.38593286046898,0.8174112439155579,E,0.9978986292660134,0.0,0.00028,1.6745831e-06,4.7579294e-07,E,70764.0,E,E,2
443262289,64.0,ACF,5.683012392601086,0.3261545026719477,0.4036095425709062,211.09787412687592,0.2234247513115406,E,0.9959751552795032,0.0,0.0362971303967244,0.043802768,0.03221516,E,87868.0,E,E,2
443397649,64.0,ACF,2.8519205416669138,0.7658246772096511,1.2324310274842478,226.53103508529853,1.029820665717125,E,0.9998443030102456,0.0,0.0211239041657864,0.040334526,0.0213096,E,111698.0,E,E,2
443397649,65.0,ACF,2.851833030254056,0.88687518287505,1.3539824095392077,208.1391508306904,0.9622412919998168,E,0.9639778182711878,0.02,0.1298869427005248,0.18877321,0.12659189,E,111562.0,E,E,2
444112147,58.0,ACF,4.891230935004387,0.7228154924521575,0.8731896297041164,118.60077479172742,0.0466436659917235,E,0.9967870125189248,0.0,0.0211265738985673,0.0011694528,0.0005138158,E,6717.0,E,E,2
444414803,58.0,LS,1.9669103697953807,0.0283822445667944,0.0037439198569946,9.747777136908551,0.2963095344603061,E,0.997,0.1,0.2839367371567605,0.3688562,0.24213001,E,59533.0,E,E,2
444499432,58.0,ACF,2.97683069706909,0.8110033001994811,1.261919625946908,208.29953799804755,0.5179840698838234,E,0.9999504691609165,0.02,0.1188102297432935,0.07591669,0.07801997,E,39043.0,E,E,2
444618865,58.0,LS,1.574724430567756,0.0622647164871305,0.0612577277437625,4.518123784859199,0.0178260041866451,E,0.9809112361214092,0.08,0.1570417230242669,0.08129358,0.043321777,E,34154.0,E,E,2
444830451,58.0,LS,6.025064007096318,0.0479008336364613,0.0465570992018046,3.4722014341859904,0.032797756139189,E,0.9757439697265669,0.02,0.1186568199922037,0.06041798,0.034494046,E,10791.0,E,E,2
445380852,58.0,LS,4.330453703922573,0.0371605091379064,0.0329186686783679,4.964895670567785,0.2143260091543197,E,0.9959875776397517,0.1,0.2453619595247324,0.30942905,0.2322882,E,49866.0,E,E,2
445544695,58.0,ACF,4.243059545706728,0.7991763709396998,1.1887706406459424,357.7057824166686,0.0637007970362901,E,0.9970063276560912,0.0,0.0305457925460893,0.0009155442,0.00025383828,E,19259.0,E,E,2
445615463,58.0,ACF,2.111120740271872,0.2221890491805872,0.4158032308651155,14.42216745587848,0.0194424297660589,E,0.992,0.0,0.0118300440160597,0.016551616,0.008693327,E,9244.0,E,E,2
445628275,58.0,ACF,6.838001032656393,0.7343373658147339,0.8467995782778212,122.52935557518094,0.0929879676550626,E,0.9930274237655848,0.0,0.0073346974577769,0.0036919944,0.0015303327,E,1826.0,E,E,2
445661970,58.0,LS,4.949182968129875,0.1352093227967148,0.1341143192702819,4.613084560536663,0.0295348488725721,E,0.9885667220125592,0.0,0.0481514566292338,0.020511273,0.012881153,E,17713.0,E,E,2
449510152,64.0,ACF,1.256974213549256,0.3656447592676871,0.7278117698552822,85.64100091553405,0.0292373006232082,E,0.8268571428571428,0.12,0.2275237022404808,0.2729524,0.121480756,E,73043.0,E,E,2
449510152,65.0,LS,0.656712323101546,0.286327516145606,0.2863152318676622,4.661951452610083,0.0336337881162762,CEP,0.476,0.1,0.0740361425251208,0.2646999,0.17401762,CEP,73051.0,Unconstrained,E,2
449517017,64.0,ACF,1.4954064631237998,0.9168390612066004,1.6364376156161258,141.0970329136112,0.8831381797790527,E,0.9999621132287344,0.0,0.0233348104056301,0.0036240583,0.0007631517,E,66809.0,E,E,2
449517017,65.0,ACF,1.4953591472822154,0.7537136665451883,1.3343038473051525,139.50119402133453,0.971318855881691,E,0.9999229528277316,0.0,0.0042057916016521,0.004623257,0.0008264399,E,66822.0,E,E,2
449517017,65.0,LS,1.4968982304880214,0.0407713467488352,0.0407381849556615,5.092638460511807,0.971318855881691,E,0.9999229528277316,0.0,0.0513396235800553,0.02685105,0.011280164,E,66820.0,E,E,2
450150187,58.0,LS,6.025127695742436,0.1638861398271195,0.1574916932078122,4.059145062805328,0.0947820022702217,E,0.935,0.08,0.2016493938126271,0.44890565,0.2181455,E,15360.0,E,E,2
450469606,64.0,LS,4.983770324504515,0.3009265311168105,0.2982717862552982,4.063058846571948,0.0072894262848421,CEP,0.508,0.02,0.0638196960193324,0.1377418,0.08034575,CEP,126844.0,Unconstrained,E,2
450469606,65.0,LS,2.2455200709443126,0.0250329874568328,0.0249546707561208,3.954123663272185,0.0105822179466485,E,0.9884634096660002,0.02,0.1093978772432633,0.073779576,0.04412908,E,126872.0,E,E,2
451932686,14.0,LS,8.93050454105082,0.1690598263629961,0.0862176317557592,3.1095895977764485,0.0884077232331037,E,0.9950689175415184,0.0,0.0382278017268749,0.0011459262,0.00033520794,E,98921.0,E,E,2
451932686,41.0,LS,5.777402437346528,0.0769832621746577,0.0380013834042943,3.637093837593056,0.3998345509171486,E,0.999998746867168,0.12,0.228815994791359,0.3130617,0.22508593,E,98948.0,E,E,2
451932686,54.0,LS,3.855209203513824,0.1046245149504891,0.0197835672965403,4.503243992445277,0.0899060349911451,E,0.998,0.04,0.2089220398523421,0.25167993,0.1649373,E,98953.0,E,E,2
452097145,41.0,ACF,4.006888746238928,0.8253795360523287,1.1642491944648694,120.09622667933888,0.4803721979260444,E,0.9999443011933208,0.0,0.0006649504559418,0.0012905141,0.00038103497,E,77636.0,E,E,2
452097145,41.0,LS,4.026685064414281,0.3503475780561996,0.3502301387202362,4.774974054458653,0.4803721979260444,E,0.9999443011933208,0.0,0.0009427762338329,0.0006045492,0.00013705209,E,77634.0,E,E,2
452097145,54.0,LS,8.190162404617071,0.0288855938147332,0.0219528000325187,3.311610860429937,0.5100175738334656,E,0.9999298031452568,0.0,0.0063127092485709,0.00062510546,0.00012976679,E,77750.0,E,E,2
452097145,75.0,ACF,4.037122804547835,0.5407331154802067,0.8174117723215018,386.9177872438056,0.4796118289232254,E,0.9999443011933208,0.0,0.0097047863698713,0.000989995,0.0002770241,E,77787.0,E,E,2
452097145,81.0,LS,4.033390192769964,0.3084037027863286,0.3044706888987594,4.265303704069083,0.4712500423192978,E,0.997997493734336,0.04,0.204837443825316,0.30699235,0.18887816,E,77686.0,E,E,2
452937781,58.0,ACF,4.261513786294927,0.7195252441873715,0.8184703225119663,101.44551833538208,0.3137041628360748,E,0.9999166392001416,0.1,0.2625531063513679,0.31116775,0.24033573,E,52780.0,E,E,2
452937781,78.0,ACF,2.129655846183596,0.7902159130868514,0.9289383003346454,97.83479931237844,0.3220739215612411,E,0.9999889010187056,0.02,0.1211096568701328,0.07164211,0.0721796,E,52795.0,E,E,2
453094079,59.0,LS,2.2159281698684925,0.0374258164374004,0.0372854835110379,3.9469128927048582,0.2218883857131004,E,0.98,0.1,0.2803301861756061,0.34443566,0.20161104,E,48720.0,E,E,2
453094079,73.0,LS,0.9869299689551068,0.0266238784015304,0.0116990686233554,9.096112794428336,0.2171385660767555,E,0.985,0.04,0.1659880804011445,0.13153295,0.115127966,E,48793.0,E,E,2
453309830,58.0,ACF,1.3935147833453811,0.884155850626728,1.4899397682271216,134.84103377577526,0.1014324650168418,E,0.999059804878123,0.02,0.0916416419605538,0.016340604,0.012118602,E,16423.0,E,E,2
455463415,12.0,ACF,5.854091031228563,0.5286607015196301,0.5831414789209289,11.272409490570794,0.0366495642811059,E,0.9808398800494044,0.02,0.0963649626632421,0.028310232,0.018890444,E,71878.0,E,E,2
455463415,65.0,LS,1.4655377899577955,0.0644531114447506,0.0643061523460634,4.482722518667288,0.0384970963932573,E,0.9878102299195076,0.04,0.1565246140632103,0.10860395,0.092029504,E,71891.0,E,E,2
456973595,43.0,LS,2.524841816981032,0.1122715250439459,0.1121033184311918,4.751693464488199,0.0021533877588808,CEP,0.468,0.02,0.0639509937373924,0.7439699,0.38567045,CEP,69462.0,Unconstrained,E,2
456973595,71.0,LS,1.8293909987545651,0.0206584976390288,0.0206070432641631,4.2701156165858265,0.0049550284165889,E,0.949,0.04,0.1953896924496409,0.23518094,0.12233109,E,69505.0,E,E,2
457346528,63.0,LS,2.0404451676449766,0.1184432850458934,0.1183575589634069,4.382195245107141,0.1878950931131839,E,0.9606773628688556,0.0,0.0609094266724047,0.003989759,0.0009535766,E,141180.0,E,E,2
457346528,64.0,ACF,2.043959373357211,0.9067579895805784,1.574798053626226,207.14777545917784,0.1922475919127464,E,0.9988284088702748,0.0,0.0492535419745896,0.0035495632,0.0020409368,E,141189.0,E,E,2
457425135,63.0,LS,3.684459145087227,0.2138407981545741,0.2002330390612,5.480311691851966,0.1176479645073413,E,0.998,0.0,0.1048889116115227,0.12125243,0.08133009,E,144032.0,E,E,2
458076434,36.0,LS,2.764409794460375,0.0477331610492779,0.0458988942659432,3.1558735132621223,0.1064825989305973,E,0.996,0.04,0.1837961585930994,0.18292813,0.15370534,E,142138.0,E,E,2
458076434,37.0,ACF,8.347169522146032,0.589395048110766,0.7346321231364661,68.52889004138615,0.1146841421723365,E,0.9969404672438456,0.0,0.0074864943454628,0.01158191,0.008790752,E,142166.0,E,E,2
458076434,63.0,ACF,8.356605431590651,0.5209759753731975,0.6922550089810694,203.93119352276017,0.1129165384918451,E,0.9969404672438456,0.02,0.1418027430012991,0.14570133,0.14851876,E,142187.0,E,E,2
458076434,64.0,ACF,8.349462683308957,0.6287795431019209,0.7726578869770017,203.2456290730238,0.1151364762336015,E,0.9969404672438456,0.0,0.0464741139710475,0.027109625,0.02864119,E,142210.0,E,E,2
458076434,64.0,LS,8.409934054610488,0.0847605873616359,0.0843204024768466,4.1148131237168855,0.1151364762336015,E,0.9969404672438456,0.0,0.0321675480965859,0.009989082,0.0049901367,E,142207.0,E,E,2
458230632,36.0,ACF,1.006961920206777,0.7510461385861703,0.6295484997190451,66.78165189006839,0.0778231490403413,CEP,0.511,0.04,0.1010775227238974,0.799101,0.3843734,CEP,138082.0,Unconstrained,E,2
458230632,36.0,LS,1.0136174918400231,0.3935470844408178,0.3935321753322375,4.232845697873927,0.0778231490403413,CEP,0.487,0.12,0.1274488697478326,0.67962366,0.35640565,CEP,138073.0,Unconstrained,E,2
458230632,37.0,LS,2.033480303189867,0.082988885247363,0.0828345219750628,4.273620064788702,0.0541902659460902,E,0.9988995245989916,0.0,0.0171101478545747,0.0013629883,0.00024739452,E,138094.0,E,E,2
458230632,63.0,LS,2.009709870776189,0.1105107577105282,0.1104760870374701,4.782017160501709,0.0558938924223184,E,0.9988995245989916,0.0,0.0251662795471571,0.0072529702,0.0016862649,E,138103.0,E,E,2
458230632,64.0,ACF,2.020817166499455,0.8326283124711409,1.4898846422610932,213.4488237293441,0.049604158848524,E,0.988809440649122,0.06,0.1774659816673363,0.061583668,0.027357385,E,138114.0,E,E,2
458230632,64.0,LS,2.0083439043698696,0.1189447220700357,0.1188763152165638,4.508752028054005,0.049604158848524,E,0.988809440649122,0.0,0.0917851528087543,0.052661233,0.04186081,E,138112.0,E,E,2
458271835,64.0,LS,3.129008885008038,0.0351948614257232,0.0178813311779351,8.04709198567798,0.3296860679984092,E,0.999997493734336,0.08,0.2633127816057479,0.3092619,0.21685973,E,140931.0,E,E,2
458561474,63.0,ACF,5.388983456061396,0.6643262320342003,0.8639676776320949,165.3307845414074,0.0466767651960253,E,0.9947870125189248,0.0,1.1102230246251563e-16,3.7133004e-06,1.4691306e-06,E,140389.0,E,E,2
458561474,64.0,ACF,5.38885824719182,0.6671417694505017,0.9418066343376352,180.12657176890707,0.0476827984675765,E,0.9947870125189248,0.0,1.1102230246251563e-16,2.4194946e-06,5.9711834e-07,E,140545.0,E,E,2
458709734,64.0,LS,2.170312683999671,0.0528153234594282,0.0527549880383151,4.906746130422107,0.0167743244674056,E,0.992,0.0,0.0977112479418031,0.10212338,0.13816252,E,132094.0,E,E,2
458856474,36.0,LS,3.0408593535701107,0.070461797581396,0.0692605768240809,4.38731332331372,0.0406879978254437,E,0.992809440649122,0.0,0.0065485069780608,0.0023304778,0.0010004273,E,142827.0,E,E,2
458856474,37.0,LS,7.87975569087081,0.0800126619289343,0.0701440944212201,3.379995817855161,0.0261070812121033,ELL,0.996,0.0,0.0795151532728196,0.1359749,0.05568646,ELL,142842.0,ELL,E,2
458856474,63.0,LS,3.0846781036032453,0.1154161596807612,0.1151991832033423,5.108973186881485,0.0459275254979729,E,0.992809440649122,0.0,0.0117692393609764,0.002038883,0.0009482103,E,142858.0,E,E,2
458857427,63.0,LS,1.4262490311039655,0.0348955478532698,0.0344198915833169,7.452056577858457,0.2167573198676109,E,0.972,0.06,0.1881294561771882,0.18421204,0.14293353,E,133529.0,E,E,2
458859193,10.0,LS,2.525518625475204,0.1195758239893125,0.1188109628288809,4.0991981589641,0.0025758318952284,CEP,0.457,0.0,0.0266263328304894,0.47190648,0.15026417,CEP,133477.0,Unconstrained,E,2
458859193,11.0,ACF,2.2916149690058774,0.611825722963346,0.7543331482764707,12.90839412639214,0.0058997917221859,E,0.996809440649122,0.0,1.1102230246251563e-16,1.4026869e-05,3.114672e-06,E,133328.0,E,E,2
458859193,36.0,ACF,2.2986563987442423,0.710355307112219,0.9329264210637904,36.59707734057639,0.0096236902754753,E,0.996809440649122,0.0,1.1102230246251563e-16,6.630487e-06,2.7188082e-06,E,133341.0,E,E,2
458859193,63.0,ACF,2.3032825483642227,0.5997222031249266,0.8067798458756456,111.05622001072663,0.0135955156292766,E,0.996809440649122,0.0,1.1102230246251563e-16,6.1585465e-06,1.985327e-06,E,133485.0,E,E,2
458859193,64.0,ACF,2.2985987337051483,0.6095925743638432,0.8401960582180512,110.03172515982112,0.0140073988586664,E,0.996809440649122,0.0,1.1102230246251563e-16,1.4028242e-06,3.0902578e-07,E,133350.0,E,E,2
458859364,10.0,ACF,2.291672671736933,0.7140482102109555,0.9617816016214228,12.599295001446038,0.2035374753177166,E,0.9988341826433482,0.0,0.0002214284725307,0.0001310035,3.492031e-05,E,133240.0,E,E,2
458859364,11.0,ACF,2.291614904927428,0.6946621304344045,0.6960499698123331,12.37491238404904,0.2655458264052868,E,0.9987308329769464,0.0,0.0379721779686292,0.006904107,0.0024610972,E,133251.0,E,E,2
458859364,36.0,ACF,2.298656398593721,0.8267932262816434,1.063569859537944,36.88456165680413,0.1957149617373943,E,0.9988905206715172,0.0,0.0061751948798716,0.0019299462,0.0006783967,E,133266.0,E,E,2
458859364,37.0,ACF,2.298603997437567,0.8218352787127132,1.08874073898238,36.126797820266574,0.1549146976321935,E,0.9989585228268408,0.0,0.0001867727896679,4.694306e-06,1.4289709e-06,E,133283.0,E,E,2
458859364,63.0,ACF,2.298652834699169,0.8279570769881122,0.9077433772793372,115.09365372256376,0.2563544735312462,E,0.9989594705600991,0.0,0.0001297698262963,1.2506057e-06,3.8462318e-07,E,133292.0,E,E,2
458859364,64.0,ACF,2.296283931354992,0.7713619966057605,1.0473816254536712,111.20507928729104,0.1860175840556621,E,0.9989060004520084,0.0,0.0010142979810602,1.5083309e-06,3.7584024e-07,E,133304.0,E,E,2
458859554,63.0,ACF,2.14818714185094,0.7810566278415255,1.0792389638458122,114.87361855841893,0.0291494792327284,E,0.994,0.0,0.0886773863441635,0.048635256,0.028294843,E,137080.0,E,E,2
458859554,63.0,LS,2.1393736025916343,0.0204384361998823,0.0203815083496075,4.249509184235649,0.0291494792327284,E,0.994,0.02,0.0984636181528179,0.075391725,0.058038197,E,137078.0,E,E,2
458859990,36.0,LS,4.054479344070991,0.1208771254930053,0.1206687625774455,7.980337520119065,0.0023503592819906,E,0.9919965846994536,0.04,0.1814140563665537,0.20096661,0.161281,E,128804.0,E,E,2
458859990,63.0,LS,2.105415302674389,0.0313408742953598,0.0306698228021024,4.006143920229079,0.0279917940497398,E,0.991,0.1,0.2748169579173238,0.40331462,0.23174316,E,128820.0,E,E,2
458859990,64.0,LS,7.915257043987236,0.2035403677916,0.2007733620118598,4.173539727649768,0.0090906530385836,ELL,0.945,0.08,0.2433516007755034,0.5246004,0.21126121,ELL,128828.0,ELL,E,2
458875828,18.0,ACF,2.312513936691744,0.6501620929575121,0.9655411764220267,15.682632234827452,0.7051517069339752,E,0.9999504691609165,0.0,1.1102230246251563e-16,1.1643114e-05,1.9841814e-06,E,6026.0,E,E,2
458875828,18.0,LS,2.291677420443301,0.0390089508933728,0.0384528067114915,3.427232120569897,0.7051517069339752,E,0.9999504691609165,0.0,0.0024362638254043,0.000108541164,1.5814958e-05,E,6024.0,E,E,2
459026773,63.0,ACF,1.9004978425591617,0.8873873164936256,1.4269034221774195,191.6362521893581,0.0552303297445178,E,0.9988995245989916,0.0,0.019680824846105,0.0034725843,0.00094431546,E,128566.0,E,E,2
459026773,63.0,LS,1.8948744047749784,0.1956074162932424,0.1955869515713406,4.729717561069265,0.0552303297445178,E,0.9988995245989916,0.0,0.0278510714817876,0.0013699667,0.00027136138,E,128564.0,E,E,2
459026773,64.0,ACF,1.9004532073631708,0.8285784026030901,1.359760299400272,194.95989719661668,0.0502782082185149,E,0.986809440649122,0.0,0.0172954005373542,0.0016640958,0.00063665706,E,128577.0,E,E,2
460522628,63.0,ACF,1.9884634203231144,0.7355145129968774,1.1236429825887075,127.7256728381126,0.1669429428875446,E,0.9989411048163348,0.0,0.000682834397638,0.00018413353,6.702933e-05,E,138966.0,E,E,2
460522628,64.0,ACF,1.9999958697881084,0.6029741983619733,0.9545303904374728,130.25945652320627,0.1835591904819011,E,0.9989060004520084,0.0,0.0067499810931663,0.000110732886,3.6410904e-05,E,138975.0,E,E,2
460977279,65.0,ACF,0.4606562743865652,0.7917789110440483,1.2927956908606864,35.31156185788228,0.0268047139979898,E,0.9989886345498908,0.06,0.1715079164427978,0.11277163,0.12590684,E,57438.0,E,E,2
463255713,66.0,LS,4.013951055714069,0.5576003323035686,0.5565297286639529,4.0175486120679125,1.5210819244384766,E,0.991,0.12,0.2926687502531152,0.5253339,0.2971356,E,44177.0,E,E,2
463393967,66.0,LS,9.522757948775332,0.0787032084418056,0.0221189264187252,4.39117927974803,0.263493712991476,E,0.989,0.08,0.2592928845919224,0.4757616,0.28308406,E,41217.0,E,E,2
463909741,63.0,ACF,2.768555127982836,0.619120102356985,0.7894034671321564,107.95203585874538,0.049897413700819,E,0.988809440649122,0.0,0.00028,7.084616e-05,1.4648222e-05,E,116361.0,E,E,2
463909741,64.0,ACF,2.7731237318294006,0.6411055577456282,0.8148163149054877,93.27983466589194,0.0483789620921015,E,0.990809440649122,0.0,0.0400637463163796,0.008814254,0.0071847048,E,116379.0,E,E,2
464631821,63.0,LS,5.526686479400762,0.0351112735483954,0.0344154781891548,4.111699763245269,0.4108195006847381,E,0.9998893143119084,0.0,0.0906762058656944,0.16606584,0.059968587,E,142976.0,E,E,2
464631821,64.0,ACF,2.7708028060333163,0.8510702727504565,1.6096456774808792,564.1089995414105,0.3918714821338653,CEP,0.522,0.02,0.0619862694473542,0.053576376,0.055583235,CEP,142982.0,Unconstrained,E,2
464631821,64.0,LS,2.803064799882737,0.9026410430624882,0.9025379348088652,4.582032522102963,0.3918714821338653,CEP,0.52,0.0,0.007995598789334,0.0036331003,0.0012135063,CEP,142980.0,Unconstrained,E,2
464635983,63.0,ACF,7.342680086254404,0.7240376391083079,1.0275173352975755,337.6822187152202,0.1415061671286821,E,0.9629404672438456,0.0,0.0069299264514496,2.9826564e-05,6.8507184e-06,E,143197.0,E,E,2
464635983,64.0,LS,7.081421474118947,0.0140590638594269,0.0121201877812859,7.175781697966158,0.1431951951235532,E,0.9609404672438456,0.0,0.0074493152660391,1.5919777e-05,4.0787872e-06,E,143208.0,E,E,2
464738620,63.0,ACF,3.129671329028497,0.8773691477715938,1.2044174066326143,159.54594795851722,0.2096406370401382,E,0.9768341826433484,0.0,0.0089586129109158,0.005381936,0.004048749,E,141916.0,E,E,2
464738620,64.0,ACF,3.1272838213508294,0.8734321087048936,1.2096043154953675,161.2115467818321,0.2088962495326995,E,0.9894745788775814,0.0,0.0125731190551476,0.0033422601,0.0015888736,E,141923.0,E,E,2
466494866,10.0,ACF,0.979173007786244,0.3728330525375338,0.4756660653004286,5.982880734509081,0.0020174888777546,E,0.967,0.02,0.1377195093779858,0.0922252,0.1004743,E,112855.0,E,E,2
466494866,11.0,ACF,0.9791475377371626,0.5393406697499614,0.7126490708804902,7.390748768275237,0.0021160559845156,E,0.893,0.0,0.0990975277189093,0.06393786,0.0090281,E,112867.0,E,E,2
466528132,63.0,ACF,4.365843261146438,0.6688355080837787,0.8181149181252749,136.2917806378391,0.0386544852517545,E,0.9967870125189248,0.0,0.0151219274482073,0.00011814325,3.09206e-05,E,125981.0,E,E,2
466528132,63.0,LS,4.278395732290671,0.0856514392677595,0.0849639408215236,4.591382642604003,0.0386544852517545,E,0.9967870125189248,0.0,0.0790778023756253,0.05487241,0.05453414,E,125980.0,E,E,2
466528132,64.0,ACF,4.363425690132772,0.4826905837276494,0.6380326229290303,168.43009136629348,0.0371463573537766,E,0.9967870125189248,0.0,0.0038840365363251,0.0003288304,0.00014468982,E,125996.0,E,E,2
467051092,64.0,LS,5.382401698940429,0.0659679801805983,0.0656558995446312,4.6620017019231454,0.3553489223122597,E,0.9999862484988116,0.04,0.194061598039962,0.18366385,0.19037838,E,118109.0,E,E,2
467055341,64.0,ACF,0.9629623297805664,0.9461068585818254,1.570569740694816,81.66927471593789,0.1698306761682033,E,0.9991684640215168,0.0,0.0146800804924822,0.0014592414,0.00037034883,E,125672.0,E,E,2
467238286,10.0,ACF,3.416694845438087,0.711479916684434,0.9800204325287298,20.87841676174662,0.6322214752435684,E,0.9999280410307192,0.0,0.0,5.261113e-06,1.3160619e-06,E,118058.0,E,E,2
467238286,11.0,LS,1.704516398105753,0.5779335584070745,0.5779258087434638,3.8016708168347577,0.6786303222179413,E,0.9999621132287344,0.0,0.0440297549851268,0.041334845,0.0140706645,E,118067.0,E,E,2
467238286,37.0,ACF,1.7152816134571367,0.4895639237933555,0.7191372265541265,59.511002401005726,0.8950620889663696,E,0.9378181818181818,0.02,0.2056080374252043,0.4447242,0.27157667,E,118086.0,E,E,2
467238286,64.0,ACF,1.7060192853141416,0.871176532049501,1.258519992591642,195.8341519627476,0.5745714530348778,E,0.9999621132287344,0.02,0.1455046927904461,0.19692165,0.14129622,E,118093.0,E,E,2
467245894,64.0,ACF,9.039346819135972,0.6180343531782865,0.7366413735146233,145.38947605414705,0.1213300321251154,E,0.9949819610197792,0.0,0.0035610731891115,6.164518e-05,2.033999e-05,E,129946.0,E,E,2
467640226,64.0,ACF,1.0740738001768475,0.90702278279444,1.6457415194914575,101.98261939645238,0.1139508001506328,E,0.999066362255172,0.0,0.0015424085065153,0.00064662995,0.00015701562,E,122140.0,E,E,2
467640226,64.0,LS,1.0678448486384422,0.0183713751482987,0.0183702419278289,4.396938884954579,0.1139508001506328,E,0.999066362255172,0.0,0.0296800908754592,8.304595e-05,1.5794498e-05,E,122138.0,E,E,2
469857617,16.0,ACF,1.6250142876144764,0.7780338198135657,1.242243521621182,14.611961699523548,1.5000063180923462,E,0.999922208676605,0.0,0.0007975245147438,0.00025103235,7.939083e-05,E,95812.0,E,E,2
469857617,17.0,ACF,1.624986891007211,0.7819773224190406,1.2553860140070436,14.47508271439294,1.4044079184532166,E,0.999922208676605,0.0,0.0009999298836606,0.00012785816,3.5665773e-05,E,95800.0,E,E,2
469857617,17.0,LS,1.6181335938818682,0.0763896696418128,0.0763794616257702,4.617888102140114,1.4044079184532166,E,0.999922208676605,0.0,0.0046822906930983,0.00090142514,0.00015224528,E,95798.0,E,E,2
469857617,24.0,ACF,3.270892630787557,0.7901574654917716,1.2577623861076648,14.727171293460117,1.3646391034126282,E,1.0,0.0,0.0505897380898537,0.078408636,0.040174168,E,95789.0,E,E,2
469857617,56.0,ACF,3.2616204648129496,0.8327727001998619,1.3260473672735034,132.18482963608335,1.1723817884922028,E,0.964,0.04,0.1910323993462889,0.31356844,0.15469924,E,95825.0,E,E,2
469857617,57.0,LS,1.6339063140628962,0.1244196241361747,0.1244012280746639,4.52302688977943,1.133870780467987,E,0.991,0.04,0.1900028842162325,0.20586562,0.14705402,E,95834.0,E,E,2
469857617,76.0,ACF,3.2591957161203027,0.8706558191424201,1.3749168190722667,128.8018313841162,1.104164868593216,E,0.953,0.08,0.2334158359483113,0.3014469,0.1822601,E,95849.0,E,E,2
469857617,77.0,LS,1.6313301160105735,0.1009407794331126,0.1008970832031388,3.945848154773557,1.0443314909934998,E,0.961,0.02,0.1130142533413275,0.17310238,0.07873029,E,95861.0,E,E,2
469857617,83.0,ACF,3.259295768861193,0.8638915456551582,1.3741690169563328,131.1128513930505,1.2092773616313934,E,0.947,0.08,0.2441281037420439,0.3118237,0.19261144,E,95876.0,E,E,2
469983243,57.0,LS,1.513503802215455,0.0147295544485925,0.0122650446159675,9.764336905398524,0.1082640886306762,E,0.998,0.0,0.0261845285806664,0.028331887,0.009785793,E,99200.0,E,E,2
470391888,59.0,LS,2.6256038890646485,0.1700960593145329,0.1654928140098093,4.065129213562614,0.1476944331079721,E,0.996,0.02,0.1579205436036976,0.13794222,0.1306843,E,6678.0,E,E,2
470392889,59.0,LS,8.86896843740276,0.0512437054049782,0.0444598390446452,4.355279436509591,0.0479119317606091,E,0.902,0.04,0.1324191981432515,0.2205977,0.16248518,E,3844.0,E,E,2
470795363,58.0,ACF,1.8657327368773624,0.488952283155751,0.7440508886476025,196.15821658410425,0.0614974275231361,E,0.9987430415005744,0.0,0.07751541241632,0.01438635,0.006955344,E,31430.0,E,E,2
470846310,17.0,LS,1.3678175315980174,0.3230627745379951,0.3229237341734827,4.518879494079556,0.143625047057867,CEP,0.581,0.08,0.1191686133174335,0.080659226,0.017033124,CEP,61104.0,Unconstrained,E,2
470846310,78.0,LS,0.655577659222703,0.1693937407563377,0.1689577815589199,5.546361114775209,0.1082908082753419,CEP,0.588,0.06,0.118517840007317,0.24354547,0.108299665,CEP,61147.0,Unconstrained,E,2
470846310,84.0,ACF,2.826415427410211,0.4690565451016881,0.7500979615930177,137.53041442146832,0.1020130142569542,E,0.9989585228268408,0.0,0.0168422119730303,0.0018321772,0.00030601025,E,61167.0,E,E,2
