TIC,sector,source,per,power,prominence,width,amplitude,brf_class,brf_prob,instability,sigma_brf,entropy,sigma_top,brf_class_raw,cube_idx,sector_class,final_class_tic,decision_step
2753474,66.0,LS,1.200053777391714,0.1734654189561424,0.1732824707371858,4.777194155747566,0.0163611944299191,CEP,0.471,0.02,0.0700632400050126,0.64240605,0.33001724,CEP,53487.0,Unconstrained,Unconstrained,2
2778803,19.0,LS,1.5546953166298465,0.0986707912930044,0.097650334502073,5.355174156329667,0.0061299331719055,CEP,0.564,0.08,0.1203938935328532,0.8996266,0.32887238,CEP,9753.0,Unconstrained,Unconstrained,2
2778803,43.0,LS,0.9000326507206138,0.1382416669449184,0.1382011615988663,4.070120048911122,0.0066326523665338,CEP,0.43,0.06,0.0699342434004973,0.5527618,0.28402475,CEP,9761.0,Unconstrained,Unconstrained,2
2778803,44.0,LS,4.178949645302762,0.1938786362423037,0.1754613053818413,3.507078583219481,0.0074947229586541,CEP,0.489,0.0,0.0516122311085269,0.207999,0.121246226,CEP,9786.0,Unconstrained,Unconstrained,2
2778803,45.0,LS,0.902302679519246,0.1026666972185234,0.1026261630305692,4.765000201112343,0.0063714786665514,CEP,0.462,0.04,0.063645468024047,0.77285886,0.34636486,CEP,9691.0,Unconstrained,Unconstrained,2
2778803,71.0,LS,0.9007670468360238,0.1116625241012534,0.1110967925671703,4.462294203192869,0.0082487316103652,CEP,0.457,0.12,0.0789388016123883,0.4438112,0.30077192,CEP,9732.0,Unconstrained,Unconstrained,2
2778803,73.0,LS,2.856054525094892,0.1405233193919534,0.1377115172603841,5.163352705396392,0.0081567565212026,CEP,0.435,0.1,0.096278462804513,0.540833,0.31404087,CEP,9983.0,Unconstrained,Unconstrained,2
2945216,43.0,LS,1.4817619188083218,0.1510890530416922,0.150917130677633,4.35768928782818,0.009532218100503,CEP,0.472,0.0,0.056674509261219,0.01204407,0.0032839866,CEP,42242.0,Unconstrained,Unconstrained,2
2945216,44.0,LS,1.4961691934522778,0.1861502525030083,0.1857722201084654,4.219390745038254,0.009493856341578,CEP,0.472,0.0,0.0295729606228392,0.0025483363,0.0011286937,CEP,42426.0,Unconstrained,Unconstrained,2
4030832,39.0,LS,0.1867000892755831,0.9694042473905632,0.969404009081329,4.376925498459968,0.080654164776206,DST,0.571,0.0,0.2061785478656788,0.635334,0.31788564,DST,147152.0,Unconstrained,Unconstrained,2
4030832,66.0,LS,0.1868668848124444,0.9549896822297008,0.9549893511010886,4.340606582900364,0.07809997536242,DST,0.696,0.0,0.1852757555645098,0.9099579,0.40191048,DST,147169.0,Unconstrained,Unconstrained,2
6780465,7.0,LS,2.839138194924967,0.0959213753428684,0.0885730869833648,3.907791105343677,0.0592512218281626,CEP,0.635,0.04,0.1314954052429209,0.43201882,0.09100505,CEP,50368.0,Unconstrained,Unconstrained,2
6780465,34.0,LS,11.363480074844986,0.3233091065290968,0.0259007095116912,1.5880118083769048,0.0678434688597917,CEP,0.536,0.0,0.048955963885925,0.7212691,0.3399013,CEP,50361.0,Unconstrained,Unconstrained,2
6800200,54.0,LS,0.8141229742525108,0.1031653493508746,0.1027403067845381,3.3903900906898343,0.0295340921729803,CEP,0.426,0.02,0.0506049167571689,0.51778543,0.25470698,CEP,135064.0,Unconstrained,Unconstrained,2
6800200,80.0,LS,4.006786261115639,0.3663453367301975,0.3660269851935832,4.830393649463076,0.0315363402478396,CEP,0.536,0.0,0.0485116233494613,0.9338819,0.34872,CEP,135101.0,Unconstrained,Unconstrained,2
7038369,39.0,LS,0.2241295546250922,0.7828523345926118,0.7828522963731606,4.471506991016213,0.0578438583761453,CEP,0.426,0.02,0.0280616749321917,0.039797142,0.02125237,CEP,82981.0,Unconstrained,Unconstrained,2
7880765,80.0,LS,1.8888883663782976,0.1546293239554456,0.1543303597016149,4.437934495836089,0.0391723355278372,CEP,0.465,0.12,0.1183839448574003,1.0795777,0.41203865,CEP,85475.0,Unconstrained,Unconstrained,2
7937401,80.0,LS,3.573627759546919,0.8869110973679231,0.8869059068595403,4.57975977395472,0.0184283265843987,CEP,0.528,0.0,0.066131989233653,0.80143625,0.44009915,CEP,37525.0,Unconstrained,Unconstrained,2
10426545,58.0,LS,3.3799225776573523,0.5384296366266672,0.538190977293592,4.681207006695331,0.0236280797980725,CEP,0.434,0.02,0.0855785019733344,0.22004935,0.18338437,CEP,8600.0,Unconstrained,Unconstrained,2
11145365,41.0,ACF,1.8471997659362387,0.8898522340574323,1.7043992411570337,127.6319005197723,0.3256425634026527,CEP,0.524,0.0,0.1768416240594956,0.031627014,0.027688865,CEP,117556.0,Unconstrained,Unconstrained,2
11145365,41.0,LS,1.845567009949794,0.9576574324853206,0.9576565770727812,4.396393956500106,0.3256425634026527,CEP,0.529,0.0,0.1485478724182881,0.0099986885,0.0022614198,CEP,117552.0,Unconstrained,Unconstrained,2
11145365,54.0,LS,1.84616271440262,0.9559518154430368,0.9558975681109664,4.096724216564326,0.3314248099923134,CEP,0.522,0.0,0.1168089311653865,0.005783887,0.0013022172,CEP,117563.0,Unconstrained,Unconstrained,2
11145365,81.0,ACF,1.837960260692853,0.796915112829989,1.4498322668047583,367.8820091665904,0.3210967779159546,CEP,0.52,0.04,0.0774542548863521,0.20780855,0.13522108,CEP,117740.0,Unconstrained,Unconstrained,2
11145365,81.0,LS,1.848640372541677,0.9582730583748512,0.95822422793892,4.047882461811241,0.3210967779159546,CEP,0.524,0.0,0.1660445048774574,0.003960259,0.0013363945,CEP,117737.0,Unconstrained,Unconstrained,2
11157163,58.0,ACF,1.6643547559160652,0.5788253595761356,1.1740535314164775,366.7596042943943,0.0149613001849502,CEP,0.492,0.0,0.0519645417568557,0.07471258,0.069262214,CEP,50717.0,Unconstrained,Unconstrained,2
11157163,58.0,LS,1.6695991464982105,0.6546620687172718,0.6543396546657964,4.464175969806092,0.0149613001849502,CEP,0.558,0.0,0.0476859056745281,0.083684236,0.07588979,CEP,50713.0,Unconstrained,Unconstrained,2
11434488,58.0,LS,2.664938787150915,0.146077645265337,0.1448571801163574,7.981368577919056,0.0072806840762495,CEP,0.461,0.08,0.0803264240458891,0.89911735,0.41452274,CEP,16904.0,Unconstrained,Unconstrained,2
11500106,55.0,LS,1.8101471367919355,0.1496651627838317,0.147561946515947,4.836976364164002,0.0491119222715497,CEP,0.497,0.02,0.0738791337252948,0.99977803,0.3543814,CEP,124918.0,Unconstrained,Unconstrained,2
11976755,81.0,LS,2.71637127591452,0.1412180823841581,0.1412135406886671,3.9493307161719713,0.004191767075099,CEP,0.428,0.12,0.1004519785768304,0.6844012,0.33857566,CEP,141693.0,Unconstrained,Unconstrained,2
11999540,58.0,ACF,2.560199180753443,0.833570225004802,1.5498650583098426,521.6058242548023,0.0360558950342237,CEP,0.537,0.04,0.1595645323999039,1.0103492,0.43951637,CEP,41188.0,Unconstrained,Unconstrained,2
11999540,58.0,LS,2.6146657733108944,0.8505760920264188,0.8501688507177825,4.568956352002715,0.0360558950342237,CEP,0.542,0.0,0.0614986699043158,1.0120435,0.4305687,CEP,41186.0,Unconstrained,Unconstrained,2
12149905,41.0,LS,2.6055445710497627,0.0810501790964517,0.0807957892786331,5.443195199026377,0.010551200248301,CEP,0.44,0.12,0.0950113761609629,0.6152312,0.38517743,CEP,136636.0,Unconstrained,Unconstrained,2
12149905,55.0,LS,4.242600228318804,0.1684964029304236,0.1638342459464689,4.010695549677621,0.0105035165324807,CEP,0.474,0.0,0.0498750438596298,0.4327547,0.2336051,CEP,136653.0,Unconstrained,Unconstrained,2
12149905,82.0,LS,4.615943488878427,0.1230549068624996,0.1193364438282337,4.037488422716706,0.0162143120542168,CEP,0.414,0.12,0.1018241307353026,0.90442705,0.3450129,CEP,136666.0,Unconstrained,Unconstrained,2
12496954,41.0,LS,1.4443781333732113,0.1045929455747537,0.1044330406122181,3.376050600891176,0.00777259003371,CEP,0.465,0.02,0.0698548094264095,0.62343276,0.3194666,CEP,104089.0,Unconstrained,Unconstrained,2
12647534,18.0,LS,0.8074734220264774,0.3330129301082727,0.332993653354302,3.954753200695905,0.0408114120364189,CEP,0.501,0.0,0.043510752694018,0.04639399,0.01813049,CEP,9742.0,Unconstrained,Unconstrained,2
12670497,14.0,LS,1.0891058704628254,0.0525385631668898,0.0515520690623409,3.64706515345506,0.0063192361267283,CEP,0.396,0.02,0.0626357725265682,0.11726259,0.115427,CEP,105909.0,Unconstrained,Unconstrained,2
12670497,15.0,LS,1.3194290898482866,0.0851617182478478,0.0851360568444609,4.242214288897685,0.006803860887885,CEP,0.442,0.0,0.0235048931076063,0.012957008,0.006612319,CEP,105899.0,Unconstrained,Unconstrained,2
12670497,41.0,LS,3.321204810615485,0.0688843243741099,0.0576087087547928,3.26107628439604,0.0071218947414308,CEP,0.456,0.06,0.0683871332927474,0.797285,0.36622834,CEP,105942.0,Unconstrained,Unconstrained,2
12670497,82.0,LS,9.231899566577145,0.1290078888445673,0.1174538964078361,4.328334273519431,0.00863516877871,CEP,0.424,0.12,0.0664640173326891,0.022015966,0.010264042,CEP,106017.0,Unconstrained,Unconstrained,2
12675678,41.0,LS,7.816639991359113,0.8786130488888516,0.8745266385344004,4.529542165108069,0.0118030339945107,CEP,0.765,0.0,0.1288417634154391,0.67348194,0.3099329,CEP,140878.0,Unconstrained,Unconstrained,2
12675678,55.0,LS,7.986077580275085,0.8995622582135792,0.8990636814540424,4.739245759938058,0.0140471349004656,CEP,0.656,0.0,0.1138716821690098,1.0213312,0.37653673,CEP,140882.0,Unconstrained,Unconstrained,2
12675678,75.0,LS,8.145423437481707,0.8475837314852609,0.8390510461524059,4.7687332370151125,0.0169141229707747,CEP,0.59,0.04,0.1965861643147858,0.87519044,0.42462578,CEP,140885.0,Unconstrained,Unconstrained,2
12675678,81.0,LS,7.829641704906196,0.8804954686164114,0.8693725200612492,4.198593771368905,0.0130650645587593,CEP,0.561,0.0,0.1120157131834636,0.9207188,0.4242863,CEP,140887.0,Unconstrained,Unconstrained,2
12675678,82.0,LS,8.077907735826386,0.8271295131634316,0.8252039286602803,4.166486688849545,0.0120113196317106,CEP,0.543,0.0,0.0559091262675424,0.6247767,0.28621578,CEP,140890.0,Unconstrained,Unconstrained,2
12802909,75.0,LS,1.090333542029288,0.2097522371244974,0.2097092256648933,4.876749307648424,0.0219693034887313,CEP,0.481,0.02,0.0649840472731577,0.71709,0.37049037,CEP,109427.0,Unconstrained,Unconstrained,2
12802909,81.0,LS,2.464885847502831,0.3793169446629457,0.3775509845640395,4.4355011511543125,0.0229417067021131,CEP,0.559,0.0,0.0443409517263668,0.30532426,0.14842002,CEP,109639.0,Unconstrained,Unconstrained,2
12802909,82.0,LS,2.4855065980571336,0.3225183788184283,0.3224824628601139,4.9121039605815895,0.0258672330528497,CEP,0.474,0.02,0.0753331268433748,0.77076757,0.3627686,CEP,109439.0,Unconstrained,Unconstrained,2
13543144,55.0,LS,4.378348297293835,0.1217485855891926,0.1093366496793203,3.703349196055569,0.0305602815933525,CEP,0.403,0.08,0.0893989172193936,0.93843263,0.35646436,CEP,87114.0,Unconstrained,Unconstrained,2
13543144,82.0,LS,2.637688308296972,0.1138874500340673,0.1138866547468183,5.28120136016878,0.0215641083195805,CEP,0.482,0.02,0.0625744356746427,0.66011655,0.32093537,CEP,87141.0,Unconstrained,Unconstrained,2
13598760,66.0,LS,1.883166561148719,0.2741510106641643,0.2741060711318666,4.4387366936971375,0.0296296901069581,CEP,0.474,0.0,0.0516465526439083,0.15220317,0.1336261,CEP,104890.0,Unconstrained,Unconstrained,2
13693636,14.0,LS,1.1750882234311857,0.5792051344538321,0.5791915462828785,4.437213897870151,0.0487036118283867,CEP,0.588,0.0,0.0280211634305215,0.27125067,0.12799312,CEP,68365.0,Unconstrained,Unconstrained,2
13693636,15.0,ACF,1.1874897818039472,0.7551166324729903,1.2473876255060836,24.54396884883816,0.0393482204526662,CEP,0.5,0.0,0.0807621792672783,0.79489625,0.25077254,CEP,68358.0,Unconstrained,Unconstrained,2
13693636,15.0,LS,1.1713288224553604,0.6816383324245499,0.681620292739402,4.068674422979257,0.0393482204526662,CEP,0.533,0.0,0.1048632175741332,0.9962796,0.3447717,CEP,68355.0,Unconstrained,Unconstrained,2
13784783,41.0,LS,2.827298103328313,0.1454992841219701,0.14016390769212,4.092383554949265,0.0144917983561754,CEP,0.458,0.02,0.0551637562172845,0.3499962,0.2236487,CEP,114552.0,Unconstrained,Unconstrained,2
13784783,81.0,LS,1.7286237832506122,0.0891518222007209,0.0886759298790541,10.48026654577552,0.0163460231851786,CEP,0.435,0.08,0.085819429035621,0.42407152,0.27702224,CEP,114587.0,Unconstrained,Unconstrained,2
13791066,75.0,LS,1.7308994398712805,0.561991081875905,0.5619650099819697,4.34750302674729,0.0559953087940812,CEP,0.48,0.0,0.0481364726584738,0.34471157,0.2389433,CEP,134009.0,Unconstrained,Unconstrained,2
13791066,82.0,LS,1.7465779544064337,0.5044212672370391,0.5038395607749157,4.332063101031963,0.0607409700751304,CEP,0.492,0.0,0.0586642787392805,0.017904133,0.012797433,CEP,134026.0,Unconstrained,Unconstrained,2
13876799,41.0,LS,1.6610397890250408,0.1675816427802698,0.1675022928239022,4.687471549606926,0.0103019922971725,CEP,0.53,0.02,0.0690127988129738,0.07320133,0.046325788,CEP,116755.0,Unconstrained,Unconstrained,2
13880268,75.0,LS,2.387446045389612,0.2085480468792698,0.208372835691844,4.796398632457567,0.0106837274506688,CEP,0.449,0.08,0.0993271443262112,0.7302493,0.38428852,CEP,102026.0,Unconstrained,Unconstrained,2
13951387,58.0,ACF,3.675958221363544,0.7045304441146178,1.0375012231114475,308.1325693056235,0.0180210452526807,CEP,0.446,0.04,0.0748291387094626,0.1520863,0.14122099,CEP,18942.0,Unconstrained,Unconstrained,2
13951387,58.0,LS,3.7453435945731375,0.4132381754500331,0.4129845096511769,4.512782945319486,0.0180210452526807,CEP,0.492,0.06,0.1095611683033729,0.46330142,0.25020844,CEP,18940.0,Unconstrained,Unconstrained,2
13970315,41.0,LS,2.5547759101092757,0.1590029527332483,0.1585787642441647,4.129622912798368,0.062391092069447,CEP,0.513,0.02,0.0959323178079212,0.8858788,0.32796785,CEP,119244.0,Unconstrained,Unconstrained,2
13970315,82.0,LS,2.307977210866168,0.1648534090949533,0.1642080924246242,4.883450449840893,0.0675182929262518,CEP,0.493,0.06,0.0936508323508125,1.1098272,0.34937027,CEP,119279.0,Unconstrained,Unconstrained,2
13973539,55.0,LS,0.285217353896663,0.761939319670219,0.761938498736746,4.402688726155247,0.0360472546890378,CEP,0.476,0.12,0.0762223694200068,0.38762802,0.24148446,CEP,125318.0,Unconstrained,Unconstrained,2
13973539,81.0,LS,0.2856061742909966,0.6069086109365153,0.6069064269242596,4.348206061848032,0.0495117902755737,RR,0.669,0.08,0.2054633787320748,0.8210573,0.38346592,RR,125335.0,Unconstrained,Unconstrained,2
14203032,81.0,LS,1.292272432742257,0.0740971764384753,0.0724797543352518,4.236140720877302,0.0298882252536714,CEP,0.457,0.04,0.0649870017772785,0.57104766,0.32939488,CEP,130764.0,Unconstrained,Unconstrained,2
14207262,41.0,LS,1.7484614089829318,0.5049122559402013,0.5040275341552343,4.30403101081356,0.0421129027381539,CEP,0.514,0.0,0.0606123947720266,0.17043288,0.13414103,CEP,114706.0,Unconstrained,Unconstrained,2
14207262,55.0,LS,1.763162411048468,0.5460663243695889,0.5455089575540197,4.35758277844252,0.0344975106418132,CEP,0.507,0.0,0.0487104259886936,0.024285417,0.008276884,CEP,114613.0,Unconstrained,Unconstrained,2
14207262,81.0,ACF,1.740771798773494,0.4994773932503626,0.932649414303948,380.101832303664,0.043423781171441,CEP,0.544,0.0,0.0590741906419376,0.7725608,0.3111083,CEP,114629.0,Unconstrained,Unconstrained,2
14207262,81.0,LS,1.7513696763213722,0.5547674204846517,0.5545618430131368,4.237175009071507,0.043423781171441,CEP,0.532,0.0,0.1288409189659869,0.53477216,0.31065592,CEP,114625.0,Unconstrained,Unconstrained,2
14207262,82.0,LS,1.7465769991243278,0.5565579967777785,0.556223830551652,4.639945169972634,0.0342488521710038,CEP,0.467,0.0,0.0333058553410657,0.13738771,0.1509794,CEP,114743.0,Unconstrained,Unconstrained,2
14414271,81.0,LS,4.03345704448019,0.1047709977418016,0.1032774679257608,4.538010671989468,0.0131942180451005,CEP,0.434,0.12,0.0977205485043959,1.041389,0.3969734,CEP,113389.0,Unconstrained,Unconstrained,2
14509448,80.0,LS,2.9382424948906483,0.0893035477441164,0.0876451661649217,5.141342799273843,0.0166700687259435,CEP,0.452,0.08,0.1084070920189265,0.87158,0.37438226,CEP,22594.0,Unconstrained,Unconstrained,2
14541657,41.0,LS,2.109254697061982,0.1926080724182148,0.1924076376006064,4.263210263887231,0.0478258542716503,CEP,0.489,0.04,0.0931081177986108,0.96155274,0.4057828,CEP,101571.0,Unconstrained,Unconstrained,2
15072015,15.0,LS,4.587457776611882,0.5991214566469181,0.5988333333684105,4.400921217838913,0.6915496289730072,CEP,0.6859999999999999,0.02,0.1641524608405247,0.5766416,0.1593919,CEP,123941.0,Unconstrained,Unconstrained,2
15072015,41.0,LS,4.285435944829067,0.8845638887512247,0.8840289468458176,4.466296572494684,0.4728267341852188,CEP,0.513,0.02,0.0592386495457146,0.093486935,0.088401705,CEP,123955.0,Unconstrained,Unconstrained,2
15072015,75.0,LS,4.326881781505775,0.8862570189758441,0.885469415047114,4.554123978017742,0.51375363022089,CEP,0.5,0.04,0.0779730107152468,0.040392056,0.015633056,CEP,123961.0,Unconstrained,Unconstrained,2
15072015,82.0,LS,4.456790048481927,0.8804814785666029,0.878884929937186,4.52027923226342,0.5271483212709427,CEP,0.5,0.0,0.0066125940446998,0.04733781,0.025281925,CEP,123965.0,Unconstrained,Unconstrained,2
15470435,82.0,LS,1.557192216138287,0.1307285765455584,0.130595563223292,4.0828472776847775,0.0121591566130518,CEP,0.47,0.08,0.0829881919311416,0.51925445,0.34594262,CEP,115240.0,Unconstrained,Unconstrained,2
15561759,55.0,LS,4.242621555205587,0.1364336874042407,0.136190989714492,4.54328772570625,0.0054519815603271,CEP,0.455,0.0,0.0529461008951556,0.14516301,0.1164512,CEP,93853.0,Unconstrained,Unconstrained,2
15791001,41.0,LS,0.6358049594618762,0.120915375901668,0.1208845242865468,4.341089762901902,0.0291972327977418,CEP,0.464,0.1,0.071563745011004,0.48780113,0.31596673,CEP,46845.0,Unconstrained,Unconstrained,2
15791001,75.0,LS,0.6351918796773188,0.1315545332863916,0.1313851683675788,4.75305662030587,0.0322244642302393,CEP,0.448,0.08,0.0641723803516746,0.36088157,0.26469758,CEP,46871.0,Unconstrained,Unconstrained,2
15795988,66.0,LS,0.9951681067677668,0.1929657718341167,0.1927761372816017,4.671998668112792,0.0145055912435054,CEP,0.4659999999999999,0.06,0.0894159180459497,0.7983561,0.37505922,CEP,55952.0,Unconstrained,Unconstrained,2
16198755,75.0,LS,1.505127397029147,0.3163304066960963,0.3163230926404889,4.815782663674327,0.0107123074121773,CEP,0.47,0.0,0.0616537946926221,0.09757005,0.07436594,CEP,98725.0,Unconstrained,Unconstrained,2
16198755,82.0,LS,1.5028715157293222,0.4737717008208909,0.4736554562910622,4.9323548520187614,0.0093659298727288,CEP,0.472,0.0,0.0414336867777898,0.11872579,0.07917226,CEP,98734.0,Unconstrained,Unconstrained,2
16732768,41.0,LS,1.1166685210888831,0.0644595706165245,0.0644533611753198,4.408725470495483,0.0090005475794896,CEP,0.442,0.04,0.0933966080754542,0.87270117,0.34180093,CEP,97553.0,Unconstrained,Unconstrained,2
16732768,55.0,LS,1.0443392257800836,0.0588241108213767,0.0560360183343346,4.228427654627012,0.0091227400116622,CEP,0.471,0.1,0.0915930914425318,0.67021644,0.3369729,CEP,97575.0,Unconstrained,Unconstrained,2
16732768,75.0,LS,3.550548922162775,0.1091843797850886,0.1067859096150874,4.231251181146945,0.0099258951377123,CEP,0.446,0.12,0.1208544579235702,0.55459905,0.30764982,CEP,97596.0,Unconstrained,Unconstrained,2
17036152,41.0,ACF,1.7152947086992754,0.5859074241668406,1.1433494764713052,119.87097095848708,0.0157450966071337,CEP,0.549,0.0,0.0455121961676208,0.49360496,0.22713964,CEP,69449.0,Unconstrained,Unconstrained,2
17036152,41.0,LS,1.703635611808331,0.6776239401694522,0.6776214300921335,4.5360558096163,0.0157450966071337,CEP,0.585,0.0,0.0427275087034102,0.17017199,0.10838892,CEP,69445.0,Unconstrained,Unconstrained,2
17036152,55.0,ACF,1.722222715485259,0.6228661124397551,1.16422318004004,116.632483340805,0.0175587239209562,CEP,0.565,0.0,0.0399370704984729,0.17796752,0.14123774,CEP,69457.0,Unconstrained,Unconstrained,2
17036152,55.0,LS,1.7185331969911133,0.6458163845982083,0.6458055920347574,4.583060883274811,0.0175587239209562,CEP,0.568,0.0,0.0376340484136373,0.42300802,0.24573797,CEP,69453.0,Unconstrained,Unconstrained,2
17036152,75.0,ACF,1.7036944875435438,0.599222787689142,1.1817088016981792,360.3214763380984,0.0221403897739946,CEP,0.538,0.0,0.0612793733649423,0.054982588,0.028766181,CEP,69460.0,Unconstrained,Unconstrained,2
17036152,75.0,LS,1.7095232494030246,0.648143006959529,0.6481337933442308,4.746721036670351,0.0221403897739946,CEP,0.587,0.0,0.0410957126717617,0.18430983,0.14991964,CEP,69458.0,Unconstrained,Unconstrained,2
17125695,75.0,LS,2.006831285300614,0.1344492648528345,0.1343855644095917,4.566775018320186,0.0086953892605379,CEP,0.489,0.04,0.0898786381739287,0.67698956,0.3473535,CEP,84183.0,Unconstrained,Unconstrained,2
17125695,76.0,ACF,2.0463372902777337,0.1478822517464914,0.2614477379824309,244.49032777245972,0.0083900173194706,CEP,0.432,0.04,0.0974899051184275,0.849619,0.36674437,CEP,84414.0,Unconstrained,Unconstrained,2
17125695,76.0,LS,2.051280410982537,0.0940254901464205,0.0939692292539311,4.577299149968894,0.0083900173194706,CEP,0.444,0.1,0.124013134788215,0.80077213,0.36344475,CEP,84410.0,Unconstrained,Unconstrained,2
21522338,66.0,LS,1.249038548423892,0.127777241837737,0.1277308239979033,4.05608624596789,0.0082460336852818,CEP,0.463,0.08,0.0659324381469394,0.7650134,0.3982859,CEP,49171.0,Unconstrained,Unconstrained,2
24560998,66.0,LS,1.0200488805199368,0.1537510655352163,0.1535663746296071,4.043537292534893,0.012691969750449,CEP,0.487,0.04,0.0736797502710208,0.62507594,0.34000197,CEP,60297.0,Unconstrained,Unconstrained,2
24980984,12.0,LS,1.4110948580415423,0.0860172186544384,0.0757968753229021,4.693680598898936,0.0697900773957371,CEP,0.404,0.06,0.1362899027808003,0.025013542,0.0039702244,CEP,48389.0,Unconstrained,Unconstrained,2
24980984,66.0,LS,3.9485742152379006,0.2014343962602774,0.1939012894058492,3.750364194096619,0.1007700990885496,CEP,0.496,0.04,0.1037853554216586,0.5233517,0.22943501,CEP,48566.0,Unconstrained,Unconstrained,2
24990782,66.0,LS,3.4001616626469904,0.496428542909648,0.4945745288378257,4.232301824329625,0.0362058752216398,CEP,0.441,0.06,0.0772097817637117,0.3839082,0.2940926,CEP,56805.0,Unconstrained,Unconstrained,2
25438885,66.0,LS,2.985508776852187,0.7465318392080614,0.7464421829345191,4.32621391320572,0.0935101136565208,CEP,0.519,0.0,0.0491072296103129,0.32295457,0.20020649,CEP,85550.0,Unconstrained,Unconstrained,2
27347087,59.0,LS,0.9162847501646276,0.1975217342234174,0.1972295292349075,4.473897513551492,0.0190542254131287,CEP,0.46,0.12,0.0864409995314723,0.40913743,0.28356656,CEP,288.0,Unconstrained,Unconstrained,2
27760364,59.0,ACF,3.039318667113548,0.4543670464232523,0.8985689243556747,497.5070198527576,0.0149925763253122,CEP,0.52,0.02,0.088052929536728,0.76129127,0.34063587,CEP,54003.0,Unconstrained,Unconstrained,2
27760364,59.0,LS,3.0741552802669494,0.3868034690072375,0.3863815955032414,4.401263149044098,0.0149925763253122,CEP,0.48,0.0,0.0760127252504473,0.5427766,0.35070807,CEP,54000.0,Unconstrained,Unconstrained,2
28785744,62.0,LS,2.973707846343597,0.2742084109802337,0.2740786608102238,5.276695400032622,0.0455676671117544,CEP,0.455,0.02,0.0676002958573407,0.2401608,0.16679113,CEP,145734.0,Unconstrained,Unconstrained,2
28835525,62.0,LS,2.313096175479065,0.2228361811483512,0.2226352153424101,4.002675807725609,0.0044048691052012,CEP,0.493,0.04,0.0800911081206896,0.4592411,0.2733064,CEP,118632.0,Unconstrained,Unconstrained,2
29122883,8.0,LS,3.4434907778894988,0.1972380531037671,0.1921327811156899,4.107072880805845,0.074313641525805,CEP,0.652,0.0,0.0987457340850732,0.6417263,0.20098989,CEP,130951.0,Unconstrained,Unconstrained,2
29122883,35.0,LS,4.189434532251635,0.1860957355721837,0.1479479284034113,3.472615220265652,0.0266266544349491,CEP,0.485,0.0,0.0400020799459228,0.30845734,0.14399564,CEP,130970.0,Unconstrained,Unconstrained,2
29122883,36.0,ACF,3.499936590589641,0.3824971203405594,0.2397164100874016,30.201823371772832,0.0297693558968603,CEP,0.416,0.02,0.0550552449817453,0.5623044,0.34065568,CEP,130992.0,Unconstrained,Unconstrained,2
29122883,36.0,LS,1.889614349550471,0.229408103445976,0.2291186157771995,4.3775848222067,0.0297693558968603,CEP,0.494,0.0,0.0501891462370102,0.4134811,0.19669916,CEP,130985.0,Unconstrained,Unconstrained,2
29160949,73.0,LS,1.864348690533669,0.2904941748007076,0.2894267705257055,6.408107214876509,0.018153681885451,CEP,0.462,0.04,0.0514036730205147,0.23407972,0.21453585,CEP,40441.0,Unconstrained,Unconstrained,2
30131495,62.0,LS,1.5695381111625375,0.2295221126433204,0.2294269638002169,7.079825377721136,0.0215935450978577,CEP,0.462,0.02,0.0697254616334664,0.36616978,0.2508073,CEP,127403.0,Unconstrained,Unconstrained,2
30313096,4.0,LS,2.826366063714001,0.168714178786933,0.167960598391423,4.771080837196223,0.0890262797474861,CEP,0.62,0.0,0.1507168417928135,0.3180262,0.09587998,CEP,26616.0,Unconstrained,Unconstrained,2
30313096,5.0,LS,7.903561372509672,0.5027395962258562,0.5005033800980025,3.9437674973205503,0.0942070689052343,CEP,0.584,0.1,0.1921683595184181,0.73024666,0.17467915,CEP,26624.0,Unconstrained,Unconstrained,2
30386648,62.0,LS,0.8242748327654236,0.049035395326547,0.0480577166296641,4.23637011862229,0.0453861989080905,CEP,0.464,0.02,0.0560187968453446,0.29427335,0.19804505,CEP,131903.0,Unconstrained,Unconstrained,2
30475603,63.0,ACF,1.263867718000256,0.1050285331660756,0.0307580403702306,3.896996598202009,0.0074024277273565,CEP,0.527,0.04,0.0723330519195754,0.77940404,0.35772002,CEP,146905.0,Unconstrained,Unconstrained,2
30475603,63.0,LS,1.263206525023936,0.1257982074007914,0.1257558312205274,4.635367236485763,0.0074024277273565,CEP,0.47,0.04,0.0991437259739616,0.53476274,0.31727895,CEP,146870.0,Unconstrained,Unconstrained,2
31435891,66.0,LS,1.6106044185474837,0.3706245899777627,0.3705119188655525,4.328253986623167,0.008048330200836,CEP,0.472,0.0,0.0481896254395072,0.09938094,0.06894461,CEP,76530.0,Unconstrained,Unconstrained,2
31819802,80.0,LS,7.345716969799191,0.4572978046501186,0.4335224139503117,3.8164719390806567,0.0238177739083766,CEP,0.558,0.0,0.0364638780164699,0.7164824,0.36982986,CEP,97238.0,Unconstrained,Unconstrained,2
31916694,62.0,LS,1.810934593860914,0.1736614727673406,0.1735626775085109,4.572748593425786,0.0123230973258614,CEP,0.471,0.02,0.0819709704712589,0.4158513,0.25342378,CEP,134583.0,Unconstrained,Unconstrained,2
31916694,63.0,LS,1.816940377458469,0.1804529165955329,0.1804365464597759,4.515034071740956,0.0108917150646448,CEP,0.4639999999999999,0.04,0.0683601755410268,0.3594858,0.23173138,CEP,134360.0,Unconstrained,Unconstrained,2
32460407,66.0,LS,0.81570207688322,0.4043482735078625,0.4043323218399609,4.615592187306902,0.0162487395573407,CEP,0.473,0.02,0.0531413210223456,0.58081824,0.33990854,CEP,97132.0,Unconstrained,Unconstrained,2
35311214,39.0,LS,0.2125603163840204,0.2082401849066438,0.2082400601967983,4.1298333989198,0.0750736286863684,DST,0.719,0.02,0.0860196814688359,0.25650072,0.23001891,DST,6207.0,Unconstrained,Unconstrained,2
35311214,66.0,LS,0.2114095637007572,0.052808524246203,0.0527907095875854,8.603235878377745,0.1211332529783248,DST,0.716,0.08,0.1576542241742986,0.51773834,0.36434633,DST,6237.0,Unconstrained,Unconstrained,2
39484549,39.0,LS,1.1102205023907017,0.1135133822944419,0.1134881396480608,5.927484681713395,0.0093421916244551,CEP,0.467,0.02,0.062847574336644,0.042578854,0.020190893,CEP,54091.0,Unconstrained,Unconstrained,2
39659269,66.0,LS,2.6043837193941872,0.0219085572032164,0.0214454106821723,4.404207840230811,0.5216803401708603,ELL,0.74,0.0,0.0606458572369127,0.09836511,0.023263618,ELL,76654.0,Unconstrained,Unconstrained,2
39971814,74.0,LS,2.3017988135377667,0.3030183133836859,0.3023571674939663,8.88334170336384,0.029636996332556,CEP,0.482,0.04,0.0700137586478543,0.43692136,0.30582455,CEP,127958.0,Unconstrained,Unconstrained,2
39971814,75.0,LS,2.347003725246656,0.3580660295143609,0.3571925793984857,5.27324288818636,0.03411227138713,CEP,0.443,0.04,0.0544106460171169,0.4314453,0.3283877,CEP,127963.0,Unconstrained,Unconstrained,2
39971814,81.0,LS,2.7163875245474283,0.5189981148500639,0.5180758062282369,4.670998532896192,0.0372885609976947,CEP,0.521,0.0,0.0623759440810317,0.6316006,0.30347502,CEP,127967.0,Unconstrained,Unconstrained,2
39971814,82.0,LS,2.2283725054231147,0.5473907630169238,0.5473594258316211,4.646836782336322,0.0333917047828435,CEP,0.511,0.0,0.0568167440108987,0.85717416,0.40132436,CEP,127970.0,Unconstrained,Unconstrained,2
41315049,41.0,LS,2.41603972787115,0.5202920088192042,0.5202732175696,4.5987391936942,0.0164970941841602,CEP,0.522,0.02,0.051118685429107,0.49637368,0.2640495,CEP,125508.0,Unconstrained,Unconstrained,2
41315049,55.0,LS,2.42433170391016,0.4982064398653265,0.4979138362036106,4.759063582530871,0.0196915818378329,CEP,0.501,0.0,0.0530818085599953,0.5128814,0.2378482,CEP,125515.0,Unconstrained,Unconstrained,2
41315049,75.0,LS,2.3874649889524258,0.6556034609713367,0.6555336403661153,4.761392084514228,0.0223341514356434,CEP,0.553,0.02,0.0818740496128046,0.2493073,0.12396885,CEP,125540.0,Unconstrained,Unconstrained,2
41315049,81.0,ACF,2.3796471942314383,0.4551211634457583,0.8106968958513684,488.5251601748505,0.0246089976280927,CEP,0.497,0.02,0.0594110966066104,0.5776355,0.2987769,CEP,125549.0,Unconstrained,Unconstrained,2
41315049,81.0,LS,2.4200591941257694,0.5377188959902837,0.5377129082244135,4.146956185330055,0.0246089976280927,CEP,0.54,0.08,0.0787758440132506,0.5955104,0.33489782,CEP,125544.0,Unconstrained,Unconstrained,2
41620900,66.0,LS,1.8050386370940537,0.3404412827017055,0.3403366641510582,4.198815918596665,0.0111784506589174,CEP,0.556,0.0,0.0487348581612791,0.40519208,0.211863,CEP,44012.0,Unconstrained,Unconstrained,2
41903679,41.0,LS,1.9258316563509243,0.0588463957246938,0.0575567259272802,5.100077627175779,0.025299375411123,CEP,0.5,0.06,0.0977356107056174,1.0744449,0.41869807,CEP,126081.0,Unconstrained,Unconstrained,2
41903679,75.0,LS,3.3773832449504915,0.066568677962859,0.0566811068686153,3.5287966512805724,0.0156918994616717,CEP,0.43,0.02,0.0655098893297798,0.33187544,0.21418114,CEP,126137.0,Unconstrained,Unconstrained,2
41903679,81.0,LS,1.6848532332333952,0.0790190324539553,0.0766936633195023,4.114246681885561,0.0154267717152833,CEP,0.467,0.04,0.084677269677287,0.5992508,0.31533638,CEP,126146.0,Unconstrained,Unconstrained,2
42213227,66.0,LS,2.185822801749892,0.1948179946829311,0.1942707442966971,6.752791847560729,0.0089354655938223,CEP,0.488,0.04,0.0725790162512554,0.7541761,0.3544493,CEP,60908.0,Unconstrained,Unconstrained,2
42249626,41.0,LS,2.460783126481078,0.0629344196074749,0.0628784297319187,10.773899135743704,0.0121906411368399,CEP,0.455,0.04,0.0634173477843405,0.41816753,0.24679358,CEP,124804.0,Unconstrained,Unconstrained,2
42357160,75.0,LS,1.2703929933004807,0.0756831655733116,0.0747915505415879,3.504073797903402,0.0341894035227596,CEP,0.459,0.06,0.0902088687435997,0.6835654,0.32148445,CEP,103192.0,Unconstrained,Unconstrained,2
42357160,81.0,LS,2.218389684503147,0.0642241925427763,0.0608997515596702,3.431890592211857,0.0319629651494324,CEP,0.462,0.04,0.0743088150894629,0.95979756,0.40952232,CEP,103205.0,Unconstrained,Unconstrained,2
42721070,41.0,LS,1.983320852193865,0.1255299577886404,0.121749894413954,3.4653153800791188,0.0117893342394381,CEP,0.467,0.02,0.0621803956243444,0.34684268,0.22304411,CEP,108575.0,Unconstrained,Unconstrained,2
42721070,55.0,LS,2.189725380102492,0.1738061360075362,0.1737863128699964,4.552028365391379,0.0140849535819143,CEP,0.419,0.08,0.0828221806039903,0.57295024,0.33190054,CEP,108590.0,Unconstrained,Unconstrained,2
42721070,81.0,LS,2.182024589764498,0.1250223226865726,0.1249371150678994,4.247089289634459,0.0203840737231075,CEP,0.422,0.12,0.0751990319086622,0.6632658,0.4028888,CEP,108633.0,Unconstrained,Unconstrained,2
42721070,82.0,LS,2.1906138416998293,0.1186186566394479,0.1185443725166292,4.219800480543199,0.0175903062336146,CEP,0.459,0.04,0.0808620454848874,0.4006303,0.2622071,CEP,108659.0,Unconstrained,Unconstrained,2
42738942,65.0,LS,4.218617934020519,0.4877012415810949,0.4872385140057331,4.517100271456002,0.1549038104712963,CEP,0.508,0.1,0.0931149826827025,0.52033246,0.29649162,CEP,98397.0,Unconstrained,Unconstrained,2
43446218,54.0,LS,2.114173767259129,0.1044197135052605,0.0960405074271331,3.628210214887076,0.0069335039006546,CEP,0.479,0.04,0.0565275720334776,0.9411449,0.3996664,CEP,116509.0,Unconstrained,Unconstrained,2
44755160,44.0,LS,2.312561808630781,0.212357944990416,0.2120478642802165,4.700755264017062,0.0205128686502575,CEP,0.489,0.0,0.0492130714343252,0.15672007,0.107148886,CEP,3526.0,Unconstrained,Unconstrained,2
45369360,43.0,LS,5.7479167538062494,0.2810096871645451,0.2332354525756843,4.458429674801664,0.0117089273408055,CEP,0.436,0.02,0.0779711125994749,0.19270259,0.16288769,CEP,45501.0,Unconstrained,Unconstrained,2
45369360,44.0,LS,6.327293491834841,0.7747669157924604,0.7739295307101453,4.088681691324382,0.0100206688512116,CEP,0.539,0.0,0.0484711708131751,0.19275346,0.15118271,CEP,45508.0,Unconstrained,Unconstrained,2
45369360,45.0,LS,6.121865944227124,0.8497863672088566,0.8497008693412038,4.343098806572016,0.0115292705595493,CEP,0.428,0.0,0.030715624688422,0.00069467106,0.00024928825,CEP,45513.0,Unconstrained,Unconstrained,2
45899911,45.0,LS,2.394606283226976,0.1395734645845488,0.1395475557703878,4.667817225912586,0.0031817666604183,CEP,0.474,0.02,0.0617232014723799,0.39812532,0.2764359,CEP,12958.0,Unconstrained,Unconstrained,2
46661249,66.0,LS,1.518877308171574,0.4466435588411629,0.4464224808974267,4.516452489719086,0.0249641062691807,CEP,0.497,0.0,0.0991298138805879,0.9610566,0.38981643,CEP,47965.0,Unconstrained,Unconstrained,2
46727248,80.0,LS,4.006736815577395,0.6515786788803345,0.6469096064127793,4.716790873193531,0.0243929889984428,CEP,0.446,0.0,0.0510755362184284,0.06756824,0.05618298,CEP,35433.0,Unconstrained,Unconstrained,2
48146712,54.0,LS,1.8199909875309883,0.3402227881393627,0.3382362542945785,4.188383413951669,0.0148511247243732,CEP,0.54,0.0,0.0513092584237971,0.8242661,0.33439082,CEP,50339.0,Unconstrained,Unconstrained,2
48146712,80.0,LS,2.4947925387621424,0.309739608719866,0.309285439012065,4.546602723097749,0.0183785706758499,CEP,0.541,0.04,0.0822285984314459,0.3545336,0.16763695,CEP,50350.0,Unconstrained,Unconstrained,2
49941233,58.0,ACF,3.5648504367782152,0.2721327302282469,0.015737697260987,4.118653473855829,0.0053051603026688,CEP,0.448,0.04,0.0689366201666429,0.16440065,0.12547679,CEP,3250.0,Unconstrained,Unconstrained,2
50608476,59.0,LS,3.87939463276318,0.8373984621330514,0.8373683557965691,4.254833629300265,0.4054196551442146,CEP,0.612,0.04,0.1352021834143221,0.947602,0.38865653,CEP,3889.0,Unconstrained,Unconstrained,2
50632431,54.0,LS,0.5904263982411111,0.7169853355460591,0.7169543679234975,4.646603230268738,0.019474847940728,CEP,0.496,0.04,0.0569480324506474,0.14909336,0.10559506,CEP,37953.0,Unconstrained,Unconstrained,2
50843153,59.0,LS,1.607709697271086,0.1937398033591471,0.1937240286826331,4.380321462162101,0.0121938402298837,CEP,0.472,0.0,0.0513388741598411,0.20500918,0.17767875,CEP,13832.0,Unconstrained,Unconstrained,2
51879141,78.0,LS,4.036922035958421,0.4642582272795296,0.4485160626940668,6.025445525348914,0.0232906476594507,CEP,0.432,0.02,0.0621070173168861,0.42984945,0.2423441,CEP,32814.0,Unconstrained,Unconstrained,2
52265304,58.0,LS,3.849321674859928,0.1842336791842589,0.1826741042686345,5.069540471718938,0.0445040175691247,CEP,0.446,0.0,0.0454923114383079,0.7572185,0.3697024,CEP,26112.0,Unconstrained,Unconstrained,2
52265304,78.0,LS,2.018466026779067,0.3322182244133741,0.3282800172858779,4.446630546764936,0.0366425607353448,CEP,0.536,0.1,0.1303770286515228,1.2453246,0.30439422,CEP,25900.0,Unconstrained,Unconstrained,2
52271696,58.0,LS,6.003902990395664,0.1881786628748646,0.1824831128816465,4.235922737807414,0.0114095245953649,CEP,0.452,0.08,0.0999974079664068,0.2786872,0.20299666,CEP,44750.0,Unconstrained,Unconstrained,2
52850796,18.0,LS,1.7614933370063857,0.1314769778427983,0.1296998734559858,4.34861034136793,0.0233448669314384,CEP,0.525,0.04,0.1141902692877112,0.59260523,0.20882872,CEP,16367.0,Unconstrained,Unconstrained,2
52850796,25.0,LS,1.5692941629340973,0.1056746225249732,0.105482521882581,4.53987423080298,0.029240702278912,CEP,0.608,0.02,0.1085252707898026,0.19908105,0.057218075,CEP,16346.0,Unconstrained,Unconstrained,2
52855592,58.0,LS,2.717169385348906,0.5418552010558674,0.5413362776429478,5.16885625183204,0.0299273850396275,CEP,0.5640000000000001,0.04,0.0734087188282155,1.169943,0.4015646,CEP,24659.0,Unconstrained,Unconstrained,2
52855592,78.0,LS,4.511863302054868,0.5092283341509112,0.4860102483171768,5.485069860569638,0.0383314373902976,CEP,0.546,0.0,0.082892663125273,1.1983485,0.38119507,CEP,24665.0,Unconstrained,Unconstrained,2
53298246,61.0,LS,3.661672534527,0.160550646676782,0.1598921501450373,7.778516846101411,0.0337496004067361,CEP,0.424,0.1,0.1262374651203041,0.92786205,0.3620608,CEP,121492.0,Unconstrained,Unconstrained,2
53298246,62.0,LS,4.163167681327573,0.2652992075635601,0.2646810686665506,5.523046705977322,0.0337649066932499,CEP,0.513,0.0,0.0396263346778376,0.06005283,0.016704889,CEP,121504.0,Unconstrained,Unconstrained,2
53703979,58.0,LS,3.5532277440477027,0.2051869015344727,0.1967408939727765,5.1073997480889375,0.0127719191368669,CEP,0.451,0.1,0.0998048976754147,1.1555154,0.40317214,CEP,33542.0,Unconstrained,Unconstrained,2
53886230,66.0,LS,3.4001799893290268,0.2021926999814255,0.200367409101355,4.613077485711983,0.00980686978437,CEP,0.467,0.04,0.0762865754900559,0.5519773,0.31186128,CEP,64199.0,Unconstrained,Unconstrained,2
54052752,78.0,LS,1.9175334026392077,0.3900212419776706,0.3859274250889593,4.059015365237428,0.0517941312864422,CEP,0.475,0.04,0.076265850811487,0.44445437,0.27724892,CEP,27697.0,Unconstrained,Unconstrained,2
54213896,58.0,LS,3.135779567791596,0.1438616381601513,0.1429851205912378,4.804901703406358,0.050280806608498,CEP,0.457,0.04,0.0668122264260067,0.4066291,0.25388387,CEP,25581.0,Unconstrained,Unconstrained,2
54365610,58.0,ACF,1.5601781779660089,0.7942739095398951,1.5595928638566816,332.3584694734452,0.0624586688354611,CEP,0.586,0.0,0.0606761369897589,0.962167,0.38313457,CEP,29918.0,Unconstrained,Unconstrained,2
54365610,58.0,LS,1.5397319729958974,0.905688842704541,0.905615400556624,4.294076558388042,0.0624586688354611,CEP,0.614,0.02,0.1186557305822184,0.8790974,0.3607147,CEP,29915.0,Unconstrained,Unconstrained,2
54365610,78.0,ACF,1.5324117830414252,0.7715031789560809,1.3201478516846163,328.43279043951344,0.0617568008601665,CEP,0.597,0.02,0.0552666264575647,0.77300966,0.31252688,CEP,29693.0,Unconstrained,Unconstrained,2
54365610,78.0,LS,1.5337994336910912,0.730207979413201,0.7301162086219848,4.707135338787339,0.0617568008601665,CEP,0.603,0.0,0.0524845272437506,0.4706255,0.23889096,CEP,29690.0,Unconstrained,Unconstrained,2
54467077,58.0,ACF,2.0995328868757497,0.6854503421419887,1.358368573102594,438.4040387135972,0.0281263724900782,CEP,0.58,0.0,0.0370021404786263,0.59604853,0.27156207,CEP,41914.0,Unconstrained,Unconstrained,2
54467077,58.0,LS,2.0607012905267115,0.797912700764145,0.7974521055722908,4.397608235220105,0.0281263724900782,CEP,0.588,0.0,0.0372202310578534,0.72488207,0.35208318,CEP,41911.0,Unconstrained,Unconstrained,2
54467077,78.0,LS,2.073009289014028,0.7641007960401945,0.764059423506883,5.039639428850933,0.03074511885643,CEP,0.543,0.0,0.071035326422844,0.94758105,0.36172077,CEP,41919.0,Unconstrained,Unconstrained,2
54469864,58.0,LS,1.8398145535683703,0.1069447482010162,0.1066401114988837,4.714533168316848,0.0140641280449926,CEP,0.474,0.08,0.1166149287184106,0.6907891,0.3536854,CEP,16648.0,Unconstrained,Unconstrained,2
54629824,58.0,LS,2.519567155643553,0.1390352638213251,0.1384227716492093,4.777429015121015,0.0272410293109715,CEP,0.467,0.02,0.060556142545575,0.5216732,0.28326505,CEP,25538.0,Unconstrained,Unconstrained,2
54629824,78.0,LS,1.3224374865909136,0.5090274094562223,0.5073982024363716,5.63279601584145,0.0197013677097857,CEP,0.501,0.0,0.0569213492461308,0.17422752,0.15190424,CEP,25544.0,Unconstrained,Unconstrained,2
54881936,78.0,LS,6.3917749125378505,0.5532268090113155,0.2379376814365702,3.51030795519182,0.0346991070546209,CEP,0.48,0.02,0.0685684942229301,0.31560522,0.20123518,CEP,11542.0,Unconstrained,Unconstrained,2
54934946,80.0,LS,2.2408720647754152,0.3408315820240869,0.3406088882846803,10.55925188445326,0.0168265751563012,CEP,0.476,0.06,0.0697716160053642,0.538128,0.3216851,CEP,47820.0,Unconstrained,Unconstrained,2
55033777,61.0,LS,4.824591468244581,0.3181251630073375,0.3152628758847958,6.5579647793965705,0.0170006440021097,CEP,0.43,0.06,0.0865563400335296,0.22275293,0.16059983,CEP,66082.0,Unconstrained,Unconstrained,2
55082660,58.0,LS,5.543049904388042,0.1651501074572817,0.1640207065249337,4.012515760503447,0.0201607472263276,CEP,0.448,0.04,0.0838094600865558,0.10885333,0.123562835,CEP,36061.0,Unconstrained,Unconstrained,2
55084199,58.0,LS,2.771525986986536,0.1494954861377291,0.1489415620091169,3.945615651766275,0.0168967922218143,CEP,0.461,0.04,0.0756708662564398,0.7877269,0.36519036,CEP,28517.0,Unconstrained,Unconstrained,2
55084377,58.0,LS,9.238420206526676,0.3940922081322591,0.3794163982273988,4.467012283941585,0.0265772710554301,CEP,0.424,0.0,0.0164390267351811,0.0002769343,7.969235e-05,CEP,9495.0,Unconstrained,Unconstrained,2
55084377,78.0,LS,1.5979440532727562,0.3054097891520106,0.3035021434628135,4.646751722350018,0.0189781689550727,CEP,0.554,0.02,0.0739569712738427,0.831816,0.35653773,CEP,9498.0,Unconstrained,Unconstrained,2
55591198,7.0,LS,5.086777476139542,0.5454963342778117,0.5446853514468815,4.3880401303363215,0.0147128489334136,CEP,0.543,0.0,0.0687928949819674,0.2387106,0.10981051,CEP,47401.0,Unconstrained,Unconstrained,2
55591198,34.0,LS,4.794264206551151,0.3908468145934822,0.3902714762937473,4.433108380206249,0.0196263752877712,CEP,0.461,0.02,0.0577112952549152,0.119043075,0.12175559,CEP,47526.0,Unconstrained,Unconstrained,2
55859587,,,,,,,,,,,,,,,,Unconstrained,Unconstrained,2
55877998,61.0,LS,1.1176616262903527,0.161082920451632,0.1610528908447419,4.401698070279963,0.0130241422448307,CEP,0.47,0.02,0.0809503156263148,0.29572907,0.15041873,CEP,131359.0,Unconstrained,Unconstrained,2
55877998,62.0,LS,1.1229833228030035,0.1112159679077892,0.1110966728320595,4.828127399501682,0.0123470264952629,CEP,0.499,0.1,0.1201878529636002,0.93640685,0.38935757,CEP,131496.0,Unconstrained,Unconstrained,2
57759350,74.0,LS,5.134814125841647,0.2967990787974053,0.2967154494344275,4.506628416063904,0.002744969970081,CEP,0.434,0.04,0.0753286134214615,0.14494342,0.15369077,CEP,98809.0,Unconstrained,Unconstrained,2
57759350,81.0,LS,1.6432348651951934,0.4152842929593648,0.415190008451026,4.102008607016614,0.0034322257852181,CEP,0.568,0.0,0.0388666643796454,0.2631825,0.1687025,CEP,98888.0,Unconstrained,Unconstrained,2
57760273,74.0,LS,0.5609460055146688,0.1812932810988665,0.1812865443977405,5.1849090637369954,0.0171740481164306,CEP,0.434,0.06,0.0745733893557212,0.44123137,0.29581377,CEP,76657.0,Unconstrained,Unconstrained,2
57760273,75.0,LS,0.5583646318258904,0.1605760739346309,0.1605705137891981,8.404269024966197,0.0165828841272741,CEP,0.41,0.08,0.0513012124613054,0.42776266,0.24605596,CEP,76723.0,Unconstrained,Unconstrained,2
57760273,81.0,LS,0.3215025237427862,0.1243851882606672,0.1242611502832145,4.056596856211399,0.0174046156462281,CEP,0.436,0.12,0.0544011911634295,0.24089402,0.18716179,CEP,76609.0,Unconstrained,Unconstrained,2
58312186,80.0,ACF,0.6504652727771827,0.6692197613149237,0.958703819483556,124.80857099906356,0.0859676301479339,CEP,0.485,0.0,0.0349858028348643,0.005870559,0.00254405,CEP,9342.0,Unconstrained,Unconstrained,2
58973594,66.0,LS,4.352649289524655,0.1924658289302082,0.1923286099024968,4.124677767100366,0.0235551293008029,CEP,0.42,0.08,0.0902062082120737,0.5851294,0.30195436,CEP,86014.0,Unconstrained,Unconstrained,2
59134930,41.0,LS,1.126112895529147,0.5100816836866766,0.5100378887193939,3.92384361718905,0.0644888589158654,CEP,0.571,0.0,0.073012875576846,1.0638348,0.39954382,CEP,126469.0,Unconstrained,Unconstrained,2
59134930,54.0,LS,1.2603621642163998,0.2221662999655542,0.1351922581300516,2.6495417941223423,0.0650718202814459,CEP,0.499,0.06,0.0776821111968514,0.6858394,0.36408916,CEP,126590.0,Unconstrained,Unconstrained,2
59134930,55.0,LS,1.2341976496712843,0.2840552357593415,0.247470776818652,5.529386312256975,0.0733075616881251,CEP,0.501,0.0,0.0543640469428095,0.2964831,0.21123782,CEP,126483.0,Unconstrained,Unconstrained,2
59134930,74.0,LS,1.2361569075809535,0.3639153487339458,0.3639146489808619,5.647388195797248,0.0719790020957589,CEP,0.5609999999999999,0.0,0.0615831145688491,0.4759506,0.2590079,CEP,126598.0,Unconstrained,Unconstrained,2
59134930,75.0,LS,1.1258037627741826,0.466285990822097,0.4662758572492345,4.538717060957424,0.0700115552172064,CEP,0.5660000000000001,0.04,0.0716156407497691,0.4697752,0.2870296,CEP,126651.0,Unconstrained,Unconstrained,2
59134930,82.0,LS,1.1337284541951833,0.4082989916850844,0.4081725156163449,4.169447192565713,0.0764751341193914,CEP,0.534,0.02,0.0726928442145442,0.85069335,0.3753703,CEP,126657.0,Unconstrained,Unconstrained,2
62135216,82.0,LS,0.9503651733268386,0.3659784531938887,0.3658486438634369,4.348045670572901,0.0170866481494158,CEP,0.527,0.08,0.08997323157473,0.5367513,0.28088963,CEP,96261.0,Unconstrained,Unconstrained,2
62135216,83.0,LS,0.9445103128491672,0.2854946807467196,0.2854461029802302,4.332095861755079,0.0169249542523175,CEP,0.466,0.0,0.0614846842717761,0.18907943,0.15580015,CEP,96272.0,Unconstrained,Unconstrained,2
63963757,57.0,LS,9.58558612323471,0.1510025523569808,0.1009084059494214,5.046467917753034,0.0500616896897554,E,0.784,0.0,0.0799397717472261,0.118469335,0.0566738,E,46998.0,Unconstrained,Unconstrained,2
63963757,77.0,LS,1.6506571352094996,0.2219399022430856,0.2218697587739915,4.1980079941859,0.0338320317678153,CEP,0.515,0.1,0.1030018951281965,1.1471577,0.3619942,CEP,47011.0,Unconstrained,Unconstrained,2
63969404,84.0,LS,2.798639729170763,0.243154845270042,0.243082191220578,4.510817801863595,0.0145923043601214,CEP,0.557,0.0,0.0484521372077641,0.1992499,0.15385321,CEP,82816.0,Unconstrained,Unconstrained,2
64080702,84.0,LS,1.5510541750971971,0.1168904059675823,0.115882875033593,3.500700531232724,0.0314728496596217,CEP,0.474,0.02,0.0657546956498165,0.3529395,0.20966792,CEP,67831.0,Unconstrained,Unconstrained,2
65040841,57.0,LS,0.681450831994348,0.1834913453334325,0.1834789305514185,4.387192153397336,0.0363931362517178,CEP,0.484,0.0,0.0405849430207805,0.13287577,0.13146816,CEP,56581.0,Unconstrained,Unconstrained,2
65040841,58.0,ACF,4.75685083212511,0.5214912123251711,0.9757635360662152,152.8516260301219,0.026603415608406,CEP,0.434,0.08,0.0810069527880169,0.27625605,0.20316179,CEP,56465.0,Unconstrained,Unconstrained,2
65040841,58.0,LS,0.6792828282947004,0.359069041608837,0.3590621051669817,4.823345239132323,0.026603415608406,CEP,0.477,0.0,0.0468546006278999,0.183623,0.1707119,CEP,56459.0,Unconstrained,Unconstrained,2
65040841,77.0,LS,0.6877623363750424,0.5003298258088787,0.500325333747492,3.7031332785772975,0.0171085621695965,CEP,0.467,0.0,0.0572615053941127,0.5066023,0.31108445,CEP,56474.0,Unconstrained,Unconstrained,2
65822860,59.0,ACF,2.5648100291145965,0.29961606300243,0.0159886823141485,3.8695927643611863,0.0113987666554749,CEP,0.533,0.02,0.0628910041261864,0.63221395,0.31870103,CEP,14752.0,Unconstrained,Unconstrained,2
65822860,59.0,LS,2.6314105417628264,0.1897226538250719,0.1896496791360429,5.440879728634172,0.0113987666554749,CEP,0.452,0.02,0.0885377749889842,0.50901306,0.26309696,CEP,14727.0,Unconstrained,Unconstrained,2
65822860,73.0,ACF,0.0092591022948909,0.3846646195823102,0.004771606783479,1.0481174855976725,0.010702951112762,ELL,0.589,0.12,0.1559472026039582,0.44642055,0.15000987,ELL,14771.0,Unconstrained,Unconstrained,2
66282248,56.0,LS,0.5488197810472335,0.358234649615867,0.3582324825036806,4.710065902683709,0.0951844919472932,CEP,0.44,0.0,0.0195098334180484,0.0007684233,0.00034935892,CEP,42170.0,Unconstrained,Unconstrained,2
66282248,76.0,LS,0.5503219459786034,0.3187662049271551,0.3187526795648485,4.459171987993614,0.1100078225135803,CEP,0.469,0.12,0.0663602290532514,0.086321235,0.036333393,CEP,42414.0,Unconstrained,Unconstrained,2
66282248,77.0,ACF,0.5416694032273881,0.6635588531396057,0.8578357675100557,70.0607400395763,0.0945403613150119,CEP,0.433,0.02,0.040271558201788,0.2187622,0.18202773,CEP,42208.0,Unconstrained,Unconstrained,2
66282248,77.0,LS,3.3403673663441324,0.0993055769453446,0.0969745701854251,3.5271296344108123,0.0945403613150119,CEP,0.476,0.02,0.0591867012089709,0.46498552,0.2834761,CEP,42206.0,Unconstrained,Unconstrained,2
67225172,17.0,LS,2.3666381061482764,0.143447198458128,0.1416194251136762,4.356246724863468,0.0201255548745393,CEP,0.61,0.04,0.1283107228566654,0.58027637,0.19850776,CEP,95405.0,Unconstrained,Unconstrained,2
67388347,57.0,ACF,0.1689800450308212,0.1728566683468203,0.0118793923124208,1.0251176516899108,0.0086504488717764,E,0.6295,0.12,0.1832331181855507,0.35637718,0.19304883,E,91455.0,Unconstrained,Unconstrained,2
67417285,64.0,LS,1.725141097176879,0.1036716532374862,0.1036138535500298,4.567733549873083,0.0271305791102349,CEP,0.47,0.06,0.0792680616642036,0.3062986,0.22766298,CEP,143706.0,Unconstrained,Unconstrained,2
68989323,71.0,LS,1.6528184839686928,0.1178134238046719,0.1165257148739054,4.480074435545248,0.0089154404122382,CEP,0.502,0.1,0.103326558057452,1.1222012,0.37796128,CEP,98900.0,Unconstrained,Unconstrained,2
69049226,71.0,ACF,0.8588501641042967,0.543076069920427,0.9777311246619368,157.89261420966994,0.0189733353909105,CEP,0.515,0.1,0.115936403256268,0.76820207,0.39128393,CEP,6331.0,Unconstrained,Unconstrained,2
69049226,71.0,LS,0.849443563160875,0.5325344467617824,0.5324409977853842,4.113310369255487,0.0189733353909105,CEP,0.475,0.06,0.0946513602649217,0.6098329,0.25954393,CEP,6324.0,Unconstrained,Unconstrained,2
72285450,59.0,LS,3.0537791798371345,0.9535795640039286,0.9531627218082478,4.212006844991265,0.2919192425906658,CEP,0.596,0.02,0.1332629821068101,0.6971998,0.36494645,CEP,6150.0,Unconstrained,Unconstrained,2
72362403,59.0,LS,3.2671958648240667,0.1558008241242513,0.1557245436900758,4.58066121423326,0.0644717831164598,CEP,0.523,0.1,0.1277009256035366,1.2999657,0.3246814,CEP,1192.0,Unconstrained,Unconstrained,2
72529814,59.0,ACF,0.7800812505593058,0.3761182841664389,0.8001908201931673,169.47881366224772,0.0348125514574348,CEP,0.4669999999999999,0.0,0.0421066075574843,0.008008755,0.004449909,CEP,1722.0,Unconstrained,Unconstrained,2
72529814,59.0,LS,0.7809116172542978,0.439089446759176,0.4390656569146541,4.228258207094768,0.0348125514574348,CEP,0.466,0.0,0.0352799319727235,0.0016561176,0.00060430483,CEP,1716.0,Unconstrained,Unconstrained,2
72613377,59.0,LS,1.4855559878529816,0.3494974098435682,0.3494767264103038,4.413243203031016,0.012538320152089,CEP,0.51,0.0,0.0515700533255493,0.24450704,0.17737353,CEP,45.0,Unconstrained,Unconstrained,2
72701456,59.0,LS,1.910053494972894,0.1102240604524104,0.1101772065002898,3.473563367879251,0.0684829661622643,CEP,0.496,0.04,0.0569815268310704,0.94430923,0.3383794,CEP,19.0,Unconstrained,Unconstrained,2
74286936,62.0,LS,2.913988888641819,0.1147514840632203,0.1029032735618337,5.6661519342633255,0.0180311023723334,CEP,0.468,0.02,0.0600136517802408,0.58590025,0.29625982,CEP,126011.0,Unconstrained,Unconstrained,2
74384208,71.0,LS,4.308348875039117,0.118529313652549,0.1180613635211116,4.375286141279503,0.01428066752851,CEP,0.445,0.04,0.0815630210328185,0.40243447,0.24452236,CEP,42309.0,Unconstrained,Unconstrained,2
76376099,71.0,LS,3.887689757793264,0.291208906684634,0.2908470787003746,4.185129286786832,0.0131229928229004,CEP,0.449,0.02,0.0467555515420361,0.17637263,0.17149217,CEP,8614.0,Unconstrained,Unconstrained,2
78791156,71.0,LS,0.8672077359488156,0.2204173543117224,0.2202404371476802,4.632741730831185,0.0106721930205821,CEP,0.457,0.06,0.0665564902920819,0.34111884,0.25820348,CEP,16428.0,Unconstrained,Unconstrained,2
78791156,72.0,LS,1.6532368069177186,0.2256074431454895,0.2254035186287173,4.007562102426164,0.0089524104259908,CEP,0.47,0.0,0.0387214875747303,0.101176806,0.13877161,CEP,16440.0,Unconstrained,Unconstrained,2
78887878,71.0,ACF,0.9259989059501096,0.7623226481316874,1.5296377217971644,192.3172224745456,0.1940098404884338,CEP,0.5,0.0,0.0071138175405333,0.066494755,0.041651007,CEP,10728.0,Unconstrained,Unconstrained,2
78887878,71.0,LS,0.9284028575038972,0.9040534657126458,0.9040517152144044,4.171436327247648,0.1940098404884338,CEP,0.502,0.02,0.0110973149905731,0.034482777,0.011406754,CEP,10725.0,Unconstrained,Unconstrained,2
79727216,12.0,LS,2.530387427225305,0.0335830741428013,0.0248113337745043,3.1481458380139884,0.0219306140206754,E,0.771,0.06,0.1743170674374715,0.46487826,0.17923094,E,15997.0,Unconstrained,Unconstrained,2
79816129,66.0,LS,4.246836713944047,0.2942690864289122,0.2903818883383106,3.731683492642333,0.0070518144639208,CEP,0.476,0.0,0.0514615817868048,0.39613926,0.2048676,CEP,27248.0,Unconstrained,Unconstrained,2
80808418,61.0,LS,0.80432938418312,0.1852362310164503,0.1852187025586008,4.787758703227155,0.0119133898988366,CEP,0.458,0.1,0.0997306853480913,0.5481842,0.31204334,CEP,117460.0,Unconstrained,Unconstrained,2
80808418,62.0,LS,1.57596191287655,0.1584918668739188,0.1582006507048161,4.255869040985999,0.0137462047860026,CEP,0.47,0.0,0.0649790735544913,0.15515971,0.11142271,CEP,117575.0,Unconstrained,Unconstrained,2
82061779,62.0,LS,5.430206606164396,0.2579720529049233,0.2568785550377183,6.294632940167503,0.0555729819461703,CEP,0.374,0.12,0.112570518342948,0.4574179,0.21897481,CEP,133156.0,Unconstrained,Unconstrained,2
82465594,61.0,LS,4.015098501229281,0.7933094796906119,0.7902203929960053,4.679496923876286,0.0548280077055096,CEP,0.568,0.0,0.0418602627798727,0.027765613,0.012023802,CEP,122146.0,Unconstrained,Unconstrained,2
82465594,62.0,LS,3.9033213987131896,0.7930887862812941,0.7917570468531692,4.866371616208198,0.0425336509943008,CEP,0.566,0.0,0.0412547403336877,0.51650846,0.25391534,CEP,122149.0,Unconstrained,Unconstrained,2
83771935,54.0,LS,1.7477031297926575,0.1522432376146478,0.1515560013141849,4.045518903409175,0.0586918555200099,CEP,0.491,0.02,0.0894685106615729,0.773175,0.38240445,CEP,114416.0,Unconstrained,Unconstrained,2
83771935,81.0,LS,3.502694863761618,0.1803654142378518,0.1771371904893288,4.320240301090962,0.0561146577820181,CEP,0.485,0.08,0.1030017009568288,0.94169223,0.37938637,CEP,114452.0,Unconstrained,Unconstrained,2
84065287,77.0,LS,3.791959864973904,0.5933380690642229,0.5928985323050393,3.725230612653832,0.0044523051474243,CEP,0.446,0.0,0.0158129567127719,0.011144814,0.009671235,CEP,57352.0,Unconstrained,Unconstrained,2
84065287,78.0,LS,2.739362841887133,0.251328315977174,0.2435747662556169,4.585862957701465,0.0040656648343428,CEP,0.452,0.0,0.0247013845765778,0.010201867,0.0062934794,CEP,57548.0,Unconstrained,Unconstrained,2
84218050,78.0,LS,1.3224494165520917,0.0140888288932915,0.0105066938254265,3.6268277298659086,0.0114470510743558,E,0.754,0.06,0.1837042689115485,0.49327058,0.18501107,E,55926.0,Unconstrained,Unconstrained,2
86484311,71.0,LS,2.549224211202853,0.111590557132507,0.1097563105938592,6.050820490003389,0.0172523956280201,CEP,0.448,0.06,0.0731896058194058,0.4238224,0.29305622,CEP,16782.0,Unconstrained,Unconstrained,2
86484311,72.0,LS,0.7143056865131076,0.2102818475649608,0.2102615716282123,3.53504935206729,0.016728697810322,CEP,0.47,0.0,0.0438316050356361,0.031746,0.01709528,CEP,16863.0,Unconstrained,Unconstrained,2
86662070,59.0,LS,2.924617885145802,0.1910169532678621,0.1903682837893803,4.221423571136256,0.0100381090305745,CEP,0.51,0.0,0.0520753300517625,0.268313,0.13891372,CEP,21797.0,Unconstrained,Unconstrained,2
90022324,,,,,,,,,,,,,,,,Unconstrained,Unconstrained,2
90803999,65.0,ACF,0.8981484537325741,0.4979575485051473,0.9542244733337192,180.9015046725566,0.0099530827719718,CEP,0.463,0.04,0.0724817218338527,0.30646998,0.23389989,CEP,73492.0,Unconstrained,Unconstrained,2
90803999,65.0,LS,0.9170316127833552,0.3222974961049676,0.322288464036763,5.159589240418427,0.0099530827719718,CEP,0.46,0.0,0.0352457884008855,0.063441396,0.062140416,CEP,73488.0,Unconstrained,Unconstrained,2
92582172,61.0,LS,0.8921652755721138,0.2046666138679335,0.2046447470917312,4.519360481266631,0.0118030339945107,CEP,0.458,0.0,0.0354699873132201,0.056827772,0.031711098,CEP,81697.0,Unconstrained,Unconstrained,2
92582172,62.0,LS,1.0441787223638814,0.1588763439431687,0.1559776421771229,4.207057248226192,0.0102376309223473,CEP,0.466,0.0,0.0691830730742715,0.3725748,0.22733559,CEP,81704.0,Unconstrained,Unconstrained,2
92582172,63.0,LS,1.1842601441198646,0.1589977127867332,0.158071700714086,4.745888604422362,0.0110043422318995,CEP,0.47,0.0,0.0510575518410352,0.23252589,0.17330158,CEP,81711.0,Unconstrained,Unconstrained,2
93997408,61.0,ACF,1.4537354900276114,0.7406116013080514,1.3772827621263948,295.8725248968698,0.0097386300330981,CEP,0.472,0.0,0.0464974149819105,0.0047609215,0.0017882007,CEP,99667.0,Unconstrained,Unconstrained,2
93997408,61.0,LS,1.4559943429351034,0.858992703175736,0.8588583708317697,4.299491492947709,0.0097386300330981,CEP,0.473,0.0,0.0462844941638125,0.0034383952,0.0012192979,CEP,99665.0,Unconstrained,Unconstrained,2
93997408,63.0,ACF,1.455991493808142,0.8048517569221799,1.5293017865276783,304.1402501316812,0.009713873732835,CEP,0.472,0.0,0.0606247474221542,0.11126528,0.137235,CEP,99672.0,Unconstrained,Unconstrained,2
93997408,63.0,LS,1.4574160492880894,0.8684593065831724,0.8684575432825615,4.563756715098862,0.009713873732835,CEP,0.473,0.0,0.0410163089514402,0.0011355955,0.00025798834,CEP,99671.0,Unconstrained,Unconstrained,2
101749113,66.0,LS,1.85600137959037,0.1779839483895433,0.1776939481285855,4.7693259738443885,0.0448541669175028,CEP,0.474,0.0,0.0410097354295294,0.28504044,0.22817004,CEP,25010.0,Unconstrained,Unconstrained,2
102142779,66.0,LS,1.5188887007453309,0.1673805882217081,0.1673336038895208,4.39694962658541,0.008286494994536,CEP,0.501,0.06,0.091518085644314,0.4738742,0.23132382,CEP,56636.0,Unconstrained,Unconstrained,2
103137554,,,,,,,,,,,,,,,,Unconstrained,Unconstrained,2
103879548,,,,,,,,,,,,,,,,Unconstrained,Unconstrained,2
104211646,75.0,LS,2.098079527382364,0.1082119212263441,0.1062106708455527,4.503786800964008,0.0210071960464119,CEP,0.47,0.12,0.1364509523601796,1.3547235,0.37571797,CEP,107089.0,Unconstrained,Unconstrained,2
104722114,80.0,ACF,0.009259068621759,0.306975642989328,0.0142746777548522,1.9642225674600355,0.0070354831404984,ELL,0.621,0.06,0.1313116308633778,0.39546904,0.11349309,ELL,9518.0,Unconstrained,Unconstrained,2
104880606,59.0,LS,5.47650753668568,0.4081628087696237,0.4081282644898109,4.68407483417468,0.0247808103449642,CEP,0.473,0.08,0.1051578318528867,0.28404978,0.17339809,CEP,2786.0,Unconstrained,Unconstrained,2
105517114,14.0,LS,0.2143344114139272,0.1539878236107765,0.1538290803492231,4.194822365830987,0.2245167642831802,DST,0.757,0.04,0.1400077083592185,1.1204484,0.29295895,DST,139207.0,Unconstrained,Unconstrained,2
105517114,55.0,LS,0.2144741118514097,0.1688973955528989,0.167796240306333,4.216571285123791,0.161026120185852,DST,0.724,0.08,0.1263788653216984,0.6334091,0.32900712,DST,139220.0,Unconstrained,Unconstrained,2
105517114,74.0,LS,0.2142925370677229,0.182342982317506,0.1819143857907011,4.212910520596779,0.1780549250543117,DST,0.716,0.08,0.1026576524181222,0.38028878,0.20734182,DST,139466.0,Unconstrained,Unconstrained,2
105517114,75.0,LS,0.2140059546446645,0.1948420271407987,0.1943529378049171,4.336778401739139,0.1926399208605289,DST,0.716,0.04,0.0746653868937943,0.5546372,0.28464147,DST,139295.0,Unconstrained,Unconstrained,2
105517114,81.0,LS,0.2139919032834917,0.1459163140534362,0.1447737138606122,4.166693380011566,0.1597637310624122,DST,0.718,0.04,0.1278976153022408,0.5165395,0.29384187,DST,139476.0,Unconstrained,Unconstrained,2
105517114,82.0,LS,0.2243842704441807,0.6068433346673346,0.6068426983704637,4.344172830256866,0.1555416081100702,CEP,0.382,0.06,0.0293390933738587,0.05358967,0.026973046,CEP,139487.0,Unconstrained,Unconstrained,2
106111121,81.0,LS,1.9573961879478932,0.1877728518984046,0.1853452052025475,4.359940106987779,0.0229129404760897,CEP,0.511,0.02,0.0573246892708543,0.4545509,0.26940957,CEP,139527.0,Unconstrained,Unconstrained,2
106583796,61.0,LS,1.9445975355995784,0.2870748882407556,0.2865095884372315,3.97648841244154,0.0122208450920879,CEP,0.54,0.0,0.0618478778940716,0.78462625,0.36046898,CEP,53803.0,Unconstrained,Unconstrained,2
106852011,66.0,LS,3.7843863680907823,0.2652901368207216,0.2652534844988927,4.578004076262005,0.0856353994458913,CEP,0.585,0.02,0.1105606150489404,0.20353791,0.061454847,CEP,29382.0,Unconstrained,Unconstrained,2
106938928,66.0,LS,2.497695218820491,0.1420082381075731,0.1419806430341346,5.692464090505382,0.0255379569716751,CEP,0.454,0.0,0.0493062430124218,0.2191976,0.15516162,CEP,40839.0,Unconstrained,Unconstrained,2
107967430,80.0,LS,4.265180951669897,0.4055620367521799,0.3989105312704424,4.13414559255034,0.0105360732413828,CEP,0.444,0.0,0.0287682046711295,0.0019673167,0.0011640061,CEP,16328.0,Unconstrained,Unconstrained,2
107992678,66.0,LS,2.5486694514888217,0.1710960155107694,0.1698851112988937,4.670028019125311,0.0139155285432934,CEP,0.514,0.0,0.0514872566758027,0.038026817,0.035504982,CEP,5553.0,Unconstrained,Unconstrained,2
108088105,80.0,ACF,1.4096988694172978,0.2249753779936766,0.3909464154436506,294.3526208478059,0.0101231283042579,CEP,0.494,0.0,0.0544067054690871,0.03816999,0.020766696,CEP,26253.0,Unconstrained,Unconstrained,2
108088105,80.0,LS,1.4066025757093985,0.2970376065482708,0.2967360573052607,4.477163145773375,0.0101231283042579,CEP,0.496,0.0,0.0504048251658509,0.051537465,0.028309643,CEP,26242.0,Unconstrained,Unconstrained,2
109758565,74.0,LS,4.768083799279047,0.1454397705537598,0.132655017575384,4.142045801429049,0.0100469577591866,CEP,0.433,0.1,0.1059932073295265,0.41517085,0.19931269,CEP,141066.0,Unconstrained,Unconstrained,2
111613963,66.0,LS,2.6015306179463016,0.9571282037947478,0.9564154648722788,4.294304063136224,0.1450899988412857,CEP,0.569,0.0,0.0673624702634931,0.47039935,0.2865543,CEP,6406.0,Unconstrained,Unconstrained,2
111804752,80.0,LS,1.3355638426805585,0.104255815775258,0.0999979366759806,4.150566644217179,0.0425708619877696,CEP,0.482,0.02,0.090353094025606,0.48275715,0.20197167,CEP,9261.0,Unconstrained,Unconstrained,2
112306087,80.0,LS,1.322208469308158,0.2486556466208298,0.2486293806437162,4.598943984638026,0.0140845694113522,CEP,0.477,0.08,0.0820628442110069,0.4989711,0.33838788,CEP,9093.0,Unconstrained,Unconstrained,2
112812656,80.0,LS,0.2072427847060917,0.762277971149988,0.7622779451366928,4.249103064383235,0.2035076543688774,DST,0.706,0.0,0.0332143583409344,0.08692968,0.09965511,DST,8252.0,Unconstrained,Unconstrained,2
113077680,80.0,ACF,1.384239391925803,0.2794797319623153,0.4265277790393474,273.2835394327216,0.0133853603620082,CEP,0.47,0.0,0.0454941930360348,0.04897186,0.04001978,CEP,42499.0,Unconstrained,Unconstrained,2
113077680,80.0,LS,1.3917994478552635,0.2695926816671348,0.2694034960411521,4.247399210398726,0.0133853603620082,CEP,0.492,0.02,0.0736623757423014,0.47673428,0.3150824,CEP,42493.0,Unconstrained,Unconstrained,2
114080021,80.0,LS,4.722178869392418,0.1707579443787008,0.170075792668379,4.6740398991751135,0.0153694755863398,CEP,0.391,0.06,0.0811044166491566,0.44985342,0.27125925,CEP,39802.0,Unconstrained,Unconstrained,2
114962202,80.0,LS,1.5555412381100626,0.2542614063184313,0.2536244403994973,4.28350765189316,0.0162013049703091,CEP,0.529,0.0,0.0618012944848245,1.0062656,0.40210408,CEP,8096.0,Unconstrained,Unconstrained,2
115345146,80.0,ACF,1.400443989281257,0.7668558147360524,1.5132849747492916,301.6904017744639,0.0494405580684542,CEP,0.617,0.0,0.0887245174683976,1.0015693,0.36062384,CEP,43247.0,Unconstrained,Unconstrained,2
115345146,80.0,LS,1.391800172595787,0.9260944575051052,0.9260458664234916,4.304181149967917,0.0494405580684542,CEP,0.59,0.0,0.0507137062341138,0.91931885,0.36318627,CEP,43243.0,Unconstrained,Unconstrained,2
116743858,59.0,LS,0.2874353927956369,0.1082132475949103,0.1082097831156892,5.481392003890505,0.0572142750024795,CEP,0.438,0.06,0.0549167224076601,0.19727592,0.18089955,CEP,53400.0,Unconstrained,Unconstrained,2
116914553,80.0,LS,4.8966487368697615,0.452727239840588,0.4522049961300315,4.429859085303178,0.0761024514213204,CEP,0.514,0.0,0.0616109211098162,0.09563515,0.039810468,CEP,16642.0,Unconstrained,Unconstrained,2
117327877,80.0,LS,1.7397516248909308,0.1461557335371326,0.1460006436698,4.557024275447475,0.0170746725052595,CEP,0.434,0.08,0.0822094885034568,0.5460017,0.29635823,CEP,45243.0,Unconstrained,Unconstrained,2
117332482,80.0,LS,1.5740610692308474,0.3751906570177819,0.3732307585361689,3.836965651771607,0.0225395383313298,CEP,0.476,0.04,0.0877749941612074,0.8454173,0.4061198,CEP,11272.0,Unconstrained,Unconstrained,2
119207375,80.0,LS,0.8814751538095308,0.5021060392909538,0.5020192365302615,4.282857956703083,0.02796366577968,CEP,0.46,0.0,0.0451366635895919,0.13139758,0.13852556,CEP,17495.0,Unconstrained,Unconstrained,2
119210596,80.0,LS,1.7397536842473382,0.144867344324041,0.1405807973343966,5.054126181450556,0.0295737688429653,CEP,0.474,0.04,0.0618041293118833,0.25347182,0.20496003,CEP,32425.0,Unconstrained,Unconstrained,2
120952570,66.0,LS,2.761710065218754,0.2954576438469923,0.2953483230611762,4.093752174223482,0.0413912814110517,CEP,0.468,0.12,0.0909883509027391,0.9643667,0.41023913,CEP,42687.0,Unconstrained,Unconstrained,2
121372615,59.0,LS,2.532866993416108,0.0711963648082972,0.0707135693353976,3.8253126284107566,0.0057138915872201,CEP,0.435,0.12,0.0929240550126822,0.9000516,0.4186654,CEP,56294.0,Unconstrained,Unconstrained,2
121698852,59.0,LS,1.978080194910951,0.078463227430872,0.0784419745385017,5.682471281139442,0.0071730697527527,CEP,0.469,0.12,0.0893996778517685,0.71226156,0.42497775,CEP,50399.0,Unconstrained,Unconstrained,2
121698852,73.0,ACF,2.0346856827209194,0.3017191507701194,0.016777779818158,1.2232511968999231,0.0074076990131288,CEP,0.555,0.0,0.0490274861684749,0.19165362,0.13789485,CEP,50437.0,Unconstrained,Unconstrained,2
121698852,73.0,LS,2.033845225889316,0.3769681993151315,0.3767893674713682,4.384496045735432,0.0074076990131288,CEP,0.519,0.02,0.0596831634550314,0.4819031,0.256014,CEP,50424.0,Unconstrained,Unconstrained,2
122107930,73.0,ACF,0.5972119778798515,0.1652967227902645,0.0074757514307578,1.8416309016687649,0.0082960003055632,E,0.776,0.12,0.2368687771684544,0.35867035,0.18898244,E,51667.0,Unconstrained,Unconstrained,2
123489395,61.0,LS,1.455967041466295,0.3584539470311916,0.3583766170498618,4.321521671525261,0.0162650598213076,CEP,0.473,0.0,0.0440272642802161,0.0871329,0.05418032,CEP,99685.0,Unconstrained,Unconstrained,2
123489395,62.0,LS,1.4523893105635133,0.2946359429648613,0.2943649971456333,6.148683791914664,0.0151257112156599,CEP,0.464,0.02,0.0514213963248762,0.2426598,0.21631803,CEP,99689.0,Unconstrained,Unconstrained,2
124953606,7.0,LS,2.71291481252951,0.0578641965226911,0.0180081845726023,2.322989844556105,0.0783731136471033,CEP,0.591,0.04,0.1453644468224607,0.58082664,0.13685355,CEP,26557.0,Unconstrained,Unconstrained,2
124953606,33.0,LS,1.0411185209722087,0.0297993055589863,0.0164636992009988,2.75068082740836,0.0531882746145129,CEP,0.542,0.1,0.1138563375486845,0.42264912,0.17433715,CEP,26539.0,Unconstrained,Unconstrained,2
125908009,55.0,ACF,1.173601374061036,0.4934091320626432,0.8234099411131723,90.05772647149283,0.0110676337499171,CEP,0.485,0.06,0.0929329134375975,0.84436953,0.40307438,CEP,145877.0,Unconstrained,Unconstrained,2
125908009,55.0,LS,1.257068560722174,0.4068177809455829,0.406787943848335,4.755139281285665,0.0110676337499171,CEP,0.523,0.0,0.058224393513372,0.9752655,0.3454057,CEP,145867.0,Unconstrained,Unconstrained,2
125908009,82.0,LS,1.230806753385379,0.5665369337403329,0.5664381726954165,4.487242823466659,0.0127554184291511,CEP,0.557,0.0,0.0483860475757216,0.7656802,0.34636745,CEP,145880.0,Unconstrained,Unconstrained,2
126363394,61.0,LS,3.900809993309217,0.1313244975770618,0.1311333527887608,4.215796988803049,0.006813378422521,CEP,0.474,0.04,0.096473507244217,0.21773218,0.16084726,CEP,71759.0,Unconstrained,Unconstrained,2
126524989,61.0,LS,3.538918337348658,0.1810843275471642,0.1809495839973992,4.421313818671479,0.0088051636703312,CEP,0.444,0.1,0.0849473154372755,0.5995041,0.3629847,CEP,58441.0,Unconstrained,Unconstrained,2
127843819,71.0,LS,2.5679009461953,0.4682214170328019,0.4647073878423391,4.506674354546703,0.0222188886255025,CEP,0.45,0.02,0.0564641479170632,0.07574847,0.04146693,CEP,40021.0,Unconstrained,Unconstrained,2
127843819,73.0,LS,2.48561276599027,0.4171857454272787,0.4171738937538808,4.152286241773254,0.0202994747087359,CEP,0.45,0.04,0.059025757089596,0.06407963,0.042945746,CEP,40033.0,Unconstrained,Unconstrained,2
128383551,56.0,LS,6.638052295593189,0.567486506282585,0.565814551894625,4.426981176504341,0.0173799041658639,CEP,0.429,0.0,0.0521070283167252,0.0134768225,0.005942117,CEP,64270.0,Unconstrained,Unconstrained,2
128383551,83.0,LS,6.561310322808223,0.6580868752437333,0.6542218636546681,4.368700775579782,0.0155537284445017,CEP,0.447,0.0,0.05732072574558,0.0075753415,0.002175341,CEP,64275.0,Unconstrained,Unconstrained,2
128397634,61.0,LS,2.0507617016530006,0.1747002601552837,0.1715152045983735,4.009133135728916,0.0238453783094882,CEP,0.549,0.0,0.0492103403767947,0.782136,0.38503098,CEP,67148.0,Unconstrained,Unconstrained,2
129440495,61.0,LS,2.2827037001558708,0.3274925962238707,0.3274785963540435,4.309908375424129,0.0385660491883754,CEP,0.538,0.0,0.0446871614672491,0.35133487,0.16889988,CEP,76548.0,Unconstrained,Unconstrained,2
129521776,61.0,LS,1.5674577816020383,0.1171941279857077,0.1134154690598709,3.57982067865305,0.0239155231975018,CEP,0.472,0.02,0.0727874824403207,0.6533209,0.3073553,CEP,64667.0,Unconstrained,Unconstrained,2
129807688,61.0,LS,0.9014814210666128,0.2370815959334714,0.2369779832271931,4.546133512056258,0.0466884206980466,CEP,0.424,0.08,0.0739699939164523,0.7014642,0.39705914,CEP,71942.0,Unconstrained,Unconstrained,2
130000630,61.0,LS,1.3876892120683866,0.0651993705687813,0.0650444267104387,4.782374105601775,0.0130750390235334,CEP,0.432,0.12,0.1191655252159784,0.8191199,0.3409598,CEP,60237.0,Unconstrained,Unconstrained,2
131627374,62.0,LS,2.198309827599348,0.1197448685961751,0.1196971428801077,4.903525826357509,0.0095639069331809,CEP,0.451,0.06,0.0641571695136248,0.21783245,0.16647479,CEP,141123.0,Unconstrained,Unconstrained,2
131627374,63.0,LS,2.174406935409413,0.2349298753982757,0.2347560339186475,4.619456150812766,0.0119599886238574,CEP,0.432,0.1,0.0993771321783839,0.4051305,0.19336155,CEP,141146.0,Unconstrained,Unconstrained,2
134747048,35.0,LS,2.092882809122369,0.0916930219308835,0.0915106893543153,4.518558792075055,0.0151192024350166,CEP,0.44,0.06,0.0574026619591809,0.6384181,0.3521629,CEP,128758.0,Unconstrained,Unconstrained,2
136557437,41.0,LS,1.186451128206646,0.1143523228476405,0.1128646033602073,4.539545964998979,0.015040700091049,CEP,0.494,0.0,0.0619823071529287,0.4113493,0.19950217,CEP,83978.0,Unconstrained,Unconstrained,2
136557437,75.0,LS,2.8848493364928167,0.0833400220821527,0.0816936717250982,4.263888973760913,0.0155433954205363,CEP,0.463,0.04,0.0892580618207677,0.907906,0.35570258,CEP,84021.0,Unconstrained,Unconstrained,2
136557437,82.0,LS,2.692621439092305,0.246369629181058,0.244177916185544,3.6021540313340665,0.0205550342798233,CEP,0.46,0.08,0.1194237095387678,0.7803293,0.3387755,CEP,84040.0,Unconstrained,Unconstrained,2
137528566,65.0,LS,3.3822012673555566,0.09805070262426,0.0975088302662565,4.640146871231991,0.0105792703106999,CEP,0.444,0.1,0.113486147172243,0.72292805,0.33393085,CEP,77195.0,Unconstrained,Unconstrained,2
137626224,55.0,LS,1.4919358204318598,0.6095932424014758,0.6095696072232375,4.573582029652243,0.0319173443131148,CEP,0.5,0.0,0.0584755128237453,0.8290199,0.4466974,CEP,82155.0,Unconstrained,Unconstrained,2
137626224,56.0,LS,1.4988925000250095,0.600547934858181,0.6004835342864503,4.2331143260526005,0.0373712205328047,CEP,0.478,0.02,0.0600432377541384,0.5964184,0.33449435,CEP,82160.0,Unconstrained,Unconstrained,2
137626224,75.0,LS,1.505100942026877,0.5911207523712356,0.591079308399516,4.296392737083806,0.0328713422641158,CEP,0.534,0.02,0.0673914415931281,1.0745893,0.41753873,CEP,82166.0,Unconstrained,Unconstrained,2
137626224,76.0,LS,1.2087717902225046,0.2875559277376956,0.2811050566230589,4.36534979310818,0.0346781709231436,CEP,0.529,0.1,0.103968333640585,1.1366456,0.4309151,CEP,82170.0,Unconstrained,Unconstrained,2
137626224,82.0,LS,1.2192237509529766,0.3259683956325005,0.3244128294865039,4.555520165988128,0.0358454091474413,CEP,0.474,0.08,0.0880120355406009,1.0348052,0.4239331,CEP,82177.0,Unconstrained,Unconstrained,2
137626224,83.0,LS,1.2223005920102832,0.3646879554421268,0.3630814067267767,4.988249025769619,0.0371696217916905,CEP,0.516,0.1,0.1096588819932065,0.9684588,0.43545687,CEP,82182.0,Unconstrained,Unconstrained,2
137815897,40.0,ACF,1.083354597829384,0.4425249199830485,0.8719636193902269,81.40077019538391,0.0096701306756585,CEP,0.514,0.0,0.0531594431874525,0.027861824,0.016798953,CEP,145805.0,Unconstrained,Unconstrained,2
137815897,40.0,LS,1.0925560618129428,0.5203527534802872,0.5203476219044433,4.481596012778027,0.0096701306756585,CEP,0.512,0.0,0.0491297221648972,0.0732261,0.0582493,CEP,145798.0,Unconstrained,Unconstrained,2
137815897,41.0,LS,1.0981891041644332,0.5822740565947575,0.5822589607795998,4.201122465827211,0.0097895541694015,CEP,0.526,0.0,0.0806188563550736,0.727342,0.33280054,CEP,145813.0,Unconstrained,Unconstrained,2
137815897,54.0,LS,1.0923088509554952,0.1222995435258923,0.1221540776457425,5.190566940194913,0.0091068254550918,CEP,0.464,0.12,0.1082821795126049,1.1360421,0.42474046,CEP,146359.0,Unconstrained,Unconstrained,2
137815897,55.0,LS,1.0948503930632487,0.2335260925471816,0.233513789954446,4.186248127038198,0.0079253735020756,CEP,0.476,0.0,0.0496769725325527,0.5152657,0.32139778,CEP,145826.0,Unconstrained,Unconstrained,2
138681451,56.0,LS,4.224147226357493,0.0931243285970292,0.0930746024288575,4.485484051365347,0.0053860433399677,CEP,0.439,0.06,0.0727703675956085,0.6659452,0.37570548,CEP,89084.0,Unconstrained,Unconstrained,2
139435239,61.0,ACF,1.4698810001550555,0.7469515152601885,1.450086682717418,308.49742460864616,0.0240537710487842,CEP,0.553,0.0,0.0222184067835657,0.64428717,0.3467444,CEP,47912.0,Unconstrained,Unconstrained,2
139435239,61.0,LS,1.4883135509054488,0.8623018939109371,0.8622846574342355,4.2632307775638765,0.0240537710487842,CEP,0.524,0.0,0.0484726727136022,0.14962837,0.106791385,CEP,47908.0,Unconstrained,Unconstrained,2
139521686,61.0,LS,2.326798741521454,0.3441682176846956,0.3439756556359236,4.126227684508194,0.0082123791798949,CEP,0.503,0.0,0.0694107887867585,0.50495327,0.29872262,CEP,71579.0,Unconstrained,Unconstrained,2
139691604,8.0,LS,0.2439704525980864,0.3859163953751017,0.3859150030081349,3.8374958848480674,0.0375789124518632,CEP,0.407,0.06,0.0431247678254619,0.19949345,0.09001195,CEP,95460.0,Unconstrained,Unconstrained,2
139691604,9.0,ACF,0.2499958655789669,0.941038291042984,1.8114920028428585,5.811171102731068,0.0412964588031172,CEP,0.622,0.02,0.0754593930534827,0.5165168,0.18405117,CEP,95207.0,Unconstrained,Unconstrained,2
139691604,9.0,LS,0.2438262722315834,0.3985258853544516,0.398525185986219,4.292139491585658,0.0412964588031172,CEP,0.409,0.1,0.079966553008117,0.7532438,0.30733478,CEP,95202.0,Unconstrained,Unconstrained,2
139691604,34.0,LS,0.2436682708202496,0.3405535147276772,0.3388853876851063,4.6085049784833245,0.044782506301999,CEP,0.419,0.0,0.0166480749637908,0.015976284,0.011687339,CEP,95446.0,Unconstrained,Unconstrained,2
139691604,61.0,LS,0.243882935121677,0.3795200930899323,0.3795177995917782,4.502037603499048,0.0445912219583988,CEP,0.418,0.06,0.0328416564746664,0.16083974,0.16936186,CEP,95484.0,Unconstrained,Unconstrained,2
139691604,62.0,LS,0.2439587320141088,0.33738927767861,0.3373865327369482,4.573003173238249,0.0448885699734091,CEP,0.418,0.0,0.0206711780022329,0.00614818,0.0035335715,CEP,95492.0,Unconstrained,Unconstrained,2
140091488,61.0,LS,0.8800424383724084,0.2429697239274521,0.2428901751646706,4.671962126431026,0.0263376557268202,CEP,0.46,0.04,0.0693104782843113,0.3571869,0.25253785,CEP,61845.0,Unconstrained,Unconstrained,2
140518005,61.0,LS,1.1134886926999934,0.1911270657478002,0.1910626423240362,4.545081892909366,0.011525941081345,CEP,0.518,0.02,0.0609461532830415,0.5695157,0.30314273,CEP,142213.0,Unconstrained,Unconstrained,2
140518005,62.0,LS,1.130256445385881,0.1262538872144308,0.1260623919704312,5.104754088883055,0.0109263113699853,CEP,0.47,0.0,0.0585109083846764,0.35492983,0.20847592,CEP,142217.0,Unconstrained,Unconstrained,2
140521774,61.0,LS,1.981098756329936,0.4045510816798004,0.4044359900596583,4.116302765447472,0.0161529774777591,CEP,0.528,0.0,0.0649641008557803,0.7908311,0.3780339,CEP,141897.0,Unconstrained,Unconstrained,2
140654872,62.0,LS,3.568780205106124,0.4822823595756547,0.4812542323247575,4.516880458748346,0.0273136049509048,CEP,0.495,0.02,0.0633201895132982,0.16011412,0.13772754,CEP,121238.0,Unconstrained,Unconstrained,2
141140705,61.0,LS,4.833427084814865,0.7497449261061332,0.748641803954304,4.243980257946532,0.0085428421152755,CEP,0.558,0.0,0.0621490337817089,0.5865823,0.3133728,CEP,109601.0,Unconstrained,Unconstrained,2
141628857,61.0,LS,3.098351830921133,0.6642877021212513,0.6638180302489348,4.441413146061677,0.6096529588103294,CEP,0.772,0.0,0.0925880424244945,0.1779981,0.087497205,CEP,143448.0,Unconstrained,Unconstrained,2
141628857,62.0,LS,3.1226759189681843,0.5991656816496778,0.5988749862356807,4.4339934419767815,0.6417698413133621,CEP,0.703,0.0,0.0829844901171297,0.20538895,0.11011964,CEP,143341.0,Unconstrained,Unconstrained,2
141640994,62.0,LS,2.153574590474895,0.2295169346910388,0.2294459196497451,4.252226126598544,0.0105827313382178,CEP,0.494,0.02,0.0815145042308422,0.33830398,0.19487031,CEP,137068.0,Unconstrained,Unconstrained,2
144632645,7.0,LS,7.1814865546926905,0.3881409989072317,0.3347331965328889,3.797902068028179,0.8651798218488693,CEP,0.562,0.02,0.1101013642058989,1.0627158,0.35761198,CEP,44720.0,Unconstrained,Unconstrained,2
144632645,8.0,LS,2.7833913758463797,0.1123406707533834,0.106597590342365,4.437841287189258,1.0976863652467728,CEP,0.729,0.04,0.1476933255093133,1.0609118,0.2825177,CEP,45103.0,Unconstrained,Unconstrained,2
144974393,80.0,LS,1.2130508025400577,0.2330638072886022,0.2328830876215263,3.748716259015055,0.0197656801901757,CEP,0.511,0.04,0.0782173893709065,0.92538285,0.40899852,CEP,45226.0,Unconstrained,Unconstrained,2
145655289,80.0,ACF,0.8449064986393751,0.3022581870729656,0.5985449057097779,184.9712667379705,0.0273037585429847,CEP,0.456,0.0,0.0365429281804291,0.10533133,0.07710248,CEP,76836.0,Unconstrained,Unconstrained,2
145655289,80.0,LS,0.8421823528709101,0.2841725031131079,0.2840863453263145,4.939235912195727,0.0273037585429847,CEP,0.458,0.0,0.0302898266749745,0.11152026,0.13618858,CEP,76829.0,Unconstrained,Unconstrained,2
146334164,61.0,LS,2.1887795152784664,0.3394235587319936,0.3386760522057544,4.702630388324906,0.0119841820560395,CEP,0.531,0.0,0.0479366248290385,0.21100554,0.08091615,CEP,138284.0,Unconstrained,Unconstrained,2
146543073,8.0,LS,1.4248419478004353,0.1127541258130388,0.1091229502212728,3.8147080013059167,0.0463885907083749,CEP,0.625,0.06,0.1506535097500221,0.22813027,0.066451795,CEP,74393.0,Unconstrained,Unconstrained,2
146543073,35.0,LS,0.8488614193603237,0.098878618559245,0.0984160021059629,3.4433926388628606,0.0308314268477261,CEP,0.423,0.08,0.0822493379912568,0.9211526,0.36732593,CEP,74418.0,Unconstrained,Unconstrained,2
146543073,61.0,LS,2.0121705821272067,0.1670324399191454,0.166830954237772,3.781847845606535,0.0439626025035977,CEP,0.437,0.06,0.0710408220673156,0.5856104,0.32303628,CEP,74442.0,Unconstrained,Unconstrained,2
146769327,61.0,LS,2.3670331665871527,0.2989824574486541,0.2983404379111068,4.28780057480617,0.0130582868587225,CEP,0.464,0.0,0.0455779595857471,0.0652187,0.04636615,CEP,75227.0,Unconstrained,Unconstrained,2
146769327,62.0,LS,2.4221165323837885,0.1717335958589589,0.1716838950667342,3.845189444968128,0.0108724937308579,CEP,0.493,0.06,0.0862129920603617,0.64495957,0.31646383,CEP,75239.0,Unconstrained,Unconstrained,2
147358356,61.0,LS,4.459919419173443,0.1418726873405914,0.1386790207855777,4.436006941312371,0.0277903373353183,CEP,0.501,0.06,0.0817753018948875,1.0208178,0.3626369,CEP,62502.0,Unconstrained,Unconstrained,2
147358356,62.0,LS,3.431330201424002,0.1799675017284152,0.1712653020335746,3.843619425784709,0.0278594717383384,CEP,0.437,0.06,0.0712358224491021,0.5077867,0.3068965,CEP,62514.0,Unconstrained,Unconstrained,2
147442353,61.0,ACF,1.201400899145483,0.4127793326647825,0.8352917400998416,246.0547924950129,0.0246812426485121,CEP,0.517,0.06,0.0977916888084054,0.8249383,0.39822233,CEP,142917.0,Unconstrained,Unconstrained,2
147442353,61.0,LS,1.2070722512188692,0.3295300593700538,0.3294643609253841,4.553539029704552,0.0246812426485121,CEP,0.518,0.0,0.0516650752443079,0.30220747,0.21319298,CEP,142912.0,Unconstrained,Unconstrained,2
147442353,62.0,ACF,1.2198858703568476,0.5794520084577703,0.8964290567653996,230.97277060262377,0.0353144435212016,CEP,0.394,0.08,0.0881963627367931,0.5290208,0.30766585,CEP,142928.0,Unconstrained,Unconstrained,2
147442353,62.0,LS,1.2110583050883077,0.4904176469905565,0.4899822994411606,4.264683331686683,0.0353144435212016,CEP,0.478,0.08,0.11055166394044,0.4380935,0.24302097,CEP,142922.0,Unconstrained,Unconstrained,2
148735308,61.0,LS,1.812207762460192,0.1568150108895277,0.1560440964838784,4.738912624557997,0.0099748861975967,CEP,0.472,0.12,0.092746674333908,0.5766274,0.37579206,CEP,74006.0,Unconstrained,Unconstrained,2
148876017,61.0,LS,2.9451629525746967,0.3926181403001672,0.3925515090087569,3.9112713399590575,0.0234881299547851,CEP,0.547,0.06,0.0684917396479312,0.9930063,0.41757837,CEP,65388.0,Unconstrained,Unconstrained,2
149617389,61.0,LS,0.9358821176182004,0.1430359981638619,0.1428404507247472,3.618185471234028,0.0286964117549359,CEP,0.442,0.06,0.072822897497971,0.56586164,0.35379034,CEP,66323.0,Unconstrained,Unconstrained,2
150087741,61.0,LS,3.1517977842319334,0.7802256994563878,0.7795299347125813,4.271785227865621,0.0419622426852583,CEP,0.612,0.0,0.0619608134226786,0.7857648,0.33160558,CEP,64357.0,Unconstrained,Unconstrained,2
151643839,80.0,ACF,1.6828712682590776,0.3856572283680353,0.01384875499514,2.1246843350022573,0.0105713226366788,CEP,0.547,0.0,0.0454963031465195,0.57777184,0.2827009,CEP,1070.0,Unconstrained,Unconstrained,2
151643839,80.0,LS,1.652785120582194,0.40245558002652,0.4022791762823636,4.519279573560198,0.0105713226366788,CEP,0.48,0.0,0.0452910410567034,0.023620494,0.019869044,CEP,1042.0,Unconstrained,Unconstrained,2
152649350,66.0,LS,2.965432129950775,0.1250749339352526,0.1246489138276494,4.155722160339792,0.0152721034828573,CEP,0.452,0.06,0.0927077472490837,0.47277585,0.26204938,CEP,14047.0,Unconstrained,Unconstrained,2
153499940,71.0,ACF,1.3195512284801223,0.2628388558797874,0.459160727061669,237.23946498042116,0.0069476501084864,CEP,0.454,0.04,0.0752350981922666,0.41098994,0.26710805,CEP,32149.0,Unconstrained,Unconstrained,2
153499940,71.0,LS,1.3123793943664757,0.1913249489821146,0.1898489210727736,5.188643392997619,0.0069476501084864,CEP,0.473,0.08,0.1170180772359553,0.32258517,0.22554708,CEP,32134.0,Unconstrained,Unconstrained,2
153499940,72.0,ACF,1.3241373965684031,0.4322685253575654,0.0115891359528059,3.237241927563673,0.0063064967980608,CEP,0.471,0.0,0.0424547005642484,0.0690496,0.058488607,CEP,32165.0,Unconstrained,Unconstrained,2
153499940,72.0,LS,1.3008606287342996,0.2791203043910538,0.2790442843972691,4.936777378083207,0.0063064967980608,CEP,0.47,0.0,0.0105512842820198,0.00011408479,3.3432483e-05,CEP,32156.0,Unconstrained,Unconstrained,2
153666322,66.0,LS,3.186124257040145,0.6214277920260723,0.6213262351508502,4.403924921469297,0.0278223818168044,CEP,0.448,0.0,0.0274469961926619,0.032759715,0.030547468,CEP,35826.0,Unconstrained,Unconstrained,2
155113877,84.0,LS,1.569815339431587,0.0749467119815307,0.0735222089318812,4.006057464022888,0.0208840472623705,CEP,0.431,0.08,0.1074109864026953,0.8648449,0.35452166,CEP,99265.0,Unconstrained,Unconstrained,2
155215560,61.0,LS,8.024720854648573,0.9568221600332772,0.9562304207344136,4.300746245291521,0.0828837882727384,CEP,0.789,0.0,0.0969581270446165,0.7504269,0.38858166,CEP,52684.0,Unconstrained,Unconstrained,2
155276182,66.0,LS,0.2444988344176148,0.5868628070874251,0.5868511392235617,4.036551325683831,0.0260617188178002,CEP,0.418,0.0,0.0195151223414048,0.0067381943,0.0038106537,CEP,32479.0,Unconstrained,Unconstrained,2
155278887,66.0,LS,1.372630200087187,0.4367386601918507,0.4366480222398802,3.426248808944365,0.0243740063160657,CEP,0.474,0.06,0.0711294481913082,0.39374742,0.29456538,CEP,62953.0,Unconstrained,Unconstrained,2
156335467,66.0,LS,1.04931501423744,0.1682192046764332,0.1682025914269042,4.502028421968134,0.0410926016047596,CEP,0.48,0.0,0.0606374669655651,0.5320936,0.33411905,CEP,47609.0,Unconstrained,Unconstrained,2
160555635,66.0,LS,4.151620654615424,0.1075216577249145,0.1056203746235953,3.791879237829562,0.0366534432396292,CEP,0.435,0.1,0.0897690280664773,0.2210833,0.1603621,CEP,33236.0,Unconstrained,Unconstrained,2
161706446,82.0,LS,0.6039550172131045,0.3096641444977741,0.3096624420405272,4.2412983680769685,0.0071656121872365,CEP,0.458,0.02,0.0449937951277729,0.1423521,0.14411889,CEP,68905.0,Unconstrained,Unconstrained,2
162600897,80.0,LS,4.559390421870673,0.4754677436055966,0.4726722849129983,4.6247173692936485,0.0107744627166539,CEP,0.454,0.1,0.1257877323112234,0.58884174,0.2937838,CEP,9899.0,Unconstrained,Unconstrained,2
163418781,80.0,LS,0.5723912558124002,0.3672178045620139,0.3672073500855441,5.754644176569855,0.0688496464863419,CEP,0.468,0.1,0.1336597710607047,0.37737522,0.20726334,CEP,10619.0,Unconstrained,Unconstrained,2
163703565,65.0,ACF,1.5208727053900477,0.3352867357691977,0.5734714079271506,254.95798674966292,0.007834528805688,CEP,0.472,0.0,0.0369314175195049,0.019955294,0.018979339,CEP,20699.0,Unconstrained,Unconstrained,2
163703565,65.0,LS,1.510381324927386,0.2465116467500005,0.2465080040014152,4.400567451291863,0.007834528805688,CEP,0.47,0.0,0.0256227711225776,0.00028052117,6.175172e-05,CEP,20685.0,Unconstrained,Unconstrained,2
166354242,15.0,ACF,0.6874982447957336,0.4320870794169812,0.6362874433880223,14.324397620950304,0.0244852458126842,CEP,0.551,0.02,0.108358250262728,0.4773662,0.15684651,CEP,4695.0,Unconstrained,Unconstrained,2
166354242,15.0,LS,0.6909352493019821,0.3382683654914562,0.3382477369450128,4.586654991910564,0.0244852458126842,CEP,0.724,0.0,0.1315817677339835,0.72422135,0.26027974,CEP,4690.0,Unconstrained,Unconstrained,2
166354242,55.0,LS,1.2930027092811536,0.1892201554944631,0.1890901511216634,4.96582913619568,0.0192442117258906,CEP,0.458,0.08,0.0906490463270298,0.83492,0.3206379,CEP,4725.0,Unconstrained,Unconstrained,2
166354242,82.0,LS,0.4026066579513948,0.1219164452703625,0.1218923416336369,4.621991181451449,0.0202195695601403,CEP,0.422,0.06,0.0538081926847575,0.16377461,0.13664454,CEP,5292.0,Unconstrained,Unconstrained,2
166641037,56.0,ACF,2.5531977000823645,0.7299662104956165,1.2118200232456688,421.9395427715732,0.004302384040784,CEP,0.526,0.0,0.0518474840276748,0.06034793,0.046419114,CEP,66350.0,Unconstrained,Unconstrained,2
166641037,56.0,LS,2.5344675616484813,0.7170580348248153,0.7167921841239111,4.398159250587924,0.004302384040784,CEP,0.535,0.02,0.0622457195315469,0.332583,0.2030793,CEP,66347.0,Unconstrained,Unconstrained,2
166641037,75.0,ACF,2.5416258193645263,0.757933439043123,1.3042098228433832,450.35424703306205,0.0041677852277643,CEP,0.57,0.0,0.0339350202593132,0.3029511,0.19265361,CEP,66355.0,Unconstrained,Unconstrained,2
166641037,75.0,LS,2.564256651193131,0.7314402868213576,0.7312763891420667,4.547288649897382,0.0041677852277643,CEP,0.562,0.0,0.0372570744959933,0.35015076,0.24908891,CEP,66353.0,Unconstrained,Unconstrained,2
166641037,76.0,ACF,2.544017091866408,0.7565682115715847,1.3228409066330244,453.2715447955902,0.0041797762969508,CEP,0.564,0.0,0.0431151203175869,0.08281774,0.04659798,CEP,66360.0,Unconstrained,Unconstrained,2
166641037,76.0,LS,2.554408044533641,0.7707706407865542,0.7705241533572665,4.466416157425556,0.0041797762969508,CEP,0.562,0.0,0.0438408211601926,0.3057053,0.20671572,CEP,66357.0,Unconstrained,Unconstrained,2
166641037,82.0,ACF,2.5370555103108927,0.6956351064362043,1.2014002099410062,445.902496068052,0.0043210771400481,CEP,0.566,0.0,0.0473209298302558,0.15856144,0.115050904,CEP,66367.0,Unconstrained,Unconstrained,2
166641037,82.0,LS,2.5342855611755604,0.7222183076182681,0.7222091667617788,4.324571620130882,0.0043210771400481,CEP,0.57,0.0,0.0314956250930188,0.17005356,0.08321916,CEP,66364.0,Unconstrained,Unconstrained,2
166641037,83.0,ACF,2.539303161293901,0.7229330476116596,1.284079104767024,459.0688561643742,0.0047359775635413,CEP,0.57,0.0,0.0336223972970399,0.2207908,0.16465572,CEP,66372.0,Unconstrained,Unconstrained,2
166641037,83.0,LS,2.544356596160508,0.7572637661651775,0.7571059549385085,4.46501002176592,0.0047359775635413,CEP,0.551,0.0,0.0503718175173379,0.16555847,0.14961877,CEP,66370.0,Unconstrained,Unconstrained,2
167241186,82.0,LS,3.9166336719516495,0.1545212344510002,0.1544038578216516,4.443316541332024,0.0074484478682279,CEP,0.413,0.1,0.0995604419435751,0.6272155,0.3145404,CEP,37056.0,Unconstrained,Unconstrained,2
167241186,83.0,LS,4.021739142922051,0.0921330606926815,0.0916125424804812,4.031025216307171,0.0065733469091355,CEP,0.434,0.1,0.0756979365636871,0.51778257,0.32582435,CEP,37116.0,Unconstrained,Unconstrained,2
168627067,7.0,ACF,0.6874887954116957,0.8580789965588682,1.4467138116416145,15.898420300794337,0.0187794840894639,CEP,0.636,0.02,0.0814308442790568,0.90393317,0.28648698,CEP,8016.0,Unconstrained,Unconstrained,2
168627067,7.0,LS,0.6557912692684452,0.2712409303288549,0.2703807182507309,4.024850808578776,0.0187794840894639,CEP,0.45,0.08,0.0880917340049564,0.7679538,0.37156513,CEP,8012.0,Unconstrained,Unconstrained,2
172562880,54.0,LS,2.520734441722844,0.5216089570433431,0.5215992029399327,4.5510602899066726,0.0314352521672844,CEP,0.505,0.02,0.0623279199075342,0.9183597,0.39516693,CEP,97466.0,Unconstrained,Unconstrained,2
172562880,55.0,LS,1.56048620248204,0.1636416560856636,0.163111377038625,3.842643117892294,0.0272960611619055,CEP,0.535,0.02,0.0579364617490574,0.9182973,0.358132,CEP,97453.0,Unconstrained,Unconstrained,2
172562880,74.0,LS,2.4723038115933007,0.4603436965750207,0.4601858265425826,4.785575852412876,0.0439545232802629,CEP,0.462,0.0,0.0374406196529918,0.106459185,0.1390485,CEP,97471.0,Unconstrained,Unconstrained,2
172562880,75.0,LS,2.517695870770942,0.6303358214914171,0.6295658109731851,4.795802019292751,0.0379995466209948,CEP,0.559,0.0,0.0369714268050341,0.71166945,0.37992832,CEP,97475.0,Unconstrained,Unconstrained,2
172562880,81.0,LS,2.4648689493445826,0.3546767349290369,0.3544430295057619,4.055163780663861,0.0446570571511983,CEP,0.479,0.02,0.060377810493591,0.25071138,0.22098501,CEP,97480.0,Unconstrained,Unconstrained,2
172562880,82.0,LS,2.1540927702742465,0.1755594159966185,0.1750741114695765,7.792706073989393,0.0319213676266372,CEP,0.464,0.02,0.0833371561789817,0.7828537,0.40517867,CEP,97485.0,Unconstrained,Unconstrained,2
174129547,66.0,LS,1.4907912292987815,0.4210099081299895,0.420716947193749,4.984013107161445,0.0087567610898986,CEP,0.549,0.0,0.0487351043909828,0.25311026,0.18821594,CEP,58702.0,Unconstrained,Unconstrained,2
176423372,80.0,ACF,1.4560031863911718,0.7703259234392454,1.4617829818000845,310.976823243199,0.1277445070445537,CEP,0.596,0.02,0.088589200244725,0.86119014,0.37164193,CEP,42133.0,Unconstrained,Unconstrained,2
176423372,80.0,LS,1.468998330673963,0.939927727257326,0.9398883783242874,4.280753052615182,0.1277445070445537,CEP,0.624,0.0,0.0698525990926608,0.82285124,0.43547332,CEP,42130.0,Unconstrained,Unconstrained,2
176803308,80.0,LS,2.698396060422269,0.1322728942462759,0.1318876517219351,4.816740614554874,0.0172471720725297,CEP,0.449,0.06,0.0733443931054037,0.46418357,0.29133767,CEP,5763.0,Unconstrained,Unconstrained,2
176820877,54.0,LS,0.5242983439222185,0.1845097278192239,0.1845027179238189,4.025636831398515,0.0143951142672449,CEP,0.413,0.08,0.0569233730553627,0.52035105,0.31905472,CEP,44828.0,Unconstrained,Unconstrained,2
176820877,80.0,LS,0.931158198062191,0.1828306380449955,0.182673190169937,3.869127991121786,0.0181609380524605,CEP,0.471,0.04,0.0588207446399652,0.2627806,0.23630315,CEP,45074.0,Unconstrained,Unconstrained,2
179840109,80.0,LS,1.9734922533329256,0.3963923791006383,0.396361517193544,4.7544843858377135,0.0263789622113108,CEP,0.47,0.0,0.0290067302535118,0.0011138271,0.00033340548,CEP,59169.0,Unconstrained,Unconstrained,2
179852320,80.0,LS,1.811128579185655,0.5511503713647171,0.5510445145024528,3.797221109562088,0.081396522000432,CEP,0.523,0.12,0.1373975778534687,1.199405,0.40892997,CEP,56729.0,Unconstrained,Unconstrained,2
181003751,62.0,LS,2.988065319141741,0.1948954591646675,0.1937198030108228,4.895925664513925,0.0827251374721527,CEP,0.459,0.08,0.0917939954463253,1.1333709,0.3758145,CEP,86646.0,Unconstrained,Unconstrained,2
182963374,81.0,LS,1.5658732303376763,0.3973580339105842,0.3973298801995,4.411554230857291,0.0220228265970945,CEP,0.558,0.0,0.0565572276548276,0.7933829,0.38535416,CEP,26119.0,Unconstrained,Unconstrained,2
183085812,62.0,LS,4.575114543231982,0.2976195620558006,0.2974001443838079,3.968029532006767,0.0176520692184567,CEP,0.412,0.12,0.0856951247154702,0.2138188,0.14205359,CEP,78024.0,Unconstrained,Unconstrained,2
183461155,61.0,LS,3.894535054907698,0.3239315814520151,0.3229894530076307,4.70588665921241,0.0081111519830301,CEP,0.483,0.0,0.064583539698595,0.25407654,0.15800084,CEP,100859.0,Unconstrained,Unconstrained,2
183461155,62.0,LS,8.200501964925326,0.4425332950607771,0.4341425686390189,4.643542013123806,0.0072268140502274,CEP,0.426,0.0,0.0230633562171684,0.0004258763,0.00018522749,CEP,100878.0,Unconstrained,Unconstrained,2
183465877,62.0,LS,1.2745490394822625,0.3763179641916201,0.3762853841704476,4.14374381041489,0.0118113565258681,CEP,0.493,0.06,0.0924319338756903,0.91714895,0.4173755,CEP,124069.0,Unconstrained,Unconstrained,2
183707586,80.0,ACF,1.275460308199854,0.4650260332973736,0.0114702578568522,4.497032836884159,0.0135123031213879,CEP,0.524,0.0,0.0517545128467073,0.4964928,0.24019521,CEP,43256.0,Unconstrained,Unconstrained,2
183707586,80.0,LS,1.296298892217331,0.5780689959789072,0.5779337511386571,5.370867881654704,0.0135123031213879,CEP,0.499,0.0,0.052856348719903,0.10354446,0.13019957,CEP,43251.0,Unconstrained,Unconstrained,2
184666833,61.0,ACF,0.5625086785030362,0.0609101750357159,0.0248027611907142,1.5597391080624448,0.0099701411090791,E,0.701,0.12,0.2265226246122547,0.33009103,0.16110566,E,73413.0,Unconstrained,Unconstrained,2
185455878,82.0,LS,0.8180165199950116,0.0305395824189684,0.0304240577949371,4.324604770736187,0.0272926525212824,CEP,0.386,0.12,0.1050801522648306,0.74428153,0.3153664,CEP,119876.0,Unconstrained,Unconstrained,2
187779407,76.0,LS,7.1248508236276615,0.4000694584088582,0.3983037279216292,5.720962792089267,0.1481238473206758,CEP,0.489,0.1,0.1165664033930874,0.25129652,0.14413983,CEP,81283.0,Unconstrained,Unconstrained,2
187780003,56.0,LS,2.32326227169608,0.202874343250436,0.2027963942340792,4.924304422253044,0.011515311198309,CEP,0.454,0.02,0.0453307842420578,0.16699477,0.16306171,CEP,114468.0,Unconstrained,Unconstrained,2
187780003,75.0,LS,2.3874318057083044,0.1723958043468211,0.1720239247337276,4.302464169326413,0.0114306574687361,CEP,0.459,0.0,0.049137863201405,0.31115386,0.23839219,CEP,114477.0,Unconstrained,Unconstrained,2
187780003,76.0,LS,2.375153861169109,0.1572133730849474,0.1569916898728133,4.875286439732008,0.0116632157005369,CEP,0.477,0.1,0.0865064529384947,0.89521486,0.4113898,CEP,114486.0,Unconstrained,Unconstrained,2
187780003,82.0,LS,2.2675045740720225,0.1582770258570092,0.1581947559001888,4.671717208857444,0.0101405673194676,CEP,0.448,0.06,0.0627190433600513,0.36680272,0.26042148,CEP,114496.0,Unconstrained,Unconstrained,2
187780003,83.0,LS,2.3087696618499303,0.232588734635868,0.2325545541284543,3.747589425500337,0.0117634725756943,CEP,0.462,0.04,0.0691160647027881,0.24763454,0.22001593,CEP,114503.0,Unconstrained,Unconstrained,2
188414690,66.0,LS,1.5966224642127778,0.0902451840615738,0.0900571035071391,4.222979064186802,0.0408763578161597,CEP,0.482,0.02,0.0703070295205252,0.7388036,0.3174157,CEP,22634.0,Unconstrained,Unconstrained,2
188549171,78.0,LS,2.371549121435091,0.3003746110431944,0.2804761045861395,5.882897774747107,0.016233311034739,CEP,0.508,0.0,0.055192753147492,0.06462244,0.036335055,CEP,147031.0,Unconstrained,Unconstrained,2
188742840,75.0,LS,0.7404854577469855,0.0345548921009121,0.0341537568710281,4.412157722465054,0.0163749628700315,CEP,0.398,0.08,0.0645022914321654,0.43009093,0.24840492,CEP,96232.0,Unconstrained,Unconstrained,2
188977605,55.0,LS,0.7542495037263538,0.1198522684080626,0.1194651291009823,6.110962652204762,0.0135023321490734,CEP,0.458,0.06,0.0694840989003959,0.2878672,0.23830178,CEP,114726.0,Unconstrained,Unconstrained,2
188977605,56.0,LS,0.7185369037539627,0.1273862793174278,0.1273681176842914,3.9711692711425712,0.0167373637668788,CEP,0.475,0.06,0.064462379726473,0.20282584,0.17587359,CEP,114863.0,Unconstrained,Unconstrained,2
188977605,75.0,LS,0.7174644181890272,0.2196796051146243,0.2196582515804311,4.113825674634427,0.0143340602517127,CEP,0.474,0.0,0.0339412197777275,0.011262534,0.0066087553,CEP,114873.0,Unconstrained,Unconstrained,2
188977605,76.0,LS,0.7780652283641344,0.2212498868380743,0.2212212253852072,5.733403538353741,0.0152191391680389,CEP,0.486,0.0,0.0501153230060427,0.034286357,0.020031692,CEP,114885.0,Unconstrained,Unconstrained,2
188977605,82.0,LS,0.7739410344701937,0.1771784834069389,0.1771746419765242,8.603441611168819,0.0119109579827636,CEP,0.457,0.12,0.090270074775642,0.5754583,0.34983173,CEP,114891.0,Unconstrained,Unconstrained,2
188977605,83.0,LS,0.7840400316149211,0.4817398207422236,0.4817345920631593,4.368698775906523,0.0160146108828485,CEP,0.462,0.0,0.0388025772339931,0.0051185307,0.0023343922,CEP,114899.0,Unconstrained,Unconstrained,2
190124088,62.0,LS,6.938642740611588,0.9738487129425808,0.9730220131445216,4.450560748173302,0.0306103634648025,CEP,0.607,0.0,0.1341488665624872,0.18846363,0.10400058,CEP,128060.0,Unconstrained,Unconstrained,2
190235264,66.0,LS,3.037761333166488,0.1438024554474052,0.1401684228748222,4.299926030147617,0.0138361728750169,CEP,0.443,0.12,0.0937830773647356,0.8094691,0.38764825,CEP,76736.0,Unconstrained,Unconstrained,2
191450569,9.0,LS,2.696718651882623,0.1048772955336195,0.0693842535873603,3.069710059629415,0.2141495048999786,CEP,0.78,0.02,0.1087612063191651,0.25245017,0.041721437,CEP,145783.0,Unconstrained,Unconstrained,2
192116218,66.0,ACF,2.29630031294073,0.6998064957334423,1.24145747550702,432.0511284548254,0.1254976447671651,CEP,0.504,0.02,0.035756957364966,0.103678085,0.10299876,CEP,3161.0,Unconstrained,Unconstrained,2
192116218,66.0,LS,2.3064494378724243,0.8126567300537471,0.8122205476284227,4.206998600682709,0.1254976447671651,CEP,0.496,0.04,0.056516602870307,0.30756998,0.1868449,CEP,3159.0,Unconstrained,Unconstrained,2
193174153,66.0,LS,0.216229661095042,0.1382739804302715,0.1382165079796026,4.173463576786162,0.0390564743429422,DST,0.705,0.04,0.1078073912122911,0.4307117,0.28799713,DST,10830.0,Unconstrained,Unconstrained,2
193244367,56.0,LS,2.020222777864909,0.6580861629085458,0.6580491435691629,4.542742646910483,0.0292676640674471,CEP,0.571,0.0,0.0705494890130325,0.9345437,0.36942995,CEP,105691.0,Unconstrained,Unconstrained,2
193244367,75.0,LS,2.0068322170787285,0.7070172446760167,0.7069374461536364,4.580789478786755,0.02949227578938,CEP,0.552,0.02,0.0697664675900966,1.1577212,0.4014648,CEP,105695.0,Unconstrained,Unconstrained,2
193244367,76.0,LS,1.9909431695510065,0.666517106544954,0.666442802370917,4.58655433819149,0.0296465680003166,CEP,0.5640000000000001,0.02,0.0654709095705871,1.0967968,0.41867527,CEP,105702.0,Unconstrained,Unconstrained,2
193244367,81.0,LS,1.9866302954119408,0.7000413813296655,0.7000072049796243,4.612307714000053,0.0291017233394086,CEP,0.587,0.0,0.0589101010014411,0.69061154,0.28677806,CEP,105709.0,Unconstrained,Unconstrained,2
193244367,82.0,ACF,2.09258783376572,0.7449703082719968,1.3762643493386708,385.74805985681576,0.0299806427210569,CEP,0.529,0.04,0.0766749085424951,0.9828353,0.41341674,CEP,105717.0,Unconstrained,Unconstrained,2
193244367,82.0,LS,2.019490735302228,0.7437410859906386,0.7436920929084114,4.537778239035106,0.0299806427210569,CEP,0.566,0.0,0.0493136897828584,0.87408435,0.3749771,CEP,105715.0,Unconstrained,Unconstrained,2
193244367,83.0,LS,2.010858675925736,0.7115362006395398,0.7114529427531955,4.441608532837563,0.0289977644570171,CEP,0.577,0.0,0.071636069127221,1.2999307,0.3878414,CEP,105721.0,Unconstrained,Unconstrained,2
193264268,75.0,LS,2.346979291130731,0.3493271133555355,0.3485568510817881,4.088407761799317,0.0188425788655877,CEP,0.51,0.0,0.0518385802274714,0.10351707,0.07907389,CEP,112543.0,Unconstrained,Unconstrained,2
194120571,55.0,LS,2.9513979390142344,0.0580049343667711,0.0578114447771297,3.297659046435001,0.0037818175042048,CEP,0.375,0.12,0.10348596813095,0.7767372,0.3514947,CEP,94951.0,Unconstrained,Unconstrained,2
195668143,82.0,LS,1.2796805175613175,0.1197079934475159,0.115936263078903,4.668204317720665,0.0126441242173314,CEP,0.47,0.1,0.084544151778819,0.4450549,0.2652217,CEP,95050.0,Unconstrained,Unconstrained,2
195804361,56.0,LS,3.767456140047746,0.1695532952303642,0.1686392386550454,3.679308701841365,0.0200789235532283,CEP,0.45,0.02,0.0764633873170683,0.14188409,0.13229921,CEP,92214.0,Unconstrained,Unconstrained,2
195804361,82.0,LS,1.13375510445019,0.0585700359510718,0.0571955962010082,4.25251902213131,0.0180239730980247,CEP,0.481,0.06,0.0810007012315325,0.97516364,0.40739793,CEP,92222.0,Unconstrained,Unconstrained,2
197332002,80.0,LS,0.5288890237428949,0.2747352077924538,0.2746529725888019,3.86434605521572,0.1563721150159835,CEP,0.387,0.06,0.1036411424097592,0.5765179,0.28070855,CEP,47917.0,Unconstrained,Unconstrained,2
199844156,66.0,LS,1.7507808488275391,0.1127526650385268,0.11215139608391,4.047059861430171,0.0147183379158377,CEP,0.47,0.06,0.1111094955438102,0.4087809,0.25047368,CEP,34380.0,Unconstrained,Unconstrained,2
200100755,66.0,LS,4.58332780467395,0.7545706206541576,0.7507945746575447,4.100261753828818,0.0190334941726177,CEP,0.56,0.0,0.029249300846345,0.36303842,0.18900266,CEP,34354.0,Unconstrained,Unconstrained,2
201708713,66.0,ACF,0.2592605993704637,0.6763315375373402,1.1395222174395694,54.74147178347114,0.0307597150094807,CEP,0.427,0.04,0.0359579532231744,0.111191936,0.101393305,CEP,52054.0,Unconstrained,Unconstrained,2
201708713,66.0,LS,0.258399771933736,0.4127064641791511,0.41269475623906,4.421287416203995,0.0307597150094807,CEP,0.418,0.0,0.0254397798732614,0.025553105,0.024719441,CEP,52044.0,Unconstrained,Unconstrained,2
203497655,,,,,,,,,,,,,,,,Unconstrained,Unconstrained,2
203643419,,,,,,,,,,,,,,,,Unconstrained,Unconstrained,2
203856936,80.0,LS,2.167582320245117,0.7910409802180967,0.7904305538762789,4.453129275512765,0.3271598368883133,CEP,0.518,0.06,0.1626358336898729,0.619617,0.2843821,CEP,43982.0,Unconstrained,Unconstrained,2
207160379,65.0,LS,1.3517236413639402,0.1584355463297726,0.1583350690764945,5.519781762814091,0.0109543732833117,CEP,0.47,0.0,0.0508918225258243,0.22946979,0.17241056,CEP,77087.0,Unconstrained,Unconstrained,2
207231496,66.0,LS,1.1580086952540314,0.4264733316702844,0.4262856671257832,4.201241265865974,0.104653388261795,CEP,0.514,0.08,0.1261277067103021,0.5533689,0.29822087,CEP,56387.0,Unconstrained,Unconstrained,2
209829040,38.0,ACF,0.7638880885224353,0.4931582031918127,0.5451064138899316,47.80987807650344,0.0200658361427485,CEP,0.423,0.1,0.0802720275064732,0.60280323,0.28262687,CEP,135219.0,Unconstrained,Unconstrained,2
209829040,38.0,LS,0.7536897118794094,0.2979429618314097,0.2972083279221573,4.24938868749814,0.0200658361427485,CEP,0.448,0.08,0.1020686905960882,0.7951845,0.40786642,CEP,135205.0,Unconstrained,Unconstrained,2
213891694,66.0,LS,2.813874984139786,0.2468084453551278,0.2451737278284476,3.976575442487956,0.0220044353045523,CEP,0.456,0.02,0.0670378997284372,0.21035078,0.16445534,CEP,96919.0,Unconstrained,Unconstrained,2
214813693,65.0,LS,3.7905866891113695,0.1402154544967259,0.1395331174617624,4.830833239444473,0.0082311336882412,CEP,0.456,0.08,0.1060014792349616,0.9148954,0.33350027,CEP,68067.0,Unconstrained,Unconstrained,2
215697871,65.0,LS,1.4620479023186177,0.1365018649067304,0.1364895857441428,4.679568484763877,0.0142640608828514,CEP,0.496,0.06,0.0805232984918029,0.5565984,0.33716482,CEP,45043.0,Unconstrained,Unconstrained,2
216009354,65.0,LS,4.95737568598595,0.5506127729460354,0.5491899627478435,4.6411749507715285,0.0234165647998452,CEP,0.547,0.02,0.0840452164016489,0.65116024,0.31713903,CEP,56447.0,Unconstrained,Unconstrained,2
216021370,12.0,LS,6.222550551186836,0.9360651169055364,0.9321175515128002,4.018270835269959,0.0208399910479784,CEP,0.753,0.0,0.0754919969268266,0.92076445,0.30652285,CEP,147041.0,Unconstrained,Unconstrained,2
216021370,39.0,LS,6.336726610920159,0.964587112537936,0.9641215207537982,4.50466288458847,0.0202827062457799,CEP,0.648,0.0,0.1088046763700898,1.1950916,0.36062333,CEP,147044.0,Unconstrained,Unconstrained,2
216021370,65.0,LS,6.44516776786463,0.9375743183013764,0.9355015933512544,4.461867452104343,0.0227422243915498,CEP,0.47,0.0,0.0976463496501533,0.23673227,0.19532578,CEP,147047.0,Unconstrained,Unconstrained,2
216236227,54.0,LS,3.360951747018262,0.1819628890609484,0.1804124108616555,4.578473726887751,0.0318274809978902,CEP,0.571,0.1,0.142707673234483,0.8057766,0.24399619,CEP,128328.0,Unconstrained,Unconstrained,2
216333517,12.0,LS,2.9017799917546867,0.2144275500554006,0.2118918043788438,3.2851529447511894,0.1091484259814024,CEP,0.58,0.0,0.1620923193738679,0.11315015,0.029286789,CEP,82050.0,Unconstrained,Unconstrained,2
216333517,66.0,LS,2.497837789014228,0.1583342841928835,0.1524556262821188,5.157796134441014,0.0981798395514488,CEP,0.636,0.1,0.1475975284345913,0.36379445,0.13070525,CEP,82059.0,Unconstrained,Unconstrained,2
216929335,66.0,LS,0.76504501080278,0.1654732803263786,0.1653447004803558,9.192045052081085,0.0133412540890276,CEP,0.46,0.06,0.0793962114965191,0.49465838,0.30385986,CEP,69060.0,Unconstrained,Unconstrained,2
217034340,66.0,LS,3.0598520235619717,0.2259225669326138,0.2142702087817105,4.640499030592764,0.0687190517783165,CEP,0.478,0.06,0.0948598966898024,0.65082204,0.38120994,CEP,89434.0,Unconstrained,Unconstrained,2
217754401,66.0,LS,0.2100313027836715,0.0913453914257871,0.0910266066408425,4.325596181108267,0.0324194482527673,DST,0.722,0.04,0.1378381891929809,0.51141036,0.31712085,DST,66025.0,Unconstrained,Unconstrained,2
218270087,66.0,ACF,0.7245410739578801,0.1853775752974679,0.0070134128592458,1.8770315099591808,0.0099291000515222,CEP,0.472,0.0,0.0525082850605502,0.08025378,0.10153722,CEP,26182.0,Unconstrained,Unconstrained,2
218270087,66.0,LS,0.7279055683359758,0.1693135081410331,0.1692988914434994,4.180932114944881,0.0099291000515222,CEP,0.469,0.04,0.0552029129666179,0.24961689,0.21058431,CEP,26174.0,Unconstrained,Unconstrained,2
218709969,61.0,LS,4.1295650550816,0.8969220064633852,0.888678259652753,4.498008640435728,0.0408415775746107,CEP,0.527,0.02,0.0541547560238248,0.69313776,0.24693981,CEP,56826.0,Unconstrained,Unconstrained,2
220082934,71.0,ACF,1.889051257785468,0.2668184794813678,0.0197077085642846,12.195227648148602,0.0072178139816969,CEP,0.545,0.0,0.0505449344642962,0.27109176,0.13609399,CEP,31949.0,Unconstrained,Unconstrained,2
220082934,71.0,LS,1.9474109410088372,0.2186686315646718,0.2184912197679863,4.08588317399699,0.0072178139816969,CEP,0.47,0.0,0.0161487584662103,0.008962203,0.008014244,CEP,31947.0,Unconstrained,Unconstrained,2
220082934,72.0,ACF,1.9329787502215368,0.369721868318326,0.5607669279215992,259.3844572104716,0.0070474424865096,CEP,0.472,0.0,0.052871300343381,0.019355603,0.00739685,CEP,31760.0,Unconstrained,Unconstrained,2
220082934,72.0,LS,1.9504372246323032,0.2811796454867549,0.2809403063834282,4.6297753776816535,0.0070474424865096,CEP,0.47,0.0,0.0070971543593189,5.0508075e-05,1.0238218e-05,CEP,31757.0,Unconstrained,Unconstrained,2
221102096,66.0,LS,1.2235599471685912,0.2116422868614814,0.2113723552174514,4.189432239745656,0.0199823570437729,CEP,0.493,0.02,0.0679854219667716,0.48202467,0.24889545,CEP,64468.0,Unconstrained,Unconstrained,2
221343006,66.0,LS,2.026524321100319,0.070013267194325,0.0675110453774691,4.375003727611329,0.0460600201040506,CEP,0.477,0.1,0.0928355190646338,1.157576,0.37390137,CEP,111549.0,Unconstrained,Unconstrained,2
223006197,80.0,LS,2.279720002099983,0.1646969785772749,0.1499204678517903,4.412698138970882,0.051781297661364,CEP,0.521,0.1,0.128775333041697,1.232947,0.3813519,CEP,124585.0,Unconstrained,Unconstrained,2
225036518,66.0,LS,3.8816358434838354,0.4829264789221745,0.4767747518187605,3.932216283505113,0.0219628331251442,CEP,0.541,0.0,0.0919972260451368,1.1395347,0.40853378,CEP,6030.0,Unconstrained,Unconstrained,2
225213334,66.0,LS,2.6499586999671,0.6916061570034832,0.690216752350849,4.287067915211082,0.0190235744230449,CEP,0.576,0.0,0.0498705684748028,0.56481695,0.2257047,CEP,38468.0,Unconstrained,Unconstrained,2
225807857,80.0,ACF,1.2152772038234616,0.5093691175366096,0.5164956404490784,232.38153824077156,0.0480800960212945,CEP,0.503,0.02,0.0774190054185663,0.9130409,0.40030333,CEP,38845.0,Unconstrained,Unconstrained,2
226842757,66.0,LS,1.1333841818172363,0.1626981370178798,0.1626533954139717,4.688092674918153,0.0199157674796879,CEP,0.47,0.08,0.0912962299331138,0.71856344,0.3510128,CEP,50925.0,Unconstrained,Unconstrained,2
227743418,80.0,LS,2.003209056816337,0.910273756102959,0.9099836930339918,4.423756712109025,0.162483062595129,CEP,0.539,0.0,0.0418090133822839,0.17431697,0.08542405,CEP,147147.0,Unconstrained,Unconstrained,2
228375285,80.0,LS,0.6037604948264166,0.5081537199492254,0.5080996108236208,4.32271017644598,0.0620041321963071,CEP,0.518,0.1,0.0731879771547212,0.39833623,0.22917873,CEP,15428.0,Unconstrained,Unconstrained,2
229619879,66.0,LS,3.2212043599455025,0.1635063699810585,0.1318143580540089,3.0746917221986223,0.0448924163356423,CEP,0.439,0.08,0.0783887849121288,0.6908604,0.4135721,CEP,44388.0,Unconstrained,Unconstrained,2
230673581,75.0,LS,1.6885328754453794,0.1933038028977612,0.1924434863444574,3.955625385075109,0.389847531914711,CEP,0.671,0.02,0.1344213137861701,1.1490133,0.38784546,CEP,146599.0,Unconstrained,Unconstrained,2
232864793,66.0,LS,3.138615294136016,0.0941714312883249,0.0938220727587643,4.590984832131653,0.0248980778269469,CEP,0.45,0.08,0.0763866061557914,0.14667927,0.14082983,CEP,36713.0,Unconstrained,Unconstrained,2
234223850,6.0,LS,1.1436542407088124,0.0909686779986731,0.0909626974039454,4.41036355280221,0.0074911245610564,CEP,0.587,0.02,0.1307177784388948,0.2028416,0.10282116,CEP,26258.0,Unconstrained,Unconstrained,2
234540238,39.0,LS,1.5841936955775862,0.0870117283544888,0.0869918642536397,4.622473766181429,0.0998210627585649,CEP,0.55,0.1,0.1420796621617605,1.2268462,0.40742633,CEP,46481.0,Unconstrained,Unconstrained,2
234540238,66.0,LS,1.569160244266203,0.0872063921373333,0.0870394154055938,4.445699158590287,0.0895798951387405,CEP,0.52,0.12,0.1224429271130023,0.95317197,0.39670762,CEP,46503.0,Unconstrained,Unconstrained,2
234840662,6.0,LS,2.469236197430163,0.0557456380609489,0.0554479668854291,4.187457865280976,0.007922418299131,CEP,0.472,0.12,0.1082239455943092,0.47969037,0.2249877,CEP,37560.0,Unconstrained,Unconstrained,2
234841110,6.0,LS,1.5302306474931728,0.2213623508973068,0.2209167942065185,4.471707819957828,0.0098699750378727,CEP,0.499,0.02,0.0754784631534055,0.5690963,0.2713429,CEP,24778.0,Unconstrained,Unconstrained,2
234841110,33.0,LS,1.1327332111947417,0.0454870347232063,0.0385158106559718,4.514312701632662,0.0084257213165983,CEP,0.436,0.06,0.0856136811496854,0.85305965,0.3913905,CEP,24927.0,Unconstrained,Unconstrained,2
235179617,33.0,ACF,1.0902829567080516,0.1490897039996154,0.0328801460977064,2.706070186035106,0.0021530002413783,CEP,0.435,0.12,0.0957502501302215,0.83066225,0.42484477,CEP,33248.0,Unconstrained,Unconstrained,2
235179617,33.0,LS,1.0851474405624222,0.0977769469989323,0.0977581499741405,4.974842216242905,0.0021530002413783,CEP,0.482,0.04,0.0751817956688984,0.48451498,0.27325463,CEP,33238.0,Unconstrained,Unconstrained,2
235416159,66.0,ACF,1.6898028135710774,0.733942938873395,1.3058061496330975,317.5094325345909,0.0395968463271856,CEP,0.524,0.04,0.1189321890826869,0.65471286,0.3649351,CEP,49716.0,Unconstrained,Unconstrained,2
235760211,40.0,LS,0.9090420353476508,0.5788520948214059,0.5788020905791262,4.329367251897565,0.03472869284451,CEP,0.518,0.06,0.0858383970027399,0.53766847,0.2963632,CEP,94439.0,Unconstrained,Unconstrained,2
235760211,53.0,LS,0.9106393907252522,0.5926222472046966,0.5924980454209697,4.816808039095122,0.03051447449252,CEP,0.526,0.02,0.0670776982312303,0.83495754,0.36406818,CEP,94450.0,Unconstrained,Unconstrained,2
235760211,74.0,LS,0.9082266300687736,0.5833776633337147,0.5833590885232562,4.417126906093472,0.0377518101595342,CEP,0.464,0.0,0.0485996543197582,0.14476855,0.12134484,CEP,94460.0,Unconstrained,Unconstrained,2
236101031,55.0,LS,2.888603885733411,0.4791632163509731,0.4791348044225583,4.234316960164506,0.0189138099085539,CEP,0.452,0.04,0.0921437225208532,0.11519794,0.07381412,CEP,125253.0,Unconstrained,Unconstrained,2
236101031,75.0,ACF,2.9050713256901872,0.756404892480203,1.217451525314762,445.06758006295786,0.0210000877268612,CEP,0.452,0.0,0.0246659603502478,0.011289409,0.0102517065,CEP,125260.0,Unconstrained,Unconstrained,2
236101031,82.0,LS,2.937442136715058,0.7268538188396231,0.7256513498913951,4.375361884111044,0.0220025307498872,CEP,0.452,0.0,0.0058399999999999,4.1763706e-05,9.674192e-06,CEP,125264.0,Unconstrained,Unconstrained,2
236300283,66.0,LS,5.750603500905096,0.4945300020473276,0.4845154674126911,4.531206743504299,0.0285751419141888,CEP,0.447,0.02,0.0607840637009405,0.087564036,0.06707833,CEP,36696.0,Unconstrained,Unconstrained,2
236399745,12.0,LS,0.2153287796410492,0.6503429156865845,0.6503424489008045,3.968572626078185,0.1268611568957567,DST,0.715,0.02,0.0487990327772999,0.18148616,0.07620396,DST,37173.0,Unconstrained,Unconstrained,2
236409173,12.0,LS,0.2273278343781097,0.2334096494670111,0.2329103068358742,3.4392388681803823,0.1738561317324638,RR,0.741,0.02,0.1086316638922556,0.49483874,0.23081231,RR,31019.0,Unconstrained,Unconstrained,2
236409173,66.0,ACF,0.2245355326895151,0.9237054419386695,1.7886612779714437,47.50213787328427,0.1743731088936329,RR,0.567,0.06,0.1864909820876065,1.1748328,0.43633845,RR,31330.0,Unconstrained,Unconstrained,2
239272632,14.0,LS,1.0225915139741717,0.1265891884520335,0.1265471506887153,4.040010185443862,0.0086785695748403,CEP,0.464,0.0,0.0331702034965117,0.34286878,0.17326635,CEP,138759.0,Unconstrained,Unconstrained,2
239272632,15.0,LS,0.2098452391454438,0.0637447916530028,0.0637422179110289,4.419352404573601,0.0092568539548665,DST,0.714,0.0,0.0476289659765987,0.28477117,0.18932724,DST,138745.0,Unconstrained,Unconstrained,2
240268877,56.0,LS,0.3264579464303681,0.3717028731818932,0.3717012970457956,4.322664564111619,0.0209999596700072,CEP,0.431,0.04,0.0445737321749031,0.18413678,0.15776838,CEP,59924.0,Unconstrained,Unconstrained,2
240512293,83.0,LS,3.463202312534956,0.4501087298725731,0.4496281529885439,3.949116286275967,0.0323843979276716,CEP,0.511,0.06,0.0806184495013393,0.714608,0.36232445,CEP,140551.0,Unconstrained,Unconstrained,2
240536742,56.0,ACF,1.6365667334166574,0.726664217614457,1.2762956389061382,332.0823300156916,0.0526937190443277,CEP,0.427,0.08,0.0862183646330641,0.69754684,0.39885387,CEP,58230.0,Unconstrained,Unconstrained,2
240536742,56.0,LS,1.6793479398209357,0.4553274971760202,0.4553112276180578,4.917439540968189,0.0526937190443277,CEP,0.52,0.02,0.0783651044789707,1.0667706,0.43086103,CEP,58228.0,Unconstrained,Unconstrained,2
240536742,76.0,LS,1.6921296475944971,0.5430669865925961,0.5428294030823351,4.729543303106766,0.0493635050952434,CEP,0.561,0.0,0.0569719229094472,0.9144988,0.34889153,CEP,58232.0,Unconstrained,Unconstrained,2
240536742,83.0,ACF,1.6874873326155466,0.7979521255986289,1.4441903953320852,349.6039299621027,0.0400151964277029,CEP,0.554,0.02,0.0593741223093023,1.1806122,0.41508108,CEP,58238.0,Unconstrained,Unconstrained,2
241100751,58.0,LS,0.7255270629183386,0.1106461169524582,0.1105895192621866,3.73309930524556,0.0192405248526483,CEP,0.463,0.02,0.0628007133717444,0.19931394,0.16389383,CEP,74919.0,Unconstrained,Unconstrained,2
242416400,11.0,LS,1.9736871834417684,0.0910565578218136,0.0888171393496855,4.072110761004296,0.0137894006911665,CEP,0.776,0.0,0.0737103629078028,0.6245152,0.15787728,CEP,128840.0,Unconstrained,Unconstrained,2
243488675,55.0,LS,3.66925638873964,0.1292462615914178,0.1245972669721515,8.833502954399592,0.0378508120775222,CEP,0.4619999999999999,0.02,0.0693729745650278,0.46085966,0.21792772,CEP,133112.0,Unconstrained,Unconstrained,2
243488675,81.0,LS,3.8026447227745352,0.2039308533257706,0.2010661586403438,3.5240361602373014,0.0470722047612071,CEP,0.499,0.04,0.081978377637033,0.59605384,0.27492315,CEP,133127.0,Unconstrained,Unconstrained,2
244453318,81.0,LS,2.464865679259749,0.2273142241188925,0.2270570414864882,4.600821942796756,0.0305400183424353,CEP,0.469,0.1,0.082009716497498,0.9708613,0.39541993,CEP,116107.0,Unconstrained,Unconstrained,2
244655422,81.0,LS,4.753671547002877,0.365669755044687,0.3603336223148873,4.616354380897974,0.1106888987123966,E,0.775986301369863,0.06,0.1995615538519625,0.8355414,0.2737866,E,107019.0,Unconstrained,Unconstrained,2
245422335,58.0,LS,3.6467756548545007,0.1360978807584376,0.1355370905163252,4.923982483524014,0.014129924820736,CEP,0.422,0.12,0.1088693602442854,0.732845,0.32561883,CEP,10758.0,Unconstrained,Unconstrained,2
245465292,58.0,LS,6.0251056391894044,0.9466819252511258,0.9446667314383268,4.49420547817499,0.0343565735965967,CEP,0.586,0.0,0.052062439435739,1.0630056,0.38717848,CEP,15406.0,Unconstrained,Unconstrained,2
245467485,58.0,ACF,1.168989870943733,0.1311614547777576,0.0105894809628896,3.600553486038052,0.0086120568448677,CEP,0.477,0.02,0.0693753154947781,0.3404991,0.23249024,CEP,16302.0,Unconstrained,Unconstrained,2
245467485,58.0,LS,1.1645166316293964,0.1444567130910865,0.1444468497523494,4.457951988555578,0.0086120568448677,CEP,0.47,0.02,0.0557680912350422,0.23506741,0.2072345,CEP,16275.0,Unconstrained,Unconstrained,2
245468381,58.0,LS,1.5228298820254953,0.1565949317596312,0.1565694559673784,4.387980083152797,0.013797195861116,CEP,0.47,0.06,0.0807044583650742,0.48630863,0.28209794,CEP,6130.0,Unconstrained,Unconstrained,2
245534058,58.0,LS,2.309624270462526,0.426423049201062,0.4242641679039839,4.465129050338874,0.0189099938143044,CEP,0.452,0.08,0.108135034100887,0.31993818,0.22766942,CEP,36510.0,Unconstrained,Unconstrained,2
246018584,66.0,LS,1.4032059005903192,0.3371948041127877,0.3370653209812319,4.348846367396618,0.0163109600543975,CEP,0.47,0.0,0.0379025276201996,0.0070709535,0.0036484213,CEP,56063.0,Unconstrained,Unconstrained,2
246051006,66.0,LS,2.0806503518410477,0.4913492760592344,0.490960743135454,5.074164394907712,0.0250879302620887,CEP,0.459,0.02,0.0724728914836437,0.5941875,0.30686235,CEP,55187.0,Unconstrained,Unconstrained,2
246878666,66.0,LS,3.872427420499792,0.401006587550799,0.400203576020305,4.254221583178151,0.0152630428783595,CEP,0.464,0.02,0.0617417071354526,0.3068341,0.23002745,CEP,46450.0,Unconstrained,Unconstrained,2
247341504,66.0,LS,1.8704636581287195,0.1039335040345119,0.1037070495675729,6.119287403733324,0.0495710177347064,CEP,0.494,0.08,0.0939824324009546,0.9838506,0.3999595,CEP,40105.0,Unconstrained,Unconstrained,2
247967391,66.0,LS,1.1044133286110096,0.198633078478416,0.1983405386241191,3.905954123427364,0.0164557911921292,CEP,0.463,0.06,0.0792240771483013,0.45427728,0.31028995,CEP,59375.0,Unconstrained,Unconstrained,2
251127699,58.0,ACF,0.0092593666850007,0.0729118880657741,0.0108134848981327,1.472791413330664,0.0062546378467231,ELL,0.668,0.06,0.1595532512987435,0.3264655,0.15603164,ELL,6939.0,Unconstrained,Unconstrained,2
251571403,58.0,LS,4.619277316153859,0.3985402810381924,0.3954248204449899,4.6873703326054965,0.016819693846628,CEP,0.55,0.02,0.062045351155425,0.635203,0.33400592,CEP,20824.0,Unconstrained,Unconstrained,2
251571403,59.0,LS,1.1185919870908043,0.1560576736078608,0.1560181537824568,4.289774780754669,0.0168031267821788,CEP,0.465,0.1,0.0713832361272589,0.56560713,0.3698014,CEP,20828.0,Unconstrained,Unconstrained,2
251597844,59.0,LS,2.7543087838113136,0.152911588047869,0.1526467370705935,5.983133490157343,0.0122960947919636,CEP,0.458,0.0,0.0704849033481638,0.46307737,0.20671344,CEP,14571.0,Unconstrained,Unconstrained,2
251684704,58.0,ACF,2.4097530882918363,0.7814480408420604,1.519253769057474,501.8431669736689,0.0496862549334764,CEP,0.477,0.0,0.0773151058978774,0.20952694,0.196164,CEP,9515.0,Unconstrained,Unconstrained,2
251684704,58.0,LS,2.3892798620431286,0.8773256706153066,0.8772274143923502,4.363684770021791,0.0496862549334764,CEP,0.543,0.0,0.0474202319690656,0.3589797,0.19387305,CEP,9512.0,Unconstrained,Unconstrained,2
252001673,57.0,ACF,1.5324096399181144,0.5260779886022939,0.8895214188556495,288.29515395954434,0.0489367404952645,CEP,0.511,0.02,0.0819029767468802,1.109579,0.37182763,CEP,127583.0,Unconstrained,Unconstrained,2
252001673,57.0,LS,1.916980672106791,0.2218426829982049,0.2185834183515121,4.034276222810149,0.0489367404952645,CEP,0.51,0.0,0.0503995079341058,0.9055831,0.33839452,CEP,127581.0,Unconstrained,Unconstrained,2
252001673,77.0,LS,2.0940964169406806,0.3091806488782193,0.308904430261987,3.665856978572265,0.0385747943073511,CEP,0.538,0.02,0.1136026830669064,0.78041613,0.33235806,CEP,127475.0,Unconstrained,Unconstrained,2
252001673,84.0,LS,8.582593165779448,0.0124030411389866,0.0099546796659417,7.592459111310745,0.0588626507669687,E,0.641,0.04,0.1405026917891611,0.6550255,0.147653,E,127692.0,Unconstrained,Unconstrained,2
252027591,57.0,ACF,1.6388970467160109,0.6795917023630785,1.3810497158273858,339.8782818984264,0.0210674968548119,CEP,0.474,0.0,0.0459164458554884,0.050718877,0.051433533,CEP,49221.0,Unconstrained,Unconstrained,2
252027591,57.0,LS,1.6155690031781915,0.7821410209173272,0.7821185568136171,4.218999955941399,0.0210674968548119,CEP,0.512,0.0,0.0525004228554399,0.06374947,0.03813179,CEP,49218.0,Unconstrained,Unconstrained,2
252027591,58.0,ACF,1.6550558597100462,0.6771257755314586,1.370696642468192,342.8202287880421,0.0210129097104072,CEP,0.554,0.0,0.0450639545535009,0.46907192,0.23425275,CEP,49229.0,Unconstrained,Unconstrained,2
252027591,58.0,LS,1.6302747685381822,0.763714842219884,0.7636078573326343,4.555119672684668,0.0210129097104072,CEP,0.47,0.0,0.031632894271628,0.0007238424,0.00024679484,CEP,49225.0,Unconstrained,Unconstrained,2
252027591,77.0,ACF,1.6064564727903416,0.6268456363147655,1.2384293261097865,339.86378331330013,0.0219099409878253,CEP,0.522,0.0,0.0471265360492366,0.13575922,0.09350608,CEP,49239.0,Unconstrained,Unconstrained,2
252027591,77.0,LS,1.6125565925802952,0.7238546684393772,0.7237736116301918,3.8019672929403896,0.0219099409878253,CEP,0.492,0.0,0.0493432710711399,0.007171996,0.002222253,CEP,49235.0,Unconstrained,Unconstrained,2
252027591,78.0,LS,1.6319773002285904,0.7406334840890498,0.7405889653178402,4.935819090242148,0.0179869285784661,CEP,0.572,0.0,0.0331890102292912,0.66153306,0.32506,CEP,49244.0,Unconstrained,Unconstrained,2
252027591,84.0,ACF,1.6458396821262795,0.6872431716744879,1.370757339260834,338.46935103813564,0.0203232304193079,CEP,0.528,0.02,0.0781201228877681,0.387062,0.22617207,CEP,49254.0,Unconstrained,Unconstrained,2
252027591,84.0,LS,1.6296120728408436,0.7686705036634973,0.7686409041173335,4.395193119878968,0.0203232304193079,CEP,0.472,0.0,0.0439163022122764,0.004176218,0.0011988293,CEP,49251.0,Unconstrained,Unconstrained,2
252653577,77.0,ACF,2.9259174584949506,0.6393371903457825,0.9618003990064086,463.0593483212922,0.0214920355938375,CEP,0.494,0.0,0.041360870397031,0.2160443,0.103747584,CEP,57572.0,Unconstrained,Unconstrained,2
252653577,84.0,ACF,2.95367736634762,0.7898557678797573,1.293703566923304,478.9051893253229,0.0216604070737957,CEP,0.662,0.04,0.1846252030466046,0.40971082,0.22615005,CEP,57578.0,Unconstrained,Unconstrained,2
252653577,84.0,LS,2.993897006345771,0.8067819133082791,0.8067814328848202,4.387891201033199,0.0216604070737957,CEP,0.517,0.06,0.0930745937407196,0.25972983,0.1523948,CEP,57576.0,Unconstrained,Unconstrained,2
253174679,64.0,LS,2.205941382990616,0.136144685097606,0.1340709424622516,4.0168685788266885,0.012801979901269,CEP,0.497,0.08,0.1090599834953224,0.8822707,0.37207422,CEP,64513.0,Unconstrained,Unconstrained,2
253440597,64.0,LS,1.306430827763193,0.1468985430579383,0.1466639129471234,4.177335157823109,0.0065949599957093,CEP,0.47,0.1,0.0856600163436827,0.7053653,0.39081985,CEP,102469.0,Unconstrained,Unconstrained,2
253440597,65.0,LS,1.3134173140586112,0.1467395293173747,0.1376263968803325,4.0771112362417625,0.0061896489933133,CEP,0.499,0.1,0.1180810298058075,0.98798335,0.41818982,CEP,102564.0,Unconstrained,Unconstrained,2
253951250,65.0,LS,3.163883022476792,0.5175468124714308,0.5175253038417028,8.546108185699268,0.0718251569196581,CEP,0.619,0.04,0.163002154586987,1.0690236,0.35228968,CEP,145725.0,Unconstrained,Unconstrained,2
255183815,65.0,ACF,0.5995496637042379,0.3899018558605464,0.9632073165977812,118.88899554177934,0.0271905399858951,CEP,0.392,0.1,0.068517372979413,0.48889804,0.27527794,CEP,147190.0,Unconstrained,Unconstrained,2
255183815,65.0,LS,1.111329358136906,0.1547784833948563,0.1547697458804791,4.161920296235621,0.0271905399858951,CEP,0.5,0.0,0.0508487954626262,0.13234827,0.10850009,CEP,147186.0,Unconstrained,Unconstrained,2
255787478,40.0,LS,1.1010775352765907,0.25329556202011,0.2532908167296799,5.679120556702401,0.0066923402482643,CEP,0.46,0.06,0.0786130167338717,0.75473166,0.39587316,CEP,111118.0,Unconstrained,Unconstrained,2
255787478,54.0,LS,0.922817090583848,0.2755434553392242,0.2754041741498474,3.964974229480504,0.0075255724368616,CEP,0.49,0.12,0.1075466410447113,0.8867469,0.36026892,CEP,111133.0,Unconstrained,Unconstrained,2
255787478,81.0,LS,0.9243000689513776,0.271881758210845,0.2717990239201616,3.928494631087233,0.0075025641126558,CEP,0.518,0.04,0.1254739749908322,0.32966423,0.1715641,CEP,111176.0,Unconstrained,Unconstrained,2
255877068,58.0,ACF,2.40970558293202,0.4788480319548643,0.8954280210803464,499.3725134157496,0.0066412711748853,CEP,0.452,0.02,0.044083847382006,0.1851466,0.17156811,CEP,44287.0,Unconstrained,Unconstrained,2
255877068,58.0,LS,2.389233738352837,0.4077546458711657,0.4062048623111478,5.173068882533698,0.0066412711748853,CEP,0.448,0.0,0.0323781654823123,0.17950177,0.16933206,CEP,44283.0,Unconstrained,Unconstrained,2
255877068,78.0,LS,2.255933039588306,0.3158776203942939,0.3158373784483924,4.691242143748241,0.0060256809229031,CEP,0.462,0.02,0.0531054196857533,0.23825282,0.20761506,CEP,44294.0,Unconstrained,Unconstrained,2
255977535,18.0,LS,0.733043486246369,0.0639559897667995,0.0635351480772811,4.928477646242754,0.0173881836235523,CEP,0.514,0.0,0.0832941390495153,0.41953346,0.14314656,CEP,53933.0,Unconstrained,Unconstrained,2
255977535,24.0,LS,1.4687356423452602,0.0875898923484325,0.0872288642547834,3.5594981090921465,0.0202969345264136,CEP,0.507,0.06,0.1496957768275378,1.0418352,0.3375732,CEP,53923.0,Unconstrained,Unconstrained,2
255979430,58.0,LS,5.079276730504327,0.8580392726970457,0.85803261216547,4.534587222060509,0.0371916382573545,CEP,0.472,0.0,0.0649876911422463,0.10500215,0.13872245,CEP,37726.0,Unconstrained,Unconstrained,2
255979430,78.0,LS,5.112672518804176,0.7494313681176784,0.7391440781656019,4.909072634669428,0.0639524450525641,CEP,0.576,0.0,0.085307575279104,0.44490433,0.27052537,CEP,37521.0,Unconstrained,Unconstrained,2
257011713,81.0,LS,6.050103835174037,0.3426364510540567,0.3406031821113711,4.317285292177985,0.0101767259184271,CEP,0.428,0.0,0.0202844176647987,0.0040738867,0.0022151207,CEP,108531.0,Unconstrained,Unconstrained,2
258227991,61.0,LS,4.643920666279919,0.8349708966838465,0.8347208739242774,4.598901914130693,0.0311780930496752,CEP,0.536,0.02,0.0918790857594915,0.8269869,0.42063618,CEP,116456.0,Unconstrained,Unconstrained,2
259945794,58.0,ACF,1.6412128406232114,0.7362709087610682,1.491703944070763,355.61332716284096,0.0202116905711591,CEP,0.48,0.0,0.0406448815965799,0.0046771895,0.0015754977,CEP,2273.0,Unconstrained,Unconstrained,2
259945794,58.0,LS,1.649729197881076,0.8104307210194325,0.8104233997945866,4.550246489448909,0.0202116905711591,CEP,0.503,0.0,0.0445033751529027,0.03064818,0.016512087,CEP,2271.0,Unconstrained,Unconstrained,2
260151691,59.0,ACF,0.9328560564026702,0.3248052424861117,0.6287780521078316,189.6722245304321,0.0138982781209051,CEP,0.481,0.06,0.0790481473533693,0.5168185,0.30661827,CEP,44795.0,Unconstrained,Unconstrained,2
260478960,59.0,LS,0.9219554278969104,0.1199764856422586,0.1195153682457954,3.983128266914719,0.0228120596148073,CEP,0.473,0.04,0.0806327476897569,0.37614536,0.23942028,CEP,990.0,Unconstrained,Unconstrained,2
260478960,73.0,LS,0.9453096784650336,0.1278450903089242,0.1277749372996668,4.695429340656119,0.0211604125797748,CEP,0.5,0.02,0.0811658647462096,0.31433803,0.16637571,CEP,1011.0,Unconstrained,Unconstrained,2
260482970,73.0,LS,2.200555882848518,0.2302617287617745,0.2280512206624525,4.713179850619781,0.0197042920626699,CEP,0.445,0.06,0.0907955593627794,0.23723927,0.20878372,CEP,55484.0,Unconstrained,Unconstrained,2
260593857,59.0,LS,4.510996953073748,0.7668214744477921,0.7626785992039617,4.214094573198963,0.0321530946530401,CEP,0.556,0.0,0.0374082130019598,0.77379894,0.33967146,CEP,1605.0,Unconstrained,Unconstrained,2
260593857,73.0,LS,4.474466632905283,0.6916133663635057,0.6889679235901103,4.401807622449269,0.0363635970279574,CEP,0.541,0.04,0.0942655058862996,1.4570004,0.38564646,CEP,1612.0,Unconstrained,Unconstrained,2
260786955,59.0,LS,1.7542772459196303,0.1452813384516912,0.1424400382926728,5.264345525458339,0.0362086296081543,CEP,0.497,0.04,0.0908503913035051,0.8598748,0.40439937,CEP,1908.0,Unconstrained,Unconstrained,2
261817781,59.0,LS,1.419193193668603,0.1046852218480063,0.1046422898420295,4.593951548766199,0.0150839739944785,CEP,0.473,0.04,0.0914243206154686,0.7897117,0.35204595,CEP,9070.0,Unconstrained,Unconstrained,2
261817781,73.0,LS,1.5082503032502843,0.2417743553020625,0.2409530108832547,4.358272538564052,0.0165725592523813,CEP,0.441,0.06,0.0758823932147635,0.74513376,0.3434297,CEP,9085.0,Unconstrained,Unconstrained,2
262113065,59.0,ACF,1.4814855714212172,0.8480273892174361,1.5430753277853015,295.30561906171977,0.0250751571729779,CEP,0.585,0.0,0.0420399999999999,0.82888484,0.3978045,CEP,50823.0,Unconstrained,Unconstrained,2
262113065,59.0,LS,1.4858435786979274,0.8867117067984335,0.8867044014777976,4.334129043818393,0.0250751571729779,CEP,0.566,0.04,0.0927372977824995,1.0304729,0.3747959,CEP,50821.0,Unconstrained,Unconstrained,2
262113065,73.0,ACF,1.4860939895188494,0.7484147124579825,1.3127702117045883,287.2023886421832,0.0226853135973215,CEP,0.61,0.0,0.072058431845274,0.97292936,0.38121244,CEP,51060.0,Unconstrained,Unconstrained,2
262113065,73.0,LS,1.491493016355004,0.923019244905489,0.9229681887975678,4.243613464994269,0.0226853135973215,CEP,0.634,0.0,0.0934585598005875,0.5459817,0.28261068,CEP,51057.0,Unconstrained,Unconstrained,2
263335853,71.0,ACF,1.5024394202946496,0.6439958095230918,1.290764511506136,308.61930898343246,0.2235915139317512,CEP,0.51,0.04,0.0701421299933214,0.13362347,0.099007264,CEP,16005.0,Unconstrained,Unconstrained,2
263335853,71.0,LS,1.5090944947139622,0.8643856685889939,0.8643579529302144,4.131537055229273,0.2235915139317512,CEP,0.506,0.0,0.0130821404976402,0.07120403,0.029691136,CEP,16002.0,Unconstrained,Unconstrained,2
263573669,66.0,LS,2.973192198156876,0.1918278308574204,0.1916045864934608,5.183396252039529,0.045607378706336,CEP,0.486,0.06,0.0959218431849597,1.0621512,0.38536614,CEP,46717.0,Unconstrained,Unconstrained,2
263588582,71.0,LS,2.276787183873884,0.23788195810993,0.2374230040432296,4.477610002228175,0.0117370963562279,CEP,0.483,0.02,0.0533262261931219,0.415512,0.27604777,CEP,22700.0,Unconstrained,Unconstrained,2
263588582,72.0,ACF,2.0903857329453785,0.3073626223614192,0.0110349779891506,1.880778888708619,0.0137563014868646,CEP,0.503,0.1,0.138919838756025,0.7480719,0.31044686,CEP,22607.0,Unconstrained,Unconstrained,2
263588582,72.0,LS,2.198760993792054,0.2104151817516152,0.2100852535795802,6.238854262897803,0.0137563014868646,CEP,0.423,0.08,0.1074841383646908,0.3645654,0.2245371,CEP,22599.0,Unconstrained,Unconstrained,2
264515661,54.0,LS,2.788846006514023,0.7572174638570764,0.7554248383953931,4.476956211192373,0.1064461097121238,CEP,0.583,0.0,0.0758039682338596,1.1074722,0.42466632,CEP,115385.0,Unconstrained,Unconstrained,2
264515661,81.0,LS,2.831916732933957,0.8615110299111082,0.8614584622926607,4.615916743114212,0.1063733454793691,CEP,0.586,0.0,0.0477665154684743,0.37652832,0.157329,CEP,115391.0,Unconstrained,Unconstrained,2
264612203,58.0,LS,1.7322120280327054,0.2322708630973095,0.2322637048819634,4.776429288591316,0.0556106073781847,CEP,0.522,0.0,0.0577710792698215,0.43313506,0.21171941,CEP,14669.0,Unconstrained,Unconstrained,2
264612775,58.0,LS,1.8233809066895443,0.3588085213199299,0.3588046589792297,4.390060035530041,0.0417240057140588,CEP,0.477,0.0,0.0565416094571068,0.16028911,0.17715105,CEP,32593.0,Unconstrained,Unconstrained,2
264613619,18.0,LS,0.2448028370428661,0.3549281294334437,0.3549226324729417,4.060023454266684,0.0606972724199295,CEP,0.571,0.12,0.2119694355325786,0.8898365,0.35464507,CEP,8772.0,Unconstrained,Unconstrained,2
264728393,18.0,LS,2.5949094249195293,0.2749654692490403,0.2739955844792748,4.125725084056739,0.0104026310145854,CEP,0.491,0.0,0.0431349324793722,0.37763286,0.12154685,CEP,22534.0,Unconstrained,Unconstrained,2
264730166,58.0,LS,4.470224078872814,0.4319619505970316,0.4317529188257705,4.226396016387298,0.0353297288529574,CEP,0.478,0.0,0.0483090219317261,0.039388385,0.024994778,CEP,16972.0,Unconstrained,Unconstrained,2
264730428,58.0,LS,0.2220784442186838,0.2803573809898887,0.2803558294474375,4.520837667652813,0.0105263316072523,CEP,0.338,0.1,0.0371320670041407,0.118254416,0.12944001,CEP,10340.0,Unconstrained,Unconstrained,2
264731958,58.0,LS,0.2122159129451722,0.6059892704123476,0.6059890330612031,4.429340650989616,0.055680819787085,DST,0.716,0.0,0.0138852439661678,0.0028050325,0.0011446591,DST,9840.0,Unconstrained,Unconstrained,2
264734509,58.0,LS,0.7180159004089847,0.318802592894314,0.3081483864801192,4.878056937879592,0.0285564828664064,CEP,0.472,0.1,0.0886279865505247,0.45200032,0.2618759,CEP,26565.0,Unconstrained,Unconstrained,2
264738868,58.0,LS,3.1494820467781888,0.0819542319222839,0.0817342321088126,5.878540508903825,0.0147884362377226,E,0.734,0.1,0.2238741428531566,0.86060536,0.32820463,E,5641.0,Unconstrained,Unconstrained,2
264804453,58.0,ACF,0.7152840622466101,0.901894235583776,1.7949289706722629,151.87557276494633,0.1511016301810741,CEP,0.496,0.0,0.0495983870705489,0.0005594582,9.34476e-05,CEP,16607.0,Unconstrained,Unconstrained,2
265474239,58.0,LS,0.4303304546673886,0.2011217613602509,0.2011213269545146,4.109396144714992,0.08368537761271,CEP,0.404,0.04,0.0373474282916508,0.13492073,0.14113307,CEP,15449.0,Unconstrained,Unconstrained,2
265595573,55.0,LS,3.2324927472354497,0.0700305987582052,0.0688265157920065,5.0702421072164725,0.0029995312797836,CEP,0.414,0.12,0.0944310457423828,0.5705302,0.330196,CEP,106075.0,Unconstrained,Unconstrained,2
265845856,64.0,ACF,0.9675926381987664,0.3457768211896103,0.6261636814972906,128.21392958239397,0.010799195151776,CEP,0.466,0.08,0.0693665510170427,0.5142462,0.30247477,CEP,130931.0,Unconstrained,Unconstrained,2
265845856,64.0,LS,0.9680579330643172,0.3730029248580375,0.3729803250982784,4.646725481314206,0.010799195151776,CEP,0.502,0.0,0.048636200509497,0.07312759,0.03293074,CEP,130927.0,Unconstrained,Unconstrained,2
266603176,59.0,LS,1.1126304713910848,0.4612049008120962,0.4611194802406655,4.144062092182139,0.0237321760505437,CEP,0.475,0.0,0.0476819630468377,0.11519543,0.1270218,CEP,24260.0,Unconstrained,Unconstrained,2
267754982,61.0,LS,0.8855907978743762,0.1440153571593005,0.1440111685842241,6.232371409634652,0.0094661419279873,CEP,0.482,0.1,0.1000983516347796,0.70626265,0.36508638,CEP,80564.0,Unconstrained,Unconstrained,2
267754982,62.0,LS,3.0925557031209783,0.3506363081864009,0.3496055964027685,4.757527527985076,0.007808314403519,CEP,0.425,0.08,0.0697220194773502,0.47328138,0.31632438,CEP,80576.0,Unconstrained,Unconstrained,2
268621754,77.0,LS,1.8960045449670968,0.0963781114300103,0.0949891837382764,3.9352972201777447,0.0730097899213433,CEP,0.495,0.04,0.0628672760663288,0.99521875,0.38008708,CEP,70190.0,Unconstrained,Unconstrained,2
268621754,78.0,LS,1.5039787839035332,0.2806967433984766,0.2769038116283374,4.4823947774893895,0.0476005487143993,E,0.569,0.1,0.1985933883545196,0.8001259,0.3584138,E,70198.0,Unconstrained,Unconstrained,2
268621754,84.0,LS,4.152499999067326,0.3131663523659149,0.299448591495751,4.940023177168769,0.0679759960621595,CEP,0.426,0.08,0.1001814433914784,0.39979464,0.2455059,CEP,70206.0,Unconstrained,Unconstrained,2
268939674,57.0,LS,0.2139664191068966,0.7673845900939384,0.767384342118163,4.259497747414571,0.0630582310259342,DST,0.718,0.02,0.0852703934551729,0.17892823,0.13921951,DST,72788.0,Unconstrained,Unconstrained,2
268939674,77.0,LS,0.2138784105875576,0.8602090579396109,0.860206208357265,3.7334162150255,0.0583642907440662,DST,0.708,0.02,0.0799664029452369,0.18879542,0.1505748,DST,72964.0,Unconstrained,Unconstrained,2
268939674,78.0,LS,0.2136570959134819,0.8604544444079433,0.860452465777047,4.440526625854545,0.0471018208190798,DST,0.706,0.12,0.1462745965641334,0.74492466,0.32713053,DST,72811.0,Unconstrained,Unconstrained,2
269234212,58.0,LS,2.3485096256331426,0.1173079462787698,0.1165328058003755,4.141937630247412,0.053793229162693,CEP,0.438,0.12,0.101138352764913,0.8714479,0.38889217,CEP,47060.0,Unconstrained,Unconstrained,2
269234212,84.0,LS,2.925631464547162,0.1256856802804838,0.1253479740915311,5.328864542454539,0.0400673411786556,CEP,0.46,0.08,0.0965705462343462,0.5145579,0.2486143,CEP,47107.0,Unconstrained,Unconstrained,2
269267602,14.0,LS,1.83506170250696,0.2115077199774049,0.2114906795855909,4.770698543906292,0.0238170148804783,CEP,0.609,0.02,0.126011612163324,0.9438354,0.31790873,CEP,82378.0,Unconstrained,Unconstrained,2
269267602,15.0,LS,1.8294973333938676,0.1530674351630493,0.1359418175323292,4.005987674665903,0.0211152248084545,CEP,0.676,0.02,0.1093679368005084,0.46477807,0.12363667,CEP,82509.0,Unconstrained,Unconstrained,2
269267602,41.0,LS,1.5273854289877815,0.2313501630726021,0.2306935509349449,3.896667321692803,0.0238565215840935,CEP,0.505,0.02,0.0752372248292027,0.78043914,0.36169362,CEP,82391.0,Unconstrained,Unconstrained,2
269267602,54.0,LS,1.872549063254089,0.2303891949743534,0.2286219431588887,4.962935798381295,0.0237067230045795,CEP,0.472,0.0,0.0486503278508994,0.12321228,0.116524,CEP,82525.0,Unconstrained,Unconstrained,2
269267602,55.0,LS,1.5254299743551103,0.1847117341036099,0.1827489219987379,4.840686690155053,0.0237254635430872,CEP,0.471,0.1,0.0839467354934067,0.8642974,0.41033965,CEP,82406.0,Unconstrained,Unconstrained,2
269267602,74.0,LS,1.517094019085385,0.223181613164165,0.2222881992020105,4.266825523402076,0.0295143178664147,CEP,0.4669999999999999,0.12,0.1014007810620805,0.92997265,0.4273003,CEP,82552.0,Unconstrained,Unconstrained,2
269267602,75.0,LS,1.521674219774629,0.2081308940714786,0.2081119383694962,4.203892763853219,0.0282507203519344,CEP,0.462,0.12,0.0866436287328733,0.6978731,0.37391216,CEP,82436.0,Unconstrained,Unconstrained,2
269267602,81.0,LS,0.9715572063764996,0.1342386110085111,0.1342006124398898,4.865779763356841,0.0265347072854638,CEP,0.433,0.08,0.0610422673235521,0.3971395,0.27135843,CEP,82414.0,Unconstrained,Unconstrained,2
269267602,82.0,LS,1.8463799460281345,0.2235570458329469,0.2235449796815351,4.626281590837607,0.0276515539735555,CEP,0.47,0.0,0.0377529018752201,0.10229178,0.10017922,CEP,82446.0,Unconstrained,Unconstrained,2
269424199,58.0,LS,2.1319012675973976,0.0356237533031446,0.0334824072347383,5.238233555384795,0.0089565181406214,CEP,0.424,0.1,0.1318821352572061,0.50682807,0.26290953,CEP,77042.0,Unconstrained,Unconstrained,2
269714696,58.0,LS,8.150719981499472,0.7977789709468331,0.7954163358075834,4.533133506327431,0.097413370385766,CEP,0.452,0.0,0.0312666979388614,0.0011598378,0.00029047034,CEP,78157.0,Unconstrained,Unconstrained,2
270295547,63.0,LS,3.1581085819303065,0.8934672964290906,0.8933223775225949,4.5577728655371175,0.015481129521504,CEP,0.585,0.0,0.0844057249243201,1.0697684,0.39270666,CEP,128700.0,Unconstrained,Unconstrained,2
270295547,64.0,LS,3.1290188788573183,0.8749747150996201,0.8748852147482769,4.499724421639257,0.0147844792809337,CEP,0.552,0.02,0.0757342722946487,1.0438039,0.38178992,CEP,128702.0,Unconstrained,Unconstrained,2
270549431,58.0,LS,2.5661763274027383,0.2248906079216978,0.2221215600533874,4.496399884334096,0.0209711422212421,CEP,0.452,0.08,0.1082397339242849,0.29571944,0.18936236,CEP,77712.0,Unconstrained,Unconstrained,2
270932372,62.0,ACF,1.9143567577361864,0.2260194923682282,0.0076235179867776,1.0222789394470055,0.0084943010006099,CEP,0.47,0.12,0.1216588081480334,0.66237134,0.3644481,CEP,120703.0,Unconstrained,Unconstrained,2
270932372,62.0,LS,1.9889085796869816,0.1581429548579916,0.1581256412123891,6.290177963026508,0.0084943010006099,CEP,0.4649999999999999,0.1,0.0981184997846991,0.7613873,0.38744965,CEP,120692.0,Unconstrained,Unconstrained,2
270932372,63.0,LS,1.9222669111501292,0.2255899945302459,0.2252915191087498,4.082457052885729,0.0099743728060275,CEP,0.533,0.0,0.054832413771418,0.671978,0.32724,CEP,120895.0,Unconstrained,Unconstrained,2
271064788,62.0,LS,1.46636696491955,0.2025799661791351,0.2024688984955895,4.156042782302393,0.0169503130018711,CEP,0.527,0.0,0.0724651640445255,0.5483624,0.278203,CEP,133034.0,Unconstrained,Unconstrained,2
271145590,84.0,LS,6.775770278591634,0.3203802788549035,0.3098391516654163,4.072850532331358,0.0560926599428057,CEP,0.791,0.08,0.2035910607074878,0.41363996,0.17212628,CEP,64899.0,Unconstrained,Unconstrained,2
271232937,58.0,LS,1.924638930022821,0.0592398745072438,0.0585845187911202,4.3804561013348575,0.0553425075486302,CEP,0.485,0.12,0.0971636475231349,0.84259355,0.39342982,CEP,41229.0,Unconstrained,Unconstrained,2
271653404,58.0,LS,0.6726896257640042,0.2752431656172996,0.2752019560139802,4.922258251874155,0.0538580166175961,CEP,0.484,0.02,0.0730194932877515,0.14873393,0.10111171,CEP,69835.0,Unconstrained,Unconstrained,2
271920113,58.0,LS,1.951742450870836,0.0452336245145685,0.0436699251138034,4.2243600075707946,0.0181921233888715,CEP,0.487,0.06,0.0906827436726525,0.9536691,0.37249327,CEP,69646.0,Unconstrained,Unconstrained,2
271920113,78.0,LS,1.966736854775927,0.0991369452806246,0.0975716984601277,3.7401755583669,0.0144487584475427,CEP,0.489,0.08,0.114473403024458,0.9990523,0.39650765,CEP,69657.0,Unconstrained,Unconstrained,2
272041479,58.0,ACF,0.6226733069761394,0.3205770890094287,0.5875630598708896,88.43602345554561,0.04603061825037,CEP,0.46,0.02,0.0747319048332103,0.17965323,0.07607365,CEP,62000.0,Unconstrained,Unconstrained,2
272041479,58.0,LS,0.6213553674043979,0.1504450431033775,0.1503993561048739,4.553924733085296,0.04603061825037,CEP,0.454,0.12,0.1304594956298697,0.37253073,0.19528504,CEP,61994.0,Unconstrained,Unconstrained,2
272326510,57.0,LS,0.8310679893773893,0.1080185296721496,0.1079973834140866,3.99026201745437,0.0364244263619184,CEP,0.418,0.1,0.0621400225297674,0.5628261,0.31084737,CEP,75073.0,Unconstrained,Unconstrained,2
272326510,78.0,LS,1.0651516834536778,0.0877032965380295,0.0874296924794769,4.911470081613516,0.0378310610540211,CEP,0.4679999999999999,0.02,0.0920864289675737,0.89478624,0.3026,CEP,75112.0,Unconstrained,Unconstrained,2
272331249,57.0,LS,2.934418392093337,0.1044368928197394,0.104051670749234,4.819594946817233,0.0158641091547906,CEP,0.451,0.12,0.0736823560969653,0.37320963,0.28304437,CEP,58346.0,Unconstrained,Unconstrained,2
272926745,77.0,LS,2.300053710709085,0.2111608809689214,0.2102120052208588,3.229001190047711,0.0193727575242519,CEP,0.38,0.04,0.060712779544343,0.37907714,0.23479128,CEP,79237.0,Unconstrained,Unconstrained,2
273038264,54.0,LS,1.191618348859636,0.0709154514257416,0.0707518036598468,3.976074132573558,0.0166378216817975,CEP,0.434,0.06,0.0967257897357266,0.4318319,0.242926,CEP,134181.0,Unconstrained,Unconstrained,2
273038264,55.0,ACF,0.6805486656257926,0.3035467598676307,0.5824684805628368,45.27801145378366,0.0159379595424979,CEP,0.501,0.02,0.0640855553147509,0.15421882,0.08628891,CEP,134161.0,Unconstrained,Unconstrained,2
273038264,55.0,LS,0.6856709356525638,0.197384004268044,0.1973460980179205,4.669022853724528,0.0159379595424979,CEP,0.479,0.08,0.0964649076089331,0.32377112,0.21646783,CEP,134148.0,Unconstrained,Unconstrained,2
273162520,75.0,LS,4.072635154164157,0.1788615810108181,0.1686875083401659,3.8301175088708983,0.0641981745138764,CEP,0.542,0.04,0.101291065746195,0.95945114,0.35077307,CEP,102516.0,Unconstrained,Unconstrained,2
273404046,56.0,LS,1.7871283312289965,0.4622985488037244,0.4621113398905479,4.765052387243486,0.0195498531684279,CEP,0.514,0.02,0.0921381658163434,0.79613674,0.37699893,CEP,73518.0,Unconstrained,Unconstrained,2
273404046,75.0,LS,1.775256253307152,0.5243852572926974,0.5243721240116647,4.406182412112685,0.0218309136107563,CEP,0.476,0.06,0.0897363605234801,0.9934279,0.4508643,CEP,73526.0,Unconstrained,Unconstrained,2
273404046,76.0,LS,1.7813604054123895,0.4494569680185336,0.4485700742805488,5.006115775660874,0.0218887557275593,CEP,0.472,0.0,0.0450500876802698,0.04962159,0.043989997,CEP,73535.0,Unconstrained,Unconstrained,2
273404046,83.0,LS,3.196466295000847,0.1524911454244554,0.1516090806835505,4.044560229642229,0.0203091278672218,CEP,0.471,0.1,0.1013576953171292,1.0548701,0.38537252,CEP,73545.0,Unconstrained,Unconstrained,2
273630935,41.0,LS,0.8102578802775092,0.0801269153218616,0.0801082368939644,4.559194927122007,0.0119826465379446,CEP,0.452,0.04,0.0590734999809559,0.21328872,0.19418424,CEP,121100.0,Unconstrained,Unconstrained,2
273630935,74.0,LS,0.237551883450816,0.3131183175204096,0.3131143123490656,4.378251833139075,0.017837465275079,CEP,0.407,0.08,0.0334627912762817,0.106905594,0.112242654,CEP,121154.0,Unconstrained,Unconstrained,2
273630935,75.0,LS,0.2437900723372773,0.099379892683214,0.0992919450212415,4.567442207899148,0.0139947491697967,CEP,0.401,0.12,0.0641468440377233,0.23144925,0.16885155,CEP,121170.0,Unconstrained,Unconstrained,2
274071959,55.0,LS,5.901246012791866,0.3762893619588722,0.3638232299318685,4.624003301943958,0.0543142529204487,CEP,0.436,0.02,0.0541865813647622,0.049025465,0.05637247,CEP,104270.0,Unconstrained,Unconstrained,2
274071959,81.0,LS,3.09543987440187,0.1383809726939988,0.1380849738484098,4.533620065059949,0.0191143772099167,CEP,0.479,0.02,0.0836392348123773,0.99770993,0.4007941,CEP,104283.0,Unconstrained,Unconstrained,2
274071959,82.0,ACF,3.1272900890890014,0.1839470201785592,0.0105396346815107,1.19754512066811,0.018137899460271,CEP,0.443,0.04,0.0648830208914474,0.5043266,0.30414036,CEP,104323.0,Unconstrained,Unconstrained,2
274071959,82.0,LS,3.077299867416708,0.1673131364720774,0.1668850672752506,4.1626112832418585,0.018137899460271,CEP,0.498,0.0,0.0482606920795796,0.30187345,0.20853652,CEP,104312.0,Unconstrained,Unconstrained,2
274072982,41.0,LS,4.0267549673348135,0.0577680680351986,0.0555840581092276,6.055224308138349,0.0380590348504483,E,0.617,0.08,0.1816430927823999,0.62478983,0.2818142,E,115806.0,Unconstrained,Unconstrained,2
274375918,73.0,LS,2.5814140280938926,0.5642754074615598,0.5640792740593815,4.409448374455678,0.0260801683180034,CEP,0.533,0.0,0.0859726840339418,1.3819265,0.38011748,CEP,3992.0,Unconstrained,Unconstrained,2
274502344,41.0,LS,1.5451401379023917,0.1193059551328834,0.1188110365470429,4.0118363198143925,0.0181009864900261,CEP,0.475,0.0,0.0592769769809493,0.34643137,0.19664364,CEP,95341.0,Unconstrained,Unconstrained,2
274502344,74.0,LS,1.7115928373256148,0.0708766318716888,0.0703966559697737,5.809954493004625,0.0240235170349478,CEP,0.521,0.0,0.059399138040884,0.46088105,0.2503698,CEP,95368.0,Unconstrained,Unconstrained,2
274502344,81.0,LS,2.66206187786761,0.1087379285612397,0.1087079482953796,4.834007461220608,0.0204196409322321,CEP,0.452,0.0,0.049901599172772,0.19985811,0.12226395,CEP,95387.0,Unconstrained,Unconstrained,2
274727550,82.0,ACF,1.914372145264224,0.156200813538723,0.017726288538529,1.649491720378137,0.0043585911043919,CEP,0.515,0.02,0.0554754864782635,0.48103303,0.2909581,CEP,98500.0,Unconstrained,Unconstrained,2
274727550,82.0,LS,1.9007222258803456,0.1672847768281935,0.1672601603895601,4.585015363929415,0.0043585911043919,CEP,0.47,0.04,0.0642229740824885,0.3802504,0.24804962,CEP,98455.0,Unconstrained,Unconstrained,2
274727550,83.0,ACF,1.893497828405998,0.063349362340222,0.0234534500413873,1.881476793798356,0.0042273514554835,CEP,0.428,0.12,0.1035764915412759,0.674804,0.33840662,CEP,98554.0,Unconstrained,Unconstrained,2
274753068,65.0,LS,4.44373313887197,0.1268192282344494,0.1249686439640529,3.7824328018723454,0.0132256723009049,CEP,0.477,0.0,0.0580535063540523,0.16126269,0.08713704,CEP,21484.0,Unconstrained,Unconstrained,2
275808415,41.0,LS,2.605537320269816,0.2974856592523122,0.2974798372612117,4.15696757535261,0.0104578817263245,CEP,0.495,0.0,0.049972728562687,0.038629122,0.020206004,CEP,117210.0,Unconstrained,Unconstrained,2
275808415,54.0,LS,2.621575454288269,0.2935908013661434,0.2934542902069689,4.231165579714798,0.011619166471064,CEP,0.558,0.0,0.0373944166955442,0.06309624,0.029570684,CEP,117246.0,Unconstrained,Unconstrained,2
275808415,55.0,LS,2.561561593760423,0.3074625834368214,0.3072922015534211,4.399118402629028,0.0110495695844292,CEP,0.557,0.0,0.0395060704196203,0.14219396,0.067116365,CEP,117227.0,Unconstrained,Unconstrained,2
275808415,75.0,LS,1.125794789130984,0.1428109501503747,0.1424634778142828,4.475561865026975,0.0154600758105516,CEP,0.476,0.04,0.0972286048444592,0.6635375,0.29244128,CEP,117254.0,Unconstrained,Unconstrained,2
275808415,81.0,LS,1.118516764530158,0.1147245052796001,0.1145123957179796,4.069120595257118,0.013484435621649,CEP,0.453,0.08,0.1089176496257608,0.78041995,0.3667234,CEP,117262.0,Unconstrained,Unconstrained,2
275808415,82.0,LS,2.584919495590383,0.221093936333155,0.2209733704954362,4.309020844637416,0.0137271627318114,CEP,0.486,0.1,0.0951722648674497,0.6913417,0.34671643,CEP,117276.0,Unconstrained,Unconstrained,2
275833199,75.0,LS,6.293696719245229,0.6722299898981154,0.6647216941108023,4.498873616743367,0.0477787945419549,CEP,0.52,0.08,0.1233793564580396,1.2377572,0.3775186,CEP,105887.0,Unconstrained,Unconstrained,2
275833199,81.0,LS,6.050156425107763,0.706141303785184,0.698308688705147,4.271777809033665,0.0492034573107957,CEP,0.53,0.1,0.1375652572417905,1.2549419,0.3685147,CEP,105892.0,Unconstrained,Unconstrained,2
276118774,84.0,LS,2.429003415508183,0.1612695333408726,0.1611366040329935,3.9907204240626015,0.0226796115748584,CEP,0.464,0.04,0.0847180830755748,0.34667575,0.23717318,CEP,53901.0,Unconstrained,Unconstrained,2
276893265,81.0,LS,1.6637559985057626,0.4390980046796375,0.438975697870716,4.271572794477834,0.0225119036622345,CEP,0.472,0.0,0.0592202668011551,0.14855061,0.15676469,CEP,120487.0,Unconstrained,Unconstrained,2
277300141,27.0,LS,9.182698148022418,0.4671546970759252,0.3035733707142778,3.1441613998013054,0.0775376986712217,CEP,0.487,0.1,0.1483212729179465,0.45518327,0.18544775,CEP,27887.0,Unconstrained,Unconstrained,2
277300141,35.0,LS,3.438498579338491,0.4778747912938078,0.4492177825280806,3.3336039136465843,0.0236183288507163,CEP,0.553,0.0,0.0822767622114531,1.1592314,0.35151696,CEP,27956.0,Unconstrained,Unconstrained,2
277425814,56.0,LS,2.212664969793652,0.189232051053328,0.1890662397045455,4.497917889129894,0.0266450922936201,CEP,0.543,0.0,0.052232342470925,0.5294468,0.27404997,CEP,76640.0,Unconstrained,Unconstrained,2
277943263,56.0,LS,5.575949489073086,0.4638194806705092,0.4629272914133032,4.4370126294852525,0.0116262095980346,CEP,0.486,0.08,0.1094036489336621,0.36860853,0.2353012,CEP,145341.0,Unconstrained,Unconstrained,2
277943263,57.0,LS,5.751281796016428,0.5579554046640066,0.5571223678923428,4.3259263544932764,0.0121647876221686,CEP,0.514,0.0,0.0497637458397175,0.088614374,0.07759238,CEP,145366.0,Unconstrained,Unconstrained,2
277943263,76.0,LS,5.6408661876174415,0.6109864706817147,0.610875415572135,4.394438887720753,0.0103267363738268,CEP,0.434,0.0,0.0244454985631301,0.0011109778,0.00042764755,CEP,145396.0,Unconstrained,Unconstrained,2
277943263,77.0,LS,5.612304900995244,0.5663597334162446,0.5557924446248277,3.85022713201397,0.0108542980160564,CEP,0.436,0.0,0.031003509478767,0.00061458285,0.00018577169,CEP,146484.0,Unconstrained,Unconstrained,2
277943263,83.0,LS,5.667101762360082,0.5112071357855955,0.5101867993631143,4.356826252915198,0.0110904383473098,CEP,0.434,0.0,0.0411321577357668,0.0018372103,0.0005333386,CEP,145190.0,Unconstrained,Unconstrained,2
277943263,84.0,LS,5.597221915209639,0.4857694767494837,0.4847283539602273,4.234391019454051,0.0111469358671456,CEP,0.474,0.08,0.0955303846951324,0.21827377,0.16690718,CEP,145233.0,Unconstrained,Unconstrained,2
279780670,78.0,LS,2.950093358055901,0.4688028382092972,0.4679219353601496,4.613724840179202,0.040602097287774,CEP,0.4649999999999999,0.08,0.0961734183649515,0.8819432,0.39385435,CEP,92936.0,Unconstrained,Unconstrained,2
279780670,84.0,LS,2.798693323140629,0.1487039806691556,0.1470335748283398,5.858409596934507,0.0427231844514608,CEP,0.468,0.04,0.0652664814433871,1.0521431,0.40033934,CEP,92948.0,Unconstrained,Unconstrained,2
280287051,10.0,LS,7.279296858755116,0.6842103035742713,0.6670987870512525,4.756785893847336,1.1052582412958143,CEP,0.529,0.1,0.1265472307085382,1.0419064,0.3440006,CEP,119493.0,Unconstrained,Unconstrained,2
280287051,62.0,LS,6.960649873049707,0.8438519098364304,0.8400173845317772,4.434876926381548,0.5664072558283806,CEP,0.532,0.06,0.1193038540869489,0.41627753,0.18451592,CEP,119519.0,Unconstrained,Unconstrained,2
280287051,63.0,LS,6.980367052914944,0.8489065869662665,0.8468251606585173,4.44407330879767,0.5524934083223343,CEP,0.558,0.0,0.1425914443436211,0.38063192,0.15099998,CEP,119522.0,Unconstrained,Unconstrained,2
280752128,41.0,LS,2.043787452791514,0.6265091666430211,0.6263922409207568,4.485614664976311,0.0651408173143863,CEP,0.556,0.0,0.0891541496510398,1.195657,0.3807797,CEP,104214.0,Unconstrained,Unconstrained,2
280752128,54.0,LS,2.0475462885156754,0.7218373754225103,0.7214379697210684,4.065880391843166,0.0687540415674448,CEP,0.539,0.0,0.110338997639094,0.73289883,0.30566064,CEP,104237.0,Unconstrained,Unconstrained,2
280752128,55.0,LS,2.088630591197531,0.5497031089917127,0.54965235645146,4.5784033336967696,0.0668436614796519,CEP,0.521,0.0,0.0652481417359912,0.31558102,0.17122017,CEP,104225.0,Unconstrained,Unconstrained,2
280752128,81.0,LS,1.386481479757365,0.517077905152524,0.5169389154456792,4.290406891323073,0.0480441888794302,CEP,0.541,0.0,0.0689999536231728,0.97695565,0.3960291,CEP,104393.0,Unconstrained,Unconstrained,2
281132210,81.0,LS,1.2100054180979525,0.1170517403818074,0.1170271600980634,4.175505972594692,0.0063997862162068,CEP,0.474,0.0,0.0634513482914271,0.24583453,0.13092716,CEP,29425.0,Unconstrained,Unconstrained,2
281177560,62.0,LS,1.3579664809033738,0.2302016365715881,0.2301329440189944,4.155782581012318,0.0218127737753093,CEP,0.549,0.0,0.0486587463874687,0.5622823,0.31857175,CEP,133855.0,Unconstrained,Unconstrained,2
281177560,63.0,LS,1.3534539442317428,0.2179658785148878,0.2179616391980721,4.553011574309494,0.0262283766642212,CEP,0.47,0.02,0.0648404318307643,0.3104043,0.23354913,CEP,133868.0,Unconstrained,Unconstrained,2
283536088,77.0,LS,2.0941286146560047,0.1731539102769053,0.1730904262016727,3.418627927210764,0.0148303143214434,CEP,0.516,0.06,0.1282180954467816,0.8679573,0.3539684,CEP,59429.0,Unconstrained,Unconstrained,2
283842140,58.0,ACF,3.460606151211323,0.2171034020290503,0.0060090394931105,1.1227991995283446,0.0099367962684482,CEP,0.446,0.06,0.0734416121827401,0.41001418,0.27836797,CEP,54320.0,Unconstrained,Unconstrained,2
283842140,58.0,LS,3.4760398769604075,0.1196686433417444,0.1195898572274416,4.372400677762926,0.0099367962684482,CEP,0.458,0.04,0.0774766132455465,0.6901968,0.31728366,CEP,54294.0,Unconstrained,Unconstrained,2
283964708,65.0,LS,4.972388355506121,0.2507136576003545,0.234195422520597,3.396853753161849,0.0208135810680687,CEP,0.487,0.02,0.0748990680849902,0.4315465,0.22282368,CEP,77775.0,Unconstrained,Unconstrained,2
284055001,58.0,LS,3.3798849512599447,0.1296811387988843,0.1293073778697236,5.302613605061197,0.0038278623833321,CEP,0.513,0.02,0.0882852196010181,0.6112865,0.27788833,CEP,44852.0,Unconstrained,Unconstrained,2
284604570,58.0,LS,4.619181513678159,0.259506931142282,0.2537045090322867,4.200877157174546,0.0473230239003896,CEP,0.417,0.08,0.0661480642195975,0.09857805,0.058237918,CEP,49263.0,Unconstrained,Unconstrained,2
284604570,78.0,LS,2.556340445386619,0.1321139084214842,0.1102212191922594,4.754203513333778,0.0409552548080682,CEP,0.473,0.0,0.0617606217585283,0.49049562,0.2510469,CEP,49273.0,Unconstrained,Unconstrained,2
285161201,58.0,LS,1.2050030780167849,0.393896768266917,0.3938029652376483,5.804747204823798,0.0519655225798487,CEP,0.53,0.04,0.0673481224682618,0.7580592,0.32447946,CEP,53007.0,Unconstrained,Unconstrained,2
285595803,58.0,LS,0.548451912830241,0.2036817260007885,0.2035857809673765,3.79124292466804,0.0140913412906229,CEP,0.432,0.1,0.0818067576670778,0.30867007,0.23412514,CEP,42396.0,Unconstrained,Unconstrained,2
285630910,61.0,LS,0.4014480646453777,0.3388009640378583,0.3387903795734054,6.276510824613069,0.0504199368879199,CEP,0.425,0.0,0.0204351070464531,0.0020050937,0.0006550617,CEP,133040.0,Unconstrained,Unconstrained,2
286572917,58.0,ACF,3.053288449723368,0.7739386855464139,1.3907858295534656,584.3286305953352,0.0169927428942173,CEP,0.5640000000000001,0.08,0.1566852079808429,1.3239489,0.40118635,CEP,1929.0,Unconstrained,Unconstrained,2
286572917,59.0,LS,3.0517380164593515,0.8115549796223315,0.8114897622245074,4.178338503032137,0.0170974782668054,CEP,0.551,0.06,0.1416441117731337,1.1003593,0.38583252,CEP,1932.0,Unconstrained,Unconstrained,2
288915033,83.0,LS,2.968445788241233,0.2927711207016255,0.2909480528947185,6.192033589642961,0.0345737417228519,CEP,0.474,0.0,0.0752370228012778,0.66536236,0.360895,CEP,73363.0,Unconstrained,Unconstrained,2
289006657,61.0,LS,7.12747643869601,0.5366304093478229,0.5312810901864126,4.353574425887928,0.0139267730992287,CEP,0.419,0.02,0.044165941629269,0.0058840914,0.002958574,CEP,43732.0,Unconstrained,Unconstrained,2
290681621,64.0,ACF,3.585665987822722,0.5033516260473937,1.015132421564204,817.2035843230199,0.0616694940254092,CEP,0.485,0.0,0.068479672896415,0.24240434,0.1793795,CEP,119666.0,Unconstrained,Unconstrained,2
290681621,64.0,LS,3.737796578867384,0.4141807929293071,0.4139726357130764,4.844402368904412,0.0616694940254092,CEP,0.505,0.04,0.0839974190079671,0.4490835,0.31852084,CEP,119664.0,Unconstrained,Unconstrained,2
290681912,64.0,LS,1.0764855046888806,0.0238626213620054,0.0238000403193456,4.6945144286510185,0.0245912815444171,CEP,0.479,0.12,0.1156452783298998,0.8403558,0.39186427,CEP,126438.0,Unconstrained,Unconstrained,2
291946183,65.0,LS,0.2434005892428026,0.256947169197909,0.2569402568372396,4.589763174641121,0.0953706260770559,CEP,0.43,0.08,0.0560146266612569,0.2554701,0.20669359,CEP,97633.0,Unconstrained,Unconstrained,2
294697236,65.0,ACF,1.1782527556815694,0.5875732789101105,1.146489984851105,264.9540638257086,0.0369738647714257,CEP,0.493,0.0,0.0419321547264149,0.012618088,0.006306677,CEP,103050.0,Unconstrained,Unconstrained,2
294697236,65.0,LS,1.1699616212442427,0.6252114576665896,0.6251250898462191,4.471318713913206,0.0369738647714257,CEP,0.476,0.0,0.0501922862599423,0.012135304,0.004845159,CEP,103046.0,Unconstrained,Unconstrained,2
295228333,35.0,LS,2.429205200237765,0.0720639833317632,0.0438623834046651,2.6931296371167264,0.0534284487366676,CEP,0.645,0.12,0.1987180072363851,1.0136842,0.23536138,CEP,118551.0,Unconstrained,Unconstrained,2
295228333,36.0,LS,2.879445001381965,0.1069069050956519,0.1047409152513953,4.707359526606524,0.0588315119966864,CEP,0.492,0.02,0.1145133424540564,1.2092603,0.33902067,CEP,118572.0,Unconstrained,Unconstrained,2
296992831,62.0,LS,2.8994886556489137,0.0982766677010765,0.0945162860241432,5.987502596733975,0.0178701849654316,CEP,0.474,0.06,0.0839654119265784,0.6862335,0.3059515,CEP,103225.0,Unconstrained,Unconstrained,2
297033615,56.0,ACF,1.6087740312241294,0.7017191737231073,0.8705679909865299,330.8781693458874,0.024174409918487,CEP,0.491,0.08,0.0769155380921176,0.7317484,0.37998927,CEP,51460.0,Unconstrained,Unconstrained,2
297033615,75.0,LS,1.752788456448474,0.653084958059046,0.652956078978396,4.973574265557545,0.0243745138868689,CEP,0.551,0.0,0.0522820198538656,0.31400716,0.15899222,CEP,51463.0,Unconstrained,Unconstrained,2
297033615,76.0,ACF,1.6944613458181266,0.7831099889803044,1.3146803943974974,340.6765731713524,0.0195262068882584,CEP,0.466,0.04,0.0937325215706907,0.78912216,0.36550286,CEP,51470.0,Unconstrained,Unconstrained,2
297033615,82.0,LS,1.770526289626279,0.4979151402073977,0.4978933650690491,4.286958364958991,0.0157166481949388,CEP,0.455,0.02,0.1070871122031031,0.90056217,0.42219135,CEP,51474.0,Unconstrained,Unconstrained,2
297033615,83.0,ACF,1.664326468028321,0.6567446821001728,1.205468909838328,322.17509036071544,0.0123379414435476,CEP,0.552,0.0,0.0506199012247159,0.29362756,0.2450513,CEP,51484.0,Unconstrained,Unconstrained,2
297033615,83.0,LS,1.7078634572160891,0.6184558983200094,0.6182942122667988,4.307672210252349,0.0123379414435476,CEP,0.47,0.0,0.0327310494790497,0.004412974,0.003248739,CEP,51481.0,Unconstrained,Unconstrained,2
297519305,56.0,LS,8.19978395693223,0.2935347302378309,0.1851143685166702,3.288707785162842,0.2117322571575641,CEP,0.537,0.0,0.0680417401305992,0.019507008,0.0072263815,CEP,89802.0,Unconstrained,Unconstrained,2
298133576,84.0,LS,2.524282849414045,0.1821487304514282,0.1817383343912625,4.801794800667267,0.0237334403209388,CEP,0.439,0.12,0.1365090531796334,0.9258907,0.39474612,CEP,60292.0,Unconstrained,Unconstrained,2
299773670,41.0,LS,0.4867412416573006,0.3753817691150994,0.3753734848846126,4.697559837855806,0.015186722157523,CEP,0.428,0.02,0.0216735414734186,0.0044313967,0.0011886416,CEP,77719.0,Unconstrained,Unconstrained,2
299773670,81.0,LS,0.485772895608443,0.3428387373681517,0.342833550854066,5.543254073683784,0.0186794926412403,CEP,0.43,0.12,0.0486160467335631,0.115521386,0.08468521,CEP,77668.0,Unconstrained,Unconstrained,2
299953878,11.0,LS,1.2500097640731964,0.051894668948457,0.0477067407558669,3.6108451491491,0.0211285520344972,CEP,0.688,0.04,0.1114701825601806,0.3577869,0.09724029,CEP,97496.0,Unconstrained,Unconstrained,2
299953878,38.0,LS,3.604552218926073,0.4861155113105409,0.4821814463059642,4.528179337832626,0.0265482231043279,CEP,0.588,0.06,0.1587188709637263,1.206811,0.351734,CEP,97524.0,Unconstrained,Unconstrained,2
300469582,65.0,LS,2.8410772041328687,0.131610910002574,0.1312976557708121,4.143169030790887,0.0748116243630647,CEP,0.505,0.06,0.1104363780644765,0.89464444,0.36543667,CEP,128528.0,Unconstrained,Unconstrained,2
301536110,41.0,LS,4.5820787936592176,0.2083279029326506,0.2003955019960882,5.101164751038596,0.0396486325189471,CEP,0.361,0.06,0.084578162666258,0.6342446,0.3038415,CEP,96194.0,Unconstrained,Unconstrained,2
301536110,81.0,LS,5.545906417813835,0.1569310983875594,0.1476454648542228,4.161252685848012,0.031518863979727,CEP,0.428,0.08,0.0790666453063489,0.18267882,0.17812353,CEP,96404.0,Unconstrained,Unconstrained,2
301783031,6.0,LS,4.023985188891813,0.571154088510237,0.5699961058065428,4.936863106988312,1.0243603587150574,CEP,0.577,0.02,0.0901871476431093,1.2726508,0.2798748,CEP,2511.0,Unconstrained,Unconstrained,2
302870886,71.0,LS,2.4147811710827223,0.2270135751260645,0.2257634039016784,4.65709110060925,0.0069861020892858,CEP,0.495,0.02,0.0610379029783953,0.05851394,0.029205091,CEP,19265.0,Unconstrained,Unconstrained,2
303425964,63.0,LS,3.400760385963436,0.2669147775826893,0.2664537386547685,4.742015259424079,0.0769941927865147,CEP,0.607,0.04,0.1125037883806585,0.91545475,0.3507783,CEP,136228.0,Unconstrained,Unconstrained,2
303960455,56.0,LS,5.361386832332666,0.1962707785385772,0.195307572171573,4.677286971113063,0.0074510189006105,CEP,0.483,0.1,0.133343130306739,0.69042605,0.33095205,CEP,119546.0,Unconstrained,Unconstrained,2
304356694,63.0,LS,0.5062646527782806,0.2508007169429452,0.2507781853168389,4.43025235094683,0.0203138310462236,CEP,0.426,0.06,0.045279151935521,0.28317142,0.21969835,CEP,86714.0,Unconstrained,Unconstrained,2
304456803,10.0,LS,2.1336320088007668,0.1151447454958076,0.1119268399161157,4.70106536321282,0.0779191683977842,CEP,0.678,0.02,0.1579952454980845,0.20516302,0.038537353,CEP,99047.0,Unconstrained,Unconstrained,2
304456803,63.0,LS,3.5849056863132835,0.3496167084456389,0.3491815683395841,5.094445447513863,0.0660158973187208,CEP,0.452,0.02,0.0826012009597923,0.35025892,0.2437608,CEP,99056.0,Unconstrained,Unconstrained,2
304460055,64.0,LS,1.293842829667846,0.12187492308202,0.1215380878079449,4.91296893708568,0.0127277884166687,CEP,0.467,0.12,0.0909983824032053,0.73632604,0.40861937,CEP,122890.0,Unconstrained,Unconstrained,2
304644439,63.0,LS,1.1053430077009043,0.3243587309579608,0.3243411527741259,4.857065430125658,0.0091656070435419,CEP,0.472,0.0,0.0451586359404267,0.12524384,0.093900755,CEP,134412.0,Unconstrained,Unconstrained,2
304644439,64.0,LS,0.6200873904909793,0.2212469842700008,0.2212459971047529,4.085837270173215,0.0107098731677979,CEP,0.472,0.1,0.0576416654860006,0.21243453,0.14762838,CEP,134508.0,Unconstrained,Unconstrained,2
304892925,64.0,LS,8.409983290724625,0.7551998355769227,0.7518348635530676,4.875983932342933,0.0152881839312613,CEP,0.426,0.0,0.0132276074934207,0.00010053626,2.0252774e-05,CEP,130257.0,Unconstrained,Unconstrained,2
304893603,63.0,LS,1.396227475935885,0.2135508146236123,0.2126918748206187,4.395440433283511,0.0335963908582925,CEP,0.423,0.1,0.1192484196960278,0.7572116,0.35834828,CEP,113703.0,Unconstrained,Unconstrained,2
304996702,63.0,LS,1.7226171979829423,0.1093732760762612,0.1090801366863284,3.65663755794958,0.0215184269472956,CEP,0.446,0.12,0.1016906760720962,0.76746845,0.3939199,CEP,134426.0,Unconstrained,Unconstrained,2
305104377,64.0,LS,5.17542954657065,0.5824779012916251,0.5823962916718549,4.910968008654891,0.0317584746517241,CEP,0.521,0.0,0.0559343758345438,0.14810722,0.087755196,CEP,134844.0,Unconstrained,Unconstrained,2
305204178,65.0,LS,3.093574763901365,0.2228820284946145,0.2228806049375072,4.055470777599112,0.0378159387037158,CEP,0.494,0.08,0.1052453438400008,0.67602193,0.35266075,CEP,105150.0,Unconstrained,Unconstrained,2
305371945,65.0,LS,9.94443562301675,0.5090067286403771,0.4657506248522605,4.551873098760552,0.0469999434426426,CEP,0.477,0.06,0.0942492100762653,0.14099865,0.14388163,CEP,92251.0,Unconstrained,Unconstrained,2
305447083,63.0,LS,0.510115514344219,0.2169313257987241,0.2169258054820236,4.794983116658841,0.0244860025122761,CEP,0.43,0.02,0.0214881921063639,0.04369776,0.042262893,CEP,135192.0,Unconstrained,Unconstrained,2
305491170,64.0,ACF,1.2060294923176116,0.7893627530327011,1.55738051635298,255.1888142855784,0.0458182115107774,CEP,0.472,0.02,0.0654466622525549,0.29109305,0.21941917,CEP,101106.0,Unconstrained,Unconstrained,2
305491170,64.0,LS,1.2122629883403362,0.5893844401490564,0.5893483964972862,5.971918103077769,0.0458182115107774,CEP,0.473,0.0,0.0463372161442614,0.19299245,0.15338346,CEP,101102.0,Unconstrained,Unconstrained,2
305698646,63.0,LS,3.789747981903538,0.1982684618789789,0.1943260685949071,4.511181447796844,0.0080809619976207,CEP,0.499,0.0,0.0520461333818373,0.439251,0.25668588,CEP,99348.0,Unconstrained,Unconstrained,2
306492756,64.0,LS,1.4626065379001043,0.1061961758426545,0.1061063706601438,4.376718356525089,0.0333251827396452,CEP,0.412,0.06,0.1122996064107083,0.84005475,0.38095784,CEP,79211.0,Unconstrained,Unconstrained,2
306562451,64.0,LS,3.9576865675633135,0.141392777777166,0.1328878549433785,4.101947850002034,0.0555505976080894,CEP,0.429,0.08,0.0906326563662347,0.88728297,0.4029867,CEP,129008.0,Unconstrained,Unconstrained,2
306845162,64.0,LS,1.3321586756504271,0.0998659742942769,0.0981416980925126,4.783386336413969,0.0527992565184831,CEP,0.459,0.1,0.1103768091584459,1.0026965,0.40236303,CEP,104366.0,Unconstrained,Unconstrained,2
307242697,6.0,ACF,2.3125155836160047,0.6662653123695816,1.0624342087657117,37.64880511514713,0.9482460469007492,CEP,0.799,0.0,0.0509293628469864,0.51125234,0.24845941,CEP,12899.0,Unconstrained,Unconstrained,2
307242697,6.0,LS,2.3116265641006515,0.6521377057983407,0.6511635910211647,4.171417564225521,0.9482460469007492,CEP,0.75,0.0,0.0834431159533247,0.13089997,0.058357954,CEP,12894.0,Unconstrained,Unconstrained,2
307242697,71.0,ACF,2.29649460935616,0.7411863914493833,1.081845656617657,310.2377238545781,0.8424677699804306,CEP,0.725,0.0,0.0625843430899454,0.18612613,0.106894374,CEP,12908.0,Unconstrained,Unconstrained,2
307242697,71.0,LS,2.321468770698298,0.6484852882110976,0.648479077315091,4.072059147922118,0.8424677699804306,CEP,0.699,0.0,0.0661148213337977,0.20737314,0.12915358,CEP,12905.0,Unconstrained,Unconstrained,2
307242697,72.0,LS,2.312449714059437,0.7198334058230997,0.7196864559373362,4.071687866759021,0.704004094004631,CEP,0.681,0.02,0.134567520598397,0.5764662,0.28636724,CEP,12914.0,Unconstrained,Unconstrained,2
307402927,64.0,LS,3.3640336404036466,0.2889141672486667,0.2884126570078833,4.599604575418198,0.0150161911733448,CEP,0.503,0.0,0.0936893675931266,1.1330686,0.4222888,CEP,107730.0,Unconstrained,Unconstrained,2
307469043,71.0,LS,1.6098609015961598,0.4609918836979092,0.4609353461465016,3.74797629758541,0.0213711010292172,CEP,0.444,0.06,0.1369800043802014,0.9367497,0.366198,CEP,17332.0,Unconstrained,Unconstrained,2
307469043,72.0,LS,1.7641970715151638,0.4415028359004803,0.4414984204527515,5.0241689999711525,0.0195329426787793,CEP,0.474,0.1,0.0884984429241554,0.57535905,0.35838345,CEP,17338.0,Unconstrained,Unconstrained,2
307597468,59.0,LS,0.9335638799967472,0.4175104608080865,0.4174569759579466,4.4636339108219545,0.0150133832357823,CEP,0.475,0.06,0.0747367004891171,0.37438646,0.26990855,CEP,51778.0,Unconstrained,Unconstrained,2
307873662,10.0,LS,2.334916703077423,0.5421957324325656,0.5421820468799812,4.297784148460778,0.0038131591281853,CEP,0.599,0.0,0.1559692277341912,0.9608879,0.34496498,CEP,107747.0,Unconstrained,Unconstrained,2
307873662,63.0,LS,1.817007627735322,0.4199004171272746,0.4197855258332615,4.120474856201327,0.004672702634707,CEP,0.473,0.04,0.0631511710105204,0.21228555,0.19481087,CEP,107752.0,Unconstrained,Unconstrained,2
307873662,64.0,LS,1.8432800082416485,0.2174730907316195,0.2151645509239928,4.2399357205104025,0.0051623134640976,CEP,0.517,0.04,0.1066754029755688,0.60409355,0.31089363,CEP,107756.0,Unconstrained,Unconstrained,2
308413404,63.0,LS,4.421392643300502,0.0783200451817699,0.0749001495281278,4.8516075377228844,0.0147105497308075,CEP,0.411,0.12,0.1053042905108808,1.1024181,0.42517012,CEP,126829.0,Unconstrained,Unconstrained,2
308525303,43.0,LS,1.2273156364910225,0.1511458976259795,0.1511114597679962,4.176249437798106,0.0044271696242503,CEP,0.47,0.0,0.0423063304955653,0.023547806,0.010014007,CEP,101358.0,Unconstrained,Unconstrained,2
308525303,44.0,LS,2.87966308733368,0.2355174862552963,0.2246247117535225,4.402204569991227,0.0049789925105869,CEP,0.493,0.0,0.048573836578965,0.3654157,0.22752468,CEP,101382.0,Unconstrained,Unconstrained,2
308525303,71.0,LS,3.0163956548814763,0.5647815900339868,0.5630171155986586,3.957808930546889,0.0063837022753432,CEP,0.552,0.0,0.0480539863070692,0.069480956,0.042209513,CEP,101391.0,Unconstrained,Unconstrained,2
308636614,11.0,LS,1.9396428988417729,0.0644823437531544,0.0632308519060429,4.181171807678766,0.0137258844915777,CEP,0.768,0.02,0.1307044054345529,0.46334076,0.08469217,CEP,100120.0,Unconstrained,Unconstrained,2
309335864,43.0,LS,2.806311809165065,0.1334983394589226,0.1332670946068025,3.9850381892119913,0.0257346499711275,CEP,0.46,0.0,0.0439731008685992,0.5339013,0.32345027,CEP,62710.0,Unconstrained,Unconstrained,2
309335864,45.0,LS,8.767812329577476,0.5658088896486446,0.562677120153739,4.129802707409908,0.0535690318793058,CEP,0.513,0.0,0.0962456939296507,0.2564395,0.14010629,CEP,62749.0,Unconstrained,Unconstrained,2
312080762,75.0,ACF,0.0092592985765804,0.222173527150729,0.0303005967079595,6.852526458719947,0.0069066241849213,ELL,0.598,0.08,0.1369061298846768,0.48819792,0.14040299,ELL,74461.0,Unconstrained,Unconstrained,2
313447842,57.0,LS,3.343829705462569,0.3348297833455422,0.3345668534614224,4.823910047140089,0.0150292122270911,CEP,0.561,0.0,0.0413439233745419,0.46903852,0.23160335,CEP,68141.0,Unconstrained,Unconstrained,2
313447842,77.0,LS,3.340594405607038,0.212029672468751,0.2119838940254223,3.9425584648743097,0.0139133562333881,CEP,0.53,0.0,0.0477088503319876,0.16666836,0.09880135,CEP,68152.0,Unconstrained,Unconstrained,2
313447842,84.0,LS,3.5760689844250417,0.2330826701715758,0.2323992068948826,4.17740746256095,0.0141097384039312,CEP,0.445,0.04,0.0718440644729959,0.3456276,0.24242261,CEP,68169.0,Unconstrained,Unconstrained,2
313449117,57.0,LS,2.712916985880176,0.2356098766014557,0.2354742008983822,3.6044728328561177,0.0422325450927019,CEP,0.449,0.02,0.0536064026026742,0.21163514,0.17923027,CEP,62845.0,Unconstrained,Unconstrained,2
313701274,57.0,ACF,4.370366188246408,0.490203341379826,0.7225573695979199,521.5278460408792,0.0221927650272846,CEP,0.444,0.06,0.0855871485679947,0.12715666,0.111529544,CEP,90545.0,Unconstrained,Unconstrained,2
313701274,57.0,LS,4.493275759736336,0.4241197396495836,0.4232952743817108,4.138764247127256,0.0221927650272846,CEP,0.44,0.0,0.0250502215559064,0.0014902907,0.0006880414,CEP,90540.0,Unconstrained,Unconstrained,2
313701274,77.0,LS,4.384525938686253,0.4161964840832907,0.4151448563236358,3.6457225912527065,0.0211969693191349,CEP,0.444,0.0,0.0178782102012477,0.0081369495,0.007152021,CEP,90551.0,Unconstrained,Unconstrained,2
313701274,84.0,ACF,4.46758511045573,0.6546708105217266,0.9477918270227288,523.6593216371571,0.0222314428538084,CEP,0.438,0.12,0.0855969064861575,0.15325972,0.13950157,CEP,90525.0,Unconstrained,Unconstrained,2
313701274,84.0,LS,4.439262547035973,0.4887314331439992,0.4874400616472666,4.560707834138157,0.0222314428538084,CEP,0.44,0.12,0.11503513202496,0.27434996,0.23131831,CEP,90521.0,Unconstrained,Unconstrained,2
313930613,57.0,LS,2.5225345268121235,0.2048776972128856,0.2045279507477484,4.271222241350188,0.0468675605952739,CEP,0.462,0.0,0.0499679257124007,0.09543707,0.07342436,CEP,68038.0,Unconstrained,Unconstrained,2
313930613,77.0,LS,6.377506744295156,0.4423093844017618,0.3664599789029705,4.858849761752936,0.0618147570639848,CEP,0.527,0.04,0.1370082683636283,0.6881691,0.28262103,CEP,67992.0,Unconstrained,Unconstrained,2
314035434,57.0,LS,2.662678105986315,0.7554189375607965,0.755257177014342,4.1586551439686446,0.1153278443962335,CEP,0.488,0.04,0.0750806393153388,0.3022473,0.15873425,CEP,50763.0,Unconstrained,Unconstrained,2
314035434,77.0,LS,2.697950763722344,0.745804624794355,0.745053871852033,3.7489562168630073,0.1123441290110349,CEP,0.489,0.04,0.0710732017007817,0.22100556,0.16424264,CEP,50770.0,Unconstrained,Unconstrained,2
314035434,84.0,ACF,2.671288061434097,0.6928093989028125,1.2730721184801124,530.9000062386417,0.1113849505782127,CEP,0.487,0.0,0.0315284252699052,0.13630676,0.07665121,CEP,50781.0,Unconstrained,Unconstrained,2
314035434,84.0,LS,2.682050659730823,0.7835485941943113,0.7830965697044818,4.331696974593797,0.1113849505782127,CEP,0.478,0.04,0.0762784478080145,0.32435375,0.1816403,CEP,50779.0,Unconstrained,Unconstrained,2
314150303,57.0,ACF,0.3680550923654664,0.7600503217997536,1.4747522072355328,74.97095209637229,0.0392677076160907,CEP,0.443,0.06,0.0431700637015976,0.15681827,0.1408526,CEP,99697.0,Unconstrained,Unconstrained,2
314154355,84.0,ACF,2.1921222095716075,0.7566056044144915,1.4966273223223574,464.2495196832615,0.0651260698214173,CEP,0.587,0.0,0.0489394891677467,0.9048407,0.37158385,CEP,62592.0,Unconstrained,Unconstrained,2
314529461,66.0,LS,5.287758143941752,0.5011988528692335,0.4881213419341758,4.011482438316307,0.0657675322145223,CEP,0.542,0.12,0.1251747961851745,0.6085485,0.27900147,CEP,102242.0,Unconstrained,Unconstrained,2
314833456,16.0,LS,0.2182960700633122,0.0604997952201422,0.038843926823133,2.970240127318448,0.1852191425859928,DST,0.519,0.0,0.0842628648931426,0.6008285,0.27360323,DST,64303.0,Unconstrained,Unconstrained,2
314833456,17.0,LS,0.2400254616205506,0.3847760811415436,0.3847758294256946,4.995429374809646,0.1560337282717228,CEP,0.404,0.1,0.0365487947817708,0.07039351,0.05851868,CEP,64294.0,Unconstrained,Unconstrained,2
314868712,12.0,LS,3.585842344151065,0.1480805659783956,0.1465077428416179,4.627573163353191,0.0928906630724668,CEP,0.572,0.1,0.1516602571539426,0.74630046,0.22292912,CEP,1024.0,Unconstrained,Unconstrained,2
314868712,39.0,LS,0.8298105545096521,0.2433266514936854,0.2432786611945759,4.75024332328212,0.011715202126652,CEP,0.452,0.02,0.054553254715003,0.3572858,0.19551744,CEP,1036.0,Unconstrained,Unconstrained,2
315187214,65.0,ACF,4.664343117460703,0.6255328388031223,1.011314602075735,591.7294416665015,0.0313526415266096,CEP,0.53,0.0,0.0692441939804342,0.3407044,0.20725004,CEP,60743.0,Unconstrained,Unconstrained,2
315187214,65.0,LS,2.14190604160712,0.1144508113265608,0.1142319992782,4.4261736185872,0.0313526415266096,CEP,0.528,0.0,0.0532001353381737,0.5465635,0.2831312,CEP,60740.0,Unconstrained,Unconstrained,2
315377934,66.0,LS,1.9046286154780376,0.26383996545293,0.2633691404707841,4.083241735253978,0.0641363160684704,CEP,0.582,0.0,0.0436778937221107,0.1464094,0.10717998,CEP,89235.0,Unconstrained,Unconstrained,2
315621933,18.0,ACF,0.5625091357976544,0.245575817597476,0.3051400744251732,9.565927479203276,0.0027815054636448,E,0.626,0.08,0.1648913745346261,0.27631527,0.08781541,E,101115.0,Unconstrained,Unconstrained,2
315621933,59.0,ACF,0.601838500588201,0.1271692246686748,0.1722443883847275,100.66809561622594,0.0054689805256202,CEP,0.431,0.1,0.0705474478631226,0.6063986,0.3578605,CEP,101137.0,Unconstrained,Unconstrained,2
315841896,64.0,LS,0.4397393478776832,0.1337429694937623,0.1337283905381538,4.405368174942851,0.0119380978867411,CEP,0.419,0.12,0.0429199254426193,0.27331385,0.23473431,CEP,134709.0,Unconstrained,Unconstrained,2
315953938,65.0,LS,2.0472340227430936,0.2000005087189759,0.1998338315868796,4.2113705492593,0.0442201131954789,CEP,0.478,0.0,0.0569939786293253,0.20735267,0.1939463,CEP,81199.0,Unconstrained,Unconstrained,2
316249436,59.0,ACF,1.4120068491320126,0.2407236069948503,0.0052344279215293,2.7292356358816505,0.0147240841761231,CEP,0.496,0.0,0.0575477679845187,0.19148116,0.18234877,CEP,7684.0,Unconstrained,Unconstrained,2
316249436,59.0,LS,1.391461115676082,0.2569459947398038,0.2569251222312537,4.400162666748656,0.0147240841761231,CEP,0.495,0.02,0.0601241515532651,0.2633818,0.18326426,CEP,7649.0,Unconstrained,Unconstrained,2
316409260,57.0,LS,2.3190722586334265,0.0987895484399868,0.0986826993509945,4.283363002086844,0.0059203873388469,CEP,0.47,0.02,0.0820012195031269,0.5695861,0.28622696,CEP,98755.0,Unconstrained,Unconstrained,2
316409260,77.0,LS,0.4993140151850797,0.1314461329323177,0.1314074977060386,3.7588960580324056,0.0052298104856163,CEP,0.427,0.06,0.0454193791238938,0.41785464,0.32327926,CEP,98771.0,Unconstrained,Unconstrained,2
316562582,83.0,LS,2.010741666184685,0.1126493605022969,0.1126375544809012,4.802963028734666,0.0421013263985514,CEP,0.436,0.12,0.0872009174263665,0.7993489,0.3997807,CEP,115850.0,Unconstrained,Unconstrained,2
316661620,84.0,LS,2.860828411550349,0.1675771807278811,0.1673341113478452,4.036366110867675,0.0157777534332126,CEP,0.473,0.02,0.0543385093649062,0.4052497,0.23232594,CEP,88783.0,Unconstrained,Unconstrained,2
316920519,64.0,LS,2.803354850121832,0.1149060461659319,0.1147898007208476,9.925987023452764,0.0155268074013292,CEP,0.446,0.1,0.099498944718022,0.5620596,0.25552237,CEP,125956.0,Unconstrained,Unconstrained,2
316947536,76.0,LS,1.4556899186636794,0.1157424055862945,0.1149805773060135,4.188719894667884,0.0166181928943842,CEP,0.468,0.08,0.1067806424404723,0.95952374,0.41140494,CEP,69226.0,Unconstrained,Unconstrained,2
316947536,77.0,LS,3.2629354278290426,0.1509213109655122,0.1500373187559648,3.843578422722203,0.0130628899205476,CEP,0.438,0.02,0.0749115852188431,0.24165869,0.15542017,CEP,69242.0,Unconstrained,Unconstrained,2
316947536,84.0,LS,1.8391048880242,0.0971075171674462,0.0963543188324445,5.306064483167575,0.018216558964923,CEP,0.498,0.08,0.0824057182481895,0.9372077,0.43087006,CEP,69261.0,Unconstrained,Unconstrained,2
318642016,80.0,LS,2.592578026974077,0.1871546414315742,0.18359624277754,3.7577196137681312,0.0377610605210065,CEP,0.462,0.1,0.125061034699062,1.2833886,0.39455223,CEP,115213.0,Unconstrained,Unconstrained,2
318855111,84.0,LS,1.4147157775796892,0.0796115096431811,0.0796050103617162,4.559011532433942,0.026337148156017,CEP,0.46,0.08,0.0926259056635885,0.7949933,0.34487444,CEP,85955.0,Unconstrained,Unconstrained,2
319353722,64.0,LS,2.9252383184887503,0.2448605783986335,0.2448488128137332,4.363036185841338,0.0058332365006208,CEP,0.458,0.0,0.0421277295851556,0.035355225,0.022365132,CEP,113738.0,Unconstrained,Unconstrained,2
319935087,37.0,LS,3.5118009648217834,0.1401500046749011,0.1384514714757303,3.968992358646574,0.011256334837526,CEP,0.419,0.06,0.078998167067344,0.71369743,0.34708628,CEP,105193.0,Unconstrained,Unconstrained,2
319935087,38.0,LS,3.510546456195938,0.1602161922028619,0.1597929820745081,5.015923171546092,0.0128700269851833,CEP,0.446,0.0,0.0198112695201493,0.0013386322,0.0004380118,CEP,105217.0,Unconstrained,Unconstrained,2
320044183,57.0,LS,0.9397828821888228,0.1187579636851989,0.1187481689880798,4.307534177656635,0.0084291887469589,CEP,0.46,0.08,0.0916148110296583,0.5340396,0.29025036,CEP,32860.0,Unconstrained,Unconstrained,2
320232953,10.0,LS,3.0937976865149617,0.2636102206445079,0.2606297211031294,4.591070139412295,0.0351930339820683,CEP,0.407,0.0,0.1156047334671033,0.15670387,0.045267425,CEP,122469.0,Unconstrained,Unconstrained,2
320232953,11.0,LS,1.2362494121739454,0.1906249148792522,0.190213194547253,3.2727867437852183,0.0337938894517719,CEP,0.736,0.0,0.095038989893622,0.21004936,0.04928732,CEP,122520.0,Unconstrained,Unconstrained,2
320382418,58.0,LS,5.057371552800472,0.5841650106193857,0.5793381686302426,5.932027425533306,0.03695635125041,CEP,0.526,0.06,0.0992288748298598,1.2187012,0.37160838,CEP,58676.0,Unconstrained,Unconstrained,2
320382418,78.0,LS,4.511900082243168,0.4025716595838213,0.1227618732106622,7.803990818960301,0.0409412989392876,CEP,0.524,0.0,0.1038357857388289,1.0235281,0.35972965,CEP,58597.0,Unconstrained,Unconstrained,2
320504036,57.0,LS,1.7751441831984152,0.475848331398434,0.4758339752166031,3.969136322997656,0.0297430343925952,CEP,0.523,0.0,0.0541970478900834,0.64637667,0.312929,CEP,64031.0,Unconstrained,Unconstrained,2
320504036,58.0,LS,1.7764357393091,0.4057116069530836,0.4056723408692839,4.685936511501495,0.0278857094235718,CEP,0.547,0.02,0.0623297681689896,1.1835028,0.3811208,CEP,64000.0,Unconstrained,Unconstrained,2
320504036,84.0,LS,1.0216565774544144,0.3504211294600662,0.350410219277112,4.428358818095148,0.0284663378261029,CEP,0.52,0.0,0.0688737860147095,0.8391862,0.3536861,CEP,64066.0,Unconstrained,Unconstrained,2
320732668,10.0,ACF,2.20836620642649,0.370495246782786,0.6034348154342211,41.44947201260044,0.0115176173858344,CEP,0.721,0.0,0.1036351214598603,0.60164344,0.21788684,CEP,92814.0,Unconstrained,Unconstrained,2
320732668,10.0,LS,3.093799469823068,0.0733459286680253,0.0715206346266878,3.345252068029822,0.0115176173858344,CEP,0.624,0.02,0.1017409730639529,0.5176585,0.16409263,CEP,92813.0,Unconstrained,Unconstrained,2
320732668,11.0,LS,2.122618669533096,0.2722017575733312,0.2714807888575782,3.5890016922608083,0.0100386224221438,CEP,0.539,0.0,0.0912908407234811,0.51558423,0.19854431,CEP,92636.0,Unconstrained,Unconstrained,2
320732668,37.0,LS,2.1791410415279047,0.3799575506261794,0.3798980986510433,4.368114025019168,0.0168079684954136,CEP,0.452,0.06,0.0896089281266102,0.17029132,0.11105119,CEP,92655.0,Unconstrained,Unconstrained,2
320732668,38.0,ACF,2.1527430424657723,0.4838307515517232,0.8903649221275507,146.2998216431825,0.0144732790067791,CEP,0.488,0.02,0.0599095852097141,0.9930401,0.35733783,CEP,92673.0,Unconstrained,Unconstrained,2
320732668,38.0,LS,2.186899032608305,0.4913199841603055,0.4912529384186351,4.412433392591993,0.0144732790067791,CEP,0.52,0.0,0.0831034150922812,0.92848283,0.3428843,CEP,92668.0,Unconstrained,Unconstrained,2
320732668,64.0,LS,2.170152529612692,0.3205300207629922,0.3201095684355217,4.934788898444822,0.0126185384579002,CEP,0.476,0.0,0.0571703979345954,0.10429598,0.081304856,CEP,92682.0,Unconstrained,Unconstrained,2
322829312,64.0,LS,5.850484509082791,0.5631178970530042,0.5627480735471192,4.255656579734932,0.0064453342929482,CEP,0.537,0.0,0.0548332162106145,0.17784998,0.124931544,CEP,101921.0,Unconstrained,Unconstrained,2
323827102,77.0,LS,1.1595405496188873,0.1133691459965713,0.1133156921522375,3.315373263660149,0.0376343005336821,CEP,0.445,0.08,0.1003855288375769,0.5839883,0.3155926,CEP,42553.0,Unconstrained,Unconstrained,2
323827102,78.0,LS,1.1279854815560113,0.1623525548849296,0.1603849766662588,4.436078616759914,0.0315848691388964,CEP,0.476,0.0,0.0688919850200297,0.38074353,0.26114106,CEP,42567.0,Unconstrained,Unconstrained,2
324518895,64.0,LS,1.6820148804024195,0.050367517542677,0.0476849621889046,4.408268150757067,0.0365529581904411,CEP,0.45,0.1,0.1083246158543846,0.92925066,0.3649633,CEP,113552.0,Unconstrained,Unconstrained,2
325775974,56.0,LS,4.224227160151316,0.1212682057685926,0.1120300048376777,5.503005028287589,0.0199011550284922,CEP,0.446,0.0,0.0431150275426097,0.07133709,0.07425688,CEP,75425.0,Unconstrained,Unconstrained,2
325775974,57.0,LS,0.3960949930706627,0.2749111336005462,0.2749033313060552,3.9046899881213903,0.0205758633092045,CEP,0.426,0.04,0.0355805789722427,0.03672595,0.014111665,CEP,75434.0,Unconstrained,Unconstrained,2
325775974,76.0,LS,0.4409772220816221,0.0638692519052115,0.0574316073913113,14.928014347937278,0.0196680659428238,CEP,0.366,0.12,0.0467757886090657,0.6732074,0.41966018,CEP,75449.0,Unconstrained,Unconstrained,2
326161059,65.0,ACF,0.886570006187867,0.4433754986145731,0.7723235545253953,182.19813848518717,0.0158241833560168,CEP,0.451,0.1,0.0851248494859168,0.5555137,0.34120312,CEP,116545.0,Unconstrained,Unconstrained,2
326161059,65.0,LS,0.8924590137925671,0.2623799578874256,0.2623743049848764,5.0035113437515975,0.0158241833560168,CEP,0.458,0.04,0.0545764198166204,0.20367071,0.18995035,CEP,116540.0,Unconstrained,Unconstrained,2
328046141,76.0,LS,1.4402106649799615,0.048939613822624,0.0488002466615438,4.397187371254404,0.0093166541773825,CEP,0.445,0.12,0.1203464930938995,0.87220967,0.38970634,CEP,96616.0,Unconstrained,Unconstrained,2
328046141,77.0,ACF,0.949078869089135,0.3419177054797919,0.5933749272217859,217.15576689013997,0.0100920954719185,CEP,0.484,0.1,0.111471926510669,0.69141406,0.339946,CEP,96632.0,Unconstrained,Unconstrained,2
328046141,77.0,LS,0.9880761901213096,0.3296978889520121,0.3295298011924699,4.082296800606855,0.0100920954719185,CEP,0.462,0.02,0.0499520409993425,0.101345144,0.139791,CEP,96626.0,Unconstrained,Unconstrained,2
328046141,83.0,LS,0.989500936072134,0.1941508905077143,0.1939809505537059,4.275184691014147,0.0099729618523269,CEP,0.449,0.1,0.087634595908237,0.539677,0.3528392,CEP,96636.0,Unconstrained,Unconstrained,2
328046141,84.0,LS,0.9979597590167693,0.1753433496077802,0.1752590984184929,4.086978681283654,0.0086979573825374,CEP,0.458,0.02,0.0542192438161949,0.32555526,0.2330544,CEP,96643.0,Unconstrained,Unconstrained,2
328163510,57.0,LS,7.18914532608198,0.362616580658243,0.360757287733007,4.2265439590701135,0.0111456552986055,CEP,0.424,0.0,0.0361539818000728,0.00574477,0.0032196227,CEP,129074.0,Unconstrained,Unconstrained,2
328163510,83.0,LS,3.4629332087093383,0.0969587302085335,0.0959968135710941,5.550544371559226,0.0092231028247624,CEP,0.442,0.08,0.0735892274725044,0.50260663,0.33860943,CEP,129400.0,Unconstrained,Unconstrained,2
328163510,84.0,LS,7.572757965069336,0.163066272577619,0.1608606246065958,4.115393292842782,0.0083590642316266,CEP,0.416,0.12,0.066133489247128,0.107649066,0.07292331,CEP,129194.0,Unconstrained,Unconstrained,2
328546890,16.0,LS,1.9350388139591768,0.0971273741407399,0.0966303507861317,4.485609019138792,0.0423979852348566,CEP,0.436,0.06,0.0884818535068067,0.8679009,0.30265415,CEP,96679.0,Unconstrained,Unconstrained,2
328546890,17.0,LS,0.8333188233938258,0.0504261007418852,0.0406847471577655,4.12501434791875,0.0530697125941515,CEP,0.408,0.12,0.0978905184376914,0.7993507,0.3023219,CEP,96665.0,Unconstrained,Unconstrained,2
328546890,76.0,LS,0.9954394335086392,0.0861515771619644,0.0860947811200471,3.4103143790271133,0.0368301197886467,CEP,0.463,0.1,0.1167128030862435,0.661624,0.31014448,CEP,96724.0,Unconstrained,Unconstrained,2
328546890,83.0,LS,1.3406145274080628,0.0460010765773536,0.0452943349605839,5.1300792902075045,0.0488060759380459,CEP,0.445,0.1,0.0912172001324311,0.6325363,0.3390721,CEP,96758.0,Unconstrained,Unconstrained,2
328827594,56.0,LS,2.4031884481595687,0.2495992788597553,0.2487878155318576,4.606537182095053,0.0847460702061653,CEP,0.476,0.04,0.0814783799544394,0.6872703,0.37377438,CEP,100032.0,Unconstrained,Unconstrained,2
328827594,83.0,LS,2.444365743109417,0.1122750645588228,0.1069960883442435,4.0731785143580055,0.0751433195546269,CEP,0.522,0.0,0.0644061611959601,0.36034623,0.19635533,CEP,100052.0,Unconstrained,Unconstrained,2
328877031,84.0,LS,8.046048214068835,0.8618181022309158,0.8617011682728772,4.724084031240636,0.0411835685372352,CEP,0.58,0.0,0.0271123292986788,0.66512,0.34643954,CEP,87343.0,Unconstrained,Unconstrained,2
328898847,80.0,LS,3.005075404638909,0.8372783846854427,0.8372391736296207,4.2624283353216015,0.4885444790124893,CEP,0.688,0.04,0.1581118641974725,0.8984105,0.34734178,CEP,47035.0,Unconstrained,Unconstrained,2
328962958,75.0,LS,4.196063474398877,0.1335202734399631,0.1321383663972065,3.595309949665534,0.0626481743529439,CEP,0.514,0.06,0.1046038240218779,0.9828585,0.40830866,CEP,143888.0,Unconstrained,Unconstrained,2
328962958,83.0,LS,2.7705325169369344,0.1982942232795516,0.1978227787106972,5.350776546853012,0.0600147200748324,CEP,0.482,0.08,0.0911379525773977,0.82250404,0.3913443,CEP,143909.0,Unconstrained,Unconstrained,2
329059929,38.0,LS,0.9328911125847338,0.4573945970264055,0.4573931042192409,4.497434560780675,0.0284920586273074,CEP,0.512,0.12,0.1231529520555638,0.4918813,0.2874868,CEP,114664.0,Unconstrained,Unconstrained,2
329059929,65.0,LS,0.9281626521725828,0.3619395197366581,0.3619128462238428,4.650263709754654,0.0423872796818614,CEP,0.484,0.02,0.0552047099439893,0.4162238,0.26208255,CEP,114908.0,Unconstrained,Unconstrained,2
329627009,76.0,LS,1.504255062709818,0.1533472095981887,0.1530784226535169,4.458563482534373,0.0134491536300629,CEP,0.5,0.04,0.0811790711944895,1.0863776,0.40960485,CEP,144683.0,Unconstrained,Unconstrained,2
329627009,82.0,LS,1.502892265447383,0.1829680986072398,0.1828445153083661,4.82859295704111,0.0164106604643166,CEP,0.464,0.08,0.0813380501364521,0.55200946,0.33906013,CEP,144694.0,Unconstrained,Unconstrained,2
329627009,83.0,LS,1.8890033786096596,0.332706461601374,0.3326569807466088,4.133564883653889,0.0154543330427259,CEP,0.468,0.1,0.1226918155379567,0.8900135,0.38309586,CEP,144703.0,Unconstrained,Unconstrained,2
330281456,11.0,LS,2.1226604591631366,0.4087876630700133,0.4087098597349999,3.719968516152221,0.0156949611846357,CEP,0.782,0.0,0.092332694101277,1.3647047,0.2571787,CEP,48034.0,Unconstrained,Unconstrained,2
330281456,65.0,LS,2.077973164303451,0.5933590196264616,0.593357754014021,4.742217532428185,0.0230112764984369,CEP,0.56,0.0,0.0402595777424453,0.4383288,0.22240959,CEP,48044.0,Unconstrained,Unconstrained,2
330333875,56.0,LS,1.0480944161298442,0.1132441956001612,0.113173452728716,5.220977501503512,0.027224242221564,CEP,0.46,0.08,0.0995567456278076,0.5951757,0.29061514,CEP,71058.0,Unconstrained,Unconstrained,2
330333875,76.0,LS,0.5937846487946593,0.1973405888767132,0.1972950091643454,3.9208360208722297,0.018243413651362,CEP,0.448,0.12,0.0601377219388962,0.34775144,0.21551068,CEP,71067.0,Unconstrained,Unconstrained,2
330615298,77.0,LS,3.1179206249918625,0.1005814055137184,0.0877715100146266,2.884105207031098,0.010426475200802,CEP,0.422,0.12,0.0846050684060949,0.17989002,0.11511232,CEP,85036.0,Unconstrained,Unconstrained,2
330957772,66.0,LS,2.3561217882488483,0.258956715023626,0.2576448654394377,3.922040387093148,0.0350990518927574,CEP,0.54,0.0,0.1325978039033829,0.5028579,0.22821178,CEP,121731.0,Unconstrained,Unconstrained,2
331069412,16.0,LS,4.566704011748287,0.3262951303144131,0.3105879013647242,3.659701829208189,0.0822618417441845,CEP,0.668,0.0,0.1351192717564744,0.92443204,0.25380787,CEP,95967.0,Unconstrained,Unconstrained,2
331069412,17.0,LS,4.551214336029963,0.528417741317462,0.5278604525933908,4.205739100603296,0.0765107199549675,CEP,0.531,0.0,0.1338108575564778,0.6443795,0.21883807,CEP,95963.0,Unconstrained,Unconstrained,2
331667323,65.0,LS,9.281635511472206,0.0609266445839833,0.0596382205507141,3.706618967142276,0.0376444240100681,E,0.796,0.04,0.1268397854429741,0.1697832,0.07096622,E,132394.0,Unconstrained,Unconstrained,2
332460747,38.0,LS,1.532964121613035,0.3333068508675894,0.3330397137954695,4.65786488395679,0.0724267167970538,CEP,0.519,0.0,0.0603436690962689,0.07998856,0.023831056,CEP,137643.0,Unconstrained,Unconstrained,2
332460747,65.0,ACF,1.5624923595737528,0.6630756011932165,1.2958695702902092,313.2194815476684,0.0547567568719387,CEP,0.508,0.0,0.0530237682553776,0.0033377632,0.0009249902,CEP,137660.0,Unconstrained,Unconstrained,2
332460747,65.0,LS,1.5384386935559684,0.6930129047953656,0.6928281920249657,4.529129851871403,0.0547567568719387,CEP,0.48,0.0,0.0386077712384436,0.041715667,0.032630008,CEP,137657.0,Unconstrained,Unconstrained,2
333757220,80.0,ACF,0.6157338849234293,0.3437100176666288,0.0179062151481299,1.055841669701124,0.0201953016221523,E,0.766,0.12,0.2304348554401692,0.32104614,0.14877385,E,74877.0,Unconstrained,Unconstrained,2
334059019,7.0,ACF,1.0208369694744306,0.3770306056290953,0.6892695011091071,22.355677197093343,0.0012689649884123,CEP,0.468,0.02,0.0520713971389283,0.71790195,0.28103715,CEP,42137.0,Unconstrained,Unconstrained,2
334059019,7.0,LS,1.034608008180513,0.273470886392453,0.2734425901306553,4.33502362642821,0.0012689649884123,CEP,0.508,0.0,0.0509283575230931,0.30000067,0.1021591,CEP,42135.0,Unconstrained,Unconstrained,2
337053171,64.0,ACF,0.7060359500655977,0.8120123689830063,1.2649370428220108,112.20014634953532,0.0828770734369754,CEP,0.48,0.02,0.0596564698922086,0.2766345,0.21002913,CEP,77941.0,Unconstrained,Unconstrained,2
338119616,66.0,LS,1.4867438612674275,0.2788588020603461,0.2785089793253196,5.5693590090522775,0.0198420626111328,CEP,0.515,0.02,0.0654104089575963,0.48745993,0.28500617,CEP,70952.0,Unconstrained,Unconstrained,2
338164403,57.0,LS,2.437033984487574,0.8327898833663889,0.8315965310663103,4.175937871197675,0.0257432460784912,CEP,0.479,0.0,0.0525148207651896,0.007473674,0.0033592698,CEP,66172.0,Unconstrained,Unconstrained,2
338164403,58.0,ACF,2.4281905132656902,0.8260967602178653,1.61973610819661,522.2794630695952,0.0253227679058909,CEP,0.586,0.0,0.0374380341364233,1.0190368,0.3925612,CEP,66089.0,Unconstrained,Unconstrained,2
338164403,58.0,LS,2.431115937247939,0.9116914914424864,0.9116909539327904,4.536772272102098,0.0253227679058909,CEP,0.552,0.0,0.0563495377088401,0.5885103,0.3198596,CEP,66088.0,Unconstrained,Unconstrained,2
338164403,77.0,LS,2.419047192746185,0.9035294897406516,0.9034792168136454,3.771059725953819,0.0240081967785954,CEP,0.552,0.0,0.0640525908921723,0.65205854,0.30444813,CEP,66006.0,Unconstrained,Unconstrained,2
338164403,78.0,LS,2.396962758815208,0.8087413342347778,0.8076051916687593,4.895113935737754,0.0228045834228396,CEP,0.544,0.06,0.1026335539675012,1.2726173,0.39863953,CEP,66131.0,Unconstrained,Unconstrained,2
338164403,84.0,ACF,2.4490729287258546,0.7996711834040211,1.5314664728218996,522.4111913131965,0.0272605917416512,CEP,0.57,0.0,0.0448564109130456,0.2917704,0.14861414,CEP,66179.0,Unconstrained,Unconstrained,2
338164403,84.0,LS,2.429033227012006,0.9135697827479968,0.913548758320011,4.364398147554311,0.0272605917416512,CEP,0.562,0.0,0.0462049174872112,0.20476715,0.18586877,CEP,66176.0,Unconstrained,Unconstrained,2
338637736,66.0,LS,4.013175509659534,0.1643824419462206,0.1635485753449312,4.499048557830975,0.0082453916547819,CEP,0.438,0.12,0.0959410152124731,0.76052165,0.38004032,CEP,31417.0,Unconstrained,Unconstrained,2
338735152,12.0,LS,1.1351290897345017,0.0591602514202318,0.0586137875227713,4.0700669393932,0.0019062509818468,CEP,0.522,0.1,0.0881115293250548,0.43485713,0.18195878,CEP,37755.0,Unconstrained,Unconstrained,2
339565265,39.0,LS,2.8429608917230227,0.2581298887522449,0.2247258512332394,4.708483254222301,0.0613612961024045,CEP,0.481,0.04,0.0747882343687829,0.98310864,0.37428167,CEP,40370.0,Unconstrained,Unconstrained,2
339565265,66.0,LS,2.473521309117568,0.5277835683212748,0.527606926462311,3.927378418899025,0.0467056548222899,CEP,0.471,0.0,0.0564000567375601,0.089574136,0.055656254,CEP,40378.0,Unconstrained,Unconstrained,2
340078126,40.0,LS,1.5319459201539645,0.1360867291858174,0.1355427988497403,4.369387274145993,0.0363309285603463,CEP,0.443,0.02,0.0825329413022461,0.7991265,0.3417255,CEP,133806.0,Unconstrained,Unconstrained,2
340078126,54.0,LS,1.36537054777539,0.1204280562792349,0.1204097446329034,5.350598333925518,0.0436899904161691,CEP,0.46,0.02,0.112042770404877,0.89606917,0.40071017,CEP,133828.0,Unconstrained,Unconstrained,2
340401914,66.0,LS,2.414872955619505,0.26260447598035,0.2624440251549301,3.809905382076977,0.0069467502180486,CEP,0.466,0.04,0.0788844724898379,0.5126296,0.3413193,CEP,48914.0,Unconstrained,Unconstrained,2
340406868,66.0,ACF,1.9097098128099788,0.479770346398045,0.9006501811844915,431.8820757577429,0.0142081081867218,CEP,0.533,0.0,0.0488969692312315,0.047076505,0.024132308,CEP,15404.0,Unconstrained,Unconstrained,2
340406868,66.0,LS,1.9109699207152524,0.3781777341404858,0.3778796222562332,3.9553099217991994,0.0142081081867218,CEP,0.548,0.0,0.0458868347132377,0.16928732,0.1388028,CEP,15402.0,Unconstrained,Unconstrained,2
340414649,66.0,LS,2.4127094382842658,0.9717502858812196,0.971700005469942,3.989712123093341,0.0644316570833325,CEP,0.781,0.0,0.1253585513636784,0.58277124,0.29688668,CEP,19457.0,Unconstrained,Unconstrained,2
341258812,66.0,LS,6.511877969675857,0.0838905434808947,0.039967087135032,3.238808412148501,0.0206420267932117,CEP,0.438,0.12,0.1155727026594083,0.30481312,0.15356918,CEP,43376.0,Unconstrained,Unconstrained,2
341259989,66.0,LS,1.771312593922988,0.0972551332990456,0.0957720819096227,5.27672787784104,0.011502121342346,CEP,0.465,0.06,0.0799809977432139,0.555246,0.33420867,CEP,1347.0,Unconstrained,Unconstrained,2
341889351,84.0,LS,2.524018685966455,0.0741778406268944,0.0725341567852168,3.92866971948024,0.0589032331481576,CEP,0.425,0.04,0.0968641192599199,0.70625424,0.38863274,CEP,90040.0,Unconstrained,Unconstrained,2
342223507,76.0,LS,0.7692061442256075,0.2314617748380808,0.2313698048560547,4.570726928326621,0.024087824858725,CEP,0.431,0.06,0.1094208462771148,0.45788327,0.22248007,CEP,86672.0,Unconstrained,Unconstrained,2
342223507,77.0,LS,0.7667052926916511,0.3542325187621579,0.3540463489382524,4.326021522436349,0.0200876896269619,CEP,0.461,0.04,0.0620735048148564,0.17797942,0.169685,CEP,86684.0,Unconstrained,Unconstrained,2
342223507,83.0,LS,0.7695379350894949,0.2931512005683721,0.2929344334186095,4.406104908423004,0.022172222379595,CEP,0.477,0.06,0.0535973282916229,0.1042093,0.06605898,CEP,86698.0,Unconstrained,Unconstrained,2
342523349,56.0,LS,3.3999825733391256,0.1537874643581946,0.1509116498837329,4.719682312563236,0.0179608317557722,CEP,0.456,0.02,0.0924034631385642,0.42551398,0.23201975,CEP,104733.0,Unconstrained,Unconstrained,2
342523349,57.0,LS,1.8918765775107795,0.1816783202303585,0.1816275389599743,5.4143242975151225,0.0142544799018651,CEP,0.492,0.08,0.0937093378484769,0.73060244,0.32949308,CEP,104739.0,Unconstrained,Unconstrained,2
342523349,76.0,LS,1.8802814230287213,0.1712211490544469,0.171162613902376,4.9014659807689895,0.015304647386074,CEP,0.526,0.0,0.054603574974538,0.73874813,0.34642115,CEP,104747.0,Unconstrained,Unconstrained,2
342523349,77.0,LS,1.9220144636032048,0.264139777940234,0.2628678671960617,3.747139979903295,0.0155273184645921,CEP,0.515,0.08,0.0902964008142074,1.0824862,0.46106416,CEP,104756.0,Unconstrained,Unconstrained,2
342523349,84.0,LS,1.8390945895922168,0.1688401812880388,0.1677994325808133,4.6509542979474645,0.0196286640129983,CEP,0.474,0.0,0.0593258796816364,0.118885905,0.11434304,CEP,104774.0,Unconstrained,Unconstrained,2
342558930,66.0,LS,3.2957670405624,0.5954484485207292,0.5945876608499453,4.042332004570199,0.0191029324196279,CEP,0.436,0.04,0.0880719796530088,0.5134211,0.2959295,CEP,19769.0,Unconstrained,Unconstrained,2
343376491,39.0,LS,3.879207664634929,0.4806664853526195,0.4803517090220924,5.833794382608176,0.0844751205295324,CEP,0.464,0.0,0.0211745129814123,0.005377309,0.0029945578,CEP,71451.0,Unconstrained,Unconstrained,2
343660394,77.0,LS,2.7508566086093587,0.2657912399436806,0.265605897696236,3.5282457461798917,0.0225949357263743,CEP,0.452,0.0,0.0505820363370238,0.06269057,0.045294333,CEP,55418.0,Unconstrained,Unconstrained,2
343765202,84.0,LS,1.496952375742101,0.0686872319743735,0.0674981485715351,4.225999678717926,0.0164825620595365,CEP,0.445,0.02,0.0716639379325473,0.4476494,0.2745778,CEP,74814.0,Unconstrained,Unconstrained,2
343927314,77.0,LS,1.16922920960521,0.1199779347579619,0.1198671670232882,3.381764374400518,0.0092121947091072,CEP,0.493,0.06,0.1062685579087248,0.69264275,0.29281303,CEP,78646.0,Unconstrained,Unconstrained,2
343927314,82.0,LS,0.879250727439748,0.1272074330014002,0.1271902999605787,6.392207480257639,0.013215827057138,CEP,0.464,0.02,0.0823083373662717,0.24279779,0.1518345,CEP,78504.0,Unconstrained,Unconstrained,2
343927314,83.0,LS,0.7003617286054297,0.1319629655689564,0.1319621026018523,5.348245548429986,0.0096038059564307,CEP,0.476,0.02,0.0521729585130074,0.23969355,0.20347333,CEP,78654.0,Unconstrained,Unconstrained,2
344548300,78.0,LS,0.6787859817483028,0.0926492984702211,0.0925854124620003,4.136580996881094,0.0184840615838766,CEP,0.478,0.02,0.0570980349924583,0.066736706,0.041015413,CEP,101316.0,Unconstrained,Unconstrained,2
345466405,40.0,LS,3.1319504603214545,0.3573909455634626,0.3569858439356368,3.990461518169468,0.0275049288757145,CEP,0.523,0.0,0.0679588110549323,0.8699963,0.32418156,CEP,92605.0,Unconstrained,Unconstrained,2
345466405,53.0,LS,3.119847191727445,0.3484319480390898,0.346848628950714,7.747820053404212,0.024320853408426,CEP,0.568,0.0,0.0973631223821422,1.3329816,0.29045948,CEP,92627.0,Unconstrained,Unconstrained,2
345466405,54.0,LS,3.120823903692389,0.3929554090528623,0.3916328536438422,6.185774757434047,0.0320828543044626,CEP,0.519,0.06,0.120297205287571,0.9912494,0.32361513,CEP,92619.0,Unconstrained,Unconstrained,2
345466405,81.0,LS,1.9863804461803745,0.186604886528287,0.1833781474845279,3.8854684161960895,0.0233168713748455,CEP,0.525,0.04,0.1064526185680747,1.0611402,0.373955,CEP,92838.0,Unconstrained,Unconstrained,2
347310280,58.0,LS,3.379925702897651,0.3381215741222436,0.337988161339711,4.301453432897688,0.015122010372579,CEP,0.515,0.04,0.0850574958483965,0.52652115,0.28301835,CEP,20727.0,Unconstrained,Unconstrained,2
347770664,58.0,LS,5.77403410872468,0.2652454139761143,0.262695406132469,5.169244889573747,0.0379050592891871,CEP,0.464,0.02,0.0714492379245573,0.19596583,0.114125706,CEP,19482.0,Unconstrained,Unconstrained,2
347838322,58.0,ACF,2.803247324857693,0.1852469190757219,0.0060342946789547,1.86129133999043,0.0101871124934405,CEP,0.429,0.06,0.0791569175751557,0.7150221,0.33635342,CEP,20675.0,Unconstrained,Unconstrained,2
347953547,58.0,LS,1.2155884039291402,0.5423206197645387,0.5422629879657827,4.098556726257812,0.1479651872068643,CEP,0.611,0.0,0.0443657525575753,0.5618084,0.26870605,CEP,6660.0,Unconstrained,Unconstrained,2
348136579,58.0,LS,3.464131995713673,0.1481005918314612,0.1452344492556689,4.936253629071871,0.0545465433970093,CEP,0.504,0.08,0.0971209555142452,1.0401853,0.35127696,CEP,28510.0,Unconstrained,Unconstrained,2
348137087,58.0,LS,0.9176511317101376,0.1920759837789487,0.192054315094355,4.402575851989241,0.1121697481721639,CEP,0.454,0.06,0.0674103849566222,0.36121115,0.2521092,CEP,29765.0,Unconstrained,Unconstrained,2
348140982,58.0,ACF,1.8379698680273575,0.5944801792598529,1.1676691950028106,337.5345519727015,0.0358447828330099,CEP,0.499,0.0,0.0537886828245496,0.15851945,0.13542467,CEP,17576.0,Unconstrained,Unconstrained,2
348140982,58.0,LS,1.8726622742143388,0.5605936103312995,0.5604765397790119,4.451411974023358,0.0358447828330099,CEP,0.472,0.0,0.0477020083434649,0.02827679,0.02463146,CEP,17573.0,Unconstrained,Unconstrained,2
348226036,58.0,LS,2.5662440897649588,0.1318328506181541,0.1314093901153122,3.7481183198542567,0.016607103170827,CEP,0.485,0.12,0.1021676739482699,0.935667,0.43762738,CEP,11218.0,Unconstrained,Unconstrained,2
348227056,58.0,ACF,2.988440158434514,0.2978693260025866,0.0079462866851214,4.456660326077781,0.0116821669507771,CEP,0.491,0.08,0.0977981594918841,0.81878495,0.36739254,CEP,14617.0,Unconstrained,Unconstrained,2
348227056,58.0,LS,3.0125466626414097,0.1630981340095859,0.1630577826214024,4.088559365867695,0.0116821669507771,CEP,0.452,0.02,0.0724972164982904,0.40702936,0.25790924,CEP,14607.0,Unconstrained,Unconstrained,2
348227117,58.0,LS,4.075798415038356,0.5128610682208351,0.5126359682152215,4.421241291478509,0.0211821193806827,CEP,0.548,0.1,0.1277849693821617,1.2244278,0.40405497,CEP,7645.0,Unconstrained,Unconstrained,2
348231691,58.0,ACF,1.1828745761245043,0.4309224050106006,0.9695535134989628,293.70526202061683,0.0219994876533746,CEP,0.474,0.02,0.0660084358245216,0.18288597,0.18047866,CEP,16832.0,Unconstrained,Unconstrained,2
348231691,58.0,LS,1.1645123471151098,0.5126425575524011,0.5125903878385083,4.6395765656998265,0.0219994876533746,CEP,0.47,0.0,0.075718172191357,0.45952818,0.30254117,CEP,16829.0,Unconstrained,Unconstrained,2
348231861,58.0,LS,1.0419321146854306,0.2665125116673393,0.266452817261251,5.026226539608615,0.0155866472050547,CEP,0.462,0.12,0.0893406962139875,0.51933306,0.3470719,CEP,11289.0,Unconstrained,Unconstrained,2
348234040,58.0,LS,3.299449990354172,0.2661592545207401,0.266042898049112,4.400494499190245,0.0140086770989,CEP,0.446,0.04,0.1028966394009056,0.8961739,0.3475565,CEP,10946.0,Unconstrained,Unconstrained,2
348340562,66.0,LS,0.7917077647079203,0.3134064208301843,0.3134038859226805,4.548824708897882,0.0101596722379326,CEP,0.453,0.08,0.0620338488246537,0.5120815,0.29207137,CEP,29386.0,Unconstrained,Unconstrained,2
348435981,58.0,LS,0.8248645700723087,0.2490847003890106,0.2489945959513033,4.557445730704785,0.017328062094748,CEP,0.47,0.1,0.0932647071512048,0.6211757,0.35596934,CEP,11311.0,Unconstrained,Unconstrained,2
348444614,58.0,LS,1.0264965644021151,0.4761435612041398,0.4760826033906894,4.585731545364979,0.0213816319592297,CEP,0.47,0.02,0.045129148008798,0.09228538,0.115013294,CEP,11053.0,Unconstrained,Unconstrained,2
348445323,18.0,LS,1.0712938806482524,0.1776023316011347,0.1775722414318384,4.014783037404868,0.023735468275845,CEP,0.482,0.04,0.1362473985072742,0.91635007,0.26764902,CEP,52985.0,Unconstrained,Unconstrained,2
348607599,58.0,ACF,2.6180664446847004,0.6410131088648147,0.9165609526236752,564.6094126436379,0.1568724028766155,CEP,0.575,0.1,0.1374704971984898,1.4415503,0.4146298,CEP,18058.0,Unconstrained,Unconstrained,2
348607599,58.0,LS,2.614661380872941,0.5577658579526946,0.5571560753914518,4.1820587385045656,0.1568724028766155,CEP,0.617,0.0,0.0719853429525761,1.3755035,0.36786523,CEP,18056.0,Unconstrained,Unconstrained,2
348607847,58.0,LS,4.470227470088696,0.1228182497497542,0.1202477136840447,4.880721534507757,0.143953152000904,CEP,0.455,0.04,0.0834031078557627,0.8047149,0.379154,CEP,11991.0,Unconstrained,Unconstrained,2
348811323,61.0,LS,2.1902058263027264,0.1813308489512146,0.1812834207718474,4.595145405637595,0.0153787911403924,CEP,0.535,0.0,0.0552182723380585,0.5540562,0.31809244,CEP,62523.0,Unconstrained,Unconstrained,2
349114265,61.0,ACF,1.3217405657442214,0.7231667781265217,0.8405584585484351,272.9299592107234,0.1031208038330078,CEP,0.365,0.12,0.1213407038054419,0.63148147,0.3455165,CEP,76570.0,Unconstrained,Unconstrained,2
349114265,61.0,LS,1.3077263068048677,0.4280966497974192,0.4279362061259099,5.0411732000429765,0.1031208038330078,CEP,0.382,0.06,0.1285670004316815,0.678933,0.38010755,CEP,76565.0,Unconstrained,Unconstrained,2
349120591,61.0,LS,4.675420610773596,0.9489641395735022,0.9487497657168216,4.288446354934422,0.0364062772132456,CEP,0.64,0.0,0.1153443540013987,0.4989981,0.24187548,CEP,65755.0,Unconstrained,Unconstrained,2
350382446,80.0,LS,7.345710442262747,0.5864933644982796,0.5656296358244468,3.999633674393408,0.052672759629786,CEP,0.594,0.0,0.0084573281832976,2.4696255e-05,7.4256673e-06,CEP,143852.0,Unconstrained,Unconstrained,2
353343379,56.0,LS,1.4673286724515051,0.160258336522259,0.1599822542066902,5.025445478229813,0.0283596711233258,CEP,0.472,0.02,0.085324088040834,0.06738555,0.07815211,CEP,61577.0,Unconstrained,Unconstrained,2
353343379,82.0,LS,1.3897677615942756,0.1105511898547461,0.1101214060269209,4.354289498514845,0.0271298200823366,CEP,0.472,0.06,0.074150161159636,0.5402365,0.3130972,CEP,61608.0,Unconstrained,Unconstrained,2
354001335,73.0,ACF,0.743055813918545,0.2849533088479482,0.0095012647261572,1.0073564101817285,0.0177585228811949,CEP,0.402,0.08,0.0703525294499067,0.52807635,0.34060448,CEP,5232.0,Unconstrained,Unconstrained,2
354001335,73.0,LS,0.6919384424554786,0.136207837944582,0.1355841780992387,3.8691677760616585,0.0177585228811949,CEP,0.476,0.1,0.0891951209427959,0.38286722,0.23475415,CEP,5223.0,Unconstrained,Unconstrained,2
354770601,7.0,LS,0.9925362682029998,0.1531031988271879,0.1530136414809945,5.236475210331264,0.0207886938005685,CEP,0.535,0.04,0.0982677892292281,0.70705575,0.30267897,CEP,38420.0,Unconstrained,Unconstrained,2
358166563,62.0,ACF,0.9930763295342332,0.4218292263147091,0.6660900517807031,170.48404292867235,0.0096901413053274,CEP,0.482,0.02,0.0594053869611165,0.5753132,0.32521346,CEP,88166.0,Unconstrained,Unconstrained,2
358166563,62.0,LS,1.2019304534610418,0.1439627584722604,0.1435223611860023,5.400431036086957,0.0096901413053274,CEP,0.487,0.12,0.1059553792876982,0.6952697,0.37628493,CEP,88164.0,Unconstrained,Unconstrained,2
358166563,63.0,ACF,0.9745436500415964,0.4013081900660536,0.6099277804297007,152.22677516261058,0.0105063361115753,CEP,0.461,0.0,0.0438777209982469,0.014703247,0.008668611,CEP,88173.0,Unconstrained,Unconstrained,2
358166563,63.0,LS,1.1949524333384218,0.1029530760294275,0.099438980560337,5.643519145367463,0.0105063361115753,CEP,0.466,0.08,0.0972171507502662,0.7936832,0.3756999,CEP,88170.0,Unconstrained,Unconstrained,2
358166563,64.0,LS,0.9821816235960856,0.2191710703946911,0.2191672065089492,4.327691232901998,0.0112205953337252,CEP,0.463,0.0,0.0398100288872037,0.014465916,0.009942462,CEP,88177.0,Unconstrained,Unconstrained,2
359335305,77.0,LS,2.985163508819677,0.0107499893443531,0.0103688489118646,11.754002421308542,0.1940156705677509,E,0.785,0.12,0.2346357210656552,0.6406693,0.20214123,E,53980.0,Unconstrained,Unconstrained,2
359432212,58.0,LS,6.284133433497963,0.5377148990439873,0.5364699917080868,5.021009372496337,0.0141308188904076,CEP,0.423,0.0,0.0254243977313131,0.00026129754,7.474523e-05,CEP,55246.0,Unconstrained,Unconstrained,2
359533010,64.0,LS,7.081655925080068,0.5711436564606671,0.5559034906335718,4.084904935603845,0.0606522336602211,CEP,0.436,0.0,0.0220552397402522,0.0027558752,0.0011646363,CEP,59386.0,Unconstrained,Unconstrained,2
359551383,58.0,LS,1.8981297769293417,0.1238778983620589,0.1233486529582988,5.191991830819461,0.0212888605892658,CEP,0.437,0.12,0.1016495076230081,0.6426866,0.31578392,CEP,52108.0,Unconstrained,Unconstrained,2
360061032,40.0,LS,3.9150068189727305,0.1392399118495081,0.1360672427625083,3.622253651594292,0.0140507123433053,CEP,0.443,0.04,0.0608165898419173,0.8198824,0.38790882,CEP,102875.0,Unconstrained,Unconstrained,2
360061032,41.0,LS,0.9990983498692072,0.0786060180041432,0.078529928010021,3.7386236196543914,0.0149263208732008,CEP,0.449,0.12,0.0831452608390881,1.0669017,0.38848296,CEP,102474.0,Unconstrained,Unconstrained,2
361722882,65.0,LS,9.944618666569175,0.2735003632600202,0.1949549849747129,4.134131566032011,0.012503262842074,CEP,0.418,0.08,0.0558626888003074,0.009071184,0.0052404273,CEP,76823.0,Unconstrained,Unconstrained,2
362313008,40.0,LS,1.6581173038432695,0.0807366710902487,0.0565031671989759,3.2622394589634496,0.0187347049359232,CEP,0.487,0.0,0.0637870958736953,0.46049118,0.24743345,CEP,99335.0,Unconstrained,Unconstrained,2
362313008,54.0,LS,1.5984950203642267,0.0476632956808909,0.0472115218167738,5.884608338557882,0.0148257182445377,CEP,0.451,0.0,0.058593392118907,0.155218,0.13126546,CEP,99580.0,Unconstrained,Unconstrained,2
362567718,40.0,LS,1.9850728211877715,0.0874091080928449,0.0764474863028252,3.4812693352650967,0.0509476428851485,CEP,0.457,0.04,0.0686943956957188,0.60727423,0.3118169,CEP,118735.0,Unconstrained,Unconstrained,2
362576828,81.0,LS,1.6637659983781827,0.149963011308733,0.1478369293948365,4.659628117537068,0.0313310138881206,CEP,0.467,0.04,0.0636317530797321,0.32864693,0.22951986,CEP,144419.0,Unconstrained,Unconstrained,2
363425681,80.0,LS,4.006677137344028,0.1362719928152312,0.1355775173410414,5.104445919547288,0.0089773134095594,CEP,0.442,0.0,0.0631831496524192,0.22675014,0.17155734,CEP,65103.0,Unconstrained,Unconstrained,2
363706224,66.0,ACF,0.2245395528316294,0.9151758679419528,1.7279798329823186,47.59046063076394,0.1890074461698532,RR,0.647,0.1,0.1875910488269629,0.9342534,0.37124532,RR,91328.0,Unconstrained,Unconstrained,2
364919934,56.0,ACF,1.8101694194374431,0.5799940229057792,1.0983886403710963,380.468520681478,0.0116591178812086,CEP,0.508,0.0,0.0600261409720798,0.2266671,0.19371371,CEP,62143.0,Unconstrained,Unconstrained,2
364919934,56.0,LS,1.8103512878128163,0.4876183658307175,0.487469349490771,5.002782685121929,0.0116591178812086,CEP,0.474,0.02,0.0563356938361461,0.43245775,0.28465948,CEP,62140.0,Unconstrained,Unconstrained,2
364919934,75.0,LS,1.7983119626763828,0.4492791706514318,0.4492766898751151,4.598317030362523,0.010509027633816,CEP,0.514,0.0,0.056190305213622,0.55393815,0.32111034,CEP,62145.0,Unconstrained,Unconstrained,2
364919934,76.0,LS,1.9620652186755148,0.3148486256832287,0.314522075402311,4.60449757832248,0.00896152399946,CEP,0.479,0.12,0.0872849219510449,0.59394026,0.3611763,CEP,62151.0,Unconstrained,Unconstrained,2
364919934,82.0,ACF,1.9814971045525451,0.5376150872985678,1.033094856381727,426.302277007621,0.0092174555175006,CEP,0.556,0.0,0.0579475625026626,0.59639066,0.30226475,CEP,62162.0,Unconstrained,Unconstrained,2
364919934,82.0,LS,2.019512554971429,0.5683826359350431,0.5682724229005318,4.388756771513727,0.0092174555175006,CEP,0.472,0.0,0.0427798270216231,0.07110999,0.08729044,CEP,62158.0,Unconstrained,Unconstrained,2
364919934,83.0,LS,1.8608171284612005,0.4473562005562908,0.447257563897048,5.560222197414987,0.0102585298009216,CEP,0.549,0.0,0.059538276763776,0.1261746,0.12489523,CEP,62164.0,Unconstrained,Unconstrained,2
364921141,55.0,LS,5.902847680619606,0.4961115483054666,0.4892638630871242,4.715377132521098,0.0637121452018618,CEP,0.454,0.02,0.0424946302490091,0.0027434041,0.0015052027,CEP,117308.0,Unconstrained,Unconstrained,2
364921141,56.0,LS,5.808207496718579,0.4167523591169781,0.4113819671539198,4.165056170375465,0.0507076643407344,CEP,0.448,0.06,0.0948380008224551,0.16797288,0.16171685,CEP,117316.0,Unconstrained,Unconstrained,2
365284306,76.0,LS,4.10243162494646,0.2779152925292376,0.2778268563548197,4.582447007356677,0.0264430069364607,CEP,0.444,0.06,0.0555628796949906,0.025181782,0.012439567,CEP,115873.0,Unconstrained,Unconstrained,2
365284306,77.0,LS,1.2527419463500111,0.068436538448883,0.0678620371700744,3.9439658412266,0.0206617102958261,CEP,0.47,0.12,0.1177774239826971,0.9661869,0.3927519,CEP,115717.0,Unconstrained,Unconstrained,2
365536515,56.0,LS,5.162942737400601,0.3140125026825986,0.3131867596613606,4.426949307719042,0.0116166053339838,CEP,0.536,0.08,0.0950098605408933,0.16271955,0.10886992,CEP,79765.0,Unconstrained,Unconstrained,2
365536515,57.0,LS,5.135100353877292,0.3487077006675246,0.3452678053088993,4.24741167942193,0.0106551474891603,CEP,0.504,0.0,0.0560337612515883,0.05570571,0.045064483,CEP,79803.0,Unconstrained,Unconstrained,2
365536515,76.0,LS,5.014077883647501,0.3007459236140226,0.2991358764127341,4.8763647335727,0.0110236892942339,CEP,0.475,0.0,0.0582610538867947,0.029453004,0.009759748,CEP,79856.0,Unconstrained,Unconstrained,2
365536515,77.0,LS,5.196550762253889,0.1840140980074248,0.1834519254103047,3.345351316842425,0.009160729823634,CEP,0.441,0.02,0.0558200680759169,0.037279982,0.023968158,CEP,79911.0,Unconstrained,Unconstrained,2
365536515,84.0,LS,5.149471673401423,0.1996958660476886,0.1996957249754395,4.240206376383867,0.0105178728699684,CEP,0.462,0.06,0.0981886266326197,0.3514734,0.2159597,CEP,80002.0,Unconstrained,Unconstrained,2
366193221,58.0,LS,1.9961626793131944,0.0970439596827446,0.0967765439268648,4.573511277401849,0.0088257045717909,CEP,0.453,0.1,0.1046726325263676,1.0372357,0.42621756,CEP,24521.0,Unconstrained,Unconstrained,2
366426914,54.0,LS,2.570088723342164,0.1186598682924425,0.1142075150463588,3.326053194216001,0.0750063499435782,CEP,0.454,0.06,0.0942855577487878,0.7717267,0.37716156,CEP,106031.0,Unconstrained,Unconstrained,2
366858303,66.0,LS,2.4939886214092715,0.2045118503537269,0.1965331807008162,4.469623836565006,0.0383674190379679,CEP,0.476,0.02,0.0683749193783802,0.92280996,0.36861065,CEP,52031.0,Unconstrained,Unconstrained,2
368184354,59.0,LS,4.510601751770196,0.1264257057031675,0.1257982215766779,5.617476895306027,0.0907471030950546,CEP,0.466,0.06,0.0775360561287456,0.3914844,0.27100468,CEP,22558.0,Unconstrained,Unconstrained,2
368439571,58.0,LS,2.8280708228516565,0.1395656463665533,0.1393934060668748,4.671220520034694,0.0104577536694705,CEP,0.452,0.06,0.0819794706008766,0.5156155,0.27270535,CEP,20566.0,Unconstrained,Unconstrained,2
369435060,11.0,LS,4.166643373976522,0.1122118153380538,0.0955803163341552,4.06245742810961,0.0267781969159841,CEP,0.551,0.12,0.1728394214292561,1.0027542,0.20840162,CEP,91850.0,Unconstrained,Unconstrained,2
369435060,64.0,LS,3.129352740413332,0.1216720991135285,0.1177845185027142,3.95712186975652,0.0255929469130933,CEP,0.537,0.02,0.0605415031197607,0.9704907,0.40230015,CEP,92044.0,Unconstrained,Unconstrained,2
371898487,57.0,LS,3.125765406163548,0.2611328463308188,0.2570213697315244,4.244173063529161,0.0979207456111908,CEP,0.456,0.0,0.1325849161858165,0.27168706,0.104838036,CEP,72998.0,Unconstrained,Unconstrained,2
371898487,78.0,LS,2.644932315154324,0.2420558196812064,0.2363428549005114,5.4617429599347815,0.0705659762024879,CEP,0.676,0.02,0.124653818232736,0.86325806,0.21012391,CEP,73002.0,Unconstrained,Unconstrained,2
372502159,58.0,LS,0.6947295053786366,0.4123499732188039,0.4123380763456864,4.668383864624047,0.015249642310664,CEP,0.498,0.02,0.0473995780571937,0.15768705,0.14399977,CEP,57692.0,Unconstrained,Unconstrained,2
372502159,78.0,LS,0.6972927749959582,0.4592735658230142,0.4592642089815025,4.979344958606816,0.0161769497208297,CEP,0.508,0.1,0.0830820702678983,0.2857389,0.1761608,CEP,57703.0,Unconstrained,Unconstrained,2
372723969,18.0,LS,0.2209119772498892,0.0460069836063048,0.0460025973845913,4.800552264813177,0.0233404338359832,DST,0.372,0.08,0.1131780614783625,0.74208856,0.38438925,DST,14406.0,Unconstrained,Unconstrained,2
372723969,25.0,ACF,0.6041759626948533,0.3703397801538207,0.3876677484741399,11.079064099399076,0.0341565441340208,CEP,0.414,0.02,0.1138456217866984,0.81846553,0.3055993,CEP,14392.0,Unconstrained,Unconstrained,2
372723969,78.0,LS,0.4036898180437029,0.0855990211793219,0.0855783314422894,4.940182713782633,0.0262713292613625,CEP,0.365,0.06,0.0520080762958985,0.5555432,0.3693015,CEP,14524.0,Unconstrained,Unconstrained,2
372797960,52.0,LS,1.1416349462548332,0.4150942594298953,0.4150227759940182,4.527820818373584,0.009947441285476,CEP,0.505,0.06,0.1202690317579716,0.7388754,0.30610636,CEP,8372.0,Unconstrained,Unconstrained,2
372797960,58.0,LS,1.1358744812554176,0.4094869613496081,0.4093775465857039,4.466178426737315,0.0115203054156154,CEP,0.484,0.0,0.0483756136911977,0.19112864,0.16600715,CEP,8383.0,Unconstrained,Unconstrained,2
372858019,58.0,LS,1.689957445178069,0.1254069011639999,0.1253032599478004,4.796553509535443,0.0223475904203951,E,0.7186157939669893,0.12,0.2237186999004173,0.6786381,0.28250554,E,9304.0,Unconstrained,Unconstrained,2
373003716,62.0,ACF,1.3194589733097928,0.7864011329896344,1.511974100734106,277.3774446731361,0.0239955377764999,CEP,0.496,0.0,0.0494762326779232,0.008929999,0.0040970864,CEP,121021.0,Unconstrained,Unconstrained,2
373003716,62.0,LS,1.3082500925579077,0.8173752429304838,0.8172861440568857,4.330993467770895,0.0239955377764999,CEP,0.472,0.0,0.035149076801532,0.106307626,0.13505161,CEP,121019.0,Unconstrained,Unconstrained,2
373003716,63.0,ACF,1.3310046579817936,0.8399318688628433,1.6504141461310589,282.26112963114485,0.0275864452123641,CEP,0.575,0.0,0.0484456148686338,0.07130876,0.05144099,CEP,121026.0,Unconstrained,Unconstrained,2
373003716,63.0,LS,1.3263751827355452,0.852019721433452,0.8519882912065584,4.6238791362557095,0.0275864452123641,CEP,0.522,0.0,0.0508523195144528,0.05570593,0.049109038,CEP,121023.0,Unconstrained,Unconstrained,2
373047663,80.0,ACF,1.2222292666920112,0.2631227988998362,0.0078537148485984,2.073115194202842,0.0107900972943753,CEP,0.497,0.0,0.0478127012414065,0.7551519,0.35379,CEP,48880.0,Unconstrained,Unconstrained,2
373047663,80.0,LS,1.322234059817333,0.2431411189202588,0.243021527340574,4.971061991527677,0.0107900972943753,CEP,0.493,0.08,0.0909349217847576,0.83156866,0.4109336,CEP,48871.0,Unconstrained,Unconstrained,2
373426882,62.0,LS,1.0557297814339155,0.0951996375130336,0.0951806080168649,4.840158337399771,0.0310270371846854,CEP,0.442,0.08,0.0848244870305739,0.8660711,0.3808849,CEP,106899.0,Unconstrained,Unconstrained,2
373426882,63.0,LS,5.526593026128048,0.1047863998744077,0.1038628175210056,3.5965603114455007,0.030072801746428,CEP,0.452,0.04,0.0792939745504032,0.12679115,0.076940596,CEP,106913.0,Unconstrained,Unconstrained,2
374129906,58.0,LS,3.0794902978933933,0.1135988668054671,0.1133288687062263,5.077120539081079,0.0117207074072211,CEP,0.506,0.06,0.0842775319999346,0.42358974,0.25801313,CEP,6368.0,Unconstrained,Unconstrained,2
374211973,52.0,LS,3.4901265479056764,0.2022202805464689,0.2009210083431638,5.066872161725769,0.0164551532361656,CEP,0.526,0.12,0.1462436323400099,0.5781869,0.21718965,CEP,37383.0,Unconstrained,Unconstrained,2
374211973,58.0,LS,1.1086184352749289,0.213046419718742,0.2130325238596801,5.107170835912257,0.0236092088744044,CEP,0.413,0.1,0.098181350571277,0.44875884,0.26260233,CEP,37587.0,Unconstrained,Unconstrained,2
374613129,58.0,LS,5.1324590833742505,0.6071327899794566,0.605962869265159,4.537112989135494,0.0089309725444763,CEP,0.545,0.02,0.064288101542976,0.38801786,0.22942743,CEP,30778.0,Unconstrained,Unconstrained,2
374839008,58.0,LS,0.3142325444809397,0.4324234277364069,0.4324230593417613,3.691018980280205,0.0220603658817708,CEP,0.438,0.06,0.0394043855427286,0.040718615,0.024002112,CEP,10894.0,Unconstrained,Unconstrained,2
374971323,58.0,ACF,3.523155004291766,0.2247082335812088,0.3653307381180324,339.0937873769874,0.0085216539446264,CEP,0.447,0.02,0.0603324125159934,0.46147734,0.25954762,CEP,54460.0,Unconstrained,Unconstrained,2
374971323,58.0,LS,3.5532497660057807,0.1302149862317951,0.1298985819646962,4.704998507437267,0.0085216539446264,CEP,0.444,0.02,0.0859090588936929,0.33836585,0.19027582,CEP,54459.0,Unconstrained,Unconstrained,2
375029757,81.0,LS,1.0821209366336515,0.2193933080506146,0.2193647016540611,3.739780033334682,0.0129440810997039,CEP,0.463,0.04,0.0586152744598197,0.32527956,0.25208926,CEP,71097.0,Unconstrained,Unconstrained,2
375539091,81.0,ACF,1.2407299316255376,0.6104613459381908,1.157474509216441,242.80892817555448,0.025992093142122,CEP,0.471,0.12,0.095251616259253,0.58093536,0.39064956,CEP,111469.0,Unconstrained,Unconstrained,2
375539091,81.0,LS,1.2556689521616002,0.440517265703377,0.4405053669046865,5.47239200729382,0.025992093142122,CEP,0.516,0.0,0.0519836281919605,0.9347465,0.36124122,CEP,111466.0,Unconstrained,Unconstrained,2
376914212,63.0,LS,4.7793035728764846,0.122970831965238,0.1226229032846025,4.407802563702717,0.0104399351403117,CEP,0.443,0.02,0.0606197459578972,0.12917587,0.12190498,CEP,128615.0,Unconstrained,Unconstrained,2
377009478,63.0,LS,2.652811556530742,0.1603323089431994,0.1600649470488442,4.0848286984619335,0.0268939859233796,CEP,0.454,0.0,0.0644661151303535,0.2138485,0.18670222,CEP,119998.0,Unconstrained,Unconstrained,2
377791164,54.0,LS,4.096146832549296,0.1731705759621845,0.1716659530989542,4.966234127792632,0.0392977939918637,CEP,0.501,0.02,0.0664161546613472,0.5619098,0.23366003,CEP,96536.0,Unconstrained,Unconstrained,2
378061933,81.0,LS,3.5973279762640997,0.9588591860578148,0.9575490890945568,4.312739957360464,0.1375205535441637,CEP,0.526,0.0,0.0799375356137528,0.43408674,0.27560344,CEP,100078.0,Unconstrained,Unconstrained,2
378292908,57.0,LS,2.7129504076208173,0.1514063712047129,0.1488578777926165,4.006479572177341,0.0520806293934583,E,0.666,0.08,0.1866595690443818,0.83630526,0.250035,E,63895.0,Unconstrained,Unconstrained,2
378362500,57.0,ACF,1.68751722594061,0.3834925905213261,0.6686974962125978,258.51147293008,0.0122818897943943,CEP,0.535,0.0,0.0651111541903535,0.6863032,0.33387738,CEP,69814.0,Unconstrained,Unconstrained,2
378362500,57.0,LS,1.6527168820699571,0.2225781737071453,0.2225106208539199,4.132687971308769,0.0122818897943943,CEP,0.511,0.04,0.0694485824189378,0.72240955,0.3511929,CEP,69810.0,Unconstrained,Unconstrained,2
378362500,77.0,LS,2.033381102454393,0.1108815621404345,0.1106601468882362,5.943129276358377,0.0147501321043819,CEP,0.526,0.06,0.1027792119059102,0.91270804,0.38248655,CEP,69825.0,Unconstrained,Unconstrained,2
378362500,84.0,LS,1.763561716304624,0.1839987553868527,0.1836680605395095,5.660166650453903,0.0158754608128219,CEP,0.453,0.08,0.115122724081738,0.65799344,0.29988053,CEP,69782.0,Unconstrained,Unconstrained,2
378377329,78.0,LS,0.935394925147454,0.0928570022965101,0.0928337748660462,5.339609452672448,0.0081882294034585,CEP,0.46,0.02,0.0482039168533014,0.25199744,0.16116764,CEP,16949.0,Unconstrained,Unconstrained,2
378580356,78.0,LS,5.1134503085309,0.6480259342267148,0.6106426970224584,5.162636392466084,0.0131406402215361,CEP,0.493,0.1,0.1013905321023615,0.84286654,0.34794426,CEP,36049.0,Unconstrained,Unconstrained,2
378802697,10.0,LS,3.4375650021822453,0.2569080675712906,0.2568026494281455,4.6958129004569855,0.0227347481995821,CEP,0.452,0.0,0.037144582377515,0.008330792,0.0023680304,CEP,107331.0,Unconstrained,Unconstrained,2
378802697,11.0,LS,1.5410811467573178,0.0698623348792461,0.0514097653724161,2.965870250404805,0.0229371455498039,CEP,0.676,0.04,0.1201065460330951,0.25520045,0.06698452,CEP,107698.0,Unconstrained,Unconstrained,2
378802697,64.0,LS,3.450290928786405,0.1976838732806208,0.1952586171852793,3.7096144308088697,0.0301317195408046,CEP,0.456,0.08,0.0990742428686689,0.8917139,0.37787792,CEP,107712.0,Unconstrained,Unconstrained,2
379447171,11.0,LS,2.393593539680785,0.0532452352930616,0.0194322106057017,2.5856615275583863,0.001595990761416,CEP,0.421,0.12,0.1157041814283304,0.66993046,0.27111566,CEP,143265.0,Unconstrained,Unconstrained,2
380224483,64.0,LS,0.5039315448494252,0.1081319857816549,0.108131226190063,10.95309723734681,0.1367690507322549,CEP,0.42,0.06,0.0449405651944877,0.28210005,0.23717631,CEP,115537.0,Unconstrained,Unconstrained,2
382360566,66.0,LS,1.5300867213476002,0.2155255881725903,0.2155013235255838,4.867094842931692,0.0149415130726993,CEP,0.486,0.08,0.085370730347116,1.0635152,0.42683905,CEP,29117.0,Unconstrained,Unconstrained,2
382734649,65.0,LS,2.62683262144655,0.2494208384037093,0.2467764742045832,4.402547586701985,0.0234212516807019,CEP,0.407,0.08,0.103025713295274,0.5419508,0.30407175,CEP,95897.0,Unconstrained,Unconstrained,2
382959981,62.0,LS,0.6736673271288921,0.2239962727957408,0.2239577720105671,4.464302472206327,0.0028056467999704,CEP,0.478,0.0,0.0291945200337323,0.013522467,0.010661678,CEP,146681.0,Unconstrained,Unconstrained,2
382959981,63.0,LS,1.2753583734593563,0.1796902588163107,0.1796639256599762,4.357139608411671,0.0033048744080588,CEP,0.453,0.08,0.0870158054608471,0.36351883,0.25280538,CEP,146693.0,Unconstrained,Unconstrained,2
383228890,37.0,LS,0.2260201381462049,0.6121185774161462,0.6121183319548996,4.2919590956171305,0.068927020765841,CEP,0.423,0.02,0.0387381155969156,0.07156935,0.025522994,CEP,133399.0,Unconstrained,Unconstrained,2
383228890,38.0,LS,0.2257206248263307,0.6390303246924615,0.639029798603743,4.383978730138551,0.0730463396757841,CEP,0.422,0.04,0.0275512903509073,0.035053268,0.025230845,CEP,133491.0,Unconstrained,Unconstrained,2
383228890,64.0,LS,0.2257742224626427,0.6369518762813865,0.6369507730720133,4.520978426906368,0.0690924515947699,CEP,0.402,0.0,0.0129321305282617,0.0092297215,0.003118882,CEP,133424.0,Unconstrained,Unconstrained,2
383234040,64.0,LS,2.92525017592074,0.131724361904917,0.1315225262750275,6.725953765802842,0.0671656383201479,CEP,0.547,0.02,0.0979496115357278,0.8938212,0.39340538,CEP,130669.0,Unconstrained,Unconstrained,2
384290519,83.0,ACF,0.0833336381583649,0.0313287220769287,0.0220242811376241,2.012087627924153,0.0112095789518207,E,0.60475,0.12,0.1946747061715265,0.3507158,0.19395997,E,45603.0,Unconstrained,Unconstrained,2
384811562,58.0,LS,2.43120669001707,0.5143030847324305,0.5141806893440588,4.342975397710688,0.0148315913975238,CEP,0.463,0.0,0.0523731381530646,0.3346642,0.24020602,CEP,13669.0,Unconstrained,Unconstrained,2
384811562,59.0,LS,2.444395661659065,0.3984971008243548,0.3982573135454881,4.10248488752768,0.0190347654279321,CEP,0.455,0.0,0.0475961174887196,0.046467558,0.033941783,CEP,13680.0,Unconstrained,Unconstrained,2
384813580,59.0,LS,0.5253428539322352,0.2545755738303182,0.2545747990726919,4.033006858782755,0.0186807650607079,CEP,0.43,0.02,0.030954004587452,0.1401517,0.14755642,CEP,8289.0,Unconstrained,Unconstrained,2
384825108,66.0,LS,1.6019769412921163,0.128828817200309,0.128601855337148,3.923107932005223,0.0154099275823682,CEP,0.449,0.12,0.1231378024816099,0.92561215,0.36920217,CEP,26608.0,Unconstrained,Unconstrained,2
384852184,62.0,LS,3.2946945965805337,0.2387508714606443,0.2377524810372896,4.322547472329461,0.0096818036399781,CEP,0.463,0.08,0.0851986948256838,0.76519924,0.3520397,CEP,134697.0,Unconstrained,Unconstrained,2
385454053,63.0,LS,1.1842749539677906,0.1874794896694996,0.187349146617166,4.472303635924618,0.0116665451787412,CEP,0.509,0.04,0.0868081470830935,1.074309,0.40630642,CEP,147005.0,Unconstrained,Unconstrained,2
385612674,80.0,LS,4.406996041855261,0.4344638046221105,0.4173906408302054,4.426987436054333,0.0927606597542762,CEP,0.574,0.02,0.1356061591521565,0.727389,0.20981093,CEP,18159.0,Unconstrained,Unconstrained,2
385912997,61.0,ACF,1.9513514761954407,0.8207345788627667,1.4062296610236824,402.093195665679,0.0629541743546724,CEP,0.539,0.02,0.1167883829839252,1.1598845,0.3765728,CEP,46472.0,Unconstrained,Unconstrained,2
385912997,61.0,LS,1.9503808227504515,0.7585593863964286,0.758371793274673,4.888303504361829,0.0629541743546724,CEP,0.528,0.02,0.0938149327132946,1.249579,0.37864393,CEP,46470.0,Unconstrained,Unconstrained,2
386047543,43.0,ACF,3.819819727254981,0.3125372407027694,0.0293663608515792,4.0090902243345,0.0044793743290938,CEP,0.419,0.06,0.0849529187256094,0.13290867,0.050798405,CEP,84643.0,Unconstrained,Unconstrained,2
386047543,43.0,LS,1.274247157656598,0.1173108431835099,0.1172182636077519,4.1027137179171405,0.0044793743290938,CEP,0.47,0.02,0.0448845808713861,0.0073778066,0.00412417,CEP,84634.0,Unconstrained,Unconstrained,2
386047543,71.0,LS,3.894808119342,0.3086778218453451,0.3075682190680722,4.039621522952075,0.0084931449964642,CEP,0.528,0.0,0.0462729986060985,0.23187391,0.1584395,CEP,84677.0,Unconstrained,Unconstrained,2
387582319,55.0,LS,1.3576625911756528,0.3758142463934742,0.3757742098108943,4.495687585840642,0.0956917181611061,CEP,0.567,0.0,0.0524339584620501,0.04677026,0.017934466,CEP,107032.0,Unconstrained,Unconstrained,2
387582319,56.0,LS,1.340247219444717,0.2069258448409531,0.206916036000832,4.476792989651585,0.1119247172027826,CEP,0.496,0.12,0.1197537540121394,0.68136364,0.27679402,CEP,107043.0,Unconstrained,Unconstrained,2
387582319,82.0,LS,1.3463481103406612,0.3384195924994591,0.3384055495561353,4.096424077721167,0.1035639829933643,CEP,0.592,0.0,0.0500786741038538,0.578075,0.27718326,CEP,107064.0,Unconstrained,Unconstrained,2
387582319,83.0,LS,1.3405905794369604,0.3089820497711935,0.3089657195053914,4.381039753923687,0.0966204423457384,CEP,0.499,0.0,0.0630288822683696,0.4828768,0.3073268,CEP,107070.0,Unconstrained,Unconstrained,2
387749093,56.0,ACF,0.9050949051270436,0.1646243775829351,0.013108980400821,2.35593376043164,0.0073619344038888,CEP,0.444,0.1,0.0878480506328968,0.7225131,0.33019397,CEP,87915.0,Unconstrained,Unconstrained,2
387749093,56.0,LS,0.8993452724879301,0.1227750935490287,0.1227750189207355,5.9515104140518815,0.0073619344038888,CEP,0.471,0.08,0.0752172852474748,0.7194525,0.35809684,CEP,87900.0,Unconstrained,Unconstrained,2
388020418,76.0,LS,1.9340177669366116,0.164842262870363,0.164235757140435,4.867335613645992,0.0155672535765916,CEP,0.489,0.02,0.0657578101825174,0.4219175,0.28638276,CEP,95071.0,Unconstrained,Unconstrained,2
388020418,83.0,LS,0.7890869122159048,0.2198794320331016,0.2198548917079633,4.784694212736213,0.0158731651026755,CEP,0.461,0.1,0.0733286410620025,0.34565324,0.23167944,CEP,95078.0,Unconstrained,Unconstrained,2
388112818,65.0,LS,3.461811490657852,0.8169282940863422,0.8155356665374142,4.437167763087928,0.0656187767162919,CEP,0.595,0.0,0.0622318246558784,1.1155996,0.3732461,CEP,108938.0,Unconstrained,Unconstrained,2
388292956,84.0,LS,2.4757349338142376,0.1409461798572417,0.1345719849206648,4.183068433118024,0.0233590556308627,CEP,0.461,0.02,0.0644936089856971,0.10908398,0.13710594,CEP,68408.0,Unconstrained,Unconstrained,2
388467475,57.0,LS,1.1233126061947911,0.2424816578249567,0.2424103370164169,4.143272743334819,0.0149702362250536,CEP,0.511,0.0,0.0502305245841609,0.17776597,0.10583724,CEP,77919.0,Unconstrained,Unconstrained,2
388467475,77.0,LS,1.1224449993369672,0.2642547633949531,0.2642226609401472,3.701272692840576,0.0154595647472888,CEP,0.488,0.0,0.0712667215465956,0.1245971,0.072621316,CEP,77642.0,Unconstrained,Unconstrained,2
388467475,84.0,LS,1.1292796959790865,0.1275098195334793,0.1274869546808864,4.677750346563698,0.016313255764544,CEP,0.439,0.08,0.0856673006461625,0.52888477,0.3260579,CEP,77928.0,Unconstrained,Unconstrained,2
388892880,57.0,LS,3.195198887282713,0.6836783338154216,0.6825863592256961,4.207756619289285,0.0223985617049038,CEP,0.45,0.0,0.0228825173440336,0.0007286612,0.00035258368,CEP,95943.0,Unconstrained,Unconstrained,2
388892880,77.0,LS,3.188765381261141,0.6214337228995884,0.619892643247186,3.9172740445610543,0.0208314834162592,CEP,0.4669999999999999,0.0,0.041009969519618,0.014730645,0.009327483,CEP,95951.0,Unconstrained,Unconstrained,2
388892880,84.0,LS,3.3009700010771703,0.518341736452664,0.5181378278933547,4.602704552595242,0.0232224911451339,CEP,0.448,0.0,0.0199346532450404,0.00055820786,0.00015637404,CEP,95958.0,Unconstrained,Unconstrained,2
389334721,57.0,ACF,0.7824050846120372,0.1966098278364618,0.2979564248445442,151.29685142230727,0.0149852992035448,CEP,0.45,0.04,0.0714513428845112,0.3020739,0.20030916,CEP,69086.0,Unconstrained,Unconstrained,2
389334721,57.0,LS,0.7772137152109938,0.1532794872673173,0.1531956346058248,3.619626909356157,0.0149852992035448,CEP,0.46,0.0,0.0370493508715065,0.10595466,0.12640055,CEP,69075.0,Unconstrained,Unconstrained,2
389771132,58.0,ACF,1.2337927408011635,0.5087801842938872,1.0469600601283773,257.2180719746692,0.023869308643043,CEP,0.478,0.0,0.0471939148619819,0.07892207,0.06273099,CEP,21449.0,Unconstrained,Unconstrained,2
389771132,58.0,LS,1.2372866092088934,0.3850945389847079,0.3850582669033437,5.324799012847507,0.023869308643043,CEP,0.555,0.0,0.054654463678642,0.071008965,0.02615322,CEP,21444.0,Unconstrained,Unconstrained,2
390124321,58.0,LS,2.3096036421913677,0.2626431238231304,0.2596824310703279,4.670432565326337,0.015267509734258,CEP,0.431,0.0,0.0674411031938238,0.47623712,0.28029305,CEP,11548.0,Unconstrained,Unconstrained,2
390519103,59.0,ACF,1.476817010261584,0.2473497373298434,0.4886486219153025,309.91341911501945,0.013099976349622,CEP,0.486,0.04,0.0977413812057104,1.1730772,0.41432095,CEP,7557.0,Unconstrained,Unconstrained,2
390519670,58.0,LS,1.3324829532627498,0.0863101760301575,0.0862709598646245,4.705769282252732,0.0066307227825745,CEP,0.472,0.0,0.0668689943097696,0.36241448,0.21052606,CEP,2983.0,Unconstrained,Unconstrained,2
390544895,64.0,LS,3.1292918395245595,0.2466933537575115,0.2455749031942479,5.2548486418018,0.0260072574019432,CEP,0.413,0.1,0.077790374725926,0.4977001,0.30978212,CEP,125889.0,Unconstrained,Unconstrained,2
390572512,58.0,LS,3.9593828753971674,0.1420404186296613,0.1418828593627503,4.67322814234285,0.0192377262283116,CEP,0.45,0.02,0.0809977382400274,0.036459498,0.019069443,CEP,6989.0,Unconstrained,Unconstrained,2
390672977,63.0,LS,5.305648188735538,0.1614383196238854,0.1586675764270395,4.038234087951423,0.0159878272097557,CEP,0.486,0.1,0.1055149354357003,0.44747296,0.24649908,CEP,117124.0,Unconstrained,Unconstrained,2
390672977,64.0,LS,4.077559638338755,0.1794802619337202,0.1778344369045196,4.362515101238387,0.0202682241797447,CEP,0.44,0.02,0.0658988436924351,0.30148464,0.18178286,CEP,117133.0,Unconstrained,Unconstrained,2
390889455,59.0,ACF,0.5925793275237083,0.1519088966760695,0.0047802400100842,1.994072831753272,0.0116354296915233,CEP,0.446,0.08,0.0563660749032607,0.13944551,0.099831626,CEP,267.0,Unconstrained,Unconstrained,2
391050404,63.0,LS,2.9475821900674024,0.0785919810289672,0.07848745054004,5.53148730619796,0.0094089156482368,CEP,0.429,0.12,0.1125161250665876,0.84401286,0.36897326,CEP,124502.0,Unconstrained,Unconstrained,2
391079403,41.0,LS,1.460220387255075,0.2692192829819467,0.2690906831966989,4.640468549012439,0.0230981991626322,CEP,0.491,0.02,0.0910481982248962,0.36470205,0.18011343,CEP,77585.0,Unconstrained,Unconstrained,2
391079403,54.0,LS,1.5066331595097386,0.1563335062905137,0.1560626541152656,5.133819768905596,0.0175099447369575,CEP,0.466,0.02,0.0632519280338552,0.15151393,0.08891541,CEP,77613.0,Unconstrained,Unconstrained,2
391522904,64.0,LS,2.4463269467978948,0.2635666556275109,0.2601707365341406,3.777362817694666,0.0635825144127011,CEP,0.463,0.12,0.0998558961704315,0.7126236,0.40031627,CEP,96417.0,Unconstrained,Unconstrained,2
391527390,63.0,ACF,1.9259618539945225,0.1357304010363949,0.0196916699260831,3.525965370913696,0.0064890790963545,CEP,0.463,0.12,0.1371694659900664,1.0839181,0.41641292,CEP,120667.0,Unconstrained,Unconstrained,2
391637366,64.0,LS,0.6317344242281673,0.1004346257527075,0.1003220221658173,4.296107466576359,0.0129576388280838,CEP,0.424,0.06,0.0834596333564915,0.48238465,0.30451012,CEP,124223.0,Unconstrained,Unconstrained,2
391715127,62.0,LS,1.1632638427298605,0.072921140063675,0.0711189417581258,5.314148062941968,0.0363373104482889,CEP,0.476,0.06,0.0893471073958189,0.43195045,0.256408,CEP,116788.0,Unconstrained,Unconstrained,2
394410264,65.0,LS,2.2823783656730363,0.2563835882249308,0.2563655904699077,6.048165697673539,0.0096534530166536,CEP,0.456,0.0,0.0258395046392147,0.018141247,0.011879253,CEP,76901.0,Unconstrained,Unconstrained,2
395232198,16.0,LS,2.7182787984092527,0.624632122335487,0.6245923828072476,4.316431704119623,0.048947874456644,CEP,0.489,0.0,0.070761616714148,0.15683663,0.09332876,CEP,77265.0,Unconstrained,Unconstrained,2
395232198,17.0,LS,2.6869884256428698,0.6503270238577986,0.6500570541316831,4.416629734603248,0.045692385174334,CEP,0.506,0.0,0.0704931315803178,0.108824864,0.0537139,CEP,77260.0,Unconstrained,Unconstrained,2
395232198,56.0,LS,2.733111699464565,0.6439201365254188,0.6438028343062616,4.465334299173264,0.0557357817888259,CEP,0.436,0.02,0.0528570752123119,0.11493632,0.05915974,CEP,77271.0,Unconstrained,Unconstrained,2
395232198,57.0,LS,2.7128928297448267,0.6096847790641018,0.6095912790318713,4.58243826245598,0.0542299170047044,CEP,0.462,0.0,0.0157195928700459,0.00019272137,8.098882e-05,CEP,77276.0,Unconstrained,Unconstrained,2
395232198,76.0,LS,2.7075853491728137,0.6437129933377242,0.6436586125518164,4.534316294062592,0.0511342333629727,CEP,0.458,0.0,0.0170272252583913,0.010486456,0.0050815167,CEP,77283.0,Unconstrained,Unconstrained,2
395232198,77.0,LS,2.6981983813317374,0.6216448128960658,0.6215173366148337,3.738886270963121,0.0481545133516192,CEP,0.516,0.0,0.0884768896379161,0.69229114,0.35961783,CEP,77289.0,Unconstrained,Unconstrained,2
395232198,83.0,LS,2.7103827986799987,0.6632140842354147,0.6628340641822873,4.327817688146752,0.0533371465280652,CEP,0.458,0.0,0.0184180780756299,0.0001504856,4.3690823e-05,CEP,77296.0,Unconstrained,Unconstrained,2
395232198,84.0,LS,1.81320084624044,0.2080626152217847,0.2064360341683898,4.710939306925866,0.0552604626864194,CEP,0.467,0.1,0.1409480812214199,1.1669075,0.38530317,CEP,77301.0,Unconstrained,Unconstrained,2
395277869,77.0,LS,1.1992114750072935,0.4887636307787213,0.4887029944921486,3.534275251389772,0.1485282741487026,CEP,0.48,0.02,0.0804933686709656,0.6527375,0.36226776,CEP,108860.0,Unconstrained,Unconstrained,2
395724866,57.0,LS,3.99394242040753,0.2507426069195057,0.2503091625464829,3.696983046429523,0.0369089376181364,CEP,0.552,0.06,0.2291623005644689,1.02729,0.37928072,CEP,67848.0,Unconstrained,Unconstrained,2
395917995,56.0,LS,5.162915348583416,0.2002887958119873,0.1946465750434072,3.817741685994406,0.0152185012120753,CEP,0.476,0.08,0.105917771879888,0.6540723,0.32919863,CEP,76305.0,Unconstrained,Unconstrained,2
395917995,76.0,LS,4.230649046522005,0.1885131343795309,0.1837972866154302,3.8054365846510336,0.0144550157710909,CEP,0.437,0.04,0.0599919994665955,0.3412745,0.27884543,CEP,76325.0,Unconstrained,Unconstrained,2
395917995,77.0,LS,2.227109159072703,0.1103566589989479,0.1098995549506297,3.5788359146827133,0.0134376483038067,CEP,0.446,0.08,0.0789771004785564,0.6562828,0.37308675,CEP,76337.0,Unconstrained,Unconstrained,2
395917995,84.0,LS,4.152769078413729,0.2965109355455295,0.2816855019312546,4.374564859106613,0.0179590482730418,CEP,0.444,0.02,0.07000457127931,0.085742444,0.095284775,CEP,76359.0,Unconstrained,Unconstrained,2
396124448,84.0,LS,1.0639312047642902,0.2154104810864635,0.2153509264496906,4.07008882534501,0.1580254361033439,CEP,0.539,0.04,0.088320153985373,1.0890636,0.40143728,CEP,117112.0,Unconstrained,Unconstrained,2
396711833,81.0,ACF,1.1226930202951737,0.1417862711917681,0.0155510548769801,1.0772041497874625,0.0060296710580587,CEP,0.493,0.06,0.0711071416947693,1.0868189,0.40098575,CEP,86563.0,Unconstrained,Unconstrained,2
398730077,64.0,LS,1.9501619577728373,0.1537926484737845,0.1517840766580225,5.369126819372468,0.0133448338601738,CEP,0.482,0.06,0.1018384681738683,0.79918355,0.38289896,CEP,130937.0,Unconstrained,Unconstrained,2
398730077,65.0,LS,1.933489047630923,0.1591631905335577,0.1584331067847042,5.60807639507766,0.0115989346522837,CEP,0.502,0.04,0.0723594250944547,0.94336635,0.43029758,CEP,130943.0,Unconstrained,Unconstrained,2
399203177,58.0,LS,1.026492269547698,0.4366527874516861,0.4366442952206238,4.542001818546851,0.0131648080423474,CEP,0.495,0.0,0.0558230919960548,0.9887384,0.4030367,CEP,10749.0,Unconstrained,Unconstrained,2
399354471,58.0,LS,0.2102829985997737,0.2030520464672144,0.203051197394079,4.335798986357986,0.0136320723686367,DST,0.724,0.0,0.0531175903067901,0.0884686,0.08981694,DST,12480.0,Unconstrained,Unconstrained,2
399354784,58.0,ACF,4.731481170958432,0.5051750115479862,0.9248859959174204,579.3745433872341,0.0424882210791111,CEP,0.385,0.08,0.0692002427741406,0.19823574,0.1790172,CEP,12114.0,Unconstrained,Unconstrained,2
399354849,58.0,LS,11.548040559012142,0.4173086250836061,0.1940430999746904,2.45782737839545,0.0319936289452016,CEP,0.514,0.08,0.0596898785389952,0.6532746,0.3710115,CEP,10735.0,Unconstrained,Unconstrained,2
400342180,65.0,LS,1.221275502747384,0.1237570639016042,0.1236858713461754,4.615767962732207,0.0078915810445323,CEP,0.47,0.12,0.1049895690056874,0.8582398,0.41414896,CEP,57484.0,Unconstrained,Unconstrained,2
400602950,62.0,LS,2.784228943447641,0.0921751380282357,0.0911672064054348,5.6141888381425815,0.0742100551724433,CEP,0.608,0.08,0.1292012445760488,0.5042008,0.15924771,CEP,36683.0,Unconstrained,Unconstrained,2
400741993,58.0,ACF,2.21296860496659,0.8145150905119027,1.6100060107465417,477.37542457300526,0.035056946799159,CEP,0.58,0.0,0.0729009080876226,0.7328826,0.34518296,CEP,18301.0,Unconstrained,Unconstrained,2
400741993,58.0,LS,2.2351104533715307,0.923791370823729,0.9237730445203464,4.447372594804619,0.035056946799159,CEP,0.57,0.0,0.0711549970135618,0.66559017,0.29881066,CEP,18298.0,Unconstrained,Unconstrained,2
401213944,76.0,LS,1.829462896932756,0.1960641188255651,0.1958652305523687,4.7749114969374205,0.0163609394803643,CEP,0.431,0.12,0.1089011368168395,0.66832024,0.35207492,CEP,107912.0,Unconstrained,Unconstrained,2
401213944,77.0,LS,3.262949040083109,0.2606536202165009,0.2603065162600333,4.434890993539739,0.0163288100156933,CEP,0.42,0.1,0.080155848195874,0.13165471,0.13435955,CEP,107924.0,Unconstrained,Unconstrained,2
401213944,84.0,LS,3.30094546460784,0.3473391959489765,0.3426361135089648,4.72798569348015,0.0183998211286962,CEP,0.451,0.04,0.0636468380989975,0.19677255,0.1955646,CEP,107939.0,Unconstrained,Unconstrained,2
401300107,62.0,ACF,1.43519911203839,0.727177453077557,1.2719878987838122,284.7429393041474,0.0202915980480611,CEP,0.47,0.0,0.0540820709662638,0.044306345,0.03169132,CEP,107764.0,Unconstrained,Unconstrained,2
401300107,62.0,LS,1.4887984053772887,0.3429278427880023,0.3428246599864669,8.37964888836359,0.0202915980480611,CEP,0.471,0.02,0.0709306816546972,0.3393883,0.26447952,CEP,107761.0,Unconstrained,Unconstrained,2
401300107,63.0,ACF,1.437485608971656,0.7472393847329968,1.4103518435177411,295.1889218174063,0.016507803229615,CEP,0.471,0.02,0.047928346518527,0.10901022,0.12439837,CEP,107769.0,Unconstrained,Unconstrained,2
401300107,63.0,LS,1.411037799373487,0.6463397553748118,0.6462879043600581,4.459337754648004,0.016507803229615,CEP,0.47,0.0,0.0430955960627069,0.08487995,0.10006684,CEP,107765.0,Unconstrained,Unconstrained,2
401847995,62.0,LS,1.7646518052404463,0.1171117013343769,0.1130283119484475,3.7789831587142544,0.0445312215015292,CEP,0.485,0.02,0.0674062192976286,0.7124907,0.36111447,CEP,116253.0,Unconstrained,Unconstrained,2
401853138,62.0,LS,1.2454956647620288,0.3137021308565091,0.3135261419694161,5.276623658010067,0.0230599357746541,CEP,0.507,0.06,0.0975537677386168,1.0732898,0.42583087,CEP,69112.0,Unconstrained,Unconstrained,2
401853138,63.0,LS,1.2632098123154456,0.4503284588983696,0.4502690081183678,4.595169389875082,0.0222111516632139,CEP,0.554,0.0,0.0452128123434054,0.46487904,0.2127828,CEP,69055.0,Unconstrained,Unconstrained,2
401881979,64.0,LS,2.691225429773794,0.6356929605029218,0.6355164998132397,4.8009278113313485,0.0195481977425515,CEP,0.464,0.0,0.0586839807784032,0.24687299,0.19592555,CEP,127356.0,Unconstrained,Unconstrained,2
403154632,65.0,LS,2.62688952747434,0.1788375621999402,0.1777369957187141,5.370187038639415,0.0394279835745692,CEP,0.448,0.1,0.0845582970500234,0.7361767,0.40317214,CEP,91277.0,Unconstrained,Unconstrained,2
403257285,58.0,LS,0.7217402459974311,0.2583272937206727,0.258322321255663,4.795803250781319,0.0259862793609499,CEP,0.474,0.02,0.056767892333607,0.23072523,0.22071764,CEP,37675.0,Unconstrained,Unconstrained,2
403257285,78.0,LS,2.2559560389759223,0.2126465490956526,0.2074472219981818,5.236928785023338,0.0183892587665468,CEP,0.474,0.06,0.0683043190435275,0.7438525,0.3476001,CEP,37696.0,Unconstrained,Unconstrained,2
403257285,84.0,LS,2.0115685071084486,0.1374303190639817,0.1372313609216698,4.176717789992836,0.0275060650892555,CEP,0.47,0.06,0.1005418599390323,0.6174983,0.3681756,CEP,37535.0,Unconstrained,Unconstrained,2
403338682,58.0,LS,5.210026095800144,0.7150655550499566,0.714430123348131,4.92288241119968,0.052008950151503,CEP,0.437,0.12,0.0993627374824184,0.7475793,0.38284436,CEP,37715.0,Unconstrained,Unconstrained,2
403338682,77.0,LS,5.612111248112071,0.5237643858339461,0.5178038281714081,3.406054665148986,0.057283523492515,CEP,0.438,0.08,0.0729731567084774,0.06329993,0.06831813,CEP,37516.0,Unconstrained,Unconstrained,2
403437143,58.0,LS,1.0264911113877129,0.1025962798289977,0.1025878671632878,5.261401220217522,0.1006318442523479,CEP,0.474,0.12,0.1227780371239091,0.8481748,0.32843325,CEP,10771.0,Unconstrained,Unconstrained,2
405029193,,,,,,,,,,,,,,,,Unconstrained,Unconstrained,2
405036456,61.0,LS,2.0958657780960865,0.0757388648120389,0.0726796856712455,4.333924978225696,0.016065367963165,CEP,0.462,0.0,0.0523886399899825,0.07060439,0.026003305,CEP,35833.0,Unconstrained,Unconstrained,2
405216722,34.0,LS,1.2626115760509042,0.2890965385170375,0.28880782924263,4.261407804733608,0.0672628451138734,CEP,0.418,0.08,0.0921958003381932,0.45607752,0.16055095,CEP,47639.0,Unconstrained,Unconstrained,2
405216722,61.0,LS,1.2661335366759858,0.5824584248840426,0.5824452725612506,4.395053060274222,0.0277927331626415,CEP,0.525,0.02,0.0804760237586326,0.88263935,0.37905967,CEP,47662.0,Unconstrained,Unconstrained,2
407517307,73.0,LS,7.457424964214346,0.6629219979726224,0.6243893872929388,4.113382728341094,0.0718383630737662,CEP,0.613,0.04,0.1680441322986316,0.4869994,0.20041417,CEP,37747.0,Unconstrained,Unconstrained,2
407858712,81.0,LS,1.7746890153688892,0.7670466518329052,0.7670237574886117,4.123700705724332,0.0844001583755016,CEP,0.496,0.06,0.1441576914354554,0.43165752,0.18471277,CEP,61084.0,Unconstrained,Unconstrained,2
408330564,82.0,LS,0.7514320320328972,0.1777099950431166,0.1775797167322404,4.6828134207753465,0.0081672903615981,CEP,0.475,0.1,0.0831848543906882,0.47447902,0.29441306,CEP,146981.0,Unconstrained,Unconstrained,2
409272428,47.0,LS,3.0919223689814985,0.2592333881103028,0.2537888497724312,3.724801007667338,0.0151665555313229,CEP,0.524,0.0,0.049891097402242,0.3281361,0.14154232,CEP,60091.0,Unconstrained,Unconstrained,2
412032557,65.0,LS,4.327264595061565,0.6298682960981807,0.6294288503724755,4.578633168330271,0.4300865530967712,CEP,0.738,0.0,0.1351512101314672,1.1012543,0.39578035,CEP,49839.0,Unconstrained,Unconstrained,2
412149840,66.0,LS,2.399883701922208,0.1405321417138509,0.125708082487735,3.8178862539862166,0.105353444814682,CEP,0.535,0.12,0.1319402834618752,0.6532153,0.31288025,CEP,87315.0,Unconstrained,Unconstrained,2
412407091,66.0,LS,0.9352393153880986,0.1307245219092301,0.1273846344613849,4.309743815607362,0.0208948389627039,CEP,0.472,0.08,0.0617276080858476,0.650166,0.3241528,CEP,54724.0,Unconstrained,Unconstrained,2
412519841,61.0,LS,2.1603865101902957,0.4049841543413661,0.4037569193963149,4.412443443321536,0.0216286885552108,CEP,0.538,0.0,0.0523580901103162,0.3615231,0.17956626,CEP,29218.0,Unconstrained,Unconstrained,2
412551960,64.0,ACF,1.259280090336688,0.1508579619252126,0.011411198696352,1.6239017438105066,0.0078337575541809,CEP,0.478,0.08,0.1128251674051494,0.89086497,0.39247784,CEP,108405.0,Unconstrained,Unconstrained,2
412551960,64.0,LS,1.2694538033828755,0.1549664056756775,0.1549616002741526,4.644118022948533,0.0078337575541809,CEP,0.509,0.04,0.0883746570007488,0.8392783,0.38262182,CEP,108383.0,Unconstrained,Unconstrained,2
412674591,61.0,ACF,1.002295800019965,0.3553498115886953,0.5458402584962482,108.97469965339292,0.014609033241868,CEP,0.448,0.0,0.0530005433934408,0.018815007,0.009886512,CEP,28851.0,Unconstrained,Unconstrained,2
412674591,61.0,LS,1.006250414814512,0.2766546825728952,0.2766511842079246,4.458789831318427,0.014609033241868,CEP,0.401,0.08,0.1153181685598587,0.25742984,0.19573945,CEP,28847.0,Unconstrained,Unconstrained,2
412747997,61.0,LS,1.992792556864806,0.1280958008893725,0.1280201459436388,4.958897127635282,0.0180428137537091,CEP,0.445,0.08,0.0829273995733617,0.48762378,0.30533126,CEP,64367.0,Unconstrained,Unconstrained,2
412887154,84.0,ACF,0.0208332523420722,0.0707181117180236,0.0029173946757329,1.7340493511525876,0.0057002442190423,E,0.514,0.1,0.0806649661708659,0.34049785,0.101379,E,79738.0,Unconstrained,Unconstrained,2
413135045,80.0,LS,4.2652041416771125,0.3924435802675591,0.3917161196834229,4.149909312913223,0.0263324752449989,CEP,0.434,0.08,0.0850244294306054,0.8058591,0.39432457,CEP,103534.0,Unconstrained,Unconstrained,2
413391257,80.0,LS,2.8743778893323,0.2110672369863842,0.210668262784785,5.640744725293189,0.0097027135780081,CEP,0.483,0.0,0.0485159767499326,0.6338962,0.35751787,CEP,25510.0,Unconstrained,Unconstrained,2
414869938,57.0,ACF,1.2823986989233165,0.728058570983972,1.447196581691409,265.67074048876015,0.0774663593620061,CEP,0.562,0.0,0.0553649130767853,1.1155624,0.390537,CEP,76367.0,Unconstrained,Unconstrained,2
414869938,57.0,LS,1.295351578720341,0.7711792359912168,0.7710970414847387,4.096373054162541,0.0774663593620061,CEP,0.557,0.04,0.1113921002585012,1.3461324,0.3877592,CEP,76363.0,Unconstrained,Unconstrained,2
414869938,77.0,LS,1.3621907293074922,0.6456940874963376,0.6456251977740721,3.726360262833623,0.0374892656691372,CEP,0.54,0.0,0.0539306369330086,1.1209143,0.39825597,CEP,76370.0,Unconstrained,Unconstrained,2
414869938,84.0,ACF,1.2893429485393426,0.642687195068058,1.2415905859738523,259.01280749077085,0.050901211798191,CEP,0.599,0.0,0.0466969977621688,0.63416684,0.32455963,CEP,76386.0,Unconstrained,Unconstrained,2
414869938,84.0,LS,1.300382728066215,0.7405873572233888,0.7405780946366565,4.22687355238304,0.050901211798191,CEP,0.588,0.0,0.0614311451952509,0.9126204,0.36649323,CEP,76383.0,Unconstrained,Unconstrained,2
415100104,64.0,LS,1.3872360059268969,0.1159045466366106,0.1158874466388924,4.965382089980267,0.0512116495519876,CEP,0.476,0.0,0.063482860679084,0.05840715,0.026447218,CEP,125119.0,Unconstrained,Unconstrained,2
415742138,84.0,LS,3.678233642253741,0.121919185953296,0.1211987552499297,3.905570933118725,0.0161735073197633,CEP,0.402,0.12,0.105979298753819,0.6295328,0.34133095,CEP,71223.0,Unconstrained,Unconstrained,2
417304033,17.0,LS,4.995503947686953,0.3733932716893616,0.3490262780378111,3.987458645161496,0.0172583817038685,CEP,0.694,0.02,0.1172065254156098,0.9408256,0.18142074,CEP,36357.0,Unconstrained,Unconstrained,2
417304033,18.0,LS,3.573157632652124,0.0621957645022076,0.0393060258487951,4.510178340055518,0.0326363765634596,E,0.657,0.06,0.1567127767605436,0.7763308,0.16772099,E,36350.0,Unconstrained,Unconstrained,2
417304033,78.0,LS,3.334898499285236,0.1804405300651081,0.1719280355577973,4.619636596467899,0.0103430182207375,E,0.7758337613087545,0.12,0.1884085878629324,0.2506616,0.11129765,E,36390.0,Unconstrained,Unconstrained,2
419485210,65.0,ACF,2.412092688406119,0.5737737925122,1.091366755328718,142.10479890004467,0.0232327519915997,CEP,0.454,0.0,0.0318973603923584,0.09822665,0.13355006,CEP,69392.0,Unconstrained,Unconstrained,2
419485210,65.0,LS,2.442580512796221,0.3225807376664308,0.3225428601778169,4.527497399769345,0.0232327519915997,CEP,0.455,0.02,0.0567763471878915,0.084964916,0.06625213,CEP,69386.0,Unconstrained,Unconstrained,2
420444005,58.0,LS,4.308761886340949,0.2346880077875014,0.2342851701825746,4.813275141390477,0.011390954023227,CEP,0.452,0.02,0.0601744663457849,0.19813035,0.1941143,CEP,61508.0,Unconstrained,Unconstrained,2
420444005,78.0,LS,1.345651336393826,0.161897621180808,0.1615464468836243,5.0261060941411415,0.010650404728949,CEP,0.47,0.0,0.0532753751746526,0.2576653,0.19614562,CEP,61518.0,Unconstrained,Unconstrained,2
420452540,78.0,LS,1.420405462064815,0.2233612844450735,0.2217436947371653,6.106516166284564,0.0104855699464678,CEP,0.503,0.0,0.0542843476519705,0.31070215,0.20097256,CEP,18742.0,Unconstrained,Unconstrained,2
420552407,78.0,LS,2.191474955548398,0.317855245151957,0.3166757605880932,5.02834837210321,0.0312197208404541,CEP,0.45,0.06,0.0948976374837645,0.24698335,0.18610081,CEP,47456.0,Unconstrained,Unconstrained,2
421562562,65.0,ACF,6.423763193038212,0.241049717415802,0.3932810485677729,414.6119872972954,0.0240233889780938,CEP,0.429,0.06,0.0868048293587401,0.13748974,0.07840251,CEP,71757.0,Unconstrained,Unconstrained,2
421782795,16.0,LS,6.7157481363464,0.5996523132257217,0.5544258583776364,3.85708637174821,0.1416235230863094,CEP,0.506,0.02,0.0891867703193696,0.2709296,0.11450073,CEP,75924.0,Unconstrained,Unconstrained,2
421782795,17.0,LS,1.714952389428604,0.3348479222038057,0.3346429841767281,4.176320794911135,0.1736846193671226,CEP,0.565,0.04,0.0821735139810875,0.20432797,0.07740368,CEP,76048.0,Unconstrained,Unconstrained,2
421782795,56.0,LS,1.7208480432430662,0.4840128297955429,0.48385188044989,4.619465879372001,0.1241850666701793,CEP,0.583,0.0,0.0990815502502862,1.1564522,0.37917086,CEP,76181.0,Unconstrained,Unconstrained,2
421782795,77.0,LS,1.7538283117723086,0.3488416854233132,0.3482423651619736,4.335119446372119,0.0968496594578027,CEP,0.388,0.1,0.1354116686257133,0.30852702,0.17556143,CEP,76195.0,Unconstrained,Unconstrained,2
421786477,57.0,LS,6.535615459320171,0.6535424822777652,0.6479936034705478,4.006852958224044,0.0482041575014591,CEP,0.433,0.08,0.1162264272874289,0.8345983,0.35341758,CEP,85971.0,Unconstrained,Unconstrained,2
421786477,76.0,LS,6.153074223080712,0.8354562416168269,0.8162599614506276,4.133032842815737,0.0497976504266262,CEP,0.522,0.02,0.1142615175813799,0.8256132,0.40141064,CEP,85974.0,Unconstrained,Unconstrained,2
421786477,83.0,LS,6.233884658008945,0.7881708584638256,0.7651373701219283,4.177754541869945,0.0406052125617861,CEP,0.53,0.08,0.0965401470891773,0.8575251,0.31219462,CEP,85981.0,Unconstrained,Unconstrained,2
421786477,84.0,LS,6.130354976419422,0.9176763263716438,0.9130635571072262,4.415730724318564,0.0446502259001135,CEP,0.554,0.04,0.1181390976772719,1.140397,0.41505352,CEP,85984.0,Unconstrained,Unconstrained,2
421929605,16.0,LS,2.594719584154307,0.1678324807335477,0.1665533164156372,4.298832053462775,0.0046029791701585,CEP,0.491,0.02,0.1196314339962536,0.78598845,0.31222758,CEP,79088.0,Unconstrained,Unconstrained,2
421929605,17.0,LS,2.366632163984287,0.0974158428008148,0.0972722190488904,5.344901260164534,0.0051963201258331,CEP,0.517,0.02,0.0688653759156225,0.32175493,0.09807865,CEP,78472.0,Unconstrained,Unconstrained,2
422014924,56.0,LS,6.63811020949944,0.0913386097550282,0.087596253541234,3.808673124221969,0.0133425323292613,CEP,0.422,0.02,0.0539107558841461,0.024833795,0.013812659,CEP,72856.0,Unconstrained,Unconstrained,2
422014924,83.0,LS,4.299229362021643,0.1116889742754005,0.1101628976333449,4.8467355664142815,0.0125777267385274,CEP,0.45,0.0,0.0528832676751352,0.18407044,0.14640349,CEP,72878.0,Unconstrained,Unconstrained,2
422052227,56.0,LS,4.100015591678811,0.2432447103881321,0.2362047330698723,5.010068624549604,0.0279579893685877,CEP,0.452,0.02,0.0699553686288622,0.068087086,0.042835176,CEP,86021.0,Unconstrained,Unconstrained,2
422052227,76.0,LS,3.760529164226797,0.1731824346424844,0.1658260331431817,4.0994500949746,0.0271883909590542,CEP,0.448,0.1,0.1246956550967194,0.9951829,0.4146383,CEP,86036.0,Unconstrained,Unconstrained,2
422052227,83.0,LS,1.5984340651870983,0.1580764301054674,0.1558187806796229,4.306031335461739,0.0213321368210017,CEP,0.474,0.1,0.0936469027784688,0.6746197,0.37559003,CEP,86046.0,Unconstrained,Unconstrained,2
422107786,84.0,LS,3.300957743260181,0.1220364259831375,0.1205947263684208,6.0137825807833,0.0148970854934304,CEP,0.447,0.08,0.1019510784641339,0.47330564,0.26597914,CEP,85727.0,Unconstrained,Unconstrained,2
422192335,65.0,LS,2.078018485622261,0.158115569655384,0.1552006818599847,4.48180377672179,0.051896795630455,CEP,0.543,0.12,0.1284499902685866,0.11537366,0.036016557,CEP,134515.0,Unconstrained,Unconstrained,2
422224171,56.0,LS,2.4892911800703907,0.1325190127996074,0.1318735173733923,6.641443227850687,0.0344778248108923,CEP,0.46,0.08,0.1195052199696733,0.77332425,0.35868892,CEP,78580.0,Unconstrained,Unconstrained,2
422224171,57.0,LS,1.916956502190504,0.0982980636648673,0.0973147785814351,3.5642613242125663,0.041661225259304,CEP,0.476,0.06,0.1059680631133739,0.64569575,0.2629436,CEP,78390.0,Unconstrained,Unconstrained,2
422224171,76.0,LS,2.50702272570838,0.139083983371468,0.1363359853005622,4.108069714558951,0.0308899255469441,CEP,0.494,0.0,0.0686463866492621,0.6165246,0.2910389,CEP,78636.0,Unconstrained,Unconstrained,2
422224171,77.0,LS,2.461311284020083,0.1896200267978358,0.1894683075406618,3.6404346235831326,0.033301836811006,CEP,0.46,0.04,0.0694381566575611,0.6944009,0.30719316,CEP,78411.0,Unconstrained,Unconstrained,2
422224171,83.0,LS,2.444432614284448,0.1158543697454519,0.1158484658764077,6.538035807432607,0.0293130171485245,CEP,0.44,0.1,0.1127435035822463,0.6567445,0.331277,CEP,78596.0,Unconstrained,Unconstrained,2
422224171,84.0,LS,2.475716421763185,0.1928494493542079,0.1924932590556467,4.286255620070733,0.0346658867783844,CEP,0.474,0.02,0.0622068935086779,0.5842812,0.34409547,CEP,78488.0,Unconstrained,Unconstrained,2
422224775,57.0,LS,1.3191133009151652,0.0629820473143227,0.0627804379801564,3.455300935969717,0.0216923817060887,CEP,0.462,0.06,0.0790372165501797,0.53266895,0.35598478,CEP,84875.0,Unconstrained,Unconstrained,2
422224775,84.0,LS,1.5325867612470263,0.1314445896380646,0.1310083636338989,3.84688424198248,0.0201739580370485,CEP,0.503,0.06,0.1026955188895796,0.7288165,0.33863604,CEP,84924.0,Unconstrained,Unconstrained,2
422225761,77.0,LS,0.457023625566109,0.148479102658761,0.1484678390870639,3.947657200926187,0.0163035653531551,CEP,0.42,0.06,0.0305950584245233,0.22352332,0.2171879,CEP,49334.0,Unconstrained,Unconstrained,2
422778916,78.0,LS,4.511838198597268,0.1229059744046424,0.119514505781617,6.518063628584059,0.0189646857324987,CEP,0.422,0.04,0.0817689329757946,0.39142153,0.23732644,CEP,10504.0,Unconstrained,Unconstrained,2
422964004,58.0,ACF,1.557876223151652,0.3059547738848671,0.0075841486053326,3.461275901197041,0.0079418200766667,CEP,0.529,0.04,0.0755057613695802,0.56435716,0.2744305,CEP,70815.0,Unconstrained,Unconstrained,2
422964004,58.0,LS,1.5747380552217167,0.160932825932939,0.1609287197943606,4.241380995907093,0.0079418200766667,CEP,0.497,0.0,0.0640614829675367,0.52678347,0.28946474,CEP,70810.0,Unconstrained,Unconstrained,2
424566270,58.0,ACF,1.224553215251035,0.3158762484161272,0.0103221859914355,1.3818767812110764,0.013386639766395,CEP,0.484,0.04,0.0986267631021113,0.27236935,0.15605204,CEP,3777.0,Unconstrained,Unconstrained,2
424566270,59.0,ACF,1.2360845599905588,0.3190091620504519,0.0132108936041598,1.5674301892652238,0.0144834967795759,CEP,0.541,0.0,0.0577856591205811,0.5242921,0.25887805,CEP,3812.0,Unconstrained,Unconstrained,2
424566270,59.0,LS,1.227752475569809,0.2668185469889713,0.2668070845589653,4.0123914203140885,0.0144834967795759,CEP,0.512,0.06,0.1036741047706706,0.47718439,0.22924228,CEP,3791.0,Unconstrained,Unconstrained,2
425106371,80.0,LS,5.288889345966981,0.4515834364356945,0.4399918741015124,5.587791856851254,0.1087774243205785,CEP,0.457,0.06,0.0742061992019534,0.14978203,0.07734798,CEP,14078.0,Unconstrained,Unconstrained,2
428180120,77.0,LS,1.9220012406725344,0.1067496871086417,0.1049749061200877,3.979615187177842,0.0188990542665123,CEP,0.525,0.0,0.0634579041570078,0.70351577,0.34105852,CEP,75746.0,Unconstrained,Unconstrained,2
428180120,83.0,LS,2.266868958900308,0.1259953239008745,0.1241243718889601,4.03770084628195,0.0224793213419616,CEP,0.486,0.0,0.0603605301500906,0.24077906,0.1424368,CEP,75758.0,Unconstrained,Unconstrained,2
428274993,57.0,LS,0.4535758697234403,0.1466711645335156,0.1466600447096507,3.986429623699223,0.045000952668488,CEP,0.409,0.06,0.0574306399058899,0.3535434,0.24338399,CEP,54097.0,Unconstrained,Unconstrained,2
428274993,77.0,LS,6.377021246675401,0.3778386531785013,0.3643445181555166,3.469944669825054,0.0466096913442015,CEP,0.472,0.02,0.0676363097751496,0.092896074,0.037352588,CEP,54268.0,Unconstrained,Unconstrained,2
428449110,59.0,LS,4.96657016110248,0.3156151143871534,0.3152973444003143,4.515620417249011,0.0138727203011512,CEP,0.43,0.04,0.060576378234424,0.11361508,0.13961735,CEP,37627.0,Unconstrained,Unconstrained,2
428471206,58.0,LS,2.18691255744096,0.2966426238500678,0.2965044140765036,4.434836790813279,0.033732911106199,CEP,0.539,0.04,0.0710777489795505,0.6180995,0.3312575,CEP,26126.0,Unconstrained,Unconstrained,2
428471206,78.0,LS,2.191491243714999,0.6121455193502867,0.6121022706102839,4.744051277870312,0.0332885305397212,CEP,0.464,0.0,0.0495979999596757,0.43106577,0.25968722,CEP,26132.0,Unconstrained,Unconstrained,2
429010224,59.0,LS,4.138823397229543,0.1558711721717414,0.1555044089754922,4.243336706800619,0.0099838629830628,CEP,0.45,0.1,0.1182224411860963,0.6766844,0.30258328,CEP,33194.0,Unconstrained,Unconstrained,2
429864788,44.0,ACF,2.125186226900041,0.7667472245094373,1.2787640573732548,118.24124688317256,0.1726516708731651,CEP,0.458,0.08,0.1289942386310334,0.4298948,0.1959413,CEP,4511.0,Unconstrained,Unconstrained,2
429864788,71.0,ACF,2.1344379970378213,0.7866205485581549,1.2447334523836815,331.13020598292894,0.1706756651401519,CEP,0.508,0.04,0.0856663667958435,0.22089969,0.13176699,CEP,4517.0,Unconstrained,Unconstrained,2
429864788,71.0,LS,2.1467565503349677,0.79606665471191,0.79591081311748,4.106652297396067,0.1706756651401519,CEP,0.518,0.0,0.0158743062840553,0.05558006,0.038757015,CEP,4515.0,Unconstrained,Unconstrained,2
429864788,72.0,ACF,2.1389976325071984,0.7962169888262747,1.3441698255433117,358.4403573513076,0.1692621409893036,CEP,0.52,0.02,0.0849244370013719,0.16539924,0.084456615,CEP,5118.0,Unconstrained,Unconstrained,2
429864788,72.0,LS,2.1371805395747856,0.8070728662740256,0.8068838617806989,4.292392303144879,0.1692621409893036,CEP,0.51,0.04,0.1032550240908402,0.25643215,0.12965891,CEP,5116.0,Unconstrained,Unconstrained,2
430011054,65.0,ACF,2.0463484480969782,0.7295102593352221,1.4326363382909155,440.175551346515,0.1201614178717136,CEP,0.573,0.0,0.0734587339939914,1.270489,0.37807953,CEP,60081.0,Unconstrained,Unconstrained,2
430011054,65.0,LS,2.0474617357402782,0.8016687713784418,0.8013934033230347,4.447022618882329,0.1201614178717136,CEP,0.581,0.0,0.085526136356087,1.3777479,0.4128995,CEP,60078.0,Unconstrained,Unconstrained,2
430052757,43.0,LS,4.179049468826665,0.1237701466425442,0.1232825318418835,5.092243536946626,0.0027076585683971,CEP,0.434,0.08,0.0960068414228902,0.6656912,0.35024098,CEP,82190.0,Unconstrained,Unconstrained,2
432488893,80.0,LS,1.9162549603422536,0.0967190298397812,0.0960835250904439,4.608759164944786,0.0197530980221927,CEP,0.469,0.02,0.0575653228949512,0.20900545,0.122648686,CEP,38881.0,Unconstrained,Unconstrained,2
432974374,80.0,LS,4.4073926261414735,0.1781558785283174,0.1732712193093634,5.136964474124397,0.0256636133417487,CEP,0.388,0.12,0.1008277739514267,0.7729629,0.37857884,CEP,12933.0,Unconstrained,Unconstrained,2
433143910,18.0,LS,1.4912905998352457,0.2130610401999135,0.2126196876993515,3.936929284633607,0.006492810207419,CEP,0.492,0.0,0.0359471612231063,0.29353413,0.09609975,CEP,15422.0,Unconstrained,Unconstrained,2
433163828,80.0,LS,5.085455209547611,0.7961039335147165,0.7913595650436382,4.408903101921169,0.0236664502881467,CEP,0.52,0.04,0.0674580284325001,0.58883107,0.30889547,CEP,29190.0,Unconstrained,Unconstrained,2
433739003,64.0,LS,3.058231142810438,0.1921331974602918,0.1917577656788324,4.998733526201249,0.0128839688841253,CEP,0.459,0.02,0.0550924169010581,0.24557206,0.16514316,CEP,80824.0,Unconstrained,Unconstrained,2
433842868,64.0,LS,2.3200378375380795,0.1477651070022697,0.145671511230754,5.182675248823216,0.0144039280712604,CEP,0.456,0.0,0.0474485152560119,0.16304396,0.11609668,CEP,88808.0,Unconstrained,Unconstrained,2
433842868,65.0,LS,2.310151716598398,0.1824800587066346,0.1823712864261154,6.477492869107664,0.0140953029040247,CEP,0.474,0.12,0.1053771588153713,0.8291359,0.38409016,CEP,88815.0,Unconstrained,Unconstrained,2
434633062,77.0,LS,3.117877657002027,0.227973571787466,0.2270945687871632,3.1809694606818084,0.0233846413902938,CEP,0.469,0.02,0.0717010348600353,0.22563447,0.088676,CEP,51245.0,Unconstrained,Unconstrained,2
435263692,78.0,LS,3.4864942403819223,0.1097582722561773,0.0935993674621511,6.320699008290831,0.0135007977951318,CEP,0.418,0.02,0.0600999301164319,0.49167275,0.27285418,CEP,77228.0,Unconstrained,Unconstrained,2
435407254,81.0,LS,1.3864753378305037,0.0750835085399846,0.074932351081679,3.6430819783527113,0.0127234391402453,CEP,0.468,0.04,0.0988093598805295,0.92844737,0.3766697,CEP,78042.0,Unconstrained,Unconstrained,2
436276810,64.0,LS,1.0041962765496044,0.2051748670438705,0.2050990480379364,4.12484619895622,0.025546932592988,CEP,0.46,0.06,0.0672461270260228,0.38100123,0.22658525,CEP,82792.0,Unconstrained,Unconstrained,2
436276810,65.0,LS,1.0015171448960227,0.1502027441508902,0.150105823740807,4.98501655833752,0.0266060675494372,CEP,0.462,0.04,0.0614808718220553,0.266365,0.23029809,CEP,82808.0,Unconstrained,Unconstrained,2
436285023,64.0,LS,4.205072776655286,0.1646118970700469,0.1641976421081042,4.7351786681465455,0.0135684176348149,CEP,0.387,0.12,0.1050561754491376,0.6854029,0.2986746,CEP,85488.0,Unconstrained,Unconstrained,2
436722939,43.0,LS,7.167716793472559,0.8492330418064822,0.8324273539355139,4.019969498618593,0.0119720213115215,CEP,0.494,0.0,0.0406351375043816,0.033564724,0.007623666,CEP,92323.0,Unconstrained,Unconstrained,2
437857091,44.0,LS,1.289255143425553,0.1434423726404965,0.1425078396753727,3.9343152284054663,0.0208328804001212,CEP,0.513,0.0,0.0452629826679594,0.0853515,0.042670403,CEP,146002.0,Unconstrained,Unconstrained,2
437857091,71.0,LS,1.3432104939222245,0.2082699696087478,0.2061725769693521,4.673315393498342,0.0239526177756488,CEP,0.459,0.1,0.0815627365896951,0.45030135,0.3073433,CEP,146046.0,Unconstrained,Unconstrained,2
437857091,72.0,LS,1.330276862953988,0.4075323241066106,0.4073858730280173,4.037251454818033,0.0277253636159002,CEP,0.476,0.0,0.0636865323282717,0.1829842,0.08932801,CEP,146057.0,Unconstrained,Unconstrained,2
438130065,64.0,LS,1.0041990721419298,0.1011341228726639,0.100938284412167,4.665703724029299,0.0192177633289247,CEP,0.461,0.06,0.0911815770866023,0.52142036,0.27546173,CEP,104796.0,Unconstrained,Unconstrained,2
438395825,71.0,LS,2.515404124326324,0.3046858511558439,0.3030691866003581,4.09903524721085,0.0108196993824094,CEP,0.411,0.1,0.0659457837924457,0.13337353,0.11948744,CEP,8300.0,Unconstrained,Unconstrained,2
438395825,72.0,LS,2.531414034382569,0.4557688217583371,0.4554177608225845,4.476393671713595,0.0095114333089441,CEP,0.557,0.0,0.0440104714812281,0.51023906,0.27552336,CEP,8307.0,Unconstrained,Unconstrained,2
438603710,,,,,,,,,,,,,,,,Unconstrained,Unconstrained,2
438967579,64.0,LS,2.925273675871908,0.1634563300789496,0.1621564109392824,4.136637408289971,0.0554769346490502,CEP,0.432,0.12,0.0851786358190831,0.81263804,0.3886024,CEP,76869.0,Unconstrained,Unconstrained,2
439060368,64.0,LS,4.485424920001528,0.3629599824851447,0.3624170822918592,4.312023510501604,0.0175510812550783,CEP,0.528,0.0,0.0527430147033709,0.39110875,0.22862525,CEP,84073.0,Unconstrained,Unconstrained,2
439782067,64.0,LS,1.7251645491777856,0.1026357101656328,0.1026159883431246,4.447021307183604,0.0191436265595257,CEP,0.508,0.08,0.0941609260787084,0.7465771,0.36987272,CEP,70965.0,Unconstrained,Unconstrained,2
440187650,64.0,LS,3.203599108272893,0.3435458256466891,0.3429603977388787,4.587452578649391,0.0342092174105346,CEP,0.453,0.0,0.0514637736665316,0.36252305,0.20990573,CEP,92022.0,Unconstrained,Unconstrained,2
440295181,64.0,LS,1.641008689091257,0.0745427647160753,0.0743652214920533,6.040832312239218,0.0260423845611512,CEP,0.471,0.06,0.0930911725138318,0.45492342,0.25879484,CEP,110646.0,Unconstrained,Unconstrained,2
440338306,59.0,LS,5.741362214243033,0.6647532012312098,0.6646339654844705,4.283645538333076,0.0278153177350759,CEP,0.434,0.02,0.0578890525056335,0.062061172,0.05403944,CEP,48376.0,Unconstrained,Unconstrained,2
440338306,73.0,LS,5.593175074329507,0.3600931220987551,0.3563614057231907,4.592853542151715,0.026824539527297,CEP,0.432,0.02,0.0518142683051686,0.010734828,0.0041383863,CEP,48383.0,Unconstrained,Unconstrained,2
440404423,65.0,LS,4.490688028264125,0.1241882411621296,0.1232651428486458,4.521865893937502,0.0503545766696333,CEP,0.42,0.04,0.0693135369174016,0.44922116,0.23832342,CEP,101186.0,Unconstrained,Unconstrained,2
440497525,64.0,LS,1.5467007403269974,0.1260636988738436,0.1257097180472997,4.275177953350067,0.0350743671879172,CEP,0.477,0.04,0.0863611023551691,0.6554715,0.29155007,CEP,75504.0,Unconstrained,Unconstrained,2
440497525,65.0,LS,3.152067499447795,0.0960777890791445,0.09581538669192,4.049959659780143,0.0312890112400054,CEP,0.435,0.1,0.0859267502003887,0.6895208,0.30548263,CEP,75519.0,Unconstrained,Unconstrained,2
440812957,64.0,LS,3.2038756893576275,0.1831842819140083,0.1830413459589129,4.512203304006107,0.0172909919638186,CEP,0.469,0.1,0.1136044013231881,1.0173879,0.3749015,CEP,99456.0,Unconstrained,Unconstrained,2
440812957,65.0,LS,1.9888998271946687,0.0973863767688214,0.0963223995241299,7.1788923908279685,0.0192597252316772,CEP,0.432,0.08,0.0830205853990442,0.59895325,0.32355574,CEP,99298.0,Unconstrained,Unconstrained,2
440813146,64.0,LS,3.129368504212062,0.0887111916825245,0.0870872053967327,7.152149576384545,0.0229794695042073,CEP,0.412,0.08,0.0942937028650376,0.7376301,0.34554085,CEP,103655.0,Unconstrained,Unconstrained,2
440840781,63.0,LS,0.2267343470255689,0.279884625433455,0.2798803499878838,4.504642140844226,0.0174220639746636,CEP,0.4,0.08,0.0506814522286013,0.301395,0.24899195,CEP,143659.0,Unconstrained,Unconstrained,2
440840781,64.0,LS,0.2269111968691946,0.2657206437946822,0.2657167980451924,4.532562128777499,0.0155769509728997,CEP,0.4,0.04,0.0506388151520155,0.2078446,0.17195247,CEP,143678.0,Unconstrained,Unconstrained,2
441364026,11.0,LS,2.1634629103433687,0.1433110330968601,0.1249433227097244,5.869414120269994,0.0489847408607602,CEP,0.458,0.12,0.1224593058938356,0.67449707,0.14610074,CEP,71039.0,Unconstrained,Unconstrained,2
441364026,65.0,LS,3.569529270669253,0.1817707391911474,0.1803975075052148,5.968755649813829,0.0514355953782796,CEP,0.445,0.1,0.0812408173272524,1.0287445,0.377951,CEP,71053.0,Unconstrained,Unconstrained,2
441769260,65.0,LS,1.670837472023563,0.1650564088521121,0.1648557045375836,6.316388829738571,0.0242880708537995,CEP,0.503,0.04,0.0711033051271176,0.5578496,0.3013919,CEP,137522.0,Unconstrained,Unconstrained,2
442274919,65.0,LS,0.9220065505649068,0.1237114733871058,0.1236739757472928,4.446946307205508,0.0083502021152526,CEP,0.456,0.06,0.0820545769594847,0.3157617,0.2075111,CEP,88202.0,Unconstrained,Unconstrained,2
442497840,11.0,LS,2.8846211415247165,0.1850365951465699,0.164698421853745,4.609031167174635,0.0777857983484864,CEP,0.69,0.02,0.1373376860151648,1.3955781,0.2835842,CEP,88765.0,Unconstrained,Unconstrained,2
442497840,65.0,LS,1.6379225753753948,0.3990934885040378,0.3990685338441632,4.230220048219053,0.0312373274937272,CEP,0.56,0.0,0.0564127645130071,0.28593242,0.18556103,CEP,88775.0,Unconstrained,Unconstrained,2
442842081,65.0,LS,1.2656637455008248,0.2327311512238485,0.2326437958748278,4.402304339364491,0.0137669080868363,CEP,0.466,0.04,0.0679521714149003,0.39024365,0.27090344,CEP,49454.0,Unconstrained,Unconstrained,2
442908240,10.0,LS,1.9959420513304933,0.1283219605307744,0.1276653867800753,5.661691755668016,0.0193386839237064,CEP,0.563,0.02,0.1239663244595079,0.06389937,0.012164833,CEP,124529.0,Unconstrained,Unconstrained,2
443204699,65.0,LS,4.094799574111756,0.1458514034959469,0.1416421678051724,4.623679412106867,0.0980638433247804,CEP,0.444,0.08,0.0840449022844336,0.5611932,0.26448706,CEP,114768.0,Unconstrained,Unconstrained,2
443485792,62.0,LS,0.7414418865535738,0.0654566833433998,0.0654448324448273,4.284040161852317,0.0061292899772524,CEP,0.397,0.12,0.1220100258175532,0.446316,0.26517296,CEP,126747.0,Unconstrained,Unconstrained,2
444356097,58.0,LS,1.4410162053221405,0.3211335442361349,0.3211129213312497,4.33447542482827,0.0196821754798293,CEP,0.478,0.0,0.051919383663522,0.014687775,0.005978753,CEP,75122.0,Unconstrained,Unconstrained,2
444360080,58.0,LS,1.1969482082009046,0.3165821493591482,0.3164699098127015,4.638276283334562,0.0177423527929931,CEP,0.521,0.0,0.0483123172700295,0.2784971,0.18798076,CEP,53356.0,Unconstrained,Unconstrained,2
444361206,78.0,LS,1.6319577709886612,0.1155526763253586,0.0504255078832739,3.5658057137297874,0.0121957610826939,CEP,0.47,0.08,0.0889957212454621,0.36940426,0.24291065,CEP,74909.0,Unconstrained,Unconstrained,2
444415120,78.0,LS,0.9241212951662354,0.0503273377657104,0.0438432873333412,5.167629250830942,0.0249571492895483,CEP,0.37,0.12,0.1160594675155801,0.7178346,0.3204447,CEP,51194.0,Unconstrained,Unconstrained,2
444457666,58.0,LS,2.466909107067383,0.1663161818501125,0.165039825210872,4.119419106966234,0.0217227032408118,CEP,0.453,0.08,0.1297994514626314,0.8543983,0.3749856,CEP,57682.0,Unconstrained,Unconstrained,2
444458338,78.0,LS,3.652472912721068,0.1074936871806488,0.1057789025838482,6.651095368903043,0.0121805304661393,CEP,0.484,0.0,0.056664401523355,0.3801081,0.19740415,CEP,59971.0,Unconstrained,Unconstrained,2
444589290,58.0,ACF,2.06249488578942,0.6465256382048036,1.2920333716280843,407.8718904059664,0.0583059061318635,CEP,0.502,0.02,0.0681331050224485,0.30543286,0.1607587,CEP,33989.0,Unconstrained,Unconstrained,2
444589290,58.0,LS,2.0645005905287284,0.8086357621244898,0.8086240447488067,4.353330980149622,0.0583059061318635,CEP,0.49,0.04,0.0888300939997251,0.42359948,0.23266532,CEP,33986.0,Unconstrained,Unconstrained,2
444832022,58.0,LS,4.470206266652615,0.54143829295779,0.5410958979520494,4.084885028853023,0.025440608151257,CEP,0.462,0.12,0.095050437137343,0.50806016,0.31109542,CEP,13753.0,Unconstrained,Unconstrained,2
445168043,66.0,LS,2.4016410685076237,0.2105594132874192,0.210558942262221,4.131664879118034,0.0252185692079365,CEP,0.481,0.04,0.0869072977373016,0.464818,0.30233258,CEP,16013.0,Unconstrained,Unconstrained,2
445506296,58.0,LS,1.7995467940306018,0.4195108731124521,0.4194925951474927,4.274550598438509,0.0340332463383674,CEP,0.557,0.0,0.0524827590738139,0.8301809,0.35863918,CEP,3152.0,Unconstrained,Unconstrained,2
445542388,58.0,LS,1.3720449986016148,0.6736504056917691,0.6735129753744822,4.241813082138833,0.0330716092139482,CEP,0.515,0.0,0.0570517799897601,0.07212603,0.07092498,CEP,29323.0,Unconstrained,Unconstrained,2
445576370,18.0,ACF,1.354167533208397,0.5082367339907538,0.8793756133057022,22.881441434248543,0.0226313155144453,CEP,0.454,0.02,0.1186903804021202,0.7239065,0.311181,CEP,36219.0,Unconstrained,Unconstrained,2
445576370,18.0,LS,1.2324551432858526,0.3330210774101335,0.3326434120415149,4.717588557903127,0.0226313155144453,CEP,0.728,0.02,0.1376297002830421,0.99489117,0.29954603,CEP,36214.0,Unconstrained,Unconstrained,2
445615536,58.0,LS,0.2155165063926511,0.4140974058645197,0.4140963239132465,5.176175849399442,0.0334179354831576,DST,0.706,0.06,0.1127282111984395,0.40488142,0.25847462,DST,9410.0,Unconstrained,Unconstrained,2
445663692,58.0,LS,3.149481180330698,0.4123908121861315,0.4112723535450322,4.678421641689056,0.0141309469472616,CEP,0.45,0.02,0.0335264910182977,0.00882425,0.004292245,CEP,14475.0,Unconstrained,Unconstrained,2
445664692,58.0,LS,1.5062739804120455,0.5788504252346377,0.5787965434373975,4.285606042467407,0.0132297631353139,CEP,0.562,0.0,0.0319070901211627,0.27306712,0.15303896,CEP,16050.0,Unconstrained,Unconstrained,2
447202808,66.0,LS,3.657047085480304,0.2869476324724057,0.2845057191697225,3.936129760972108,0.0176467222627252,CEP,0.49,0.02,0.066325994903959,0.1439652,0.085655265,CEP,10514.0,Unconstrained,Unconstrained,2
447914407,62.0,LS,3.2973997723668518,0.6337187712582721,0.6336149282228364,4.387619473895029,0.0115634629037231,CEP,0.538,0.04,0.1173439389146282,0.9728293,0.34727234,CEP,138695.0,Unconstrained,Unconstrained,2
447970564,35.0,LS,1.1249450278310211,0.1177564675216053,0.1176642447530964,4.87319967489384,0.1016255374997854,CEP,0.428,0.04,0.0617126372795718,0.3800734,0.28047875,CEP,131869.0,Unconstrained,Unconstrained,2
447970564,63.0,ACF,1.1018317327689149,0.7795353046959212,0.3426083534946568,147.3496781580439,0.1399434171617031,CEP,0.496,0.08,0.1161931151144507,0.95245135,0.422306,CEP,131901.0,Unconstrained,Unconstrained,2
448223543,65.0,ACF,2.451398845948461,0.2253609423452763,0.0311510956807905,2.1432790626313363,0.0084725971100851,CEP,0.527,0.0,0.0556951847110681,0.43683234,0.2289607,CEP,70863.0,Unconstrained,Unconstrained,2
448223543,65.0,LS,2.442538318777653,0.1969001540401951,0.1968622292144246,4.190564905333304,0.0084725971100851,CEP,0.477,0.04,0.0750609459039785,0.8680546,0.39795136,CEP,70823.0,Unconstrained,Unconstrained,2
449648963,64.0,LS,0.6061402806532901,0.2102188158503481,0.2101273732188698,5.738734053222288,0.0174532691016793,CEP,0.46,0.02,0.053113749632275,0.27951774,0.21575403,CEP,70030.0,Unconstrained,Unconstrained,2
449648963,65.0,LS,0.732753888523109,0.0850540663032664,0.0846951819794657,4.419486995364423,0.0136399967595934,CEP,0.409,0.06,0.0669895394819221,0.61095476,0.36413237,CEP,70044.0,Unconstrained,Unconstrained,2
449713722,65.0,LS,1.933661572717572,0.2476542022266759,0.2476386107102647,3.530012967523362,0.0754866329953074,CEP,0.528,0.06,0.0946356042935215,1.1603005,0.4018177,CEP,112589.0,Unconstrained,Unconstrained,2
449794485,64.0,ACF,0.6435347950537107,0.392141662686151,0.7122993077942409,138.30734192853498,0.0123728765174746,CEP,0.498,0.1,0.0845344521482218,0.18435228,0.106797256,CEP,67168.0,Unconstrained,Unconstrained,2
449794485,64.0,LS,0.637740299358447,0.2682314117021419,0.268205726881158,5.1652250397492026,0.0123728765174746,CEP,0.466,0.0,0.0301649863252082,0.045084536,0.037598442,CEP,67162.0,Unconstrained,Unconstrained,2
450148100,58.0,LS,2.271769978453605,0.7911734900039396,0.791117838649345,4.393804698189342,0.0263065774925053,CEP,0.544,0.0,0.0686737096711689,0.9927734,0.40204075,CEP,11298.0,Unconstrained,Unconstrained,2
450190084,59.0,LS,2.951346987985169,0.8443146961930432,0.8434626733148977,4.254478093764192,0.0740005495026707,CEP,0.592,0.0,0.0607504534962497,1.0687376,0.3876299,CEP,2209.0,Unconstrained,Unconstrained,2
450368257,10.0,LS,2.6902373305708625,0.1206181815983425,0.11963328771446,11.41149007030026,0.0085730192949995,CEP,0.51,0.12,0.1008588796289151,0.10414905,0.030878222,CEP,107775.0,Unconstrained,Unconstrained,2
450368257,11.0,LS,3.40902320178984,0.1292055840829851,0.1212649609163709,3.580163213599008,0.0076831458136439,CEP,0.603,0.0,0.0932928378815866,0.6836464,0.21778242,CEP,107784.0,Unconstrained,Unconstrained,2
450763023,11.0,LS,0.8999974168255078,0.1170852791315972,0.115110165255096,3.704619867823112,0.0181011133827269,CEP,0.597,0.06,0.1466135055170566,0.055256546,0.009967355,CEP,136962.0,Unconstrained,Unconstrained,2
450763023,37.0,LS,1.8322615380215,0.2029976753044474,0.2026501634098691,5.956898533040658,0.0186779664363712,CEP,0.483,0.02,0.0592012972830832,0.7574108,0.30599856,CEP,136983.0,Unconstrained,Unconstrained,2
450763023,38.0,LS,1.8027275286970728,0.3767156842641113,0.376653398026099,4.674951867407799,0.0216054706834256,CEP,0.46,0.0,0.0446683064375626,0.10743439,0.10722623,CEP,136998.0,Unconstrained,Unconstrained,2
450763023,64.0,LS,1.7941630526666208,0.4982756188285155,0.4982499016751437,4.71270850971996,0.0284950854256749,CEP,0.496,0.06,0.0729131428481861,0.59322226,0.34340522,CEP,137007.0,Unconstrained,Unconstrained,2
450763023,65.0,ACF,1.7175755554289935,0.5704038945003234,0.934358119075618,280.4042921131752,0.0232734205201268,CEP,0.467,0.1,0.0899457258573191,0.24493614,0.18197131,CEP,137018.0,Unconstrained,Unconstrained,2
450763023,65.0,LS,1.7849086611814666,0.3636730306212122,0.3631680544879176,5.37545862144907,0.0232734205201268,CEP,0.447,0.02,0.0738114462668223,0.63770676,0.36970508,CEP,137015.0,Unconstrained,Unconstrained,2
450992142,65.0,LS,2.320380707416839,0.1423301405988098,0.1417435032345681,4.329506927406328,0.0263137789443135,CEP,0.429,0.12,0.1211458889108499,0.71000457,0.34579223,CEP,94003.0,Unconstrained,Unconstrained,2
451444491,10.0,LS,3.7500373940892913,0.120670852451367,0.1083611865589325,4.200230687922613,0.0086525036022067,CEP,0.518,0.0,0.0703886468118261,0.76730984,0.27363563,CEP,111753.0,Unconstrained,Unconstrained,2
451444491,11.0,LS,1.388863955209776,0.0584117646260348,0.0522782684163493,3.274633108711896,0.0096313882386311,CEP,0.548,0.06,0.1553695774596816,0.6519125,0.22637539,CEP,111618.0,Unconstrained,Unconstrained,2
451669331,10.0,LS,1.442223041624782,0.1223162559523663,0.1222080395847558,5.641808940794817,0.0271867518313229,CEP,0.5640000000000001,0.08,0.1303651794000223,0.32384643,0.08763159,CEP,127018.0,Unconstrained,Unconstrained,2
451669331,37.0,LS,1.4650278817793243,0.1438752417426152,0.1436001699369908,4.830014322458737,0.0284034246578812,CEP,0.492,0.04,0.0858181239599188,0.9365861,0.3740205,CEP,127046.0,Unconstrained,Unconstrained,2
451669331,64.0,LS,1.4313636892701247,0.1625141200699978,0.1624541905664529,4.700552245685685,0.0323747261427342,CEP,0.526,0.02,0.0688118710688788,0.5752399,0.30625093,CEP,127066.0,Unconstrained,Unconstrained,2
453205176,18.0,LS,1.7614935650240375,0.1091324787582214,0.0668492943640718,3.371637947107047,0.0094418920343741,CEP,0.533,0.0,0.1006113790781142,0.75790817,0.3008774,CEP,16989.0,Unconstrained,Unconstrained,2
454472909,12.0,LS,2.834269738146908,0.2641085088210688,0.2625954886343348,4.296590472352818,0.1013672724366188,CEP,0.668,0.0,0.1081939000128935,0.092902966,0.01596153,CEP,121030.0,Unconstrained,Unconstrained,2
454553900,12.0,LS,1.2310433181277616,0.1116471063263646,0.1113704554880427,4.321586063028917,0.0038389541441574,CEP,0.452,0.0,0.0308706980808662,0.33546424,0.1498646,CEP,93877.0,Unconstrained,Unconstrained,2
454553900,65.0,LS,3.4806449505703108,0.097683301180612,0.092743653897582,4.471691148879472,0.0095518474699929,CEP,0.419,0.1,0.0766720183639377,0.4990504,0.3005451,CEP,93887.0,Unconstrained,Unconstrained,2
455968150,77.0,LS,3.340581543681948,0.4273504985786427,0.4272384249084844,3.5107683147980424,0.0445232726633548,CEP,0.534,0.0,0.0506823993117926,0.29603884,0.14918049,CEP,50570.0,Unconstrained,Unconstrained,2
456277548,38.0,LS,0.2144781496665188,0.219509956512907,0.2195034031101,4.4946899231217685,0.033101865556091,DST,0.711,0.04,0.1324881881527557,0.5303848,0.34907386,DST,134863.0,Unconstrained,Unconstrained,2
456277548,39.0,LS,0.214517326927173,0.221919109847717,0.2219190121411938,4.442507679599657,0.0309013738296926,DST,0.714,0.0,0.0692575021207089,0.4204431,0.22082114,DST,134897.0,Unconstrained,Unconstrained,2
457288437,63.0,LS,0.4348850840202788,0.2247719192170428,0.2247692780347089,5.009903910053254,0.0240107276476919,CEP,0.42,0.08,0.0361638272310882,0.045383595,0.020097282,CEP,145740.0,Unconstrained,Unconstrained,2
457345960,10.0,LS,0.2126285095908312,0.7418116871652863,0.7418116697616846,3.958290147583739,0.1925396546721458,DST,0.737,0.04,0.1262849159638632,0.3459596,0.18633045,DST,142000.0,Unconstrained,Unconstrained,2
457345960,37.0,LS,0.2126062106205117,0.7270053909516202,0.7270053749163167,4.580358712901216,0.1786630041897297,DST,0.721,0.06,0.0972588217078533,0.56005144,0.24527207,DST,142030.0,Unconstrained,Unconstrained,2
457476676,63.0,LS,0.9972994138191168,0.0560206450737292,0.0549969972495684,4.826816056523967,0.0562402652576565,CEP,0.434,0.04,0.0802637751417163,0.47850633,0.27676395,CEP,103788.0,Unconstrained,Unconstrained,2
457628302,63.0,LS,5.526701918643272,0.1619511222652512,0.1614170713447469,5.446567629736819,0.0721184071153402,CEP,0.471,0.06,0.0956476952153056,0.21790321,0.15114662,CEP,130397.0,Unconstrained,Unconstrained,2
457670388,63.0,LS,1.1240734467510192,0.1457491136593507,0.1457342176810107,4.786939482437447,0.0113924907054752,CEP,0.472,0.0,0.0456473613695249,0.07301912,0.04687091,CEP,142647.0,Unconstrained,Unconstrained,2
457670388,64.0,LS,3.8445392589756646,0.1641404544682217,0.1637979554231174,4.965465905501333,0.0124229094944894,CEP,0.452,0.02,0.067230052803787,0.2349227,0.18823801,CEP,142656.0,Unconstrained,Unconstrained,2
457739634,63.0,ACF,1.694465828313696,0.8821199919967311,1.684110420243666,363.3823110281345,0.09688600897789,CEP,0.563,0.0,0.0564740081807551,0.63931537,0.35066065,CEP,146571.0,Unconstrained,Unconstrained,2
457739634,63.0,LS,1.7003708501596153,0.9477818927531804,0.9477467546274458,4.504419642365974,0.09688600897789,CEP,0.664,0.0,0.1208035032604601,0.69723463,0.34203187,CEP,146569.0,Unconstrained,Unconstrained,2
457739634,64.0,ACF,1.6944247531955623,0.8708113313402088,1.678942212725086,362.5284852929266,0.0975437555462122,CEP,0.631,0.0,0.0615298301639131,1.0203769,0.38563213,CEP,146575.0,Unconstrained,Unconstrained,2
457739634,64.0,LS,1.7032734557158076,0.9478244267647564,0.9477715459719764,4.466186519435723,0.0975437555462122,CEP,0.526,0.0,0.0302013509631605,0.06271453,0.03044065,CEP,146573.0,Unconstrained,Unconstrained,2
457796216,63.0,LS,0.3150613470190596,0.2271385829826451,0.2271382703338057,4.517140172345535,0.0232858350500464,CEP,0.432,0.12,0.055027614885619,0.3283646,0.25044736,CEP,142571.0,Unconstrained,Unconstrained,2
457796216,64.0,LS,0.3151266641852136,0.1923880362587171,0.1923709536633911,4.327041451408149,0.0208275462500751,CEP,0.436,0.08,0.0469641735794424,0.25365907,0.22289956,CEP,142410.0,Unconstrained,Unconstrained,2
457801419,36.0,LS,3.577470239750203,0.5692701759672979,0.5692244127883416,5.4698171348009055,0.7271494716405869,CEP,0.528,0.0,0.1383099417973993,0.7589476,0.3133997,CEP,145082.0,Unconstrained,Unconstrained,2
457801419,37.0,LS,3.709129589202645,0.5351147326637851,0.5349073557962803,4.794536328823597,0.8490712940692902,CEP,0.729,0.0,0.1310830210210307,0.7974137,0.22985475,CEP,145091.0,Unconstrained,Unconstrained,2
457801419,63.0,LS,3.684464786767748,0.6906569015058572,0.6903050766468039,4.450118439563084,0.6207486242055893,CEP,0.762,0.02,0.1060083015617173,0.92617095,0.37778792,CEP,145096.0,Unconstrained,Unconstrained,2
457801419,64.0,LS,3.636415447549737,0.685477453906077,0.6852394884003503,4.512356810773781,0.6294427812099457,CEP,0.739,0.04,0.1244187831478832,1.0161256,0.40921715,CEP,145102.0,Unconstrained,Unconstrained,2
457930394,64.0,LS,4.485299556648823,0.0757214652394693,0.0674723694812022,6.194965186070476,0.0168171455152332,CEP,0.408,0.1,0.0860644967451736,0.7013836,0.40289727,CEP,136739.0,Unconstrained,Unconstrained,2
457943810,63.0,LS,3.2351442904172933,0.2342834920042789,0.2334799028892503,3.9164800763355743,0.019260614644736,CEP,0.465,0.04,0.0972092917369528,0.7976937,0.38662437,CEP,130144.0,Unconstrained,Unconstrained,2
457943810,64.0,LS,3.4502355906139206,0.3802237035251932,0.3801707418758816,5.036068304856599,0.0181583920493721,CEP,0.446,0.0,0.0092226677268564,0.00020448337,9.297595e-05,CEP,130344.0,Unconstrained,Unconstrained,2
457967638,64.0,LS,1.3730522919001933,0.0924888697614523,0.092138772360543,6.985801122056728,0.0125508580822497,CEP,0.476,0.12,0.1143355342839661,1.2029197,0.42372006,CEP,143652.0,Unconstrained,Unconstrained,2
457975034,64.0,ACF,0.3310156040497531,0.6538242365641727,1.2570558017461304,66.78107985096548,0.1496170368045568,CEP,0.436,0.02,0.0690571473491339,0.12831625,0.13501418,CEP,143465.0,Unconstrained,Unconstrained,2
457977111,63.0,LS,1.1949613947276994,0.3020289272166734,0.3014289096729146,4.668321069399099,0.0151041406206786,CEP,0.48,0.0,0.0645530603457341,0.32935256,0.21932831,CEP,141511.0,Unconstrained,Unconstrained,2
457977111,64.0,LS,1.1907865528464392,0.2075429303547881,0.2072803836043952,5.18475440084876,0.0149572151713073,CEP,0.464,0.08,0.0687693420064493,0.4199577,0.31580123,CEP,141372.0,Unconstrained,Unconstrained,2
457977587,63.0,LS,1.6175697444549682,0.1240659398786547,0.1225131822844806,4.460572930842318,0.0111313059460371,CEP,0.493,0.08,0.1074922955378663,0.9813744,0.40430656,CEP,141930.0,Unconstrained,Unconstrained,2
458073218,63.0,LS,3.401044261931464,0.1260081032785316,0.1259091822935137,5.13748436269816,0.0190697400830686,CEP,0.437,0.06,0.0737743695330566,0.21371865,0.1765371,CEP,139618.0,Unconstrained,Unconstrained,2
458073218,64.0,LS,2.8629546119202347,0.0886380544272558,0.0880401383208805,5.924764732109907,0.0179115612991154,CEP,0.446,0.08,0.0966619594256189,0.89712,0.39302856,CEP,139631.0,Unconstrained,Unconstrained,2
458076250,64.0,LS,3.057894508847155,0.1883652228276544,0.1866204769800486,9.74600136450681,0.053477119654417,CEP,0.46,0.0,0.066072493520375,0.51495177,0.2546025,CEP,144299.0,Unconstrained,Unconstrained,2
458138785,63.0,LS,3.7897360345982,0.6890149105140103,0.6871915331542601,5.319361675956316,0.0521014770492911,CEP,0.503,0.0,0.050527521213691,0.1167583,0.08024144,CEP,144022.0,Unconstrained,Unconstrained,2
458138785,64.0,LS,3.844540397251421,0.7600240355242114,0.759942408083092,5.036077122225834,0.0390678364783525,CEP,0.457,0.0,0.0331204106254738,0.042465664,0.027950903,CEP,144026.0,Unconstrained,Unconstrained,2
458371525,63.0,ACF,1.435206473015569,0.206053748122062,0.3365968696141905,181.04331984198927,0.0076834030915051,CEP,0.469,0.06,0.0599165286043842,0.28653383,0.21468386,CEP,143430.0,Unconstrained,Unconstrained,2
458371525,63.0,LS,1.426244893152646,0.089279403754463,0.0892721323163849,5.433043419423484,0.0076834030915051,CEP,0.47,0.06,0.0831124635659417,0.047694195,0.017798118,CEP,143427.0,Unconstrained,Unconstrained,2
458404648,63.0,ACF,1.518544707505498,0.7967438646787213,1.514771035770258,312.1318293867205,0.0093964691041037,CEP,0.474,0.0,0.0483929912280693,0.008258707,0.0053147343,CEP,137496.0,Unconstrained,Unconstrained,2
458404648,63.0,LS,1.5246099292839084,0.81029690840231,0.8102892269703738,4.615684225856967,0.0093964691041037,CEP,0.472,0.0,0.0240930197360148,0.0005123324,0.00018172442,CEP,137495.0,Unconstrained,Unconstrained,2
458404648,64.0,ACF,1.4930466145028731,0.8039535765842558,1.5513245870328731,317.77563097328795,0.0105373561382293,CEP,0.562,0.02,0.0559059925231633,0.58235157,0.2941674,CEP,137477.0,Unconstrained,Unconstrained,2
458404648,64.0,LS,1.5290830679430976,0.779305716173728,0.7792646756747851,4.558646601737564,0.0105373561382293,CEP,0.474,0.0,0.0438977721530375,0.015246795,0.010344366,CEP,137475.0,Unconstrained,Unconstrained,2
458543434,10.0,LS,0.8418384904600809,0.0681805567026844,0.0678515550536871,3.993280584834793,0.0163392652757465,CEP,0.544,0.1,0.1241435556120413,0.53238606,0.20272157,CEP,142313.0,Unconstrained,Unconstrained,2
458543434,37.0,LS,1.1464606579743295,0.1083979071455101,0.1081249767612132,4.392693104417049,0.0182357768062502,CEP,0.482,0.0,0.0554663285246103,0.47679016,0.2664768,CEP,142339.0,Unconstrained,Unconstrained,2
458543434,63.0,LS,2.4563151653490403,0.1510449084152266,0.1510257353621715,4.593300504438957,0.0219122250564396,CEP,0.446,0.1,0.1164673344762384,1.1503177,0.40744978,CEP,142357.0,Unconstrained,Unconstrained,2
458604640,63.0,ACF,2.363460506735464,0.7601169173097949,0.0572074504756706,41.72209075803073,0.0330659584142267,CEP,0.562,0.0,0.0665023307862213,1.1438906,0.36211523,CEP,140695.0,Unconstrained,Unconstrained,2
458604640,63.0,LS,2.411650006818161,0.7510570765979538,0.751022385020146,4.81140482990304,0.0330659584142267,CEP,0.545,0.04,0.1225147240130752,0.9875919,0.38014632,CEP,140691.0,Unconstrained,Unconstrained,2
458604640,64.0,ACF,2.363401788481042,0.7663635353126457,1.4400931391029097,474.9795333141808,0.0303207850083708,CEP,0.556,0.0,0.0479733259218078,1.0234197,0.36508748,CEP,140707.0,Unconstrained,Unconstrained,2
458604640,64.0,LS,2.402628575011484,0.7962641324427137,0.7962406455912122,4.395813259270653,0.0303207850083708,CEP,0.558,0.02,0.1021487229484539,1.0986719,0.39390695,CEP,140702.0,Unconstrained,Unconstrained,2
458697236,63.0,LS,1.1053412956874806,0.1170107523387377,0.1168113936194675,4.102761659898533,0.0240942812524735,CEP,0.464,0.04,0.0663079361765995,0.29223788,0.21973798,CEP,135308.0,Unconstrained,Unconstrained,2
458697236,64.0,LS,3.363977043610647,0.1825207887400277,0.1735130457136245,4.000661543017486,0.0257236533798277,CEP,0.442,0.06,0.0930312979593427,0.41750407,0.20404264,CEP,135487.0,Unconstrained,Unconstrained,2
458705311,63.0,LS,1.3816778756942945,0.8203340984392259,0.8202998642975294,4.622810591554298,0.0546473450958728,CEP,0.544,0.02,0.0826917263092263,1.0239037,0.40259877,CEP,129501.0,Unconstrained,Unconstrained,2
458705311,64.0,LS,1.3730538085661337,0.8548570265070266,0.8548533822368499,4.34438760989724,0.0507238460704684,CEP,0.522,0.02,0.1066142504546179,1.1560702,0.38989908,CEP,129533.0,Unconstrained,Unconstrained,2
458705859,63.0,LS,2.947579575844933,0.1121845352664439,0.1110368753978492,4.114647156253341,0.0114097818732261,CEP,0.453,0.04,0.0678830052369516,0.52762955,0.30155215,CEP,143589.0,Unconstrained,Unconstrained,2
458708992,11.0,LS,2.0832887679905645,0.0750728475428456,0.0750689660982623,3.368776465807059,0.0015754414198454,CEP,0.628,0.06,0.133993337147785,0.35992557,0.12351191,CEP,141550.0,Unconstrained,Unconstrained,2
458726481,63.0,LS,2.040633007445299,0.0726329215890615,0.0723770318299836,3.52217811290393,0.0131282361689955,CEP,0.516,0.02,0.0798528646950126,0.53750545,0.27560398,CEP,138655.0,Unconstrained,Unconstrained,2
458856771,63.0,ACF,3.1829278258328486,0.3367673643514994,0.5300140419333919,304.6850313076048,0.0022751913638785,CEP,0.408,0.1,0.0789822866217482,0.2675771,0.17763814,CEP,138910.0,Unconstrained,Unconstrained,2
458856771,63.0,LS,3.15812301695901,0.2197528870864614,0.2183891895729653,5.373407900187885,0.0022751913638785,CEP,0.411,0.08,0.0963028639241845,0.30546546,0.18581358,CEP,138908.0,Unconstrained,Unconstrained,2
458856771,64.0,LS,3.363984583627313,0.2271690137196793,0.2258380498629267,5.710192252088746,0.0126716285012662,CEP,0.45,0.04,0.0639834478595831,0.21529324,0.18906766,CEP,138917.0,Unconstrained,Unconstrained,2
458858080,63.0,ACF,2.0278149932128144,0.2676965998312987,0.0127128023398916,1.4486695917109955,0.0105541478842496,CEP,0.472,0.08,0.089095508304291,0.91262203,0.41769406,CEP,134079.0,Unconstrained,Unconstrained,2
458858080,63.0,LS,2.105415869653961,0.2320954357251815,0.2320870128299375,4.852653576905141,0.0105541478842496,CEP,0.446,0.04,0.0636817587696822,0.10582633,0.07062876,CEP,134066.0,Unconstrained,Unconstrained,2
458858080,64.0,ACF,2.180544471826579,0.2434831670936263,0.009772462845238,4.663368858898139,0.0113176903687417,CEP,0.5,0.04,0.0749915835277533,0.6409103,0.3463813,CEP,134124.0,Unconstrained,Unconstrained,2
458858080,64.0,LS,2.135863901227195,0.200422796436443,0.2003530129681369,4.607309805254772,0.0113176903687417,CEP,0.456,0.02,0.0544767693608936,0.17595252,0.15846804,CEP,134094.0,Unconstrained,Unconstrained,2
458859685,63.0,LS,1.1534014747873274,0.1767127710790963,0.1767048241856634,4.873945706549421,0.028815905097872,CEP,0.47,0.0,0.0401011521031503,0.011871347,0.0059651285,CEP,135146.0,Unconstrained,Unconstrained,2
458861857,63.0,LS,3.084677642436134,0.2179431638694933,0.2178943734232073,5.58303272795456,0.0581385800614953,CEP,0.601,0.0,0.1294081357566053,1.1141856,0.35768384,CEP,114509.0,Unconstrained,Unconstrained,2
458861857,64.0,LS,11.213276949945907,0.0919151812414904,0.0684570452253763,2.9761639097123407,0.0551411416381597,ELL,0.7215,0.1,0.2025439098867195,0.90078616,0.26711848,ELL,114516.0,Unconstrained,Unconstrained,2
458991248,10.0,LS,4.950004298294787,0.4067278577153388,0.4016102289683428,3.7215406087043448,0.9380897134542464,CEP,0.511,0.06,0.1198374632575306,0.8688367,0.20763338,CEP,121541.0,Unconstrained,Unconstrained,2
458991248,64.0,LS,4.805678725634265,0.8344803279986395,0.8343187496413283,4.474875702213467,0.5037186294794083,CEP,0.708,0.0,0.1347265319081583,0.80607635,0.3962633,CEP,121767.0,Unconstrained,Unconstrained,2
459028795,63.0,LS,3.2351519135765088,0.7235659992567091,0.7221470219305745,4.520427156588994,0.0254440237767994,CEP,0.566,0.0,0.0436973042646797,0.6449212,0.3722512,CEP,125940.0,Unconstrained,Unconstrained,2
459325631,36.0,LS,2.1714228779588245,0.1414931537825298,0.0575326750832623,4.601398059923668,0.0616077426820993,CEP,0.571,0.02,0.0916078599247903,0.6162517,0.28570598,CEP,128412.0,Unconstrained,Unconstrained,2
459325631,37.0,LS,1.4832475041427156,0.0804026119326619,0.0802026654505474,5.011226436694415,0.0524866813793778,CEP,0.427,0.06,0.135498138732604,1.0127926,0.33149278,CEP,128678.0,Unconstrained,Unconstrained,2
459474107,63.0,LS,2.411657311308112,0.2049470183697036,0.2047870779159199,5.662450789288414,0.0234707747586071,CEP,0.461,0.06,0.1167664335329293,0.50422555,0.23972474,CEP,146762.0,Unconstrained,Unconstrained,2
459645384,64.0,LS,1.6017580526147142,0.0555230259898944,0.0519431738029843,4.41107445531452,0.0579452142119407,CEP,0.465,0.06,0.0885849287407288,0.7174921,0.34601247,CEP,136046.0,Unconstrained,Unconstrained,2
459648920,63.0,LS,4.421375167847296,0.1441669523370617,0.1439014179661003,6.544495588121208,0.0101238978095352,CEP,0.446,0.06,0.0785185328441636,0.53862107,0.33130082,CEP,120434.0,Unconstrained,Unconstrained,2
459665972,63.0,LS,2.8835073451426525,0.1680548006249373,0.1672152243404329,4.751513006340247,0.028782628942281,CEP,0.472,0.1,0.1145633868214448,0.84267867,0.31069064,CEP,116803.0,Unconstrained,Unconstrained,2
459994601,63.0,LS,0.934089710562962,0.1774279409670679,0.1773781756805484,5.837641062713374,0.0150330422911793,CEP,0.496,0.08,0.0934813264775377,0.5467871,0.331299,CEP,137291.0,Unconstrained,Unconstrained,2
460118332,64.0,LS,7.915246149156622,0.097262509162901,0.0806010888478107,7.159662672660488,0.0642179418355226,E,0.656,0.1,0.2236523194603624,0.74584365,0.23830286,E,83794.0,Unconstrained,Unconstrained,2
460724949,36.0,LS,11.057653924381984,0.8428187690101236,0.1454478375438852,1.8063936670459952,0.0199644383974373,CEP,0.52,0.06,0.1243286226095986,0.66916484,0.30644184,CEP,145277.0,Unconstrained,Unconstrained,2
460724949,37.0,LS,10.509226485767536,0.8677128714526509,0.3208381776090183,2.501295974905588,0.0224570091813802,CEP,0.433,0.04,0.0603311395549595,0.051445216,0.02721332,CEP,145125.0,Unconstrained,Unconstrained,2
460724949,63.0,LS,1.5979445597357915,0.0693082999080132,0.0690006153368954,4.243688410093455,0.0157054222654551,CEP,0.443,0.12,0.1127743304125544,0.72450316,0.3397322,CEP,145134.0,Unconstrained,Unconstrained,2
460724949,64.0,LS,10.350714563967008,0.8480127310360204,0.6829925611241168,3.8485192087100586,0.0207456480711698,CEP,0.511,0.02,0.0525254833390422,0.071216814,0.045341957,CEP,145214.0,Unconstrained,Unconstrained,2
460738451,64.0,LS,2.4465859900105897,0.1182970651233124,0.118266154416119,6.376786122295016,0.0157138414215296,CEP,0.492,0.1,0.1123538980187158,1.1414433,0.42281586,CEP,86065.0,Unconstrained,Unconstrained,2
460738451,65.0,LS,5.568899702396997,0.3514599868999141,0.3426575714432691,4.398753208963171,0.0172402919270098,CEP,0.432,0.0,0.0081913124711489,0.0004375203,0.00025344663,CEP,86073.0,Unconstrained,Unconstrained,2
460792365,64.0,ACF,1.8287407603565955,0.8646398875680068,1.6840733092428817,388.5855238688314,0.3374827653169632,CEP,0.527,0.0,0.0809054361585178,0.31959054,0.20075099,CEP,80556.0,Unconstrained,Unconstrained,2
460792365,64.0,LS,1.8433231678348,0.9185534310574412,0.9184289655397896,4.486508190344466,0.3374827653169632,CEP,0.52,0.0,0.0494915103830949,0.22203788,0.19656287,CEP,80553.0,Unconstrained,Unconstrained,2
460792365,65.0,LS,1.831883324798761,0.9614685177030128,0.9613492074952762,4.441480592413427,0.3037955984473228,CEP,0.522,0.0,0.0786404069165464,0.18231817,0.15080523,CEP,80558.0,Unconstrained,Unconstrained,2
460873156,63.0,LS,2.763354258725883,0.3401661219164938,0.3399233940699348,4.870803816585976,0.0309111829847097,CEP,0.442,0.06,0.0952859505803108,0.21268892,0.20767987,CEP,137610.0,Unconstrained,Unconstrained,2
460873808,63.0,LS,1.044417218984448,0.2062632524227142,0.2061932762473047,4.649173584301025,0.0125671073328703,CEP,0.466,0.04,0.0761260953944178,0.3115071,0.24680749,CEP,143832.0,Unconstrained,Unconstrained,2
460873808,64.0,ACF,1.2546218642310123,0.4150813292742755,0.8257890977752634,256.9221222240412,0.0121109036263078,CEP,0.528,0.0,0.052872813429966,0.400549,0.20582873,CEP,143844.0,Unconstrained,Unconstrained,2
460873808,64.0,LS,1.2459193682451122,0.438793533232378,0.4386809727523224,4.758392892959819,0.0121109036263078,CEP,0.533,0.0,0.0460119810484182,0.2313674,0.16937155,CEP,143839.0,Unconstrained,Unconstrained,2
460901303,63.0,ACF,2.034757723184157,0.5622627355403171,1.0263850161122332,386.5254979369329,0.0243360386230051,CEP,0.47,0.0,0.0233529098829246,0.020288324,0.020211207,CEP,143931.0,Unconstrained,Unconstrained,2
460901303,63.0,LS,2.0725169175148763,0.4779375232945714,0.4777709733633055,4.389051966893021,0.0243360386230051,CEP,0.458,0.0,0.0296627712798382,0.050253373,0.052126106,CEP,143930.0,Unconstrained,Unconstrained,2
460901303,64.0,ACF,2.0624893097037784,0.5563581772853331,0.9956899784728104,371.872737154888,0.0225188769400119,CEP,0.458,0.02,0.0450720489882587,0.22572857,0.20353748,CEP,143939.0,Unconstrained,Unconstrained,2
460901303,64.0,LS,1.0851566266446857,0.1244349175497555,0.1244219419373342,4.480578299826448,0.0225188769400119,CEP,0.521,0.04,0.0976455959068303,0.6668275,0.31901875,CEP,143934.0,Unconstrained,Unconstrained,2
461379036,58.0,LS,3.745292998208897,0.1090494338292792,0.1089614829458276,4.418288755030517,0.008096121600829,CEP,0.446,0.0,0.062077061786138,0.24743138,0.16401418,CEP,16177.0,Unconstrained,Unconstrained,2
461474553,54.0,LS,0.7363970658595692,0.2405656386655729,0.2294916242999133,5.135216672177194,0.005272960406728,CEP,0.588,0.12,0.133977526473659,0.16458249,0.04883317,CEP,134939.0,Unconstrained,Unconstrained,2
461474553,81.0,LS,1.9573967765129456,0.1001463609120195,0.0838910325418265,7.139275300542067,0.0076537148561328,CEP,0.47,0.02,0.0645814090896133,0.32651377,0.20762394,CEP,134962.0,Unconstrained,Unconstrained,2
461873432,63.0,ACF,1.0787114579816262,0.2786940222276888,0.0100659864319573,1.663492469948153,0.0129562313668429,CEP,0.497,0.1,0.1055108790599339,0.54927546,0.24923474,CEP,125382.0,Unconstrained,Unconstrained,2
461873432,63.0,LS,0.9681736756444492,0.1380595341781739,0.1380503897550846,5.368839782600844,0.0129562313668429,CEP,0.434,0.1,0.0938843969997144,0.68930465,0.33395407,CEP,125367.0,Unconstrained,Unconstrained,2
461873432,64.0,ACF,1.0555404224724043,0.4121592684467738,0.6494782491556219,146.58575165823362,0.0135883584152907,CEP,0.465,0.04,0.0949200589970318,0.6422612,0.31666756,CEP,125723.0,Unconstrained,Unconstrained,2
461873432,64.0,LS,0.9750598487125336,0.1760165677124819,0.1759764127098092,4.657148962334759,0.0135883584152907,CEP,0.464,0.06,0.084203334850824,0.36369175,0.23764049,CEP,125716.0,Unconstrained,Unconstrained,2
461941289,63.0,LS,0.8342101204292784,0.5646604708990284,0.5646580125284915,4.391023095788114,0.0476057501509785,CEP,0.477,0.02,0.0717871966300398,0.3862219,0.26220155,CEP,136144.0,Unconstrained,Unconstrained,2
462093134,63.0,LS,3.789699224904977,0.1660334355727236,0.1608041276242579,4.342569937940425,0.0118507887236773,CEP,0.43,0.12,0.0992177080968916,0.70220983,0.37313023,CEP,129913.0,Unconstrained,Unconstrained,2
462093134,64.0,LS,1.07646203835886,0.176219831778416,0.176181147426959,4.26179120303641,0.0199599913321435,CEP,0.4669999999999999,0.06,0.0971822535239845,1.1478276,0.37537313,CEP,129393.0,Unconstrained,Unconstrained,2
462856785,63.0,LS,5.526652314947758,0.2691910020280661,0.2544888503864087,9.77965633385611,0.0292075658217072,CEP,0.536,0.0,0.0525661488031984,0.49050117,0.2695505,CEP,136707.0,Unconstrained,Unconstrained,2
462856785,64.0,LS,1.5830335706557297,0.0944592516445978,0.0942938806074862,4.749276036283845,0.0248034531250596,CEP,0.466,0.12,0.1061154767222953,0.9279795,0.38736436,CEP,136718.0,Unconstrained,Unconstrained,2
463453949,66.0,LS,3.366167417633905,0.2097790536525852,0.2057492284717202,4.629891111104371,0.0362228997983038,CEP,0.478,0.08,0.1127146059745586,0.81004083,0.39246973,CEP,9996.0,Unconstrained,Unconstrained,2
463493659,66.0,LS,1.3838692841408284,0.0925724569330915,0.0924373547839662,3.650875992389047,0.0352223543450236,CEP,0.492,0.06,0.0784557862748185,0.9380019,0.40347967,CEP,29779.0,Unconstrained,Unconstrained,2
463731129,66.0,LS,1.57641713216441,0.1163954794548258,0.1163464439170541,4.527218256615015,0.0665475241839885,CEP,0.476,0.1,0.1429750243923742,0.71460897,0.32941636,CEP,4857.0,Unconstrained,Unconstrained,2
463746881,63.0,ACF,1.259275784395868,0.2983176104847829,0.5351562294750234,218.8136463571352,0.0407613022252917,CEP,0.445,0.06,0.1235285489269585,0.55380166,0.25640398,CEP,144572.0,Unconstrained,Unconstrained,2
464259862,63.0,LS,3.1581102334479567,0.1491596662549333,0.1423215891281739,7.419024838003679,0.0528464745730161,CEP,0.348,0.1,0.0785993485978096,0.50390637,0.21516311,CEP,141634.0,Unconstrained,Unconstrained,2
464563127,63.0,LS,3.3160086645076507,0.1835215467025397,0.1487441618078911,3.942469320758392,0.0069304171483963,CEP,0.538,0.0,0.0511881392511976,0.41479316,0.22088327,CEP,143577.0,Unconstrained,Unconstrained,2
464563127,64.0,LS,9.61132182302452,0.622587967172724,0.4443177279595226,4.2542745248938445,0.0087642081780359,CEP,0.523,0.08,0.1171039948080337,0.6236746,0.3264081,CEP,143583.0,Unconstrained,Unconstrained,2
464570269,63.0,LS,5.766473706341617,0.9293591784209748,0.9255025801576248,4.379358407579275,0.0395056139677763,CEP,0.531,0.0,0.1073527344784472,0.5745496,0.36322495,CEP,142594.0,Unconstrained,Unconstrained,2
464570269,64.0,LS,5.606612360251401,0.7331802652470952,0.732581299685641,4.722069678024127,0.0579752819612622,CEP,0.45,0.06,0.1209751313287156,0.55059856,0.29058754,CEP,142597.0,Unconstrained,Unconstrained,2
464570977,63.0,LS,2.8221379642677964,0.1926640202549038,0.1897796766938868,5.059838674227649,0.016967641422525,CEP,0.453,0.08,0.0841718337687851,0.6086538,0.3536531,CEP,110578.0,Unconstrained,Unconstrained,2
464579223,63.0,LS,1.396216865390047,0.0942595636454097,0.0936682141316097,4.956219343464909,0.0630157301202416,CEP,0.474,0.02,0.0627906235038321,0.28535092,0.20851323,CEP,106578.0,Unconstrained,Unconstrained,2
464611078,64.0,LS,3.6367290950122246,0.1430454202717081,0.1419366424919015,6.112860846045805,0.0058071030071005,E,0.666,0.08,0.1906719391367298,0.7450007,0.28073937,E,109293.0,Unconstrained,Unconstrained,2
464627129,63.0,LS,1.4903432310734646,0.0653355370362148,0.0641506983441574,4.535716151127417,0.0208732555620372,CEP,0.47,0.0,0.0472145909650819,0.19687848,0.14831927,CEP,138921.0,Unconstrained,Unconstrained,2
464627129,64.0,LS,5.606616649185884,0.3196332692837354,0.3158128624323998,4.73736073184773,0.0268218875862658,CEP,0.445,0.08,0.1119684526998565,0.2839394,0.2094546,CEP,138932.0,Unconstrained,Unconstrained,2
464743397,63.0,LS,3.0846665191957934,0.2237340721537311,0.2231678624353617,4.292791970092367,0.063446769490838,CEP,0.438,0.06,0.079594381711274,0.59278584,0.29709226,CEP,117749.0,Unconstrained,Unconstrained,2
464883446,63.0,LS,5.767009346012183,0.1677716677235167,0.1152711858607696,4.076074133110524,0.0092397863045334,CEP,0.467,0.04,0.0889093380922386,0.4064568,0.21668555,CEP,130101.0,Unconstrained,Unconstrained,2
464883446,64.0,LS,11.21329787715221,0.457545704560563,0.2509008936422294,2.5646484247663466,0.0137054349761456,CEP,0.414,0.0,0.0418091090553243,0.008877836,0.0057520457,CEP,130111.0,Unconstrained,Unconstrained,2
465012500,64.0,LS,2.8033236186801003,0.2014073969032877,0.200357660585715,4.645525050960714,0.0497357128188014,CEP,0.389,0.1,0.0647969875843005,0.31964245,0.23383857,CEP,132165.0,Unconstrained,Unconstrained,2
465012898,10.0,LS,2.877919691251422,0.4183819645970076,0.4181822527608489,4.250372068291654,0.0290046934969723,CEP,0.511,0.0,0.0589209640111225,0.9474302,0.31045002,CEP,112577.0,Unconstrained,Unconstrained,2
465012898,11.0,LS,2.499948908956488,0.2890028442727265,0.2743209376026461,3.344602602740906,0.0266793183982372,CEP,0.697,0.0,0.0924190543124089,0.22078633,0.0643554,CEP,112580.0,Unconstrained,Unconstrained,2
465012898,64.0,LS,2.924955620699312,0.479064404801726,0.4788975168775288,5.312557828445279,0.0306653510779142,CEP,0.528,0.0,0.0638810895336014,0.72280055,0.33333662,CEP,112724.0,Unconstrained,Unconstrained,2
465018235,10.0,LS,3.256593491630189,0.406718494748893,0.4026853595392918,4.463827270368711,0.046886526979506,CEP,0.344,0.1,0.0805026707631492,0.7000934,0.29453355,CEP,104194.0,Unconstrained,Unconstrained,2
465184136,63.0,LS,8.290084431901333,0.3501940950252301,0.2322357875857079,3.745661872395431,0.1276633888483047,CEP,0.499,0.04,0.0799452312524017,0.66315365,0.32343206,CEP,129011.0,Unconstrained,Unconstrained,2
465412693,63.0,LS,2.4116651679665164,0.2470463410648721,0.2419760454207962,4.261933487057831,0.0354482419788837,CEP,0.444,0.06,0.0696325096488701,0.70108706,0.381519,CEP,129024.0,Unconstrained,Unconstrained,2
465538516,11.0,LS,3.308759280882795,0.0763094398243573,0.0730136658806673,4.531718942767384,0.0010489103442523,CEP,0.509,0.02,0.0855648619469464,0.23128395,0.06981937,CEP,140348.0,Unconstrained,Unconstrained,2
465734318,64.0,LS,2.070149453758404,0.092951697574887,0.0927605922743164,9.727132160653127,0.0394323514774441,CEP,0.455,0.04,0.0850319939787372,0.67972606,0.3105648,CEP,143807.0,Unconstrained,Unconstrained,2
465743066,63.0,ACF,1.4398450053759009,0.6871434120581209,1.3076804228017562,298.6408609115246,0.0144657434429973,CEP,0.447,0.08,0.0840423131523639,0.72428876,0.41776618,CEP,89040.0,Unconstrained,Unconstrained,2
465743066,63.0,LS,1.457599232524715,0.5641037293518201,0.564088342730081,5.829055409300054,0.0144657434429973,CEP,0.513,0.04,0.0901466272247608,0.6530625,0.34640366,CEP,89036.0,Unconstrained,Unconstrained,2
465743066,64.0,ACF,1.405088418973719,0.4305827520035909,0.6065608997032796,258.7945122684296,0.0167464127298444,CEP,0.468,0.08,0.0800839159881683,0.4683249,0.31541666,CEP,89047.0,Unconstrained,Unconstrained,2
465743066,64.0,LS,1.431486081582383,0.378696581242847,0.3786256270314725,5.091694026530604,0.0167464127298444,CEP,0.47,0.04,0.0614934663196017,0.31576365,0.22377399,CEP,89042.0,Unconstrained,Unconstrained,2
465936226,63.0,LS,0.9753056777331646,0.2972668625908556,0.2972512283288677,6.575581181812595,0.0247555086389184,CEP,0.464,0.04,0.0831259381901942,0.7022227,0.325774,CEP,126453.0,Unconstrained,Unconstrained,2
465938867,63.0,LS,1.5790668283548146,0.2509255058229658,0.2508732078637579,4.224785140970198,0.0167085602879524,CEP,0.509,0.02,0.0588428279402001,0.5025245,0.33851713,CEP,124038.0,Unconstrained,Unconstrained,2
465938867,64.0,ACF,1.5324040880877874,0.5170069625619391,1.0259285076562303,336.4955628809612,0.0223374483175575,CEP,0.475,0.0,0.0506975502366731,0.26245555,0.20899208,CEP,124051.0,Unconstrained,Unconstrained,2
465938867,64.0,LS,1.5830563721715407,0.4390154671543105,0.4389906460045985,5.255995142473694,0.0223374483175575,CEP,0.454,0.04,0.059171952815502,0.29277816,0.22507204,CEP,124047.0,Unconstrained,Unconstrained,2
466109716,63.0,LS,1.1843000922662237,0.2198878675749159,0.2197335596753947,4.872802872749162,0.016889019170776,CEP,0.497,0.02,0.0555850483493538,0.5489318,0.33679864,CEP,119126.0,Unconstrained,Unconstrained,2
466109716,64.0,LS,3.5410464515940165,0.1570810198769155,0.1525722215692945,3.7535567336090025,0.0170862663071602,CEP,0.458,0.08,0.0904054511630797,0.91768414,0.43596724,CEP,119136.0,Unconstrained,Unconstrained,2
466119626,64.0,LS,1.478679051594859,0.0766584144408366,0.0757102339633075,6.009099560582399,0.0236287130974233,CEP,0.447,0.06,0.0788266452413141,0.5578097,0.2703612,CEP,134046.0,Unconstrained,Unconstrained,2
466283988,10.0,LS,3.535742499804981,0.3818887268120013,0.3659063825313125,5.121383794097255,0.0334842014126479,CEP,0.695,0.02,0.1760351964807038,1.107367,0.2716835,CEP,123967.0,Unconstrained,Unconstrained,2
466353921,10.0,LS,0.4583372025870347,0.1181029908385142,0.113615972435972,4.124721207818311,0.0241475738584995,CEP,0.723,0.0,0.0680905279756296,0.60609484,0.2086511,CEP,132612.0,Unconstrained,Unconstrained,2
466353921,11.0,LS,2.7438561989082766,0.1349610080885254,0.1339708194629417,5.170734514872038,0.0149564491584897,CEP,0.661,0.0,0.0997382574541985,0.4719814,0.17699726,CEP,132453.0,Unconstrained,Unconstrained,2
466353921,64.0,LS,7.474916146086724,0.5859580436652208,0.5808086879386101,4.344248198853165,0.0519315898418426,CEP,0.533,0.02,0.085558644215532,0.1274302,0.13077123,CEP,132654.0,Unconstrained,Unconstrained,2
466524097,63.0,LS,2.1744556353928237,0.0882995858374739,0.0882761920537014,3.60932006908115,0.0093659298727288,CEP,0.447,0.04,0.0706504182577852,0.35527244,0.2606138,CEP,123275.0,Unconstrained,Unconstrained,2
466525438,63.0,LS,1.153407058096531,0.477798068474486,0.4777435080249931,4.507479409297957,0.0131495913956314,CEP,0.513,0.02,0.0624122552068101,1.0465019,0.39988372,CEP,119601.0,Unconstrained,Unconstrained,2
466525438,64.0,LS,1.3730612296033733,0.360039682080752,0.3588383700014079,4.688435307733016,0.0127716641873121,CEP,0.495,0.06,0.0919236639826764,1.0229924,0.41797623,CEP,119608.0,Unconstrained,Unconstrained,2
466701004,63.0,LS,4.01944884393646,0.1367032091100807,0.1326973724744218,5.497254168400104,0.0109068350866436,CEP,0.436,0.02,0.0722239184758068,0.5335149,0.3143254,CEP,113522.0,Unconstrained,Unconstrained,2
466715331,10.0,LS,5.892912433603431,0.3221471155015883,0.3189719640214735,5.628410017156057,0.0113138474989682,CEP,0.406,0.12,0.0927797909029762,0.17056128,0.118442036,CEP,121943.0,Unconstrained,Unconstrained,2
466715331,37.0,LS,6.653899466471223,0.3845400594624093,0.3801850941042829,4.969030562057014,0.013612643815577,CEP,0.42,0.06,0.0448446919935905,0.005884221,0.0029446343,CEP,121953.0,Unconstrained,Unconstrained,2
466844157,11.0,LS,1.9067456725919891,0.0679106900838662,0.0671744269610849,6.930898337182953,0.0506652984768152,CEP,0.432,0.02,0.1304092082638338,0.07551451,0.016059598,CEP,120816.0,Unconstrained,Unconstrained,2
466876125,63.0,ACF,2.4838543732957987,0.5978187255005617,0.9296799394967556,544.6724287874454,0.0224213837645947,CEP,0.542,0.0,0.0432592186707064,0.29287386,0.1858309,CEP,126410.0,Unconstrained,Unconstrained,2
466876125,63.0,LS,2.502676063219504,0.5598192461500415,0.5597684480263907,4.056176260375651,0.0224213837645947,CEP,0.527,0.02,0.0794441590049262,0.4184453,0.21535918,CEP,126407.0,Unconstrained,Unconstrained,2
466876125,64.0,LS,2.446544214520519,0.6866412546499502,0.6859526113952171,4.399932273674494,0.0227658008225262,CEP,0.485,0.0,0.0491081418911365,0.012230607,0.00404568,CEP,126412.0,Unconstrained,Unconstrained,2
466880435,10.0,LS,1.2014662757992622,0.3060903489488197,0.3060618417655048,4.297078590302135,0.1365774497389793,CEP,0.655,0.0,0.1053395576220063,0.7765069,0.25858703,CEP,130334.0,Unconstrained,Unconstrained,2
466883309,10.0,LS,2.9464534830927818,0.1213742461275468,0.1183352799117659,4.28225951315153,0.003038897702936,CEP,0.6,0.02,0.0791512577284783,0.42055452,0.14778253,CEP,117502.0,Unconstrained,Unconstrained,2
466883309,37.0,LS,3.416863648598139,0.1837398530198824,0.1835131285128298,5.246858514503401,0.0038103215047158,CEP,0.448,0.0,0.0611372227043394,0.23084444,0.19225237,CEP,117510.0,Unconstrained,Unconstrained,2
466883309,64.0,LS,3.5410534387497266,0.1208764964429907,0.1204976066348536,4.822530403467681,0.0060576008399948,CEP,0.448,0.04,0.0902744615049018,0.57750195,0.31872126,CEP,117616.0,Unconstrained,Unconstrained,2
467050362,64.0,LS,1.6409762302989968,0.237848073968571,0.2377906632619285,5.166660644252261,0.0128569814842194,CEP,0.475,0.0,0.0610741713001494,0.1721688,0.13707101,CEP,112006.0,Unconstrained,Unconstrained,2
467065657,10.0,LS,2.02870511549452,0.1584102268445377,0.1576311753745392,4.938541249245645,0.0302421161904931,CEP,0.607,0.0,0.088172957305514,0.72474426,0.29628178,CEP,115556.0,Unconstrained,Unconstrained,2
467067108,37.0,LS,1.6418691092507902,0.4334052620318429,0.4332716001782239,4.112135371075056,0.0201970827765762,CEP,0.511,0.0,0.0739540289639448,0.43813705,0.22523554,CEP,121709.0,Unconstrained,Unconstrained,2
467067108,64.0,LS,1.6612344197155662,0.2500602179046234,0.2499850995504088,5.152971683335636,0.0211923988536,CEP,0.551,0.0,0.0503295380467573,0.69110227,0.3326347,CEP,121809.0,Unconstrained,Unconstrained,2
467094468,64.0,LS,1.5290920707103468,0.0795655825663842,0.0791534552619196,5.437318708049133,0.0164440623484551,CEP,0.444,0.08,0.0924424923939202,0.346821,0.149735,CEP,114091.0,Unconstrained,Unconstrained,2
467095041,64.0,LS,5.175388801969191,0.5511755344174338,0.5504779925360729,4.791989921635832,0.0737351411953568,CEP,0.451,0.04,0.0985857109321629,0.30736017,0.19472606,CEP,111708.0,Unconstrained,Unconstrained,2
467240172,10.0,LS,3.01831937739108,0.1118601068117309,0.1073991100126359,4.807135115777328,0.0291244057007133,CEP,0.739,0.0,0.1442912000088709,1.0196204,0.29627568,CEP,118997.0,Unconstrained,Unconstrained,2
467242472,64.0,LS,1.1700873599511192,0.1086330554902474,0.1082014117948758,4.455861682567047,0.0388917746022343,CEP,0.449,0.06,0.1066833895224556,0.69299513,0.3252238,CEP,120945.0,Unconstrained,Unconstrained,2
467279235,64.0,ACF,1.97222251277708,0.6873779915432865,1.3377758242888311,406.9215429253637,0.0585632165893912,CEP,0.556,0.0,0.0644896890983357,0.82002115,0.36800697,CEP,114606.0,Unconstrained,Unconstrained,2
467279235,64.0,LS,1.978824582875717,0.8108424696395676,0.810488639472462,4.370552618063812,0.0585632165893912,CEP,0.498,0.0,0.0631116471025753,0.61223936,0.3074023,CEP,114603.0,Unconstrained,Unconstrained,2
467280937,64.0,LS,1.5290919258526448,0.3649958772272196,0.3643394385921321,4.2992431842722,0.0185642240103334,CEP,0.537,0.0,0.0543856010355682,0.20629397,0.15659454,CEP,126521.0,Unconstrained,Unconstrained,2
467409163,10.0,LS,0.6991592266918982,0.1359092420736231,0.1252142731711571,3.460624521144382,0.155214611440897,CEP,0.647,0.06,0.1373620267759616,0.8246332,0.2767691,CEP,133354.0,Unconstrained,Unconstrained,2
467409163,37.0,LS,0.5991663092060415,0.2875130622592964,0.2875124644035501,4.224048120242514,0.01773611176759,CEP,0.472,0.04,0.0315829067693269,0.12702423,0.12547143,CEP,133375.0,Unconstrained,Unconstrained,2
467817623,37.0,LS,0.2237596472931108,0.8391891709954812,0.8391890779517798,4.313428535777348,0.0414437288418412,CEP,0.422,0.08,0.0436440144807967,0.11719352,0.050738376,CEP,109698.0,Unconstrained,Unconstrained,2
468090491,64.0,ACF,0.9143538259195338,0.5751998472304806,0.4791023317290689,172.53567011704746,0.0177694717422127,CEP,0.467,0.0,0.0501418148853828,0.17730972,0.1006733,CEP,123473.0,Unconstrained,Unconstrained,2
468090491,64.0,LS,8.970688366674189,0.3692586738250691,0.36145552566609,4.498858723745798,0.0177694717422127,CEP,0.43,0.0,0.0161851784049481,0.00013848835,5.108396e-05,CEP,123472.0,Unconstrained,Unconstrained,2
469027010,9.0,LS,1.1060725489342391,0.0766947676297104,0.0765619411029345,4.419200259659192,0.0304934591986238,CEP,0.581,0.1,0.1201235630507187,0.1672552,0.06791048,CEP,122168.0,Unconstrained,Unconstrained,2
469027010,10.0,LS,1.6499804208393176,0.0751851947371378,0.0675289631093485,4.505918541697156,0.0226784707047045,CEP,0.558,0.12,0.115298742404243,0.050077163,0.0083627775,CEP,122184.0,Unconstrained,Unconstrained,2
469704640,76.0,LS,1.520992106004183,0.0922328535625008,0.0921646509958477,4.884185246221023,0.0391851924359798,CEP,0.464,0.06,0.0949144962584746,0.6072828,0.2940313,CEP,103711.0,Unconstrained,Unconstrained,2
469704640,77.0,LS,0.9676323131286846,0.1016632686495393,0.1015864254473316,3.8611899669849663,0.034085928928107,CEP,0.428,0.06,0.0665807780068692,0.37504274,0.24590176,CEP,103727.0,Unconstrained,Unconstrained,2
469984020,56.0,ACF,1.6458516108923504,0.7740467534611754,1.4322943792891312,352.4349767612636,0.1114469766616821,CEP,0.578,0.0,0.1017593710672388,1.3340862,0.4337543,CEP,88583.0,Unconstrained,Unconstrained,2
469984020,56.0,LS,1.6595202490596457,0.8047229366936781,0.8046618039336645,4.368108216967812,0.1114469766616821,CEP,0.611,0.0,0.0570213153127845,1.1094048,0.40710214,CEP,88579.0,Unconstrained,Unconstrained,2
469984020,57.0,ACF,1.6527529227641935,0.7078050063912614,1.0850665168599547,356.59420962309434,0.1390894036740064,CEP,0.483,0.04,0.1242391307117045,0.5734224,0.2790569,CEP,88589.0,Unconstrained,Unconstrained,2
469984020,57.0,LS,1.6718939928112346,0.6360863469467571,0.6358417700407795,4.171051612021984,0.1390894036740064,CEP,0.494,0.0,0.1135245453635468,0.35427654,0.2263297,CEP,88585.0,Unconstrained,Unconstrained,2
469984020,76.0,ACF,1.6735838691688514,0.7967667697103417,1.4283283233908777,351.7765696660123,0.1105309650301933,CEP,0.588,0.04,0.0983470507946222,1.2151349,0.4266296,CEP,88412.0,Unconstrained,Unconstrained,2
469984020,76.0,LS,1.6713560296742809,0.7892213196514375,0.7891852929043827,4.483316447211109,0.1105309650301933,CEP,0.593,0.0,0.0535450613969206,0.80692923,0.3857979,CEP,88408.0,Unconstrained,Unconstrained,2
469984020,83.0,ACF,1.6481609740258136,0.7789431952127361,1.5087779260237806,356.32919933112544,0.1066286768764257,CEP,0.598,0.02,0.0771409203989685,1.2637262,0.33686584,CEP,88593.0,Unconstrained,Unconstrained,2
469984020,83.0,LS,1.662207034593454,0.8663876719688738,0.8661091364499873,4.429115854618431,0.1066286768764257,CEP,0.589,0.0,0.0685428800095239,1.014148,0.41862974,CEP,88591.0,Unconstrained,Unconstrained,2
469984020,84.0,ACF,1.659698408039958,0.7939460425004251,1.5663854750539818,359.52144042732834,0.0988936517387628,CEP,0.611,0.0,0.0402595777424453,1.1257532,0.3884723,CEP,88418.0,Unconstrained,Unconstrained,2
469984020,84.0,LS,1.671907311246252,0.885454304974351,0.8853913439260583,4.440618255703157,0.0988936517387628,CEP,0.641,0.0,0.0536414914035767,0.9360142,0.37872362,CEP,88414.0,Unconstrained,Unconstrained,2
470005658,66.0,LS,0.9606548378145146,0.2376311126005791,0.237619483382984,4.15643512562383,0.0111245177686214,CEP,0.471,0.08,0.0792985649302684,0.5789533,0.30296922,CEP,58330.0,Unconstrained,Unconstrained,2
470347906,59.0,LS,1.135393942571178,0.8425812776441207,0.842566710761099,4.232804130177101,0.0332729681394994,CEP,0.47,0.0,0.0230789947788026,0.00019402945,5.5391316e-05,CEP,14356.0,Unconstrained,Unconstrained,2
470354978,59.0,LS,0.933546230141052,0.5222649500704917,0.52225702816646,4.657460982994962,0.0279583665542304,CEP,0.489,0.04,0.0690926913645719,0.8478242,0.39983192,CEP,47405.0,Unconstrained,Unconstrained,2
470356125,59.0,LS,2.6817095873385126,0.7035530663478008,0.7028250836217941,4.268292902852409,0.0321074831299483,CEP,0.536,0.0,0.0713226920411729,1.1651762,0.42984828,CEP,11163.0,Unconstrained,Unconstrained,2
470472700,59.0,LS,3.6011611648599944,0.3684018505835662,0.3681868532937839,5.965166348421917,0.0549188163131475,CEP,0.555,0.0,0.1181280931870145,0.63956594,0.27125588,CEP,6981.0,Unconstrained,Unconstrained,2
470514123,59.0,LS,0.5270275728113997,0.1025163604665551,0.1018915677704133,4.090216875436454,0.0484805880114436,CEP,0.377,0.12,0.0754339870350228,0.7243582,0.39462563,CEP,10742.0,Unconstrained,Unconstrained,2
470695242,58.0,LS,8.660887155289888,0.4535437351260605,0.4414330485241424,4.262267552163394,0.080443499609828,CEP,0.45,0.02,0.0780445411287682,0.01190471,0.00413752,CEP,66191.0,Unconstrained,Unconstrained,2
470695242,77.0,LS,2.2268522278121,0.240908536228353,0.2407949305382562,3.799128798636957,0.0595374731346964,CEP,0.491,0.02,0.1052448269512568,0.96630365,0.35321113,CEP,66096.0,Unconstrained,Unconstrained,2
470794720,58.0,LS,6.928793835931741,0.4962665404697458,0.4837943016975045,4.8651911891574855,0.0067581993062049,CEP,0.532,0.02,0.0573440982142016,0.24403694,0.13780828,CEP,11458.0,Unconstrained,Unconstrained,2
470849121,58.0,LS,9.23827443809038,0.3878650052147657,0.3725927723429193,4.951751671018428,0.0644448306411504,CEP,0.442,0.06,0.0445646676190903,0.004151685,0.0021019718,CEP,39914.0,Unconstrained,Unconstrained,2
470849121,77.0,LS,10.020826955410648,0.5604636787130842,0.5540703379372456,4.263019445606915,0.0632928125560283,CEP,0.426,0.0,0.042688996240249,0.043231398,0.047235526,CEP,39924.0,Unconstrained,Unconstrained,2
470849121,78.0,LS,0.6136201214379077,0.2252581378480407,0.224790772719857,4.72910955936095,0.0209405459463596,CEP,0.464,0.0,0.0384820165791763,0.10747899,0.09379143,CEP,39930.0,Unconstrained,Unconstrained,2
470910164,58.0,LS,1.6899715660442738,0.4421438838816772,0.4421301682773567,4.412131423785468,0.0297848437912762,CEP,0.519,0.0,0.0526024942374408,0.25755653,0.12686218,CEP,64883.0,Unconstrained,Unconstrained,2
