TIC,sector,source,per,power,prominence,width,amplitude,cnn_ELL,cnn_M,cnn_CEP,cnn_DST,cnn_E,cnn_LPV,cnn_RR,cnn_Rndm,brf_class,brf_prob,cube_idx,sector_class,final_class_tic,decision_step
10826277,7,LS,4.209751611054986,0.7753465176802751,0.7746939956625131,4.2187674901797365,0.6018124893307686,0.0007414099,0.8890546,0.06525713,0.016924066,2.218551e-05,0.00010807989,0.0009502884,0.026942164,CEP,0.988,8575,CEP,CEP,2
11819849,61,LS,4.163540448015234,0.0411264632108981,0.036004045550412,3.8745097696364574,0.0317156082019209,0.97994643,1.2870036e-10,7.719243e-09,0.00019746079,0.019855399,6.421136e-11,6.133666e-10,6.454426e-07,ELL,0.994,4263,ELL,Mixed,2
11819849,62,LS,5.882317186700825,0.0271398299116067,0.0107126146973337,1.9150935890474496,0.0244837254285812,0.0011911847,3.2195974e-08,3.911148e-15,2.3416233e-10,0.998628,2.734805e-07,1.4094898e-15,0.00018053972,E,0.994,4293,E,Mixed,2
14655089,80,LS,2.6983876509120357,0.0386773677613103,0.0238183148033769,3.6698657102662153,0.1631911285221576,0.0006297781,2.0850747e-08,2.6773790000000003e-17,1.2333681e-25,0.99875987,1.3584665e-07,4.4794637e-22,0.0006101853,E,1.0,2140,E,E,2
15121710,80,LS,2.698387155790544,0.0453626065217194,0.0274816910071624,3.7248465090829583,0.2075237222015857,0.000114113755,4.8322967e-08,4.830674e-16,1.4454639999999998e-26,0.9955363,2.525116e-07,3.9178415e-22,0.004349238,E,0.998,4347,E,E,2
17218985,80,LS,0.9794160499431942,0.0233206762545623,0.0227598996047422,4.998486815188841,0.0859323609620332,0.0012059688,1.3355185e-05,6.295566e-12,1.4678281e-11,0.9982052,8.2336264e-05,9.106814e-15,0.0004931293,E,0.98,4620,E,E,2
30468522,61,LS,1.4403966355351572,0.0229959818959077,0.0219254642160895,3.4970688914968804,0.0541763519868254,0.00036689412,6.663377e-10,8.538252e-15,4.5737666e-10,0.9983022,3.046523e-07,9.6699275e-18,0.0013305239,E,0.998,7343,E,E,2
30468522,62,ACF,0.4166651255036413,0.057986776113633,0.0296172541138195,1.6352875057641256,0.0401443056762218,0.008517606,2.5806787e-14,5.636347e-13,3.067986e-08,0.9913935,1.817824e-10,1.1265934e-11,8.887591e-05,E,0.94,7412,E,E,2
30468522,63,ACF,0.1041667789695566,0.1981782937069284,0.0117002884315255,0.9751778300770866,0.0408925581723451,0.001265375,3.6835373e-09,4.922292e-07,0.9398389,0.034830213,0.0042925607,0.012849693,0.00692276,DST,0.904,7490,DST,E,2
30468522,64,ACF,0.0092593089357251,0.1298468270651683,0.0116398101572025,1.2050273730189125,0.0297966809011995,0.0059413477,3.6626848e-06,0.8120945,0.11767871,0.0011650708,0.00021343908,0.01941339,0.04348996,DST,0.902,7561,DST,E,2
30468522,65,LS,6.169035547131482,0.1531990222915885,0.0506972052818439,3.2314395705526917,0.0789681635797023,0.00032001024,5.819615e-09,2.8416981e-15,5.9237008e-12,0.99962103,3.1985015e-05,8.35827e-15,2.6950398e-05,E,0.97,7590,E,E,2
30468522,67,LS,1.6353994571141577,0.0385766902778416,0.0364488891988184,4.377191356001987,0.079629523679614,4.9683593e-05,5.996503e-06,9.523155e-05,0.6442658,9.947298e-06,0.3521141,0.00081931235,0.002639969,CEP,0.478,7657,Unconstrained,E,2
30468522,68,ACF,0.1365747636323249,0.709246691501708,0.0003826358915861,0.546626975786694,0.1293296087533235,0.024189673,1.1369955e-07,0.0023296615,0.6996732,0.0014312894,0.00035122622,0.0032887917,0.26873612,DST,0.514,7735,Unconstrained,E,2
30468522,68,LS,2.7032034458853658,0.1502031248964326,0.1370953152015609,3.809841244968148,0.1293296087533235,0.6335931,1.6569418e-09,5.562436e-07,0.36587462,0.0004935465,9.968928e-07,1.5202607e-05,2.206263e-05,E,0.504,7704,Unconstrained,E,2
30643326,62,LS,2.177602574354916,0.0159793924224935,0.0136207057710004,3.502431043753461,0.0706809526309371,0.8509785,7.18339e-09,1.6310729e-07,0.0074512837,0.13032106,0.0016007628,1.0835631e-05,0.009637457,ELL,0.952,553,ELL,Mixed,2
30643326,63,LS,1.6987325210781716,0.0214730463545139,0.020481727116061,5.004218245132051,0.086932061240077,0.0056814244,8.33645e-08,1.3098932e-10,5.578808e-05,0.9820638,0.0003455101,1.4879182e-09,0.011853414,E,0.984,611,E,Mixed,2
30643326,64,LS,4.340675957896933,0.0385048898488867,0.0363077716197492,3.187618674970224,0.082523263990879,0.00058851065,3.3080494e-12,5.14915e-15,5.631761e-10,0.9993625,1.5754797e-09,2.4378010000000002e-17,4.8958373e-05,E,0.996,690,E,Mixed,2
30643326,65,ACF,0.0092593296976701,0.5613057560600831,0.0102172974922077,0.8365636724340025,0.0523131527006626,0.002931589,1.0855517e-06,0.8864512,0.0771858,0.0006224879,8.5372834e-05,0.016962858,0.01575959,DST,0.934,787,DST,Mixed,2
30643326,66,LS,4.43167262109122,0.0381218465964921,0.035648907539452,4.624809676912392,0.044823121279478,0.36920306,0.00019732842,2.090724e-07,0.0014747565,0.08942134,0.43032378,1.1356689e-05,0.10936815,E,0.276,992,Unconstrained,Mixed,2
30643326,67,LS,4.322125462858579,0.0470337700484283,0.0381382015139227,3.5810730982629053,0.0588565180078148,0.9485433,1.37666225e-08,3.392383e-08,0.044075094,0.0018265733,0.005232933,2.6356676e-05,0.00029571573,ELL,0.828,861,ELL,Mixed,2
30643326,68,ACF,0.1458340173853685,0.5411257623337692,0.0014041257681508,0.5696696627251754,0.0809764023870229,0.0021031469,7.360979e-08,2.6044203e-05,0.7481832,0.002145139,0.018466823,0.010682163,0.21839346,DST,0.556,983,Unconstrained,Mixed,2
30643326,68,LS,1.5017791591200853,0.0524633436587545,0.0411958486484783,3.5167596744329046,0.0809764023870229,3.5494036e-06,3.5135564e-10,7.251367e-07,0.9997882,8.636851e-08,6.267221e-05,0.00014438375,3.8829427e-07,CEP,0.518,933,Unconstrained,Mixed,2
30722286,63,ACF,0.2291673689751405,0.5939532733631668,0.0016210538475633,0.7666147115120907,0.0424074474722147,0.89966965,4.4792973e-08,0.0011628908,0.08637928,1.5499908e-06,1.999047e-09,1.2444387e-06,0.012785298,ELL,0.58,2054,Unconstrained,Mixed,2
30722286,63,LS,1.323103974011821,0.0152213824383543,0.0136077942502297,3.280128596116185,0.0424074474722147,0.9372503,2.2030295e-09,0.0012818543,0.060766462,1.7806698e-07,1.6205494e-10,7.4309696e-08,0.00070098497,ELL,0.704,2053,Unconstrained,Mixed,2
30722286,64,LS,5.382445896407354,0.2223856122989946,0.1955269614248773,3.856760063132088,0.032037238124758,1.9382758e-06,2.1425507e-11,2.3368345e-17,1.1043718e-12,0.9999976,2.3449884e-07,1.3042098e-20,2.2573825e-07,E,0.9952822506141628,2061,E,Mixed,2
30722286,65,LS,3.9587205500366167,0.0369656590567661,0.0229983611402832,2.7515250589356164,0.2819036319851875,0.99900764,5.756615e-12,1.2802669e-09,0.00096998905,2.2290214e-05,4.5727705e-12,6.2032264e-09,1.1316336e-07,ELL,0.954,2083,ELL,Mixed,2
30722286,66,LS,1.5707188458527457,0.0429862485953835,0.0390947357829532,3.885772702375633,0.229780338704586,5.1208136e-08,3.4112138e-06,0.9983053,0.00018330345,1.3484092e-10,0.00069209695,1.6899325e-05,0.0007989591,CEP,0.968,2116,CEP,Mixed,2
31150648,62,LS,7.222258125337195,0.129263646326337,0.1265243221484444,3.629838380245437,0.0136555894277989,0.97079337,3.416262e-07,4.2103597e-08,0.0034931265,0.0032059986,0.022300966,1.254845e-06,0.00020494033,ELL,0.936,2911,ELL,Mixed,2
31150648,63,LS,3.315914180610096,0.0607012106888144,0.0460107722674146,5.849069811913957,0.0251337117515504,1.0274568e-05,6.017823e-11,2.1892038e-13,1.6152679e-09,0.9992735,2.5741824e-07,4.6061287e-15,0.00071597646,E,0.998,2987,E,Mixed,2
36140351,65,LS,1.5411619860231738,0.0380503415175769,0.0301365571483376,6.541703102520444,0.1293333992362022,0.9998493,5.4682446e-11,7.624523e-12,7.2559254e-05,7.114592e-05,1.4570677e-09,8.913534e-11,6.9402754e-06,ELL,1.0,6926,ELL,ELL,2
37169108,6,LS,4.723759498434281,0.8077805168873254,0.8033759555390099,4.28964708167428,0.4993446543812752,6.562855e-06,0.0126871085,0.98154634,0.001098027,3.5445083e-07,1.2696727e-06,0.004068472,0.00059191935,CEP,1.0,8602,CEP,CEP,2
37315597,6,LS,0.1011606545342592,0.8853434046088919,0.8853433896772926,4.409004032392204,0.0831857044249773,0.00039361353,0.6379496,0.30366567,0.021348469,2.5946168e-08,0.0019699924,0.0005354172,0.034137275,DST,0.898,7048,DST,DST,2
43006300,80,LS,2.404032917851056,0.0277226524416144,0.0188733447054148,4.139468368520326,0.0876910425722599,0.96661466,1.3229226e-12,7.62685e-11,6.2667896e-06,0.033374973,1.4617912e-08,3.1662328e-09,4.1342614e-06,ELL,0.9995,4827,ELL,ELL,2
43464434,65,LS,7.327685151708465,0.0625095707600976,0.0516122206669547,3.399771580694945,0.0400049705058336,0.9643203,1.9499213e-11,8.488631e-09,0.0064215213,0.029128838,6.9636876e-08,0.00012203515,7.2139815e-06,ELL,0.9335,1693,ELL,ELL,2
43855395,80,LS,4.006725952898996,0.1237393215930092,0.1236709129498136,4.209953086663209,0.1047304924577474,1.5099567e-06,1.9994302e-05,7.491559e-06,0.16268149,2.2378133e-08,0.8239558,0.011150661,0.0021830094,CEP,0.51,1388,Unconstrained,Unconstrained,2
45589186,66,LS,2.305157278593569,0.020730237350222,0.0144151172009989,2.933950474011766,0.122892390936613,0.000385031,4.4859544e-08,9.482605e-13,2.3031716e-23,0.9990331,3.7961962e-07,3.8606123999999997e-19,0.0005814287,E,1.0,441,E,E,2
47028374,66,LS,2.008837727646331,0.021402966210886,0.0150309906664308,3.5170010668375866,0.0940780527889728,0.0004032068,8.225371e-08,1.2971866e-13,2.6485437e-24,0.9931913,5.4033893e-07,1.5684892e-20,0.006404866,E,0.998,6215,E,E,2
56409473,8,LS,0.0601220132639944,0.2488206535899004,0.2035353444301247,3.0466032685133086,0.1130247861146926,2.7541864e-06,7.267576e-06,0.020600244,0.72987944,7.0540786e-08,0.20930797,0.03611575,0.004086521,DST,0.998,5075,DST,DST,2
56409473,35,LS,0.0603107559540493,0.6783515046136833,0.6783515011831844,4.001607360458593,0.1290270499885082,8.370341e-08,2.6785946e-08,0.0013921891,0.9761627,2.7404906e-11,9.087485e-05,0.02235407,6.3789905e-08,DST,1.0,5093,DST,DST,2
57318739,80,LS,5.085508276666114,0.0787935883628992,0.0409631344330037,2.5383055966869925,0.1894985511898994,0.2341053,0.008858208,1.2100119e-06,4.954416e-09,0.09098551,0.42956144,5.7566275e-08,0.23648825,E,0.268,4576,Unconstrained,Unconstrained,2
57821571,80,LS,1.8364338858689344,0.014619255466492,0.0099295333042237,6.770655208658134,0.0595554849132895,0.9957158,4.328191e-10,1.7394693e-06,0.004187099,3.0689655e-06,6.757667e-10,1.2164504e-06,9.107883e-05,ELL,0.972,8724,ELL,ELL,2
78850814,9,LS,0.109624142213743,0.9273938118828108,0.927393724088299,4.321793103886876,0.1614081300795078,6.9135145e-05,0.88262767,0.060397893,0.010475027,1.6826166e-07,0.00017769694,0.03877066,0.0074817427,DST,0.818,5118,DST,DST,2
78850814,35,LS,0.1096674713349162,0.9266773335431168,0.9266773001782452,3.950234533032244,0.2038155868649482,2.1282451e-06,0.001223597,0.9872515,0.010302418,4.7241615e-09,5.440422e-07,0.001211283,8.585764e-06,DST,0.872,5142,DST,DST,2
78850814,36,LS,0.109653104630018,0.9303829904409392,0.9303829855800668,4.2442327944713725,0.1816928572952747,2.3337944e-07,0.0010059965,0.99133366,0.0069546904,1.0113294e-08,6.01177e-08,0.0006704447,3.4961406e-05,DST,0.812,5165,DST,DST,2
81047196,7,LS,0.1827600827159426,0.9252165269232794,0.925216361502531,4.2549164995213005,0.0641968334093689,0.00017171512,0.9448183,0.012537691,0.014918184,3.6517355e-07,0.003390679,0.01665779,0.007505342,DST,0.844,7918,DST,Mixed,2
81047196,33,ACF,0.7291769999028475,0.8960178009465715,1.5838210421356451,13.641271186660674,0.076969233341515,0.009949649,1.9861764e-08,1.3816357e-11,1.0787921e-13,0.99001837,1.0188918e-06,5.8572244e-12,3.0939842e-05,E,0.948,7909,E,Mixed,2
82893147,8,LS,0.1312868711563862,0.5987362927810546,0.5987359527267057,3.868386469798452,0.3559567034244537,7.471691e-05,2.0005722e-07,0.0014733027,0.9589241,1.3445133e-06,0.00044393,0.03908226,1.1343308e-07,DST,1.0,7964,DST,DST,2
82893147,35,LS,0.131373050273494,0.9044199646924176,0.9044198446536252,4.022518444340562,0.1803232170641422,0.00016463509,0.0017849815,0.0121793905,0.9712323,1.8353413e-06,0.00023967358,0.013496755,0.0009003639,DST,1.0,7982,DST,DST,2
85771680,39,ACF,0.5555695704606478,0.9415731891656076,1.5239754556195444,27.970664058894776,0.6515959650278091,4.559278e-08,2.484884e-06,0.0017742532,3.7897867e-06,2.131563e-11,1.6517753e-05,0.9959591,0.0022437882,RR,0.994,7335,RR,RR,2
92017453,6,LS,0.1134077960812735,0.6048543127852355,0.604853572966784,4.357385914732845,0.4657097905874252,3.3566266e-06,1.5868862e-08,0.015775952,0.9327313,9.105949e-08,0.005423548,0.046063304,2.5222605e-06,DST,1.0,7091,DST,DST,2
92017453,33,LS,0.1133709627749621,0.9482971170613672,0.9482970976456612,4.307930792285788,0.1501437649130821,6.939252e-07,1.081739e-06,0.036929227,0.9273693,1.3818332e-09,1.180464e-06,0.03569377,4.746901e-06,DST,1.0,7106,DST,DST,2
92017453,43,LS,0.1133697613119069,0.9677162240948588,0.9677161106210737,4.273803616790247,0.0796854589134454,2.5651013e-06,0.0015763154,0.13223934,0.118819736,1.0003299e-07,1.8617611e-05,0.7471075,0.00023591037,DST,0.956,7130,DST,DST,2
92017453,44,LS,0.1133681095008743,0.9627964076219692,0.9627963998919704,4.267099578203897,0.0850518885999918,4.916741e-06,0.0020259556,0.098631606,0.022312691,4.332206e-08,0.00013753965,0.8766096,0.00027771114,DST,0.9,7151,DST,DST,2
92017453,45,LS,0.1133731099944074,0.958912045000791,0.9589119889261885,4.241079747237791,0.081078503280878,3.646854e-05,0.07422773,0.097255714,0.046727903,3.2481725e-07,0.0014102473,0.7761259,0.0042156205,DST,0.986,7170,DST,DST,2
97550024,66,LS,9.52978184631302,0.2910249595902692,0.2276042452672453,3.704811694630444,0.0792552810162305,0.9959632,2.32009e-13,8.108285e-08,0.0040356494,9.997113e-07,5.290477e-13,3.1121408e-09,5.7973026e-09,ELL,0.964,4754,ELL,ELL,2
98243339,65,LS,4.972375220199054,0.0704306177005384,0.0545512418771628,2.510909347194243,0.0417522760108113,0.00031706615,5.8358465e-09,9.207278e-12,7.8462525e-09,0.99956244,1.3179979e-05,4.4555665e-13,0.00010723104,E,0.922,4155,E,E,2
106650004,80,LS,2.592592254752528,0.0206132592565036,0.0056055361182939,2.1453448426048425,0.1703798770904541,0.9982508,4.0428563e-12,1.7499388e-10,0.0017403319,8.7123235e-06,4.4627006e-12,4.577958e-09,1.8055508e-07,ELL,0.978,4700,ELL,ELL,2
107330123,66,LS,9.547759227974575,0.0382427206981285,0.0206916196580761,3.731857221059601,0.0535924360156059,0.99105185,6.866739e-09,5.8578484e-09,1.4268783e-05,0.004327937,0.001109856,4.2859185e-07,0.003495564,ELL,0.999,8982,ELL,ELL,2
107822248,66,ACF,0.7963036162582284,0.0943387352879602,0.0073202266838996,1.2749698267800795,0.0350292539224028,6.550548e-06,3.2713123e-09,6.240055e-07,0.24859017,1.6288976e-08,0.7511642,3.057982e-05,0.00020785251,CEP,0.334,3238,Unconstrained,Unconstrained,2
107822248,66,LS,0.7998015860741902,0.1062721523337334,0.1062647578475831,4.497263235778121,0.0350292539224028,3.016672e-05,3.881935e-08,3.3118974e-06,0.22416422,2.1529779e-07,0.7752774,0.00013078396,0.00039390646,CEP,0.43,3204,Unconstrained,Unconstrained,2
108810330,80,LS,1.8364223142182812,0.0204748618591971,0.0040268376527522,5.203622825263274,0.0826191063970327,9.0006324e-05,6.859308e-12,6.451513e-14,1.3364624e-07,0.9997627,1.7847367e-07,3.090018e-15,0.0001470533,E,0.996,4945,E,E,2
123396860,66,LS,4.785618979033733,0.1276627099134545,0.1229732403928269,3.9101699921002826,0.0519220903515815,0.00031409902,8.800138e-10,3.1930368e-16,2.3838598e-12,0.9995921,9.316236e-05,8.105504e-18,6.1683176e-07,E,0.8256476221199966,414,E,E,2
123580083,6,LS,0.1394703767386511,0.4836311924112974,0.4836310043386128,4.590151606268705,0.106782466173172,6.166974e-07,0.0011665799,0.85920894,0.046962183,2.825448e-07,0.08245268,0.007999494,0.0022092948,DST,0.966,7933,DST,DST,2
123580083,33,LS,0.1394524092209445,0.4647107527476775,0.4647107370660393,5.179815473361941,0.1212242431938648,1.86264e-08,1.6337732e-06,0.039348926,0.94267344,3.282402e-10,0.0151363425,0.0028392132,3.2498016e-07,DST,1.0,7946,DST,DST,2
125962868,66,LS,1.6186431906137255,0.0480540081913443,0.0474695389175978,4.32702459344371,0.2030436508357525,0.0202732,0.00028546754,1.8100377e-06,0.0072787516,0.9102771,0.05144451,1.8868717e-06,0.010437231,E,0.918,8703,E,E,2
141134087,8,LS,7.0895205950221385,0.6078687136428164,0.4939163936408241,3.4536211034213613,0.4603259265422821,0.0038189162,0.060505167,0.04288208,0.26286802,0.0001293497,0.057581678,0.5621662,0.010048511,CEP,0.81,8564,CEP,CEP,2
141134087,9,LS,7.486884807988402,0.8112551524199937,0.7887581668490335,4.275079919128287,0.4476663097739219,3.673605e-05,0.0014017537,0.9823637,0.004276773,3.1072564e-06,1.8046068e-05,0.011459329,0.00044049748,CEP,1.0,8571,CEP,CEP,2
145372195,8,LS,0.1290924029648578,0.867018744764467,0.8670186634965918,3.952577364938975,0.331595242023468,0.00028671665,0.0010406921,0.3594626,0.6099915,5.164498e-07,4.7707035e-05,0.028222539,0.0009476902,DST,0.994,7194,DST,DST,2
145372195,9,LS,0.1290992767096052,0.8906427962497776,0.890642737898628,4.320759928660664,0.2992414683103561,0.00010730118,0.9175734,0.018943204,0.029732175,6.684107e-07,0.0001972182,0.0017333997,0.031712685,DST,0.848,7212,DST,DST,2
145372195,35,LS,0.1289745047337166,0.8595763815125249,0.859575987960107,4.048457860287044,0.3383365273475647,3.0378538e-05,0.8732154,0.07116968,0.046837766,1.2981847e-07,0.00044495345,0.0007437879,0.007558043,DST,0.79,7232,Unconstrained,DST,2
145372195,36,LS,0.1290938289549644,0.8654979459801112,0.8654979259922758,4.295912817971725,0.3298145532608032,0.00010818269,0.8771051,0.003735543,0.06349471,6.603968e-07,7.7172146e-05,0.0007963358,0.054682266,DST,0.754,7255,Unconstrained,DST,2
148357344,7,LS,0.0900805843290268,0.9131221947800464,0.9131221833551104,4.241155654771319,0.3354208171367645,2.5390813e-05,0.9175538,0.058721032,0.01774453,1.3505743e-07,1.1690354e-05,2.894293e-05,0.0059144935,DST,0.724,5187,Unconstrained,Unconstrained,2
149060456,27,LS,0.3247578570109577,0.1181747649115333,0.1181739888121073,4.330445644320264,0.2962712198495865,8.76849e-09,0.0015968714,5.5030125e-07,6.233384e-16,1.0620573e-10,8.367897e-06,0.93842256,0.059971616,RR,0.988,3279,RR,RR,2
149060456,28,ACF,0.6458394651267554,0.9091355862653632,1.5509917186974196,36.86327163043357,0.297984816133976,1.0471647e-06,0.15444091,0.00010602017,4.432978e-08,2.1565367e-09,0.0019439786,0.79826695,0.045241095,RR,0.964,3301,RR,RR,2
149060456,29,LS,0.6513268060441821,0.8108673783632036,0.8108614030202488,4.157490545781371,0.3019881434738636,2.5888955e-06,0.071017586,0.004400277,0.0003331174,8.290535e-08,4.721429e-05,0.9099431,0.014256014,RR,0.988,3304,RR,RR,2
149060456,30,LS,0.6504772726741719,0.8362806904384091,0.8362800579129298,4.197991787374775,0.2993138879537582,2.2297512e-05,0.049860135,0.041717555,0.00020024613,1.145862e-06,2.8667977e-05,0.9048727,0.0032972922,RR,0.994,3316,RR,RR,2
149060456,35,LS,0.6489592987171765,0.8365572062165907,0.8365544161290522,3.95401908369584,0.3029113262891769,4.7780904e-06,0.03239796,0.067301825,4.434744e-05,2.2559288e-07,4.134718e-06,0.89956886,0.0006779131,RR,0.99,3330,RR,RR,2
149060456,36,LS,0.6481432834261545,0.8199009308360757,0.8198996836611592,4.188600873474996,0.2960665710270405,3.0532105e-05,0.37654117,0.010733791,0.0018395841,2.5391294e-06,0.00023366128,0.6001065,0.010512226,RR,0.972,3344,RR,RR,2
149060456,37,ACF,0.645831188383454,0.9108585675736584,1.5660815057586,37.54136757432056,0.2962288446724415,3.2368283e-05,0.18958144,0.00022614862,5.2620007e-06,2.219377e-06,0.0040499214,0.77907234,0.027030298,RR,0.986,3367,RR,RR,2
149060456,38,LS,0.6510926811409712,0.8225140778880015,0.8225133449673332,3.903004979653645,0.2982326596975326,5.7820915e-05,0.11947917,0.006672872,0.0010708752,6.8894985e-07,4.572144e-05,0.84850174,0.024171159,RR,0.984,3370,RR,RR,2
149060456,39,LS,0.3247757152974289,0.1128525025502026,0.1128467105063703,4.288247635311166,0.2959148027002811,7.830212e-08,0.00021307173,2.8085565e-06,2.316742e-17,2.4982716e-10,1.7526078e-07,0.99759454,0.0021892579,RR,0.996,3384,RR,RR,2
151220588,61,LS,1.196411547854313,0.0177609439946909,0.0097131321964313,5.596933962547126,0.0257706735283136,0.00081356004,1.881485e-07,2.2110234e-13,9.0837755e-09,0.9975551,5.3794855e-07,5.4239064e-15,0.0016306938,E,0.984,5820,E,E,2
151820171,66,LS,3.980345593144588,0.0669925529409437,0.0592894261218553,4.794776133333983,0.194898210465908,0.00035420488,6.2384444e-08,2.5148617e-10,7.88007e-09,0.9995964,5.502828e-07,5.2573987e-11,4.882452e-05,E,1.0,4394,E,E,2
158688465,66,LS,7.210643458529508,0.1235640943884998,0.0923206586747532,4.551228390674277,0.0342926196753978,0.00059361977,6.5493815e-08,3.4571204e-11,3.1602407e-10,0.99937767,6.0161583e-06,1.8328533e-12,2.2676097e-05,E,0.902,1999,E,E,2
161542016,66,LS,3.632217891135884,0.0452099390364153,0.0378749281415367,3.706005510220784,0.1214586291462183,0.011591945,4.0222946e-07,9.3816525e-06,0.09055244,0.89763623,1.2810694e-05,2.6773685e-06,0.0001940792,E,0.896,6128,E,E,2
167691127,80,LS,2.6983900744414524,0.0246543873196665,0.0154994566069428,3.378683050767528,0.2282382734119892,0.0016543196,1.8024751e-08,5.098515e-17,1.5533471e-24,0.99766254,2.774157e-07,5.0956047e-22,0.0006827949,E,1.0,8689,E,E,2
175470784,61,LS,1.799507513453115,0.0122777761131306,0.0112390978909971,3.089009436729718,0.0484497705474495,0.00020565515,1.1733414e-11,3.6793867e-12,6.676852e-10,0.99913496,2.2678619e-10,8.6109597e-13,0.0006594184,E,0.992,1754,E,E,2
175626103,66,LS,4.016581924867766,0.0292476981432384,0.028954072770696,7.51447239604569,0.0364094087854027,0.5565717,2.4626466e-08,1.3063783e-08,0.0013255412,0.4317365,0.00050786155,3.7640257e-06,0.009854664,ELL,0.873,359,ELL,ELL,2
177932603,7,LS,3.299502094736688,0.7987088527753622,0.7986847376104333,4.303350422528506,0.4914037883281708,0.0006284723,0.095986106,0.36533087,0.51945037,4.2489723e-05,6.3562795e-05,0.0011357167,0.017362442,CEP,0.968,8551,CEP,CEP,2
180618091,27,LS,2.70527713148489,0.030014420074581,0.0129113786249477,2.06144982391924,0.3164286538958549,0.0005664596,4.6689087e-07,1.5127082e-11,4.3554296e-19,0.9930823,7.804256e-06,2.786066e-19,0.0063429615,E,1.0,8471,E,E,2
180618091,28,LS,2.017994723246721,0.0133522447335102,0.0125580295539367,3.2736117491295644,0.2171547710895538,4.9569215e-05,3.2826486e-09,3.0426058e-11,2.3795425e-19,0.9997991,2.8739299e-08,4.7076053e-17,0.000151389,E,1.0,8484,E,E,2
180873912,61,LS,5.229063443785077,0.057056659750611,0.0560115837301112,5.601291008835291,0.1777077279984951,0.0038879362,5.651561e-10,1.1284865e-12,3.5154785e-10,0.994823,5.69062e-10,4.874145e-13,0.001289089,E,0.972,4044,E,Mixed,2
180873912,62,LS,6.194409542145196,0.0890687026249429,0.0864722634280944,9.42704837553912,0.1247878558933734,0.9750473,2.8910069e-11,2.0724222e-09,0.010427652,0.011933992,9.8217214e-08,9.347598e-05,0.0024973769,ELL,0.978,4085,ELL,Mixed,2
181446812,27,LS,3.580516959228915,0.1280132470712194,0.1236223704192488,3.482960077387524,0.1118951756507158,0.0009062419,0.006821347,0.022758191,0.0019718052,7.357513e-05,0.94003034,0.014775015,0.012663526,CEP,0.86,8495,CEP,CEP,2
181719523,35,LS,0.8250067467858959,0.7239344942350979,0.7239139979345489,4.082588156993836,0.8177483081817627,4.1235777e-05,8.030037e-06,4.7450183e-05,0.00022169815,5.542808e-09,7.792775e-06,0.9996685,5.3565036e-06,RR,0.878,7276,RR,RR,2
181738737,61,LS,1.4385225483233297,0.0308917032649712,0.0303422520623038,3.4597869862362387,0.0918348226696252,0.024422208,2.3833108e-10,2.2336892e-13,1.5859491e-06,0.9754961,2.9424548e-08,4.274694e-12,8.0170525e-05,E,0.974,6823,E,E,2
182353279,80,LS,5.085493419742745,0.1319315669534386,0.1186362082847857,2.5406620114436844,0.0572885572910308,0.010399863,0.00043807275,1.1220721e-10,1.9577936e-07,0.97577465,0.012512065,6.206532e-12,0.00087519176,E,0.848,3972,E,E,2
182375626,80,LS,1.0171103001380115,0.0447669152360971,0.0446515837825911,5.348617725395101,0.1499195396900177,0.95842564,3.5684733e-09,1.52528e-06,0.023675177,7.428764e-08,5.311741e-12,1.8631903e-10,0.017897569,ELL,0.9,6246,ELL,ELL,2
182397052,80,LS,5.0854927487427375,0.0974306351947352,0.0928747356905387,3.3464995323980027,0.2108068205416202,0.000120164535,4.248041e-07,2.6119844e-08,1.6425162e-07,2.3222523e-08,3.3456396e-05,0.9993754,0.000470371,CEP,0.602,4421,Unconstrained,Unconstrained,2
182735022,27,LS,2.387009959090401,0.0281683862128896,0.0204031301686806,2.446802594458248,0.0405926210805773,0.00052051124,3.8833914e-08,1.7862685e-14,1.1766266e-19,0.99697423,1.258864e-06,6.098294e-22,0.002503962,E,0.992,8510,E,E,2
182735022,28,LS,3.501818274078432,0.0515089897989202,0.0208161917265753,2.9267108694233066,0.0250733853317797,0.0015628178,1.1641487e-07,2.5574204e-13,2.7630835e-18,0.99760616,3.862049e-06,1.5443307e-18,0.00082711654,E,0.986,8530,E,E,2
183580788,62,LS,1.26025656322322,0.0321857991352932,0.0271555138916617,3.321842321271106,0.0850152689963579,0.9985661,1.0312736e-09,4.7388133e-09,0.00012918214,0.0012949614,1.3290938e-08,3.7082334e-08,9.724522e-06,ELL,1.0,4172,ELL,ELL,2
184535525,8,LS,7.089476147035947,0.7762750193903353,0.7654662682129584,3.9620184824798175,0.4695997387170791,0.00033489443,0.91155326,0.00041026506,8.4214735e-05,4.963606e-05,0.08067254,0.00031065632,0.006584552,CEP,0.63,8599,Unconstrained,Unconstrained,2
188166816,66,LS,1.4558767918877973,0.0144602509030042,0.0138039898906611,4.4780342775425765,0.0827589444816112,0.0005551405,1.4996355e-09,1.0477548e-14,7.73553e-17,0.9986533,4.6813632e-08,1.06419086e-19,0.00079153245,E,0.994,5984,E,E,2
201196281,66,LS,2.087061362460336,0.038861386020748,0.0224046273401551,2.7246423926866328,0.0387355452403426,0.0806419,2.7895513e-07,2.0309106e-08,8.052091e-05,0.9169986,0.00040698898,4.6747004e-08,0.0018715664,E,0.856,3260,E,E,2
203433082,80,LS,7.345681066279133,0.6654612822508273,0.6358301715606143,4.028625748484878,0.1025119982659816,3.1622426e-06,0.0012829935,0.98554987,4.488327e-05,4.7804026e-12,0.002488411,9.950941e-07,0.010629727,CEP,0.922,1314,CEP,CEP,2
205477082,80,LS,1.836448283663211,0.0163693744192419,0.0009783272084166,0.8169911613118117,0.0367347779683768,0.99105775,4.0750336e-09,2.9595397e-09,4.2468317e-05,0.008758089,0.00011393012,5.043314e-07,2.736159e-05,ELL,1.0,6028,ELL,ELL,2
205477082,81,LS,3.1690252787859654,0.1125614059804323,0.1107215174749382,5.335579342768465,0.1053808163851499,0.7762794,3.9636518e-05,2.5785235e-07,0.00011993428,0.21118239,0.00034002075,9.93838e-07,0.012037344,ELL,0.983,6065,ELL,ELL,2
206801793,80,LS,6.959175260973747,0.1838319080982627,0.180623466739493,4.426637455762795,0.1089141797274351,0.7481022,2.037897e-08,1.1238361e-07,2.3373954e-05,0.25140843,0.00044566454,5.2137216e-07,1.9784204e-05,ELL,0.986,8786,ELL,Mixed,2
206801793,81,ACF,0.178236785592162,0.3627877914718995,0.0032545311235087,1.6247734692913127,0.1162913255393505,0.0012108984,1.6371088e-08,4.122066e-06,0.921757,0.0012934301,0.024644861,0.00741536,0.04367436,DST,0.92,8895,DST,Mixed,2
207042079,6,LS,2.9363865945785577,0.2112736313192085,0.1939907932251954,3.2649526141482283,0.6109922751784325,0.008096955,0.0035777506,0.88381827,0.023290725,0.0016213474,0.06494587,0.0039563505,0.010692692,CEP,0.882,8559,CEP,CEP,2
207318741,39,LS,0.3754076701350993,0.9891160108212822,0.9891157797037669,4.373855990254299,0.4044105112552643,7.8129695e-08,0.008489119,0.08517126,8.725649e-07,4.1317225e-08,1.256624e-06,0.90631306,2.4370689e-05,RR,0.946,5360,RR,RR,2
208151281,66,LS,10.808110401949495,0.0500864099399279,0.0101012581597349,2.115905952350703,0.0471495371311903,0.9964224,2.0507254e-10,2.3224561e-10,2.6091443e-06,0.003564545,7.284644e-07,8.14832e-09,9.679523e-06,ELL,1.0,4041,ELL,ELL,2
209136333,80,LS,6.959179384159357,0.2225903717995107,0.2008257070152386,3.740819409247487,0.0948874372988939,0.98934364,3.0838432e-08,4.526709e-10,1.1543593e-07,0.010399298,0.00019381382,4.0582527e-05,2.2595097e-05,ELL,0.986,4845,ELL,ELL,2
209136333,81,LS,4.753544907089642,0.0359147976225911,0.0064078520423578,1.560460646305831,0.1207431685179472,0.9391292,2.2481745e-06,5.559578e-07,0.0008490059,0.0043814355,0.00911466,0.00020152717,0.046321493,ELL,0.925,4866,ELL,ELL,2
210217617,80,LS,6.959181827655691,0.2750288537687257,0.2537448710739342,3.7462993166879937,0.0601041223853826,0.99967337,3.807126e-09,5.7943417e-10,0.00021405767,6.2182476e-06,0.00010188729,1.6909591e-07,4.348084e-06,ELL,0.984,8004,ELL,Mixed,2
210217617,81,LS,2.83189995188824,0.0295261273542413,0.0083389737465706,3.084801711044541,0.0432153372094035,5.8420377e-05,5.4643335e-11,1.3595557e-14,3.973515e-09,0.99865985,1.4593461e-08,4.7792123e-15,0.0012816597,E,0.996,8044,E,Mixed,2
210850936,65,LS,0.930502139472619,0.0117175799858197,0.0108380067484001,5.985887931067964,0.1636292785406112,0.9985966,2.2285828e-12,9.061443e-08,0.0014009418,1.11551856e-07,2.3643265e-13,1.1002336e-09,2.198399e-06,ELL,0.964,4610,ELL,ELL,2
211872584,80,LS,5.085380289213549,0.069454670165923,0.0038227846462551,1.9121592123720053,0.0725879799574613,0.004890029,7.874096e-05,1.7101365e-09,5.4036797e-09,0.9111414,0.014167989,1.7288095e-10,0.069721885,E,0.814,8352,E,E,2
213899713,80,LS,1.5555487712496645,0.0182827870045527,0.0180282367995364,3.367211615766095,0.0462493114173412,0.49792388,9.803541e-10,2.5904832e-08,0.00059294724,0.49832293,9.522907e-05,3.3241408e-06,0.003061735,ELL,0.836,3993,ELL,ELL,2
218308578,80,LS,2.698407205645049,0.0274286678026214,0.0141858007406,3.333596579626672,0.1421883143484592,0.00061173976,2.2318657e-08,5.820319e-15,1.957476e-16,0.99912935,9.884473e-07,7.3906385e-19,0.0002579135,E,1.0,1944,E,E,2
223626623,80,LS,6.959151319856452,0.2419061493146758,0.2307919368023119,3.759258641533873,0.1116650365293026,0.8324818,8.6603286e-05,9.909051e-09,1.7366803e-07,0.008881901,0.13878296,0.00029471613,0.019471727,ELL,0.91,4375,ELL,ELL,2
226089108,80,LS,8.263920664281983,0.3435250335621139,0.2126507567922136,4.802929796081511,0.0619884813204407,0.49049583,0.0007416861,1.33959475e-11,6.008725e-10,0.32774842,0.17945965,8.467521e-10,0.0015544739,ELL,0.763,2196,Unconstrained,Unconstrained,2
227287151,80,LS,4.13197808671448,0.145769604806308,0.1245498126466483,4.862630329650795,0.0246210163459181,0.7882314,0.000126398,8.260962e-07,0.005055497,2.4927942e-06,0.06025744,0.07989778,0.06642821,ELL,0.772,8731,Unconstrained,Unconstrained,2
231397979,61,LS,1.2771976414469608,0.0254741223686829,0.0251716093034094,3.4973279189444497,0.1677354238927364,0.00010836066,1.0433995e-07,1.173031e-08,3.3572853e-09,0.9997478,6.090473e-08,1.4997894e-11,0.00014365521,E,1.0,8633,E,E,2
231463126,66,LS,3.6622667983205615,0.043586550115893,0.0377035264475851,5.461885559647154,0.0532219232991337,0.98319155,6.846196e-09,6.6954253e-10,3.6174624e-05,0.016518109,0.00020747869,2.0348724e-08,4.6646153e-05,ELL,1.0,8280,ELL,ELL,2
234073331,6,LS,1.234624788627382,0.1797781636827237,0.1795167944900524,4.264074046604833,0.8188597857952118,2.0866724e-05,0.0043919156,0.9465916,0.0004514915,1.6277342e-07,0.026040554,0.0074546416,0.015048755,CEP,0.984,8545,CEP,CEP,2
247429268,66,LS,2.763761239388482,0.0254723857211317,0.0197010605835974,3.855824196735764,0.0263447291217744,0.003651274,6.477052e-11,1.4141302e-10,1.6282186e-07,0.99618906,5.4751315e-08,4.637812e-12,0.00015948838,E,0.998,4709,E,E,2
255456801,39,LS,0.1348399986123746,0.8491645888961082,0.8491645884854914,4.283349152874393,0.1588492654263973,9.141369e-08,5.128998e-06,0.0002714949,0.9985703,5.3092104e-11,2.7252643e-05,0.0011256827,5.6698916e-08,DST,1.0,7000,DST,DST,2
258705180,65,LS,5.354838547310077,0.0539580429670928,0.0487631048844399,5.200571157891774,0.050601428374648,0.00090544525,9.956259e-08,2.5486267e-13,1.4880548e-11,0.99592197,2.1080801e-05,4.3516746000000004e-16,0.0031513874,E,0.942,4363,E,E,2
263760730,65,LS,1.9220947686888057,0.0502376380556375,0.0295812566520203,3.352716275746012,0.0622239056974649,0.0005682353,2.7396238e-10,2.6177246e-10,5.1132884e-05,0.9991991,8.629358e-08,1.4569326e-07,0.00018126423,E,1.0,2839,E,E,2
267547804,28,LS,2.7680641193313056,0.0168612688834076,0.0160762640894936,2.477858253833056,0.1149958558380603,0.0014006511,2.3655098e-06,3.512405e-08,5.9951674e-08,0.9956657,3.021679e-07,7.3990974e-10,0.0029309362,E,1.0,8426,E,ELL,2
267547804,67,LS,3.441724178277987,0.0906379136578195,0.0789868453334207,3.855485298180749,0.1306965854018926,0.9754514,6.8448385e-06,1.9070652e-06,8.3203544e-05,0.0192299,0.00049188064,2.4564533e-06,0.0047323373,ELL,1.0,8446,ELL,ELL,2
267547804,68,LS,3.313290471873421,0.0337004389881729,0.0312976444482434,3.3468202233928643,0.1338492520153522,0.91605914,0.00038974133,3.877284e-09,5.451397e-08,0.07871491,0.0009279363,1.3593224e-08,0.0039083078,ELL,0.996,8454,ELL,ELL,2
269750762,43,ACF,0.2014086275885347,0.8595165752041007,1.514758455719647,12.080249129233362,0.4208534210920334,0.006165056,0.0028562227,0.0035056246,0.8012037,1.6240709e-05,0.0026691598,0.16362536,0.019958496,DST,0.978,5250,DST,DST,2
269750762,44,ACF,0.201405687080296,0.8624246263719849,1.524970115365489,12.074922651885664,0.4521587863564491,8.161189e-05,0.047744118,0.004368207,0.89648515,6.8019625e-07,0.0025792439,0.02426125,0.024479724,DST,0.992,5272,DST,DST,2
269750762,45,LS,0.2013993165977815,0.7758555805483899,0.7758555592651316,4.272940281037336,0.4357356205582618,0.001285669,0.00632871,0.00032486243,0.9256597,1.8495666e-07,0.00042350192,0.063919656,0.0020576431,DST,0.984,5281,DST,DST,2
269750762,71,ACF,0.4028095646008296,0.8470240160057513,1.4828831016430764,35.70892937742909,0.4406588152050972,0.99949074,1.3669137e-07,2.3868893e-08,1.2236926e-07,7.962495e-09,1.4368245e-09,5.359873e-10,0.00050893653,ELL,0.608,5314,Unconstrained,DST,2
269750762,72,LS,0.2011387572742511,0.7758106009798228,0.7758104618625178,4.139968577859804,0.4507848247885704,0.029133895,0.019774444,0.01689858,0.45618534,1.5675649e-06,0.0039925706,0.37264553,0.101368085,DST,0.828,5321,DST,DST,2
272116033,65,LS,1.4353257338167906,0.0358139479718119,0.0084116520157957,1.9715790163059523,0.1285766717046499,0.9678702,7.746913e-05,2.3274524e-08,2.3125061e-05,0.029109675,0.0003631982,1.0356952e-07,0.002556263,ELL,0.998,4815,ELL,ELL,2
272511271,39,LS,0.1612188220763437,0.6585375414284138,0.6585374729992276,3.9751894659957534,0.1178616378456354,7.327544e-10,1.02016635e-08,0.00039943447,0.9978714,1.3838514e-12,0.0007990305,0.00093016267,1.1972691e-09,DST,1.0,5214,DST,DST,2
275032047,39,LS,0.0960601288330368,0.0563473466506405,0.0563350015084534,4.845528008944484,0.1095188222825527,4.31039e-08,2.9549885e-09,0.012203377,0.9871057,5.4906073e-11,0.00027318066,0.00017781378,0.00023981328,DST,0.996,5051,DST,DST,2
275933843,65,LS,4.591279250683524,0.0710397560178302,0.0707141897296679,4.8382882598182135,0.0342956278473138,0.002273228,4.2769004e-11,1.3322027e-10,2.4477991e-08,0.9974496,1.9930438e-08,7.321764e-14,0.0002770759,E,0.998,8356,E,E,2
279102962,65,LS,1.808193923287156,0.0389088289590616,0.0378689405401057,4.147789580829958,0.0466610211879015,0.5594307,1.1292511e-12,2.4913695e-14,4.4616246e-07,0.4403754,6.950795e-11,3.2188583e-12,0.00019341198,ELL,0.936,6086,ELL,ELL,2
292095006,65,LS,2.0474297900748573,0.0515641275164853,0.0497911435545176,4.69900968569241,0.067809666506946,0.00067513756,3.8185397e-09,3.9472683e-12,5.1484412e-06,0.99906033,1.2149549e-06,3.3468343e-13,0.00025818555,E,1.0,8200,E,E,2
292369393,65,LS,2.472235832818709,0.0231608539132829,0.0194614610453307,3.4499073406754164,0.0892163347452879,0.0017991759,1.6532356e-10,2.0680645e-10,6.6908075e-07,0.9976019,8.391628e-10,1.831951e-11,0.00059827004,E,1.0,5764,E,E,2
293718765,65,LS,4.21894999466131,0.1338304878348391,0.132228828018273,3.982358484336888,0.1523391250520944,0.9797121,2.3557438e-09,1.6415882e-08,2.957996e-05,0.020233985,2.6668272e-07,2.8443998e-09,2.4047142e-05,ELL,0.996,8256,ELL,ELL,2
294554218,65,LS,2.729908698866074,0.019582762432785,0.0005845842976615,0.9557765546056628,0.0372633012011647,0.9993432,4.130516e-12,5.0882996e-13,3.218565e-06,0.00065068674,1.2402864e-08,1.8347612e-10,2.8898785e-06,ELL,1.0,4325,ELL,ELL,2
294665029,61,LS,2.184487611253072,0.0306755127583899,0.030527337333072,5.264838063930867,0.062746275216341,0.0020014914,2.1993875e-10,1.8170679e-11,1.0913779e-08,0.99761933,1.2298077e-07,2.0534355e-14,0.00037899803,E,1.0,1,E,Mixed,2
294665029,63,LS,6.575943773203254,0.0733369623248681,0.0704952129754396,4.046315998981795,0.0338583765551447,0.64061433,1.8771513e-07,9.146277e-07,0.0044347863,0.0011659423,0.34999892,0.00028970776,0.0034951977,ELL,0.628,58,Unconstrained,Mixed,2
294665029,64,LS,5.606734616045043,0.0439496508795999,0.0408635668868448,3.653393834992572,0.0356962531805038,0.9925949,4.5236032e-10,2.0118502e-08,5.9761904e-05,0.007281216,3.0120063e-05,3.7740168e-07,3.3648786e-05,ELL,1.0,125,ELL,Mixed,2
294665029,65,LS,1.7397305816947457,0.0114294092197029,0.0084283889941879,3.279189878847646,0.0405845139175653,0.0018483795,2.121821e-12,4.7340283e-12,2.3795576e-07,0.9977724,2.678287e-08,2.1256723e-13,0.00037894596,E,0.994,195,E,Mixed,2
294665029,66,LS,4.273677412536629,0.0362885191752546,0.0346590889577493,8.98203599863361,0.0871738512068986,0.99993,5.0338875e-11,7.583917e-12,2.2624112e-05,4.637122e-05,4.7664254e-11,4.9481963e-10,9.351239e-07,ELL,1.0,306,ELL,Mixed,2
294665029,67,LS,9.261114838523971,0.0524651125326567,0.0022369017929885,0.6393532663364643,0.0740395998582243,0.99662447,9.4130995e-11,3.5090124e-09,0.0033495785,2.3810378e-05,2.1254646e-08,4.685017e-07,1.6599122e-06,ELL,0.978,260,ELL,Mixed,2
294665029,68,LS,4.34442183456992,0.1189153093396234,0.1158675533513158,4.731765242588104,0.1757123135030269,9.9681354e-05,1.304879e-05,4.51634e-05,0.001039646,6.1803403e-06,0.99260557,0.0035944714,0.002596243,CEP,0.58,271,Unconstrained,Mixed,2
294665029,69,LS,1.8461469243197817,0.0287261019623934,0.015674602035219,3.1246915681649767,0.1247725076973438,0.0011698559,1.196156e-10,6.5882443e-12,7.483712e-05,0.99874854,2.5713513e-07,1.9712374e-09,6.495878e-06,E,1.0,293,E,Mixed,2
294981146,62,ACF,0.0324073364272408,0.1624278049708245,0.0122934612347798,0.8244967478929102,0.0789385568350553,3.9029675e-11,8.21087e-17,8.5517876e-10,0.9932353,1.8352645e-06,0.0049177995,0.001843387,1.7222999e-06,DST,0.968,5401,DST,ELL,2
294981146,63,LS,6.60638155768897,0.0868564051815998,0.0726292369821784,3.5340975795413563,0.0534762581810355,0.93210495,4.3784434e-07,6.5297954e-08,0.004769561,0.044679336,0.018383523,1.1537664e-06,6.093057e-05,ELL,0.882,5425,ELL,ELL,2
294981146,67,ACF,0.043981884809682,0.2712884087524199,0.0014762932887446,0.8675988896954898,0.0592758553102612,1.3110076e-07,2.2335231e-11,4.5768974e-08,0.12839375,0.0018338485,0.83665454,0.005688558,0.027429117,DST,0.83,5602,DST,ELL,2
294981146,68,LS,5.511915368220198,0.0166707626612948,0.0161347223735995,2.627397241553428,0.0586419505998492,0.99597317,1.7321729e-11,2.2238906e-08,0.0018423273,0.002055483,8.644494e-07,1.8605043e-06,0.00012634108,ELL,0.99,5617,ELL,ELL,2
294981146,69,LS,2.788272990029952,0.0245782167118384,0.023169761803485,4.701487216225917,0.0732099311426281,0.81226057,1.2551706e-11,8.026418e-11,8.507189e-07,0.18767367,2.9012073e-09,2.4833757e-09,6.490374e-05,ELL,0.898,5669,ELL,ELL,2
296283279,65,LS,3.093905463310169,0.0150265671931988,0.011594379211728,2.202308174038905,0.0504822097718715,2.2946982e-05,6.993365e-11,2.4928062e-10,1.359024e-07,0.9999696,2.3635688e-07,1.489424e-12,7.0855285e-06,E,0.98,2026,E,E,2
299374140,65,LS,11.715295158889436,0.0400075646804151,0.0062981743602925,0.8924796437900672,0.2314424701035022,0.9968658,3.0334995e-11,2.5217053e-10,5.584374e-05,0.0030779552,4.3400783e-11,3.2642864e-11,3.081318e-07,ELL,1.0,6275,ELL,ELL,2
299752636,62,LS,4.4751013481775965,0.1640513062163438,0.1620720934966389,5.234186531718869,0.0599033944308757,0.00072445296,3.1370977e-08,1.183892e-11,5.327608e-15,0.9991736,2.3689565e-06,1.9886258e-15,9.950047e-05,E,1.0,1169,E,Mixed,2
299752636,63,LS,1.5604437635595738,0.0184329580888209,0.017951094289568,4.883764172100143,0.0997405406087637,0.98792493,5.109727e-07,1.19714585e-08,1.0581797e-08,0.011530235,7.3942624e-07,4.3922334e-13,0.00054355146,ELL,0.996,1186,ELL,Mixed,2
304040681,10,LS,3.3446124053893005,0.2115061151617586,0.2099764271594474,4.546978257100111,0.1610040105879306,3.7249154e-06,0.040197067,3.7754737e-05,1.7036397e-06,1.22839165e-05,0.9374503,0.0017736555,0.020523645,CEP,0.724,8622,Unconstrained,Unconstrained,2
308333772,80,LS,7.345758570685096,0.5154242773857689,0.4442144637287657,4.1122866097142925,0.0974424835294485,0.9788392,0.003717363,0.0061980663,0.0018156859,1.0505516e-06,0.007885833,6.1046017e-06,0.0015367216,ELL,0.888,400,ELL,ELL,2
315181712,65,LS,2.442523282492993,0.0300196575113474,0.0253561200961772,2.633659790098811,0.1347763370722532,5.204102e-05,1.7055345e-10,3.203533e-16,1.3704716999999999e-18,0.99981827,6.3532846e-11,1.4747581e-15,0.00012968565,E,1.0,3162,E,E,2
315585009,80,LS,3.777840098614107,0.0578934328683731,0.0027533167878628,0.7079779123000023,0.039883954450488,0.0069861454,2.1128585e-06,9.134819e-11,6.309816e-10,0.98076105,0.0040983963,2.6018474e-09,0.008152255,E,0.774,2860,Unconstrained,ELL,2
315585009,81,LS,5.7869328354818,0.1411521907740519,0.1317585019724432,4.085588406834498,0.0466607743874192,0.7845944,2.6807288e-09,1.3048018e-09,0.0017024935,0.21362895,2.9471587e-06,2.7296005e-07,7.08703e-05,ELL,0.898,2867,ELL,ELL,2
315896488,80,LS,1.862315904425415,0.0275882882628871,0.0146729637997597,4.973718723264717,0.0513201719149947,0.9958876,3.1159743e-12,2.2158263e-10,0.0034921784,0.0006202166,1.3251811e-10,1.3994553e-08,7.9087e-08,ELL,0.986,3037,ELL,ELL,2
321528595,11,LS,0.1794270440531159,0.8934288323975822,0.8934288059702314,3.779947416546406,0.3486440330743789,4.2083506e-05,0.08667238,0.90433717,0.0072311442,1.6946151e-06,3.3879394e-06,0.0001278476,0.0015843285,DST,0.894,7020,DST,DST,2
321528595,38,LS,0.1793051441832567,0.8758446918878666,0.8758446675177526,4.408665000625092,0.3367380052804947,8.392887e-05,0.027912814,0.024198698,0.9429674,5.8933935e-08,1.3641088e-05,5.11226e-05,0.0047722273,DST,0.99,7030,DST,DST,2
336990756,71,LS,1.7312185562589189,0.0588950643998588,0.0544273048925693,3.0692191636230675,0.0513444934040308,0.9984497,9.870266e-12,9.671856e-10,0.0014994916,5.075777e-05,1.0776037e-09,2.4446097e-08,1.5305633e-07,ELL,0.988,5874,ELL,Mixed,2
336990756,72,LS,4.174150887244263,0.1118392336045857,0.0383302042797913,3.040561963072145,0.0379935489036142,0.0050893454,1.3779803e-11,3.5492378e-14,1.219147e-12,0.99490994,3.5414786e-08,5.02347e-16,6.7995154e-07,E,0.9635180389556212,5914,E,Mixed,2
342923043,54,LS,5.243000623893202,0.0292385458729909,0.0291499512957424,3.715910370454616,0.0290412409231066,0.092463754,5.03394e-10,2.1980522e-08,0.00091273803,0.8706672,2.0754671e-06,3.05126e-06,0.035951026,E,0.862,1871,E,E,2
342923043,80,LS,6.959181700701721,0.2972592558402153,0.2856234508690806,3.913096451048217,0.094680106267333,0.9999769,2.6710248e-10,1.29331875e-11,1.3578072e-05,2.317365e-06,2.6338894e-06,8.7891564e-08,4.4928947e-06,ELL,0.986,1903,ELL,E,2
342923043,81,LS,3.327483678169584,0.0940770722311171,0.0904780202506464,12.088222551274493,0.1069314405322074,0.0026829639,6.9714673e-07,6.633625e-11,3.4575856e-11,0.99689436,8.4365216e-05,1.3255636e-12,0.0003376183,E,0.998,1921,E,E,2
362368622,35,LS,6.0730420932490015,0.0163457298565075,0.0030906371023849,0.7809798912344608,0.1032873336225748,0.00045162003,1.297169e-09,1.8909607e-11,6.699493e-09,0.99280643,7.903519e-08,1.1399665e-14,0.0067418464,E,1.0,2156,E,E,2
362368622,36,LS,2.0397772903801905,0.0109186021449585,0.010369240779793,2.921516281562326,0.0598810985684394,0.019320173,4.4252493e-10,5.4502547e-10,3.247014e-05,0.98022836,3.333219e-06,1.0490263e-09,0.0004157377,E,0.962,2178,E,E,2
373530983,61,ACF,0.0462961001994699,0.5210826633232531,0.0074534408716665,1.1949367055860272,0.1806800812482834,0.00014162635,1.7283044e-10,0.00016784211,0.99198127,0.00038947607,0.00042127885,0.0053541167,0.0015443424,DST,0.986,6326,DST,E,2
373530983,62,ACF,0.3287032731186627,0.2720510749904676,0.0030273726667442,0.7974192237190607,0.7744364440441132,0.009062279,3.319551e-10,1.0127693e-09,9.246641e-07,0.9909354,6.477815e-11,8.441539e-12,1.4410998e-06,E,0.998,6410,E,E,2
373530983,63,LS,1.428349097675127,0.0177681067396467,0.0177464482203988,4.383651704766592,0.3490059822797775,0.022062188,8.887384e-09,1.3873249e-08,0.0007938997,0.97663224,0.0002741787,1.107321e-07,0.00023737154,E,1.0,6437,E,E,2
373530983,64,ACF,0.1458339241899011,0.4564690106277919,0.0071346994045577,0.927447259049906,0.047349170781672,0.0010787777,2.5910312e-09,4.8974907e-06,0.9806207,0.00049137784,0.0014009618,0.004327336,0.012076077,DST,0.942,6561,DST,E,2
373530983,65,LS,5.679884586112542,0.0263906556399718,0.0213920312381093,3.5810747459401444,0.0472418591380119,0.95459795,1.7441725e-11,8.959627e-10,5.2548137e-05,0.044998173,7.0886324e-07,1.4961649e-06,0.00034918325,ELL,0.988,6605,ELL,E,2
373530983,66,LS,4.431656056716925,0.1109272527676112,0.1064482823311689,3.8066691013093754,0.0639678165316581,0.0024840294,1.1386883e-05,4.837323e-05,0.013251484,2.531794e-05,0.9780538,0.0010687283,0.00505685,CEP,0.55,6734,Unconstrained,E,2
373530983,67,LS,1.6353923904297991,0.0387418172225049,0.0364916825001627,4.341163050250962,0.0881572626531124,6.921462e-05,1.9263916e-05,0.00078102504,0.8520042,3.0761137e-05,0.14324914,0.0020126568,0.0018337843,CEP,0.508,6671,Unconstrained,E,2
373530983,69,LS,1.213522419758271,0.0209492402478573,0.0079565450526235,2.179835337684821,0.232703723013401,0.0074131954,4.101712e-09,8.182031e-10,2.5992847e-07,0.990274,5.6998715e-08,4.259468e-11,0.0023124826,E,1.0,6726,E,E,2
373687515,62,LS,2.144312793988985,0.0318102944934377,0.0301129701781181,4.762590099850605,0.1979423873126506,0.008619009,2.9581215e-10,1.2702304e-10,3.04727e-06,0.9892238,1.7949179e-09,2.7000596e-11,0.002154148,E,0.988,2357,E,Mixed,2
373687515,63,ACF,0.1134266478366043,0.4678440647657045,0.0060646745071353,1.270923916771899,0.1469219196587801,0.012999779,9.823626e-11,3.0811233e-07,0.95616895,0.02988377,9.4426694e-05,0.0005540447,0.00029877046,DST,0.908,2455,DST,Mixed,2
373687515,64,ACF,0.1157416410933365,0.083861079503443,0.0162802265382051,1.0759123950320415,0.1128283515572547,0.006261086,4.659431e-09,6.2655054e-08,0.654345,0.26417965,0.0018617928,0.04317775,0.030174727,DST,0.806,2509,DST,Mixed,2
373687515,65,ACF,0.3287061156070194,0.0905453277474168,0.0121551559328374,0.928274654655354,0.1961728930473327,0.0537557,5.483419e-15,4.7179434e-14,7.148789e-09,0.94617075,2.5753955e-11,4.7263252e-12,7.3529336e-05,E,0.9081333333333332,2598,E,Mixed,2
373687515,68,LS,3.3995538786540327,0.0405867120513726,0.033278020698668,4.143594114472037,0.295568648725748,0.75230116,3.45799e-07,3.5831842e-09,4.1771173e-06,0.21924636,0.02276995,1.4179745e-08,0.0056780195,ELL,0.826,2652,ELL,Mixed,2
373687515,69,LS,4.805525150433005,0.0648706995204719,0.014585110953668,1.8818803978128928,0.454905517399311,0.9966794,2.3195517e-11,2.3955796e-11,0.0001542354,0.0031592632,1.5709801e-09,2.8540037e-09,7.0857327e-06,ELL,0.812,2731,ELL,Mixed,2
380306393,66,LS,3.50295745502035,0.0473540760051365,0.0430940198290388,2.689763356454652,0.0193061341997236,0.9143913,1.1255528e-08,1.12835856e-07,0.03458868,0.03685104,1.0291151e-05,0.01238469,0.001773927,ELL,0.914,4630,ELL,ELL,2
384446993,80,LS,5.085439785860723,0.0878020263956955,0.0302348563615052,2.507323416679625,0.0223628059029579,0.008048751,4.769145e-11,3.1533488e-11,3.330305e-09,0.9919499,9.4862247e-07,8.038778e-11,3.880262e-07,E,0.9678009264661206,4208,E,E,2
386109284,80,LS,3.22491607053657,0.1211859711377066,0.0930057904032923,5.545499188114079,0.0962317548692226,0.0007152984,1.1078751e-08,3.2670706e-11,3.8163174e-14,0.9992072,5.5757147e-07,4.5758935e-15,7.692653e-05,E,1.0,2895,E,E,2
389435568,61,LS,2.3161758286488627,0.0283395392466302,0.000541858865059,0.8676082598882502,0.0812688656151294,0.006572488,1.8524555e-11,1.8793793e-10,0.00059888035,0.9928195,2.6338382e-08,1.0746454e-07,8.91214e-06,E,0.986,3403,E,E,2
389435568,62,LS,1.6007741840923686,0.0178156071128194,0.0168390835932147,4.378520724880019,0.106049058958888,0.0022598794,1.1913424e-12,2.2353536e-11,3.3971168e-07,0.9973463,1.3296532e-10,2.8485499e-11,0.0003934669,E,1.0,3459,E,E,2
389435568,64,ACF,0.3773160476366684,0.0451488578458494,0.0360037150934349,3.054875598808138,0.0383759173564612,0.0019084873,1.7908819e-11,1.315537e-13,2.390259e-07,0.99714845,1.5432173e-07,9.8778875e-14,0.0009427051,E,0.964,3520,E,E,2
389435568,66,LS,6.20429824814971,0.0279370676484929,0.0279102121253792,4.420428443525326,0.0360334827564656,0.7996412,7.058651e-09,2.752053e-07,0.00014907171,0.19632863,0.0008889825,2.4287003e-06,0.0029893974,ELL,0.967,3728,ELL,E,2
389435568,68,LS,9.414160305314,0.0798376108312589,0.0493113827133391,3.4669772608205967,0.0356095796450972,0.9230903,2.647718e-07,4.1282497e-06,0.02304118,0.0035875118,0.049256176,1.973234e-05,0.001000635,ELL,0.868,3614,ELL,E,2
389435568,69,ACF,0.0092592241771853,0.1998362852626352,0.0027343455767811,0.9021630091120942,0.0397532014176249,0.024606606,2.5590383e-05,0.21085465,0.4307016,0.0060339165,0.0043152226,0.015382521,0.30807993,DST,0.482,3722,Unconstrained,E,2
389435568,69,LS,1.645732783156104,0.022651676889736,0.0226200142874827,4.645735512435536,0.0397532014176249,0.12965651,5.0578933e-07,1.9033323e-06,0.5146666,0.0938652,0.04681614,0.010910638,0.2040825,E,0.334,3682,Unconstrained,E,2
397565775,65,LS,2.7299024763529878,0.0461103364602089,0.0392819943501026,6.633617673502151,0.0951691996306181,0.9884608,8.461384e-12,2.3529952e-13,0.00023847555,0.011297914,1.134688e-08,4.827768e-08,2.8776533e-06,ELL,0.994,5776,ELL,ELL,2
400652459,80,LS,6.610644868354937,0.1261438288840652,0.0691830173189875,4.479350572636289,0.1688761077821254,0.0024418307,0.0002554831,3.3046879e-09,2.2842442e-17,0.9780634,0.0008596756,2.6823794e-14,0.01837964,E,0.976,4180,E,E,2
400652459,81,LS,2.112690336434933,0.0732048701061419,0.0516097051884219,3.8646454567980726,0.272870734333992,0.00038899187,9.7049835e-08,5.305425e-14,8.5282385e-11,0.9995209,2.226994e-06,6.962008e-14,8.78063e-05,E,1.0,4192,E,E,2
400782733,80,LS,3.777841959130521,0.0692378544081285,0.0006284707170386,0.8010214050656295,0.1007544063031673,0.0020911165,2.5372367e-07,4.5375236e-12,1.7742208e-08,0.99734586,0.00011299533,1.2022509e-12,0.00044981213,E,0.994,8100,E,Mixed,2
400782733,81,LS,2.181956161639876,0.0311260689131369,0.0309352542655074,7.686903725772879,0.1484761293977499,1.6617527e-05,7.0915616e-05,0.9899996,0.0023084183,1.784177e-08,0.0010206761,0.00042264815,0.0061611827,CEP,0.98,8103,CEP,Mixed,2
402100419,68,LS,1.3181953641557365,0.0180225966056838,0.0177892980167145,4.611398855429201,0.0641741417348384,0.008090027,9.20595e-09,1.5739642e-09,0.0005214914,0.9908999,2.0377029e-05,2.7150162e-09,0.00046825636,E,0.958,8918,E,E,2
403481244,65,LS,8.189713242429262,0.0705514990282473,0.0662809309474139,4.000561803939227,0.0159823440480977,0.993983,3.489133e-10,4.8691113e-09,3.042739e-08,0.0059342114,1.7775674e-05,4.749383e-09,6.497429e-05,ELL,1.0,8142,ELL,ELL,2
407704687,6,LS,4.938516519336428,0.5747914871736811,0.5638818167458434,4.420103443667765,1.2338736653327942,2.0287346e-06,0.0021243386,0.070369944,0.010107101,2.5118595e-07,0.00036485447,0.9169157,0.00011569883,CEP,0.948,8607,CEP,CEP,2
412544513,11,LS,0.0645433625369526,0.8974918852629395,0.8974917356472397,3.8726921023874175,0.0895382929593324,8.833948e-06,0.05712282,0.05985934,0.08982892,1.4831936e-07,0.013656708,0.7762107,0.0033124604,DST,0.982,5343,DST,DST,2
413577630,80,LS,4.722192076793836,0.0383145927006116,0.0347500152504744,2.7300406271157733,0.0146995694376528,0.0880693,1.5603155e-06,0.00019633216,0.6013287,0.2874501,0.00096169545,0.0021485286,0.019843817,E,0.614,1625,Unconstrained,Unconstrained,2
430615564,8,LS,0.0997660690883974,0.8901059726761794,0.8901058822048377,3.967711242771657,0.1217838935554027,0.004965314,0.006494427,0.09918392,0.3297633,3.6158015e-06,0.5165814,0.040669072,0.0023389638,DST,0.966,6943,DST,DST,2
430615564,9,LS,0.0997854421178029,0.9037078933996134,0.903707861567624,4.250052164265298,0.1180536858737468,0.0005337482,0.0040174937,0.066836,0.4678499,3.2762043e-07,0.10110372,0.359282,0.00037671582,DST,0.998,6958,DST,DST,2
430615564,35,LS,0.0997621483738102,0.8977669305717697,0.8977665692768477,4.036368460406948,0.1515665184706449,2.4073057e-07,8.002533e-07,0.005910933,0.98893064,3.912287e-12,1.5116608e-06,0.0051553715,4.1850913e-07,DST,1.0,6980,DST,DST,2
433931982,65,LS,4.62803190454785,0.0369247493724925,0.0200625441888262,2.996377345836784,0.0701405387371778,0.9194785,2.2908402e-10,3.555685e-09,0.0008803953,0.077989265,0.00015713605,4.2718934e-06,0.0014904409,ELL,0.978,1250,ELL,ELL,2
436530385,6,LS,2.716129864267572,0.1569806166828748,0.1516074197485593,4.116760077394488,1.2077197432518003,0.09624861,0.02403886,0.5862729,0.07994626,0.006185503,0.17928198,0.003962474,0.02406345,CEP,0.678,8582,Unconstrained,CEP,2
436530385,72,LS,3.902187589161183,0.7785298134058456,0.7732989205958768,4.072278317199974,0.6394144147634506,0.00022133034,0.22722022,0.4743697,0.251483,1.5398236e-05,0.00013860634,0.019221224,0.027330514,CEP,0.97,8589,CEP,CEP,2
438430785,71,LS,4.643826411493834,0.0309928446174036,0.019228477046261,4.34755462480887,0.1378737669438123,0.9790026,1.0295764e-09,9.235813e-09,1.1401136e-05,0.01835691,2.716025e-06,7.923607e-07,0.0026255394,ELL,1.0,3770,ELL,ELL,2
438430785,72,LS,4.014828749496026,0.0742177923579363,0.0530213857963815,3.0057327069919246,0.0159838737454265,2.0794003e-05,9.778032e-10,1.6766957e-06,0.99868816,3.6381127e-08,0.00012958935,0.001143712,1.599073e-05,CEP,0.466,3868,Unconstrained,ELL,2
439367308,64,LS,1.5466995083852704,0.0368468259238969,0.03505952432096,4.173917217152606,0.1232175808399915,0.9792793,1.5371555e-12,4.2994998e-07,0.020694405,3.0425905e-08,2.781524e-12,1.093234e-08,2.58525e-05,ELL,0.96,5792,ELL,Mixed,2
439367308,65,LS,2.202543990507143,0.0195032043238129,0.0059605600903327,2.3635040520314377,0.2176416851580143,0.00063587143,2.1901694e-09,2.280173e-08,4.079028e-05,0.9989613,3.0156076e-07,9.846096e-08,0.00036150424,E,1.0,5808,E,Mixed,2
441362393,64,LS,2.8630415498918045,0.0217022693108468,0.0055675234971879,2.568645830641657,0.0229866942390799,0.95067585,1.8750127e-07,2.6842837e-08,2.2260563e-06,0.039398126,0.0041566123,5.720822e-08,0.0057668057,ELL,0.971,1490,ELL,Mixed,2
441362393,65,LS,2.073986063224196,0.0190154048681435,0.0097744322322901,2.127379689753369,0.0393710657954216,0.0016183329,2.7845464e-09,6.19885e-14,1.8115767e-08,0.9977895,5.115511e-07,6.771294e-16,0.0005915307,E,0.998,1547,E,Mixed,2
448269095,36,LS,0.1079773509558487,0.8535015117872633,0.8535014926550586,4.217292502272812,0.2664776146411896,0.00010349742,0.85665107,0.01603936,0.10065521,6.747788e-07,2.0831792e-05,4.049849e-05,0.026488954,DST,0.82,7064,DST,DST,2
454859654,38,ACF,0.4166727819847438,0.9498731291674964,1.5211378921642116,20.433233899788604,0.575166866183281,4.5992337e-07,0.059672993,0.0015119902,3.4322964e-06,3.7051953e-10,0.001026684,0.9094404,0.028344171,RR,0.982,7302,RR,RR,2
454859654,39,ACF,0.4166587935105781,0.9481300230030424,1.5081975744207092,20.21799458877792,0.5360615998506546,1.01771086e-07,0.5171031,0.00010705032,2.584637e-08,1.505601e-10,0.00068914995,0.40314493,0.078955725,RR,0.866,7319,RR,RR,2
460416931,10,LS,5.380442734340944,0.8440914738606828,0.8434000329990768,4.287641358848585,0.595507025718689,0.00046620026,0.23538768,0.67912525,0.07985373,5.5145624e-06,3.5024004e-05,0.0014530019,0.00367361,CEP,0.98,8618,CEP,CEP,2
464401254,10,LS,0.1199126496932005,0.9650708816597726,0.9650708479089684,4.169889134538721,0.2083081565797329,7.32778e-06,0.7436092,0.2403811,0.0016650828,1.5174327e-06,1.6023454e-05,0.0064348755,0.007884819,DST,0.652,7837,Unconstrained,DST,2
464401254,36,LS,0.1199544400212255,0.9556123498851812,0.9556123277100091,4.261670843300863,0.2524154260754585,4.0530716e-07,0.018142235,0.86952764,0.09153738,3.9422994e-09,1.0402049e-06,0.020450473,0.00034082297,DST,0.992,7855,DST,DST,2
464401254,37,LS,0.1199907598733335,0.9333819489864578,0.9333819397222952,4.398858865254397,0.2145112864673137,5.482784e-06,0.9902401,0.00011229924,3.712504e-05,1.2299343e-07,3.665884e-05,0.0003950011,0.00917317,DST,0.434,7877,Unconstrained,DST,2
464936311,10,LS,5.156296664120248,0.7290486831252947,0.7285037584291582,4.139811392450628,1.092202514410019,0.0003533851,0.0047231065,0.0018807083,0.0011502494,2.2749887e-07,7.779705e-06,0.99187076,1.3712409e-05,CEP,0.956,8612,CEP,CEP,2
468095433,64,LS,8.97069335460507,0.0526192293172081,0.0224491199765866,2.3000253003060616,0.1029301155358553,0.0031597188,6.279289e-08,1.08113145e-08,2.062495e-06,0.9967871,1.0441182e-07,4.666945e-10,5.1012274e-05,E,0.994,481,E,E,2
14652759,80,LS,7.345610698132405,0.0218993074397983,0.0216417262510076,3.941040192631984,0.0334219518117606,0.0026234007,4.5333314e-07,3.9734314e-08,1.0636826e-06,0.0009012215,0.3575628,1.9163112e-06,0.6389091,Rndm,0.552,4988,Rndm,Rndm,1
14652759,80,ACF,0.5347147628526727,0.0615683463159124,0.0532342277862054,1.2185064412833242,0.0334219518117606,1.1814871e-05,1.6742767e-10,7.14924e-12,1.4998369e-13,5.0316885e-06,0.00017235505,5.9920624e-11,0.9998109,Rndm,0.956,4989,Rndm,Rndm,1
14652759,80,ACF,0.1736086892378807,0.0818616400326564,0.0459004123937729,2.215096626813008,0.0334219518117606,1.2051071e-06,3.239884e-11,1.2005886e-12,9.604598e-15,1.1380687e-06,8.878636e-05,4.5004317e-12,0.9999088,Rndm,0.974,4990,Rndm,Rndm,1
14652759,80,ACF,0.2175895571781438,0.071708661637133,0.0417413294808149,3.307088395873293,0.0334219518117606,5.1775045e-05,1.1200385e-09,3.37148e-11,1.1519112e-12,1.24833805e-05,0.00026514826,5.106184e-10,0.9996706,Rndm,0.958,4991,Rndm,Rndm,1
14652759,80,ACF,0.3634208561379637,0.066360739122142,0.0391649041543232,4.127721404586907,0.0334219518117606,8.02856e-06,4.7023235e-10,1.1997397e-11,4.6587864e-13,7.576218e-06,0.0007161865,7.650957e-11,0.99926823,Rndm,0.952,4992,Rndm,Rndm,1
14652759,80,ACF,0.4467530269721464,0.0530645126009698,0.0343665923708748,1.4847913955710226,0.0334219518117606,1.3613474e-06,4.699121e-11,1.1974374e-12,1.0204599e-14,2.249827e-06,0.0001064437,6.919923e-12,0.99988997,Rndm,0.958,4993,Rndm,Rndm,1
14652759,80,ACF,0.0833321708341827,0.0764006762730848,0.0341402599527417,2.2348701804264266,0.0334219518117606,9.380624e-06,6.420327e-10,1.1955245e-11,2.078726e-13,3.5092362e-06,0.0001512755,1.1578083e-10,0.99983585,Rndm,0.972,4994,Rndm,Rndm,1
14652759,80,ACF,0.4097165066013986,0.0642512011983288,0.0340654176597352,2.1670416247476965,0.0334219518117606,3.318678e-06,9.480464e-11,4.4895927e-12,1.4072825e-13,4.4214135e-06,0.00026504623,1.9105344e-11,0.9997272,Rndm,0.958,4995,Rndm,Rndm,1
14652759,80,ACF,0.4837895473428943,0.0511796856633567,0.03305440989997,3.6679667211222977,0.0334219518117606,1.4245475e-06,1.7704775e-11,1.7062984e-12,1.35828865e-14,3.1730538e-06,5.056789e-05,7.8524305e-12,0.9999448,Rndm,0.958,4996,Rndm,Rndm,1
14652759,80,ACF,0.152775646529335,0.0733365635043648,0.030861177402302,2.751938369338781,0.0334219518117606,1.3816734e-05,1.7030397e-10,1.5313036e-11,3.225201e-13,1.8576071e-05,0.0002723002,8.7351515e-11,0.9996953,Rndm,0.976,4997,Rndm,Rndm,1
14652759,80,ACF,0.1018504310195567,0.0679176226907612,0.0300862298004869,1.4562176680809813,0.0334219518117606,2.2627692e-06,8.665594e-11,2.296472e-12,2.5083138e-14,1.833873e-06,0.000112945556,2.9311227e-11,0.99988294,Rndm,0.974,4998,Rndm,Rndm,1
14652759,80,ACF,0.2106452096086286,0.0689658975461005,0.0287963285064103,0.9626850588036576,0.0334219518117606,1.1104537e-06,2.4518625e-11,1.1484041e-12,4.970776e-15,1.400293e-06,5.5566947e-05,6.417671e-12,0.99994195,Rndm,0.968,4999,Rndm,Rndm,1
14652759,80,ACF,0.0740730407414957,0.0764237235360804,0.0283232243510235,1.0965036555999568,0.0334219518117606,7.3915544e-06,9.760289e-11,9.0636726e-12,7.2408625e-14,6.1452884e-06,0.00012979345,3.1108414e-11,0.9998566,Rndm,0.974,5000,Rndm,Rndm,1
14652759,80,ACF,0.1157391261585871,0.0678430360288711,0.0276978159615926,1.8090631387271685,0.0334219518117606,1.04507365e-07,3.1295298e-12,2.6737556e-13,1.4131216e-15,3.0466813e-07,5.03801e-05,2.7558444e-12,0.9999492,Rndm,0.974,5001,Rndm,Rndm,1
14652759,80,ACF,0.0925913009268697,0.0686386613510025,0.0270786863687876,3.549381411853368,0.0334219518117606,2.533072e-06,6.2546336e-11,2.2535385e-12,2.722642e-14,2.6257442e-06,7.884726e-05,1.0959877e-11,0.9999161,Rndm,0.974,5002,Rndm,Rndm,1
14652759,80,ACF,0.1921269494232547,0.0697659434878994,0.0270528314097795,1.9109684117600096,0.0334219518117606,4.415201e-07,4.4952527e-12,2.764899e-13,1.2262018e-15,7.4587103e-07,2.2615039e-05,1.0773841e-12,0.99997616,Rndm,0.972,5003,Rndm,Rndm,1
14652759,80,ACF,0.2754591202574374,0.0633382194828258,0.0255495367505523,1.966693807744164,0.0334219518117606,6.18705e-06,5.93598e-11,4.31163e-12,3.7671933e-14,7.5424e-06,6.122132e-05,9.385281e-12,0.999925,Rndm,0.956,5004,Rndm,Rndm,1
14652759,80,ACF,0.3078660755818418,0.0539098496106785,0.0251205409097457,2.439875683292968,0.0334219518117606,2.4059566e-06,7.6104054e-11,2.3698734e-12,7.106587e-14,2.6181476e-06,0.00012470112,1.877767e-11,0.9998703,Rndm,0.958,5005,Rndm,Rndm,1
14652759,80,ACF,0.2569408600720635,0.0662994268234518,0.0250594199702553,4.747832818001498,0.0334219518117606,7.3948513e-06,1.05561226e-10,6.5458966e-12,6.092452e-14,9.482707e-06,5.8143272e-05,2.5434141e-11,0.9999249,Rndm,0.954,5006,Rndm,Rndm,1
14652759,80,ACF,0.2847182503501244,0.0629709650966279,0.0235312999677354,1.498345712324607,0.0334219518117606,1.8431404e-06,3.3148956e-11,1.2793518e-12,1.3411571e-14,2.4933836e-06,7.3204246e-05,9.945229e-12,0.9999225,Rndm,0.958,5007,Rndm,Rndm,1
14652759,80,ACF,0.0462956504634348,0.0755979765735419,0.0224746696557926,1.2104399037437863,0.0334219518117606,6.235537e-09,2.6777426e-12,1.3477054e-11,1.1389458e-14,1.6617359e-07,0.00042084363,1.4652382e-11,0.999579,Rndm,0.974,5008,Rndm,Rndm,1
14652759,80,ACF,0.0393513028939196,0.0733361375110748,0.022260467903702,1.2182247719871686,0.0334219518117606,2.7912396e-11,1.1321917e-15,1.1122714e-10,2.9156405e-15,3.811932e-09,0.012273998,8.033236e-12,0.98772603,Rndm,0.974,5009,Rndm,Rndm,1
14652759,80,ACF,0.3310139008135593,0.0506668984942864,0.020853340467378,4.474053169748316,0.0334219518117606,2.0576132e-05,1.4150918e-10,2.9679239e-12,7.089778e-14,3.2738444e-05,0.00015172965,4.677197e-11,0.999795,Rndm,0.958,5010,Rndm,Rndm,1
14652759,80,ACF,0.3981425939855398,0.0566632625741796,0.0204972339877767,3.699309539491906,0.0334219518117606,2.7802357e-06,3.3517987e-11,1.5326718e-12,1.9061992e-14,3.7460534e-06,0.00010837854,1.1570721e-11,0.9998851,Rndm,0.958,5011,Rndm,Rndm,1
14652759,80,ACF,0.2962921629659831,0.0494080622518838,0.0201649237539741,1.418363124682216,0.0334219518117606,2.7187907e-06,3.7568736e-11,1.6777655e-12,9.915824e-15,5.0099106e-06,3.848942e-05,9.380968e-12,0.99995375,Rndm,0.954,5012,Rndm,Rndm,1
14652759,80,ACF,0.062499128125637,0.0754042531153509,0.0197460666485899,1.248172901403585,0.0334219518117606,1.7607075e-06,2.0370823e-11,1.6773586e-12,2.1996482e-14,2.483453e-06,7.282422e-05,2.3259108e-11,0.9999229,Rndm,0.974,5013,Rndm,Rndm,1
14652759,80,ACF,0.1412017339134763,0.0619327591174828,0.0189076221227703,0.9339090816820104,0.0334219518117606,7.39044e-07,1.5063093e-11,4.7077983e-13,4.9447382e-15,8.864994e-07,5.1638974e-05,3.7873797e-12,0.9999467,Rndm,0.974,5014,Rndm,Rndm,1
14652759,80,ACF,0.3402730309062463,0.0569276405443977,0.0185986725635632,1.0543150333397762,0.0334219518117606,1.2536883e-06,9.8753755e-11,3.1216507e-12,7.8998596e-14,3.1093564e-06,0.0002630979,2.5969449e-11,0.99973243,Rndm,0.958,5015,Rndm,Rndm,1
14652759,80,ACF,0.4513825920184899,0.0529591378270493,0.018060507324141,0.9695001999568548,0.0334219518117606,2.3060377e-06,4.8507667e-11,2.7197146e-12,2.8289913e-14,2.031383e-06,9.0307476e-05,1.3434377e-11,0.99990535,Rndm,0.958,5016,Rndm,Rndm,1
14652759,80,ACF,0.1365721688671328,0.0640342263531561,0.0180591487395486,0.934071338005765,0.0334219518117606,1.7925637e-05,2.092339e-10,1.1331754e-11,1.5197251e-13,2.1690415e-05,0.000108445354,6.0491404e-11,0.99985194,Rndm,0.978,5017,Rndm,Rndm,1
14652759,80,ACF,0.2361078173635178,0.0662453299084143,0.0176422958053679,2.1318501993279284,0.0334219518117606,6.896744e-07,1.7579355e-11,7.662172e-13,4.6233083e-15,7.257017e-07,6.573824e-05,3.8605304e-12,0.9999329,Rndm,0.958,5018,Rndm,Rndm,1
14652759,80,ACF,0.2037008620391134,0.055147214361851,0.0173000313262941,2.626879945466328,0.0334219518117606,1.1482782e-06,3.2560805e-11,1.4327519e-12,1.8510817e-14,2.7117255e-06,0.00014200251,1.6539832e-11,0.9998542,Rndm,0.968,5019,Rndm,Rndm,1
14652759,80,ACF,0.2291634697940026,0.0627284990263534,0.0167610678741685,1.590775844132125,0.0334219518117606,2.6523326e-06,4.5576157e-11,2.9503045e-12,3.9253692e-14,2.8259983e-06,7.700156e-05,1.6986574e-11,0.9999175,Rndm,0.958,5020,Rndm,Rndm,1
14652759,80,ACF,0.3564765085684485,0.0600001192425073,0.0166673759972128,0.8845521586730456,0.0334219518117606,4.4132834e-05,1.1015953e-09,6.39299e-11,7.5828155e-12,3.956634e-05,0.0013416782,3.439985e-10,0.9985746,Rndm,0.962,5021,Rndm,Rndm,1
14652759,80,ACF,0.1226834737281024,0.0637194995901774,0.0159228569514295,1.906362839463199,0.0334219518117606,2.2464756e-06,5.0141894e-11,1.560393e-12,2.7260805e-14,4.8845072e-06,0.00010215465,1.2801269e-11,0.9998907,Rndm,0.974,5022,Rndm,Rndm,1
14652759,80,ACF,0.4050869415550551,0.0589358038353343,0.0154731959878939,0.7690988706823418,0.0334219518117606,2.2484953e-06,2.4105202e-11,1.0086021e-12,9.7511915e-15,3.852301e-06,6.663549e-05,1.5086609e-11,0.9999273,Rndm,0.958,5023,Rndm,Rndm,1
14652759,80,ACF,0.0138886951390304,0.0807239802600616,0.0153201251206244,0.8089036149092887,0.0334219518117606,2.984652e-06,1.2377807e-06,9.0527865e-06,1.7451502e-07,2.1249649e-05,0.018714126,4.290069e-06,0.981247,Rndm,0.92,5024,Rndm,Rndm,1
14652759,80,ACF,0.270829555211094,0.0509073997448983,0.0130538710356411,1.1291371486728965,0.0334219518117606,1.6581689e-06,4.2246567e-11,2.4805592e-12,1.4046227e-14,2.7082074e-06,7.883506e-05,3.580907e-12,0.9999168,Rndm,0.958,5025,Rndm,Rndm,1
14652759,80,ACF,0.0208330427085456,0.0688811802196874,0.012954781440055,1.182194115175669,0.0334219518117606,2.8528697e-07,3.817718e-09,9.806905e-07,5.4096314e-09,4.6408445e-06,0.002079807,3.2156642e-08,0.99791425,Rndm,0.974,5026,Rndm,Rndm,1
14652759,80,ACF,0.0347217378475761,0.0711793545802678,0.0121646618010626,1.2683783485107476,0.0334219518117606,2.8669387e-15,8.044874e-18,3.80268e-11,4.835109e-16,1.6735847e-12,0.57114905,6.579757e-12,0.4288509,Rndm,0.81,5027,Rndm,Rndm,1
14652759,80,ACF,0.2453669474562048,0.0623547744467746,0.0117974436481084,0.9289436592470536,0.0334219518117606,1.1489485e-05,1.1744514e-10,9.380466e-12,6.9473886e-14,1.4064998e-05,7.429684e-05,5.1119543e-11,0.9999002,Rndm,0.958,5028,Rndm,Rndm,1
14652759,80,ACF,0.1666643416683655,0.0606973868998215,0.0108353981872162,1.0555783639558172,0.0334219518117606,1.0187588e-05,8.882733e-11,8.080799e-12,2.2808456e-13,8.6883465e-06,0.00016976737,7.126158e-11,0.9998115,Rndm,0.972,5029,Rndm,Rndm,1
14652759,80,ACF,0.2916625979196396,0.049407528726074,0.0104535915027154,0.9597920839471072,0.0334219518117606,4.5604666e-06,1.3368478e-11,1.8131089e-13,3.1020214e-15,3.5349412e-06,2.9443789e-05,4.155937e-12,0.99996245,Rndm,0.94,5030,Rndm,Rndm,1
14652759,80,ACF,0.261570425118407,0.0637687159572489,0.0100261434565968,1.0107655233198756,0.0334219518117606,1.0375633e-06,1.406988e-11,1.3279789e-12,8.13019e-15,1.7684185e-06,4.7274527e-05,6.554593e-12,0.9999498,Rndm,0.958,5031,Rndm,Rndm,1
14652759,80,ACF,0.3749947687538224,0.0508111958055594,0.0096530476475584,1.5166502717278263,0.0334219518117606,1.1922248e-06,5.337565e-11,2.0706525e-12,1.6939465e-14,1.8241639e-06,0.00014296659,7.165932e-12,0.9998541,Rndm,0.958,5032,Rndm,Rndm,1
14652759,80,ACF,0.351846943522105,0.0490274165877538,0.0082254546826872,0.8844227787086538,0.0334219518117606,9.63025e-06,3.6749015e-10,1.5935466e-11,2.2811508e-13,1.4147156e-05,0.00014350159,4.6868488e-11,0.99983275,Rndm,0.958,5033,Rndm,Rndm,1
14652759,80,ACF,0.2499965125025482,0.0634065939587574,0.0077491173176446,0.8015393653743814,0.0334219518117606,2.5559145e-06,5.960895e-11,3.0703595e-12,3.0804457e-14,3.926118e-06,8.765168e-05,1.1441633e-11,0.99990594,Rndm,0.958,5034,Rndm,Rndm,1
14652759,80,ACF,0.0277773902780609,0.0704657802622241,0.0072022277244265,1.3469778715671072,0.0334219518117606,6.5191397e-10,2.5658655e-12,1.0562256e-08,4.7626524e-13,6.411261e-08,0.0010529426,2.034028e-10,0.99894696,Rndm,0.974,5035,Rndm,Rndm,1
14652759,80,ACF,0.0787026057878392,0.0633863760033077,0.0071189616575594,0.6684884796807609,0.0334219518117606,3.4970835e-06,6.534124e-11,3.128314e-12,5.637478e-14,2.0605264e-06,8.669726e-05,1.43102405e-11,0.99990773,Rndm,0.958,5036,Rndm,Rndm,1
14652759,80,ACF,0.0509252155097783,0.0601505621551618,0.0069428960446628,0.9939977139082288,0.0334219518117606,2.8579646e-07,2.5452046e-10,8.983929e-11,3.0798993e-13,7.976706e-07,0.00047127585,1.697051e-10,0.9995277,Rndm,0.974,5037,Rndm,Rndm,1
14652759,80,ACF,0.162034776622022,0.0602508609129078,0.0069018450172291,0.8321748927197348,0.0334219518117606,5.3175413e-06,8.474613e-11,2.6199687e-12,1.9601018e-14,2.4921746e-06,6.917648e-05,2.1342459e-11,0.999923,Rndm,0.97,5038,Rndm,Rndm,1
14652759,80,ACF,0.1111095611122436,0.0593710819780176,0.0067182359472373,2.5422806389769192,0.0334219518117606,1.1290465e-07,4.3104773e-12,2.3384493e-12,3.70188e-15,6.299719e-07,8.030399e-05,3.796387e-12,0.99991894,Rndm,0.972,5039,Rndm,Rndm,1
14652759,80,ACF,0.0092591300926869,0.0750127004104067,0.0065245205330792,0.8395059629480814,0.0334219518117606,0.37041056,0.00066273415,0.027014976,0.00935442,0.1885571,0.0050089364,0.006383873,0.39260745,Rndm,0.718,5040,Rndm,Rndm,1
14652759,80,ACF,0.1805530368073959,0.0580428243769024,0.0060839281346662,1.0749697897871189,0.0334219518117606,2.533896e-06,4.068164e-11,5.783557e-12,2.996829e-14,2.5136853e-06,0.00010655384,1.0969885e-11,0.9998884,Rndm,0.974,5041,Rndm,Rndm,1
14652759,80,ACF,0.1319426038207893,0.0571108868941229,0.0054584722378572,1.074128407359595,0.0334219518117606,3.4087683e-05,2.4640717e-10,1.8747663e-11,7.14626e-13,2.8887112e-05,0.00016300136,8.700338e-11,0.99977404,Rndm,0.978,5042,Rndm,Rndm,1
14652759,80,ACF,0.3472173784757615,0.0490893090210162,0.0050090967010975,1.1879095415354757,0.0334219518117606,6.958626e-06,1.830711e-10,5.7728488e-12,1.5493578e-13,1.0564696e-05,0.00020966238,5.212771e-11,0.99977285,Rndm,0.954,5043,Rndm,Rndm,1
14652759,80,ACF,0.1458312989598198,0.0551687693182064,0.0036445262112536,1.3270977499770211,0.0334219518117606,1.5196648e-06,2.6495497e-11,1.4877679e-12,1.4792073e-14,2.86419e-06,0.00014482126,5.4029246e-12,0.99985075,Rndm,0.974,5044,Rndm,Rndm,1
14652759,80,ACF,0.0578695630792935,0.0633650610882985,0.0026589297279367,1.3706364760550578,0.0334219518117606,1.5613524e-07,2.9771712e-12,2.6789805e-12,4.8525357e-15,8.378524e-07,4.5615332e-05,5.706395e-12,0.9999534,Rndm,0.972,5045,Rndm,Rndm,1
14652759,80,ACF,0.0694434756951523,0.0575898745251925,0.0005282003011035,0.6367198753437542,0.0334219518117606,2.0486082e-06,5.102594e-11,1.711823e-12,2.71153e-14,1.5837498e-06,0.00013406316,3.84568e-11,0.9998623,Rndm,0.974,5046,Rndm,Rndm,1
14652759,80,ACF,0.2407373824098613,0.0564960429767758,0.0004716870866393,0.5298800555140133,0.0334219518117606,3.0876306e-06,6.572063e-11,2.409679e-12,2.90056e-14,2.2471625e-06,9.572335e-05,1.4310851e-11,0.9998989,Rndm,0.952,5047,Rndm,Rndm,1
14652759,80,ACF,0.1064799960659002,0.0581266684302566,1.4562188634652253e-05,0.501330166342143,0.0334219518117606,3.7358598e-07,6.5742403e-12,1.0037869e-12,3.4650832e-15,1.1694702e-06,3.3044173e-05,4.601893e-12,0.9999654,Rndm,0.974,5048,Rndm,Rndm,1
18597960,80,LS,7.345627806010698,0.6006045116019221,0.3983106672981638,3.7811999543764,0.0409139972180128,0.014008532,0.32567844,4.1890496e-09,8.739417e-15,0.0001816199,0.6600202,4.0266606e-11,0.0001112377,LPV,0.538,8669,Irregular,Irregular,1
18597960,80,LS,3.777751443091216,0.1458992800252307,0.1445106829620019,5.195744128422643,0.0409139972180128,0.009096079,0.0037474406,5.2895097e-09,3.0822085e-09,0.10853769,0.7577366,7.629089e-10,0.120882206,Rndm,0.384,8670,Irregular,Irregular,1
18597960,80,LS,1.5374569826534017,0.062631825167782,0.0625461388270523,5.7893488527702885,0.0409139972180128,2.945964e-09,0.00059693516,2.0490604e-10,1.2507621e-08,7.892129e-09,0.55718404,1.2028374e-07,0.4422189,Rndm,0.55,8671,Irregular,Irregular,1
18597960,80,LS,1.9444308898263605,0.0616789128098182,0.0613808381823662,5.545233043277058,0.0409139972180128,4.5017377e-06,0.009606883,1.0884231e-07,3.5508323e-09,2.6747314e-06,0.9377799,3.434074e-05,0.052571706,Rndm,0.36,8672,Irregular,Irregular,1
18597960,80,LS,12.020118228017507,0.2567526512650185,0.0345150401345553,2.095171433555339,0.0409139972180128,0.28307885,0.018785626,3.6282473e-09,5.592944e-10,0.2294949,0.06549515,5.6714624e-09,0.40314543,Rndm,0.398,8673,Irregular,Irregular,1
18597960,80,LS,5.085434634930483,0.0911009460036688,0.0272266072840534,2.555458496268722,0.0409139972180128,0.0009042575,0.0020429043,2.1214153e-09,1.1446926e-09,0.17930676,0.066516325,9.39833e-10,0.7512297,Rndm,0.772,8674,Irregular,Irregular,1
18597960,80,LS,1.2473707595112502,0.0266592207034494,0.0263154893966532,4.981887182684346,0.0409139972180128,4.3013073e-09,7.5240765e-05,1.1179772e-08,3.4416824e-11,2.7505225e-09,0.018458204,3.4213492e-06,0.9814632,Rndm,0.93,8675,Irregular,Irregular,1
18597960,80,LS,2.698393887922297,0.0329419344761559,0.0228845270753802,4.969442737530272,0.0409139972180128,1.9154742e-05,0.0002990174,3.0734974e-12,6.822072e-14,3.6617757e-06,0.96961087,5.3842913e-11,0.030067308,Rndm,0.406,8676,Irregular,Irregular,1
18597960,80,LS,1.1111033656150633,0.0122067370432463,0.0117654040461471,5.029984493455274,0.0409139972180128,6.8227524e-10,1.2819723e-05,2.8634613e-08,2.3345414e-11,1.4474295e-09,0.0030390641,1.5622261e-07,0.99694794,Rndm,0.972,8677,Irregular,Irregular,1
18597960,80,LS,3.305532512704813,0.070045673430116,0.0050936302187627,0.942140219495883,0.0409139972180128,1.38593405e-05,0.0034541495,9.5173895e-09,8.892105e-09,0.00014027493,0.8835318,6.013211e-07,0.11285928,Rndm,0.486,8678,Irregular,Irregular,1
41157203,65,ACF,0.1643540237355409,0.0494753279480103,0.0520352650459836,2.273763739722213,0.0351033150218427,0.0013716904,1.499389e-08,3.079464e-08,0.0006443921,0.023272814,0.009132514,7.7873985e-05,0.9655006,Rndm,0.954,3139,Rndm,Rndm,1
41157203,65,ACF,0.4467651631121043,0.0335684781216025,0.0489037912849593,1.4051282518937,0.0351033150218427,0.0015252073,4.047375e-09,8.353269e-09,0.0003323004,0.017703101,0.0040909136,3.1418618e-05,0.97631705,Rndm,0.948,3140,Rndm,Rndm,1
41157203,65,ACF,0.2546329945198522,0.0342097978500858,0.0360651587894213,4.057275154304776,0.0351033150218427,0.0007036605,2.2220523e-09,7.712076e-09,0.00024484075,0.022482803,0.005038208,5.717258e-05,0.97147334,Rndm,0.956,3141,Rndm,Rndm,1
41157203,65,ACF,0.0486117534992445,0.0356775413716388,0.0330357367175385,1.938495742957258,0.0351033150218427,0.00021756277,6.0277388e-09,1.1951684e-07,0.00010159271,0.0067524035,0.059790757,3.422914e-05,0.9331034,Rndm,0.972,3142,Rndm,Rndm,1
41157203,65,ACF,0.097223506998489,0.0303526744766393,0.0300971250799405,2.2205883691416237,0.0351033150218427,0.0008157359,1.3869923e-08,5.11753e-08,0.00025867517,0.016304383,0.008236956,5.873965e-05,0.9743256,Rndm,0.97,3143,Rndm,Rndm,1
41157203,65,ACF,0.1875024777828002,0.0292019896345125,0.0264481439709845,5.029379597972849,0.0351033150218427,0.0006299968,3.5846581e-09,2.0782144e-08,0.0002889754,0.0208646,0.008040778,5.17804e-05,0.97012377,Rndm,0.968,3144,Rndm,Rndm,1
41157203,65,ACF,0.0185187632378074,0.0382436063157438,0.0261465370242531,1.239824313814637,0.0351033150218427,7.554577e-05,7.903765e-08,1.046076e-06,3.2814693e-05,0.0016996517,0.024838846,1.9746712e-06,0.97335005,Rndm,0.988,3145,Rndm,Rndm,1
41157203,65,ACF,0.064815671332326,0.0287405182089583,0.0236511838582015,2.7255126698791834,0.0351033150218427,0.0030069356,1.3404461e-08,4.8268458e-08,0.0002689041,0.04204341,0.00440881,8.119183e-05,0.95019066,Rndm,0.96,3146,Rndm,Rndm,1
41157203,65,ACF,0.0138890724283555,0.0349811986482712,0.0200303571782406,1.9191748297512576,0.0351033150218427,1.4214798e-05,8.611686e-08,1.9413721e-06,9.254026e-06,0.0003228628,0.037848983,1.772354e-06,0.9618009,Rndm,0.932,3147,Rndm,Rndm,1
41157203,65,ACF,0.1805579415686224,0.0293707484217572,0.0185653404508015,0.8642507752881414,0.0351033150218427,0.00062029227,8.0888105e-09,2.7618196e-08,0.00097479805,0.013193515,0.03152078,0.00014818725,0.9535424,Rndm,0.944,3148,Rndm,Rndm,1
41157203,65,ACF,0.0277781448567111,0.0288090467864364,0.0105063086935267,1.1468709673668671,0.0351033150218427,1.2373692e-06,1.1782156e-10,1.4558434e-06,0.00018258052,0.0003799347,0.4083729,1.2230068e-05,0.59104973,Rndm,0.884,3149,Rndm,Rndm,1
41157203,65,ACF,0.0231484540472592,0.0288488966400661,0.0082760646798162,0.8923734240676531,0.0351033150218427,1.13918524e-07,3.144508e-10,1.245575e-07,1.4580667e-06,2.032102e-05,0.019789092,6.1100465e-08,0.98018897,Rndm,0.962,3150,Rndm,Rndm,1
41157203,65,ACF,0.032407835666163,0.0284015744507586,0.0077133966038367,0.649717886936191,0.0351033150218427,3.855834e-12,1.241858e-16,4.173867e-09,1.1581022e-05,3.5791727e-09,0.99659854,2.750328e-07,0.003389711,Rndm,0.548,3151,Rndm,Rndm,1
43378021,80,LS,6.959046407348765,0.4819624080392807,0.474210563981206,4.477800345448424,0.1098119001835584,0.0006000223,1.1061181e-06,3.1832635e-05,0.0004421339,4.5890634e-08,0.9988869,1.238604e-05,2.5593541e-05,LPV,0.806,2274,Irregular,Irregular,1
43378021,80,LS,4.0067236890795925,0.1313294576602039,0.1309119886554613,4.270688838340984,0.1098119001835584,1.249176e-07,1.4742823e-06,1.3892797e-07,3.233319e-05,9.5231295e-11,0.9976646,4.4451914e-05,0.0022569096,Rndm,0.352,2275,Irregular,Irregular,1
43378021,80,LS,5.085456989985637,0.1017338994901702,0.1004332294329383,3.090568890056206,0.1098119001835584,0.00075604767,1.5031995e-06,7.139633e-08,1.6425289e-06,1.9128167e-06,0.89850605,2.016797e-06,0.10073078,LPV,0.71,2276,Irregular,Irregular,1
43378021,80,LS,3.005042766809695,0.0561457535845025,0.0492510403032921,3.289629628900002,0.1098119001835584,0.00011165142,3.826246e-05,0.00016995185,0.004867596,3.511159e-06,0.38085517,0.0004209828,0.6135329,Rndm,0.728,2277,Irregular,Irregular,1
43378021,80,LS,2.5925859164632663,0.0487720948719617,0.0477338732851909,4.026422392473094,0.1098119001835584,1.1194659e-05,3.655369e-06,4.0794945e-05,0.14197336,2.7604736e-07,0.69407517,0.0006905554,0.163205,Rndm,0.426,2278,Irregular,Irregular,1
43378021,80,LS,2.0033618445397967,0.0275079937684331,0.025935505361252,5.180308184811324,0.1098119001835584,8.204061e-06,1.5772939e-07,2.8210286e-06,0.0001881676,1.10577885e-05,0.0010561855,5.8454793e-06,0.9987275,Rndm,0.924,2279,Irregular,Irregular,1
43378021,80,LS,1.5555515498779595,0.0165069950772336,0.0157106601603216,4.351932047307358,0.1098119001835584,1.9960235e-06,7.108503e-08,9.820495e-07,0.0012185046,8.7001615e-07,0.0071932236,8.14072e-06,0.9915764,Rndm,0.901997425997426,2280,Irregular,Irregular,1
43378021,80,LS,1.2473762428266657,0.0133108613065194,0.0127299830885557,4.149458443510923,0.1098119001835584,5.775502e-07,1.35888465e-08,1.8999281e-06,6.083206e-05,3.014155e-07,0.0007719618,4.0865294e-07,0.999164,Rndm,0.933997425997426,2281,Irregular,Irregular,1
43378021,80,LS,2.2796876162004582,0.0201837760905584,0.0107280432279934,2.956455066079833,0.1098119001835584,1.9672036e-05,5.481934e-07,4.7194835e-06,0.0029549282,3.8456456e-06,0.0353309,1.5116048e-05,0.9616702,Rndm,0.874,2282,Irregular,Irregular,1
43378021,80,LS,1.8622800245017823,0.0156898763807767,0.0012464127209487,1.0394818337352305,0.1098119001835584,1.4975618e-07,1.9065207e-09,1.1179084e-08,1.8036466e-05,4.7881702e-08,0.001120056,7.017946e-08,0.9988618,Rndm,0.955997425997426,2283,Irregular,Irregular,1
43378021,80,ACF,0.1134251193602722,0.7720273855241584,0.0095617447532444,1.3581784807487267,0.1098119001835584,2.380954e-10,2.2433836e-12,4.51724e-10,2.2437934e-09,1.2806545e-09,1.6485216e-06,1.8569849e-11,0.99999833,Rndm,0.986,2284,Irregular,Irregular,1
43378021,80,ACF,0.2592574156806222,0.6882753238605023,0.0087667621487224,1.884328530311933,0.1098119001835584,2.4682811e-09,1.537097e-11,3.5211192e-09,3.918935e-08,9.993803e-09,5.6483113e-06,2.4742422e-10,0.9999944,Rndm,1.0,2285,Irregular,Irregular,1
43378021,80,ACF,0.0115739917714563,0.8100815675906881,0.0077487600720077,2.1357793843967725,0.1098119001835584,0.0033019658,4.2297557e-05,0.010011694,0.00065119046,0.001335156,0.0030244305,0.000797752,0.98083556,Rndm,0.978,2286,Irregular,Irregular,1
43378021,80,ACF,0.1967578601147579,0.7296695686284917,0.0073556334669673,1.0008473988468864,0.1098119001835584,4.0439154e-09,2.4734555e-11,1.0455895e-09,5.270502e-08,9.107353e-09,6.4461155e-06,2.8511482e-10,0.99999356,Rndm,0.996,2287,Irregular,Irregular,1
43378021,80,ACF,0.5185148313612444,0.5273002251555872,0.0068073276612471,1.4155076692665318,0.1098119001835584,1.0129303e-08,9.2859095e-11,9.8749355e-09,4.424476e-07,1.2882118e-08,3.0480987e-05,1.6748648e-09,0.999969,Rndm,1.0,2288,Irregular,Irregular,1
43378021,80,ACF,0.1412026996117674,0.7606177317125336,0.0067170972003754,0.8758849883999886,0.1098119001835584,4.173761e-09,2.2133958e-11,2.3931488e-09,3.1174896e-08,1.12152705e-08,7.004653e-06,2.3822858e-10,0.99999297,Rndm,0.998,2289,Irregular,Irregular,1
43378021,80,ACF,0.3194421728921952,0.6556911278462457,0.0059954171923204,0.8657455191430756,0.1098119001835584,1.106215e-08,6.4662366e-11,8.033552e-09,1.746483e-07,2.4100187e-08,1.14265395e-05,8.190027e-10,0.99998844,Rndm,1.0,2290,Irregular,Irregular,1
43378021,80,ACF,0.0717587489830293,0.7869554818210772,0.0055730655078277,0.952994615833564,0.1098119001835584,1.1513063e-09,8.086411e-12,1.0341089e-09,5.313746e-09,3.4938377e-09,3.690899e-06,6.716633e-11,0.9999963,Rndm,1.0,2291,Irregular,Irregular,1
43378021,80,ACF,0.14583229632035,0.7544351211477333,0.0051607376742545,1.5337392592818515,0.1098119001835584,2.4267228e-09,2.1488608e-11,2.6230722e-09,3.8094665e-08,3.5229633e-09,6.5638687e-06,4.5054982e-10,0.99999344,Rndm,0.998,2292,Irregular,Irregular,1
43378021,80,ACF,0.2731462058063698,0.680839209535676,0.0045947297473415,1.3338381700061177,0.1098119001835584,4.4091584e-09,5.1712298e-11,2.3932756e-09,1.9089629e-07,7.703839e-09,7.255024e-06,5.1620086e-10,0.9999925,Rndm,1.0,2293,Irregular,Irregular,1
43378021,80,ACF,0.0555551605029904,0.7900758670086928,0.0045692174256258,1.72461688220071,0.1098119001835584,8.0056664e-13,2.7647562e-15,8.1660026e-11,1.0458087e-11,2.4959156e-11,6.3017275e-08,8.659241e-14,0.9999999,Rndm,0.97,2294,Irregular,Irregular,1
43378021,80,ACF,0.0208331851886214,0.8048665851499941,0.0042384233639515,3.001685892568635,0.1098119001835584,1.7941189e-09,1.1631207e-10,2.962341e-07,1.9281485e-09,2.529265e-08,2.6276442e-05,1.4646718e-09,0.9999734,Rndm,1.0,2295,Irregular,Irregular,1
43378021,80,ACF,0.2314798354291269,0.7069942511184799,0.0042082628632618,1.818924881339683,0.1098119001835584,8.230627e-09,5.272883e-11,7.284328e-09,1.8610915e-07,1.4282383e-08,6.9263274e-06,7.319086e-10,0.99999285,Rndm,1.0,2296,Irregular,Irregular,1
43378021,80,ACF,0.1296287078403111,0.7604946418164908,0.004178840160794,1.5917960266362172,0.1098119001835584,1.4872044e-09,1.0537244e-11,1.4038629e-09,1.3892636e-08,3.351045e-09,5.181722e-06,6.4157374e-11,0.9999949,Rndm,0.998,2297,Irregular,Irregular,1
43378021,80,ACF,0.0370367736686603,0.7997469237731801,0.0039973963441725,1.2007450623428717,0.1098119001835584,1.0078492000000001e-21,6.4616433e-24,4.733204e-13,4.969241e-19,4.526373e-20,9.970527e-06,4.03869e-17,0.99999,Rndm,1.0,2298,Irregular,Irregular,1
43378021,80,ACF,0.4004601152923897,0.6058050117327094,0.0037308989005294,2.540322884053268,0.1098119001835584,7.19629e-09,6.154954e-11,7.188292e-09,1.5172367e-07,8.876524e-09,1.2944979e-05,9.079693e-10,0.9999869,Rndm,1.0,2299,Irregular,Irregular,1
43378021,80,ACF,0.4398116873153412,0.5798092589436645,0.0035795650501569,0.809420157175083,0.1098119001835584,2.3009024e-09,1.4255855e-11,2.2100608e-09,2.3767237e-08,5.2140035e-09,8.889028e-06,6.2348343e-10,0.99999106,Rndm,1.0,2300,Irregular,Irregular,1
43378021,80,ACF,0.472218864275419,0.5532526024650245,0.0035281804426547,0.8630965816097671,0.1098119001835584,1.7515507e-08,9.6777336e-11,8.258951e-09,1.8876148e-07,2.6191481e-08,2.195223e-05,8.987362e-10,0.9999778,Rndm,0.994,2301,Irregular,Irregular,1
43378021,80,ACF,0.0416663703772428,0.7964264182840288,0.0034562130731553,0.8927638713623196,0.1098119001835584,9.5178815e-14,5.201386300000001e-16,7.4024187e-10,1.309519e-13,3.3685192e-12,1.1026259e-07,6.9290636e-14,0.9999999,Rndm,0.97,2302,Irregular,Irregular,1
43378021,80,ACF,0.4953668478183317,0.5357436337816995,0.0033177799629789,1.762262706240875,0.1098119001835584,1.6821222e-08,1.328914e-10,9.18694e-09,3.5013485e-07,2.44619e-08,1.6151402e-05,9.226183e-10,0.99998355,Rndm,1.0,2303,Irregular,Irregular,1
43378021,80,ACF,0.0462959670858253,0.7953224890980188,0.003295932060351,1.5786857229771982,0.1098119001835584,2.0862729e-13,3.7126877e-15,6.489304e-11,7.5443376e-12,1.27490084e-11,8.8293156e-08,3.80924e-14,0.9999999,Rndm,0.97,2304,Irregular,Irregular,1
43378021,80,ACF,0.2129614485947968,0.7149339925219328,0.0031051265669904,1.481465959164069,0.1098119001835584,8.219964e-09,2.3452044e-11,4.749572e-09,1.2732696e-07,1.8878634e-08,6.3542684e-06,3.9360742e-10,0.99999356,Rndm,0.994,2305,Irregular,Irregular,1
43378021,80,ACF,0.3819417284580595,0.6172358136493914,0.0030358546255369,1.7305254427159298,0.1098119001835584,3.914362e-09,5.457203e-11,2.7260023e-09,5.5680303e-08,7.791353e-09,1.0900541e-05,4.5770585e-10,0.99998915,Rndm,1.0,2306,Irregular,Irregular,1
43378021,80,ACF,0.120369514423146,0.7680669602732825,0.0030282706227845,0.91738519122773,0.1098119001835584,1.6750265e-09,1.6617074e-11,1.94884e-09,3.4342197e-08,4.5470667e-09,5.1665334e-06,4.154768e-10,0.9999949,Rndm,1.0,2307,Irregular,Irregular,1
43378021,80,ACF,0.2037022551776317,0.7198322772265973,0.0029783600937565,1.5381387629506094,0.1098119001835584,2.7497384e-09,1.4835239e-11,2.244365e-09,3.0411947e-08,4.784834e-09,6.320581e-06,2.5226699e-10,0.9999937,Rndm,0.992,2308,Irregular,Irregular,1
43378021,80,ACF,0.4675892675668365,0.5564610627605524,0.0028641954559252,0.7125833607016716,0.1098119001835584,2.112596e-08,8.68094e-11,2.1996202e-08,3.0919776e-07,2.2737026e-08,2.372461e-05,2.8670555e-09,0.9999758,Rndm,1.0,2309,Irregular,Irregular,1
43378021,80,ACF,0.351849349852273,0.6317180545342416,0.002755595601483,0.7245268207623212,0.1098119001835584,2.1863564e-09,1.0251381e-11,6.4649663e-10,2.9191876e-08,4.2315573e-09,4.549141e-06,1.6237794e-10,0.99999547,Rndm,1.0,2310,Irregular,Irregular,1
43378021,80,ACF,0.3726825350408944,0.6171748623307965,0.0026792618902002,0.9983503035989258,0.1098119001835584,1.2599019e-08,1.0218703e-10,8.493437e-09,1.05482655e-07,2.0582613e-08,1.6202097e-05,1.8399554e-09,0.99998367,Rndm,1.0,2311,Irregular,Irregular,1
43378021,80,ACF,0.4305524938981762,0.5840085121153143,0.0026660023127916,0.6967412893593519,0.1098119001835584,7.2003715e-08,5.660218e-10,1.7793175e-07,1.3955685e-06,1.0466493e-07,3.2236825e-05,1.23655814e-08,0.999966,Rndm,1.0,2312,Irregular,Irregular,1
43378021,80,ACF,0.3009237860578651,0.6614282185823303,0.0025674399125058,1.2332542894982197,0.1098119001835584,2.0986959e-09,7.83613e-12,1.2207522e-09,2.500473e-08,6.028416e-09,4.6848786e-06,1.6805116e-10,0.99999535,Rndm,1.0,2313,Irregular,Irregular,1
43378021,80,ACF,0.0856475391087769,0.7797146611206806,0.0023900527686788,3.5470273696277346,0.1098119001835584,1.6028325e-08,1.3746292e-10,7.064476e-09,2.5793665e-07,4.2986414e-08,1.5351934e-05,1.5444299e-09,0.99998426,Rndm,0.998,2314,Irregular,Irregular,1
43378021,80,ACF,0.5023112428812055,0.5317848483183071,0.0022468320387466,0.8618279593096929,0.1098119001835584,8.558755e-09,5.939755e-11,6.354252e-09,6.284168e-08,2.0273621e-08,9.44497e-06,1.0550357e-09,0.99999046,Rndm,1.0,2315,Irregular,Irregular,1
43378021,80,ACF,0.3935157202295158,0.6092749101906134,0.0021142439370759,0.7882868760904387,0.1098119001835584,3.5977346e-09,3.0555333e-11,1.3800389e-09,3.4029625e-08,4.7146864e-09,6.6133316e-06,2.9994146e-10,0.99999344,Rndm,1.0,2316,Irregular,Irregular,1
43378021,80,ACF,0.2800906008692436,0.6792172256368377,0.0020931327179096,0.6638558657605387,0.1098119001835584,1.1935449e-08,7.568329e-11,4.3876502e-09,2.4958842e-07,2.2266015e-08,1.2680882e-05,7.7455187e-10,0.9999871,Rndm,1.0,2317,Irregular,Irregular,1
43378021,80,ACF,0.2499982222634571,0.6969812969519502,0.0020848645186039,0.6807813866028312,0.1098119001835584,2.3907665e-09,2.0287287e-11,6.164239e-10,4.492439e-08,6.764067e-09,5.472016e-06,1.2749117e-10,0.9999945,Rndm,1.0,2318,Irregular,Irregular,1
43378021,80,ACF,0.2870349959321174,0.6748490565740757,0.0020189465531313,0.9715236806700744,0.1098119001835584,4.725598e-08,2.0173396e-10,2.1807303e-08,1.2483662e-06,7.386931e-08,2.8585648e-05,5.022165e-09,0.9999701,Rndm,1.0,2319,Irregular,Irregular,1
43378021,80,ACF,0.3449049547893992,0.6353158950133687,0.0019144715485965,0.7779195713080469,0.1098119001835584,1.0874572e-08,9.474039e-11,1.13464385e-08,1.5481737e-07,1.3955079e-08,1.2272819e-05,1.6915648e-09,0.9999876,Rndm,1.0,2320,Irregular,Irregular,1
43378021,80,ACF,0.1782394732804277,0.7317590564043628,0.0019027683857246,1.2413074688094523,0.1098119001835584,9.266502e-10,5.272361e-12,3.973427e-10,8.773167e-09,3.3414091e-09,2.7078802e-06,5.8796266e-11,0.99999726,Rndm,0.996,2321,Irregular,Irregular,1
43378021,80,ACF,0.3564789465608555,0.6274058583410388,0.0018242546595885,1.0662647836686858,0.1098119001835584,8.940077e-09,4.5570308e-11,3.2259162e-09,1.7648756e-07,1.8028029e-08,1.0503886e-05,7.441483e-10,0.9999894,Rndm,1.0,2322,Irregular,Irregular,1
43378021,80,ACF,0.2199058436576706,0.7116617509652675,0.0016989618138071,1.077015029576586,0.1098119001835584,5.4274656e-09,1.3291533e-11,3.9244292e-09,1.01661605e-07,1.0480806e-08,5.712406e-06,3.6197406e-10,0.99999416,Rndm,1.0,2323,Irregular,Irregular,1
43378021,80,ACF,0.326386567955069,0.6458422780633194,0.0016777223313421,0.8876132152911111,0.1098119001835584,4.888304e-09,4.128886e-11,6.099602e-09,1.5591851e-07,1.3314017e-08,8.799336e-06,6.3077504e-10,0.99999106,Rndm,1.0,2324,Irregular,Irregular,1
43378021,80,ACF,0.1620358848003888,0.7443692981946693,0.0016455464638432,1.0863367986200243,0.1098119001835584,7.1666535e-09,1.07806146e-10,1.41108805e-08,7.282237e-08,8.660791e-09,1.0313661e-05,1.4727831e-09,0.9999895,Rndm,0.998,2325,Irregular,Irregular,1
43378021,80,ACF,0.2962941893492825,0.6663901799924026,0.0016321898562918,0.6083877579614096,0.1098119001835584,9.410499e-09,4.695032e-11,2.9768596e-09,1.0676014e-07,1.4962147e-08,9.697262e-06,4.3204038e-10,0.9999902,Rndm,1.0,2326,Irregular,Irregular,1
43378021,80,ACF,0.1851838683433015,0.7294430470817106,0.0014854629057735,0.7157811328785613,0.1098119001835584,9.600808e-10,8.305279e-12,1.8680486e-09,2.5757187e-08,4.1560275e-09,3.8142352e-06,2.0707595e-10,0.9999962,Rndm,0.998,2327,Irregular,Irregular,1
43378021,80,ACF,0.3148125761836127,0.6528893700016362,0.0014326475503996,0.7242956111500405,0.1098119001835584,2.1989981e-08,1.2357525e-10,4.514875e-08,2.1340581e-07,4.301752e-08,1.4945431e-05,2.682126e-09,0.99998474,Rndm,1.0,2328,Irregular,Irregular,1
43378021,80,ACF,0.4907372511097492,0.5404917568539517,0.0013906187047926,0.5862035347263088,0.1098119001835584,4.6407993e-09,4.5476494e-11,4.91294e-09,3.219064e-07,6.051242e-09,2.0575406e-05,1.5813815e-09,0.999979,Rndm,0.998,2329,Irregular,Irregular,1
43378021,80,ACF,0.4861076544011666,0.5442672400483225,0.0013601838260479,0.6316450829462212,0.1098119001835584,3.1348062e-09,3.7335007e-11,2.736366e-09,2.5113618e-08,4.2642507e-09,1.38623345e-05,3.3553443e-10,0.9999862,Rndm,1.0,2330,Irregular,Irregular,1
43378021,80,ACF,0.0972215308802333,0.7773607234249442,0.0013303797186206,1.892244214064952,0.1098119001835584,3.7338497e-09,3.179299e-11,4.171715e-09,4.642256e-08,8.214833e-09,9.056907e-06,4.0535714e-10,0.99999094,Rndm,1.0,2331,Irregular,Irregular,1
43378021,80,ACF,0.1041659259431071,0.7714945111376045,0.0012746282949455,1.628982906312764,0.1098119001835584,1.4682809e-09,1.1540363e-11,2.007461e-09,1.607715e-08,5.00669e-09,3.0632366e-06,1.6920156e-10,0.9999969,Rndm,1.0,2332,Irregular,Irregular,1
43378021,80,ACF,0.4768484609840016,0.5496109599766429,0.0012168175210914,0.7747996915003625,0.1098119001835584,7.806009e-10,3.8384816e-12,2.312444e-10,8.298118e-09,1.883813e-09,4.018665e-06,2.8446247e-11,0.99999595,Rndm,1.0,2333,Irregular,Irregular,1
43378021,80,ACF,0.3055533827664476,0.6608798305701342,0.0012023279053764,0.9769197886147084,0.1098119001835584,1.9916824e-09,1.0785108e-11,9.595685e-10,1.6652091e-08,4.9602558e-09,5.3804747e-06,8.273839e-11,0.99999464,Rndm,1.0,2334,Irregular,Irregular,1
43378021,80,ACF,0.4143489054181373,0.5946533319806645,0.0011548121187909,0.8282731171079547,0.1098119001835584,3.6303094e-09,1.9391383e-11,1.9389959e-09,4.590343e-08,6.0942638e-09,7.1897716e-06,3.6038086e-10,0.99999285,Rndm,1.0,2335,Irregular,Irregular,1
43378021,80,ACF,0.3333309630179428,0.6427531278574542,0.0010672603415309,0.6301458318806397,0.1098119001835584,1.8319258e-09,2.1130408e-11,1.7510458e-09,3.786444e-08,5.767031e-09,4.9435575e-06,2.6587882e-10,0.9999951,Rndm,1.0,2336,Irregular,Irregular,1
43378021,80,ACF,0.2685166090977873,0.6816799948786088,0.0010366176514706,1.5240294216905568,0.1098119001835584,1.6859282e-09,1.3337185e-11,1.997699e-09,2.7676025e-08,3.3035452e-09,4.63882e-06,1.8638002e-10,0.99999535,Rndm,1.0,2337,Irregular,Irregular,1
43378021,80,ACF,0.4212933004810111,0.5916675574096599,0.0010003330587734,0.6208729231205723,0.1098119001835584,2.1965961e-08,9.4657754e-11,1.1635567e-08,2.6031307e-07,2.8175332e-08,3.208028e-05,2.9997904e-09,0.9999676,Rndm,1.0,2338,Irregular,Irregular,1
43378021,80,ACF,0.0671291522744468,0.7842941334292624,0.0008993908644376,0.6544433797314149,0.1098119001835584,1.155646e-08,4.6433468e-11,3.672367e-09,1.17933794e-07,1.3643068e-08,8.845325e-06,1.067194e-09,0.99999106,Rndm,1.0,2339,Irregular,Irregular,1
43378021,80,ACF,0.4629596708582539,0.5588615689670878,0.0008544170228238,0.5811458158129597,0.1098119001835584,2.664118e-09,1.3496444e-11,1.3454153e-09,5.2558395e-08,5.3995777e-09,7.491336e-06,3.8393655e-10,0.9999925,Rndm,1.0,2340,Irregular,Irregular,1
43378021,80,ACF,0.4351820906067587,0.578004618128348,0.0007715071539744,0.7173352357329748,0.1098119001835584,2.9986218e-08,3.772059e-10,1.9907844e-08,8.845737e-07,2.9438219e-08,4.398554e-05,4.0886023e-09,0.99995506,Rndm,1.0,2341,Irregular,Irregular,1
43378021,80,ACF,0.2453686255548746,0.6965492916880758,0.0007687118823798,0.732540030308158,0.1098119001835584,4.9092557e-09,2.8219482e-11,4.0916155e-09,4.008349e-08,1.2963085e-08,6.376037e-06,3.946885e-10,0.9999937,Rndm,1.0,2342,Irregular,Irregular,1
43378021,80,ACF,0.3379605597265254,0.6394135563875472,0.0007606764062972,0.6480977107206058,0.1098119001835584,2.3159707e-09,1.152442e-11,7.8624574e-10,2.5177062e-08,3.4931413e-09,4.671579e-06,1.3587537e-10,0.99999535,Rndm,1.0,2343,Irregular,Irregular,1
43378021,80,ACF,0.1736098765718452,0.7358671302031916,0.0007271378743808,0.5604855236632602,0.1098119001835584,1.2702199e-08,1.4117035e-10,1.8463904e-08,2.1087395e-07,2.2545045e-08,1.5770343e-05,1.9863273e-09,0.999984,Rndm,0.996,2344,Irregular,Irregular,1
43378021,80,ACF,0.3657381399780206,0.6239990928122621,0.0006219107054333,0.5630732738530355,0.1098119001835584,7.668548e-09,5.439914e-11,3.6153798e-09,3.0098846e-07,1.0225603e-08,9.794907e-06,7.187693e-10,0.99998987,Rndm,1.0,2345,Irregular,Irregular,1
43378021,80,ACF,0.0162035884800388,0.8055959870367215,0.0005232933043561,0.5526682479707459,0.1098119001835584,3.114611e-10,9.451837e-11,2.9517594e-07,2.8228189e-11,1.7145332e-09,4.6911505e-06,2.9008103e-11,0.9999951,Rndm,1.0,2346,Irregular,Irregular,1
43378021,80,ACF,0.1898134650518841,0.7264928478047162,0.0004918600123346,0.5588502386064533,0.1098119001835584,8.7913865e-10,5.2696957e-12,7.2920975e-10,9.638269e-09,3.4251262e-09,2.9458188e-06,6.553406e-11,0.999997,Rndm,0.996,2347,Irregular,Irregular,1
43378021,80,ACF,0.4074045103552635,0.599384759008993,0.0004511755755195,0.6183481790653218,0.1098119001835584,1.5789224e-08,5.978591e-11,1.5410059e-08,1.7583483e-07,2.6156357e-08,1.35551445e-05,1.4203584e-09,0.9999863,Rndm,1.0,2348,Irregular,Irregular,1
43378021,80,ACF,0.0254627818972039,0.8041426168553594,0.0003931816497931,0.5706879132014651,0.1098119001835584,1.905763e-09,1.6683019e-10,3.7634993e-07,5.382759e-09,3.2228122e-08,6.271918e-06,7.7448137e-10,0.9999933,Rndm,1.0,2349,Irregular,Irregular,1
43378021,80,ACF,0.0624995555658642,0.7870757174279366,0.0001185413380007,0.5161018945264537,0.1098119001835584,5.2668963e-09,2.5606137e-11,1.1945558e-08,8.713049e-08,4.5438167e-08,5.205325e-06,8.6198276e-10,0.9999945,Rndm,1.0,2350,Irregular,Irregular,1
43378021,80,ACF,0.0902771358173595,0.7796259114319252,7.663308572136707e-05,0.5106566044043248,0.1098119001835584,1.2419723e-08,7.519472e-11,1.6674548e-08,2.5225177e-07,2.9047806e-08,1.1503871e-05,1.920513e-09,0.9999881,Rndm,1.0,2351,Irregular,Irregular,1
43378021,80,ACF,0.446756082378215,0.568111502747039,5.298342695925218e-05,0.6174720047736457,0.1098119001835584,2.980486e-09,2.4038965e-11,8.3266416e-10,5.962092e-08,4.3623736e-09,5.245146e-06,3.9057382e-10,0.99999464,Rndm,1.0,2352,Irregular,Irregular,1
43378021,80,ACF,0.5092556379440794,0.5271242900529687,4.551882996040035e-05,0.5103074078249676,0.1098119001835584,1.37421186e-08,6.8715075e-11,1.6318733e-08,3.502789e-07,2.6218203e-08,1.6784252e-05,7.1306194e-10,0.99998283,Rndm,1.0,2353,Irregular,Irregular,1
43378021,80,ACF,0.0763883456916119,0.7808135615595585,9.439283420786817e-06,0.5013527386153349,0.1098119001835584,4.1022794e-09,3.1645558e-11,1.6494823e-09,3.1768312e-08,9.89548e-09,6.9309876e-06,1.5713489e-10,0.9999931,Rndm,1.0,2354,Irregular,Irregular,1
106774563,80,LS,3.3903135099428887,0.1572787562862967,0.1557091799226662,12.146049628948491,0.224459171295166,1.781835e-16,1.0165346e-07,1.7635488e-10,7.1417226e-22,4.7250072e-20,3.624293e-14,5.134542e-10,0.9999999,Rndm,0.993997425997426,337,Rndm,Rndm,1
106774563,80,LS,1.2357217466146977,0.0457851912238136,0.0323137462782144,6.591691340131504,0.224459171295166,2.8067807999999996e-18,1.3595548e-08,9.822553e-12,8.10736e-25,9.107434e-23,2.3532043e-15,5.023658e-12,1.0,Rndm,0.9939486455096213,338,Rndm,Rndm,1
106774563,80,LS,6.296296518465365,0.0874450648187557,0.0291302029838608,3.195823620442672,0.224459171295166,8.172396e-14,6.637341e-08,1.7846614e-05,1.3025483e-15,2.5929558e-16,2.4144363e-12,2.9246937e-06,0.99997914,Rndm,0.997997425997426,339,Rndm,Rndm,1
106774563,80,LS,1.5197957113537088,0.0434422405720607,0.0270659314399818,8.105921998728533,0.224459171295166,1.9039302000000002e-16,8.306745e-10,8.433865e-08,2.7215018e-20,5.6989436000000005e-21,5.6819423e-15,9.602753e-09,0.9999999,Rndm,0.9939486455096213,340,Rndm,Rndm,1
106774563,80,LS,2.5925926840739737,0.0406271787446544,0.0225314229611753,4.10158879989627,0.224459171295166,5.2720024e-16,2.2396168e-08,9.977784e-09,9.807644e-21,1.226032e-19,1.8582077e-14,5.7132116e-10,1.0,Rndm,0.993997425997426,341,Rndm,Rndm,1
106774563,80,LS,1.0411198967541155,0.0308172235589449,0.0156176822233435,4.76177343063307,0.224459171295166,3.3101419e-15,2.684079e-10,2.0131574e-09,3.288624e-20,1.1571182e-20,3.1258467000000004e-16,2.4724162e-10,1.0,Rndm,0.995997425997426,342,Rndm,Rndm,1
106774563,80,LS,1.8888889555396096,0.0346248097050618,0.0139151548176397,11.851894101570773,0.224459171295166,1.5057473e-17,6.1584093e-10,2.0219968e-09,1.614423e-22,7.106855e-22,8.562072700000001e-16,2.3277513e-10,1.0,Rndm,0.9939486455096213,343,Rndm,Rndm,1
106774563,80,LS,1.120527346506548,0.0304263594067293,0.0138661126670295,4.466962602193405,0.224459171295166,9.520973000000001e-17,1.6118918e-09,2.5413055e-08,2.8974853000000004e-22,6.978681e-22,6.069358e-16,1.6216983e-09,1.0,Rndm,0.9279486455096212,344,Rndm,Rndm,1
106774563,80,LS,0.9651257437063696,0.0251761837734708,0.0123019750656797,4.459127704010996,0.224459171295166,9.7490165e-14,1.5619707e-09,4.250005e-07,8.5481527e-19,2.3738087999999997e-19,4.3696935e-15,8.236073e-08,0.9999995,Rndm,0.995997425997426,345,Rndm,Rndm,1
106774563,80,LS,0.899470931209338,0.019083014393537,0.0110167176720239,5.132415944785748,0.224459171295166,2.0835978000000001e-16,1.2809913e-09,1.915233e-08,4.6141224e-22,1.1273806e-21,7.3704164e-16,1.4273547e-09,1.0,Rndm,0.995997425997426,346,Rndm,Rndm,1
106774563,80,LS,0.7185990591726775,0.0146894667697316,0.0102279338075179,5.116734423784806,0.224459171295166,3.272833e-17,1.3979056e-09,5.0730546e-07,3.7039168e-22,2.1619598e-22,3.1242358e-16,2.1758957e-08,0.9999995,Rndm,0.998,347,Rndm,Rndm,1
106774563,80,LS,0.6481481710184934,0.0132975389073378,0.0085418192491781,4.700426676613802,0.224459171295166,4.8398894e-17,1.4494451e-09,3.9832817e-09,4.1681787000000006e-22,2.8400134000000003e-21,1.9421806e-14,3.738234e-11,1.0,Rndm,0.996,348,Rndm,Rndm,1
106774563,80,LS,0.6815578705555292,0.0130213978482704,0.0082267847758177,4.655260099809226,0.224459171295166,1.6718866999999998e-18,1.0380077e-09,2.7622677e-08,2.5847854000000003e-22,1.4586368e-23,2.8766899000000003e-16,1.0174804e-09,1.0,Rndm,0.996,349,Rndm,Rndm,1
106774563,80,LS,0.7965194390829679,0.014300985690956,0.0081044794432158,5.12183888389859,0.224459171295166,1.2651465e-14,1.906247e-10,4.518113e-08,2.8725294e-19,1.6146224e-19,1.1711764e-15,1.925191e-08,0.9999999,Rndm,0.995997425997426,350,Rndm,Rndm,1
106774563,80,LS,0.6207616285810923,0.0109312678663411,0.0065251756243206,4.662908901063304,0.224459171295166,6.481478e-17,1.2619974e-09,3.8969188e-06,1.9487177000000002e-22,4.244765400000001e-22,3.0038962e-16,1.2449985e-07,0.99999595,Rndm,1.0,351,Rndm,Rndm,1
106774563,80,LS,0.7598978556768544,0.0126441636527836,0.0059438778091,4.269829743394183,0.224459171295166,3.156701e-16,5.930382e-10,5.34635e-07,1.5912613000000002e-22,3.799587e-21,1.4136994e-15,1.8519458e-08,0.9999994,Rndm,0.997997425997426,352,Rndm,Rndm,1
106774563,80,LS,0.8475783774857222,0.0148567449697508,0.0052175502947604,4.09348446612475,0.224459171295166,2.1512979e-15,4.5913778e-10,7.69492e-10,1.9194376999999998e-20,2.7336116000000003e-21,9.416088e-16,4.6295956e-10,1.0,Rndm,0.995997425997426,353,Rndm,Rndm,1
106774563,80,LS,1.335578049371441,0.0303027769139692,0.0047198495166398,2.6924726124691745,0.224459171295166,4.5334064e-17,2.831786e-10,3.6181152e-08,1.5510725e-21,1.1211705e-21,1.6924489e-15,1.5193848e-09,1.0,Rndm,0.9939486455096213,354,Rndm,Rndm,1
106774563,80,LS,5.085470264914333,0.0685431040366118,0.0024503535010095,1.5570733414964693,0.224459171295166,7.999194e-13,2.3705544e-09,5.7380457e-06,5.9637446e-17,3.2214624e-16,3.33048e-13,2.8153983e-07,0.99999404,Rndm,0.997997425997426,355,Rndm,Rndm,1
106774563,80,LS,2.065972295121448,0.0304640428981244,0.0023196691002032,2.298506606499025,0.224459171295166,4.838393e-13,9.964829e-09,3.52176e-07,1.2831625000000002e-16,6.927611000000001e-17,5.863874e-14,8.8761976e-09,0.99999964,Rndm,0.9939486455096213,356,Rndm,Rndm,1
106774563,80,LS,1.673699074528768,0.0221873928708959,0.0003001101273829,1.5109779585201863,0.224459171295166,2.4271964e-17,4.7579167e-09,9.711447e-09,1.5312479000000002e-22,5.629175600000001e-22,1.170814e-16,2.7610763e-09,1.0,Rndm,0.9939486455096213,357,Rndm,Rndm,1
133809224,80,ACF,0.2754605609052305,0.0392422510499027,0.0408915099087411,2.388701434740014,0.0171097088605165,2.232914e-06,4.2315013e-11,2.419946e-12,3.5690423e-11,9.081083e-07,0.0009137808,1.3000694e-10,0.99908316,Rndm,0.958,8646,Rndm,Rndm,1
133809224,80,ACF,0.1111101422138745,0.0554038865112686,0.0406751045517634,1.3492017009462955,0.0171097088605165,4.080571e-08,1.3097029e-12,3.3452217e-12,2.0758358e-12,2.1539968e-07,0.0005980162,1.9973566e-11,0.9994017,Rndm,0.96,8647,Rndm,Rndm,1
133809224,80,ACF,0.1620356240619003,0.0437913816270923,0.0381663120779432,3.459776801832163,0.0171097088605165,7.858567e-06,1.7355026e-10,1.702882e-11,4.0665948e-10,1.9001762e-06,0.0010768177,2.9761665e-10,0.9989134,Rndm,0.974,8648,Rndm,Rndm,1
133809224,80,ACF,0.0787030174014944,0.0487434227120469,0.0308392124944928,1.1055681464546012,0.0171097088605165,1.204784e-05,2.6943753e-10,2.7294904e-11,4.0956868e-10,5.9583376e-06,0.0015632275,1.4854497e-09,0.9984188,Rndm,0.976,8649,Rndm,Rndm,1
133809224,80,ACF,0.1388876777673431,0.0436342676587679,0.0305703243503883,4.1720919900388935,0.0171097088605165,2.4745193e-06,7.7000586e-11,7.061507e-12,1.6473233e-11,3.7597893e-06,0.00032535134,1.8260074e-10,0.9996685,Rndm,0.974,8650,Rndm,Rndm,1
133809224,80,ACF,0.0833326066604058,0.0469959728443912,0.0296326615234215,3.913011888515889,0.0171097088605165,1.2496812e-05,9.257184e-10,5.293953e-11,2.1557028e-10,3.647238e-06,0.000988352,5.1962373e-10,0.9989955,Rndm,0.974,8651,Rndm,Rndm,1
133809224,80,ACF,0.1689800079502674,0.0386557941328152,0.025408155978097,1.3232193686553728,0.0171097088605165,3.8538587e-06,8.656306e-11,1.16869145e-11,1.4872381e-10,1.4387792e-06,0.00072240917,3.901667e-10,0.9992724,Rndm,0.972,8652,Rndm,Rndm,1
133809224,80,ACF,0.106480552954963,0.0455586740062406,0.0230113865504505,1.1672800303668964,0.0171097088605165,4.0566997e-07,9.165374e-12,8.888843e-12,1.4921913e-11,6.596604e-07,0.0007197761,5.772423e-11,0.9992792,Rndm,0.974,8653,Rndm,Rndm,1
133809224,80,ACF,0.0532402764774815,0.0461642870489193,0.0211614429198765,1.234719956330366,0.0171097088605165,6.1018737e-09,4.0231442e-12,2.2523303e-11,1.1729165e-12,2.1732404e-08,0.0008111885,8.251273e-12,0.99918884,Rndm,0.974,8654,Rndm,Rndm,1
133809224,80,ACF,0.0416663033302029,0.0551213888818251,0.0205984401106442,1.025360999925871,0.0171097088605165,9.803678e-12,1.320672e-14,9.383282e-10,1.0979361e-12,7.6728857e-10,0.013282484,2.4389252e-10,0.9867176,Rndm,0.96,8655,Rndm,Rndm,1
133809224,80,ACF,0.04861068721857,0.0458799969054799,0.0203657818959924,1.943660392195344,0.0171097088605165,1.5940676e-08,9.4027924e-11,1.1096577e-11,5.7420593e-11,4.0307594e-08,0.003064521,4.236304e-11,0.9969355,Rndm,0.974,8656,Rndm,Rndm,1
133809224,80,ACF,0.0277775355534686,0.0619596643960647,0.0190659494632014,0.9559333203271744,0.0171097088605165,4.0583872e-10,1.0473167e-12,2.3508248e-08,2.6841107e-09,1.4387225e-08,0.004345459,1.1227688e-09,0.9956546,Rndm,0.974,8657,Rndm,Rndm,1
133809224,80,ACF,0.0949065798076844,0.0438845120560302,0.0177861548038674,1.0434321653568333,0.0171097088605165,3.7162322e-06,4.3987305e-10,9.876018e-11,2.3256692e-10,2.8206434e-06,0.0018269551,4.8035875e-10,0.9981665,Rndm,0.972,8658,Rndm,Rndm,1
133809224,80,ACF,0.0694438388836715,0.0427900127437081,0.0176873905415748,2.1010629595513777,0.0171097088605165,8.95394e-06,6.226318e-11,1.0931944e-11,5.287373e-11,1.0021963e-05,0.0005740241,9.540617e-11,0.99940705,Rndm,0.966,8659,Rndm,Rndm,1
133809224,80,ACF,0.0185183570356457,0.0683346094805866,0.0162102743177349,1.5193673437891049,0.0171097088605165,3.06241e-09,1.14632866e-10,8.814531e-09,6.4094e-09,1.2897378e-07,0.0021820413,6.4874234e-10,0.9978179,Rndm,0.974,8660,Rndm,Rndm,1
133809224,80,ACF,0.0601846603658486,0.0395747395937037,0.0139836076321983,1.0937899786585916,0.0171097088605165,7.7892236e-07,1.9363598e-11,8.846365e-12,1.9779244e-11,4.0227624e-07,0.0006099393,5.569362e-11,0.9993888,Rndm,0.96,8661,Rndm,Rndm,1
133809224,80,ACF,0.1574060348029888,0.0380281153586749,0.0125540084370533,0.8934920739669536,0.0171097088605165,1.4426101e-06,5.8125452e-11,6.4844705e-12,2.3124325e-11,1.3222073e-06,0.000602631,5.5952572e-11,0.99939466,Rndm,0.96,8662,Rndm,Rndm,1
133809224,80,ACF,0.1157397314727859,0.0391245706374514,0.0115718568764085,1.285412172248705,0.0171097088605165,9.857965e-07,9.669688e-12,1.16240914e-11,1.7317335e-11,2.643523e-06,0.0004093107,9.480239e-11,0.9995871,Rndm,0.974,8663,Rndm,Rndm,1
133809224,80,ACF,0.074073428142583,0.0418601272955597,0.0107164030070815,0.8197493584914781,0.0171097088605165,7.206896e-07,9.81005e-12,7.6531083e-13,3.2251964e-12,5.702325e-07,0.00033777932,1.500423e-11,0.99966097,Rndm,0.974,8664,Rndm,Rndm,1
133809224,80,ACF,0.0138887677767343,0.0638836810579898,0.0094140475564613,0.9374858930697708,0.0171097088605165,1.4567295e-06,3.658887e-08,1.8184511e-06,2.5572472e-06,1.2252364e-05,0.001912156,6.754567e-08,0.9980697,Rndm,0.964,8665,Rndm,Rndm,1
133809224,80,ACF,0.1203693207316973,0.0386221101420329,0.0068642809973172,0.7512235764223902,0.0171097088605165,1.7150035e-06,4.5411525e-11,1.224631e-11,3.987919e-11,3.6665542e-06,0.0012327766,1.7139276e-10,0.9987619,Rndm,0.974,8666,Rndm,Rndm,1
133809224,80,ACF,0.0370367140712915,0.0443592658546032,0.0043083279359111,0.7190010701857208,0.0171097088605165,2.2514586e-20,1.8554545e-23,1.0739678e-11,1.8389127e-12,1.1767727999999998e-18,0.9999505,1.4907721e-11,4.9416893e-05,Rndm,0.5,8667,Rndm,Rndm,1
133809224,80,ACF,0.090276990548773,0.0372328878180755,0.0001604617037266,0.5072055890805771,0.0171097088605165,1.9320748e-06,7.279417e-11,2.1038669e-11,6.963393e-11,1.98761e-06,0.0012784122,1.9115821e-10,0.99871767,Rndm,0.974,8668,Rndm,Rndm,1
151611305,61,LS,8.056322698299786,0.0730907569710244,0.0668115415808757,2.5447674714694384,0.5713175237178802,9.724794e-12,5.7658453e-06,2.471573e-09,1.7190004e-17,9.797321e-13,0.0021139819,1.83719e-05,0.9978619,Rndm,0.998,5751,Rndm,Rndm,1
151611305,61,LS,6.042242023724838,0.0364424791755548,0.0325034387944744,2.4689435558875825,0.5713175237178802,8.5040244e-15,4.2307593e-07,1.7138537e-11,6.315618e-19,3.226582e-15,4.3000902e-05,1.2108332e-07,0.9999565,Rndm,0.999997425997426,5752,Rndm,Rndm,1
151611305,61,LS,4.028161349149892,0.0134864053229844,0.0121349778707985,2.4149777004949087,0.5713175237178802,4.9339330000000004e-18,1.3723186e-11,3.6184808e-08,3.4613060000000003e-22,4.231468499999999e-18,7.788723e-08,8.698398e-12,0.9999999,Rndm,0.989997425997426,5753,Rndm,Rndm,1
161593508,65,LS,8.553412153441363,0.163292534819805,0.1238085552618077,3.21083326416638,0.1781360991299152,0.00019007338,0.00016776907,1.2939677e-05,7.082009e-05,5.1216205e-08,0.9736009,0.0038502899,0.022107044,LPV,0.848,4449,Irregular,Irregular,1
161593508,65,LS,4.7518956408007575,0.0427866687552684,0.042455271003977,6.890814417033063,0.1781360991299152,1.6388185e-05,2.733107e-06,0.00020851736,1.5640264e-05,1.13108545e-08,0.15530843,0.00011424,0.844334,Rndm,0.86,4450,Irregular,Irregular,1
161593508,65,LS,6.109580109600974,0.0777341474446626,0.0351185446018324,2.082113733718259,0.1781360991299152,0.0023461164,2.092374e-07,1.685991e-06,6.5482794e-08,2.6976502e-07,0.23061752,4.8190854e-05,0.76698595,Rndm,0.864,4451,Irregular,Irregular,1
161593508,65,LS,3.4675995216654165,0.0327043388836168,0.0209516653384817,2.789821854108286,0.1781360991299152,6.960174e-08,7.3899966e-09,5.9443417e-05,2.5853626e-07,6.858537e-10,0.0010080979,3.220392e-06,0.99892884,Rndm,0.997997425997426,4452,Irregular,Irregular,1
161593508,65,LS,2.4673304288773164,0.0163042506486997,0.015407515376011,5.2387623261533065,0.1781360991299152,7.682639e-08,3.82305e-09,1.32974565e-05,2.6999385e-07,2.7696472e-09,0.0013127583,3.0246937e-07,0.9986733,Rndm,0.997997425997426,4453,Irregular,Irregular,1
161593508,65,LS,1.781960865300284,0.0101126390167592,0.0100297337792154,8.959448376973292,0.1781360991299152,1.1024279e-08,4.1949284e-11,1.6019744e-06,6.116588e-08,4.6179718e-10,8.218781e-05,6.533628e-08,0.9999161,Rndm,0.9999486455096211,4454,Irregular,Irregular,1
161593508,65,LS,4.138747816181304,0.0283481008954878,0.0005127579929334,0.5731022368862568,0.1781360991299152,1.309979e-06,1.0160282e-07,9.816829e-05,2.289441e-07,1.5868107e-08,0.013131535,1.5050146e-05,0.9867535,Rndm,0.974,4455,Irregular,Irregular,1
161593508,65,ACF,0.652793626667517,0.7342394481718932,0.0039204537063416,1.156477564741465,0.1781360991299152,4.1882564e-10,4.0855314e-12,5.467296e-08,3.0860248e-10,1.5212952e-11,3.3442748e-06,1.4615824e-10,0.99999666,Rndm,1.0,4456,Irregular,Irregular,1
161593508,65,ACF,0.212968133522736,0.8736807834524466,0.0031587045659565,0.8649912354397884,0.1781360991299152,2.868046e-10,4.5846677e-12,1.7201208e-07,3.9535236e-10,2.0509231e-11,2.251138e-06,2.3034895e-10,0.9999976,Rndm,0.988,4457,Irregular,Irregular,1
161593508,65,ACF,0.7986305007102601,0.6897405626965313,0.0030489689508896,0.8809001818432876,0.1781360991299152,8.011139e-10,9.54357e-12,3.914942e-07,6.540397e-10,4.5220504e-11,4.480525e-06,2.5826694e-10,0.9999951,Rndm,0.999997425997426,4458,Irregular,Irregular,1
161593508,65,ACF,0.3426009104496188,0.8330120489036739,0.002951002243695,0.9666924318954102,0.1781360991299152,1.5194863e-10,1.475831e-12,2.6078364e-08,1.0264565e-10,8.4316e-12,1.5437842e-06,3.6666864e-11,0.99999845,Rndm,1.0,4459,Irregular,Irregular,1
161593508,65,ACF,0.6620531107337229,0.7313301326355589,0.0027414299294461,1.2239103207222115,0.1781360991299152,1.6377184e-09,2.2556545e-11,2.946887e-07,2.0394764e-09,6.031875e-11,2.4958894e-05,7.074047e-10,0.99997485,Rndm,1.0,4460,Irregular,Irregular,1
161593508,65,ACF,0.2731547799530744,0.8559085178509522,0.0025359368414581,0.8481664492454826,0.1781360991299152,1.3146018e-10,1.693844e-12,7.829553e-08,1.3303618e-10,6.6842218e-12,1.428951e-06,8.4291615e-11,0.99999845,Rndm,1.0,4461,Irregular,Irregular,1
161593508,65,ACF,0.1782450682744638,0.8829206684939218,0.0025200599596576,0.9246686016952594,0.1781360991299152,5.2313287e-10,4.2476933e-12,1.7441823e-07,3.7022094e-10,2.845574e-11,2.1457092e-06,1.1489118e-10,0.99999774,Rndm,0.986,4462,Irregular,Irregular,1
161593508,65,ACF,0.4004726858634058,0.8145975651759814,0.0023938772112559,0.94802746534873,0.1781360991299152,2.0366088e-10,2.787277e-12,9.275121e-08,1.5158715e-10,1.3954604e-11,2.8067761e-06,1.1703764e-10,0.999997,Rndm,1.0,4463,Irregular,Irregular,1
161593508,65,ACF,0.5162162366909797,0.7769207916171934,0.0023431997680244,1.118419576752018,0.1781360991299152,1.0805117e-09,1.8685407e-11,6.527573e-07,2.5133056e-09,4.5400447e-11,1.170575e-05,1.59703e-09,0.9999877,Rndm,1.0,4464,Irregular,Irregular,1
161593508,65,ACF,0.0972245826951621,0.9057763312179136,0.0022802465952252,0.7754823760556135,0.1781360991299152,6.700772e-10,6.6354817e-12,3.317343e-07,1.0730047e-09,5.3573385e-11,3.0500246e-06,3.2668912e-10,0.99999654,Rndm,1.0,4465,Irregular,Irregular,1
161593508,65,ACF,0.4814931714427075,0.7872882976888146,0.0022431964388138,0.8905304931783746,0.1781360991299152,9.641998e-10,1.6138762e-11,1.134277e-06,1.0043631e-08,3.8643325e-11,1.2966786e-05,1.5049195e-09,0.9999858,Rndm,1.0,4466,Irregular,Irregular,1
161593508,65,ACF,0.1967640364068756,0.8786440221332246,0.0022162301488737,0.8508760090265213,0.1781360991299152,1.7966104e-10,2.9530582e-12,1.0153196e-07,2.0833413e-10,1.00356355e-11,2.0477783e-06,9.2823346e-11,0.99999785,Rndm,0.98,4467,Irregular,Irregular,1
161593508,65,ACF,0.2685250379199715,0.8576686880335848,0.0021935490358029,0.7552949709472472,0.1781360991299152,3.712149e-10,3.5141464e-12,1.8300197e-07,1.0929545e-09,2.3906427e-11,2.4725184e-06,2.372257e-10,0.99999726,Rndm,1.0,4468,Irregular,Irregular,1
161593508,65,ACF,0.0347230652482721,0.9203394690680377,0.002160399698724,0.784143412663358,0.1781360991299152,8.799004e-20,4.3094073e-23,2.1608028e-11,7.570285500000001e-16,1.2094358e-18,1.1097782e-05,5.841301700000001e-16,0.9999889,Rndm,1.0,4469,Irregular,Irregular,1
161593508,65,ACF,0.648163884634414,0.7360832678497267,0.0020561935224444,1.034223093600076,0.1781360991299152,6.913069e-10,1.25640305e-11,4.063462e-07,1.4715635e-09,3.1258673e-11,6.8937393e-06,3.3186223e-10,0.9999927,Rndm,1.0,4470,Irregular,Irregular,1
161593508,65,ACF,0.5069567526247738,0.7798648505130837,0.0020456117865585,1.2114920198353332,0.1781360991299152,4.951737e-10,5.6046942e-12,3.189443e-07,9.24466e-10,2.8750695e-11,6.699176e-06,2.6318345e-10,0.99999297,Rndm,1.0,4471,Irregular,Irregular,1
161593508,65,ACF,0.803260242743363,0.6877320408087213,0.0019937982687924,0.8172619933877172,0.1781360991299152,4.6695026e-10,3.2081206e-12,8.0543636e-08,7.298172e-10,2.3094504e-11,3.7476095e-06,2.4540694e-10,0.9999962,Rndm,0.999997425997426,4472,Irregular,Irregular,1
161593508,65,ACF,0.919003793570937,0.653051159720009,0.0019149018555708,1.529066198059752,0.1781360991299152,1.5262247e-09,1.0550186e-11,7.916051e-07,3.3019218e-09,1.2596663e-10,1.4641101e-05,7.5254164e-10,0.9999845,Rndm,0.999997425997426,4473,Irregular,Irregular,1
161593508,65,ACF,0.2777845219861774,0.8540723053193808,0.00180563298076,1.045462950927444,0.1781360991299152,5.2953314e-10,8.600377e-12,3.4031123e-07,9.427353e-10,4.316394e-11,4.7788544e-06,3.545394e-10,0.9999949,Rndm,1.0,4474,Irregular,Irregular,1
161593508,65,ACF,0.7430735963130246,0.706169156776044,0.0017754067560401,0.8751838138915105,0.1781360991299152,5.353271e-09,6.4413405e-11,4.6821776e-07,9.543712e-09,2.1673718e-10,1.9638223e-05,5.720634e-09,0.99997985,Rndm,0.999997425997426,4475,Irregular,Irregular,1
161593508,65,ACF,0.6134408193861418,0.7449693240165676,0.0017557181057017,1.5555159156735383,0.1781360991299152,2.5342048e-10,1.4055814e-12,1.958299e-08,7.258279e-11,1.515576e-11,2.7035555e-06,4.21504e-11,0.99999726,Rndm,1.0,4476,Irregular,Irregular,1
161593508,65,ACF,0.3518603945158247,0.8295776414335041,0.0017231371512946,0.8588012114123558,0.1781360991299152,2.6422836e-10,1.415631e-12,1.04963114e-07,3.9732237e-10,1.7229244e-11,2.3150208e-06,1.9889464e-10,0.9999976,Rndm,1.0,4477,Irregular,Irregular,1
161593508,65,ACF,0.3333414263834129,0.8355773143485339,0.0017040507095107,1.0604746719716331,0.1781360991299152,1.1534908e-10,7.996773e-13,5.802736e-08,7.1696496e-11,8.384547e-12,1.5166921e-06,3.070616e-11,0.99999845,Rndm,1.0,4478,Irregular,Irregular,1
161593508,65,ACF,0.8727063732399074,0.6668690496941951,0.0016845411092725,1.499435159322445,0.1781360991299152,5.449821e-10,8.580225e-12,1.2306394e-07,2.8399555e-10,2.5340384e-11,4.8629977e-06,2.3248511e-10,0.999995,Rndm,0.999997425997426,4479,Irregular,Irregular,1
161593508,65,ACF,0.9097443095047312,0.6555464158356817,0.0016641771102932,1.5208682287112083,0.1781360991299152,3.988222e-09,9.789692e-11,1.1805854e-06,9.003365e-09,1.7516044e-10,2.385748e-05,3.68479e-09,0.99997497,Rndm,0.999997425997426,4480,Irregular,Irregular,1
161593508,65,ACF,0.4236213960289205,0.8070909327762297,0.0016476311510473,0.8426508325752309,0.1781360991299152,2.89246e-10,1.9921298e-12,8.472413e-08,3.8551254e-10,1.6603021e-11,2.3075397e-06,9.017052e-11,0.9999976,Rndm,1.0,4481,Irregular,Irregular,1
161593508,65,ACF,0.3032481031682437,0.8465243845739147,0.0016381678117555,0.7380181570000559,0.1781360991299152,2.5716348e-10,2.8348777e-12,1.5643931e-07,3.2833855e-10,1.884292e-11,2.514686e-06,3.6167572e-10,0.9999974,Rndm,1.0,4482,Irregular,Irregular,1
161593508,65,ACF,0.6574233687006199,0.7328767853627364,0.0016233141052908,0.6892820445967232,0.1781360991299152,1.5219573e-09,2.3338135e-11,1.1538864e-06,2.0862372e-09,1.0483134e-10,1.0340024e-05,8.703834e-10,0.99998844,Rndm,1.0,4483,Irregular,Irregular,1
161593508,65,ACF,0.1527814870923975,0.8901496641435855,0.0016203414660739,0.7525078493922237,0.1781360991299152,4.6212997e-10,4.887964e-12,1.7183712e-07,2.1808884e-09,3.2338368e-11,4.264208e-06,5.084312e-10,0.9999956,Rndm,0.998,4484,Irregular,Irregular,1
161593508,65,ACF,0.0902799696455076,0.9065909808385112,0.0016158197696981,0.8110862984002551,0.1781360991299152,3.4617073e-10,3.3375878e-12,1.070402e-07,4.927177e-10,3.08156e-11,2.834353e-06,1.2948732e-10,0.999997,Rndm,1.0,4485,Irregular,Irregular,1
161593508,65,ACF,0.2175978755558389,0.870844254050309,0.0014905670583434,1.1800169390867836,0.1781360991299152,3.029057e-10,4.0192784e-12,1.8995266e-07,4.777981e-10,1.738876e-11,4.5352344e-06,1.3117649e-10,0.99999523,Rndm,1.0,4486,Irregular,Irregular,1
161593508,65,ACF,0.208338391489633,0.8738758103049247,0.0014756348115144,0.7199989545083554,0.1781360991299152,1.15505e-09,1.3360928e-11,3.5360648e-07,2.6851774e-09,4.9976946e-11,6.984998e-06,5.4146215e-10,0.9999926,Rndm,0.994,4487,Irregular,Irregular,1
161593508,65,ACF,0.8426130500247382,0.6758614294938059,0.0014229625474302,0.9678536190974684,0.1781360991299152,3.0233932e-10,5.0233346e-12,7.3870005e-08,3.3024578e-10,2.5262535e-11,3.1956122e-06,2.2855441e-10,0.99999666,Rndm,0.999997425997426,4488,Irregular,Irregular,1
161593508,65,ACF,0.905114567471628,0.6565832193909954,0.0014044424956332,0.7599875137050844,0.1781360991299152,2.207724e-09,2.1717832e-11,4.841222e-07,3.2642924e-09,1.4975489e-10,7.765897e-06,1.3064625e-09,0.9999918,Rndm,0.999997425997426,4489,Irregular,Irregular,1
161593508,65,ACF,0.7801115325778483,0.695049602879492,0.0013922596715786,0.9321395605537646,0.1781360991299152,5.8250266e-10,3.1882459e-12,1.9425777e-07,6.4154665e-10,2.6657359e-11,3.7845953e-06,1.1084424e-09,0.99999595,Rndm,0.999997425997426,4490,Irregular,Irregular,1
161593508,65,ACF,0.4490849772109868,0.797741701061716,0.0013817856788274,1.2552837476703758,0.1781360991299152,7.169765e-10,9.018415e-12,3.3288032e-07,3.4810015e-09,4.4262535e-11,4.7988306e-06,7.794679e-10,0.9999949,Rndm,1.0,4491,Irregular,Irregular,1
161593508,65,ACF,0.5000121395751194,0.7816984404137417,0.0013615702264836,0.8698788522034704,0.1781360991299152,1.1951815e-09,1.2028046e-11,8.921697e-07,4.4504733e-09,6.377362e-11,6.8686536e-06,2.177539e-09,0.99999213,Rndm,1.0,4492,Irregular,Irregular,1
161593508,65,ACF,0.5393649468564945,0.768850300034308,0.0013605784617524,0.7396213465824815,0.1781360991299152,3.2318925e-10,5.3881704e-12,7.0519945e-07,1.501068e-09,2.0465438e-11,2.96245e-06,4.5349022e-10,0.9999963,Rndm,1.0,4493,Irregular,Irregular,1
161593508,65,ACF,0.4097321699296117,0.810976670187939,0.0013303080387648,1.112759335153811,0.1781360991299152,9.28496e-11,1.8400463e-12,8.1240884e-08,1.6029607e-10,4.773446e-12,1.59546e-06,1.12116406e-10,0.99999833,Rndm,1.0,4494,Irregular,Irregular,1
161593508,65,ACF,0.0578717754137869,0.9138939889150388,0.0012972283706689,0.863177323015833,0.1781360991299152,2.2338872e-11,3.9669995e-14,7.5740665e-08,7.399562e-11,8.337211e-12,2.6908793e-07,1.8939744e-11,0.99999964,Rndm,0.97,4495,Irregular,Irregular,1
161593508,65,ACF,0.5439946888895975,0.7672983992787821,0.0012871168886813,1.6599659003113345,0.1781360991299152,4.832792e-10,4.625784e-12,2.3396872e-07,7.6444173e-10,2.8372488e-11,4.178127e-06,1.9518459e-10,0.9999956,Rndm,1.0,4496,Irregular,Irregular,1
161593508,65,ACF,0.8379833079916352,0.6769071492991451,0.0012058362133754,0.7442266847377823,0.1781360991299152,5.2577236e-09,3.481077e-11,1.2434991e-06,2.064642e-08,1.4663795e-10,1.7252267e-05,8.1797795e-09,0.9999814,Rndm,0.999997425997426,4497,Irregular,Irregular,1
161593508,65,ACF,0.4560295902606412,0.7950130841401267,0.0011797343772036,0.8507327783021026,0.1781360991299152,1.2068567e-10,1.859581e-12,5.942675e-08,1.2691852e-10,7.539992e-12,1.97099e-06,7.999615e-11,0.99999785,Rndm,1.0,4498,Irregular,Irregular,1
161593508,65,ACF,0.6064962063364874,0.7476235640020441,0.0011742216707475,1.0440946134380056,0.1781360991299152,6.41493e-10,1.3023147e-11,9.119729e-07,2.4952767e-09,3.2470103e-11,6.600119e-06,2.8437714e-09,0.9999925,Rndm,1.0,4499,Irregular,Irregular,1
161593508,65,ACF,0.3217670713006555,0.839456264949636,0.001168421806893,0.8749846939953443,0.1781360991299152,8.119619e-10,1.017024e-11,2.0367898e-07,1.1724052e-09,4.341726e-11,6.856708e-06,2.399418e-10,0.99999285,Rndm,1.0,4500,Irregular,Irregular,1
161593508,65,ACF,0.6944613049654436,0.7201854785936667,0.0011328673916427,1.711834703267698,0.1781360991299152,2.1977558e-09,1.2605993e-10,8.2891916e-07,4.2210977e-09,8.8858663e-11,6.0072398e-05,1.7808192e-09,0.9999391,Rndm,1.0,4501,Irregular,Irregular,1
161593508,65,ACF,0.8912253413723192,0.661574791555007,0.0011256399518586,0.8010753569216718,0.1781360991299152,3.5213385e-10,3.2055083e-12,1.2907094e-07,2.1960155e-10,3.185318e-11,1.9057384e-06,9.064545e-11,0.999998,Rndm,0.999997425997426,4502,Irregular,Irregular,1
161593508,65,ACF,0.3611198785820306,0.8258079106573603,0.0011215769686736,0.899498772680829,0.1781360991299152,6.873131e-10,1.6791613e-11,9.101838e-07,2.1291975e-09,3.369103e-11,7.68601e-06,8.3308715e-10,0.9999914,Rndm,1.0,4503,Irregular,Irregular,1
161593508,65,ACF,0.6342746585351051,0.7382939147410978,0.00110322949752,0.8834730165667111,0.1781360991299152,2.0147158e-10,2.7145454e-12,1.3226149e-07,2.950162e-10,1.34555474e-11,1.9358122e-06,1.2765099e-10,0.999998,Rndm,1.0,4504,Irregular,Irregular,1
161593508,65,ACF,0.5301054627902886,0.7714522247327414,0.0009742130907329,0.7994284091147961,0.1781360991299152,4.8531473e-10,2.869442e-12,1.7322076e-07,8.403227e-10,2.7897296e-11,4.9274877e-06,7.4629875e-10,0.999995,Rndm,1.0,4505,Irregular,Irregular,1
161593508,65,ACF,0.101854324728265,0.9025804106792352,0.0009427227892067,0.992563359141556,0.1781360991299152,2.1174612e-10,2.4870139e-12,1.3910396e-07,2.7256447e-10,2.6029016e-11,1.9986596e-06,6.857183e-11,0.99999785,Rndm,0.986,4506,Irregular,Irregular,1
161593508,65,ACF,0.7129802730978554,0.7140933293265365,0.000930528456188,1.62273420751535,0.1781360991299152,5.686958e-10,6.52678e-12,4.3433744e-07,2.7141627e-09,2.7152574e-11,4.8015127e-06,2.3486342e-09,0.99999475,Rndm,1.0,4507,Irregular,Irregular,1
161593508,65,ACF,0.4166767829792661,0.8085725539584675,0.0009162154223452,0.7601682140194725,0.1781360991299152,8.178539e-10,6.7939755e-12,2.3503495e-07,1.980994e-09,4.1268364e-11,3.5543087e-06,7.7040546e-10,0.9999962,Rndm,1.0,4508,Irregular,Irregular,1
161593508,65,ACF,0.1203732928606768,0.8978173095238934,0.0008737513522341,1.089616297913821,0.1781360991299152,1.0927284e-10,7.974568e-13,6.5141585e-08,9.966385e-11,1.14862096e-11,1.2089567e-06,3.2879883e-11,0.9999987,Rndm,0.978,4509,Irregular,Irregular,1
161593508,65,ACF,0.2523209408041111,0.8606238635876702,0.0008560920025029,0.8617507300152454,0.1781360991299152,3.3946898e-10,3.835174e-12,1.9630725e-07,6.110692e-10,2.0900785e-11,1.936329e-06,4.569091e-10,0.99999785,Rndm,1.0,4510,Irregular,Irregular,1
161593508,65,ACF,0.754647951395782,0.7016434661448362,0.0008533775539871,0.7378713702260598,0.1781360991299152,8.365799e-10,9.669107e-12,3.8878713e-07,1.4949876e-09,5.51149e-11,7.2819043e-06,2.92331e-10,0.9999924,Rndm,0.999997425997426,4511,Irregular,Irregular,1
161593508,65,ACF,0.1574112291255005,0.8877793612415749,0.000838194318916,0.7293760679935275,0.1781360991299152,6.6602535e-10,7.0709844e-12,2.6103913e-07,8.1872065e-10,4.3814667e-11,3.0199299e-06,2.6798913e-10,0.9999968,Rndm,0.998,4512,Irregular,Irregular,1
161593508,65,ACF,0.8819658573061133,0.6641797656446287,0.0008183285170043,0.6673973569282339,0.1781360991299152,2.2463902e-09,5.88104e-11,7.5981364e-07,1.7372007e-09,1.1240063e-10,1.5421572e-05,1.488996e-09,0.9999839,Rndm,0.999997425997426,4513,Irregular,Irregular,1
161593508,65,ACF,0.2638952958868685,0.8574505215830464,0.0008077618586731,1.6701619858597354,0.1781360991299152,1.8071825e-10,2.7631215e-12,1.16079974e-07,2.5894936e-10,1.1710111e-11,1.7372379e-06,1.12818914e-10,0.9999981,Rndm,1.0,4514,Irregular,Irregular,1
161593508,65,ACF,0.6250151744688992,0.741561690123875,0.0007869994440985,0.8442673828089937,0.1781360991299152,2.5054897e-10,3.533465e-12,8.528334e-08,3.2064043e-10,1.1995811e-11,2.0547895e-06,3.2542835e-10,0.99999785,Rndm,1.0,4515,Irregular,Irregular,1
161593508,65,ACF,0.2893588770689348,0.8493160728469624,0.000782370789376,1.0697181138261556,0.1781360991299152,3.7898495e-10,2.7983562e-12,1.2689306e-07,3.6318804e-10,2.8284612e-11,3.0175063e-06,1.7005115e-10,0.9999969,Rndm,1.0,4516,Irregular,Irregular,1
161593508,65,ACF,0.8495576630743926,0.6730049223095964,0.0007623088952605,1.649440015774303,0.1781360991299152,1.1604459e-09,1.7418941e-11,5.3792303e-07,4.705013e-09,5.71338e-11,9.59295e-06,2.494285e-09,0.99998987,Rndm,0.999997425997426,4517,Irregular,Irregular,1
161593508,65,ACF,0.750018209362679,0.703442833168309,0.0007405481225274,0.639581497747713,0.1781360991299152,4.7806614e-10,1.706675e-11,2.7330447e-07,7.733094e-10,1.3164966e-11,4.4287235e-06,5.4445554e-10,0.99999535,Rndm,0.999997425997426,4518,Irregular,Irregular,1
161593508,65,ACF,0.2361168436882508,0.8652525028371562,0.0007361578039406,1.5941582892831576,0.1781360991299152,8.0674345e-10,6.534373e-12,2.0437734e-07,1.187501e-09,6.2036744e-11,3.9894185e-06,1.6093962e-10,0.9999958,Rndm,1.0,4519,Irregular,Irregular,1
161593508,65,ACF,0.0740758725296473,0.9098727107342128,0.0007322977680588,1.723496185098199,0.1781360991299152,1.5880218e-10,1.982284e-12,1.121711e-07,2.7271327e-10,1.004033e-11,1.6529924e-06,7.464931e-11,0.9999982,Rndm,0.986,4520,Irregular,Irregular,1
161593508,65,ACF,0.5347352048233915,0.770547714627071,0.0007222779028778,0.6180967206270509,0.1781360991299152,1.3662721e-10,3.2549922e-12,1.8785528e-08,6.349685e-11,5.623028e-12,2.7046954e-06,3.705901e-11,0.99999726,Rndm,1.0,4521,Irregular,Irregular,1
161593508,65,ACF,0.0254635811820662,0.9220523250242476,0.0007122519935699,0.6159709404079621,0.1781360991299152,1.115985e-11,1.0144054e-12,3.931074e-09,5.0594134e-10,1.7517013e-10,4.1022035e-06,6.8286353e-12,0.99999595,Rndm,1.0,4522,Irregular,Irregular,1
161593508,65,ACF,0.2847291350358318,0.8512360834297539,0.0006903707687134,0.6277337787745978,0.1781360991299152,3.3372946e-10,2.7464537e-12,8.778969e-08,5.143755e-10,1.7636314e-11,2.1121891e-06,1.5621283e-10,0.99999774,Rndm,1.0,4523,Irregular,Irregular,1
161593508,65,ACF,0.7708520485116424,0.697992769683214,0.000688101147739,0.667528352328759,0.1781360991299152,1.4866345e-09,4.1071296e-11,2.7818365e-07,2.4910602e-09,4.8941573e-11,1.4289547e-05,1.6592612e-09,0.99998546,Rndm,0.999997425997426,4524,Irregular,Irregular,1
161593508,65,ACF,0.4328808800951265,0.8025611083158429,0.000653821855198,0.7094341250221703,0.1781360991299152,1.3847168e-09,7.917079e-12,2.7054176e-07,2.4014137e-09,6.940249e-11,7.781853e-06,5.745337e-10,0.999992,Rndm,1.0,4525,Irregular,Irregular,1
161593508,65,ACF,0.1828748103075668,0.8805914726003378,0.0006378941498019,1.6364658316966256,0.1781360991299152,1.2897242e-10,8.861812e-13,5.3322303e-08,9.608541e-11,1.048306e-11,1.124244e-06,2.5577254e-11,0.9999989,Rndm,0.968,4526,Irregular,Irregular,1
161593508,65,ACF,0.3564901365489277,0.827799415317422,0.0006230159874657,0.6000641906904036,0.1781360991299152,3.7353853e-10,2.912166e-12,4.035763e-07,1.2456168e-09,2.7337826e-11,3.172685e-06,2.8050962e-10,0.9999964,Rndm,1.0,4527,Irregular,Irregular,1
161593508,65,ACF,0.7291843702137157,0.7091385525476328,0.0005630730151268,0.7235951815030148,0.1781360991299152,4.803481e-09,5.918166e-11,5.2545425e-07,1.436658e-08,1.6028377e-10,2.8282355e-05,5.8017346e-09,0.9999713,Rndm,1.0,4528,Irregular,Irregular,1
161593508,65,ACF,0.106484066761368,0.9021660507551676,0.0005425959392854,1.5726652900395663,0.1781360991299152,2.82189e-10,2.1208209e-12,1.8299482e-07,4.0884457e-10,2.5227116e-11,2.3436721e-06,2.1620546e-10,0.9999974,Rndm,0.996,4529,Irregular,Irregular,1
161593508,65,ACF,0.3078778452013466,0.8436129016191185,0.0005297835275661,0.8466929106362215,0.1781360991299152,7.851964e-10,8.861341e-12,2.5567206e-07,1.8394289e-09,3.6610062e-11,2.829413e-06,6.4369715e-10,0.9999969,Rndm,1.0,4530,Irregular,Irregular,1
161593508,65,ACF,0.0208338391489633,0.9227809791769696,0.0005071483716886,0.6759824444476346,0.1781360991299152,1.4514062e-10,2.7411695e-12,5.8144128e-08,7.6524955e-09,2.2636097e-09,4.3466098e-05,8.9397095e-10,0.99995637,Rndm,1.0,4531,Irregular,Irregular,1
161593508,65,ACF,0.0300933232151692,0.9194801065266218,0.0004986024815946,0.6916173103874286,0.1781360991299152,7.600227600000001e-16,1.3861477999999999e-18,1.536781e-09,2.3282427e-14,1.0057615e-14,5.145553e-07,1.5351894e-14,0.9999995,Rndm,0.97,4532,Irregular,Irregular,1
161593508,65,ACF,0.8148345978261204,0.6837761011574145,0.0004618677087963,1.5322930567108417,0.1781360991299152,1.6282549e-09,8.538531e-12,8.6736765e-07,2.2011346e-09,5.970815e-11,9.766322e-06,8.4286866e-10,0.9999894,Rndm,0.999997425997426,4533,Irregular,Irregular,1
161593508,65,ACF,0.6782572078495832,0.7256637705344114,0.0004585201956073,0.6181732205261596,0.1781360991299152,7.2858475e-10,4.1656893e-11,2.135453e-06,2.5776188e-09,2.8422058e-11,9.525802e-06,1.4442539e-09,0.9999883,Rndm,1.0,4534,Irregular,Irregular,1
161593508,65,ACF,0.7662223064785394,0.6988043587072672,0.0004423538435714,0.6474817438599416,0.1781360991299152,1.6022725e-10,1.2544983e-12,2.444803e-08,1.281868e-10,7.7694335e-12,1.8736289e-06,3.2084953e-11,0.9999981,Rndm,0.999997425997426,4535,Irregular,Irregular,1
161593508,65,ACF,0.0393528072813751,0.9169742486919448,0.0004363805100126,1.0715225202496867,0.1781360991299152,8.462053e-18,1.0754911e-21,1.6399614e-11,8.491584e-16,9.630813000000001e-17,2.1406639e-07,6.778971400000001e-16,0.99999976,Rndm,0.97,4536,Irregular,Irregular,1
161593508,65,ACF,0.1643558421751549,0.8846992082993322,0.0004291472182202,1.1644143889910763,0.1781360991299152,2.1215937e-10,2.000405e-12,5.7909816e-08,2.2585282e-10,2.3559574e-11,1.7318389e-06,7.54633e-11,0.9999982,Rndm,0.982,4537,Irregular,Irregular,1
161593508,65,ACF,0.590292109220627,0.7523357152119489,0.000427212663462,0.6178214097707553,0.1781360991299152,2.7365096e-10,2.9795517e-12,2.6210546e-07,4.4176804e-10,1.53212e-11,2.437531e-06,1.9168447e-10,0.9999974,Rndm,1.0,4538,Irregular,Irregular,1
161593508,65,ACF,0.0648163884634414,0.9116877440960556,0.0004243559654635,0.816018482519528,0.1781360991299152,3.4177694e-09,1.3889008e-11,2.160408e-06,5.2840625e-09,3.1607983e-10,5.199788e-06,1.2771132e-08,0.9999926,Rndm,1.0,4539,Irregular,Irregular,1
161593508,65,ACF,0.4652890743268472,0.7918854872230672,0.0004007332076083,0.6618574442761371,0.1781360991299152,2.9410463e-09,2.4484957e-11,1.3895324e-06,1.5088538e-08,2.9679645e-10,1.1667735e-05,3.7306953e-09,0.9999869,Rndm,1.0,4540,Irregular,Irregular,1
161593508,65,ACF,0.2291722306385963,0.8678980128351456,0.0004001188699596,0.5591599904832805,0.1781360991299152,1.3129857e-10,1.103901e-12,3.7141408e-08,1.294989e-10,1.1287616e-11,1.48499e-06,3.815989e-11,0.99999857,Rndm,1.0,4541,Irregular,Irregular,1
161593508,65,ACF,0.3865834597640969,0.8182868348361161,0.0003724044998061,0.5814032572647534,0.1781360991299152,1.2223914e-09,1.3980411e-11,4.064888e-07,3.4598713e-09,1.04875574e-10,8.996903e-06,8.4561685e-10,0.9999907,Rndm,1.0,4542,Irregular,Irregular,1
161593508,65,ACF,0.4745485583930531,0.7889336740973844,0.0003703048597812,0.7854810622351351,0.1781360991299152,7.272399e-10,7.693742e-12,1.8532384e-07,7.526972e-10,2.4783271e-11,1.0676908e-05,2.556609e-10,0.99998903,Rndm,1.0,4543,Irregular,Irregular,1
161593508,65,ACF,0.3703793626482365,0.8236570432999758,0.0003700514582444,0.5818997292024619,0.1781360991299152,2.909737e-10,3.179757e-12,1.136466e-07,6.03271e-10,1.68251e-11,3.5528587e-06,3.3328562e-10,0.9999963,Rndm,1.0,4544,Irregular,Irregular,1
161593508,65,ACF,0.807889984776466,0.6849519576858782,0.0003621121453372,0.610553454940316,0.1781360991299152,9.682051e-10,1.0234587e-11,1.6266023e-07,2.6079685e-09,4.055299e-11,7.683306e-06,6.956357e-10,0.99999225,Rndm,0.999997425997426,4545,Irregular,Irregular,1
161593508,65,ACF,0.8194643398592234,0.6820351460178378,0.0003576723777818,0.61428445878812,0.1781360991299152,1.1618726e-09,1.3391895e-11,6.3334215e-07,6.6632624e-09,6.2306875e-11,9.204485e-06,1.2696896e-09,0.9999902,Rndm,0.999997425997426,4546,Irregular,Irregular,1
161593508,65,ACF,0.043982549314478,0.9169485841553492,0.0003561056426635,0.605514101999745,0.1781360991299152,3.718499e-15,6.3825483999999995e-18,1.0639049e-09,1.7766726e-13,6.3294015e-14,8.902877e-08,1.63369e-14,0.9999999,Rndm,0.97,4547,Irregular,Irregular,1
161593508,65,ACF,0.3912132017971998,0.8163522549463884,0.000352825506072,0.8450905838391805,0.1781360991299152,4.1442738e-10,3.0411346e-12,8.9796096e-08,3.4070372e-10,1.6711858e-11,2.9727307e-06,1.8170619e-10,0.9999969,Rndm,1.0,4548,Irregular,Irregular,1
161593508,65,ACF,0.7615925644454364,0.7001701710923582,0.0003204844031501,1.3524165581887928,0.1781360991299152,2.0002913e-09,8.309028e-12,8.984309e-07,5.224568e-09,9.5019624e-11,9.483619e-06,1.4272171e-09,0.9999895,Rndm,0.999997425997426,4549,Irregular,Irregular,1
161593508,65,ACF,0.5509393019392519,0.764596493565458,0.0003158591446908,0.8374771627240705,0.1781360991299152,6.0614647e-10,8.7356945e-12,3.0183784e-07,1.4024253e-09,3.4725813e-11,7.0132396e-06,3.738607e-10,0.9999926,Rndm,1.0,4550,Irregular,Irregular,1
161593508,65,ACF,0.7384438542799217,0.7065378377434285,0.0003002245293854,0.5700121842277213,0.1781360991299152,4.293584e-09,8.4376665e-11,3.5905975e-07,9.327834e-09,2.2866589e-10,2.4603229e-05,5.7045906e-09,0.9999751,Rndm,0.999997425997426,4551,Irregular,Irregular,1
161593508,65,ACF,0.4884377844923619,0.7846061742424015,0.0002969377429273,0.5878591108694877,0.1781360991299152,1.5344386e-09,1.1925479e-11,3.3501195e-07,5.7559046e-09,1.05405164e-10,7.33472e-06,1.7576628e-09,0.99999225,Rndm,1.0,4552,Irregular,Irregular,1
161593508,65,ACF,0.1296327769268828,0.895667214909807,0.0002952953029999,0.5645787004704275,0.1781360991299152,2.6448366e-10,1.5675772e-12,1.0713408e-07,2.410766e-10,2.1551882e-11,1.6121804e-06,1.1303949e-10,0.9999982,Rndm,0.984,4553,Irregular,Irregular,1
161593508,65,ACF,0.6898315629323406,0.7225117103973152,0.0002755894160358,1.4422087771101817,0.1781360991299152,2.5052849e-09,2.6185863e-11,6.4526336e-07,3.016226e-09,9.220906e-11,2.2917942e-05,1.5649286e-09,0.9999765,Rndm,1.0,4554,Irregular,Irregular,1
161593508,65,ACF,0.6689977237833773,0.7282364095767715,0.0002683843030668,0.6734324231858295,0.1781360991299152,1.2557039e-09,1.746159e-11,2.5722543e-06,5.9555836e-09,5.3472685e-11,1.1216174e-05,2.3666868e-09,0.9999862,Rndm,1.0,4555,Irregular,Irregular,1
161593508,65,ACF,0.7222397571640613,0.7123377387781419,0.0002540512854901,0.6223424966788684,0.1781360991299152,2.8028273e-09,2.763094e-11,7.7441473e-07,4.665949e-09,7.142057e-11,3.236953e-05,1.5011353e-09,0.99996674,Rndm,1.0,4556,Irregular,Irregular,1
161593508,65,ACF,0.2037086494565301,0.8751495627124767,0.0002492857355558,0.5453347811154146,0.1781360991299152,3.4518888e-10,4.155572e-12,2.2704168e-07,3.685283e-10,1.742963e-11,2.9949774e-06,1.1744616e-10,0.9999968,Rndm,0.992,4557,Irregular,Irregular,1
161593508,65,ACF,0.4282511380620235,0.8049326141585897,0.0002459235356103,0.5406441153095614,0.1781360991299152,1.0417581e-09,6.3458236e-12,2.3205843e-07,2.010034e-09,5.077896e-11,5.595116e-06,4.0424505e-10,0.99999416,Rndm,1.0,4558,Irregular,Irregular,1
161593508,65,ACF,0.706035660048201,0.7173458034133118,0.000226010682498,0.8962865495084316,0.1781360991299152,5.259829e-10,9.658701e-12,1.0380591e-07,2.445446e-10,9.845501e-12,4.7246936e-06,3.4241582e-10,0.9999951,Rndm,1.0,4559,Irregular,Irregular,1
161593508,65,ACF,0.6389044005682081,0.7370473670605242,0.0001919231503048,0.5751625532032563,0.1781360991299152,4.132109e-10,7.277039e-12,8.392293e-08,3.4459346e-10,2.0017194e-11,5.2332794e-06,1.3470249e-10,0.99999464,Rndm,1.0,4560,Irregular,Irregular,1
161593508,65,ACF,0.3472306524827218,0.8300114904545274,0.0001610551126051,0.5373333669621161,0.1781360991299152,2.0260638e-10,1.3679141e-12,4.656875e-08,1.2219281e-10,1.3065335e-11,4.272236e-06,3.845628e-11,0.9999957,Rndm,1.0,4561,Irregular,Irregular,1
161593508,65,ACF,0.5648285280385608,0.7609954854085483,0.0001514249730639,1.2159625433193924,0.1781360991299152,5.8801686e-10,3.2932734e-12,2.5349777e-07,8.071526e-10,4.4683885e-11,2.4340372e-06,1.910071e-10,0.9999974,Rndm,1.0,4562,Irregular,Irregular,1
161593508,65,ACF,0.0092594840662059,0.92688642854369,0.0001491795171988,0.5409728713994884,0.1781360991299152,0.0012065943,1.8347174e-06,0.111720085,0.00648297,0.0006463657,0.0013138592,0.00929925,0.869329,Rndm,0.864,4563,Irregular,Irregular,1
161593508,65,ACF,0.4051024278965087,0.8120714739859447,0.0001454829838731,0.5299951081981646,0.1781360991299152,3.9902007e-10,7.990252e-12,2.8074905e-07,7.664046e-10,2.3838927e-11,3.2433115e-06,5.575377e-10,0.99999654,Rndm,1.0,4564,Irregular,Irregular,1
161593508,65,ACF,0.2569506828372141,0.8586595228672049,0.0001390233968678,0.5344669619142053,0.1781360991299152,2.1282966e-10,1.5117998e-12,7.3632926e-08,2.3411398e-10,2.0797551e-11,2.00413e-06,5.6966574e-11,0.99999785,Rndm,1.0,4565,Irregular,Irregular,1
161593508,65,ACF,0.3263968133337585,0.8380301105559936,0.0001318049385691,0.558115600576059,0.1781360991299152,2.2834341e-10,1.7737145e-12,1.15526454e-07,2.110442e-10,1.4889989e-11,1.7540387e-06,8.263459e-11,0.9999981,Rndm,1.0,4566,Irregular,Irregular,1
161593508,65,ACF,0.0694461304965443,0.9111455770064998,0.0001292429527939,0.5322275260760314,0.1781360991299152,7.681751e-10,4.0728853e-12,4.3052907e-07,1.5893037e-09,4.1408946e-11,3.48767e-06,7.861353e-10,0.99999607,Rndm,1.0,4567,Irregular,Irregular,1
161593508,65,ACF,0.5717731410882152,0.7579865273595879,0.0001214558827398,0.5487785314282121,0.1781360991299152,3.3490053e-09,2.1923532e-11,9.859538e-07,1.0533697e-08,1.9935624e-10,1.2188921e-05,2.1760327e-09,0.9999869,Rndm,1.0,4568,Irregular,Irregular,1
161593508,65,ACF,0.6203854324357962,0.742468722005909,0.0001207816608126,0.5356491816147013,0.1781360991299152,1.6952068e-09,6.485358e-11,1.5254054e-06,4.4786868e-09,4.731054e-11,1.3642092e-05,2.3458844e-09,0.99998486,Rndm,1.0,4569,Irregular,Irregular,1
161593508,65,ACF,0.1365773899765372,0.892812354312655,0.0001017796712808,0.5319016747717171,0.1781360991299152,1.33562e-10,1.3339768e-12,1.32055e-07,2.4177255e-10,1.16852404e-11,1.1628308e-06,5.4462847e-11,0.9999987,Rndm,0.974,4570,Irregular,Irregular,1
161593508,65,ACF,0.3750091046813395,0.8214518724994618,5.400308105574237e-05,0.5993908188109174,0.1781360991299152,7.8695034e-10,6.7310853e-12,2.872646e-07,1.0490925e-09,4.7366982e-11,5.084735e-06,4.3050402e-10,0.99999464,Rndm,1.0,4571,Irregular,Irregular,1
161593508,65,ACF,0.7940007586771571,0.6901943603284172,4.0169411818724576e-05,0.5057339549866242,0.1781360991299152,9.466367e-10,3.2933916e-12,1.2862169e-07,1.5184388e-09,6.093505e-11,2.8881807e-06,3.5348746e-10,0.999997,Rndm,0.999997425997426,4572,Irregular,Irregular,1
197443507,80,LS,7.345681287468247,0.4145694807479131,0.39655859495,4.197218634017606,0.0234973756596446,0.00082419114,0.00016807875,0.06298077,0.11003188,3.5208834e-06,0.82350093,0.00013631323,0.0023542563,LPV,0.906,1082,Irregular,Irregular,1
197443507,80,LS,4.006735247709953,0.113123631215846,0.1116531904538383,3.97526387749382,0.0234973756596446,6.346168e-07,2.3399096e-07,1.1551742e-07,0.001847478,2.7126734e-09,0.9978746,5.143214e-06,0.00027176566,Rndm,0.32,1083,Irregular,Irregular,1
197443507,80,LS,5.085471660554941,0.1037105111706746,0.0915547913203517,3.490823260704241,0.0234973756596446,0.0059368284,1.0000756e-06,1.3577238e-07,4.0954756e-06,0.00019416299,0.9626362,5.044295e-06,0.031222548,LPV,0.816,1084,Irregular,Irregular,1
197443507,80,LS,2.5427358302774707,0.0473074214625591,0.0343380195527139,4.026458660060676,0.0234973756596446,6.2947397e-06,5.0228508e-08,1.5227446e-08,0.000102471,3.9360174e-07,0.99389946,4.9454815e-07,0.005990797,Rndm,0.462,1085,Irregular,Irregular,1
197443507,80,LS,3.305556579360712,0.043348775507037,0.0302259880062222,3.591632153292057,0.0234973756596446,6.5029824e-05,1.1151908e-06,6.2492745e-08,6.290635e-06,3.444677e-06,0.9105378,1.4585039e-06,0.08938478,Rndm,0.512,1086,Irregular,Irregular,1
197443507,80,LS,1.5555560373462174,0.0262300969556348,0.0261773375987456,4.00456896727097,0.0234973756596446,0.00013398453,4.916527e-07,4.4336375e-07,2.2469976e-05,7.93165e-06,0.41811278,5.564473e-06,0.5817163,Rndm,0.624,1087,Irregular,Irregular,1
197443507,80,LS,2.203704386240475,0.0232382382556548,0.0208992613469833,3.306093768235882,0.0234973756596446,3.0946907e-05,1.375558e-07,2.5135745e-07,7.058568e-05,7.800143e-06,0.68461907,9.777989e-07,0.3152702,Rndm,0.65,1088,Irregular,Irregular,1
197443507,80,LS,2.003367623854977,0.0190204572178766,0.0185205256028491,4.445569425613954,0.0234973756596446,8.0440135e-05,1.4558104e-06,1.605672e-06,0.00011117149,5.445133e-06,0.6489891,3.4023324e-05,0.35077676,Rndm,0.568,1089,Irregular,Irregular,1
197443507,80,ACF,0.0231480580578136,0.6241201396381282,0.0151703566448092,1.4830042045815626,0.0234973756596446,5.939716e-09,1.251272e-09,1.4799002e-07,2.7527942e-09,6.33389e-08,0.00012755915,3.5207695e-09,0.9998722,Rndm,0.974,1090,Irregular,Irregular,1
197443507,80,ACF,0.5555533933875267,0.3963549925724518,0.0141321918679104,1.851527417880192,0.0234973756596446,1.5252122e-06,3.295261e-09,1.0317665e-09,5.4009277e-09,1.3049902e-06,0.00091008825,2.020829e-09,0.9990871,Rndm,0.96,1091,Irregular,Irregular,1
197443507,80,ACF,0.4351834914868959,0.4490319909625953,0.0138614048979441,2.0738440507731184,0.0234973756596446,3.7855628e-08,1.1324135e-10,3.328321e-11,1.6608081e-11,3.1168486e-08,0.0001859103,3.5495606e-11,0.999814,Rndm,0.96,1092,Irregular,Irregular,1
197443507,80,ACF,0.3634245115076737,0.4843429769203098,0.0129307591823658,1.3120921406102752,0.0234973756596446,8.2422744e-08,1.4556986e-10,6.459278e-11,3.336316e-11,1.100402e-07,0.00022601652,4.8822234e-11,0.9997738,Rndm,0.96,1093,Irregular,Irregular,1
197443507,80,ACF,0.1643512122104766,0.567382104624336,0.0124933242806987,4.51438940589405,0.0234973756596446,1.2743273e-08,4.1324385e-11,1.3155546e-11,5.2096214e-12,1.3682781e-08,6.439779e-05,1.0753025e-11,0.9999356,Rndm,0.972,1094,Irregular,Irregular,1
197443507,80,ACF,0.3888873753712687,0.4667375540580691,0.0124323562201219,2.791925841296944,0.0234973756596446,3.508357e-07,2.569831e-10,7.8415656e-11,1.5933425e-10,1.4841581e-07,0.00026691865,9.505538e-11,0.99973255,Rndm,0.958,1095,Irregular,Irregular,1
197443507,80,ACF,0.2199065515492293,0.5498199817778846,0.0122807151273222,1.0275369720617815,0.0234973756596446,1.5913e-08,8.0353973e-11,1.1560421e-11,3.6652695e-12,1.1138112e-08,0.00025394929,9.1495995e-12,0.999746,Rndm,0.962,1096,Irregular,Irregular,1
197443507,80,ACF,0.3310172302267347,0.4988855068931147,0.0122715896348495,1.4333837952065096,0.0234973756596446,6.0650954e-08,2.8607247e-10,1.4433739e-10,8.029757e-11,4.3727848e-08,0.00028279034,1.246682e-10,0.99971706,Rndm,0.96,1097,Irregular,Irregular,1
197443507,80,ACF,0.0740737857850035,0.5987710130751487,0.011663993941579,1.989304152042127,0.0234973756596446,2.0335646e-08,4.5328633e-11,1.29536945e-11,6.0362535e-12,1.5955601e-08,8.8584115e-05,1.1378496e-11,0.9999114,Rndm,0.974,1098,Irregular,Irregular,1
197443507,80,ACF,0.3958317927886128,0.4651337695174496,0.0114913313110984,1.3726695884735705,0.0234973756596446,1.4194966e-07,1.663306e-10,1.5787465e-11,3.780627e-11,8.5761165e-08,0.00017878895,2.1075535e-11,0.999821,Rndm,0.956,1099,Irregular,Irregular,1
197443507,80,ACF,0.0462961161156272,0.6152692805522366,0.010592083298307,1.7560870488905476,0.0234973756596446,2.8625402e-11,3.5454842e-13,3.36171e-10,1.8825553e-12,5.869992e-10,2.0068743e-05,8.8405455e-12,0.99998,Rndm,0.974,1100,Irregular,Irregular,1
197443507,80,ACF,0.3101839779747024,0.5039146915690856,0.0100677253086164,3.3724838920339835,0.0234973756596446,1.1225296e-07,2.1003407e-10,7.7881854e-11,4.4903282e-11,6.313272e-08,0.0005098767,6.8156605e-11,0.99949,Rndm,0.956,1101,Irregular,Irregular,1
197443507,80,ACF,0.4629611611562723,0.434057452191451,0.0098914264557787,1.5197710570662366,0.0234973756596446,2.0256335e-08,2.7711175e-11,4.6155527e-12,1.2347309e-12,1.1395896e-08,9.570013e-05,5.1552807e-12,0.9999043,Rndm,0.96,1102,Irregular,Irregular,1
197443507,80,ACF,0.2986099489457956,0.5056184154270424,0.0098273395107018,1.7423081282769033,0.0234973756596446,3.9230766e-08,7.922402e-11,1.7930763e-11,9.488056e-12,2.8625298e-08,0.00022337055,1.5207079e-11,0.99977654,Rndm,0.96,1103,Irregular,Irregular,1
197443507,80,ACF,0.0162036406404695,0.6221228137950091,0.0094504099619491,2.892868854607575,0.0234973756596446,2.4220599e-08,3.8830015e-09,8.946444e-06,1.7575092e-08,9.9687306e-08,0.00043528323,6.697517e-08,0.9995555,Rndm,0.972,1104,Irregular,Irregular,1
197443507,80,ACF,0.2569434444417311,0.5266936206529699,0.0091872899725077,3.40560081576875,0.0234973756596446,3.177163e-08,5.9707995e-11,5.0690528e-11,1.068643e-11,3.1913263e-08,8.7325854e-05,2.6964039e-11,0.9999125,Rndm,0.96,1105,Irregular,Irregular,1
197443507,80,ACF,0.141203154152663,0.5780336389178398,0.0091089546606354,1.35482037043424,0.0234973756596446,2.4403924e-08,8.7148e-11,2.0217262e-11,6.9707924e-12,2.9322829e-08,8.900324e-05,2.3344209e-11,0.99991095,Rndm,0.972,1106,Irregular,Irregular,1
197443507,80,ACF,0.4236094624579891,0.4487759027069364,0.0090744978933084,1.4318508204438842,0.0234973756596446,5.6495473e-08,3.8604642e-10,3.7983217e-11,8.691494e-11,2.8686486e-08,0.0004932132,1.6726696e-10,0.9995067,Rndm,0.96,1107,Irregular,Irregular,1
197443507,80,ACF,0.1504623773757885,0.5725606468724388,0.0089943184257642,1.620988685516778,0.0234973756596446,1.8539244e-07,3.7053807e-10,1.3691344e-10,1.7977721e-10,1.5857397e-07,0.00036239473,1.7678961e-10,0.99963725,Rndm,0.97,1108,Irregular,Irregular,1
197443507,80,ACF,0.5115720830776809,0.4150083997822288,0.0088744593753602,1.5344747391712872,0.0234973756596446,3.3618093e-07,1.1302072e-09,3.0191663e-10,3.032469e-10,2.8885609e-07,0.0007930312,1.1405064e-09,0.99920636,Rndm,0.96,1109,Irregular,Irregular,1
197443507,80,ACF,0.518516500495025,0.404924300641146,0.0087466228026649,1.9232274736753536,0.0234973756596446,3.9520415e-07,6.501256e-10,7.9205364e-11,4.2307463e-10,1.9655211e-07,0.000418251,3.125346e-10,0.99958116,Rndm,0.958,1110,Irregular,Irregular,1
197443507,80,ACF,0.0370368928925017,0.6146894113706072,0.0086958230845002,1.1415718359512628,0.0234973756596446,8.657366e-14,7.355367e-16,5.5527614e-11,2.7624406e-14,2.3665507e-12,0.0012992072,9.023866e-13,0.99870074,Rndm,0.974,1111,Irregular,Irregular,1
197443507,80,ACF,0.416665045040645,0.4535186553816419,0.0086498478924069,3.465121306051856,0.0234973756596446,2.855037e-07,3.6617767e-10,5.9837094e-11,9.322728e-11,9.4754085e-08,0.00020280019,2.5927382e-10,0.9997968,Rndm,0.958,1112,Irregular,Irregular,1
197443507,80,ACF,0.1967584934914157,0.5522734558426026,0.0086346078550512,1.4971518538328894,0.0234973756596446,3.698706e-08,8.667103e-11,2.1070142e-11,9.56917e-12,3.995207e-08,0.00017922677,2.1068694e-11,0.99982065,Rndm,0.972,1113,Irregular,Irregular,1
197443507,80,ACF,0.2777766966937633,0.5203821426537505,0.0086283528643955,3.2720337371080745,0.0234973756596446,1.38742235e-08,5.6443218e-11,9.849644e-12,7.541633e-12,1.5241254e-08,0.0001774989,1.645065e-11,0.99982256,Rndm,0.96,1114,Irregular,Irregular,1
197443507,80,ACF,0.2152769399376666,0.5483633263457438,0.0085118623931069,0.893191770593063,0.0234973756596446,1.4036192e-08,2.970454e-11,5.0274164e-12,3.4685612e-12,1.2874781e-08,7.998444e-05,8.967587e-12,0.99992,Rndm,0.964,1115,Irregular,Irregular,1
197443507,80,ACF,0.0972218438428171,0.593217087788218,0.0082475284373292,1.063871369477326,0.0234973756596446,6.83284e-08,1.5742893e-10,8.163208e-11,4.743102e-11,6.418051e-08,0.000130391,7.116805e-11,0.99986947,Rndm,0.974,1116,Irregular,Irregular,1
197443507,80,ACF,0.1203699019006308,0.5829246870763728,0.0080912386027305,2.645366978902892,0.0234973756596446,1.23306645e-08,5.5624737e-11,2.9816056e-11,1.0524696e-11,1.748514e-08,0.00010561753,2.9245554e-11,0.9998944,Rndm,0.974,1117,Irregular,Irregular,1
197443507,80,ACF,0.4537019379331468,0.4364049110031774,0.0079359291768903,0.95992640614989,0.0234973756596446,2.4635852e-08,8.9276475e-11,1.4399439e-11,1.3803082e-11,2.9513222e-08,0.00011151912,2.793127e-11,0.9998884,Rndm,0.96,1118,Irregular,Irregular,1
197443507,80,ACF,0.2453694154128243,0.5305743166033681,0.0075892581131997,1.5626427780885592,0.0234973756596446,1.2914354e-08,2.3469605e-11,6.4659393e-12,1.5286147e-12,9.512174e-09,5.903535e-05,3.565611e-12,0.999941,Rndm,0.96,1119,Irregular,Irregular,1
197443507,80,ACF,0.3217580070036092,0.4964802045258263,0.0075691495508302,2.9843056843037346,0.0234973756596446,1.3719574e-07,1.6785953e-10,3.748776e-11,3.877747e-11,1.14888095e-07,0.00016104763,3.0887033e-11,0.9998387,Rndm,0.956,1120,Irregular,Irregular,1
197443507,80,ACF,0.4282390740695518,0.4458145358732869,0.0073502397082664,0.8452778263903156,0.0234973756596446,1.5389861e-07,5.78675e-10,1.0000604e-10,1.3121472e-10,9.7501726e-08,0.00044720978,1.284838e-10,0.99955255,Rndm,0.956,1121,Irregular,Irregular,1
197443507,80,ACF,0.5347201411354945,0.4017867461660675,0.0072291249499381,0.9557294962656044,0.0234973756596446,1.2926822e-06,7.7410606e-10,4.0196801e-10,4.901512e-10,1.0029202e-06,0.00041085112,3.5285894e-10,0.9995869,Rndm,0.958,1122,Irregular,Irregular,1
197443507,80,ACF,0.1134254844832867,0.58571697361399,0.0072107094050852,0.8980310613082665,0.0234973756596446,1.0134009e-09,5.9763973e-12,1.0037374e-11,7.210063e-13,3.1375453e-09,4.4461587e-05,2.055539e-12,0.99995553,Rndm,0.974,1123,Irregular,Irregular,1
197443507,80,ACF,0.1874992702682902,0.5593139772657787,0.0071029826068196,1.349184009926816,0.0234973756596446,6.4384564e-09,1.9843963e-11,1.4500468e-11,1.111509e-12,9.198509e-09,6.466512e-05,4.2721603e-12,0.9999354,Rndm,0.972,1124,Irregular,Irregular,1
197443507,80,ACF,0.2662026676648565,0.5255808083213453,0.0068639744648514,1.7175099089015191,0.0234973756596446,1.8419154e-08,5.60053e-11,1.2418109e-11,5.3192273e-12,1.673386e-08,9.077435e-05,6.038808e-12,0.99990916,Rndm,0.96,1125,Irregular,Irregular,1
197443507,80,ACF,0.4444427147100214,0.440285979207936,0.0065966313626924,1.746298011106603,0.0234973756596446,1.1039346e-07,1.04347565e-10,3.4277328e-11,2.997979e-11,8.612338e-08,0.00018506772,1.6875166e-11,0.9998147,Rndm,0.956,1126,Irregular,Irregular,1
197443507,80,ACF,0.3472208708672042,0.4856148914066132,0.006574453192232,1.115659211430227,0.0234973756596446,5.260928e-09,1.5370287e-11,5.2710653e-12,1.0572011e-12,4.631944e-09,8.063885e-05,1.8506214e-12,0.9999193,Rndm,0.96,1127,Irregular,Irregular,1
197443507,80,ACF,0.0532405335329713,0.6050898344081158,0.0065346899784982,2.6328772515254464,0.0234973756596446,1.4507446e-09,1.9441587e-11,2.4353938e-10,4.1950634e-11,7.847425e-09,5.3636544e-05,4.1332555e-11,0.99994636,Rndm,0.974,1128,Irregular,Irregular,1
197443507,80,ACF,0.4884240250198672,0.420597864315032,0.0062766792376323,1.543414923923052,0.0234973756596446,2.672854e-08,4.1711776e-11,1.3255184e-11,1.204201e-11,1.5971759e-08,0.00011025471,9.41938e-12,0.99988973,Rndm,0.96,1129,Irregular,Irregular,1
197443507,80,ACF,0.3749985405365805,0.4720471489911401,0.0062409307856508,1.6737956544751285,0.0234973756596446,1.0211517e-07,2.536392e-10,7.153936e-11,5.0682382e-11,9.8106405e-08,0.00025378104,9.55387e-11,0.999746,Rndm,0.958,1130,Irregular,Irregular,1
197443507,80,ACF,0.224536163160792,0.5407484038454967,0.0058480640062459,0.787712835991357,0.0234973756596446,3.3116677e-08,1.07777016e-10,1.6510748e-11,1.4900182e-11,3.310657e-08,0.00015854427,2.7811305e-11,0.99984133,Rndm,0.96,1131,Irregular,Irregular,1
197443507,80,ACF,0.4722203843793977,0.4278391341050094,0.0058093132885731,1.2884158167579187,0.0234973756596446,3.9479715e-07,4.186954e-10,1.815499e-10,1.3096017e-10,1.5623553e-07,0.00022973337,2.0415628e-10,0.9997696,Rndm,0.958,1132,Irregular,Irregular,1
197443507,80,ACF,0.4050910160117382,0.458560533230304,0.005805177018325,0.7119958114889755,0.0234973756596446,1.4804502e-07,4.1630732e-10,1.0531942e-10,1.1137791e-10,6.845071e-08,0.00035197768,2.1390258e-10,0.99964774,Rndm,0.956,1133,Irregular,Irregular,1
197443507,80,ACF,0.5023128598545554,0.412306755727454,0.0057230549570125,2.8210960943341377,0.0234973756596446,3.9274255e-08,8.752738e-11,2.2966228e-11,1.445652e-11,4.1050324e-08,0.00014335249,1.4324389e-11,0.9998565,Rndm,0.96,1134,Irregular,Irregular,1
197443507,80,ACF,0.5439793643586199,0.3907246358118811,0.0056229781656,2.691318748511179,0.0234973756596446,2.0408963e-06,1.2188114e-09,4.1153106e-10,1.211529e-09,7.5516766e-07,0.0005952051,8.1922374e-10,0.99940205,Rndm,0.932,1135,Irregular,Irregular,1
197443507,80,ACF,0.0856478148139103,0.5905291039370238,0.0049894013810308,2.2051239285788355,0.0234973756596446,4.8512e-08,1.4409637e-10,5.237812e-11,2.1001029e-11,4.024841e-08,0.00013446127,3.4151352e-11,0.9998654,Rndm,0.974,1136,Irregular,Irregular,1
197443507,80,ACF,0.2893507257226702,0.510837313758269,0.0047796935565501,1.804468213509836,0.0234973756596446,2.6982509e-08,8.219701e-11,1.0487878e-11,1.5931033e-11,2.9244637e-08,0.00012703733,1.5387525e-11,0.9998729,Rndm,0.96,1137,Irregular,Irregular,1
197443507,80,ACF,0.3541652882845483,0.4850021718918407,0.0047266411819991,1.159883891893401,0.0234973756596446,2.04055e-08,7.4519474e-11,1.1859551e-11,1.2223021e-11,1.4386118e-08,0.00011361488,2.2518614e-11,0.9998864,Rndm,0.96,1138,Irregular,Irregular,1
197443507,80,ACF,0.49305363663143,0.4137991782652363,0.0046521203277332,0.938980002444822,0.0234973756596446,8.952372e-08,2.5036972e-10,8.420525e-11,6.743341e-11,6.67745e-08,0.00029608494,6.434284e-11,0.9997038,Rndm,0.96,1139,Irregular,Irregular,1
197443507,80,ACF,0.5277757237181504,0.4005597970522969,0.00464823287599,2.544403187161919,0.0234973756596446,2.6747744e-08,2.100586e-10,4.985923e-11,1.3055945e-11,2.923066e-08,0.0001893013,1.307519e-10,0.99981076,Rndm,0.96,1140,Irregular,Irregular,1
197443507,80,ACF,0.1550919889873512,0.5643039601608177,0.0042735900080028,0.7269521183336565,0.0234973756596446,2.4318635e-07,3.9889397e-10,1.1296909e-10,1.2206115e-10,1.1313649e-07,0.0003591446,1.4876694e-10,0.99964046,Rndm,0.97,1141,Irregular,Irregular,1
197443507,80,ACF,0.2523138328301684,0.5264155495956508,0.0037358466495993,0.7234050989165155,0.0234973756596446,2.0811672e-08,7.877036e-11,1.811115e-11,9.657272e-12,2.576814e-08,0.00012222343,1.7588247e-11,0.9998778,Rndm,0.96,1142,Irregular,Irregular,1
197443507,80,ACF,0.1087958728717239,0.5830765180824347,0.0037208438271854,0.9070718968956868,0.0234973756596446,7.529002e-10,1.586175e-12,3.7711436e-12,1.622483e-13,1.4867969e-09,1.784238e-05,9.179623e-13,0.9999821,Rndm,0.974,1143,Irregular,Irregular,1
197443507,80,ACF,0.2361101921896988,0.5331716542906005,0.0032616503997568,1.4025771236917848,0.0234973756596446,8.877811e-08,1.7278819e-10,6.2083845e-11,8.8854715e-11,5.9457122e-08,0.00022921474,4.643245e-11,0.9997707,Rndm,0.96,1144,Irregular,Irregular,1
197443507,80,ACF,0.2731470850822006,0.5192706029874956,0.0029555937253951,0.6965988542941375,0.0234973756596446,7.623886e-09,2.473176e-11,4.4667733e-12,1.0727435e-12,7.597858e-09,7.360692e-05,4.130499e-12,0.9999263,Rndm,0.96,1145,Irregular,Irregular,1
197443507,80,ACF,0.0787033973965662,0.5928185700866728,0.0029281502193,1.0770343753057574,0.0234973756596446,1.7638477e-07,3.2718384e-10,1.1564588e-10,1.5021055e-10,1.8880726e-07,0.00022753241,1.1982364e-10,0.99977213,Rndm,0.972,1146,Irregular,Irregular,1
197443507,80,ACF,0.2291657747723547,0.5334576870662429,0.0028723056422095,0.9048142830406932,0.0234973756596446,3.2923204e-08,5.738709e-11,2.319776e-11,8.280507e-12,5.394122e-08,0.000110677305,4.3105545e-12,0.99988914,Rndm,0.96,1147,Irregular,Irregular,1
197443507,80,ACF,0.3171283953920465,0.493247786167779,0.0027930753172227,0.7105163182541219,0.0234973756596446,5.390943e-07,8.2803137e-10,3.152567e-10,7.7850765e-10,3.4105085e-07,0.0005959766,3.3316294e-10,0.99940324,Rndm,0.934,1148,Irregular,Irregular,1
197443507,80,ACF,0.1018514554543799,0.584425977438401,0.0023162855665697,0.9094837125521736,0.0234973756596446,2.470468e-08,1.3548554e-10,8.715014e-11,1.786748e-11,5.234771e-08,0.0001292355,3.3364866e-11,0.99987066,Rndm,0.974,1149,Irregular,Irregular,1
197443507,80,ACF,0.3055543663631397,0.5023597407022196,0.002278042786637,0.6338014299699921,0.0234973756596446,9.6973885e-08,3.204695e-10,8.640386e-11,1.5065008e-10,9.031827e-08,0.00045876432,7.3058885e-11,0.99954104,Rndm,0.96,1150,Irregular,Irregular,1
197443507,80,ACF,0.1296291251237562,0.5766540701690331,0.0021660934695286,0.6866151036877,0.0234973756596446,9.8786845e-09,6.439551e-11,3.3188643e-11,7.718517e-12,9.518793e-09,0.00014735728,1.6412345e-11,0.99985266,Rndm,0.972,1151,Irregular,Irregular,1
197443507,80,ACF,0.032407281280939,0.6115272017716945,0.0019651561276012,0.6775653587587556,0.0234973756596446,2.0957685000000002e-16,3.830313e-18,4.0941167e-11,8.695174e-16,1.303144e-14,0.0005346908,3.3768398e-13,0.9994653,Rndm,0.974,1152,Irregular,Irregular,1
197443507,80,ACF,0.4768499959909604,0.4230297122055459,0.001796833477251,0.7207650930951957,0.0234973756596446,5.319833e-07,1.921917e-09,1.7857811e-09,3.527753e-09,2.3553234e-07,0.0015280745,2.6840596e-09,0.9984712,Rndm,0.96,1153,Irregular,Irregular,1
197443507,80,ACF,0.1805548528509462,0.5550176770178549,0.0017724966225537,0.8157636661191958,0.0234973756596446,1.7603561e-08,8.9764286e-11,5.779964e-11,5.0877874e-12,1.8639938e-08,0.00010601287,1.5969396e-11,0.999894,Rndm,0.972,1154,Irregular,Irregular,1
197443507,80,ACF,0.2013881051029784,0.549497078721039,0.001553258240323,1.5548880053351724,0.0234973756596446,2.35527e-08,4.0686742e-11,1.0304558e-11,6.3247537e-12,1.7502146e-08,9.1027716e-05,9.8178375e-12,0.9999089,Rndm,0.964,1155,Irregular,Irregular,1
197443507,80,ACF,0.358794899896111,0.4750240962374428,0.0014600559792034,0.7021186453816597,0.0234973756596446,4.3730516e-08,6.292825e-11,1.1375003e-11,9.301979e-12,3.188141e-08,0.00013228822,1.9689852e-11,0.99986756,Rndm,0.96,1156,Irregular,Irregular,1
197443507,80,ACF,0.2615730560532938,0.5228550488776954,0.0013259909355328,0.6602129092784992,0.0234973756596446,2.8233282e-08,1.03922e-10,6.281237e-11,1.5072554e-11,5.1209163e-08,0.00013484158,3.8597042e-11,0.99986506,Rndm,0.96,1157,Irregular,Irregular,1
197443507,80,ACF,0.3356468418382974,0.4926143951168292,0.0012277264686152,0.8444372292700564,0.0234973756596446,2.3414367e-08,6.234504e-11,3.525153e-11,7.2189173e-12,1.9983757e-08,0.000103207065,1.6644752e-11,0.99989676,Rndm,0.96,1158,Irregular,Irregular,1
197443507,80,ACF,0.2083325225203225,0.5392443865397036,0.000795930299168,1.2387898089164937,0.0234973756596446,7.478051e-08,2.0534106e-10,9.576368e-11,2.5847258e-11,8.6191775e-08,0.00020013859,4.3589916e-11,0.9997998,Rndm,0.97,1159,Irregular,Irregular,1
197443507,80,ACF,0.4976832482429927,0.4091805757080081,0.0006801813302199,0.6116282821848245,0.0234973756596446,5.631187e-08,8.071601e-11,2.8641084e-11,2.4078175e-11,5.382784e-08,0.00013400662,3.5808835e-11,0.9998659,Rndm,0.96,1160,Irregular,Irregular,1
197443507,80,ACF,0.1759252412393834,0.554601133658766,0.000651443424144,0.6362773094361103,0.0234973756596446,4.272826e-08,1.7576245e-10,3.9693287e-11,2.3496911e-11,3.0486113e-08,0.00019498817,4.984715e-11,0.9998049,Rndm,0.972,1161,Irregular,Irregular,1
197443507,80,ACF,0.0624997567560967,0.6002383780458207,0.0006428394525498,0.54497433225443,0.0234973756596446,4.401207e-08,1.160024e-10,7.767472e-11,5.0142335e-11,3.286971e-08,0.00012135149,1.1260335e-10,0.9998785,Rndm,0.974,1162,Irregular,Irregular,1
197443507,80,ACF,0.3263876186151719,0.4947896586899157,0.0004901373226511,0.5416882431968588,0.0234973756596446,2.178345e-08,5.4304276e-11,2.0719657e-11,9.318193e-12,1.9181048e-08,7.515713e-05,1.8385087e-11,0.9999248,Rndm,0.96,1163,Irregular,Irregular,1
197443507,80,ACF,0.1365735425411003,0.5737381928891778,0.0003446621449484,0.5358015505215192,0.0234973756596446,1.6816186e-08,3.0596786e-11,6.6359648e-12,3.4197092e-12,8.080815e-09,0.00012514333,9.291869e-12,0.99987483,Rndm,0.972,1164,Irregular,Irregular,1
197443507,80,ACF,0.3703689289250178,0.4695934015051705,0.0003152727910181,0.541623650886379,0.0234973756596446,3.4271395e-08,5.77735e-11,1.0340058e-11,1.44642865e-11,1.6745735e-08,0.00015009566,7.1706053e-12,0.9998499,Rndm,0.96,1165,Irregular,Irregular,1
197443507,80,ACF,0.4120354334290823,0.4518991143193759,0.0001174044132056,0.5304237661354989,0.0234973756596446,8.534843e-08,1.7558091e-10,3.32609e-11,1.2177476e-10,5.1611753e-08,0.00033567063,9.689897e-11,0.9996642,Rndm,0.96,1166,Irregular,Irregular,1
197443507,80,ACF,0.3819429579539246,0.4607084423953694,2.26824271880588e-05,0.5017711667096876,0.0234973756596446,1.2439614e-07,1.0308568e-10,5.1647422e-11,2.3905987e-11,1.1419456e-07,0.00017155122,1.740613e-11,0.9998282,Rndm,0.956,1167,Irregular,Irregular,1
212374773,66,LS,4.580200220538543,0.0854812481996568,0.0807610347853799,3.7818312269048224,0.0185333041008561,0.31139052,2.6648715e-06,5.4881007e-06,0.00037439913,0.0011573456,0.66878533,2.5603476e-05,0.018258628,Rndm,0.24,1821,Rndm,Rndm,1
212374773,66,LS,2.2052815876667053,0.064741201518953,0.0646220220923475,3.78789110169285,0.0185333041008561,0.0013480199,3.9462836e-07,5.6467428e-08,4.697058e-05,5.1074876e-06,0.99238825,4.263454e-06,0.0062070116,Rndm,0.416,1822,Rndm,Rndm,1
212374773,66,LS,1.470187725111137,0.0628056645576592,0.060373689480066,3.861189030729605,0.0185333041008561,2.151917e-06,5.9435436e-08,6.398344e-09,2.308361e-05,5.8413058e-08,0.9995185,3.0446297e-06,0.0004531731,Rndm,0.412,1823,Rndm,Rndm,1
212374773,66,LS,2.5337277815745125,0.0585505788219008,0.0458843965274757,3.872752277355709,0.0185333041008561,7.3957085e-07,1.2854314e-09,2.5265867e-10,3.9271416e-07,7.305019e-08,0.99975425,5.9277543e-09,0.00024455454,Rndm,0.41,1824,Rndm,Rndm,1
212374773,66,LS,3.608642598000064,0.0318955858050863,0.0302797820328336,3.1675757741803103,0.0185333041008561,6.619973e-05,8.051707e-08,5.7262524e-09,2.9687114e-06,5.146109e-06,0.98701036,7.500307e-08,0.012915169,Rndm,0.39,1825,Rndm,Rndm,1
212374773,66,LS,1.3532409742500238,0.026751716206001,0.0232337119242389,3.840532293376896,0.0185333041008561,6.1207516e-06,7.808633e-09,6.807873e-10,1.5370621e-10,2.9203163e-06,0.020697663,2.0827855e-09,0.97929335,Rndm,0.929997425997426,1826,Rndm,Rndm,1
212374773,66,LS,1.6772564187887615,0.0270176106338348,0.020230892154475,5.783813522047119,0.0185333041008561,2.6637875e-07,1.1251164e-08,4.79412e-10,7.0156894e-09,6.3205725e-08,0.9638658,8.871843e-09,0.03613382,Rndm,0.542,1827,Rndm,Rndm,1
212374773,66,LS,1.0091966587627297,0.0147007587294019,0.0145744041971466,4.48877047201691,0.0185333041008561,1.027066e-06,2.202603e-08,2.6750935e-10,1.0904793e-09,3.0257257e-07,0.48397377,5.355788e-09,0.5160248,Rndm,0.742,1828,Rndm,Rndm,1
212374773,66,LS,1.8320800882154165,0.0157199363148942,0.0129055234124487,2.7854043733607554,0.0185333041008561,9.317503e-05,1.18828304e-07,7.392262e-08,4.248603e-06,2.8213151e-05,0.92976487,4.889242e-07,0.070108905,Rndm,0.546,1829,Rndm,Rndm,1
212374773,66,ACF,0.1388887965822505,0.314121118844121,0.0222654384225779,1.2128423674287916,0.0185333041008561,2.6079316e-08,1.4925026e-11,3.3833431e-13,4.4182564e-15,3.923252e-08,0.00011365874,6.620942e-13,0.99988616,Rndm,0.972,1830,Rndm,Rndm,1
212374773,66,ACF,0.1064814107130587,0.3326644423244661,0.0208225565941689,0.940096036539714,0.0185333041008561,1.3078533e-08,6.1540014e-12,1.1778479e-12,5.1995283e-15,2.8484532e-08,0.0001940549,3.781359e-13,0.999806,Rndm,0.974,1831,Rndm,Rndm,1
212374773,66,ACF,0.1273147302003963,0.3173067350863828,0.0206671358532976,2.254750176353092,0.0185333041008561,1.7473122e-08,1.6465251e-11,1.61469e-12,9.8497624e-15,2.9879835e-08,0.00016184043,1.7591432e-12,0.9998381,Rndm,0.972,1832,Rndm,Rndm,1
212374773,66,ACF,0.1203702903712837,0.3189328364832483,0.0182930628931974,1.8381351239464576,0.0185333041008561,4.2970754e-08,5.96118e-11,1.1502196e-12,1.1043328e-14,5.0733902e-08,0.00010528097,1.372807e-12,0.9998946,Rndm,0.974,1833,Rndm,Rndm,1
212374773,66,ACF,0.0833332779493503,0.3445697223806935,0.0180963449356147,1.9601515372528129,0.0185333041008561,1.8743023e-07,2.253664e-10,3.1419004e-12,8.0517366e-14,1.0083273e-07,0.00020627996,7.225169e-12,0.99979347,Rndm,0.972,1834,Rndm,Rndm,1
212374773,66,ACF,0.203703568320634,0.2639293335187541,0.017546264415788,0.9594534694442984,0.0185333041008561,1.04018865e-08,8.161719e-12,2.2859763e-13,2.880508e-15,1.832174e-08,0.00010454986,6.6919365e-13,0.99989545,Rndm,0.964,1835,Rndm,Rndm,1
212374773,66,ACF,0.2546294604007926,0.2189136925902642,0.0166896137499947,1.3568930018081031,0.0185333041008561,6.193651e-08,4.771856e-11,1.3666767e-12,2.5424241e-14,5.442015e-08,0.00012901977,5.0300367e-12,0.9998709,Rndm,0.96,1836,Rndm,Rndm,1
212374773,66,ACF,0.189814688662409,0.2684454575652931,0.0155531382093859,1.3528799299298695,0.0185333041008561,5.2728995e-09,4.230855e-12,2.6053153e-13,7.057604e-16,9.260637e-09,6.799935e-05,1.379251e-13,0.99993205,Rndm,0.97,1837,Rndm,Rndm,1
212374773,66,ACF,0.0231481327637084,0.3929363977282575,0.0154701341553456,2.7818710378691103,0.0185333041008561,6.662325e-10,5.873549e-11,1.1310696e-08,2.6295718e-10,2.6160274e-08,0.00021103087,2.9602654e-10,0.99978894,Rndm,0.974,1838,Rndm,Rndm,1
212374773,66,ACF,0.2222220745316008,0.2383064907261183,0.0153935026290526,1.0090229169279894,0.0185333041008561,5.0548245e-08,3.4059512e-11,6.476509e-13,9.571705e-15,3.189005e-08,9.2088674e-05,1.7294258e-12,0.99990773,Rndm,0.946,1839,Rndm,Rndm,1
212374773,66,ACF,0.277777593164501,0.1951514442843494,0.015243191240114,1.7595169771477115,0.0185333041008561,8.015494e-08,3.3028184e-11,1.0491561e-12,1.622764e-14,7.3691076e-08,0.0001491654,1.2390314e-12,0.99985075,Rndm,0.96,1840,Rndm,Rndm,1
212374773,66,ACF,0.1689813691750714,0.281082721308413,0.0143376117012945,1.7607017055773468,0.0185333041008561,9.397248e-08,1.2024748e-10,3.7542218e-12,6.704511e-14,8.1612164e-08,0.00032254105,4.195516e-12,0.9996773,Rndm,0.972,1841,Rndm,Rndm,1
212374773,66,ACF,0.3124997923100636,0.1589560061959056,0.012917545374584,1.9011410953699224,0.0185333041008561,1.658288e-08,1.2062501e-11,2.3024575e-13,2.8696957e-15,1.2027277e-08,0.0001229355,4.7692335e-13,0.9998771,Rndm,0.96,1842,Rndm,Rndm,1
212374773,66,ACF,0.0902777177784628,0.34099664415691,0.0125957936535323,1.3934542475729828,0.0185333041008561,7.276864e-08,6.410065e-11,4.341171e-12,4.290845e-14,8.165433e-08,0.00016277938,3.7305007e-12,0.99983704,Rndm,0.974,1843,Rndm,Rndm,1
212374773,66,ACF,0.0972221576075753,0.3379974997081269,0.0125006697641739,1.06344601212232,0.0185333041008561,6.967257e-08,9.3286504e-11,9.4052014e-12,1.0675585e-13,1.14559526e-07,0.00028508453,1.0288987e-11,0.9997147,Rndm,0.974,1844,Rndm,Rndm,1
212374773,66,ACF,0.1342591700295088,0.3152393363532327,0.0109403058640307,0.7339306115346247,0.0185333041008561,2.9124529e-08,2.4014287e-11,4.1901392e-13,6.402087e-15,3.5941223e-08,7.679401e-05,7.660402e-13,0.9999231,Rndm,0.972,1845,Rndm,Rndm,1
212374773,66,ACF,0.0439814522510459,0.3775900640553591,0.0106565227785457,1.1060415063781814,0.0185333041008561,2.4463671e-12,1.0564335e-14,2.2162526e-10,3.644607e-14,1.4658932e-10,0.0012155564,8.847138e-12,0.9987845,Rndm,0.974,1846,Rndm,Rndm,1
212374773,66,ACF,0.1643517426223297,0.2870645830534064,0.0104892710567739,0.7581088305388732,0.0185333041008561,9.1111126e-08,6.933076e-11,2.2697048e-12,4.7107656e-14,8.405533e-08,0.00035893416,6.841931e-12,0.99964094,Rndm,0.972,1847,Rndm,Rndm,1
212374773,66,ACF,0.2638887135062759,0.2034144446562275,0.0104235208454224,1.4130535497901209,0.0185333041008561,7.223826e-08,2.7621277e-11,6.3404517e-13,1.235715e-14,3.9666745e-08,6.631855e-05,1.5143144e-12,0.9999336,Rndm,0.96,1848,Rndm,Rndm,1
212374773,66,ACF,0.2939812860990969,0.1772307311240278,0.0103857554764957,4.124672983084679,0.0185333041008561,3.0590797e-07,1.3370355e-10,5.3802895e-12,1.0777272e-13,2.8010825e-07,0.00033955628,2.1032868e-11,0.9996599,Rndm,0.958,1849,Rndm,Rndm,1
212374773,66,ACF,0.1550924895168464,0.2981002072097999,0.0090258226326172,1.3941724141266292,0.0185333041008561,1.17362404e-07,4.944766e-11,1.1901299e-12,2.1095969e-14,1.1996822e-07,0.00010460777,6.0649836e-12,0.9998951,Rndm,0.97,1850,Rndm,Rndm,1
212374773,66,ACF,0.0740740248438669,0.3483176469270801,0.0087489897125083,0.8141261524927899,0.0185333041008561,1.6753784e-08,1.1359906e-11,1.6211639e-13,1.0498441e-15,1.6336337e-08,4.911879e-05,2.534978e-13,0.9999509,Rndm,0.974,1851,Rndm,Rndm,1
212374773,66,ACF,0.1134258505421712,0.3171321271363109,0.0081245174862398,2.112940463216141,0.0185333041008561,2.9297955e-09,1.1207428e-12,4.3396967e-13,6.968151e-16,1.5711263e-08,5.5865257e-05,8.810728e-14,0.9999441,Rndm,0.974,1852,Rndm,Rndm,1
212374773,66,ACF,0.1435184231349922,0.3057442074569846,0.0072404532925816,0.9166703059495944,0.0185333041008561,3.3970164e-08,1.743137e-11,6.922723e-13,8.206232e-15,5.1843777e-08,0.00012832422,1.4967674e-12,0.9998715,Rndm,0.972,1853,Rndm,Rndm,1
212374773,66,ACF,0.24768502057168,0.2131160766960451,0.0068311898293107,2.354026189706744,0.0185333041008561,3.2093457e-08,2.279691e-11,7.1148106e-13,5.276796e-15,2.788376e-08,9.878898e-05,1.3986058e-12,0.99990106,Rndm,0.96,1854,Rndm,Rndm,1
212374773,66,ACF,0.0393518256983043,0.3766406632379512,0.0067092213997813,0.845582420136541,0.0185333041008561,1.0220275e-15,1.0538213e-18,1.4958267e-10,1.57199e-14,1.3272836e-13,0.34913692,1.4960429e-11,0.6508631,Rndm,0.926,1855,Rndm,Rndm,1
212374773,66,ACF,0.0671295850147544,0.3562456863921128,0.0060599699809256,0.8252191678033363,0.0185333041008561,1.0246047e-07,4.5027225e-11,3.5352838e-12,1.5876115e-14,1.14453016e-07,4.9893337e-05,2.2203092e-12,0.9999498,Rndm,0.974,1856,Rndm,Rndm,1
212374773,66,ACF,0.2314813276370841,0.2241906835928372,0.0059830117188227,1.8153147487218604,0.0185333041008561,6.9568664e-08,4.790218e-11,9.90389e-13,1.1366664e-14,5.2800026e-08,8.977037e-05,2.7604449e-12,0.9999101,Rndm,0.96,1857,Rndm,Rndm,1
212374773,66,ACF,0.0347221991455626,0.37944737158006,0.005586008758936,0.7231934037609147,0.0185333041008561,2.3948638999999997e-18,2.0556899e-20,1.1519007e-11,1.9610191e-15,1.8862741000000002e-16,0.9538705,2.131188e-12,0.046129484,Rndm,0.7,1858,Rndm,Rndm,1
212374773,66,ACF,0.1944443152151507,0.2586482517526227,0.0051120033217202,1.082952613075875,0.0185333041008561,3.548241e-08,3.656494e-11,4.5430218e-13,4.4787223e-15,5.0197762e-08,7.850216e-05,2.160676e-12,0.9999213,Rndm,0.97,1859,Rndm,Rndm,1
212374773,66,ACF,0.0601851451856418,0.3591267934451826,0.0044217856798985,0.9146027383541516,0.0185333041008561,1.19143785e-07,7.651751e-11,2.7187778e-11,1.779914e-13,2.2028698e-07,0.00026165578,2.1136985e-11,0.9997379,Rndm,0.972,1860,Rndm,Rndm,1
212374773,66,ACF,0.3009257259282094,0.1761936215784525,0.0037270491867985,0.6677080496544363,0.0185333041008561,5.343808e-08,1.1536472e-11,2.0955638e-13,3.68144e-15,3.467989e-08,5.2161697e-05,1.0019958e-12,0.99994767,Rndm,0.96,1861,Rndm,Rndm,1
212374773,66,ACF,0.1481480496877338,0.3006558456678668,0.0036001062744757,0.9063105064204038,0.0185333041008561,4.006836e-08,1.44386655e-11,5.762548e-13,3.078947e-15,5.1701303e-08,0.0001031858,1.0835424e-12,0.99989665,Rndm,0.972,1862,Rndm,Rndm,1
212374773,66,ACF,0.0486110788037876,0.3674058550794827,0.0028013873039357,0.9652619172033604,0.0185333041008561,4.8923448e-09,1.8933558e-11,4.8324217e-10,3.074454e-13,2.2698387e-08,0.00016483803,1.0238039e-10,0.99983513,Rndm,0.974,1863,Rndm,Rndm,1
212374773,66,ACF,0.2592590869535343,0.2024723020480836,0.0026778684138586,0.641217254856997,0.0185333041008561,5.2943424e-08,1.523184e-11,3.0485063e-13,2.9714047e-15,4.5779238e-08,9.542309e-05,6.106885e-13,0.9999044,Rndm,0.96,1864,Rndm,Rndm,1
212374773,66,ACF,0.2083331948733757,0.2474477309948678,0.0026131106328235,0.7665511220656072,0.0185333041008561,1.1445398e-07,6.30038e-11,9.0103863e-13,1.9363756e-14,1.0948587e-07,0.00013209925,1.9946388e-12,0.9998677,Rndm,0.966,1865,Rndm,Rndm,1
212374773,66,ACF,0.1759258090041839,0.2689542436583328,0.0015099116988722,0.9499703354314448,0.0185333041008561,1.0864042e-08,2.029725e-11,4.3532585e-13,2.6398182e-15,2.1542686e-08,0.00010385857,6.055729e-13,0.99989617,Rndm,0.972,1866,Rndm,Rndm,1
212374773,66,ACF,0.2361109541898258,0.2181807382005701,0.0006840975485315,0.5757667784375684,0.0185333041008561,6.339697e-08,4.39289e-11,6.789224e-13,7.234035e-15,3.5833192e-08,0.00011922327,1.6611841e-12,0.9998807,Rndm,0.96,1867,Rndm,Rndm,1
212374773,66,ACF,0.1805554355569256,0.2679594012670722,0.0006829478762072,0.6348376934311943,0.0185333041008561,8.024279e-09,1.4748081e-11,5.673766e-13,2.7239415e-15,1.3864632e-08,0.00018229967,5.486808e-13,0.99981767,Rndm,0.972,1868,Rndm,Rndm,1
212374773,66,ACF,0.2731479666117593,0.1896320519508555,0.0005338240820556,0.5274493583825404,0.0185333041008561,7.400418e-08,2.0780965e-11,2.1364918e-13,1.2677788e-14,2.7464736e-08,8.834907e-05,8.0607754e-13,0.99991155,Rndm,0.96,1869,Rndm,Rndm,1
215359442,80,LS,7.777744654583514,0.2101807978317367,0.2092428956272766,4.59622432074392,0.1261797919869423,1.8200057e-09,7.508642e-06,1.887701e-05,5.835966e-11,3.154269e-13,1.8194703e-10,7.193782e-07,0.99997294,Rndm,0.944,5954,Rndm,Rndm,1
215359442,80,LS,4.006716943270295,0.1117755737039378,0.1063507072262325,5.129743996407139,0.1261797919869423,6.817289e-12,4.1911713e-10,3.175569e-08,5.339257e-16,2.7017595e-17,2.351017e-13,6.175971e-10,1.0,Rndm,0.993997425997426,5955,Rndm,Rndm,1
215359442,80,LS,2.034179371198765,0.0698527326624587,0.069673965584933,5.333659433209661,0.1261797919869423,4.764872e-10,1.942284e-07,5.2935834e-06,5.476855e-12,1.8562788e-16,7.286062e-13,7.708478e-11,0.9999945,Rndm,0.995997425997426,5956,Rndm,Rndm,1
215359442,80,LS,1.1398418890337902,0.0548611218153875,0.0547075225627763,6.464319350049195,0.1261797919869423,3.5004544e-10,1.793566e-08,0.00020538468,4.7450524e-12,3.2928230000000004e-17,5.46429e-13,1.09934234e-07,0.99979454,Rndm,0.997997425997426,5957,Rndm,Rndm,1
215359442,80,LS,1.5740673705704724,0.0503399414628808,0.0495156921602261,5.05888902687731,0.1261797919869423,8.120972e-11,8.139283e-08,1.8245711e-07,4.522541e-13,3.1883104e-17,2.0724508e-13,3.4287878e-10,0.99999964,Rndm,0.991997425997426,5958,Rndm,Rndm,1
215359442,80,LS,3.2249185153151148,0.0497835075732527,0.0410840127850851,3.869996516736073,0.1261797919869423,3.3075205e-09,1.2162937e-08,0.0027136211,3.336456e-10,4.3395856e-16,3.4091569e-12,5.3034637e-07,0.99728584,Rndm,0.9673307593307594,5959,Rndm,Rndm,1
215359442,80,LS,5.085448427996912,0.0913989261872545,0.0407389177210143,3.02964187823177,0.1261797919869423,1.1215595e-08,1.5956613e-07,0.00012683349,4.1747213e-11,3.015009e-14,1.9122228e-12,1.1250253e-09,0.99987304,Rndm,0.997997425997426,5960,Rndm,Rndm,1
215359442,80,LS,1.283705428426405,0.037902333714829,0.0360778285249895,9.261194214272734,0.1261797919869423,2.7007645e-09,4.231545e-08,7.6743425e-05,1.3380965e-11,1.4800756e-15,1.5938816e-12,2.8514062e-09,0.9999232,Rndm,0.995997425997426,5961,Rndm,Rndm,1
215359442,80,LS,2.698401206692239,0.0497172648131599,0.0324043107453067,3.981135403715392,0.1261797919869423,1.1327946e-10,5.9495444e-09,3.254878e-05,1.6069246e-13,5.3108655000000003e-17,1.7236597e-13,1.1583257e-07,0.99996734,Rndm,0.995997425997426,5962,Rndm,Rndm,1
215359442,80,LS,0.9794196972438496,0.0347069942799817,0.0308074119493955,5.184408420091302,0.1261797919869423,6.728143e-08,2.3320342e-07,2.8445194e-05,5.154527e-11,9.67591e-16,2.575659e-12,7.434212e-10,0.9999713,Rndm,0.999997425997426,5963,Rndm,Rndm,1
215359442,80,LS,0.8933895887021599,0.0264799992568345,0.0199397077887505,8.349995845989383,0.1261797919869423,5.0987253e-10,1.4887905e-08,2.8436781e-07,2.7720788e-12,1.07573595e-16,4.451025e-13,1.847035e-09,0.99999976,Rndm,0.995997425997426,5964,Rndm,Rndm,1
215359442,80,LS,0.7965160188428896,0.0247698412261467,0.0195676948371919,4.034769533783589,0.1261797919869423,2.9099972e-10,9.435309e-08,1.775551e-06,9.689298e-13,2.8394073e-17,5.876027e-13,2.2587131e-10,0.9999981,Rndm,0.999997425997426,5965,Rndm,Rndm,1
215359442,80,LS,0.7147116709617278,0.0140909200333972,0.0102026488935945,3.767456477277364,0.1261797919869423,2.3524105e-08,2.2975357e-08,1.2460088e-06,5.053829e-12,5.038486e-16,8.895917e-13,7.0030856e-11,0.9999987,Rndm,0.998,5966,Rndm,Rndm,1
215359442,80,LS,0.6266429342555434,0.0110162378652784,0.0090302432361164,4.252780445397065,0.1261797919869423,6.149842e-10,2.9036471e-08,6.828662e-05,7.7044066e-11,1.5947493e-16,3.9251137e-12,9.419416e-08,0.9999316,Rndm,1.0,5967,Rndm,Rndm,1
215359442,80,LS,0.574876778817042,0.0107853350464727,0.0087583018110627,4.297626293623665,0.1261797919869423,4.418891e-09,4.8462795e-07,1.3310229e-06,2.9894592e-12,6.790993e-17,2.3328208e-12,1.9629356e-10,0.9999982,Rndm,0.996,5968,Rndm,Rndm,1
215359442,80,LS,1.69514947599897,0.0294354729432243,0.0074092225644857,2.2532195416398366,0.1261797919869423,2.4092108e-09,2.8788865e-09,5.0232698e-06,5.0463258e-12,2.0742454000000002e-16,7.043616e-13,1.0774252e-08,0.999995,Rndm,0.995997425997426,5969,Rndm,Rndm,1
215359442,80,LS,0.6677861572117155,0.0107957005126042,0.007173616337142,3.815346044210372,0.1261797919869423,8.0305934e-10,3.965294e-09,1.7286625e-06,9.737765e-13,3.1156627000000003e-16,2.2476522e-13,2.1052127e-09,0.9999982,Rndm,1.0,5970,Rndm,Rndm,1
215359442,80,LS,0.7386684867481544,0.0117186572770963,0.005111174142325,2.735282268165065,0.1261797919869423,4.659431e-10,7.567942e-09,1.3960833e-07,3.4779874e-12,4.9557220000000006e-17,1.1609473e-12,7.45948e-10,0.9999999,Rndm,0.995997425997426,5971,Rndm,Rndm,1
215359442,80,LS,0.9377422633185792,0.0134699552083096,0.0037008312812438,2.097396955255874,0.1261797919869423,8.720342e-10,6.9474716e-08,1.824394e-05,4.3164166e-12,3.2727892e-16,6.5633187e-13,2.590496e-08,0.99998164,Rndm,0.999997425997426,5972,Rndm,Rndm,1
215359442,80,LS,0.7687305763251143,0.0110161571009005,0.0029493494122697,2.236062476246559,0.1261797919869423,9.30872e-09,2.2581707e-08,0.00044395195,9.528592e-10,1.2835569e-15,1.0706616e-11,1.1746863e-06,0.9995548,Rndm,0.999997425997426,5973,Rndm,Rndm,1
215359442,80,LS,1.0249741017668192,0.0193118820990856,0.0025969975847535,1.6175554128762428,0.1261797919869423,2.3883218e-09,8.4898495e-08,4.2581996e-07,2.7152174e-12,3.812606e-16,3.1951848e-12,8.81133e-11,0.9999994,Rndm,0.995997425997426,5974,Rndm,Rndm,1
215359442,80,LS,0.8641938505092788,0.0190584665430515,0.0016243482860189,1.4546628170913607,0.1261797919869423,2.2853512e-09,5.405382e-10,4.058456e-05,6.924735e-12,3.1774996000000004e-16,4.8686267e-13,8.0418394e-10,0.99995947,Rndm,0.999997425997426,5975,Rndm,Rndm,1
215359442,80,LS,1.191186118269547,0.027133490562259,0.0006161544299935,0.6261563806608734,0.1261797919869423,8.088751e-09,2.3968738e-10,0.00057006563,7.3356675e-11,5.894361e-16,6.83764e-13,1.2804666e-08,0.9994299,Rndm,0.929997425997426,5976,Rndm,Rndm,1
221179645,66,LS,6.296232810992477,0.0824203975812953,0.0754604867330848,3.927012268814691,1.06071338057518,7.6119363e-06,0.00078172714,3.594499e-14,1.5282539e-23,1.2926168e-07,0.050770108,3.9450725e-15,0.9484405,Rndm,0.988,2126,Rndm,Rndm,1
221179645,66,LS,8.394977081323304,0.0783894285973618,0.0531957767308812,2.829927296852499,1.06071338057518,3.8652263e-07,1.6337058e-06,3.9032053e-13,3.1090714e-20,1.5348285e-06,0.00029810518,3.167954e-14,0.9996984,Rndm,0.998,2127,Rndm,Rndm,1
221179645,66,LS,4.062085684511277,0.0237932009923977,0.0223794186603284,3.944708799618173,1.06071338057518,8.175763e-09,2.2719272e-08,1.4000271e-16,5.4707226e-23,3.0881168e-07,0.0014734204,3.0889758e-15,0.9985262,Rndm,0.999997425997426,2128,Rndm,Rndm,1
221179645,66,LS,2.5184931243969912,0.0124913459774484,0.0120647568466228,4.298453426091925,1.06071338057518,2.6276155e-07,6.100394e-09,5.4848616000000004e-17,1.5853083e-21,2.9401997e-06,0.0036667371,1.2630583e-16,0.9963301,Rndm,0.999997425997426,2129,Rndm,Rndm,1
221179645,66,LS,3.1481164054962387,0.0140617772278878,0.010624245730399,4.182376403488682,1.06071338057518,2.3078406e-09,6.356181e-08,1.412095e-17,6.0290986e-24,4.1983593e-08,0.0155318305,2.0842045000000002e-17,0.98446804,Rndm,0.999997425997426,2130,Rndm,Rndm,1
225773894,80,LS,8.814842628117582,0.3012284626033826,0.2338491621360955,6.626089724760016,0.1158712245523929,0.020427292,0.005610254,7.60944e-11,2.3631188e-12,0.001949696,0.9703865,2.2005238e-11,0.0016263286,LPV,0.822,1957,Irregular,Irregular,1
225773894,80,LS,5.085486131606298,0.0916724040327909,0.0594544851257911,2.816297968920189,0.1158712245523929,0.17384382,0.0021461903,1.6136549e-07,1.5275905e-08,0.029849224,0.6292581,1.2849797e-08,0.1649025,LPV,0.37,1958,Irregular,Irregular,1
225773894,80,LS,2.9382808760391943,0.0574298197903055,0.0427015419495455,3.438752460028816,0.1158712245523929,1.0962914e-06,3.4994533e-05,4.140935e-11,1.18708305e-08,1.7705807e-07,0.9840591,1.2979688e-09,0.015904652,Rndm,0.442,1959,Irregular,Irregular,1
225773894,80,LS,3.573584849236858,0.0570639314318768,0.0416193370308404,5.333043137238512,0.1158712245523929,1.622464e-05,0.00062907074,2.5750873e-12,6.758555e-12,8.7106906e-05,0.9434019,3.0597358e-12,0.055865586,Rndm,0.5,1960,Irregular,Irregular,1
225773894,80,LS,2.0033733245721783,0.0360332770159884,0.0340437662643444,4.317383840349535,0.1158712245523929,1.3838958e-07,0.0001298072,6.5810496e-11,1.1408989e-06,5.1541515e-06,0.6306312,1.2091627e-09,0.36923254,Rndm,0.496,1961,Irregular,Irregular,1
225773894,80,LS,1.717177135347581,0.0260701000647123,0.0257472763738981,3.763547005700346,0.1158712245523929,9.652194e-07,0.00095966697,5.276273e-10,3.1558237e-08,1.3519856e-06,0.2615675,1.2072363e-07,0.7374703,Rndm,0.762,1962,Irregular,Irregular,1
225773894,80,LS,1.2357256020725584,0.0242171831835572,0.0237596711756629,4.034437408282557,0.1158712245523929,3.7007457e-08,3.94438e-05,2.8610673e-08,6.3087746e-06,1.8914116e-07,0.07036015,2.0973289e-07,0.9295936,Rndm,0.904,1963,Irregular,Irregular,1
225773894,80,LS,6.959086285355985,0.2183164917857343,0.0202276061989689,0.8983886523220743,0.1158712245523929,0.0017389443,0.00029730363,5.1503317e-08,2.6099644e-06,0.004039076,0.9938397,1.3109175e-08,8.2375074e-05,LPV,0.764,1964,Irregular,Irregular,1
225773894,80,LS,1.12053084255732,0.0185773533955915,0.0185527827066279,6.124413078018534,0.1158712245523929,1.4903851e-09,1.8718658e-06,4.5142605e-11,1.2252795e-07,1.07133545e-07,0.0048850244,1.9116413e-10,0.99511284,Rndm,0.948,1965,Irregular,Irregular,1
225773894,80,LS,2.3196954284519955,0.0213262300035577,0.0134836568507759,2.6868063640702005,0.1158712245523929,2.6363693e-07,1.3787733e-05,1.4950733e-13,2.599509e-11,1.3220024e-07,0.9546237,1.34669515e-11,0.045362186,Rndm,0.526,1966,Irregular,Irregular,1
225773894,80,LS,2.59260077297576,0.0174796929441844,0.0086252604093584,1.953068445260321,0.1158712245523929,6.619423e-06,0.0004578062,5.676479e-10,7.115432e-10,2.7916612e-05,0.94740635,2.19065e-09,0.052101184,Rndm,0.524,1967,Irregular,Irregular,1
225773894,80,ACF,0.4282403662796241,0.7107250524161385,0.0015142944052626,0.7770892448475877,0.1158712245523929,7.918222e-10,2.3773024e-08,1.4464099e-09,3.1518738e-07,1.9077914e-08,0.0001332257,4.317529e-10,0.99986637,Rndm,1.0,1968,Irregular,Irregular,1
225773894,80,ACF,0.2962960372096859,0.7874430037948152,0.001496856963346,0.7500267723662688,0.1158712245523929,1.153727e-09,2.037621e-08,7.522338e-10,8.730269e-08,3.1999214e-08,9.458032e-05,2.3953303e-10,0.9999052,Rndm,1.0,1969,Irregular,Irregular,1
225773894,80,ACF,0.1388887674420402,0.8775552271420163,0.0012700705270709,0.7252848883609957,0.1158712245523929,1.0163099e-09,1.9699986e-08,1.5416598e-09,9.609913e-08,2.3974865e-08,4.8501257e-05,4.3878176e-10,0.99995136,Rndm,0.998,1970,Irregular,Irregular,1
225773894,80,ACF,0.4467588686052295,0.7001683569454507,0.0012608720938903,1.2537400457787555,0.1158712245523929,4.1313708e-10,1.5829924e-08,5.61068e-10,1.7573934e-07,2.3021117e-08,0.000109487984,1.2907654e-10,0.9998903,Rndm,1.0,1971,Irregular,Irregular,1
225773894,80,ACF,0.0648147581396187,0.9152213799216208,0.00108422402103,0.754106519385715,0.1158712245523929,3.0439373e-09,1.9734472e-08,1.1329528e-08,4.1850032e-07,1.2792725e-07,6.318799e-05,1.4937693e-09,0.9999362,Rndm,1.0,1972,Irregular,Irregular,1
225773894,80,ACF,0.4652773709308349,0.69034626161715,0.000996255795351,0.9367382357403358,0.1158712245523929,4.5152668e-10,1.1859403e-08,6.265385e-10,6.45037e-08,2.3519473e-08,5.694498e-05,1.0668938e-10,0.9999429,Rndm,1.0,1973,Irregular,Irregular,1
225773894,80,ACF,0.3217589779073933,0.771798199512773,0.0009405911400168,0.6910240287215572,0.1158712245523929,1.4418061e-09,2.5403244e-08,1.7585703e-09,2.1431568e-07,4.2333596e-08,0.00011112578,3.1329808e-10,0.99988854,Rndm,1.0,1974,Irregular,Irregular,1
225773894,80,ACF,0.5185180651169503,0.6629229838216307,0.0008742692429202,0.8027097810727639,0.1158712245523929,3.4622047e-10,1.6952358e-08,2.5167735e-10,2.3867974e-08,1.1900342e-08,6.327618e-05,1.9284262e-10,0.9999367,Rndm,1.0,1975,Irregular,Irregular,1
225773894,80,ACF,0.2361109046514684,0.8219197074878295,0.0008723088998007,0.7767134049900619,0.1158712245523929,1.1159039e-09,2.2579718e-08,1.3707463e-09,1.8187376e-07,3.1929286e-08,8.120726e-05,4.729155e-10,0.9999186,Rndm,1.0,1976,Irregular,Irregular,1
225773894,80,ACF,0.0370370046512107,0.9266070137507584,0.0008436577216296,1.6183132405144909,0.1158712245523929,1.0950488e-19,1.1584528999999998e-18,3.0857882e-13,1.3835549000000001e-17,2.2564749000000004e-16,3.4144873e-07,2.3131413e-17,0.99999964,Rndm,0.97,1977,Irregular,Irregular,1
225773894,80,ACF,0.1504628313955436,0.8700851565611469,0.0008080957111353,0.6067111218773462,0.1158712245523929,7.2640005e-10,1.2850331e-08,1.9273925e-09,1.4187583e-07,2.7414432e-08,6.388357e-05,2.4496943e-10,0.999936,Rndm,0.998,1978,Irregular,Irregular,1
225773894,80,ACF,0.2569442197677745,0.8113884855158336,0.0007862484569766,0.6392655884506411,0.1158712245523929,3.2390862e-10,6.4165935e-09,6.592276e-10,3.1601175e-08,9.470476e-09,3.2890675e-05,1.0134101e-10,0.9999671,Rndm,1.0,1979,Irregular,Irregular,1
225773894,80,ACF,0.534721754651855,0.6550483467825212,0.0007146264861915,0.8002528645135953,0.1158712245523929,4.3167375e-10,1.2215123e-08,9.700052e-10,5.5873233e-08,1.4943893e-08,4.6097008e-05,2.078253e-10,0.99995387,Rndm,1.0,1980,Irregular,Irregular,1
225773894,80,ACF,0.4236107406982228,0.7112288532308709,0.0004848364127562,0.620122283615018,0.1158712245523929,6.061754e-10,1.1831254e-08,7.62417e-10,1.0671073e-07,1.43232475e-08,0.00010630034,3.6603923e-10,0.99989355,Rndm,1.0,1981,Irregular,Irregular,1
225773894,80,ACF,0.5254625034890523,0.6588361291228794,0.0004638140543631,0.6490083124410546,0.1158712245523929,9.637152e-10,2.3672714e-08,9.319188e-10,8.306533e-08,3.227891e-08,3.6041867e-05,3.2726655e-10,0.99996376,Rndm,1.0,1982,Irregular,Irregular,1
225773894,80,ACF,0.4143514895354201,0.7167115058021998,0.0004257706190082,0.8142989611724261,0.1158712245523929,1.3300185e-09,1.852984e-08,1.8250245e-09,4.484361e-08,3.308099e-08,3.3263073e-05,3.2527486e-10,0.99996674,Rndm,1.0,1983,Irregular,Irregular,1
225773894,80,ACF,0.1342591418606389,0.8791110152760241,0.0004163548422452,0.5736687308496542,0.1158712245523929,5.1796045e-10,7.961224e-09,1.3695908e-09,1.8925007e-07,1.6716756e-08,4.520614e-05,2.1164893e-10,0.9999546,Rndm,0.998,1984,Irregular,Irregular,1
225773894,80,ACF,0.5856476360472698,0.6296528273517163,0.0003977897390823,0.6836852321906406,0.1158712245523929,2.185969e-09,1.937512e-08,1.2270505e-09,3.867413e-08,6.429704e-08,7.499096e-05,2.732056e-10,0.9999249,Rndm,1.0,1985,Irregular,Irregular,1
225773894,80,ACF,0.1805553976746523,0.8542321839585733,0.0003286284382211,0.5947192483559576,0.1158712245523929,6.406499e-10,1.0828087e-08,2.5958078e-09,2.0978193e-07,2.2726024e-08,5.216393e-05,4.1125414e-10,0.99994755,Rndm,0.998,1986,Irregular,Irregular,1
225773894,80,ACF,0.0717591965117208,0.91288802766456,0.000322438417605,0.5725150899459734,0.1158712245523929,8.845533e-10,1.4901167e-08,5.0530174e-10,8.0314244e-08,3.4355917e-08,5.0072467e-05,1.08207075e-10,0.9999498,Rndm,1.0,1987,Irregular,Irregular,1
225773894,80,ACF,0.4606477453494335,0.6918667586328359,0.0003020823449819,0.5600143056674369,0.1158712245523929,1.3406574e-09,2.0480254e-08,1.9131567e-09,1.4966172e-07,2.1033296e-08,0.000101705344,5.25961e-10,0.9998982,Rndm,1.0,1988,Irregular,Irregular,1
225773894,80,ACF,0.1203702651164349,0.8876716038629143,0.0001477448778104,0.5237735296072898,0.1158712245523929,6.25898e-10,1.0093855e-08,1.9538662e-09,1.701526e-07,2.3655645e-08,4.9836e-05,2.6215716e-10,0.99995005,Rndm,1.0,1989,Irregular,Irregular,1
225773894,80,ACF,0.0162036895349046,0.9356808290674512,0.0001215295896644,0.6624503097657595,0.1158712245523929,4.597585e-09,7.549965e-09,1.4366861e-06,7.6333987e-07,1.8989708e-07,0.00031208742,6.5342864e-09,0.9996855,Rndm,1.0,1990,Irregular,Irregular,1
225773894,80,ACF,0.0601851325582174,0.9171946693341148,0.0001079637922869,0.5176554894417116,0.1158712245523929,5.557296e-10,4.2651243e-09,5.9863825e-09,7.360225e-07,4.5835e-08,2.1966669e-05,3.247737e-10,0.99997735,Rndm,0.996,1991,Irregular,Irregular,1
225773894,80,ACF,0.5532402569774604,0.6456644094088048,0.0001009300745968,0.5173859226600257,0.1158712245523929,3.2269234e-09,6.326201e-08,1.6585168e-09,4.2714217e-07,7.8224474e-08,0.00012683353,7.6502e-10,0.99987245,Rndm,1.0,1992,Irregular,Irregular,1
225773894,80,ACF,0.4398144302331275,0.7024853760259987,9.582169354960256e-05,0.5715084172514082,0.1158712245523929,5.695121e-10,1.1585281e-08,2.4221065e-09,5.6533946e-08,1.8940764e-08,4.910469e-05,4.2136244e-10,0.9999509,Rndm,1.0,1993,Irregular,Irregular,1
225773894,80,ACF,0.4953699372099436,0.6735341930003309,9.392112361228389e-05,0.5255120360599221,0.1158712245523929,5.658197e-10,1.0506565e-08,8.6256313e-10,7.125759e-08,3.1277498e-08,4.567605e-05,1.9012364e-10,0.9999542,Rndm,1.0,1994,Irregular,Irregular,1
225773894,80,ACF,0.3680552337214067,0.7425779674969525,9.24772389846451e-05,0.5769328492611692,0.1158712245523929,9.421603e-10,1.9753147e-08,1.0456649e-09,1.261592e-07,1.701243e-08,0.0001382621,2.046476e-10,0.9998616,Rndm,1.0,1995,Irregular,Irregular,1
225773894,80,ACF,0.5046291883727463,0.6681274544922448,7.666882193380076e-05,0.5229113723462433,0.1158712245523929,5.1485843e-10,9.951895e-09,7.285416e-10,1.04858486e-07,1.1258942e-08,8.4035135e-05,2.2842918e-10,0.99991584,Rndm,1.0,1996,Irregular,Irregular,1
225773894,80,ACF,0.3055552883724886,0.7806806059403054,7.447636567370353e-05,0.5305196413063413,0.1158712245523929,3.062171e-10,8.157045e-09,6.584212e-10,5.4631546e-08,1.0578453e-08,2.6683641e-05,9.06937e-11,0.9999733,Rndm,1.0,1997,Irregular,Irregular,1
225773894,80,ACF,0.3749996720935087,0.7398632242396261,5.656050700786341e-05,0.5262677653729781,0.1158712245523929,1.868962e-09,1.5844659e-08,2.060459e-09,2.6710822e-07,4.6235847e-08,0.000105999294,5.8075594e-10,0.9998938,Rndm,1.0,1998,Irregular,Irregular,1
298367219,65,LS,4.433354181994283,0.0249540721315261,0.0202777992780339,4.303534003978303,0.0177387869916856,0.055472206,1.0863735e-07,1.00710764e-07,2.8578697e-06,0.00473978,0.37054425,3.0779847e-06,0.5692376,Rndm,0.57,1326,Rndm,Rndm,1
298367219,65,LS,2.7949406799529184,0.015798909392067,0.015646168344715,4.113243639569092,0.0177387869916856,0.0016443472,8.014354e-08,1.5003884e-08,6.613007e-08,0.0004905055,0.24982546,1.7237943e-07,0.74803925,Rndm,0.836,1327,Rndm,Rndm,1
298367219,65,ACF,0.1898191942518678,0.1088965756955753,0.0393792038449165,2.0546690855325807,0.0177387869916856,1.46085185e-05,7.621305e-11,6.7657113e-12,2.2755365e-13,2.0127598e-05,0.00010579489,2.77959e-11,0.99985945,Rndm,0.974,1328,Rndm,Rndm,1
298367219,65,ACF,0.2800990549326343,0.0917766941087399,0.0365216774839724,1.5636562210825815,0.0177387869916856,4.3537795e-05,1.173306e-10,1.3835944e-11,6.615929e-13,4.29136e-05,0.00013640139,4.4298672e-11,0.99977726,Rndm,0.96,1329,Rndm,Rndm,1
298367219,65,ACF,0.1342623569098577,0.108717132769937,0.0360743225794547,1.6268085101334009,0.0177387869916856,1.8437848e-05,3.4675332e-11,6.960975e-12,9.545288e-14,4.476317e-05,5.417846e-05,1.9936199e-11,0.9998826,Rndm,0.976,1330,Rndm,Rndm,1
298367219,65,ACF,0.2013935353647866,0.0942159314499829,0.0344755269660677,4.229049013433439,0.0177387869916856,3.866501e-05,1.0257314e-10,1.2210629e-11,9.648203e-13,2.8475713e-05,0.00026346845,1.1864291e-10,0.99966943,Rndm,0.976,1331,Rndm,Rndm,1
298367219,65,ACF,0.0486122326742588,0.1270069283809921,0.0337636035706127,2.6366092049735315,0.0177387869916856,2.7577903e-07,3.3430196e-11,2.367042e-10,4.2354745e-13,2.1846472e-06,0.00029346943,7.979787e-11,0.99970394,Rndm,0.974,1332,Rndm,Rndm,1
298367219,65,ACF,0.4884371949651722,0.0605087795706189,0.0329843171611185,1.1584617779855932,0.0177387869916856,2.7904622e-05,1.1335741e-10,5.7885892e-12,2.647419e-13,3.601943e-05,7.4361604e-05,5.7524804e-11,0.9998617,Rndm,0.96,1333,Rndm,Rndm,1
298367219,65,ACF,0.3796383885037357,0.0766152291415968,0.032933457586564,2.779120825484739,0.0177387869916856,5.1502215e-05,2.0905074e-10,1.3362892e-11,9.878879e-13,3.0903233e-05,0.00019376935,7.0623195e-11,0.99972385,Rndm,0.96,1334,Rndm,Rndm,1
298367219,65,ACF,0.2685247138197155,0.091150640539802,0.0315766030476795,1.185966393831066,0.0177387869916856,0.00016096691,2.4915894e-10,3.0394066e-11,1.224443e-12,0.00011760316,0.00011026574,1.1286908e-10,0.9996112,Rndm,0.964,1335,Rndm,Rndm,1
298367219,65,ACF,0.4560290398489997,0.0594362649126293,0.0312997918558335,1.5758163364451434,0.0177387869916856,4.7751648e-05,1.2457085e-10,4.4232612e-12,1.6410464e-13,3.4307734e-05,5.318644e-05,2.912034e-11,0.9998648,Rndm,0.96,1336,Rndm,Rndm,1
298367219,65,ACF,0.0254635504484213,0.1248823281771943,0.0289939232886909,1.1309936353449874,0.0177387869916856,1.05642705e-07,1.4215848e-09,2.3232234e-07,3.4486514e-10,2.1960425e-06,0.0019993642,6.032232e-09,0.99799806,Rndm,0.974,1337,Rndm,Rndm,1
298367219,65,ACF,0.2222273493680404,0.0891212613525159,0.027244524629872,1.6680651680512426,0.0177387869916856,5.704739e-05,2.644567e-10,4.1983347e-11,1.3429996e-12,5.0979816e-05,0.00021504486,4.5895333e-11,0.99967694,Rndm,0.96,1338,Rndm,Rndm,1
298367219,65,ACF,0.1666705120260303,0.0957155522825756,0.0255514912595086,3.1830034726312846,0.0177387869916856,1.7912598e-05,1.0928453e-10,1.4441545e-11,2.1879949e-13,1.7484808e-05,0.00012025956,3.409915e-11,0.9998443,Rndm,0.978,1339,Rndm,Rndm,1
298367219,65,ACF,0.386582993171487,0.0710910764464504,0.0234058852002528,1.453670941051115,0.0177387869916856,0.000604188,3.6673153e-10,5.7985415e-11,4.516992e-12,0.00022148478,0.00013158166,3.118174e-10,0.9990427,Rndm,0.948,1340,Rndm,Rndm,1
298367219,65,ACF,0.0995393335711014,0.0997355520229451,0.021693807289879,2.322291911128609,0.0177387869916856,0.00030355205,2.3684423e-09,2.9265648e-10,2.4810527e-11,0.00013964398,0.0005433935,1.0332836e-09,0.9990134,Rndm,0.974,1341,Rndm,Rndm,1
298367219,65,ACF,0.0324081551161725,0.1238459417256977,0.0205109954752125,3.594379657477109,0.0177387869916856,3.157898e-11,9.061969e-15,1.1939065e-08,1.2767848e-11,1.0066092e-09,0.2847403,1.4697147e-09,0.71525973,Rndm,0.908,1342,Rndm,Rndm,1
298367219,65,ACF,0.3171369464939744,0.0780664754312552,0.0203149633456906,2.7160479248354648,0.0177387869916856,5.032325e-05,7.637722e-11,6.3399984e-12,2.7946907e-13,5.04262e-05,8.340902e-05,3.7268535e-11,0.9998159,Rndm,0.96,1343,Rndm,Rndm,1
298367219,65,ACF,0.0648163102323451,0.1168361930529856,0.0190334631974326,1.9432285408810688,0.0177387869916856,9.87693e-06,1.188375e-10,1.759389e-10,7.5193205e-13,2.4176044e-05,5.7774778e-05,1.6589706e-10,0.9999081,Rndm,0.968,1344,Rndm,Rndm,1
298367219,65,ACF,0.4074168071747408,0.060669067411096,0.018453574450143,2.0595481848050667,0.0177387869916856,0.00011421241,3.3074446e-11,2.4727893e-12,1.5636842e-13,0.000107076325,3.3091015e-05,3.631291e-11,0.99974555,Rndm,0.96,1345,Rndm,Rndm,1
298367219,65,ACF,0.1111136746840202,0.0989619844354004,0.0184410375014227,3.241734557966197,0.0177387869916856,2.7518597e-06,1.3786524e-11,1.062339e-11,8.4859156e-14,1.0740111e-05,7.011953e-05,1.0027529e-11,0.99991643,Rndm,0.972,1346,Rndm,Rndm,1
298367219,65,ACF,0.4351952258457459,0.0569465448695901,0.0183504015433619,2.1561686816488645,0.0177387869916856,3.5010486e-05,8.609241e-11,1.6366901e-11,3.2274457e-13,9.929249e-05,5.822677e-05,2.3744215e-11,0.9998074,Rndm,0.958,1347,Rndm,Rndm,1
298367219,65,ACF,0.1527813026905278,0.0965179258858083,0.0175425071130331,2.5919454875984727,0.0177387869916856,2.9494535e-05,2.2269193e-10,3.174835e-11,1.3400393e-12,8.002405e-05,0.00021529359,5.5341554e-11,0.99967515,Rndm,0.974,1348,Rndm,Rndm,1
298367219,65,ACF,0.2361165587035429,0.0798945025406202,0.0170479184344043,4.141269014395505,0.0177387869916856,5.7807265e-05,3.5821993e-10,1.9652686e-11,2.7679744e-12,7.881915e-05,0.0001590318,1.9129964e-10,0.9997044,Rndm,0.958,1349,Rndm,Rndm,1
298367219,65,ACF,0.2129678764777054,0.0855393048290379,0.017031079748666,1.3472400336135737,0.0177387869916856,0.0032363213,2.6664826e-09,1.5878834e-09,1.0358517e-10,0.0014824889,0.0007209529,2.5787317e-09,0.9945602,Rndm,0.964,1350,Rndm,Rndm,1
298367219,65,ACF,0.0763906513452639,0.1122844446289967,0.0164528326862263,1.6452984742447647,0.0177387869916856,1.9564966e-05,1.2151864e-10,3.0771976e-12,2.992145e-13,2.2127555e-05,0.00010118195,2.7519568e-11,0.99985707,Rndm,0.978,1351,Rndm,Rndm,1
298367219,65,ACF,0.1388920933550252,0.1002299345879798,0.0162836067689253,1.34169325581869,0.0177387869916856,3.9284398e-05,6.0926084e-11,1.396938e-11,1.8377625e-13,5.2965515e-05,4.6336827e-05,4.2649433e-11,0.99986136,Rndm,0.976,1352,Rndm,Rndm,1
298367219,65,ACF,0.3726937838359845,0.0665486560591282,0.0154398356058502,3.0086456446807404,0.0177387869916856,2.2944545e-05,4.4081194e-11,6.3174917e-12,1.6128018e-13,3.7981164e-05,9.745504e-05,1.23224235e-11,0.9998416,Rndm,0.96,1353,Rndm,Rndm,1
298367219,65,ACF,0.0902798606807664,0.1066393315703506,0.0150089214097497,2.4777403682772885,0.0177387869916856,1.29847795e-05,2.5305827e-10,4.3829235e-11,1.7283244e-12,1.5092172e-05,0.0003768692,1.4647286e-10,0.999595,Rndm,0.976,1354,Rndm,Rndm,1
298367219,65,ACF,0.2916733960455531,0.0769214394922418,0.0143750968167799,2.859133417557018,0.0177387869916856,0.0001611497,1.9323007e-10,6.5088646e-12,9.394309e-13,5.842904e-05,6.814227e-05,6.8609535e-11,0.9997123,Rndm,0.964,1355,Rndm,Rndm,1
298367219,65,ACF,0.3541748380553144,0.0686873007513425,0.0141991921293716,1.5531491029347535,0.0177387869916856,0.00016145308,1.308704e-10,2.7164047e-11,1.9624382e-12,0.0001335806,0.000292856,7.835137e-11,0.9994122,Rndm,0.962,1356,Rndm,Rndm,1
298367219,65,ACF,0.254635504484213,0.0831234985454047,0.0138572657392773,2.8185326021476413,0.0177387869916856,8.99462e-05,3.086743e-10,4.7289086e-11,2.5638775e-12,6.800576e-05,0.00030495948,2.0026256e-10,0.9995371,Rndm,0.962,1357,Rndm,Rndm,1
298367219,65,ACF,0.3055626053810556,0.0767703223957484,0.0137691113475992,0.9524188692520568,0.0177387869916856,0.00010440988,1.9209535e-10,1.7560403e-11,1.6087022e-12,0.00012590562,8.00169e-05,9.570987e-11,0.9996897,Rndm,0.964,1358,Rndm,Rndm,1
298367219,65,ACF,0.2615801091519643,0.0830127488779399,0.0134974085466672,1.92136341149714,0.0177387869916856,0.000121711666,9.609497e-11,4.545582e-11,1.3786345e-12,0.00014189206,0.00015481793,1.3988191e-10,0.99958163,Rndm,0.964,1359,Rndm,Rndm,1
298367219,65,ACF,0.1250028840195227,0.1019085475305242,0.013262892302921,1.3297960083047826,0.0177387869916856,3.4139717e-05,2.356602e-10,4.1224798e-11,3.211495e-12,6.733279e-05,0.00023559328,8.644226e-11,0.9996629,Rndm,0.976,1360,Rndm,Rndm,1
298367219,65,ACF,0.1828745895841166,0.0906025091739805,0.0128900353960858,0.8153379185373666,0.0177387869916856,0.0016581402,8.358215e-10,4.5989987e-10,3.3843154e-11,0.0016291019,0.00042230528,1.1083761e-09,0.99629045,Rndm,0.966,1361,Rndm,Rndm,1
298367219,65,ACF,0.01851894578067,0.1259688760260096,0.0126433647389572,0.946716711201244,0.0177387869916856,1.9148018e-10,1.0216648e-12,3.0710112e-07,1.2087265e-10,7.3088393e-09,0.05813841,1.1816828e-08,0.9418612,Rndm,0.95,1362,Rndm,Rndm,1
298367219,65,ACF,0.2291719540357917,0.0801628913747157,0.0114038874412276,0.8292817361231641,0.0177387869916856,0.0003254217,4.6765664e-10,6.7891665e-11,3.308395e-12,0.00017609142,0.00013823838,4.1816411e-10,0.99936026,Rndm,0.952,1363,Rndm,Rndm,1
298367219,65,ACF,0.0115743411129187,0.1264042296245124,0.0111919346542511,1.867122738506291,0.0177387869916856,0.013268779,4.124229e-05,0.0022416653,0.00019733567,0.014602063,0.01607741,0.0003579391,0.9532135,Rndm,0.934,1364,Rndm,Rndm,1
298367219,65,ACF,0.3263964193843094,0.0759418343660837,0.0108588023025443,2.3704490333421973,0.0177387869916856,4.4748107e-05,1.40586e-10,2.1757192e-11,1.2890087e-12,4.7670554e-05,0.00059582765,1.3669145e-10,0.9993117,Rndm,0.952,1365,Rndm,Rndm,1
298367219,65,ACF,0.3634343109456495,0.0646363214578511,0.0098345560228563,0.8353065909545592,0.0177387869916856,3.3240663e-05,1.1099087e-10,8.283088e-12,7.077807e-13,3.5820318e-05,0.0002546511,6.9568476e-11,0.9996762,Rndm,0.96,1366,Rndm,Rndm,1
298367219,65,ACF,0.1736151166937816,0.0878117991681881,0.009330950330982,2.065607170872184,0.0177387869916856,0.00011997481,2.268159e-10,3.4776442e-11,9.565241e-13,6.566458e-05,0.00014052824,1.2466828e-10,0.99967384,Rndm,0.982,1367,Rndm,Rndm,1
298367219,65,ACF,0.1620407755808628,0.0928801146173289,0.0091987989178295,0.6968689851551346,0.0177387869916856,3.5398323e-05,1.9222868e-10,1.915515e-11,9.455318e-13,2.763998e-05,0.000118162556,1.1100078e-10,0.99981886,Rndm,0.978,1368,Rndm,Rndm,1
298367219,65,ACF,0.2870436596003856,0.0819685707985327,0.0091283889939069,1.0209798175108205,0.0177387869916856,4.817833e-05,5.032474e-11,5.9462704e-12,3.1832875e-13,6.665796e-05,0.00013100325,7.920049e-11,0.99975413,Rndm,0.96,1369,Rndm,Rndm,1
298367219,65,ACF,0.3379707604972282,0.0693230163838215,0.0089644081355636,1.0531174403390935,0.0177387869916856,4.848833e-05,1.4197507e-10,1.7109193e-11,4.630019e-13,5.669871e-05,7.256601e-05,9.976854e-11,0.9998222,Rndm,0.96,1370,Rndm,Rndm,1
298367219,65,ACF,0.3426004969423957,0.0681997685190487,0.0086575108445382,3.808392139350019,0.0177387869916856,7.3367344e-05,1.7897625e-10,1.7944169e-11,8.421318e-13,5.2363917e-05,0.000109437504,1.3005545e-10,0.99976486,Rndm,0.962,1371,Rndm,Rndm,1
298367219,65,ACF,0.2175976129228729,0.0835931095125508,0.0081047224122388,0.6687143118049192,0.0177387869916856,1.2225438e-05,1.02212145e-11,6.005039e-13,2.483525e-14,2.9106235e-05,2.8206345e-05,7.800504e-12,0.9999304,Rndm,0.95,1372,Rndm,Rndm,1
298367219,65,ACF,0.2083381400325379,0.0903768466713422,0.0077333293608998,0.6768133699860783,0.0177387869916856,1.1311511e-05,2.042949e-11,2.0970552e-12,1.01573575e-13,1.2378488e-05,7.674168e-05,2.1229135e-11,0.9998995,Rndm,0.966,1373,Rndm,Rndm,1
298367219,65,ACF,0.3912127296166545,0.0665176282505921,0.0076980199766202,1.0145663913436067,0.0177387869916856,0.00017298164,2.2831877e-10,3.6313872e-11,1.3370974e-12,0.00012216177,0.0001426627,1.5278392e-10,0.9995622,Rndm,0.962,1374,Rndm,Rndm,1
298367219,65,ACF,0.0601865737871776,0.1072071208591257,0.0076232887570248,0.9053047536054564,0.0177387869916856,1.9081506e-06,6.8982823e-12,2.2825276e-11,1.2792968e-13,2.0216758e-05,5.0086313e-05,1.724425e-11,0.99992776,Rndm,0.974,1375,Rndm,Rndm,1
298367219,65,ACF,0.0810203877904314,0.0990447251679099,0.0068620581055173,1.836956587447773,0.0177387869916856,0.0002636472,1.0381376e-09,9.5832876e-11,3.9119936e-12,0.00017845626,0.00018200482,4.058394e-10,0.9993759,Rndm,0.97,1376,Rndm,Rndm,1
298367219,65,ACF,0.2754693184874668,0.0680993771720384,0.0067910709996115,0.7856649253386934,0.0177387869916856,0.00010270172,2.4749894e-10,2.1445772e-11,8.961963e-13,8.7388624e-05,0.00013526846,2.8055619e-11,0.9996747,Rndm,0.962,1377,Rndm,Rndm,1
298367219,65,ACF,0.1435218298001928,0.0967447865701898,0.0061879761615684,0.773013499166936,0.0177387869916856,3.117255e-05,7.664092e-11,3.3927743e-12,3.404383e-13,3.3172248e-05,5.4658216e-05,2.6443889e-11,0.9998809,Rndm,0.976,1378,Rndm,Rndm,1
298367219,65,ACF,0.2500057680390455,0.0828874688548718,0.0058791280275744,0.6399077383542675,0.0177387869916856,1.4547439e-05,1.5551133e-10,1.6877652e-11,8.385278e-13,1.9545312e-05,0.00026708763,4.5176512e-11,0.9996989,Rndm,0.956,1379,Rndm,Rndm,1
298367219,65,ACF,0.4004722025069895,0.0547225715951918,0.0044184545324724,0.6766381527488363,0.0177387869916856,7.609267e-05,2.5656452e-10,1.8676586e-11,3.3097112e-12,9.546763e-05,0.00043287445,2.533405e-10,0.9993956,Rndm,0.962,1380,Rndm,Rndm,1
298367219,65,ACF,0.3495451016101469,0.0680549071051322,0.0038416405792408,0.641582429488011,0.0177387869916856,0.00010920798,3.2633932e-10,2.0071571e-11,1.4948782e-12,3.4138237e-05,0.00014945594,1.8278727e-10,0.99970716,Rndm,0.964,1381,Rndm,Rndm,1
298367219,65,ACF,0.368064047390817,0.0629974245913928,0.0030093455441607,0.6835938688233227,0.0177387869916856,0.00010285772,1.4246944e-10,1.1708574e-11,5.584959e-13,8.6882355e-05,7.871671e-05,7.80497e-11,0.9997315,Rndm,0.962,1382,Rndm,Rndm,1
298367219,65,ACF,0.2963031324907206,0.0732586933687788,0.0024703116053052,0.6258469805580091,0.0177387869916856,0.0002686509,1.9828106e-10,5.075347e-12,8.243126e-13,0.00014007757,9.500304e-05,1.2901681e-10,0.99949634,Rndm,0.96,1383,Rndm,Rndm,1
298367219,65,ACF,0.395842466061822,0.0610926200152481,0.0020550955045441,0.5952447023274203,0.0177387869916856,0.0007763711,1.8283303e-09,4.505299e-10,3.211853e-11,0.0003289644,0.0009461606,4.940596e-10,0.9979486,Rndm,0.95,1384,Rndm,Rndm,1
298367219,65,ACF,0.0555568373420101,0.1071922186936335,0.0017256636595564,0.6134053612284198,0.0177387869916856,8.379826e-10,2.589125e-14,3.6001508e-12,9.973226e-16,6.751442e-08,0.00011739457,8.9109986e-13,0.99988246,Rndm,0.974,1385,Rndm,Rndm,1
298367219,65,ACF,0.1296326204646902,0.0906911177657913,0.001547350485744,0.8782397518545508,0.0177387869916856,1.8737077e-05,1.1244079e-10,2.125383e-11,9.640831e-13,2.7144557e-05,0.00034146747,6.447799e-11,0.9996126,Rndm,0.978,1386,Rndm,Rndm,1
386336084,80,LS,7.345638811785874,0.4522708080187619,0.3408282829908309,4.124668484269165,0.0420121755450964,0.0001596984,0.1879667,2.928971e-11,6.5047895e-15,3.0049264e-08,0.80550456,2.0803284e-08,0.0063689365,LPV,0.724,3173,Irregular,Irregular,1
386336084,80,LS,4.131921831629555,0.1006306161560715,0.0943855157841868,4.706096330923295,0.0420121755450964,3.5579553e-05,0.0028917736,1.228075e-11,2.4990046e-09,2.743089e-05,0.92570794,2.2858748e-07,0.07133706,Rndm,0.406,3174,Irregular,Irregular,1
386336084,80,LS,2.5925784041597204,0.043924067913631,0.043892554247154,8.656749579139976,0.0420121755450964,2.9224635e-05,6.55605e-05,1.6788636e-07,3.1435158e-07,0.00012024522,0.070906,9.759897e-06,0.92886865,Rndm,0.91,3175,Irregular,Irregular,1
386336084,80,LS,5.085442254313298,0.039193900018151,0.0194842408665857,1.987389701773596,0.0420121755450964,3.4903307e-05,0.0040287473,3.1273115e-10,1.1978175e-13,0.000102485516,0.4734661,3.9182243e-08,0.5223677,Rndm,0.502,3176,Irregular,Irregular,1
386336084,80,LS,1.6951474181044326,0.0191497002954736,0.0184182655781299,3.835266312199664,0.0420121755450964,3.6483684e-06,4.301004e-05,1.1402685e-08,5.910858e-11,7.71669e-06,0.012068356,1.9332623e-05,0.98785794,Rndm,0.908,3177,Irregular,Irregular,1
386336084,80,LS,1.888878551602082,0.019153709911087,0.0178660376952745,6.986128992883863,0.0420121755450964,3.3130918e-06,1.3332706e-06,2.3357911e-08,9.9096615e-09,6.1917344e-05,0.0052816514,6.0883445e-07,0.99465126,Rndm,0.996,3178,Irregular,Irregular,1
386336084,80,LS,2.874380404611864,0.0318823358771973,0.0040869200614025,1.7578129146695716,0.0420121755450964,4.5796383e-05,4.3204377e-06,1.18783895e-07,7.4881585e-09,0.00024110582,0.070531406,1.8633855e-05,0.92915857,Rndm,0.928,3179,Irregular,Irregular,1
386336084,80,ACF,0.2592566334205912,0.8478100993605331,0.0009283758420186,0.6395966966854587,0.0420121755450964,1.0512029e-09,2.2101176e-09,1.3355703e-10,6.148771e-10,4.4455298e-08,4.177519e-06,7.5012685e-10,0.9999958,Rndm,1.0,3180,Irregular,Irregular,1
386336084,80,ACF,0.2037016405447502,0.872590719604616,0.0008454298977218,0.762941089752772,0.0420121755450964,1.8283461e-09,3.7130672e-09,1.2243875e-10,1.101931e-09,9.7685e-08,3.8011258e-06,6.7709294e-10,0.99999607,Rndm,0.992,3181,Irregular,Irregular,1
386336084,80,ACF,0.0347218705474006,0.9415730131877368,0.0007626041830021,0.9512954489147328,0.0420121755450964,6.527355e-18,1.9369528e-18,4.0218417e-13,2.9040081999999997e-18,5.0851077e-15,3.1203253e-08,1.2198479000000001e-16,1.0,Rndm,0.97,3182,Irregular,Irregular,1
386336084,80,ACF,0.6064753388945974,0.667046741164693,0.0006543475425063,0.68351173036001,0.0420121755450964,7.3781387e-10,3.1747824e-09,8.8009454e-11,3.1365258e-10,5.6268146e-08,4.910445e-06,4.5385395e-10,0.9999951,Rndm,1.0,3183,Irregular,Irregular,1
386336084,80,ACF,0.0902768634232416,0.9207616351872864,0.0006334789658988,0.6576357652120208,0.0420121755450964,3.5267131e-09,7.321938e-09,8.832276e-10,3.815076e-09,1.4526967e-07,4.974742e-06,2.1549031e-09,0.9999949,Rndm,1.0,3184,Irregular,Irregular,1
386336084,80,ACF,0.1597206045180428,0.891178935731201,0.0005443823538768,0.646945596017261,0.0420121755450964,7.961562e-09,7.500596e-09,6.93448e-10,4.9967603e-09,3.9765672e-07,4.356828e-06,3.3296388e-09,0.99999523,Rndm,1.0,3185,Irregular,Irregular,1
386336084,80,ACF,0.1203691512309887,0.9079791683326932,0.0004876317647957,0.6272390390102629,0.0420121755450964,3.3729692e-09,4.653104e-09,6.4312033e-10,3.160951e-09,1.9134676e-07,4.8639345e-06,1.4090779e-09,0.9999949,Rndm,1.0,3186,Irregular,Irregular,1
386336084,80,ACF,0.0138887482189602,0.9508235302379626,0.0004280064430857,0.581412325341887,0.0420121755450964,8.236172e-06,3.05092e-06,9.9095545e-05,9.857591e-05,4.2962685e-05,0.0007073249,2.4277497e-06,0.99903834,Rndm,0.992,3187,Irregular,Irregular,1
386336084,80,ACF,0.4004589069800204,0.7800676869333537,0.0004239481128238,0.5703601912895238,0.0420121755450964,1.2508137e-09,4.635464e-09,2.1989661e-10,5.070862e-10,5.299546e-08,3.9810357e-06,9.010406e-10,0.99999607,Rndm,1.0,3188,Irregular,Irregular,1
386336084,80,ACF,0.0763881152042813,0.9254314985806964,0.0004147553495436,0.6672669230764541,0.0420121755450964,3.1880873e-09,4.508083e-09,3.402664e-10,1.3414103e-09,1.5325713e-07,5.652331e-06,2.2172288e-09,0.9999943,Rndm,1.0,3189,Irregular,Irregular,1
386336084,80,ACF,0.2476826765714577,0.8516744399127627,0.0003598547105264,0.5776285828641647,0.0420121755450964,2.4393065e-09,6.598462e-09,3.6808917e-10,1.4598389e-09,1.0032177e-07,3.291855e-06,8.212604e-10,0.99999654,Rndm,1.0,3190,Irregular,Irregular,1
386336084,80,ACF,0.2407383024619775,0.8552941025023196,0.0003566418952086,0.7314984517459635,0.0420121755450964,5.525938e-09,5.9411884e-09,3.500967e-10,1.8481631e-09,2.3622819e-07,3.6010383e-06,1.7999283e-09,0.9999962,Rndm,1.0,3191,Irregular,Irregular,1
386336084,80,ACF,0.0532402015060142,0.9347332296191754,0.0003162363535972,0.5933772208267065,0.0420121755450964,7.0382633e-10,4.7835474e-10,1.0221748e-08,7.4452e-09,9.506681e-08,1.8218672e-06,1.1259131e-09,0.9999981,Rndm,0.986,3192,Irregular,Irregular,1
386336084,80,ACF,0.2870341298585117,0.8339141400290303,0.0002511268648852,0.5617220522067186,0.0420121755450964,2.630575e-09,4.2528656e-09,3.419809e-10,9.06144e-10,1.2351006e-07,5.5324535e-06,9.771214e-10,0.9999944,Rndm,1.0,3193,Irregular,Irregular,1
386336084,80,ACF,0.4398103602670744,0.7597819146890651,0.000250922174053,0.5495057174657063,0.0420121755450964,4.3741446e-09,4.365668e-09,2.4981606e-10,1.63525e-09,2.3440839e-07,3.5612711e-06,1.122538e-09,0.9999962,Rndm,1.0,3194,Irregular,Irregular,1
386336084,80,ACF,0.4050884897196738,0.7772684386886131,0.0002134504493217,0.5555197516535202,0.0420121755450964,2.5149355e-08,1.2040882e-08,1.9309057e-09,4.2027526e-08,9.443591e-07,1.3774345e-05,1.11239595e-08,0.9999852,Rndm,1.0,3195,Irregular,Irregular,1
386336084,80,ACF,0.0439810360267074,0.9383466103419188,0.0001961621808856,0.5561602348542465,0.0420121755450964,1.5488265e-12,5.357249e-13,5.031333e-10,1.4800765e-11,3.2220135e-10,1.252548e-07,1.8306604e-12,0.9999999,Rndm,0.97,3196,Irregular,Irregular,1
386336084,80,ACF,0.1273135253404689,0.9049130904190632,0.0001610602944717,1.0597827771459123,0.0420121755450964,3.717221e-09,3.2254406e-09,4.6459347e-10,2.3777875e-09,1.7165758e-07,3.3948209e-06,8.791951e-10,0.9999964,Rndm,0.998,3197,Irregular,Irregular,1
386336084,80,ACF,0.023147913698267,0.94680482865151,0.0001586635384763,0.608787158191995,0.0420121755450964,2.8615018e-08,7.310136e-09,1.1330876e-06,9.019929e-07,6.289364e-07,1.158399e-05,7.281303e-09,0.9999857,Rndm,0.998,3198,Irregular,Irregular,1
386336084,80,ACF,0.229164345612844,0.8606014253235742,9.778779211833122e-05,0.533972654556294,0.0420121755450964,5.701809e-09,6.5299526e-09,3.2369527e-10,4.3199386e-09,2.862405e-07,6.915496e-06,2.285933e-09,0.99999285,Rndm,1.0,3199,Irregular,Irregular,1
386336084,80,ACF,0.3680518278024465,0.7961389166988337,7.571460825273046e-05,0.5172295384672339,0.0420121755450964,1.742053e-09,4.9192685e-09,3.1895636e-10,1.964749e-09,7.961862e-08,5.7180855e-06,1.0669123e-09,0.99999416,Rndm,1.0,3200,Irregular,Irregular,1
386336084,80,ACF,0.490735770403262,0.7328803232412857,6.803405108435356e-05,0.5144319386997722,0.0420121755450964,3.254906e-09,3.6294e-09,2.3788785e-10,1.6589178e-09,1.7663622e-07,5.771721e-06,1.2142183e-09,0.99999404,Rndm,1.0,3201,Irregular,Irregular,1
386336084,80,ACF,0.1828685182163099,0.8811404447549367,4.609871563299173e-05,0.5161687129202477,0.0420121755450964,1.2821325e-09,1.1802888e-09,1.9226712e-10,7.1611755e-10,9.1130616e-08,2.0322086e-06,2.958355e-10,0.99999785,Rndm,0.982,3202,Irregular,Irregular,1
386336084,80,ACF,0.435180777527421,0.7617025417077689,1.7949874134948196e-05,0.5041329651157014,0.0420121755450964,1.2130263e-09,3.7011252e-09,2.1771855e-10,1.1108109e-09,5.224794e-08,3.8180274e-06,1.24072e-09,0.9999962,Rndm,1.0,3203,Irregular,Irregular,1
