TIC,sector,source,per,power,prominence,width,amplitude,brf_class,brf_prob,instability,sigma_brf,entropy,sigma_top,brf_class_raw,cube_idx,sector_class,final_class_tic,decision_step
2323229,39.0,LS,0.166160146515182,0.2123755812313847,0.0968455280251735,3.5260028061948105,0.1037568040192127,DST,0.966,0.06,0.1792319123370612,0.63174534,0.32183027,DST,69271.0,DST,DST,2
2323229,66.0,LS,0.1647293615671111,0.437234767692417,0.4372346611398663,4.492210543688998,0.0999594200402498,DST,0.966,0.0,0.0821247831047364,0.5761,0.3145741,DST,69296.0,DST,DST,2
3572937,43.0,LS,0.1009173257989119,0.3036056117073747,0.3036046528602504,4.283917734416718,0.0045412426698021,DST,0.964,0.0,0.0178348423037603,0.029334795,0.0133448765,DST,38472.0,DST,DST,2
3572937,44.0,LS,0.1009073911357217,0.3333008600844033,0.3332982368250038,4.211969166142808,0.0039008591556921,DST,0.96,0.0,0.0280827349095489,0.12017293,0.13792308,DST,38757.0,DST,DST,2
3572937,45.0,LS,0.1008613575207843,0.3206177176238017,0.320613251807764,4.257685447360018,0.0044068024726584,DST,0.988,0.0,0.0544294185160929,0.11551378,0.13886015,DST,38610.0,DST,DST,2
3572937,59.0,LS,0.1009121045243904,0.1801596437271062,0.1801593954868866,4.380367223675421,0.0060234923148527,DST,0.96,0.1,0.2408272044433518,0.8495064,0.40181652,DST,38792.0,DST,DST,2
3572937,73.0,LS,0.1008527829022704,0.205804015523867,0.2058039701455095,4.286888336762786,0.0056808022782206,DST,0.96,0.0,0.0587080096750009,0.6502056,0.34230953,DST,38813.0,DST,DST,2
10983075,54.0,LS,0.1980043892067828,0.0796115273585681,0.0796101246656846,4.511229249768803,0.0032575172372162,DST,0.897,0.08,0.1968661718020645,0.48541453,0.32558566,DST,123057.0,DST,DST,2
10983075,81.0,LS,0.1998553440468017,0.0831839080236117,0.0831830126550222,4.136729157162336,0.0053887476678937,DST,0.93,0.12,0.2531450177269937,0.8540031,0.3952128,DST,123107.0,DST,DST,2
10987644,41.0,LS,0.1090094921711977,0.5686750826692045,0.5686748809314913,4.332213981035238,0.0370411621406674,DST,0.956,0.0,0.0164341108673392,0.114873014,0.121737584,DST,120509.0,DST,DST,2
10987644,54.0,LS,0.108960012377361,0.3882870846181742,0.3882870839605715,4.455920798014631,0.0473556155338883,DST,0.949,0.0,0.0324478905323597,0.12448401,0.11254119,DST,120583.0,DST,DST,2
10987644,55.0,LS,0.1089590393991202,0.2515354585657138,0.2515347191351893,4.36608812069062,0.06188933737576,DST,0.946,0.0,0.0289364821635249,0.17917576,0.15385634,DST,120542.0,DST,DST,2
10987644,75.0,LS,0.1090335112407813,0.4190352015795942,0.4190344799264961,4.483239021345071,0.0634722830727696,DST,0.96,0.0,0.0249327094396096,0.16008106,0.1295819,DST,120834.0,DST,DST,2
10987644,82.0,LS,0.108976536859894,0.6386577875015428,0.6386572270667515,4.473205531372514,0.0532926572486758,DST,0.96,0.0,0.0327970974325472,0.11606492,0.12452148,DST,120613.0,DST,DST,2
11696250,14.0,LS,0.1467248959311487,0.3186100995572387,0.3186087556996894,4.396240616249997,0.0318541261367499,DST,0.982,0.0,0.0226463595308385,0.9859978,0.27567166,DST,110275.0,DST,DST,2
11696250,15.0,LS,0.1467903966800421,0.2714891674942822,0.2714890872390955,3.962527777712694,0.0355130061507225,DST,0.997,0.0,0.0107268634744738,0.68144864,0.20416899,DST,110256.0,DST,DST,2
11696250,41.0,LS,0.1316974236823697,0.2032388001902557,0.2031976625534404,4.314652183409635,0.030672145076096,DST,0.962,0.0,0.0306891772454068,0.30845305,0.18468636,DST,110296.0,DST,DST,2
11696250,55.0,LS,0.131681009241409,0.2149669308784552,0.2149392826012245,4.418398624076872,0.0326887494884431,DST,0.957,0.02,0.0865619685543252,0.3131179,0.25967267,DST,110322.0,DST,DST,2
11696250,75.0,LS,0.1316277586059009,0.2482342165659753,0.248234201153014,4.497653760477988,0.0331550929695367,DST,0.951,0.0,0.0580003448265611,0.2752507,0.21064824,DST,110349.0,DST,DST,2
11696250,81.0,LS,0.1316555343706702,0.2563478944724786,0.2563478694807632,4.328739784443314,0.0318631739355623,DST,0.959,0.0,0.02327862538897,0.22665484,0.14951897,DST,110538.0,DST,DST,2
11696250,82.0,LS,0.131615408309924,0.2578354500409503,0.2578348356394582,4.4006775092784665,0.0329077569767832,DST,0.958,0.02,0.1008904356220152,0.15796088,0.14185946,DST,110436.0,DST,DST,2
11698190,14.0,LS,0.1704323618863827,0.577869800893072,0.5778691395862949,4.383219993302646,0.0781821180135011,DST,0.998,0.0,0.0105043990784813,0.5524583,0.1664346,DST,112702.0,DST,DST,2
11698190,15.0,LS,0.1703117387432078,0.5536234048663752,0.5536233284824773,3.992262434832355,0.0978266075253486,DST,0.996,0.0,0.0169464568568182,0.04190159,0.020194288,DST,112757.0,DST,DST,2
11698190,41.0,LS,0.1703624505906028,0.5551268694326013,0.5551268627555491,4.500444811919806,0.0874598789960146,DST,0.968,0.0,0.0270106349425554,0.18201065,0.12556231,DST,112630.0,DST,DST,2
11698190,55.0,LS,0.1703427109103711,0.6385773356043314,0.6385771157461961,4.502339375563679,0.0815977621823549,DST,0.964,0.0,0.034745727794939,0.30709112,0.19228163,DST,112772.0,DST,DST,2
11698190,75.0,LS,0.180053068879665,0.1715402259232404,0.1709041134980815,4.2943194588551705,0.0792380794882774,DST,0.962,0.02,0.1372848950176238,0.5296078,0.33001038,DST,112799.0,DST,DST,2
11698190,81.0,LS,0.1704273357039049,0.6135367561439625,0.613536455550115,4.493804746671231,0.0872306991368532,DST,0.966,0.0,0.0203544982743372,0.1467083,0.10120812,DST,112812.0,DST,DST,2
12148301,41.0,LS,0.174615991457988,0.2516042273970471,0.2516040639446024,4.550011933435599,0.0111324596218764,DST,0.958,0.02,0.1093478925265594,0.19253503,0.16400935,DST,112032.0,DST,DST,2
12148301,55.0,LS,0.1747274084078426,0.2774292925345356,0.2774278492349802,4.34432254818239,0.0114716414827853,DST,0.956,0.0,0.0414323738156528,0.116243936,0.11266634,DST,112059.0,DST,DST,2
12245937,81.0,LS,0.1265245648814705,0.5080666521949572,0.5080666203138751,4.365587541647983,0.050183180719614,DST,0.964,0.0,0.0784456601731415,0.5098206,0.31595585,DST,102796.0,DST,DST,2
12245937,82.0,LS,0.1265881626770696,0.4748986564087634,0.4748985832666581,4.515671823541197,0.0525090005248785,DST,0.962,0.02,0.0986592114300534,0.51627886,0.29562843,DST,102814.0,DST,DST,2
12488548,75.0,LS,0.1591634868381772,0.4679336748941164,0.4679335414237991,4.698239595978521,0.0284549919888377,DST,0.956,0.0,0.0437860434385204,0.07382199,0.031387746,DST,113335.0,DST,DST,2
12488548,81.0,LS,0.1592151326127033,0.3598806198586379,0.3598805259615828,4.427898864145391,0.0227235932834446,DST,0.932,0.12,0.2288072166694049,0.81591344,0.42010927,DST,113353.0,DST,DST,2
12488548,82.0,LS,0.1591563190989156,0.3471796402563989,0.3471796275577879,4.312994766172778,0.0266151595860719,DST,0.862,0.1,0.2021619153055293,0.5437007,0.34026513,DST,113369.0,DST,DST,2
12672166,41.0,LS,0.1450686670889562,0.3267779803899221,0.3267777800929571,4.286077594524613,0.012526165228337,DST,0.958,0.0,0.0229165093327932,0.041602597,0.026673026,DST,127488.0,DST,DST,2
12672166,75.0,LS,0.1451490196273334,0.1349740241603971,0.1349739142400366,4.708269760954863,0.0172149413265287,DST,0.956,0.02,0.1218739086104979,0.34762454,0.21236537,DST,127693.0,DST,DST,2
12672166,82.0,LS,0.1450578750425983,0.1257601975852113,0.1257588453511752,4.435880538498168,0.0193419901188462,DST,0.956,0.02,0.1138232243437164,0.39454043,0.25110498,DST,127713.0,DST,DST,2
12927862,82.0,LS,0.1920284057056261,0.1423774018230211,0.1423766678655998,6.166574132337701,0.0565826008096337,DST,0.958,0.04,0.1443857333672548,0.3606473,0.24905466,DST,134456.0,DST,DST,2
13332837,14.0,LS,0.1454506936934315,0.7040312161364595,0.7040289644479586,4.46720285216179,0.0436012214049696,DST,0.998,0.0,0.0041355048059457,0.09239483,0.023501566,DST,127125.0,DST,DST,2
13332837,15.0,LS,0.145488400649715,0.6590735402014006,0.6590726546780825,3.9656560357364015,0.0468958215788006,DST,0.998,0.0,0.0062050302174929,0.09634869,0.028429717,DST,127104.0,DST,DST,2
13332837,41.0,ACF,0.1458340638350819,0.5999137698304172,1.295906481230586,11.894647653784338,0.0375554081983864,DST,0.959,0.02,0.1738523511488987,0.9576783,0.33594292,DST,127151.0,DST,DST,2
13332837,41.0,LS,0.1455454235042627,0.6513308003309799,0.6513296300775748,4.367874059778842,0.0375554081983864,DST,0.959,0.0,0.0243417337098243,0.031073887,0.011879507,DST,127146.0,DST,DST,2
13332837,55.0,LS,0.1455127738096284,0.6350577393145294,0.6350576195283348,4.425326903106907,0.0372790545225143,DST,0.962,0.0,0.0361034292000081,0.2178625,0.14806704,DST,127176.0,DST,DST,2
13332837,81.0,LS,0.1454688466094205,0.6517197480126025,0.6517196101761474,4.438340612301545,0.0399570632725954,DST,0.966,0.0,0.0239849619553586,0.3964981,0.20071252,DST,127203.0,DST,DST,2
13332837,82.0,ACF,0.1458322242679059,0.543627838346552,1.2041538236240907,36.84991918370898,0.0409354362636804,DST,0.962,0.02,0.1213768281015779,0.53830075,0.30631775,DST,127233.0,DST,DST,2
13356421,58.0,LS,0.1620788563465146,0.1055496457990345,0.1055493950018388,4.478309215075569,0.0100087421014904,DST,0.946,0.1,0.2584781955987777,0.76632714,0.4143428,DST,9819.0,DST,DST,2
13426714,75.0,LS,0.1059463523834491,0.2337063330282622,0.2336910707810247,4.381469214407844,0.0147583032958209,DST,0.961,0.02,0.1120427347042189,0.35490194,0.23308563,DST,68624.0,DST,DST,2
13426714,81.0,LS,0.1059745849360602,0.2242503529497325,0.2241857792916056,4.314566232857032,0.014231102541089,DST,0.963,0.04,0.1722668116614456,0.46389574,0.26959744,DST,68652.0,DST,DST,2
13426714,82.0,LS,0.1059400527600008,0.2037924687982157,0.2037854616746446,4.491096495152306,0.0151666835881769,DST,0.964,0.02,0.099205612744441,0.5663942,0.3050112,DST,68679.0,DST,DST,2
13557651,41.0,LS,0.1817823571390537,0.0854006718208026,0.0853193640700963,4.292798197699085,0.0100918405223637,DST,0.952,0.02,0.1180283423589435,0.48483133,0.29151085,DST,134733.0,DST,DST,2
13557651,55.0,LS,0.1747275478724989,0.1638617343644329,0.1638576329129853,4.284283244784092,0.0120924727525562,DST,0.96,0.0,0.0427144003820725,0.33494243,0.19952549,DST,134754.0,DST,DST,2
13557651,75.0,LS,0.1748386371655434,0.1595990121414135,0.1595952439635689,4.41990147188335,0.0127275323029607,DST,0.942,0.0,0.0465136539093629,0.27556062,0.22201416,DST,134778.0,DST,DST,2
13557651,81.0,LS,0.1749066499873534,0.1313548653547284,0.1313542457281949,4.373520771448966,0.014037424698472,DST,0.957,0.02,0.1258378702934851,0.8581406,0.3857082,DST,134800.0,DST,DST,2
13557651,82.0,LS,0.1817812874880061,0.0697854619774007,0.0697093986091214,4.441654470832873,0.0147609855048358,DST,0.936,0.12,0.2710463163372636,1.1702441,0.41953486,DST,134825.0,DST,DST,2
14034665,58.0,LS,0.1825791752866109,0.2037018515622783,0.2037014770320648,4.639660416127299,0.0264677638188004,DST,0.9,0.0,0.0638224537290756,0.19530004,0.16456804,DST,5527.0,DST,DST,2
14312409,41.0,LS,0.1286381334346739,0.2827493524682278,0.2827222225513521,4.390430687137268,0.0354471174068748,DST,0.962,0.0,0.0274965015956575,0.29730165,0.19766912,DST,115260.0,DST,DST,2
14312409,75.0,LS,0.1142506647023902,0.0942059748366303,0.09419275379422,4.592256284016912,0.0349950394593179,DST,0.954,0.0,0.0444979819767143,0.46177322,0.27137926,DST,115286.0,DST,DST,2
14312409,81.0,LS,0.1286030460318862,0.2686317848202119,0.2686232882725227,4.358021703228587,0.03458903869614,DST,0.957,0.0,0.0459967998886878,0.51191545,0.29405636,DST,115315.0,DST,DST,2
14312409,82.0,LS,0.1440879947410566,0.357170377937873,0.3571703027254422,4.417927438062179,0.0357109075412154,DST,0.944,0.0,0.0298494623067149,0.03330582,0.019978207,DST,115348.0,DST,DST,2
15166556,12.0,LS,0.1520985050450258,0.5842346676225167,0.5842346460162137,4.060881896470164,0.0522231077775359,DST,0.996,0.0,0.0131645584810125,0.7088787,0.24089943,DST,88226.0,DST,DST,2
15166556,39.0,LS,0.1521541896178807,0.6807317469333265,0.6807317289923409,4.519789093879808,0.0665099034085869,DST,0.94,0.0,0.0373228937784839,0.006742076,0.0022154446,DST,88247.0,DST,DST,2
15166556,65.0,LS,0.1521883236389016,0.6401283550192824,0.6401282956776496,4.562618148331239,0.0547686917707324,DST,0.952,0.0,0.0298546880740696,0.03345916,0.017344879,DST,88267.0,DST,DST,2
15644631,39.0,ACF,0.173613744539125,0.8508796667486034,0.8045852584464187,12.32711270061533,0.0191208627074956,DST,0.966,0.0,0.0102140295672178,0.21086758,0.117523424,DST,84942.0,DST,DST,2
17368830,75.0,LS,0.1989534763604413,0.1327254379139622,0.132723706745715,6.2218045556219295,0.0092387601034715,DST,0.95,0.04,0.174264300417498,0.63129354,0.3225515,DST,86587.0,DST,DST,2
17368830,82.0,LS,0.1976254139484579,0.0975086860136237,0.0975073050325309,9.099807564060027,0.0090337917208671,DST,0.939,0.04,0.1409154129256271,0.718776,0.3573122,DST,86604.0,DST,DST,2
28555389,62.0,LS,0.1587068791501658,0.185194401951538,0.1851842213589531,4.193137343307171,0.0532553205266594,DST,0.953,0.08,0.2171565665597059,0.9454976,0.3994923,DST,135577.0,DST,DST,2
31035500,12.0,LS,0.1866319340505292,0.3982916156327166,0.3982907251506781,4.404461028898368,0.1598582603037357,DST,1.0,0.0,0.0035181813483673,0.27123994,0.09083114,DST,45886.0,DST,DST,2
31035500,39.0,LS,0.1785004059399808,0.3420371011616834,0.3417171357898118,5.848399500988307,0.138962771743536,DST,0.964,0.0,0.0389331529676187,0.18063764,0.15985273,DST,45896.0,DST,DST,2
31035500,66.0,LS,0.178174498538621,0.2462737487305081,0.2460031375527171,3.934353597003792,0.1417727954685688,DST,0.965,0.06,0.1645724837267761,0.8036242,0.38968325,DST,45907.0,DST,DST,2
33678125,39.0,LS,0.1284193746387817,0.3336339359536178,0.3336339271305226,4.500729435101675,0.1909087970852852,DST,0.968,0.0,0.0149984532535858,0.26077634,0.1893117,DST,52634.0,DST,DST,2
33678125,66.0,LS,0.0930260895527442,0.2399674050138717,0.2399633957302392,4.866033559879725,0.1713060215115547,DST,0.966,0.0,0.0171639156371732,0.23784098,0.1448218,DST,52659.0,DST,DST,2
41327931,14.0,LS,0.1228985562480309,0.2309758753177129,0.2308362676885332,5.059388743057752,0.0122464401647448,DST,0.994,0.0,0.0091948681339103,0.36582887,0.14844418,DST,113153.0,DST,DST,2
41327931,15.0,LS,0.1229013080050525,0.2348939014198757,0.2348782641098643,3.646796119873443,0.0117893342394381,DST,0.99,0.0,0.0170136886065309,0.57109946,0.22674856,DST,113130.0,DST,DST,2
41327931,41.0,LS,0.1114784516861718,0.3832844187164512,0.3832842611624146,4.377387707078015,0.0141792371869087,DST,0.96,0.0,0.0118565424977098,0.08370231,0.054799005,DST,113170.0,DST,DST,2
41327931,54.0,LS,0.1114613727136673,0.4177676925195911,0.4177675488297075,4.325421944282425,0.0121151283383369,DST,0.963,0.0,0.0388581214162496,0.73615044,0.29750088,DST,113232.0,DST,DST,2
41327931,55.0,LS,0.1114636841863219,0.3960738897351986,0.396073856531607,4.419159518023662,0.0134504318702965,DST,0.96,0.02,0.0939361144608398,0.107115395,0.13938068,DST,113201.0,DST,DST,2
41327931,75.0,LS,0.1114917773591715,0.3106840074119123,0.3106837915289388,4.564411519273563,0.0149593851529061,DST,0.96,0.0,0.0287392693017759,0.36237118,0.20939456,DST,113262.0,DST,DST,2
41327931,81.0,LS,0.1229024343709591,0.2090601261725749,0.2090532626070869,4.518886831814598,0.0153842777945101,DST,0.958,0.04,0.1595449779842662,0.45246345,0.28221327,DST,113287.0,DST,DST,2
41327931,82.0,LS,0.1228574283673513,0.2407975375010336,0.2407801187838701,4.295124705211492,0.0156638328917324,DST,0.958,0.0,0.0974207862830104,0.7313071,0.37180057,DST,113312.0,DST,DST,2
42365645,14.0,LS,0.1277021004228183,0.7669751478933435,0.7669750852302482,4.240276281998831,0.0888765044510364,DST,1.0,0.0,0.0029922566734824,0.45000392,0.14368299,DST,117674.0,DST,DST,2
42365645,15.0,LS,0.1276861390193151,0.7594110846782749,0.7594109888401654,4.290134676167099,0.0948324147611856,DST,0.991,0.0,0.0339015987823583,0.5838983,0.2484781,DST,117832.0,DST,DST,2
42365645,41.0,LS,0.1277715180370058,0.8446537008988015,0.8446536379451391,4.664201291221616,0.093978950753808,DST,0.967,0.0,0.111073481983775,0.6626591,0.3545146,DST,117852.0,DST,DST,2
42365645,54.0,LS,0.1277569851940223,0.7231958099961135,0.7231957822751043,5.056225238668048,0.0947805773466825,DST,0.962,0.0,0.0245347427131404,0.11098767,0.07435342,DST,117900.0,DST,DST,2
42365645,55.0,LS,0.127716657236046,0.6953304192610321,0.6953304175305733,5.630235335798716,0.1051298901438713,DST,0.962,0.0,0.0288262102954932,0.04768958,0.032366935,DST,117876.0,DST,DST,2
42365645,75.0,LS,0.1276246426410195,0.7431768045218193,0.7431767491402174,4.273401224614645,0.0789910275489091,DST,0.967,0.0,0.0219736569555456,0.038035166,0.0145743545,DST,117922.0,DST,DST,2
42365645,81.0,LS,0.1276159343386237,0.7936375452592749,0.7936375136789328,4.13169700121216,0.0936427526175975,DST,0.968,0.0,0.0696492814033282,0.2558956,0.21974938,DST,117942.0,DST,DST,2
42365645,82.0,LS,0.127587404911978,0.8003608586572891,0.8003608376317385,4.030454333234957,0.0865096505731344,DST,0.961,0.0,0.1577834921656888,0.6183881,0.32717842,DST,117963.0,DST,DST,2
42534267,66.0,LS,0.1236819546060108,0.2257623606596715,0.2257622597121625,4.226030642519618,0.0095127162057906,DST,0.94,0.0,0.0376281809286603,0.31854406,0.21184565,DST,40250.0,DST,DST,2
42534550,66.0,LS,0.1472195267155338,0.0979369032406642,0.0955059985570494,3.9417713474285847,0.0635953340679407,DST,0.922,0.08,0.1920199989584418,0.57098746,0.32453156,DST,38543.0,DST,DST,2
43296080,66.0,LS,0.0659680875696432,0.578259609993377,0.5782595250573621,4.214774904925434,0.0086412043310701,DST,0.958,0.0,0.0218650405899462,0.020690095,0.0100585325,DST,27811.0,DST,DST,2
43881045,14.0,LS,0.1404189330435617,0.8207339984341762,0.8207326421380243,4.363533855195783,0.0433509051799774,DST,0.994,0.0,0.0217080630181506,0.7567053,0.24543644,DST,106227.0,DST,DST,2
43881045,15.0,LS,0.1403300614767906,0.8052503236196978,0.8052502762216511,4.0454316121090415,0.0416578631848096,DST,0.967,0.0,0.1081505913067515,1.1898198,0.3887593,DST,106206.0,DST,DST,2
43881045,41.0,LS,0.1403194753785498,0.916495741190325,0.916495456912811,4.390519276197665,0.0355019839480519,DST,0.63,0.0,0.2044419722072745,0.9611099,0.40872702,DST,106245.0,Unconstrained,DST,2
43881045,54.0,LS,0.1403413372315778,0.7911144943914259,0.7911144830413832,4.378035946378077,0.0437097623944282,DST,0.956,0.08,0.2470421793945317,1.3014681,0.37924528,DST,106446.0,DST,DST,2
43881045,55.0,LS,0.1403960531468167,0.9340876698026366,0.934087597743636,4.365579925985003,0.0372884352691471,DST,0.968,0.0,0.1459114306694304,0.92205554,0.40516493,DST,106421.0,DST,DST,2
43881045,75.0,LS,0.1404269576929435,0.9247145580632704,0.9247143095259556,4.51795111096726,0.0380569091066718,DST,0.957,0.0,0.1077288744951881,1.0773644,0.37814525,DST,106365.0,DST,DST,2
43881045,81.0,LS,0.1403924041183607,0.931178557833622,0.9311774278358536,4.376882842454506,0.037336959503591,DST,0.962,0.0,0.0738010840028789,1.012263,0.39130712,DST,106268.0,DST,DST,2
43881045,82.0,LS,0.1403199099300159,0.9096524783782106,0.9096520973908518,4.457451550166297,0.0379075575619936,DST,0.962,0.0,0.1207670484859177,1.0232224,0.36648738,DST,106553.0,DST,DST,2
44837913,39.0,LS,0.140533354233609,0.9185284127486704,0.9185283407938204,4.575841173689696,0.1387508306652307,DST,0.893,0.0,0.092468104771321,0.7993257,0.3328862,DST,69020.0,DST,DST,2
44837913,66.0,LS,0.1405218610573053,0.958997848271238,0.9589978450754808,4.12314561666426,0.1290433667600155,DST,0.852,0.0,0.1658920902273523,0.87351966,0.37398508,DST,68887.0,DST,DST,2
44980675,80.0,LS,0.1938738502638775,0.863434894899843,0.863434530195969,4.245137377445644,0.0382665917277336,DST,0.966,0.0,0.0366736090397441,0.3993556,0.23965113,DST,32516.0,DST,DST,2
45037093,44.0,LS,0.1825702332391962,0.1051217319999952,0.1051192986728115,4.259123154414738,0.0026969425380229,DST,0.945,0.1,0.2270064527717218,0.87983,0.40438953,DST,17144.0,DST,DST,2
45587958,66.0,LS,0.0939722328533549,0.1204564746438786,0.1204075687843885,4.082416995075619,0.0429162895306944,DST,0.96,0.0,0.0880378918420926,0.674967,0.35146847,DST,42452.0,DST,DST,2
45739035,39.0,LS,0.1823148423583873,0.3300058028231658,0.330005748883071,4.307370868556973,0.1025608647614717,DST,0.966,0.04,0.1230306693471184,0.66312814,0.3358592,DST,43052.0,DST,DST,2
45739035,66.0,LS,0.1820875948008861,0.3495485392026662,0.3495481951131525,4.031432496678463,0.1159459073096513,DST,0.963,0.02,0.130140607037158,0.6465435,0.31092775,DST,43064.0,DST,DST,2
46282359,12.0,LS,0.1808251029998644,0.6012341620243917,0.6012339380919359,4.032021572782924,0.2851939015090465,DST,1.0,0.0,0.0094406779417582,0.1415477,0.037049703,DST,33134.0,DST,DST,2
46282359,39.0,ACF,0.3611138040341757,0.8708385526471839,1.693064166128224,12.811832910783636,0.188476163893938,ELL,0.998,0.0,0.0149535815107953,0.005169428,0.0011088243,ELL,33156.0,ELL,DST,2
46282359,66.0,LS,0.1810289333709639,0.7744983189164926,0.7744979479355631,4.195987144954415,0.19304770976305,DST,0.968,0.0,0.0147564765442161,0.25322202,0.1019998,DST,33175.0,DST,DST,2
46408443,39.0,LS,0.1458043207946083,0.4925862849713493,0.4925862648586032,4.549317818182317,0.1085996627807617,DST,0.966,0.02,0.1064325138291866,0.6201712,0.31863874,DST,37448.0,DST,DST,2
46408443,66.0,LS,0.14591136281772,0.4011519198753408,0.4011516102714809,4.053896380537481,0.1297316793352365,DST,0.964,0.02,0.0932283562013189,0.35730398,0.21101822,DST,37474.0,DST,DST,2
52074001,78.0,LS,0.1091059980159267,0.1722839754512111,0.1722813661520247,4.879979828650903,0.0381793733686208,DST,0.959,0.02,0.1472283940006138,0.92424536,0.39398605,DST,34470.0,DST,DST,2
55086519,58.0,LS,0.1636943948862593,0.227013932002046,0.2270127023464801,5.369703198091884,0.0281884218566119,DST,0.958,0.02,0.1065196995865083,0.20938094,0.17913395,DST,30627.0,DST,DST,2
55086519,78.0,LS,0.1638915901346544,0.4078154561652944,0.4078135481160166,4.107565938886182,0.0271010375581681,DST,0.956,0.0,0.0360909961070624,0.2216849,0.16042702,DST,30640.0,DST,DST,2
55839455,13.0,LS,0.2109337191831401,0.6447931297884717,0.6447915058670188,4.454193859587576,0.2257665246725082,DST,0.825,0.0,0.066651199539093,0.028229754,0.021265449,DST,54487.0,DST,DST,2
55839455,66.0,LS,0.2109169742558524,0.6056840874580648,0.6056837845705607,4.522306041595584,0.2313314937055111,DST,0.698,0.0,0.0242481834371154,6.2054154e-05,2.404607e-05,DST,54506.0,Unconstrained,DST,2
58830498,65.0,LS,0.1123924791341939,0.1692363698235946,0.1691840167131999,4.41715608652521,0.0272469595074653,DST,0.96,0.04,0.1371201866976558,0.4848351,0.27103624,DST,146913.0,DST,DST,2
63969423,57.0,LS,0.0761162043138267,0.2467266756814561,0.2467266714138032,4.1955209964980895,0.0213166535831987,DST,0.964,0.0,0.0319624780015567,0.53904384,0.2867699,DST,79261.0,DST,DST,2
63969423,76.0,LS,0.0761411708851523,0.2542397075673855,0.2542397066564624,4.437585743984528,0.0201880605891346,DST,0.961,0.02,0.0995650460754174,0.6809424,0.34108472,DST,79298.0,DST,DST,2
63969423,77.0,LS,0.0761292000199709,0.2506435529426312,0.2506432580065508,3.6515736206711153,0.0218226690776646,DST,0.965,0.0,0.0173758453031787,0.29210716,0.16684227,DST,79336.0,DST,DST,2
63969423,83.0,LS,0.0761158988051308,0.2417262408507308,0.2417260497366663,4.504870185272011,0.0211602868512272,DST,0.959,0.02,0.1170339369584737,0.41584504,0.25653002,DST,79377.0,DST,DST,2
63969423,84.0,LS,0.0761309481473798,0.1836113662322044,0.1836107691881449,4.34805878176121,0.0257319957017898,DST,0.96,0.02,0.1176299281645619,0.4039972,0.27172855,DST,79412.0,DST,DST,2
66761070,10.0,LS,0.1723297591042141,0.303394760594987,0.3033505436470236,5.055991728962454,0.1469370629638433,DST,1.0,0.0,0.008988971020089,0.050283123,0.021731436,DST,133896.0,DST,DST,2
66761070,11.0,LS,0.1597989064343494,0.2397745955079316,0.2384789566994996,3.7320521101776194,0.1329090166836977,DST,1.0,0.0,0.0126111696523359,0.8244069,0.22158153,DST,133909.0,DST,DST,2
66761070,37.0,LS,0.1599619500298392,0.3126684721920526,0.3126683722229769,4.507471368341612,0.1346923038363456,DST,0.966,0.0,0.0208479831158795,0.084611386,0.058526825,DST,133931.0,DST,DST,2
66761070,38.0,LS,0.1708071039180227,0.2877912509421332,0.279142952281795,3.6615772039713192,0.1340499240905046,DST,0.966,0.0,0.025133244915848,0.3856849,0.21921645,DST,133954.0,DST,DST,2
66761070,64.0,LS,0.1598110798193027,0.2161016797991799,0.2159230417258577,4.586513201469643,0.1362844370305538,DST,0.964,0.0,0.081706244559397,0.58652854,0.33376622,DST,133972.0,DST,DST,2
71020206,81.0,LS,0.1110100492543154,0.0807412118234367,0.0803544529678257,4.334538340524887,0.1164178363978862,DST,0.96,0.08,0.2098151414936491,0.4682294,0.288495,DST,145607.0,DST,DST,2
78205695,39.0,LS,0.1854589146451796,0.2057058986950758,0.2057055442243812,4.567930482857264,0.0203266600146889,DST,0.957,0.02,0.1204468745962301,0.5053755,0.32419416,DST,75676.0,DST,DST,2
78205695,65.0,ACF,0.189818812372323,0.8897693843319295,1.657310057023699,40.91741866318166,0.0377174350433051,DST,0.956,0.0,0.0365219057553134,0.07175557,0.061265025,DST,75703.0,DST,DST,2
78652307,39.0,LS,0.1785369317146706,0.0840534396824379,0.0836636061756768,3.901583931205096,0.0993915926665067,DST,0.962,0.02,0.150767237820423,0.8027364,0.3673718,DST,45984.0,DST,DST,2
78652307,65.0,LS,0.1786275124630337,0.1444605505065893,0.1433350462661775,4.1185173498925,0.0664789834991097,DST,0.925,0.08,0.2386098036544181,0.691214,0.34542787,DST,46016.0,DST,DST,2
84341967,59.0,LS,0.192504941637655,0.1538013840057304,0.1536615686064537,3.7738011141154857,0.024882520083338,DST,0.959,0.0,0.0368960702514508,0.42570275,0.28321758,DST,9266.0,DST,DST,2
84341967,73.0,LS,0.1928639772733957,0.1463011479559916,0.1446676195306471,4.059111744354595,0.0247119879350066,DST,0.957,0.12,0.235007339459856,0.9803877,0.404626,DST,9283.0,DST,DST,2
89758076,41.0,LS,0.1136419054996443,0.0744555010663157,0.0744553685127064,4.318093783624136,0.1046773698180913,DST,0.92,0.12,0.2386807072220124,0.75532293,0.390545,DST,130283.0,DST,DST,2
89758076,74.0,ACF,1.817091698690092,0.3646302670305985,0.5946084597606327,25.61910386179875,0.0651606824249029,E,0.942,0.04,0.1758986462674746,0.3178438,0.13804348,E,130483.0,E,DST,2
89758076,75.0,LS,0.1136888854504864,0.3924992882644346,0.3924983075567768,4.554125707611092,0.0440866407006979,DST,0.96,0.0,0.0356045165674244,0.3972897,0.22814885,DST,130491.0,DST,DST,2
89758076,81.0,LS,0.1136563805112131,0.4193084078118811,0.4193083621277618,4.11720869279452,0.0503104599192738,DST,0.938,0.0,0.0296074585197716,0.03339985,0.029316448,DST,130521.0,DST,DST,2
95624763,12.0,LS,0.1824854346497878,0.7637331288947152,0.7637329606658357,4.014612291372487,0.1029049139469862,DST,1.0,0.0,0.0082710096118914,0.22701213,0.11166686,DST,78435.0,DST,DST,2
95624763,39.0,LS,0.1824100461225453,0.6711929737426333,0.671192646858379,4.3846746093113325,0.1142326649278402,DST,0.966,0.0,0.0916375468899075,0.7983868,0.368407,DST,78601.0,DST,DST,2
95624763,65.0,LS,0.1824260839107013,0.6797179893693224,0.6797179299159152,4.421193212605431,0.1140288822352886,DST,0.962,0.0,0.0313720640060548,0.06031921,0.018253125,DST,78452.0,DST,DST,2
96118504,40.0,LS,0.1202558948154949,0.0977580132287205,0.097242666273873,4.357792052218429,0.0311131961643695,DST,0.96,0.02,0.1061741663494467,0.318394,0.2150147,DST,132756.0,DST,DST,2
96118504,41.0,LS,0.1124190871835795,0.1533919212195534,0.1533134094650132,4.817590525761261,0.034727940801531,DST,0.96,0.02,0.1091958167696913,0.2401076,0.18307821,DST,132789.0,DST,DST,2
96118504,54.0,LS,0.1202536247519465,0.103269787021632,0.1030225606714676,4.52747664628987,0.0290029309689998,DST,0.959,0.02,0.1072063878693802,0.5257631,0.32032797,DST,132829.0,DST,DST,2
96118504,81.0,LS,0.1024640790163318,0.1267440591799409,0.1267374370599795,4.187138414552464,0.0304807489737868,DST,0.958,0.06,0.1836420387601923,0.58862096,0.33621383,DST,132858.0,DST,DST,2
105626417,74.0,LS,0.170721491126392,0.2686513806428035,0.2686471203732575,4.544062689717976,0.0148328684736043,DST,0.946,0.08,0.2301387407630449,0.69526607,0.4051028,DST,134481.0,DST,DST,2
105626417,75.0,LS,0.1707437486423815,0.2580487653309445,0.2580485777755049,4.587915900792723,0.0157156272325664,DST,0.948,0.02,0.1128954277196379,0.17723195,0.14898604,DST,134272.0,DST,DST,2
105626417,81.0,LS,0.1708640315160724,0.2596822596231517,0.2596788363344044,4.076300904129312,0.0173201644793152,DST,0.9,0.0,0.0462256032951436,0.12331691,0.11246599,DST,134297.0,DST,DST,2
105626417,82.0,LS,0.1707339674273991,0.2654829316182988,0.2654822353757292,4.494330665300367,0.0167285709176212,DST,0.961,0.02,0.1317391361744869,0.4186824,0.27379605,DST,134386.0,DST,DST,2
105631171,74.0,LS,8.90027928778818,0.1089054922037631,0.0929750678190719,3.904784273152473,0.0197883020155131,ELL,0.995,0.08,0.2196803714490668,0.23842628,0.1786148,ELL,138494.0,ELL,DST,2
105631171,75.0,LS,0.1104251802631483,0.1003541306642764,0.1003541088174045,4.393289994030056,0.0162866082973778,DST,0.95,0.0,0.0251767829557312,0.12817293,0.08746682,DST,138336.0,DST,DST,2
105631171,81.0,LS,0.1104589978469649,0.2244419090945706,0.2244416304675806,4.111972541268187,0.0134922331199049,DST,0.922,0.0,0.0276533976212688,0.08763788,0.073754065,DST,138354.0,DST,DST,2
105631171,82.0,LS,0.1104663359066304,0.132262097919925,0.1322614055089933,4.492323200247483,0.0161325733643025,DST,0.955,0.1,0.2165267503104408,0.7873519,0.37954676,DST,138500.0,DST,DST,2
105961652,39.0,LS,0.1697406838577875,0.5781203334606516,0.57812009639889,4.978563011076403,0.1404311880469322,DST,0.968,0.0,0.0222106641053346,0.096863605,0.08389567,DST,19415.0,DST,DST,2
106941893,39.0,LS,0.1548565909455441,0.3033054655909934,0.3033041971943891,4.513069673359496,0.0469762692227959,DST,0.962,0.0,0.0265569877809965,0.38486877,0.237147,DST,31381.0,DST,DST,2
106941893,66.0,LS,0.1423999378320884,0.1293637355764375,0.1291608526618468,4.475961994903628,0.0476530659943819,DST,0.955,0.06,0.1824460468193268,0.6111473,0.32843265,DST,31548.0,DST,DST,2
108880904,80.0,LS,0.0670150374517017,0.2286100162823064,0.2286098457170733,4.282713310447434,0.0126909464597702,DST,0.968,0.04,0.1500141913286873,0.65769047,0.33050594,DST,26082.0,DST,DST,2
108954452,80.0,LS,0.114774889156105,0.327401163796944,0.327400937857306,4.15613420003865,0.032933244947344,DST,0.964,0.0,0.0766459392270719,0.3084995,0.21464887,DST,2373.0,DST,DST,2
111297224,80.0,LS,0.1309117031978192,0.5192359001960759,0.5192357477188052,4.298706093730289,0.0261811236850917,DST,0.964,0.02,0.1102259570155777,0.49222592,0.29780626,DST,10845.0,DST,DST,2
111924623,80.0,LS,0.157781440312695,0.4453459790039822,0.445345704256751,4.20098800426058,0.0548821547999978,DST,0.962,0.0,0.0218220072403983,0.40259984,0.24611999,DST,12652.0,DST,DST,2
113307978,80.0,LS,0.134234443703391,0.1757379914917955,0.1756598071096397,3.9699436906266783,0.0146898638922721,DST,0.946,0.0,0.0277576944287525,0.056467727,0.02545061,DST,8678.0,DST,DST,2
113748622,66.0,LS,0.1883462767501115,0.9188458397922143,0.9188426252342946,4.383564710344217,0.0193341064732521,DST,0.976,0.0,0.022568686271026,0.070632845,0.023911968,DST,15954.0,DST,DST,2
114073855,80.0,LS,0.0935084631716722,0.0500278458445526,0.0500277568101983,4.058403104601894,0.0115306791849434,DST,0.953,0.08,0.226737165899197,0.7479142,0.35077775,DST,56068.0,DST,DST,2
116147598,44.0,LS,9.322312466334168,0.1004157156543051,0.0204720474701774,3.3119810125790536,0.0022170682495925,ELL,0.99,0.04,0.1872796636049948,0.22655067,0.13117477,ELL,57740.0,ELL,DST,2
116147598,45.0,LS,0.0393677337986447,0.1187412385789333,0.118741106287203,4.24565296810033,0.0014542054850608,DST,0.958,0.0,0.0404107708414476,0.7213865,0.2952112,DST,57762.0,DST,DST,2
116147598,73.0,LS,0.0393652074883688,0.0895688560261793,0.0895688433708239,4.178388244574308,0.0025141093647107,DST,0.958,0.02,0.0941271395507161,0.40029284,0.21341553,DST,57847.0,DST,DST,2
120859681,63.0,LS,0.1580937508696576,0.5065834619564384,0.5065832383868377,4.504286805244192,0.0177223596256226,DST,0.938,0.0,0.0390282769284015,0.08411211,0.060076896,DST,145424.0,DST,DST,2
120859681,64.0,LS,0.1581177829533046,0.4492742787699777,0.4492742710223877,4.427786002768698,0.0179422448854893,DST,0.908,0.0,0.0408061956080201,0.11915101,0.11051989,DST,145447.0,DST,DST,2
125100416,39.0,LS,0.1213307865499359,0.5451078125939303,0.5451075392711288,4.623691297854748,0.0244960002601146,DST,0.96,0.04,0.1376418540996887,0.95907354,0.3977271,DST,35612.0,DST,DST,2
125100416,66.0,LS,0.1214352893844833,0.5126193867267886,0.5126192665381535,4.268332634117542,0.0252171792089939,DST,0.96,0.02,0.0873758685221497,0.38946813,0.24459232,DST,35645.0,DST,DST,2
130212230,54.0,LS,0.139144257158185,0.2655398970365725,0.262701648575383,4.199713884636367,0.0321866432204842,DST,0.966,0.02,0.1107445420777024,0.88101876,0.38222864,DST,9645.0,DST,DST,2
130212230,80.0,LS,0.1391710342744008,0.2416813100539323,0.241139691390567,4.82281723108099,0.0332941790111362,DST,0.959,0.0,0.0222920254799782,0.21738984,0.168895,DST,9665.0,DST,DST,2
145576502,80.0,LS,0.1213051403328561,0.1055637701235078,0.1055629713706855,4.1070402191908215,0.0353085552342236,DST,0.947,0.12,0.2571643054547034,0.73489773,0.36013153,DST,9039.0,DST,DST,2
153241515,13.0,LS,0.1512086955219422,0.2046432515019976,0.2041681426071637,4.362866182093967,0.0726516591385006,DST,0.996,0.0,0.0093217165801154,0.06359377,0.023352312,DST,60058.0,DST,DST,2
155197045,66.0,LS,0.1727353303331849,0.226688548548914,0.22668164867829,4.049077316234616,0.0230490369722247,DST,0.944,0.0,0.034431520442757,0.2583257,0.14736144,DST,19076.0,DST,DST,2
155284666,66.0,LS,0.1040405985367368,0.1514303908438306,0.1514071080193357,4.109336043613439,0.026191861834377,DST,0.962,0.0,0.0217042300024672,0.28268963,0.17405246,DST,17933.0,DST,DST,2
155530282,13.0,LS,0.1821035941684645,0.746007641181247,0.7460074788959711,4.176905701396208,0.1540557667613029,DST,1.0,0.0,0.0102493707123901,0.24802504,0.12161455,DST,64037.0,DST,DST,2
159471451,66.0,LS,0.1294683129742419,0.3933103768772895,0.3933103602478301,4.233985691495036,0.0543844234198331,DST,0.96,0.02,0.1010736286080597,0.42388836,0.2488442,DST,93640.0,DST,DST,2
161444020,82.0,LS,0.1508125646931162,0.1746248247598601,0.174623909076134,4.571144751233078,0.0251887273043394,DST,0.954,0.08,0.2308979895971378,0.73695,0.33756843,DST,113917.0,DST,DST,2
169073828,54.0,LS,0.1253133879921112,0.0796169041875529,0.0796161025441713,4.286389328923178,0.0130401272326707,DST,0.945,0.04,0.1522130086424941,0.7357035,0.38115025,DST,121422.0,DST,DST,2
169073828,55.0,LS,0.1252418239017171,0.0858001352760165,0.0858000237816326,4.551746235805695,0.0129172229208052,DST,0.953,0.12,0.2348954661120559,0.81456804,0.34943232,DST,121401.0,DST,DST,2
169073828,74.0,ACF,1.1110939526406582,0.3609556247487892,0.6976107629135793,106.04845766535624,0.0158257142174989,ELL,1.0,0.0,0.0608061584052141,0.122900926,0.108605206,ELL,121454.0,ELL,DST,2
177196480,80.0,LS,0.1755929173420789,0.3624431822591576,0.3552957833984986,4.13485172419314,0.05430169403553,DST,0.962,0.0,0.020864553673635,0.266702,0.1479691,DST,27363.0,DST,DST,2
180858289,80.0,LS,0.1465879897569643,0.5717008080768501,0.5717007774321493,4.217302319892042,0.0377919361926615,DST,0.93,0.0,0.0318552727189707,0.015127482,0.0077317734,DST,44220.0,DST,DST,2
180952390,54.0,LS,0.1663378961447003,0.122391721174963,0.1221123584968052,4.441242622004211,0.2243153750896453,DST,0.984,0.0,0.0983896010765365,0.8205412,0.34066513,DST,44704.0,DST,DST,2
180952390,80.0,LS,0.166305043316128,0.2166700932331825,0.2164715958844969,4.2747506039449945,0.2800126373767853,DST,0.966,0.0,0.0285312179901244,0.33962432,0.22951703,DST,45089.0,DST,DST,2
188525511,56.0,LS,0.0735208645092278,0.2558631729696069,0.2558630988158909,4.459841359665006,0.006917041609995,DST,0.958,0.0,0.0234311245995577,0.21544258,0.16846819,DST,39555.0,DST,DST,2
188525511,76.0,LS,0.0862867547494284,0.2204406423823594,0.220438819761039,4.437223446519056,0.007341107702814,DST,0.936,0.0,0.036528761271086,0.17168218,0.14600813,DST,39591.0,DST,DST,2
188525511,82.0,LS,0.0862801981564338,0.2300056464849187,0.2300021144873704,4.532072590085591,0.0071706267772242,DST,0.949,0.0,0.0922903591931465,0.4612043,0.28968596,DST,39627.0,DST,DST,2
188525511,83.0,LS,0.0862791637837982,0.244876806909963,0.244871593182798,4.505184222172829,0.0070429418701678,DST,0.959,0.04,0.1374515245459285,0.2774864,0.20458376,DST,39660.0,DST,DST,2
189504782,38.0,LS,0.1554827358620646,0.3762837247187499,0.3762792613313879,4.377805464508128,0.038235979154706,DST,0.958,0.0,0.0209494630002775,0.1054433,0.076346286,DST,87216.0,DST,DST,2
189504782,65.0,ACF,0.1550938309651428,0.4582930707944034,0.6605102760411116,29.056134417179837,0.0377423083409667,DST,0.95,0.06,0.1777094257488893,0.42603636,0.30911374,DST,87355.0,DST,DST,2
191245485,62.0,LS,0.0721825265388393,0.2990272242831872,0.2990271320534973,4.222921183070866,0.0403890013694763,DST,0.959,0.04,0.1554547445400107,0.5587072,0.33633646,DST,143370.0,DST,DST,2
193801416,76.0,LS,0.1760526828202917,0.2175003223116234,0.2174997569052366,4.572565725648019,0.0200925185345113,DST,0.942,0.06,0.1878395059618716,0.7443478,0.3847104,DST,88516.0,DST,DST,2
193955069,66.0,LS,0.0972979986203057,0.3755007835346381,0.3755007343052065,4.126245669172931,0.0212603039108216,DST,0.96,0.0,0.0196725595691053,0.11828539,0.080347516,DST,4470.0,DST,DST,2
195203755,75.0,LS,0.0854230704816372,0.587145261518091,0.5871452537278358,4.400782022989006,0.0122492562513798,DST,0.948,0.0,0.0273120046865842,0.0056839823,0.0031567018,DST,128941.0,DST,DST,2
195203755,82.0,LS,0.0854247827788713,0.5495743369159041,0.5495742732970292,4.405809262498224,0.0127795955631881,DST,0.96,0.0,0.019079664567282,0.1761649,0.15155832,DST,128975.0,DST,DST,2
196022813,56.0,LS,0.0852049840162941,0.6068910517844253,0.6068908791306362,4.443558362836484,0.028562534134835,DST,0.964,0.0,0.0176329237507566,0.334897,0.1809665,DST,86153.0,DST,DST,2
196022813,75.0,LS,0.064225598908925,0.1708153489923392,0.170815152632223,4.446204012634553,0.0302041019313037,DST,0.959,0.0,0.0642540457870163,0.6491546,0.33128875,DST,86192.0,DST,DST,2
196022813,76.0,LS,0.0642239139350488,0.1798124811617463,0.1798124450390397,4.504671556846006,0.0285472790710628,DST,0.959,0.04,0.1507153290146692,0.8176042,0.40043148,DST,86231.0,DST,DST,2
196022813,82.0,LS,0.0642386211453891,0.1808859452725186,0.1808858224719393,4.4066640334967815,0.032069282606244,DST,0.96,0.04,0.1465687551970064,0.9161918,0.40306267,DST,86269.0,DST,DST,2
196022813,83.0,LS,0.0852174714696691,0.5833681359366321,0.5833680849172372,4.427243409780203,0.0293049542233347,DST,0.964,0.0,0.0265885388842636,0.3516945,0.20993546,DST,86368.0,DST,DST,2
196639455,66.0,LS,0.1098310582586844,0.6590079321275443,0.6590078125305634,4.229473484312621,0.0171889527700841,DST,0.921,0.0,0.0260265710380756,0.00028245125,5.6928504e-05,DST,63539.0,DST,DST,2
198851135,12.0,LS,0.1576670333997578,0.6272565076590187,0.627255865421576,3.957898922732056,0.1689798012375831,DST,0.966,0.0,0.0309353131550336,0.016575605,0.00935137,DST,35747.0,DST,DST,2
198851135,39.0,LS,0.1576106063628546,0.6187085808161412,0.6187082555211552,4.523069001978001,0.1669881120324134,DST,0.88,0.0,0.0393939893892456,0.0038524726,0.0015015949,DST,35771.0,DST,DST,2
198851135,66.0,LS,0.1576395843034965,0.6605498320956021,0.6605495787827438,4.062869583322026,0.160599984228611,DST,0.874,0.0,0.0341684298732031,0.0002988385,6.379372e-05,DST,35802.0,DST,DST,2
199833554,39.0,LS,0.1873886358630355,0.282484108419043,0.2824651079896254,4.533248473622734,0.1220741402357816,DST,0.966,0.02,0.0937590187661965,0.5407712,0.28896046,DST,45462.0,DST,DST,2
199833554,66.0,LS,0.1632352425350453,0.5600932538872572,0.560092756523318,4.346185645157675,0.1095140259712934,DST,0.964,0.0,0.0255758949012541,0.3845941,0.22116023,DST,45482.0,DST,DST,2
201958927,71.0,ACF,0.1805714937745506,0.8888217438737188,1.7190493373341518,38.96522082231725,0.0144907762296497,DST,0.962,0.0,0.0693762380069718,0.49588495,0.29876235,DST,5828.0,DST,DST,2
201958927,71.0,LS,0.1807481176438923,0.7587348667351109,0.7587345237670421,4.179321016272297,0.0144907762296497,DST,0.962,0.0,0.1031173389881643,0.8681965,0.39649948,DST,5825.0,DST,DST,2
201958927,72.0,ACF,0.1805663334143901,0.8674638441215848,1.6484775945009098,39.058786729281856,0.0140472629573196,DST,0.962,0.0,0.0290609290973292,0.1959593,0.15210474,DST,5843.0,DST,DST,2
203694788,80.0,LS,0.1762964186995212,0.2499219686925644,0.2499217649397241,4.410568033865275,0.0699044018983841,DST,0.962,0.0,0.0314706212204334,0.26942796,0.15220036,DST,68608.0,DST,DST,2
204632841,80.0,LS,0.1148753424677714,0.3020003697785549,0.3020003654805456,3.8347459008982696,0.0142722355667501,DST,0.936,0.0,0.0259503834268397,0.007523017,0.0029935234,DST,34949.0,DST,DST,2
214141856,39.0,LS,0.1162547461917007,0.5545469617113888,0.5545468833749441,4.880255222888081,0.093952240422368,DST,0.966,0.0,0.0307058561189881,0.4077437,0.25693136,DST,70766.0,DST,DST,2
214141856,66.0,LS,0.1162318315665234,0.625296658296649,0.6252965462237581,4.268981262226589,0.1008797902613878,DST,0.966,0.0,0.0244793463965033,0.44586563,0.22506149,DST,70673.0,DST,DST,2
214756005,65.0,LS,0.0611816313881726,0.2559637802388272,0.2559635903479464,4.473894401857251,0.0065045180963352,DST,0.958,0.0,0.0437670926610392,0.31723082,0.21298549,DST,77122.0,DST,DST,2
216151248,12.0,LS,0.1800526017718422,0.941677349742198,0.9416773295959796,3.9937463904047945,0.0639458559453487,DST,0.971,0.0,0.1079289840589635,1.1266344,0.33149144,DST,76929.0,DST,DST,2
216151248,39.0,LS,0.180186863289624,0.9405966984768244,0.9405966621835684,4.567922885502412,0.0642309943214058,DST,0.966,0.0,0.1422642105379986,0.9499248,0.36550045,DST,76620.0,DST,DST,2
216151248,66.0,LS,0.1800103687559861,0.9433017481354192,0.9433016958711876,4.203692824437894,0.0652339356020093,DST,0.956,0.0,0.1638604088851239,1.1064098,0.3636872,DST,76945.0,DST,DST,2
216976987,14.0,LS,0.147530550097389,0.6717169755524615,0.6717163811197215,4.524098397605485,0.0160832214169204,DST,0.998,0.0,0.0084179807555018,0.631863,0.17845929,DST,87371.0,DST,DST,2
216976987,40.0,LS,0.1475813905561663,0.697358061193047,0.6973579225042911,4.364315651360812,0.0152326677925884,DST,0.96,0.02,0.1696741158810029,0.9876297,0.3867751,DST,87167.0,DST,DST,2
216976987,41.0,LS,0.1474811438026047,0.7335587211459987,0.7335583877841826,4.384347809813335,0.0160407542716711,DST,0.96,0.0,0.0177825082595228,0.3016459,0.19914007,DST,87186.0,DST,DST,2
216976987,54.0,LS,0.1476094030339419,0.7348968019570813,0.7348965910836077,4.278241518975847,0.0170231971424072,DST,0.962,0.0,0.0220361884181452,0.16120154,0.131898,DST,87257.0,DST,DST,2
216976987,74.0,LS,0.1475197744171782,0.7267821949216497,0.7267818283414168,4.431402643771435,0.0172055140137672,DST,0.96,0.02,0.1104826067759083,0.74298936,0.34160092,DST,87389.0,DST,DST,2
216976987,81.0,LS,0.1475628950521304,0.7566088428042633,0.7566087192729274,4.10679372370214,0.0175059970933944,DST,0.958,0.0,0.0254086914263603,0.16229896,0.14225718,DST,87404.0,DST,DST,2
217372512,12.0,LS,0.188602321867564,0.4167193696929966,0.4167192718194183,3.928548306779248,0.0479147769510746,DST,0.962,0.0,0.0390220450514833,1.1673865,0.30644155,DST,56538.0,DST,DST,2
217372512,39.0,LS,0.1884998470489438,0.4788828851038622,0.4788819580989481,4.546456157002467,0.041860626079142,DST,0.958,0.0,0.0299956263478527,0.23211226,0.15713088,DST,56559.0,DST,DST,2
217372512,66.0,LS,0.1700101851920756,0.1976119788309855,0.1976036456039223,4.409640088320884,0.0467835133895278,DST,0.962,0.02,0.1167275460206373,0.78662896,0.39680794,DST,56735.0,DST,DST,2
221451009,39.0,LS,0.0916353095432211,0.1127320158404314,0.1126947003960414,4.3524460467924655,0.0319586927071213,DST,0.952,0.0,0.0348817660103384,0.18159424,0.15612228,DST,146697.0,DST,DST,2
221451009,66.0,LS,0.0939829365995576,0.2783533903300177,0.2783533324667127,4.249670050950954,0.0357734016142785,DST,0.954,0.0,0.0342467516707789,0.15035976,0.14809409,DST,146732.0,DST,DST,2
224802820,12.0,LS,0.1462705245125383,0.0854740829650191,0.0811549219652918,3.4240786941547867,0.0845495983958244,DST,0.984,0.04,0.1511062619483388,0.8501884,0.35202706,DST,45110.0,DST,DST,2
224802820,39.0,LS,0.1449149648294655,0.4549847542591956,0.454984365399007,4.593872340035887,0.0603739870712161,DST,0.952,0.0,0.0254023620948918,0.01721457,0.008244113,DST,45130.0,DST,DST,2
225207790,66.0,ACF,0.1527776762404755,0.7330972500959745,1.3257076482212558,31.08461852318005,0.0907723419368267,DST,0.89,0.0,0.0209149133395287,0.0010087964,0.00046832042,DST,61379.0,DST,DST,2
225207790,66.0,LS,0.1530725620982835,0.6261594711034253,0.6261594585536768,4.049600771886617,0.0907723419368267,DST,0.89,0.0,0.0130659863768488,3.5890876e-05,1.2412092e-05,DST,61375.0,DST,DST,2
232846315,15.0,LS,0.1307412932239154,0.0943469451329918,0.0855158536248978,3.2298376300823293,0.0299280136823654,DST,0.946,0.04,0.1534181214850448,0.60242206,0.24858247,DST,93074.0,DST,DST,2
232846315,55.0,ACF,0.7777772833978815,0.5017303142872992,0.7545428961442662,29.141272807386517,0.0684050703421235,ELL,0.879,0.1,0.2584540330312597,0.8363427,0.24645722,ELL,92785.0,ELL,DST,2
232846315,75.0,LS,0.1317519274060293,0.2582393201715693,0.2582385066760048,4.407279736649798,0.0357023905962705,DST,0.935,0.0,0.0308881854436287,0.08030176,0.10194044,DST,93121.0,DST,DST,2
233670600,66.0,LS,0.1258027098613839,0.2053030154082269,0.2053027751787124,4.239268036457361,0.0153069442603737,DST,0.888,0.0,0.0196663773990026,0.019557763,0.019900402,DST,38441.0,DST,DST,2
234068267,6.0,LS,0.1786957127588675,0.7303805846186966,0.7303804234022242,4.3254986726567495,0.0381496339105069,DST,1.0,0.0,0.0071549703004275,0.21216114,0.07337983,DST,14534.0,DST,DST,2
234068267,33.0,ACF,0.3611122573638567,0.9517544194656984,1.8743988610000344,12.809654043828289,0.0364578422158956,ELL,0.958,0.0,0.0799840609121592,0.0781135,0.03578729,ELL,14458.0,ELL,DST,2
234068267,33.0,LS,0.1786062718435697,0.7413312239481736,0.7413311544436156,4.311700300806479,0.0364578422158956,DST,0.958,0.0,0.1738978504755018,0.6143042,0.37174827,DST,14454.0,DST,DST,2
234644092,12.0,LS,0.2022574195127732,0.6105985911810118,0.6105968018881124,4.27918922024719,0.3672929853200912,DST,0.941,0.0,0.0436703285996338,0.0043995744,0.0015365267,DST,39291.0,DST,DST,2
234644092,39.0,LS,0.2020420923387339,0.4861743168790264,0.4861740331219583,5.496514500884587,0.2777769975364208,DST,0.968,0.0,0.0478915441388143,0.10446099,0.13011205,DST,39310.0,DST,DST,2
234644092,66.0,LS,0.2019902142435375,0.5792725102153272,0.5792722983212114,5.008884868781024,0.3214510902762413,DST,0.886,0.06,0.1741364108967449,0.4286719,0.26861244,DST,39333.0,DST,DST,2
234752466,39.0,LS,0.1022809649958214,0.2624292479400381,0.2624289891661511,4.5619951230637525,0.0353929959237575,DST,0.936,0.0,0.0286985992689538,0.19299388,0.17576084,DST,29266.0,DST,DST,2
234834992,6.0,ACF,0.5000029307584555,0.3806594661717435,0.3358212715423126,3.3695919350754586,0.0051361630903556,CEP,0.389,0.06,0.1049062438561213,0.71916735,0.29888698,CEP,32612.0,Unconstrained,DST,2
234834992,6.0,LS,0.4850284199333543,0.0676338800870406,0.0675887671147411,4.174754015200961,0.0051361630903556,CEP,0.509,0.06,0.0993847070730703,0.16400877,0.045593284,CEP,32607.0,Unconstrained,DST,2
234834992,33.0,LS,0.1652968646861895,0.1350634740392711,0.1350607595569871,4.070107622927026,0.0047783739864826,DST,0.942,0.04,0.1565966078815246,0.5704357,0.36943704,DST,32619.0,DST,DST,2
234879286,33.0,LS,0.0766814956585162,0.1601547848095694,0.1601546425580416,4.420972759269716,0.0117656483780592,DST,0.949,0.0,0.0250835723133687,0.06667828,0.04473312,DST,37286.0,DST,DST,2
235416305,39.0,LS,0.1687761310104323,0.5205273692424126,0.5205273508063256,4.606584202774684,0.0887290947139263,DST,0.97,0.0,0.012727042075832,0.16344556,0.12328598,DST,34907.0,DST,DST,2
235416305,66.0,LS,0.1688360091615291,0.4107228420856409,0.4107204282798094,3.994050736517238,0.097617469727993,DST,0.963,0.04,0.1438395828692505,0.35086787,0.27670762,DST,34933.0,DST,DST,2
235518467,12.0,LS,0.1660116166495658,0.5304002206165249,0.5303999114537018,4.364223389072322,0.149600338190794,DST,0.998,0.0,0.0186354071594907,0.033743914,0.0078022415,DST,31781.0,DST,DST,2
235518467,39.0,LS,0.166161012922686,0.4351034292517597,0.4351024850888225,5.294992058577918,0.1372797973453998,DST,0.948,0.0,0.0367369024279402,0.0266359,0.017889114,DST,31805.0,DST,DST,2
235518467,66.0,LS,0.1660869885237747,0.4157687217703879,0.4157680567306386,5.024385848231759,0.1516966335475444,DST,0.96,0.0,0.0364484073726136,0.14517926,0.08256806,DST,31830.0,DST,DST,2
236838052,12.0,LS,0.1815525108863532,0.6896775904844856,0.6896772533010406,4.085311989300863,0.0773959746584296,DST,0.998,0.0,0.0177387259970946,0.47542557,0.19004944,DST,36222.0,DST,DST,2
236838052,39.0,LS,0.1817588291560468,0.8565964599657098,0.8565954996009202,4.698217922583353,0.0700676208361983,DST,0.966,0.02,0.1876889170942173,1.2392358,0.35103077,DST,36237.0,DST,DST,2
236838052,66.0,LS,0.1816113108628619,0.8276458569758437,0.827645254200034,4.33622728847331,0.0764729594811797,DST,0.966,0.0,0.0272877701544116,0.53328943,0.26162827,DST,36363.0,DST,DST,2
245396549,58.0,LS,0.1416947146578309,0.2531904873412248,0.2531892468750414,4.382282056503755,0.0130503578111529,DST,0.962,0.0,0.0268405961185663,0.30403224,0.19655356,DST,11553.0,DST,DST,2
245524754,66.0,LS,0.1667036513156186,0.1199078540597316,0.1199078435654454,4.075395786272566,0.0171005364973098,DST,0.947,0.02,0.1194722327572394,0.8667096,0.37922868,DST,52392.0,DST,DST,2
246047409,12.0,LS,0.1775712658986222,0.8128751899145445,0.8128750585280896,3.9560658272339424,0.2072859182953834,DST,1.0,0.0,0.0097051738778859,0.5362172,0.20410147,DST,40278.0,DST,DST,2
246047409,39.0,LS,0.1776458140686881,0.8402753453450355,0.8402753185833065,4.569158617590801,0.1848308928310871,DST,0.942,0.06,0.1967112035446888,1.2004932,0.359736,DST,40297.0,DST,DST,2
246047409,66.0,LS,0.1775359773814603,0.8586237777174375,0.8586234561707344,4.091866006401688,0.1895701885223388,DST,0.964,0.02,0.1295557023059965,0.84477806,0.36644164,DST,40320.0,DST,DST,2
246152934,12.0,LS,0.1453916947337071,0.6594824436896894,0.6594819794922911,3.821078173577917,0.0896989554166793,DST,0.977,0.0,0.0552402172334613,1.4462836,0.26061344,DST,81804.0,DST,DST,2
246152934,39.0,LS,0.1453694563504425,0.6527777635325148,0.6527776862053576,4.48359416994208,0.0902818702161312,DST,0.864,0.02,0.2238933353184055,1.3078363,0.4009928,DST,81822.0,DST,DST,2
246152934,66.0,LS,0.1454368747878499,0.5573848854340983,0.5573848641742828,3.936726778119919,0.0973769277334213,DST,0.964,0.0,0.0891560519538634,0.881186,0.3902536,DST,81841.0,DST,DST,2
246954609,39.0,LS,0.0666324994398759,0.406651853831213,0.4066518253599194,4.615861118986686,0.0119019974954426,DST,0.96,0.02,0.0952412011684019,0.44720986,0.28441265,DST,37981.0,DST,DST,2
247066241,12.0,LS,0.1657011344857443,0.6544873619727859,0.6544839696853392,4.052688151536131,0.1320974715054035,DST,1.0,0.0,0.006349803146555,0.4227789,0.17175312,DST,38556.0,DST,DST,2
247066241,39.0,LS,0.1657662166005381,0.966736678596667,0.9667365581433216,4.604224876524313,0.0878265406936407,DST,0.8140000000000001,0.0,0.1671969808339851,0.87324685,0.36541435,DST,38575.0,DST,DST,2
247066241,66.0,ACF,0.3310169002052134,0.9231497123857348,1.8335104849228412,35.701049061169314,0.0749712018296122,ELL,0.974,0.0,0.0854024261950443,0.06741958,0.05454472,ELL,38688.0,ELL,DST,2
247264964,39.0,LS,0.1079019289761265,0.4060612040229066,0.4060604767254913,4.54986368191021,0.0344250374473631,DST,0.958,0.0,0.022306985452992,0.004494332,0.0010912261,DST,35302.0,DST,DST,2
248275346,12.0,LS,0.1428947257219948,0.3582605032494458,0.3582594153677844,4.058121500982907,0.110116358846426,DST,0.989,0.0,0.0205402628999728,0.97317964,0.26409614,DST,55728.0,DST,DST,2
248275346,39.0,LS,0.138095738164533,0.1074800234542162,0.1071443222640803,4.604516996232633,0.0991736631840467,DST,0.964,0.0,0.0305357233416861,0.2656149,0.14867294,DST,55256.0,DST,DST,2
248275346,66.0,LS,0.1429177659320143,0.4216209847254019,0.4216208097490654,4.193502292553603,0.1050738524645567,DST,0.962,0.0,0.0182171787058259,0.15785965,0.12163944,DST,55758.0,DST,DST,2
251118063,58.0,LS,0.1439022928767105,0.1981800735758086,0.1981796121508624,4.4521567653318925,0.0322634144686162,DST,0.956,0.02,0.1089114429249745,0.24417464,0.17826885,DST,17742.0,DST,DST,2
251196433,18.0,LS,0.1569611061798492,0.7426105178941879,0.7426099638010286,4.232720543010373,0.0350886536762118,DST,1.0,0.0,0.0401661349895655,0.3277941,0.15752834,DST,14502.0,DST,DST,2
251196433,58.0,LS,0.1569400776980988,0.7675056848728237,0.7675051202862041,4.417615787904651,0.041328608058393,DST,0.94,0.0,0.0478618846264958,0.1292648,0.137258,DST,14644.0,DST,DST,2
251250634,18.0,LS,0.075745837713824,0.2049974247450038,0.2049964888834833,4.244949739218328,0.0193425000179559,DST,0.988,0.0,0.0126,0.2654341,0.11674036,DST,4519.0,DST,DST,2
251250634,58.0,LS,0.0757257887787048,0.4038279022765279,0.4038277825867843,4.453014412280027,0.0200730795040726,DST,0.951,0.02,0.0973433099909798,0.21609162,0.19231811,DST,4543.0,DST,DST,2
251250634,59.0,LS,0.1206532073196656,0.1291883872223974,0.1291874159547187,4.552091538669629,0.0290501862764358,DST,0.96,0.04,0.1464400218519513,0.52756435,0.29066035,DST,4789.0,DST,DST,2
251512101,58.0,LS,0.1485298277207963,0.2572987829607394,0.2572975417287322,4.35868926182593,0.0116198067553341,DST,0.958,0.0,0.0239861293250911,0.11815009,0.0568862,DST,12829.0,DST,DST,2
251512101,59.0,LS,0.1486137416646415,0.2018539603590803,0.2018523694825796,4.241727638702287,0.0151289033237844,DST,0.957,0.06,0.181980768214666,0.62849945,0.34965378,DST,12852.0,DST,DST,2
251570247,58.0,LS,0.1451081656707188,0.5138181656830576,0.5138180707266619,4.36323517233177,0.0398701056838035,DST,0.956,0.0,0.0285753460171525,0.11996801,0.09205778,DST,19392.0,DST,DST,2
255974332,18.0,LS,0.2033034178042282,0.4363503597183686,0.4363501454307193,3.853906625817672,0.07920210249722,DST,0.94,0.02,0.125285983254313,1.166858,0.35411665,DST,25973.0,DST,DST,2
255974332,24.0,LS,0.203050824251611,0.3874215544511624,0.3874209662201591,4.084360062573069,0.084981033578515,DST,0.996,0.0,0.0186643617624605,0.4705649,0.24369729,DST,26025.0,DST,DST,2
255974332,25.0,LS,0.2034267474157301,0.4319999111067434,0.4319997820267797,4.814569847038911,0.0755760911852121,DST,0.968,0.0,0.0325115364140177,0.025054405,0.0071391263,DST,25961.0,DST,DST,2
255974332,78.0,ACF,0.2037041625044366,0.870051364667874,1.5078289057177785,42.533240574465225,0.0668710470199585,DST,0.934,0.08,0.2048238306447762,0.75125635,0.429618,DST,26049.0,DST,DST,2
263422831,11.0,LS,0.117067008285746,0.2048385725030481,0.2047820020678831,3.741285726177239,0.0740169966593384,DST,0.994,0.0,0.0308735744610176,0.8474294,0.29770058,DST,106824.0,DST,DST,2
263422831,38.0,LS,0.1170208004732398,0.318357089109804,0.3183570293772954,4.40547459057052,0.0558142270892858,DST,0.959,0.0,0.0243784823153534,0.022163726,0.0144623015,DST,106848.0,DST,DST,2
263422831,65.0,LS,0.117051847669491,0.4007868755343409,0.4007868752053199,4.419186869185069,0.053623360581696,DST,0.96,0.0,0.0231620724461348,0.18081604,0.1212312,DST,106874.0,DST,DST,2
264026227,65.0,LS,0.1666333885373944,0.2616445286415517,0.2616442964281606,4.317717418674874,0.093138488009572,DST,0.965,0.0,0.0528799999999999,0.4984214,0.27701643,DST,105153.0,DST,DST,2
264026330,65.0,LS,0.1829072303625701,0.6232102961390654,0.6232101247920269,4.431717015475442,0.1530672330409288,DST,0.93,0.0,0.0632619443267435,0.26224685,0.19163229,DST,104780.0,DST,DST,2
264613043,58.0,LS,0.1717042966639324,0.2996078457199624,0.2996074624844717,4.399334933823411,0.0321867689490318,DST,0.958,0.0,0.0321874758252336,0.38119188,0.2131874,DST,24446.0,DST,DST,2
264631525,32.0,LS,0.1937819111878027,0.0599659127234617,0.0408452012300513,3.208712345804088,0.0175396201666444,DST,0.943,0.0,0.0510560476339483,0.2061055,0.14803225,DST,11952.0,DST,DST,2
264730041,58.0,LS,0.1665588337964615,0.5774316791145317,0.5774313973738477,4.433336872360087,0.028737629763782,DST,0.958,0.0,0.0523327813134367,0.536279,0.29104757,DST,12876.0,DST,DST,2
265298333,58.0,LS,0.1147166895123233,0.5046103687771972,0.5046102494241865,4.463401050470566,0.052596922032535,DST,0.959,0.0,0.0331850809852861,0.541919,0.30747944,DST,13193.0,DST,DST,2
266974367,65.0,LS,0.1103723877587987,0.4045164882620615,0.4045164423400287,4.551603090119897,0.0222039246000349,DST,0.958,0.0,0.0371513875918517,0.28892294,0.19042163,DST,59181.0,DST,DST,2
269228628,17.0,LS,0.2001703629823092,0.4090366017990157,0.4090353436639793,4.040592033464691,0.0732594123110175,DST,0.984,0.0,0.0300496655555432,1.0521088,0.30360657,DST,78189.0,DST,DST,2
269228628,24.0,LS,0.2002859787849046,0.4338260319303328,0.4338258305159251,4.610883432776518,0.0680144131183624,DST,0.988,0.0,0.0337111494909325,0.88964003,0.27934018,DST,78172.0,DST,DST,2
269228628,57.0,LS,0.2002420770721714,0.436164935848609,0.4361641389455932,4.366496618298697,0.0503208441659808,DST,0.964,0.02,0.1287561664542712,0.59552217,0.33562082,DST,78205.0,DST,DST,2
269228628,58.0,LS,0.2002505006153095,0.4406797705958344,0.4406794346630014,4.474345792550594,0.0601998809725046,DST,0.898,0.02,0.1134080349887079,0.27004153,0.18024272,DST,78222.0,DST,DST,2
269228628,77.0,LS,0.2004346822434628,0.4081334485477267,0.4081305007332138,3.772633838139882,0.0591012043878436,DST,0.962,0.0,0.0317269601443314,0.37816197,0.22787087,DST,78240.0,DST,DST,2
269228628,78.0,LS,0.2002687774726988,0.4113557542310295,0.4113511205094957,4.493787391622391,0.0530233653262257,DST,0.96,0.0,0.0259329905718565,0.069454655,0.046432383,DST,78261.0,DST,DST,2
269228628,84.0,LS,0.2002163587112843,0.4379281847103502,0.4379278816688045,4.42617651538967,0.0640282174572348,DST,0.961,0.0,0.0988404856321537,0.9071652,0.36337852,DST,78276.0,DST,DST,2
269419590,77.0,LS,0.1385033535557036,0.1129849589987338,0.1129754741977093,3.727473151371669,0.0158127036411315,DST,0.956,0.02,0.1331388748638052,0.5884077,0.30439025,DST,70574.0,DST,DST,2
269419590,84.0,LS,5.149579354547312,0.2609193626388646,0.2608003975928808,4.870365658938681,0.0187082448974251,CEP,0.507,0.08,0.0872522779072271,0.41614217,0.22196011,CEP,70746.0,Unconstrained,DST,2
271592843,61.0,LS,0.1892091072406868,0.244728017306571,0.2447276810988509,4.354093835096137,0.0264449021779,DST,0.923,0.02,0.117567512519403,0.29166368,0.23745391,DST,144759.0,DST,DST,2
272922818,17.0,LS,0.1255349657477885,0.1061302209927525,0.1046763553606368,3.1198421297551704,0.0458806287497282,DST,0.978,0.02,0.1496128336741203,0.69670105,0.28349066,DST,62972.0,DST,DST,2
272922818,18.0,LS,0.1245161180582894,0.7595218843576033,0.7595216036580331,4.327293377449905,0.0560697959735989,DST,0.848,0.04,0.1689710081641226,1.3698102,0.3597288,DST,63142.0,DST,DST,2
272922818,24.0,LS,0.1245881403288184,0.7039497128327601,0.7039495368381923,4.294520223335894,0.0505090178921818,DST,0.998,0.0,0.0311080954093946,0.48239136,0.26983547,DST,63121.0,DST,DST,2
272922818,57.0,LS,0.124598169412463,0.822210564460658,0.8222105142694353,4.218770368137484,0.0458811223506927,DST,0.916,0.02,0.1963938939987697,1.2711202,0.40816858,DST,63020.0,DST,DST,2
272922818,77.0,LS,0.1246033624543423,0.8157337788572111,0.8157332835961014,3.747167778670701,0.0480744009837508,DST,0.964,0.0,0.1089918088665382,0.9702813,0.35688797,DST,63177.0,DST,DST,2
272922818,78.0,LS,0.1245171702084851,0.8342026215072733,0.8342025877839062,4.378751322530661,0.0460713077336549,DST,0.942,0.0,0.1516096091941404,1.2193843,0.40356869,DST,63201.0,DST,DST,2
272922818,84.0,LS,0.1246272317558117,0.8148183252125537,0.8148178184507929,4.416261123133154,0.0467416085302829,DST,0.942,0.0,0.1433602957586234,0.95480645,0.40471426,DST,63218.0,DST,DST,2
273897407,75.0,LS,0.1257695674312046,0.3126755234880365,0.3126739774088986,4.567343097398407,0.0320185115560889,DST,0.964,0.0,0.030834681772316,0.37338907,0.24882045,DST,105031.0,DST,DST,2
273897407,81.0,LS,0.1258070386955194,0.3247965478018464,0.3247956439197789,4.340041653846129,0.0319005036726594,DST,0.958,0.02,0.1046110051572013,0.41911915,0.26272663,DST,105057.0,DST,DST,2
273897407,82.0,LS,0.1257260956643104,0.2714583001381836,0.2714573437172965,4.624859724583075,0.0348792318254709,DST,0.96,0.0,0.0194584274801433,0.17072505,0.14120343,DST,105085.0,DST,DST,2
279236955,14.0,LS,0.1241501001401399,0.4890512254403341,0.4890512137272154,4.434985220830185,0.2048659510910511,DST,0.971,0.08,0.2011030740689957,0.6902852,0.29342797,DST,84755.0,DST,DST,2
279236955,41.0,LS,0.1241874654105801,0.8741340087261046,0.8741339659285039,4.3246756746830215,0.0908294878900051,DST,0.965,0.02,0.1859656570445199,1.0568647,0.401431,DST,84777.0,DST,DST,2
279236955,54.0,LS,0.1241264877663656,0.8796733891097033,0.8796733703959471,4.288689250986863,0.0846736319363117,DST,0.97,0.0,0.1030440682426698,0.5076341,0.28035173,DST,84808.0,DST,DST,2
279236955,81.0,LS,0.1241515386517394,0.8890366122494512,0.8890365887644318,4.196617340723606,0.0891090277582407,DST,0.968,0.0,0.1015144206504671,0.6849021,0.33044505,DST,84836.0,DST,DST,2
279404964,39.0,ACF,0.1319420043637365,0.9486165252470128,1.8423643863197228,9.2705617383652,0.1892702467739582,DST,1.0,0.0,0.0159714244824937,0.44183886,0.18539475,DST,75887.0,DST,DST,2
279404964,65.0,LS,0.1318324977515552,0.938205653998895,0.9382055735764224,4.490092797863326,0.1892161183059215,DST,0.968,0.0,0.0789464730054484,0.23912746,0.17506477,DST,76057.0,DST,DST,2
294799849,14.0,LS,0.086481698163696,0.2855773419306218,0.2855772845904962,4.304155076625193,0.0156697013881057,DST,0.99,0.0,0.0169988234887006,0.04204893,0.009631013,DST,48423.0,DST,DST,2
294799849,15.0,LS,0.0864814929881552,0.2321096068849036,0.2321089217682747,4.348358894949342,0.0172495923470705,DST,0.996,0.0,0.0056568542494923,0.21578228,0.07027518,DST,48399.0,DST,DST,2
294799849,41.0,LS,0.0865125308090657,0.2807417545705707,0.2807415135770757,4.393652354103324,0.021608390379697,DST,0.966,0.0,0.0179321387458384,0.20298375,0.11036234,DST,48623.0,DST,DST,2
294799849,54.0,LS,0.0865207540618579,0.3084458066210581,0.3084457069612578,4.361928455123234,0.019054349977523,DST,0.964,0.0,0.0148034590552343,0.09493977,0.040505886,DST,48452.0,DST,DST,2
294799849,75.0,LS,0.0916422857684982,0.1382762320240992,0.1382759980244798,4.385591076745186,0.0203890283592045,DST,0.958,0.02,0.1338175534076154,0.6220638,0.3371456,DST,48739.0,DST,DST,2
294799849,76.0,LS,0.0865072390336552,0.3070474468188183,0.3070466101731339,4.420092749631294,0.0191981787793338,DST,0.963,0.0,0.0253925658412063,0.3315272,0.22028537,DST,48663.0,DST,DST,2
294799849,82.0,LS,0.0915998973748504,0.1498051251725519,0.1497889622553573,4.562320886438101,0.0193489831872284,DST,0.96,0.06,0.1734630980929373,0.4802931,0.32502297,DST,48571.0,DST,DST,2
294799849,83.0,LS,0.0916044012989975,0.138040379409013,0.1380058999381313,4.435255111246079,0.0188966374844312,DST,0.957,0.02,0.1292968615241685,0.52116317,0.2988314,DST,48491.0,DST,DST,2
296090371,62.0,LS,0.0883376184333252,0.422186697933357,0.4221865418824901,4.422161063997919,0.0327607104554772,DST,0.922,0.0,0.0266511988473314,0.0003042961,5.158662e-05,DST,110919.0,DST,DST,2
302311817,58.0,LS,0.0942061561238082,0.1650787295651904,0.1650786701642494,4.403249739061721,0.005416179774329,DST,0.955,0.0,0.0903118951190816,0.78390455,0.3353514,DST,11187.0,DST,DST,2
304279911,10.0,LS,0.1735653013250523,0.3685001954299643,0.3040495561510149,3.077042931025062,0.0858059525489807,DST,0.986,0.0,0.0397449669769645,0.83229345,0.33014697,DST,113805.0,DST,DST,2
304279911,11.0,LS,0.1746874331670754,0.3844974061359382,0.3844969832937977,3.7497372745447137,0.0738982623443007,DST,0.973,0.0,0.0851229322803203,0.7888186,0.3277519,DST,113822.0,DST,DST,2
304279911,37.0,ACF,0.1736126751211486,0.9574971814455489,1.7752984466687671,12.5332990762477,0.0942372065037489,DST,0.97,0.02,0.1457922028093409,0.75890064,0.40739307,DST,113856.0,DST,DST,2
304279911,38.0,ACF,0.1736081119588561,0.9546500093405382,1.8113635195962048,12.523541254565057,0.0896602217108011,DST,0.966,0.0,0.0250599281722833,0.297477,0.20162213,DST,113991.0,DST,DST,2
304279911,38.0,LS,0.1752966066061531,0.3389792403358587,0.3307557130560317,8.436684023648922,0.0896602217108011,DST,0.966,0.08,0.1751541309818298,0.7310296,0.365254,DST,113983.0,DST,DST,2
304279911,64.0,ACF,0.3518546641280409,0.9085988418767172,1.7591626506412026,37.86940738939762,0.0826576072722673,ELL,0.989,0.0,0.0164316280386332,0.0040152557,0.0012325824,ELL,114006.0,ELL,DST,2
306386296,10.0,LS,0.2048853177670113,0.1649078194502918,0.1533593874581658,2.9914734436597428,0.0694339163601398,DST,0.99,0.0,0.0136795321557427,0.30119744,0.089106,DST,121816.0,DST,DST,2
306386296,11.0,LS,0.202698482273396,0.0870187055248675,0.055731197191729,2.5793648077847138,0.070349215529859,DST,0.983,0.0,0.0225829670326996,0.4681747,0.15558541,DST,121832.0,DST,DST,2
306386296,63.0,LS,0.1930737032684233,0.2499967105721439,0.2499094817704903,4.405897752425517,0.073527842760086,DST,0.927,0.0,0.1308366982157529,0.7252096,0.40197602,DST,121841.0,DST,DST,2
306386296,64.0,LS,0.1930554433054004,0.2608376200097895,0.2607931530016641,4.375359308494808,0.0818742252886295,DST,0.946,0.02,0.1033508122851484,0.7445693,0.36885202,DST,121855.0,DST,DST,2
312630206,14.0,LS,0.1598564715042125,0.3147695244830652,0.3114345659644848,3.983566701327618,0.112838027998805,DST,0.982,0.02,0.11279018397006,1.2162625,0.37448475,DST,112103.0,DST,DST,2
312630206,15.0,LS,0.1598746756375718,0.2607070747087331,0.2583220359208884,4.171702585846333,0.1263640262186527,DST,0.996,0.0,0.0054552726787943,0.42169958,0.1539211,DST,112086.0,DST,DST,2
312630206,41.0,ACF,0.1597225403361335,0.9360820469657876,1.8139416128619332,11.532320320252705,0.1298258453607559,DST,0.996,0.0,0.0175465096244238,0.39640674,0.15958796,DST,112131.0,DST,DST,2
312630206,54.0,ACF,0.1597259452937578,0.935671172967954,1.7642833218875968,11.514900865181074,0.131320646032691,DST,0.996,0.0,0.0163058762414045,0.14847133,0.061391804,DST,112164.0,DST,DST,2
312630206,55.0,LS,0.1597212063176571,0.1966823830299235,0.1941920017794488,4.5861085071137495,0.1431469991803169,DST,0.986,0.0,0.0224508351737747,0.5550604,0.29039916,DST,112143.0,DST,DST,2
312630206,75.0,LS,0.1642615723192622,0.6071042703856614,0.6071041660772324,4.336057270364108,0.1358321402221918,DST,0.966,0.02,0.168980590601406,0.8106405,0.3639549,DST,112178.0,DST,DST,2
312630206,81.0,LS,0.15977438527159,0.239178507437701,0.2348130225876126,4.684922584852757,0.1374057121574878,DST,0.962,0.0,0.0642707273959148,0.8070549,0.37157294,DST,112194.0,DST,DST,2
312630206,82.0,LS,0.1597605008934354,0.1986734232952706,0.1963151956673052,4.365683145224466,0.1451407186686992,DST,0.964,0.1,0.1969430374499184,0.76549923,0.3802352,DST,112208.0,DST,DST,2
312637783,14.0,LS,0.1222259786897907,0.4536706449764725,0.4536705631160149,4.325608916346937,0.0424766493961215,DST,0.99,0.0,0.0142927114292565,0.26057458,0.175691,DST,115420.0,DST,DST,2
312637783,15.0,LS,0.122246977210405,0.4672123645883483,0.4672121424914605,4.141527571254528,0.0431982986629009,DST,0.989,0.0,0.0178986032974643,0.95440376,0.26179433,DST,115394.0,DST,DST,2
312637783,41.0,LS,0.124073323696834,0.1938451652704794,0.1597375861057662,4.024237526378784,0.0416370620951056,DST,0.961,0.0,0.0195494859267449,0.09212709,0.05878816,DST,115443.0,DST,DST,2
312637783,54.0,LS,0.131078855590481,0.2030911996886888,0.203086233898247,4.593101452803239,0.042021139524877,DST,0.96,0.0,0.0178990949491866,0.13648672,0.07383707,DST,115496.0,DST,DST,2
312637783,55.0,LS,0.123085151084574,0.177435708684956,0.1557473159578683,5.010110562720001,0.0445401668548584,DST,0.96,0.0,0.0195591410854362,0.12739336,0.11823386,DST,115471.0,DST,DST,2
312637783,75.0,LS,0.1240690225488742,0.1685936426608945,0.1671860327502774,3.879856547555392,0.0498864101245999,DST,0.959,0.0,0.0194164466368076,0.16251981,0.094463915,DST,115519.0,DST,DST,2
312637783,82.0,LS,0.1221608071499678,0.3509203457114681,0.3509202218190158,4.20010907901451,0.0494442693889141,DST,0.961,0.0,0.0262958247636387,0.28300473,0.16668549,DST,115808.0,DST,DST,2
313328389,57.0,LS,0.1705455877241494,0.25838790602326,0.2583868369094706,4.249046145876491,0.0638024602085352,DST,0.932,0.06,0.1928943710946485,0.9284097,0.41914475,DST,81212.0,DST,DST,2
313328389,76.0,LS,0.2256364610633267,0.571857596240472,0.5718535744561174,4.457842243122286,0.0645117880776524,CEP,0.414,0.04,0.0407674576102067,0.13875362,0.12359406,CEP,81289.0,Unconstrained,DST,2
313328389,77.0,LS,0.1704838869908708,0.2735631796633165,0.273559353038794,3.772835350500827,0.0664122635498642,DST,0.958,0.04,0.1440595210321067,0.37538522,0.25456405,DST,81478.0,DST,DST,2
313328389,82.0,LS,0.1705136330834747,0.2662514632403029,0.2662454496972125,4.36479596317804,0.0694272387772798,DST,0.919,0.1,0.228174182588653,1.0078235,0.42616597,DST,81495.0,DST,DST,2
313399930,37.0,LS,0.1512273124599483,0.9517270563818752,0.9517269283426828,4.34021197864422,0.0380530324764549,DST,0.919,0.0,0.1220124583802818,1.0977794,0.3892838,DST,117594.0,DST,DST,2
313399930,38.0,LS,0.1512495282810161,0.9600678607588554,0.9600678381198576,4.364048969397118,0.0361690740101039,DST,0.994,0.0,0.0600695729966511,0.44285765,0.25505334,DST,117984.0,DST,DST,2
313399930,64.0,LS,0.1511935493011769,0.9455121770906154,0.9455121434043372,4.4535169315640815,0.0379483052529394,DST,0.964,0.0,0.1407035180796841,0.8907616,0.3539325,DST,118006.0,DST,DST,2
313399930,65.0,LS,0.1511652330810004,0.9310185580130372,0.9310184810112212,4.495944141533983,0.0388016109354794,DST,0.964,0.0,0.1473776156680518,1.0052941,0.38385886,DST,118027.0,DST,DST,2
314529804,12.0,LS,4.551264448113296,0.0575383537489643,0.0439638970806719,2.980562297124834,0.3043404966592788,E,0.976,0.02,0.1489596731680591,0.2923144,0.15516622,E,71119.0,E,DST,2
314529804,39.0,LS,0.1671562129701682,0.2597137393208493,0.2492789652542643,4.133436275327767,0.2182200737297535,DST,0.953,0.1,0.2102081102146156,0.88357055,0.4098045,DST,71135.0,DST,DST,2
314529804,66.0,LS,0.1694469583001335,0.2809385468212272,0.2809364895873056,4.138525054491765,0.2680904231965542,DST,0.889,0.08,0.184415686968327,0.5737783,0.34054428,DST,71159.0,DST,DST,2
315036866,38.0,LS,0.1529845757559211,0.2375443192546113,0.2375429374994524,4.442785162626024,0.0729001453146338,DST,0.96,0.0,0.0515740244696882,0.36159027,0.25804996,DST,112605.0,DST,DST,2
318670307,10.0,LS,0.1683698042922736,0.8024987085747772,0.8024977625039033,4.235052559300129,0.0728539144620299,DST,0.94,0.0,0.0443620738920082,0.00078381365,0.000212154,DST,113404.0,DST,DST,2
318670307,11.0,LS,0.1684111556414537,0.6211098539048735,0.6211091764924327,3.753517565125094,0.1101106312125921,DST,0.993,0.0,0.0244398363333308,0.0034312627,0.00094472093,DST,113423.0,DST,DST,2
318670307,37.0,LS,0.1685663049941103,0.8269941137453007,0.8269940260989167,4.360565260034491,0.0719299400225281,DST,0.86,0.0,0.0356580201357282,8.703791e-05,1.4025823e-05,DST,113444.0,DST,DST,2
318670307,38.0,LS,0.1684352097982588,0.8822853304829954,0.8822853207544162,4.360292805478821,0.0713331950828433,DST,0.944,0.0,0.03604716909828,0.0026476816,0.00079179887,DST,113465.0,DST,DST,2
318670307,64.0,LS,0.1684115740688846,0.8101580777440445,0.8101579914051706,4.466460555351659,0.0798361469060182,DST,0.884,0.0,0.0352831744603571,0.0035228974,0.0017759855,DST,113488.0,DST,DST,2
319376730,65.0,LS,0.1533302881798219,0.9400952517911052,0.9400951718499062,4.474866571348684,0.0168093713000416,DST,0.966,0.0,0.0232585468161706,0.5102906,0.25192386,DST,98148.0,DST,DST,2
322276882,74.0,LS,0.1016822220971365,0.4150984383938563,0.4150984065128338,4.59534661660291,0.0445251353085041,DST,0.96,0.04,0.1505171299221454,0.4955801,0.32631427,DST,145015.0,DST,DST,2
322276882,80.0,LS,0.1122431821373782,0.1460183509661423,0.1458449859103902,5.588334124349785,0.0539724295958876,DST,0.96,0.04,0.1751119641829192,0.7500249,0.36654004,DST,145044.0,DST,DST,2
322418939,64.0,LS,0.1611508613173753,0.3533874102548134,0.3533873659094185,4.560691946211591,0.0614507077261805,DST,0.958,0.0,0.0506063079072164,0.17044857,0.15936382,DST,118970.0,DST,DST,2
322419186,10.0,LS,0.1474993584843219,0.2058801878772095,0.2058411032344704,4.133976945513496,0.0112882303074002,DST,0.934,0.0,0.1114174061805425,0.81796837,0.24223746,DST,124148.0,DST,DST,2
322419186,11.0,LS,0.1577821794140878,0.2751607620195783,0.2751593829523585,3.818950486787571,0.011876905336976,DST,0.952,0.0,0.088781475545296,0.60989726,0.23250806,DST,124172.0,DST,DST,2
329635114,56.0,LS,0.1716754754128741,0.1412734048005583,0.139933277596665,3.93253057288166,0.0174075434915721,DST,0.945,0.08,0.2423387018204067,0.818739,0.35128647,DST,86925.0,DST,DST,2
329635114,57.0,LS,0.1681683625893208,0.3852391282652267,0.3852390776693606,4.237901721062372,0.020345204975456,DST,0.958,0.0,0.0290488140893909,0.025106357,0.010840169,DST,86940.0,DST,DST,2
329635114,76.0,LS,0.1715831698042705,0.1045339440541837,0.1024675083379168,4.861270877547213,0.0188722158782184,DST,0.953,0.12,0.2633275557172093,0.8208331,0.39145586,DST,86956.0,DST,DST,2
329635114,77.0,LS,0.1682323208245902,0.4266835648551054,0.426683057801386,3.636983980602963,0.018974607810378,DST,0.956,0.02,0.100914228927342,0.28646362,0.22682163,DST,86971.0,DST,DST,2
329635114,83.0,LS,0.168256180152494,0.406026934476857,0.4060260887284853,4.463355288669845,0.0171128939837217,DST,0.958,0.0,0.0289485336416198,0.075780675,0.05664504,DST,86987.0,DST,DST,2
329635114,84.0,LS,0.1682847265843294,0.373933103573995,0.3739329935933302,4.37671982817119,0.0206690770573914,DST,0.96,0.0,0.0265052749466969,0.43102178,0.2464555,DST,87002.0,DST,DST,2
329992262,56.0,LS,0.2028946826690222,0.1859485853149887,0.1859482478419988,4.368258680802683,0.1654063165187835,DST,0.908,0.0,0.0485320512651175,0.14169495,0.1133369,DST,89415.0,DST,DST,2
329992262,83.0,LS,7.333975132495758,0.4541440696904275,0.4533751569334194,5.25762803080579,0.2538816630840301,CEP,0.626,0.02,0.1157047345617282,0.24789545,0.1149822,CEP,89249.0,Unconstrained,DST,2
332421641,80.0,LS,0.1864898031501529,0.7426058372597983,0.7426050560653881,4.554679773453245,0.0509054074063897,DST,0.962,0.0,0.0326219803200234,0.23428537,0.17043936,DST,40403.0,DST,DST,2
332430151,80.0,LS,0.1616397017689548,0.3230608523778769,0.3230608195618585,5.071561260523595,0.1164138782769441,DST,0.962,0.0,0.0318150907589464,0.025898414,0.014402554,DST,30988.0,DST,DST,2
335263118,16.0,LS,0.1895923106905902,0.295625156082173,0.2956240086318857,4.428729955248855,0.0111260544508695,DST,0.99,0.0,0.018844585429242,0.34105653,0.18030423,DST,48724.0,DST,DST,2
335263118,17.0,LS,0.1896354272764274,0.4215603226747471,0.4215595315222808,3.959228665872161,0.010296736145392,DST,0.989,0.0,0.0163476726172259,0.118761756,0.040834974,DST,48970.0,DST,DST,2
335263118,24.0,LS,0.1893830136765651,0.2787056455998003,0.2787052095150942,4.161101177232922,0.0123919418547302,DST,0.991,0.0,0.0151433153569487,0.3404366,0.16168301,DST,48544.0,DST,DST,2
335263118,76.0,LS,0.1896064851162703,0.2224633680870973,0.2224631919012135,4.75588065190459,0.0133114657364785,DST,0.958,0.04,0.1471661047931894,0.57754266,0.31283188,DST,48986.0,DST,DST,2
335263118,77.0,LS,0.1896019894626184,0.2155523379304242,0.2155521340493712,3.880994181854476,0.0147211481817066,DST,0.958,0.06,0.1825366549490814,0.48209292,0.30006513,DST,49000.0,DST,DST,2
335263118,83.0,LS,0.1894801718905031,0.2468759143502701,0.2468754401014391,4.653038326687238,0.0135797949042171,DST,0.956,0.02,0.1292116960650234,0.5084027,0.30882418,DST,49013.0,DST,DST,2
336932754,38.0,LS,0.1152019837327741,0.2215088983269988,0.2215088958641697,4.45939636260664,0.1078678388148546,DST,0.954,0.0,0.0587448584984252,0.12115607,0.140649,DST,135026.0,DST,DST,2
337799477,39.0,LS,0.1062569803238662,0.1058582463367452,0.1056034877941573,4.289484789358539,0.0139942392706871,DST,0.96,0.0,0.0398085217007615,0.42136675,0.23675117,DST,39482.0,DST,DST,2
338637985,12.0,LS,0.0693653923623208,0.4547105539188855,0.4547103586565942,3.958358037527205,0.0595048815011978,DST,0.994,0.0,0.0094593868723083,0.38232958,0.19914873,DST,34050.0,DST,DST,2
338637985,66.0,LS,0.0693576355293869,0.6302520739347942,0.6302520726777747,4.112187726193952,0.0830100569874048,DST,0.966,0.0,0.0163629337222882,0.044717096,0.017138952,DST,34082.0,DST,DST,2
338738989,39.0,LS,0.0820054163303184,0.3737458716415329,0.373743964120231,4.564124260394237,0.0466047320514917,DST,0.96,0.02,0.141280005662514,0.98099667,0.39498693,DST,34970.0,DST,DST,2
338738989,66.0,LS,0.0820380260217827,0.4148532435354752,0.414851716889148,4.104444926069846,0.0417187716811895,DST,0.961,0.0,0.072974121440412,0.7605075,0.37121445,DST,35008.0,DST,DST,2
339505131,20.0,LS,0.0561571453727107,0.159682017060926,0.1596817033695346,4.455549848243322,0.0027986755594611,DST,0.953,0.04,0.1692075648427102,0.7645391,0.31076092,DST,144871.0,DST,DST,2
339505131,59.0,LS,0.0561712488444135,0.137405071359511,0.1374050549003486,4.21897871938927,0.0045433049672283,DST,0.956,0.02,0.1315148417479943,0.7768741,0.34526637,DST,144895.0,DST,DST,2
339505131,60.0,LS,0.0561604449171648,0.1147900709855057,0.1147899832936602,4.0032211653924605,0.0044600391993299,DST,0.941,0.08,0.2060059183615849,0.84844387,0.38959292,DST,144932.0,DST,DST,2
339505131,73.0,LS,0.0561659473432055,0.1237374605380735,0.1237371434003054,4.242922150147933,0.0053722626762464,DST,0.944,0.1,0.2693404566714774,0.98310244,0.40179822,DST,144968.0,DST,DST,2
339561272,66.0,LS,0.0883507400982262,0.1966430682206888,0.1966429663277673,3.724386832851451,0.0173323915805667,DST,0.938,0.06,0.1616481363950726,1.1135633,0.39394876,DST,28376.0,DST,DST,2
339568187,39.0,LS,0.101167848603565,0.3708862226300035,0.3708860637348404,4.533071565181672,0.0401136185973882,DST,0.965,0.0,0.0580670095665344,0.4985746,0.29553038,DST,31343.0,DST,DST,2
339568187,66.0,LS,0.1012069481962996,0.4194034318888398,0.4194034039287967,3.863456077233423,0.0375899136997759,DST,0.95,0.0,0.0606630035524124,0.40639073,0.22956586,DST,31186.0,DST,DST,2
339679635,66.0,LS,0.1702183980777517,0.1446010146421791,0.1445995713684946,4.12496565557376,0.008890921017155,DST,0.956,0.1,0.2176547320873129,0.8526841,0.40013486,DST,18884.0,DST,DST,2
340309500,80.0,LS,0.1985338443912851,0.1173256459758755,0.1172616649464613,4.398095571639715,0.0461781118065118,DST,0.926,0.02,0.1115464029003176,0.29204172,0.24444558,DST,85987.0,DST,DST,2
340406380,66.0,LS,0.1068544668648872,0.4516336926602405,0.4516336389735672,4.10435609803244,0.0183547718916088,DST,0.963,0.0,0.0115360998608715,0.1438221,0.09914438,DST,26195.0,DST,DST,2
341391318,66.0,LS,0.0901060877508908,0.1147741745045648,0.1147740671732666,4.106213831608329,0.0238429708406329,DST,0.951,0.1,0.2343669771960205,0.8681229,0.37946448,DST,25865.0,DST,DST,2
341515355,66.0,LS,0.0527579654846386,0.3728178315776031,0.3728175350586971,4.060460474764113,0.0382012431509792,DST,0.961,0.0,0.0214971253892235,0.25708288,0.17502849,DST,2686.0,DST,DST,2
341515540,66.0,LS,0.078275408601085,0.8931043426887152,0.8931042764058728,4.077918683640746,0.037391607183963,DST,0.964,0.0,0.0182499972602737,0.3274085,0.17808335,DST,8311.0,DST,DST,2
342758031,56.0,LS,0.167145737845761,0.669210287963417,0.6692098965585985,4.339353891646169,0.054501611739397,DST,0.956,0.04,0.1306037916754333,0.52310747,0.3049701,DST,104908.0,DST,DST,2
342758031,57.0,ACF,0.1666643111202574,0.8895459423558623,1.7076460084810932,35.2121060639731,0.0528506655246019,DST,0.957,0.02,0.1031891467161154,0.5333338,0.30884323,DST,104933.0,DST,DST,2
342758031,76.0,LS,0.1671358416202751,0.6620592222397549,0.6620591696210973,4.447784410898748,0.0530173256993293,DST,0.958,0.0,0.0351087225629187,0.03142363,0.018520674,DST,104946.0,DST,DST,2
342758031,77.0,ACF,0.1666674583611893,0.8885699698884991,1.7002623513028974,35.27782438586565,0.0527044432237744,DST,0.959,0.0,0.0435191911689544,0.51416296,0.28093484,DST,104975.0,DST,DST,2
342758031,83.0,ACF,0.1666677960274682,0.8875795286975536,1.7142778172719249,35.25452092237003,0.0498755369335413,DST,0.958,0.06,0.2076666713750668,0.8972813,0.41002893,DST,104993.0,DST,DST,2
342758031,83.0,LS,0.1671118036074191,0.6696835550323829,0.6696829819658889,4.398359630136838,0.0498755369335413,DST,0.958,0.0,0.0695298036815867,0.19406518,0.14561369,DST,104989.0,DST,DST,2
342758031,84.0,ACF,0.3333288522844668,0.7587231640724059,1.4635780662177726,35.50965775208171,0.055979574099183,ELL,0.97,0.02,0.151721219346537,0.22260328,0.14317745,ELL,105014.0,ELL,DST,2
347395564,58.0,LS,0.1649585313293131,0.4882632700223465,0.4882632320042151,4.569170952971035,0.0433953013271093,DST,0.959,0.02,0.1187374650226288,0.34320664,0.23437116,DST,26005.0,DST,DST,2
347684339,58.0,LS,0.1696164155241761,0.6937027965346417,0.6937017083710129,4.429424010562798,0.0153909134678542,DST,0.958,0.0,0.0286132836284128,0.21956228,0.15444034,DST,28401.0,DST,DST,2
347690352,58.0,LS,0.1677685730206256,0.3044937498659934,0.3043258833217173,4.45474035987354,0.05171206779778,DST,0.958,0.02,0.1442920593795791,0.7502866,0.38812998,DST,14587.0,DST,DST,2
347690912,58.0,LS,0.1790398716790198,0.2743881158243091,0.2743467998973066,4.602224789279717,0.0435130624100565,DST,0.908,0.02,0.1056786373871275,0.189211,0.16929005,DST,25823.0,DST,DST,2
348023621,58.0,LS,0.1845230981859685,0.3969226269505371,0.3969192150553429,4.482973766866053,0.0481907883659005,DST,0.962,0.0,0.0362552065226499,0.29795456,0.20373781,DST,25933.0,DST,DST,2
348024308,58.0,LS,0.1316019155331547,0.8895715454588656,0.8895715410579711,4.426405292284471,0.0276003265753388,DST,0.962,0.0,0.019546089122891,0.098340526,0.06948742,DST,22328.0,DST,DST,2
348130420,66.0,LS,0.202545105140285,0.3039838948448701,0.3039766798797358,3.967436703140265,0.0349571881815791,DST,0.961,0.02,0.1107031779128314,0.4713393,0.2646222,DST,42934.0,DST,DST,2
348142872,58.0,LS,0.2025980819585375,0.3745986022447091,0.3745977840084893,4.387069780132151,0.0508404430001974,DST,0.945,0.04,0.1820356404663658,1.0167115,0.37778395,DST,12138.0,DST,DST,2
348144325,58.0,LS,0.1578327338161025,0.2863490772757694,0.2863485086126345,4.401806356167072,0.0185755465645343,DST,0.91,0.0,0.0389936610232996,0.14114496,0.1308029,DST,40817.0,DST,DST,2
348443241,58.0,LS,0.1927358439773327,0.5907778603458302,0.590777477084194,4.446626401866524,0.0335425580851733,DST,0.956,0.0,0.0341656201465742,0.09978458,0.101069264,DST,11970.0,DST,DST,2
348607417,58.0,LS,0.1620784312304372,0.8227798106224508,0.8227797090593962,4.450652803607227,0.028996504843235,DST,0.964,0.0,0.0336308429867584,0.40468884,0.20506848,DST,9622.0,DST,DST,2
348669777,58.0,LS,0.1394136286656086,0.3031707165807397,0.3031702249594276,4.365240919025382,0.0441098818555474,DST,0.944,0.0,0.0267996716397794,0.077135004,0.047819324,DST,115368.0,DST,DST,2
356329943,59.0,LS,0.1569733735912802,0.1137437371718635,0.1137397015177814,4.2386392620137485,0.0200371211394667,DST,0.91,0.0,0.0657938720550781,0.26999223,0.20420504,DST,37594.0,DST,DST,2
356329943,73.0,LS,1.1672471268530586,0.297270374371787,0.2971734475616759,5.080849863039475,0.0233268784359097,CEP,0.473,0.04,0.0742040430165365,0.4938711,0.28220576,CEP,37618.0,Unconstrained,DST,2
358347559,80.0,LS,0.1751258370075731,0.5295010750116378,0.5294988120620535,4.318404409863433,0.0373714719898998,DST,0.959,0.0,0.0281050600426328,0.13820708,0.06639011,DST,4188.0,DST,DST,2
359432457,58.0,LS,0.1151911878013212,0.1243090215860191,0.1243085969714227,4.378290145170467,0.0251917610876262,DST,0.962,0.02,0.0925595937761181,0.41911092,0.24230452,DST,48087.0,DST,DST,2
359432457,78.0,LS,0.1151682182215574,0.1012350451089761,0.1012301898893295,4.405999199798316,0.02525549614802,DST,0.96,0.0,0.0233023947267228,0.1446268,0.108464465,DST,48108.0,DST,DST,2
361324132,14.0,LS,0.1522244545046102,0.7820548524532207,0.7820545844101708,4.517933798507329,0.0455919886007905,DST,0.994,0.0,0.0362401103751078,0.9024481,0.3124295,DST,99730.0,DST,DST,2
361324132,41.0,LS,0.1522109923100655,0.8260506984228264,0.8260506675430053,4.451498994823851,0.0526339141651988,DST,0.966,0.0,0.0365458397085085,0.41156572,0.23400304,DST,99746.0,DST,DST,2
361324132,54.0,LS,0.1522381936233555,0.8094383545305479,0.8094378515439521,4.28361115662301,0.0460541946813464,DST,0.966,0.0,0.0499699909945959,0.335339,0.21957836,DST,99775.0,DST,DST,2
366108295,17.0,LS,0.0771642205076711,0.4021747106504345,0.4021745991356303,3.964661663709876,0.0217082374729216,DST,0.994,0.0,0.023691483701955,0.4880209,0.19705692,DST,49074.0,DST,DST,2
366108295,24.0,LS,0.0771669611332925,0.2544801634791676,0.2544800826141763,4.391069197739398,0.0262474524788558,DST,0.985,0.0,0.0219564660180093,0.6468798,0.2727539,DST,49026.0,DST,DST,2
366108295,58.0,LS,0.077188055666459,0.5899233680692196,0.5899233205306096,4.35596314614304,0.0202290969900786,DST,0.95,0.0,0.0256075301425186,0.05561308,0.028091965,DST,49100.0,DST,DST,2
366108295,78.0,LS,0.0771650361345323,0.5127144899357583,0.5127140908986153,4.468475146513811,0.0196123938076198,DST,0.96,0.0,0.0221299435155175,0.28902334,0.17242551,DST,49144.0,DST,DST,2
367696285,77.0,LS,0.1358229999557772,0.1939695810456397,0.1939694402570332,3.920753675956803,0.0145423715002834,DST,0.96,0.02,0.1133303066262506,0.4336863,0.26400402,DST,54549.0,DST,DST,2
367696285,84.0,LS,0.1357998987921225,0.1828500611649174,0.1828489332519682,4.392406611852493,0.0125834834761917,DST,0.95,0.06,0.1802781140349543,0.5029998,0.30699244,DST,54578.0,DST,DST,2
370128780,18.0,LS,0.2045406877878365,0.1578215998136499,0.1578171990722234,4.256031755099684,0.0209555239416658,DST,0.97,0.0,0.0306104557300279,0.9690146,0.217817,DST,35283.0,DST,DST,2
371982376,57.0,LS,0.1909494232047054,0.3864227317965766,0.3864223909723929,4.121525812937762,0.0234278384596109,DST,0.962,0.04,0.1398198898583459,0.545918,0.30599478,DST,89673.0,DST,DST,2
371982376,84.0,LS,0.1910069772262857,0.3671329726384646,0.3671314540357542,4.14536164789024,0.0221289787441492,DST,0.962,0.0,0.0239841280850482,0.2897739,0.19367951,DST,89687.0,DST,DST,2
372115762,58.0,LS,0.1903534961188452,0.940231921391816,0.94023156939216,4.515504281778703,0.0503425858914852,DST,0.964,0.02,0.1173488815455861,0.22197135,0.18718098,DST,115944.0,DST,DST,2
372507069,58.0,LS,0.1962653531562647,0.471622107353586,0.4716206198549826,4.369346526542358,0.0396053306758403,DST,0.96,0.0,0.0367828003284143,0.17698552,0.09044272,DST,56784.0,DST,DST,2
372507069,78.0,LS,0.196168998548656,0.4793097578244047,0.4793075451734007,4.307947268380303,0.0360532663762569,DST,0.96,0.02,0.1705523450439776,0.89379954,0.38611618,DST,56795.0,DST,DST,2
372724218,18.0,LS,0.1855520663278086,0.6208017085000708,0.6207993852866939,4.257910428377272,0.0681841094046831,DST,0.987,0.0,0.1672876134087637,1.0735404,0.30667177,DST,13134.0,DST,DST,2
372724218,24.0,LS,0.1853929971103188,0.6140026631288897,0.6139986760598318,4.447823096651064,0.055890567600727,DST,0.998,0.0,0.0071742874210614,0.11283948,0.0318163,DST,13115.0,DST,DST,2
372724218,25.0,LS,0.1856143328384226,0.6597294566950159,0.6597275212437627,4.166066116667025,0.0485730450600385,DST,0.996,0.0,0.034365308088245,0.6633296,0.30091017,DST,13099.0,DST,DST,2
372724218,52.0,LS,0.1853639357290382,0.7350631727141468,0.7350617834651288,4.402439120560302,0.0479364488273859,DST,0.966,0.0,0.023338380406532,0.22675769,0.15013807,DST,13152.0,DST,DST,2
372724218,58.0,LS,0.1854955696782282,0.76331202838098,0.7633117386282658,4.414768778711732,0.0494095170870423,DST,0.962,0.0,0.1179778216445786,0.81456226,0.34838948,DST,13431.0,DST,DST,2
372724218,78.0,ACF,0.3703690809925319,0.7588727722686458,1.549110164132116,39.92077796131184,0.0479098223149776,ELL,0.979,0.0,0.0421397484567717,0.096103735,0.050166722,ELL,13181.0,ELL,DST,2
374033955,52.0,LS,0.1926731176463821,0.3617423607361371,0.3617418857093715,4.462246034987402,0.0196609506383538,DST,0.962,0.0,0.0247270216564793,0.13496351,0.13412899,DST,12056.0,DST,DST,2
374033955,58.0,LS,0.1927357430424963,0.3945106167112554,0.3945099444271714,4.346832872743107,0.0197772472165524,DST,0.956,0.02,0.1125175257459921,0.3284533,0.2394392,DST,12017.0,DST,DST,2
374781452,58.0,LS,0.1419841324494157,0.0988098143596651,0.0988089218641169,4.332066406146623,0.0113604706712067,DST,0.928,0.04,0.1610601130013263,0.44660014,0.295927,DST,30608.0,DST,DST,2
374982274,58.0,LS,0.2040891689272608,0.6187286657733365,0.6187284885256649,4.408608836616622,0.0430132076144218,DST,0.962,0.02,0.1026259694229486,0.33523184,0.20632508,DST,29512.0,DST,DST,2
376749374,37.0,LS,0.1604199921228615,0.7714916630527971,0.7714915743420389,4.180030443446412,0.0175343989394605,DST,0.962,0.0,0.0277106477730131,0.30996263,0.22387755,DST,135223.0,DST,DST,2
376749374,38.0,LS,0.160529873248727,0.7349503420543315,0.7349499452958105,4.433045130199389,0.0181583920493721,DST,0.962,0.0,0.0182990272965532,0.15842408,0.10028155,DST,135434.0,DST,DST,2
376749374,64.0,LS,0.1603824712957405,0.6725742861573851,0.6725741446386264,4.47344079987306,0.0203040475025773,DST,0.958,0.0,0.0534563597713125,0.15186277,0.13565381,DST,135459.0,DST,DST,2
377895204,57.0,LS,0.1184393811867512,0.4968428009277855,0.4968426787090106,4.280549154322216,0.0397692946717143,DST,0.888,0.08,0.2434613102733163,0.75210994,0.3964138,DST,73208.0,DST,DST,2
377895204,58.0,LS,0.1184388139967848,0.5307551523744171,0.5307551115669489,4.53198852512287,0.0233213044703006,DST,0.938,0.0,0.024890190838963,0.040564857,0.04154525,DST,73236.0,DST,DST,2
377895204,77.0,LS,0.1185002215049063,0.5244220952505937,0.5244202015129333,3.7547967024947866,0.02196054905653,DST,0.958,0.0,0.0219111295920588,0.099203624,0.08290486,DST,73265.0,DST,DST,2
377895204,78.0,LS,0.118551632731266,0.5469761122903966,0.5469755344280108,4.436676157774855,0.0214283331297338,DST,0.961,0.0,0.0174198048209501,0.12461339,0.063466355,DST,73297.0,DST,DST,2
377895204,84.0,LS,0.1185443260683029,0.5233001149508023,0.523299516221213,4.363878386604483,0.0232383282855153,DST,0.888,0.0,0.0245988292404333,0.0011130647,0.00065482006,DST,73317.0,DST,DST,2
378373246,77.0,LS,0.1690399325225179,0.3439759588759425,0.343975062556574,3.7848560859201834,0.0410135835409164,DST,0.958,0.0,0.0885195661986659,0.511762,0.27693492,DST,63413.0,DST,DST,2
378373246,78.0,LS,0.1689480939491894,0.4021492499396398,0.4021472779892604,4.43197686413987,0.0340641033835709,DST,0.962,0.0,0.0172973986483517,0.18288878,0.10222801,DST,63434.0,DST,DST,2
378373328,78.0,LS,0.0930854822070793,0.3936406621949864,0.3936395287143319,4.313670894727693,0.038793368730694,DST,0.96,0.0,0.0204481392796508,0.023024192,0.010289021,DST,59755.0,DST,DST,2
378373750,77.0,LS,0.1648685658899083,0.8242225751083937,0.8242224853998907,3.772144681559439,0.0607900414615869,DST,0.965,0.0,0.1177002022088322,0.48906845,0.27284056,DST,69351.0,DST,DST,2
378373750,78.0,LS,0.1649514686290815,0.8212423577220581,0.8212422421327932,4.396396894439022,0.0640047900378704,DST,0.966,0.0,0.0335999999999999,0.5526477,0.29419774,DST,69370.0,DST,DST,2
378429048,14.0,LS,0.1532691101129336,0.9115456552756996,0.9115443342857708,4.412711565334575,0.0278259138576686,DST,0.985,0.0,0.0679915759487894,1.1936061,0.34022784,DST,98570.0,DST,DST,2
378429048,40.0,LS,0.1531958111381582,0.9577385180987524,0.957738298771322,4.408495398873129,0.0228996342048048,DST,0.914,0.0,0.1829865175361288,1.0576115,0.42977577,DST,98586.0,DST,DST,2
378429048,41.0,LS,0.1532639703688067,0.9778354657248024,0.9778354281723372,4.316166019911179,0.023527517914772,DST,0.98,0.0,0.1038896029446642,1.0796602,0.39858907,DST,98609.0,DST,DST,2
378429048,81.0,LS,0.1533424651406052,0.9030985980635808,0.9030984270547764,4.331276113691274,0.0293566053733229,DST,0.964,0.0,0.0190917364322892,0.29548597,0.17864412,DST,98631.0,DST,DST,2
380435021,39.0,LS,0.1184346373771115,0.1334598038904947,0.1279368022718831,4.766593191536231,0.1174227520823478,DST,0.962,0.02,0.1068597286165373,0.26646546,0.21323057,DST,22484.0,DST,DST,2
380435021,66.0,LS,0.1172174844881865,0.4644505517264549,0.4644505084951413,4.1922105294397625,0.1038420852273702,DST,0.966,0.0,0.0165096820078401,0.37490004,0.19448273,DST,22509.0,DST,DST,2
380733445,11.0,LS,0.1438626858534256,0.1235739533541626,0.1031071871395259,3.439134251096675,0.043411343358457,DST,0.967,0.0,0.0513561525038626,0.6689066,0.28719473,DST,95901.0,DST,DST,2
380733445,65.0,LS,0.1422101836783509,0.4345055933974392,0.4345055805553566,4.430014482466504,0.0347379664890468,DST,0.96,0.08,0.2207029678096785,1.0881332,0.4218386,DST,95921.0,DST,DST,2
384533802,16.0,LS,0.1961087628768898,0.1149839637270966,0.1135788891433559,3.248820164510562,0.0824232120066881,DST,0.971,0.08,0.2262903055811273,0.9921079,0.3160648,DST,66048.0,DST,DST,2
384533802,56.0,LS,0.193608969200325,0.663976034394694,0.6639760312442669,4.477509293159528,0.0885688979178667,DST,0.955,0.0,0.1060489245584319,0.938957,0.39121908,DST,66099.0,DST,DST,2
384533802,76.0,LS,0.1936780769936537,0.6923991270157536,0.6923975095202834,4.404437938668707,0.0837274361401796,DST,0.698,0.0,0.1899094689582381,1.2094877,0.42623875,DST,66199.0,Unconstrained,DST,2
384533802,83.0,LS,0.1935961968166744,0.6894213058610064,0.6894210329499062,4.407776270636532,0.0834111776202917,DST,0.951,0.0,0.1177227658526591,1.0180454,0.40562466,DST,66066.0,DST,DST,2
385457089,35.0,LS,0.1290182628816006,0.254877226115319,0.2548767962856612,3.932869724225384,0.008834947948344,DST,0.94,0.0,0.0245619543196383,0.01683984,0.0069660703,DST,145629.0,DST,DST,2
385457089,36.0,LS,0.128941984467107,0.1845314263781013,0.1845308278538518,4.310870974660247,0.0093965977430343,DST,0.92,0.0,0.028920968171899,0.046077967,0.05213025,DST,145659.0,DST,DST,2
385457089,37.0,LS,0.129039901815352,0.1960314884041444,0.1960313733020463,4.301938002449788,0.0095589034026488,DST,0.951,0.0,0.0358062340940791,0.1374299,0.13236625,DST,145683.0,DST,DST,2
385457089,62.0,LS,0.1289134272111552,0.2335507291886308,0.2335500301675948,4.316770921701391,0.0102376309223473,DST,0.964,0.0,0.0139367715056249,0.25064066,0.10898149,DST,146503.0,DST,DST,2
385457089,64.0,LS,0.1290105221463341,0.2464047544218079,0.2464046706670353,4.500492426137498,0.0105235131923109,DST,0.958,0.0,0.03098128467317,0.09512141,0.050959826,DST,145704.0,DST,DST,2
385997834,65.0,LS,0.167831321389484,0.2147754749899008,0.2147701983874668,4.516518974814971,0.0195185781922191,DST,0.862,0.0,0.0583422179900627,0.15621257,0.17313807,DST,106594.0,DST,DST,2
387153140,80.0,LS,0.081167322615409,0.4592407049084681,0.4592405637335129,4.255035058617068,0.0238276505842804,DST,0.961,0.02,0.1220591397642962,0.7668458,0.37594506,DST,1161.0,DST,DST,2
388353881,61.0,LS,0.0825513740197298,0.0969727180309399,0.0969717181927893,4.279455020594469,0.0305607821792364,DST,0.952,0.06,0.1920754060258626,0.826924,0.33062214,DST,125784.0,DST,DST,2
388353881,62.0,LS,0.098374932010497,0.3065428949971551,0.3065427721101689,4.387798611453036,0.0295546231791377,DST,0.964,0.0,0.0166819183549134,0.49610233,0.21979077,DST,125820.0,DST,DST,2
388353881,63.0,LS,0.0983950167554823,0.2608076348231828,0.2608074350088146,4.400990273854404,0.0301381386816501,DST,0.945,0.0,0.0682070377600435,0.1856541,0.1761053,DST,125846.0,DST,DST,2
389024738,84.0,LS,0.1696155065857847,0.3682621440150418,0.3682616748651707,4.433255460393411,0.0236544199287891,DST,0.962,0.0,0.0589391686402175,0.63874704,0.30110288,DST,48799.0,DST,DST,2
390596947,11.0,LS,0.1573447613041517,0.2593926485637396,0.2384525579515679,3.410889615554879,0.2455074153840541,DST,0.991,0.0,0.0331830318084408,1.0479705,0.30988547,DST,102935.0,DST,DST,2
390596947,12.0,LS,0.1588950583829924,0.9285305000086904,0.928530430283584,4.097179316013353,0.1546050328761339,DST,0.749,0.0,0.1063785617500067,0.44255453,0.23675121,DST,102957.0,Unconstrained,DST,2
390596947,65.0,LS,0.1589810360900158,0.9511392169209628,0.951139192306116,4.456692070325516,0.1552941463887691,DST,0.729,0.0,0.1402186635223713,0.7067188,0.30479893,DST,102996.0,Unconstrained,DST,2
391082033,14.0,LS,0.106399890040364,0.9507268064306004,0.9507262997964304,4.401256536677465,0.0835808832198381,DST,0.99,0.0,0.0666753447685124,1.1717832,0.34058657,DST,135387.0,DST,DST,2
391082033,41.0,LS,0.1063891810291542,0.9619070735819985,0.961907050147684,4.381087153269618,0.0715260067954659,DST,0.8180000000000001,0.0,0.1935238031871015,1.0008638,0.41716987,DST,135249.0,DST,DST,2
391082033,54.0,LS,0.1063937546658167,0.9669574998087248,0.9669574934305804,4.328254651356474,0.0694375578314066,DST,0.783,0.0,0.1878263197744128,0.86220896,0.3714892,DST,135519.0,Unconstrained,DST,2
392965683,54.0,LS,0.1636397967429039,0.2845392070442767,0.2503390759184268,5.214378959910391,0.0825317855924367,DST,0.974,0.0,0.0667997724547022,0.97262216,0.31313938,DST,67217.0,DST,DST,2
392965683,81.0,LS,0.1655468671718417,0.4306974722753003,0.4306970623529277,4.15375550479439,0.10654560290277,DST,0.968,0.0,0.0264816917888566,0.3807478,0.21246669,DST,67237.0,DST,DST,2
395085556,56.0,LS,1.222691302764261,0.3101228008024433,0.3101054421884704,4.443303178057249,0.0540974223986268,CEP,0.51,0.0,0.0622125517882042,0.3204432,0.2555255,CEP,92721.0,Unconstrained,DST,2
395085556,57.0,LS,1.2184867999300724,0.3005041696644526,0.3005036684781977,4.21354388409236,0.0549559807404875,CEP,0.496,0.0,0.0744644881806086,0.5959683,0.31722492,CEP,92746.0,Unconstrained,DST,2
395085556,83.0,LS,1.2223127706622152,0.4264933092643795,0.4264815583567535,4.593681656897388,0.0536738662049174,CEP,0.507,0.04,0.0731725522310107,0.9531488,0.41173413,CEP,92797.0,Unconstrained,DST,2
395085556,84.0,LS,0.1314970054607679,0.1354605066458518,0.1354600629474341,4.356606557448686,0.0475713144987821,DST,0.92,0.12,0.2586337178327683,0.90841013,0.41906604,DST,92864.0,DST,DST,2
397221078,11.0,LS,0.1621061648266178,0.2124728250954539,0.2124722436842373,3.582394639845233,0.0651246029883623,DST,0.976,0.0,0.0483994876005934,0.7429001,0.28105557,DST,102369.0,DST,DST,2
397221078,12.0,LS,0.1642489299083009,0.3631740856062758,0.3601791805847351,3.7408038263115486,0.0605095084756612,DST,0.998,0.0,0.0098676035591221,0.6328374,0.16178453,DST,102390.0,DST,DST,2
397221078,38.0,LS,0.1605343645574467,0.320048479602914,0.320047897837224,4.532501129664524,0.0506732007488608,DST,0.966,0.0,0.0760007999957895,0.44336623,0.24864167,DST,102412.0,DST,DST,2
397221078,65.0,LS,0.1637941309271382,0.2217648331946462,0.2210519378681579,5.44925213280294,0.052050407975912,DST,0.956,0.0,0.0393601626012901,0.04619819,0.022386232,DST,102443.0,DST,DST,2
400381778,57.0,LS,0.1768592055134558,0.2660173502281534,0.2660173408375726,4.21277273229498,0.0551059562712907,DST,0.962,0.0,0.0164941686665318,0.24181381,0.11607843,DST,59494.0,DST,DST,2
400381778,58.0,LS,0.1949004265326044,0.261614854354821,0.2616029626988663,4.252919334132457,0.0381276407279074,DST,0.962,0.0,0.0765885108877304,0.49858963,0.28210852,DST,59697.0,DST,DST,2
400381778,77.0,LS,0.1948654788620243,0.2887048983867459,0.2886989970148117,3.383752822661336,0.0448715547099709,DST,0.962,0.0,0.0328824330000077,0.32965845,0.2131345,DST,59783.0,DST,DST,2
400381778,78.0,LS,0.1951422256753655,0.2745079176320765,0.2742660924872646,4.286458693515669,0.038677966222167,DST,0.958,0.0,0.036722440006078,0.22351214,0.1538227,DST,59710.0,DST,DST,2
400381778,84.0,LS,0.1768408680107734,0.3780810569602257,0.3780800091400897,4.4530221701315895,0.0396858202293515,DST,0.939,0.0,0.0430822283546243,0.0064800433,0.0021285582,DST,59797.0,DST,DST,2
406898276,57.0,LS,0.1034438323559982,0.3035738502299829,0.3035736138800382,4.216371294740384,0.03080211346969,DST,0.942,0.0,0.0567775871273163,0.18818915,0.17770198,DST,45268.0,DST,DST,2
406898276,58.0,LS,0.1034910999519599,0.3183912513050518,0.318391043440728,4.421298662098707,0.0281812343746423,DST,0.949,0.0,0.0333874467427504,0.17438069,0.15184352,DST,45300.0,DST,DST,2
406898276,77.0,LS,0.1034681199069862,0.3488372370920382,0.3488366088635791,3.786421187749511,0.0297182262875139,DST,0.929,0.0,0.1000506191884887,0.26666424,0.22321859,DST,45330.0,DST,DST,2
406898276,78.0,LS,0.1035118233591353,0.3138199466231924,0.3138168222923216,4.44593702311613,0.0324389198794961,DST,0.948,0.0,0.0278874595472588,0.09622788,0.09300595,DST,45365.0,DST,DST,2
406898276,84.0,LS,0.1034891503014885,0.3539333809811241,0.3539331400897365,4.419774169567972,0.0323088956065475,DST,0.962,0.04,0.1398858105741965,0.44500884,0.26589876,DST,45388.0,DST,DST,2
410100465,39.0,LS,0.1356109795208357,0.1090730731213294,0.1090700629179585,4.742226601372749,0.0232852017506957,DST,0.958,0.04,0.1353943514331377,0.9360999,0.39784843,DST,51841.0,DST,DST,2
410100465,65.0,LS,0.1356878480443236,0.136187469596961,0.1360307381305199,4.196505618383526,0.0282536214217543,DST,0.961,0.04,0.1536148378249965,0.75508696,0.34983283,DST,52064.0,DST,DST,2
410521615,16.0,LS,0.1004755824602303,0.2586999581067259,0.258690579307612,4.257126348104748,0.0124612951185554,DST,0.99,0.0,0.0160539590132776,0.56089795,0.25530964,DST,72253.0,DST,DST,2
410521615,17.0,LS,0.1005370988996212,0.3177723674273897,0.3177722551435919,4.1819052416326485,0.0112323812209069,DST,0.998,0.0,0.0037042678088928,0.30422986,0.07778077,DST,72228.0,DST,DST,2
410521615,24.0,LS,0.0895593915305379,0.3206757335558858,0.320675593729065,4.334928106009102,0.0117300543934106,DST,0.994,0.0,0.015441295282456,0.04142933,0.012337352,DST,72198.0,DST,DST,2
410521615,56.0,LS,0.1005047812541408,0.2783025813540417,0.2783009105892321,4.557979969915323,0.0121608201880007,DST,0.955,0.0,0.0289772324420397,0.06281441,0.026804462,DST,72279.0,DST,DST,2
410521615,57.0,LS,0.1005400412954024,0.2709693944079922,0.2709674679713992,4.152333498001099,0.0135820952709764,DST,0.954,0.0,0.0648784216824052,0.4085685,0.26207578,DST,72311.0,DST,DST,2
410521615,76.0,LS,0.1005044534022357,0.2613592286015048,0.2613548777439075,4.4186781264106685,0.0127222877927124,DST,0.958,0.04,0.1603341710303826,0.6089638,0.3513061,DST,72343.0,DST,DST,2
410521615,77.0,LS,0.0895950887274733,0.3333414292584692,0.333341286638081,3.7740975575616176,0.0124588643666356,DST,0.949,0.0,0.0220720275461951,0.05460137,0.03521184,DST,72377.0,DST,DST,2
410521615,83.0,LS,0.1005463905211318,0.3281618021443859,0.3281617633042334,4.396196697187406,0.014440327649936,DST,0.942,0.0,0.0280453632531297,0.096030764,0.120325476,DST,72414.0,DST,DST,2
410521615,84.0,LS,0.0895878245060573,0.2878453451594432,0.2878446836536396,4.360448913052096,0.0124419736675918,DST,0.96,0.0,0.0296075936205561,0.47540087,0.24128672,DST,72445.0,DST,DST,2
422107454,56.0,LS,0.2029117212245538,0.2969995790618789,0.296996397352055,4.298958235176542,0.0297800567932426,DST,0.96,0.0,0.0412883712442135,0.15997295,0.13520287,DST,84431.0,DST,DST,2
422107454,57.0,LS,0.2030839125516829,0.2261255666922379,0.2261245574192976,4.088061288224708,0.0329338759183883,DST,0.938,0.04,0.1350965580612622,0.47351894,0.2976821,DST,84449.0,DST,DST,2
422107454,77.0,LS,0.2030480864326634,0.1880613051271469,0.1880388074416369,3.862386516277184,0.0318428128957748,DST,0.944,0.0,0.0481771564125571,0.33664787,0.19873954,DST,84378.0,DST,DST,2
422107454,83.0,LS,0.2030581154731216,0.2057673673334651,0.2057595037405987,4.548249322499032,0.0371158402413129,DST,0.884,0.0,0.041602403776705,0.04644267,0.04784337,DST,84472.0,DST,DST,2
422107454,84.0,LS,0.2030557429240362,0.2304565666862276,0.2304553290279603,4.41478186090535,0.031175201293081,DST,0.96,0.0,0.0880346204626339,0.2907723,0.2021072,DST,84489.0,DST,DST,2
423037817,58.0,LS,0.1472660221085883,0.0951561131133677,0.0951559365475713,4.34757118372363,0.0094104558229446,DST,0.951,0.06,0.2223245231637751,1.0014882,0.39509383,DST,8262.0,DST,DST,2
429651507,57.0,LS,0.1201192568422099,0.0995024694623549,0.099502404673793,4.280213748294045,0.0059185858117416,DST,0.947,0.06,0.1859035620960502,0.78753996,0.39061898,DST,90480.0,DST,DST,2
429651507,76.0,LS,0.7397840550259668,0.1841949418543434,0.1841910714872075,4.529913344878878,0.00699729018379,CEP,0.455,0.02,0.0709145288357752,0.13602494,0.07148313,CEP,90506.0,Unconstrained,DST,2
429651507,77.0,ACF,0.7384312161238995,0.3300849885514493,0.4962654917902693,141.43539948520606,0.0059790851082652,CEP,0.458,0.0,0.047222774166709,0.11070147,0.104657635,CEP,90205.0,Unconstrained,DST,2
429651507,77.0,LS,0.6587181926065225,0.0526859978149407,0.052657074719129,3.46964769391343,0.0059790851082652,CEP,0.439,0.08,0.0896756466383153,0.5213523,0.26829168,CEP,90195.0,Unconstrained,DST,2
429651507,83.0,LS,0.7377313215201379,0.169763049812344,0.1697525556563987,4.258576707194152,0.0063297880114987,CEP,0.453,0.04,0.0616948490556545,0.37172538,0.24310812,CEP,90218.0,Unconstrained,DST,2
429651507,84.0,LS,0.7398662646213273,0.1724627736028409,0.1724570233694921,4.5190906486568565,0.0058548641391098,CEP,0.458,0.06,0.061383893652977,0.30869132,0.18552569,CEP,90304.0,Unconstrained,DST,2
429863444,43.0,LS,0.1404088013659776,0.7011094460921844,0.7011091847917224,4.2043184678595935,0.0100431113969534,DST,0.964,0.0,0.0240806644426602,0.3046929,0.18852012,DST,31500.0,DST,DST,2
429863444,44.0,LS,0.1404443321817242,0.7067812696716501,0.7067807122329847,4.217295470590216,0.0097881432157009,DST,0.966,0.0,0.0139427400463467,0.16600017,0.10054695,DST,31526.0,DST,DST,2
429863444,45.0,LS,0.1404102080698756,0.7000144325604778,0.7000141523627941,4.262078632301382,0.0100841466337442,DST,0.962,0.0,0.0173297432179475,0.22620852,0.15056135,DST,31259.0,DST,DST,2
429863539,43.0,LS,0.164123303693431,0.0729944412704966,0.0729933656292179,4.267021015507453,0.0391858164221048,DST,0.887,0.06,0.1823374629635939,0.45242983,0.31865254,DST,26834.0,DST,DST,2
429863539,44.0,LS,0.1639541381039784,0.0656029874559437,0.0656028017879242,4.246526731318227,0.0399982370436191,DST,0.938,0.0,0.0847267985940694,0.28411895,0.22081067,DST,26941.0,DST,DST,2
429863539,45.0,LS,0.1641256174324908,0.1038190970787144,0.1038181204109975,4.281662693279031,0.0390858156606555,DST,0.905,0.02,0.1268876668553725,0.5498371,0.35468227,DST,27001.0,DST,DST,2
430460842,16.0,LS,0.2020435989908455,0.2491363990677946,0.2475880822267379,4.197113428187549,0.0557555770501494,DST,0.98,0.0,0.0382020104183012,0.5935772,0.2643579,DST,91909.0,DST,DST,2
430460842,17.0,LS,0.2019302065756434,0.2648224369922172,0.2643116612357514,4.6499766055048894,0.051726009696722,DST,0.917,0.02,0.148156652229996,0.58901656,0.26590332,DST,91896.0,DST,DST,2
430460842,56.0,LS,0.2020285472104839,0.3139609413040942,0.3138013782624848,4.268405465565593,0.0516190147027373,DST,0.951,0.06,0.2033425680963039,0.8398813,0.3583973,DST,92055.0,DST,DST,2
430460842,57.0,ACF,0.210644641433646,0.8875500044818867,1.6994789248052504,44.74403605117375,0.0536176934838295,DST,0.723,0.04,0.0982772323582629,0.2505417,0.19999336,DST,91883.0,Unconstrained,DST,2
430460842,76.0,ACF,0.4189745772914648,0.8143934034954461,1.5675199516728668,44.1219849920856,0.0543472450226545,ELL,0.96,0.02,0.1280001562499046,0.1112022,0.1064902,ELL,92074.0,ELL,DST,2
430460842,77.0,LS,0.2021714218254983,0.2665641779280848,0.2631576413321025,3.630364131800889,0.0499682454392313,DST,0.955,0.02,0.1145323989096535,0.33441928,0.23921031,DST,92083.0,DST,DST,2
430460842,83.0,LS,0.2020698284568396,0.2925537161332955,0.2892435894164255,4.459067355885054,0.0528178736567497,DST,0.9,0.06,0.2162935375826101,1.0472015,0.41535902,DST,92093.0,DST,DST,2
430460842,84.0,LS,0.2020801951456158,0.2876063178268015,0.2875388401521175,4.624921408485534,0.0561081431806087,DST,0.963,0.04,0.1296246643197196,0.5670155,0.27360496,DST,92101.0,DST,DST,2
432646856,63.0,LS,0.1400620782783071,0.5318081332360003,0.5318080866337426,4.529440010137478,0.0214491435326635,DST,0.93,0.0,0.0306844846787427,0.021675952,0.019861344,DST,125551.0,DST,DST,2
432853210,80.0,LS,0.1149753846303591,0.1236314079337256,0.1236303818793096,4.403265707092942,0.0183218112215399,DST,0.948,0.04,0.1526457284040401,0.55901265,0.29262397,DST,32496.0,DST,DST,2
433382888,80.0,LS,0.1846674163868978,0.7525236357421856,0.7525233705608645,4.281936951603711,0.0352016789838671,DST,0.963,0.02,0.1261096411857555,0.65505993,0.3001793,DST,29839.0,DST,DST,2
434362297,37.0,LS,0.1996708418805171,0.7795684200205921,0.7795667222381233,4.227616069762917,0.018096276326105,DST,0.964,0.0,0.0307011400439788,0.23915458,0.16369285,DST,96989.0,DST,DST,2
434362297,38.0,LS,0.1997029243747131,0.7410043698821206,0.7410040257558352,4.3979860523159005,0.0211222073994576,DST,0.972,0.0,0.055536496108415,0.565074,0.2656057,DST,97007.0,DST,DST,2
434362297,64.0,LS,0.1996471975779764,0.7197977867983274,0.7197973731827884,4.452438162210456,0.0231294962577521,DST,0.944,0.0,0.0435329576298233,0.04176534,0.032139957,DST,97026.0,DST,DST,2
434362297,65.0,LS,0.1997082686313911,0.6843598305876755,0.6843593611935134,4.514693755296321,0.0277760811150074,DST,0.861,0.06,0.1596937268648959,0.38548452,0.25136176,DST,97118.0,DST,DST,2
436240475,81.0,LS,0.1535088543203915,0.7608093254591679,0.7608091496393329,4.07788618253835,0.0225193821825087,DST,0.962,0.0,0.0198209586044671,0.2455905,0.14549777,DST,146939.0,DST,DST,2
436240475,82.0,LS,0.1534981934544718,0.7569785694439267,0.7569784172487077,4.4573971776080725,0.0240052840672433,DST,0.966,0.0,0.0143027829459864,0.16310038,0.07225283,DST,146956.0,DST,DST,2
439168784,11.0,LS,0.1890756507054921,0.9138111259763216,0.9138107403447284,3.9467805812014376,0.1885177195072174,DST,0.984,0.0,0.0549438112984528,1.176829,0.3123234,DST,113557.0,DST,DST,2
439168784,38.0,LS,0.1894424139951407,0.9411194884777032,0.941118972675372,4.2446623457417445,0.1702828519046306,DST,0.968,0.0,0.1210394712480189,0.9462819,0.38828227,DST,113572.0,DST,DST,2
439168784,64.0,LS,0.1892585295397569,0.923836378829214,0.9238358966769148,4.558586736700818,0.2072300016880035,DST,0.962,0.0,0.0692160559408003,0.7831143,0.35923827,DST,113589.0,DST,DST,2
439168784,65.0,LS,0.1889677797988859,0.9006162282041233,0.9006156139110203,4.817707337988395,0.1927519962191581,DST,0.964,0.02,0.1584781423414598,0.9333458,0.36494374,DST,113605.0,DST,DST,2
440808296,65.0,LS,0.1974478033143159,0.164285218888839,0.1642835877789258,4.699868511110253,0.0076487025944516,DST,0.957,0.1,0.2058268048627291,0.6411619,0.31879306,DST,88550.0,DST,DST,2
441675318,38.0,LS,0.1263276532164285,0.3295410213119835,0.3295404048199458,4.35670050790759,0.0256256898865103,DST,0.96,0.0,0.0148555174935106,0.0639205,0.045678284,DST,90233.0,DST,DST,2
441675318,64.0,LS,0.1263500485287435,0.3711651405027442,0.3711647151685037,4.362955187345506,0.0274981115944683,DST,0.964,0.0,0.0172938833117376,0.22580235,0.15730211,DST,90316.0,DST,DST,2
441675318,65.0,LS,0.1028234476856874,0.1410217213754723,0.1410191468830335,4.8080893013611785,0.0275248661637306,DST,0.953,0.06,0.1784161248318099,0.59904724,0.32074925,DST,90267.0,DST,DST,2
441875921,38.0,LS,0.0840066665496605,0.3147923727450376,0.314792152787154,4.356517313523909,0.0377759360708296,DST,0.955,0.0,0.0245504867568852,0.004904876,0.0010330012,DST,75981.0,DST,DST,2
441875921,64.0,LS,0.0839969650785712,0.4343774271488422,0.4343773072975427,4.55691819756612,0.0336795859038829,DST,0.957,0.0,0.0322798017342114,0.35046703,0.25033495,DST,76019.0,DST,DST,2
441875921,65.0,LS,0.0840445936374099,0.4650659746488977,0.4650658986506942,4.61130896186296,0.0292604812420904,DST,0.949,0.02,0.0917340155013395,0.12796046,0.14080724,DST,75944.0,DST,DST,2
442170794,38.0,ACF,1.4722080436577016,0.3599846365394634,0.7588595834371206,6.523347300323962,0.089909853413701,E,0.9965299024390616,0.0,0.0425723964149801,0.04166073,0.017036926,E,97682.0,E,DST,2
442170794,64.0,LS,0.0920952600212033,0.3788859643120739,0.3788858579300623,4.464438590592181,0.0769552495330572,DST,0.966,0.0,0.035249147507422,0.38779587,0.22537541,DST,97687.0,DST,DST,2
442170794,65.0,LS,0.0920785815432968,0.1915093469023382,0.1915092288797182,4.693976628273958,0.0783102493733167,DST,0.953,0.04,0.1517044495062686,0.44201005,0.30710903,DST,97722.0,DST,DST,2
443484514,64.0,LS,0.1088698223462473,0.1467207835733708,0.1467207465281745,4.512469237160985,0.0333269406110048,DST,0.953,0.08,0.2028635994948329,0.66143,0.35340968,DST,78545.0,DST,DST,2
443484514,65.0,LS,0.1088532582364986,0.1630044778377876,0.1630043460727157,4.529302023678611,0.0319363223388791,DST,0.888,0.04,0.1672637629613778,0.5190863,0.3008863,DST,78344.0,DST,DST,2
444113353,58.0,LS,0.1291493942854042,0.2278298950438942,0.2278296079172205,4.109180140934768,0.0250981748104095,DST,0.95,0.0,0.0255998749996948,0.11315886,0.118756555,DST,7258.0,DST,DST,2
445256790,58.0,LS,0.1671588792697797,0.9375036783758368,0.9375035161762488,4.376214412834088,0.0219978392124176,DST,0.961,0.0,0.1627103881133592,0.8352696,0.42206508,DST,25759.0,DST,DST,2
445643349,58.0,LS,0.1034156527187883,0.5234950850551597,0.5234948014879188,4.461604205051117,0.0191492226440459,DST,0.96,0.0,0.0200830674947827,0.08077082,0.037731014,DST,27333.0,DST,DST,2
446047505,9.0,LS,0.1886320091355703,0.5441155302664421,0.5441154337009663,4.379002545494586,0.0368287437595427,DST,0.721,0.1,0.2488231789845953,1.1547474,0.38032368,DST,145162.0,Unconstrained,DST,2
446047505,10.0,LS,0.1886403503605171,0.5526631409899259,0.5526629308558584,4.163104985125756,0.0389971630647778,DST,0.991,0.0,0.0414297284567495,1.0622547,0.3319498,DST,145280.0,DST,DST,2
446047505,36.0,LS,0.188523130437476,0.4999255901777247,0.4999252191892986,4.433288395928685,0.0416077906265854,DST,0.962,0.0,0.0500525963362541,0.5394559,0.30019522,DST,145174.0,DST,DST,2
446047505,62.0,LS,0.1979519431302101,0.4080067799254524,0.4079989832301207,4.376668097167567,0.0444597844034433,DST,0.952,0.0,0.1091871127926734,0.86738026,0.39411244,DST,146401.0,DST,DST,2
446047505,63.0,LS,0.1886752472650973,0.4848354119548905,0.4848354047152739,4.802555613619916,0.0398241961374878,DST,0.935,0.06,0.2310003601728793,0.9573433,0.3995069,DST,145216.0,DST,DST,2
446463792,63.0,LS,0.1900277038468152,0.3236775084751254,0.3236767823313003,4.627155121681426,0.0325105199590325,DST,0.94,0.0,0.0349771125166157,0.009081862,0.0027249476,DST,147192.0,DST,DST,2
448594570,38.0,LS,0.1996546741527717,0.7175286775359359,0.7175275983005459,4.416657451816718,0.0745767401531338,DST,0.964,0.0,0.0335075155748676,0.14295004,0.11385166,DST,140414.0,DST,DST,2
448594570,39.0,LS,0.1997854362454385,0.7298236855250871,0.7298236356613466,4.430317337473753,0.0699550099670887,DST,0.966,0.0,0.0410045070693454,0.47823617,0.26183337,DST,140300.0,DST,DST,2
448594570,65.0,LS,0.1997953875150352,0.7411022545643594,0.7411003376799706,4.501972159574507,0.0792845152318477,DST,0.968,0.0,0.0287939160240492,0.055956937,0.028938036,DST,140454.0,DST,DST,2
451123979,37.0,LS,0.0681163491644774,0.2360526078427449,0.2360517465555295,4.394252277912528,0.015534081030637,DST,0.964,0.0,0.0102371871136557,0.18432787,0.09470053,DST,108941.0,DST,DST,2
451123979,64.0,LS,0.0680912988305784,0.207999009395561,0.2079987458543263,4.497605942764494,0.0131058576516807,DST,0.956,0.0,0.0354370201907552,0.27797672,0.20130616,DST,108986.0,DST,DST,2
451524691,37.0,LS,0.1314404753904844,0.4925340007934852,0.4925337760356245,4.233932717613243,0.0156626850366592,DST,0.963,0.0,0.0170874925018271,0.054646455,0.034812544,DST,119940.0,DST,DST,2
451524691,64.0,LS,0.131406052016041,0.4270285814796904,0.4270282434531415,4.424225715374632,0.0179952033795416,DST,0.95,0.02,0.0854546803867406,0.27062166,0.2141012,DST,119968.0,DST,DST,2
452018494,14.0,LS,0.1155805278356702,0.7426251031828214,0.7426249510430167,4.402732515977732,0.0214481283910572,DST,0.998,0.0,0.0071845389552844,0.34233257,0.15498243,DST,132927.0,DST,DST,2
452018494,41.0,LS,0.1155483226306782,0.7907870341193826,0.7907869553567335,4.349290524187381,0.0256753689609468,DST,0.969,0.0,0.0135250286506166,0.051708672,0.014743159,DST,132944.0,DST,DST,2
452018494,54.0,LS,0.1155884354833618,0.7704803899944928,0.770480308916222,4.206298748364134,0.0222632708027958,DST,0.968,0.0,0.0398119780970501,0.5784975,0.27667344,DST,132977.0,DST,DST,2
452018494,81.0,LS,0.1155397915274253,0.8551602673784678,0.8551601511495925,4.064419036403706,0.0206144689582288,DST,0.964,0.0,0.013344901648195,0.12222013,0.062203225,DST,133004.0,DST,DST,2
452107356,37.0,LS,0.1334997371754581,0.9698553698615098,0.9698553681182078,4.3663782189014455,0.0301748979836702,DST,0.854,0.0,0.1352936716923596,1.0480875,0.37348783,DST,120710.0,DST,DST,2
452107356,64.0,LS,0.1334923609291315,0.9607539444373676,0.9607539198013458,4.508110907256196,0.0306776794604957,DST,0.845,0.0,0.1574189264351653,0.91519815,0.37837738,DST,120764.0,DST,DST,2
454733284,65.0,LS,0.1878891012204911,0.2154156293213235,0.2154146810199876,4.543470412561874,0.0570539012551307,DST,0.948,0.1,0.2329472420957157,0.83843005,0.41579098,DST,105388.0,DST,DST,2
457509222,63.0,LS,0.1884098565683895,0.2248570874164291,0.2248423118570282,4.4592918171219935,0.0200411863625049,DST,0.962,0.0,0.0509187431109606,0.45099977,0.25245127,DST,140353.0,DST,DST,2
457509222,64.0,LS,0.1884575890196833,0.217426428188245,0.2174253009153681,4.347573722137895,0.0187625642865896,DST,0.956,0.08,0.2084188091319975,0.77616423,0.38474548,DST,140317.0,DST,DST,2
457764782,36.0,LS,0.1659399358482533,0.4068249406501977,0.406790138454673,4.154752377886325,0.0466988328844308,DST,0.962,0.02,0.1341615503786386,0.8113298,0.35373795,DST,140996.0,DST,DST,2
457764782,37.0,LS,0.1725176352249319,0.4310415291506589,0.4305393974495068,4.490058198309271,0.0448559084907174,DST,0.962,0.0,0.0822015960915601,0.56296223,0.26678154,DST,141018.0,DST,DST,2
457764782,63.0,LS,0.1659939191550575,0.422988297386287,0.4229880007348018,4.4640462090828805,0.0502298912033438,DST,0.963,0.0,0.116558716533771,0.7551613,0.38826168,DST,141028.0,DST,DST,2
457764782,64.0,LS,0.1765713338655614,0.1926060611035835,0.192232796218051,3.9082768242697057,0.048375129699707,DST,0.956,0.04,0.1889550211029069,0.8527969,0.38271207,DST,141039.0,DST,DST,2
457825120,63.0,LS,0.1745118472656425,0.2676660360272219,0.2676657796775818,4.493966976704542,0.048968163318932,DST,0.906,0.0,0.0820446317561362,0.29814878,0.23507535,DST,143248.0,DST,DST,2
457825120,64.0,LS,0.1745248888157508,0.2146768679967407,0.2146751000232443,4.443693718894792,0.0485515128821134,DST,0.946,0.02,0.1304260648796857,0.6282567,0.33201575,DST,143508.0,DST,DST,2
457975502,36.0,LS,0.1689361306951141,0.3005675765724627,0.3000258534405634,4.583110259897694,0.0486429734155535,DST,0.962,0.0,0.0185798170066338,0.25132006,0.10885506,DST,143944.0,DST,DST,2
457975502,37.0,LS,0.1761318404930353,0.374833749722792,0.3748334052850811,4.278275847991608,0.0476474920287728,DST,0.962,0.0,0.01794498258567,0.07751249,0.024703167,DST,143973.0,DST,DST,2
457975502,63.0,LS,0.1639421276861476,0.1934645864719261,0.1924990727320697,4.7061526092584245,0.049412976950407,DST,0.957,0.0,0.0759566613273648,0.5583504,0.2897077,DST,143989.0,DST,DST,2
457975502,64.0,LS,0.1761242548904334,0.3579635460876548,0.357963344827348,4.661393323684024,0.0493993749842047,DST,0.951,0.06,0.1738441785047747,0.42057565,0.2946406,DST,144007.0,DST,DST,2
457975771,63.0,LS,0.1366021980532279,0.2310594993381517,0.2310587788158808,4.546800407912087,0.0153967842925339,DST,0.932,0.0,0.0308364459690152,0.06426204,0.053347353,DST,143209.0,DST,DST,2
457975771,64.0,LS,0.136608032956932,0.209200638306226,0.2092002281105527,4.363786376834469,0.0192742189392447,DST,0.95,0.0,0.0542320938190662,0.49126732,0.30067608,DST,143228.0,DST,DST,2
458076374,63.0,LS,0.152460648487568,0.1587085783543289,0.1587080165939257,4.476839092661976,0.0638472475111484,DST,0.922,0.04,0.1477402260726577,0.32481194,0.24791987,DST,143813.0,DST,DST,2
458076652,36.0,LS,0.1600447735546296,0.0962404131031006,0.0962229036259925,4.3628452751518125,0.0808902643620967,DST,0.94,0.06,0.1919940165734338,0.6287434,0.36098987,DST,143352.0,DST,DST,2
458076652,63.0,LS,0.160000929905953,0.2482134095432715,0.2482094200053907,4.526307779568015,0.0733714317902922,DST,0.966,0.06,0.1823830869351651,0.66030943,0.32163683,DST,143555.0,DST,DST,2
458743485,63.0,LS,0.1056057952319799,0.148597654420819,0.1485916672963349,4.628588718926039,0.0075326417572796,DST,0.962,0.0,0.0314876229652223,0.54691267,0.26525253,DST,138553.0,DST,DST,2
458743485,64.0,LS,0.0959080158562398,0.2514652377208686,0.2514651472830211,4.457317072254227,0.0073614192660897,DST,0.962,0.0,0.0327477877115386,0.16105679,0.14146064,DST,138579.0,DST,DST,2
458831281,36.0,LS,0.2017150433520046,0.1782646717312035,0.1782533501988218,4.23748286017144,0.0348397507332265,DST,0.852,0.0,0.0348670847648609,0.0010156113,0.00033146472,DST,137907.0,DST,DST,2
458831281,37.0,LS,0.2014544245513009,0.2304697790632829,0.2304601173154551,4.291746100070668,0.0357506098225712,DST,0.953,0.02,0.1325939908140636,0.404123,0.28398228,DST,137933.0,DST,DST,2
458831281,63.0,LS,0.2015643475521208,0.2308983578749876,0.2308976712379107,4.537392408790765,0.0427902489900589,DST,0.953,0.0,0.0425420450848334,0.27789563,0.21132761,DST,137960.0,DST,DST,2
458831281,64.0,LS,0.2017376156087134,0.2278750079710502,0.227852481292281,4.627594099612907,0.0374655076302588,DST,0.897,0.0,0.0660068966093695,0.14584443,0.14711826,DST,137980.0,DST,DST,2
458833387,36.0,LS,0.180198817466549,0.1799219611878038,0.1799189365064339,4.297773878837688,0.0300160236656665,DST,0.958,0.0,0.0612966687512461,0.5055489,0.2544539,DST,139767.0,DST,DST,2
458833387,37.0,LS,0.1801578843721795,0.1725825882535195,0.1725456760325422,4.462354431154381,0.0316355330869555,DST,0.958,0.0,0.049789782084279,0.22502875,0.14317384,DST,139791.0,DST,DST,2
458833387,63.0,LS,0.1802186840114248,0.1782248952446237,0.1782201152184667,4.493625926810637,0.0335090514272451,DST,0.956,0.02,0.1135519898548677,0.6350064,0.3387418,DST,139816.0,DST,DST,2
458833387,64.0,LS,0.130513137021503,0.154046100728955,0.1540452140824467,4.4594042327444186,0.0359788909554481,DST,0.96,0.04,0.1512026454795021,0.38708553,0.26203313,DST,139836.0,DST,DST,2
459105076,19.0,LS,0.0915165632685764,0.5284476792202839,0.528447619778325,4.412269639577062,0.0114330917131155,DST,1.0,0.0,0.0104172933144843,0.3334133,0.11613232,DST,10220.0,DST,DST,2
459105076,59.0,LS,0.0915001463262746,0.4818852696907184,0.4818850642874441,4.320141437910934,0.0142374902497977,DST,0.96,0.0,0.0158214537890801,0.06771053,0.03933608,DST,10243.0,DST,DST,2
459105076,73.0,LS,0.0915019498622727,0.4724072706779519,0.4724066050226079,4.361055575416685,0.0137212837580591,DST,0.929,0.0,0.0292957334777608,0.0070072827,0.0052255737,DST,10272.0,DST,DST,2
459332381,36.0,LS,0.1837378741938278,0.3684811323518749,0.3684809404956015,4.294752173777852,0.0404221704229712,DST,0.962,0.04,0.1664779673109928,0.47687244,0.29381004,DST,122237.0,DST,DST,2
459332381,37.0,LS,0.1838351099172674,0.30031071765267,0.3003086190434717,4.551594261971331,0.0352142076008021,DST,0.96,0.02,0.1009271895972537,0.39072478,0.26094568,DST,122261.0,DST,DST,2
459332381,63.0,ACF,0.1944481108366744,0.6744166667561129,1.2382721030717074,40.8441823051575,0.0416846433654427,DST,0.899,0.02,0.1188829609321706,0.45018214,0.2402687,DST,122287.0,DST,DST,2
459332381,63.0,LS,0.1947742473994339,0.1532244384387858,0.15297164691691,4.215913826610631,0.0416846433654427,DST,0.899,0.02,0.1391982758513912,0.30896568,0.23312414,DST,122284.0,DST,DST,2
459332381,64.0,LS,0.1838243749368962,0.2921191930311392,0.2921190739756749,4.638157295867131,0.0397942494601011,DST,0.949,0.0,0.045279240276312,0.16007626,0.10615758,DST,122482.0,DST,DST,2
459675351,37.0,LS,0.1466405729382944,0.6076487533290789,0.6076480415809985,4.368024913006593,0.0711804768070578,DST,0.96,0.0,0.0273027471145304,0.10590439,0.12969586,DST,131239.0,DST,DST,2
459675351,63.0,LS,0.1467271247435468,0.8804267614724532,0.880426707067256,4.504624341050658,0.0480819540098309,DST,0.96,0.0,0.0356858291202544,0.22424543,0.16455576,DST,131454.0,DST,DST,2
459675351,64.0,LS,0.1467261352244529,0.8885107186367565,0.8885105263174355,4.461843062716071,0.0459623849019408,DST,0.965,0.0,0.0459840146137763,0.7072129,0.32272512,DST,131270.0,DST,DST,2
462320181,9.0,LS,0.188341811587425,0.28945455944651,0.2893663930592804,4.721336243367659,0.0510007468983531,DST,0.987,0.0,0.0186779442123591,0.65301365,0.28861263,DST,138384.0,DST,DST,2
462320181,10.0,LS,0.1860896381325069,0.2378674478872989,0.2371740722711368,3.808609158595573,0.0387992360629141,DST,0.981,0.0,0.0231525031044161,0.6991041,0.24995965,DST,138446.0,DST,DST,2
462320181,36.0,LS,0.195867024221029,0.2363455078446039,0.2312541018215,6.347372627971708,0.0448877038434147,DST,0.962,0.0,0.0165474348465252,0.26779792,0.123936765,DST,138399.0,DST,DST,2
462320181,37.0,LS,0.1961276683061065,0.3548208714626275,0.3548206837113186,3.7030488085310935,0.0533159496262669,DST,0.962,0.0,0.0564114031025642,0.65995586,0.30655253,DST,138416.0,DST,DST,2
462320181,63.0,LS,0.1881256383194985,0.1978518817237355,0.1975446155023819,5.063995767322922,0.0542984949424862,DST,0.941,0.06,0.1968349603093921,0.5897747,0.30609977,DST,138534.0,DST,DST,2
462320181,64.0,LS,0.1840747811245154,0.2412149908871306,0.2412147924833807,4.144773030926444,0.0445748260244727,DST,0.962,0.0,0.0858044660842313,0.55871964,0.3065088,DST,138544.0,DST,DST,2
462362757,63.0,LS,0.1357620661932222,0.8001433699952253,0.8001431657129915,4.513289406248077,0.0206741550937294,DST,0.956,0.0,0.0241826384003069,0.08305469,0.08751732,DST,126415.0,DST,DST,2
462362757,64.0,LS,0.1357798245526599,0.7971140578215269,0.7971139069291994,4.454668986025354,0.0213054870255291,DST,0.96,0.0,0.0228110850246102,0.16578054,0.14301032,DST,126609.0,DST,DST,2
463605260,12.0,LS,0.2027897928578317,0.2365424571781029,0.2164872072102983,3.320461171444549,0.1046485640108585,DST,0.987,0.02,0.1272592063467315,0.8088491,0.25097817,DST,39841.0,DST,DST,2
463605260,39.0,LS,0.2009479015700613,0.5737797135571717,0.5737795193466874,5.138424357231997,0.0989013351500034,DST,0.903,0.0,0.0387220040803675,0.02696528,0.021570154,DST,39861.0,DST,DST,2
463605260,66.0,LS,0.200337550179923,0.2528269052487691,0.2521660409635133,4.030514039113768,0.1509306672960519,DST,0.96,0.02,0.1284738043338018,0.7684188,0.337499,DST,39887.0,DST,DST,2
464877141,36.0,LS,0.1611050920113098,0.8763406618844938,0.8763405597151103,4.305980996774451,0.0554614420980215,DST,0.967,0.0,0.0623609621478052,0.7149892,0.35193157,DST,119467.0,DST,DST,2
464877141,37.0,LS,0.1612671006617237,0.8852866603910506,0.885286632979552,4.406549996478134,0.0563030643388628,DST,0.966,0.0,0.0887769699865905,0.73731697,0.3388498,DST,119676.0,DST,DST,2
464877141,63.0,LS,0.1611678483028908,0.8400165356613324,0.8400165145368862,4.4472406147069705,0.0516970083117485,DST,0.961,0.0,0.0409913942187869,0.5008631,0.27552152,DST,119699.0,DST,DST,2
464877141,64.0,LS,0.1611490429086543,0.8668050516934944,0.8668047589629504,4.498783508704946,0.0620877416804432,DST,0.964,0.0,0.020858571379651,0.08429322,0.047145627,DST,119722.0,DST,DST,2
465145959,10.0,LS,0.1992766537512692,0.607179143419653,0.6071787874896213,4.1807499991437,0.0952372513711452,DST,0.996,0.0,0.0394864837634348,0.714411,0.31170237,DST,121548.0,DST,DST,2
465145959,11.0,LS,0.1991114861541036,0.5432535134921643,0.5432530740870606,3.797845132995008,0.1097383163869381,DST,0.998,0.0,0.0579138118241236,0.7189815,0.25809607,DST,121690.0,DST,DST,2
465145959,37.0,LS,0.2079337950781143,0.7535376124069579,0.7535375586717471,4.383986734012069,0.0729725137352943,DST,0.674,0.0,0.0463586712492927,0.2977634,0.20913124,DST,121774.0,Unconstrained,DST,2
465145959,63.0,LS,0.1991614335128902,0.4363175475546133,0.4348158053210269,4.6970107051784,0.0983461923897266,DST,0.86,0.12,0.2608708615388081,1.0700585,0.43922126,DST,121574.0,DST,DST,2
465145959,64.0,LS,0.1993479144887444,0.560030071326566,0.5600298488046458,4.553494713400141,0.1077090296894311,DST,0.945,0.0,0.1669730517179344,1.1215954,0.41882697,DST,121789.0,DST,DST,2
466156210,10.0,LS,0.1624030335683748,0.6223470773028787,0.6223467249436634,4.27862352259217,0.0569227384403348,DST,0.99,0.0,0.018351414114449,0.124329574,0.0704854,DST,107410.0,DST,DST,2
466156210,11.0,LS,0.1628049565141387,0.739109818964868,0.7391093920860705,3.995633457336453,0.0811138097196817,DST,1.0,0.0,0.0024475293665245,0.1607067,0.0923631,DST,107199.0,DST,DST,2
466156210,37.0,LS,0.1627079249420045,0.8123398222095013,0.8123396832769094,4.457253000304263,0.0715295271947979,DST,0.966,0.0,0.0995609240616016,0.85149765,0.34745046,DST,107431.0,DST,DST,2
466156210,38.0,LS,0.1624850566370494,0.6906074225018755,0.6906073629296638,5.0823766051726125,0.0715256435796618,DST,0.966,0.0,0.03776593173748,0.2219184,0.13883972,DST,107217.0,DST,DST,2
466156210,63.0,LS,0.1627507250994624,0.7786531161325635,0.7786530980529215,4.695407911942311,0.0657170917838811,DST,0.96,0.0,0.0292789070834278,0.11004893,0.07173716,DST,107515.0,DST,DST,2
466156210,64.0,LS,0.1625122780105432,0.7303479437158857,0.7303477813454776,4.910228878332418,0.0633620424196124,DST,0.961,0.0,0.0444378937394651,0.3235564,0.21988128,DST,107450.0,DST,DST,2
466592679,11.0,LS,0.1785690057648562,0.3176715298316888,0.3176713948406085,3.753669611063742,0.1448204461485147,DST,0.992,0.0,0.0353880431784522,1.1324271,0.30274975,DST,103052.0,DST,DST,2
466592679,37.0,ACF,0.361112814531225,0.90539547441552,1.7429665206124962,12.508064614691165,0.2022916078567505,ELL,0.966,0.0,0.0623242617284793,0.053310163,0.061258357,ELL,103075.0,ELL,DST,2
466592679,37.0,LS,0.1829082525590512,0.2481183135927247,0.2458611624530561,6.977310477332139,0.2022916078567505,DST,0.966,0.04,0.1639577555347718,0.6131979,0.2867396,DST,103071.0,DST,DST,2
466592679,38.0,ACF,0.1805522972044855,0.957819925472958,1.7904464611304205,12.30998459448805,0.2374804392457008,DST,0.966,0.04,0.1655053884319178,0.58239174,0.24782106,DST,103092.0,DST,DST,2
466885443,64.0,LS,0.1348297213365879,0.3888007440901641,0.3888005677333627,4.474056885064783,0.0132105848751962,DST,0.962,0.0,0.0563276131218073,0.43895802,0.2613995,DST,128463.0,DST,DST,2
467023914,10.0,LS,0.148560791890165,0.9297102495047282,0.9297099137767072,4.090073071772167,0.032576338853687,DST,0.975,0.0,0.086463532197106,1.1423782,0.34682703,DST,113625.0,DST,DST,2
467023914,11.0,LS,0.1486104625827632,0.9376842247526448,0.9376841076200204,3.8711113442041096,0.0351031892932951,DST,0.986,0.0,0.0815394775553535,0.9628589,0.34871548,DST,113642.0,DST,DST,2
467023914,37.0,LS,0.1485594059526563,0.9305225859106636,0.9305223847386476,4.378991832467364,0.0365165388211607,DST,0.966,0.0,0.1099992799976436,0.94132894,0.37707195,DST,113660.0,DST,DST,2
467023914,64.0,LS,0.148521124732256,0.9006536852238186,0.9006536460907301,4.6022153018057,0.0396120687946677,DST,0.962,0.0,0.0684911673137492,0.47705996,0.27589813,DST,113679.0,DST,DST,2
467283255,10.0,LS,0.193059526192777,0.7376517352969139,0.7376515313636663,3.966166667159541,0.06748812738806,DST,0.995,0.0,0.0126858030884922,0.6106055,0.24178664,DST,111399.0,DST,DST,2
467283255,11.0,LS,0.1929641453628958,0.7290575568333356,0.7290573268468211,3.9328520330846,0.0766740273684263,DST,0.999,0.0,0.0125488485527557,0.50582707,0.24470758,DST,111415.0,DST,DST,2
467283255,37.0,LS,0.1930138353937132,0.7165980418417719,0.7165979255355899,4.473707234701578,0.0647823931649327,DST,0.964,0.0,0.0438998861046358,0.75998336,0.36623776,DST,111428.0,DST,DST,2
467283255,64.0,LS,0.1930561552995043,0.8140424004960308,0.8140422589642766,4.360662841583689,0.0649706413969397,DST,0.966,0.04,0.195145111135278,0.85392976,0.36447102,DST,111444.0,DST,DST,2
467448794,10.0,LS,0.1852560785224324,0.8775128004412166,0.8775127554536996,4.206475445291289,0.0420242547988891,DST,0.93,0.0,0.1105093733581002,1.1813933,0.2922413,DST,120733.0,DST,DST,2
467448794,11.0,LS,0.1853343744046315,0.7568958523658008,0.7568943634537595,3.739147238569785,0.0583228329196572,DST,1.0,0.0,0.0025724696305301,0.2638002,0.084979296,DST,120749.0,DST,DST,2
467448794,37.0,LS,0.1853723629985973,0.898363877755544,0.8983638255282944,4.330840560016441,0.0461229169741272,DST,0.966,0.0,0.0537776905417106,0.73542315,0.34936497,DST,120798.0,DST,DST,2
467448794,64.0,LS,0.1853284290119815,0.8978207496046158,0.8978206912738415,4.455721141075628,0.0472750701010227,DST,0.86,0.0,0.2129955830527947,1.1525011,0.38345665,DST,120903.0,DST,DST,2
467880293,37.0,LS,0.1482111252857842,0.1874966918695352,0.187474735624087,4.622929178884078,0.0422423845157027,DST,0.962,0.0,0.0409435904629772,0.34061643,0.20606373,DST,108199.0,DST,DST,2
467880293,64.0,LS,0.1813479217693441,0.3073348364128976,0.3073341262372637,4.584067076120846,0.0451163062825799,DST,0.962,0.0,0.0415954612908668,0.4165576,0.2392046,DST,108247.0,DST,DST,2
470706061,57.0,LS,0.1510360504329045,0.1287062378265371,0.128705014077318,4.164236951372004,0.0170604023151099,DST,0.955,0.06,0.1932023353896117,0.89791036,0.38336897,DST,67462.0,DST,DST,2
470706061,58.0,LS,0.1511166946781859,0.1144619424159493,0.1144573258993709,4.582347735638905,0.0184901698958128,DST,0.954,0.04,0.1771927808913218,0.67286634,0.34806082,DST,67486.0,DST,DST,2
470706061,77.0,LS,1.104750792112518,0.0313793432299483,0.0311792193811924,3.1974520382609626,0.0266461027786135,ELL,0.993,0.04,0.1816952737415038,0.4143082,0.15610495,ELL,67518.0,ELL,DST,2
470706061,78.0,LS,0.572407278793363,0.2019017302210763,0.2018273455156881,3.8079781039741647,0.0205397931858897,CEP,0.442,0.12,0.0623782013206536,0.378592,0.26135504,CEP,67533.0,Unconstrained,DST,2
470706061,84.0,LS,0.1511032397632081,0.1910059453716556,0.1910040410293387,4.385621346180415,0.014017365174368,DST,0.914,0.0,0.0592297222684692,0.13035256,0.14377974,DST,67540.0,DST,DST,2
470741681,57.0,LS,1.6527167969395804,0.2425298900448865,0.2423194545905285,4.110363892323221,0.0199081446044147,CEP,0.449,0.06,0.0888100534849518,0.49249157,0.3003625,CEP,63827.0,Unconstrained,DST,2
470741681,58.0,LS,0.1560518701342293,0.1091760555831317,0.1091758529668757,4.491491304044757,0.0177972309757024,DST,0.956,0.06,0.1845262041012061,0.77603453,0.33270538,DST,63835.0,DST,DST,2
470741681,77.0,ACF,3.437430581830085,0.3605217311652022,0.5144205726907505,225.0065562333973,0.0222701183520257,ELL,0.9745,0.06,0.2081099863053188,0.31302142,0.1773887,ELL,63861.0,ELL,DST,2
470741681,78.0,LS,0.1558994863322004,0.0899771583899455,0.0899756467895725,4.38257178647109,0.019634636119008,DST,0.938,0.12,0.2349034218567281,1.0404923,0.42277738,DST,63862.0,DST,DST,2
470741681,84.0,LS,1.6296202135874671,0.1895483828752439,0.189428930028387,4.606369047080079,0.0171792693436145,CEP,0.492,0.0,0.0590913056210471,0.3452163,0.20920962,CEP,63882.0,Unconstrained,DST,2
470842164,57.0,LS,0.1059590672109289,0.5351448289802335,0.535144793778629,4.2407739286682045,0.01519744284451,DST,0.964,0.0,0.0203747294460564,0.26619324,0.17505619,DST,60931.0,DST,DST,2
470842164,58.0,LS,0.1059435084585105,0.5303289708091268,0.5303288191323505,4.427047961355129,0.0159097707364708,DST,0.948,0.0,0.0268174271696596,0.0054864697,0.002024196,DST,60963.0,DST,DST,2
470842164,77.0,ACF,0.1064792561828653,0.5838536500582933,1.002366033305501,23.00946889143588,0.0143523258157074,DST,0.957,0.04,0.1434195021606197,0.388762,0.28774288,DST,61000.0,DST,DST,2
470842164,78.0,LS,0.1059427073630967,0.5191061827993048,0.5191056685172581,4.340202620736818,0.0150885677430778,DST,0.958,0.0,0.0194517248592508,0.08714942,0.06007845,DST,61027.0,DST,DST,2
470842164,84.0,LS,0.1059589144146073,0.5348204536910882,0.5348196567628503,4.358314219334716,0.0142401724588125,DST,0.96,0.0,0.0254099508067213,0.26948515,0.20436224,DST,61047.0,DST,DST,2
