TIC,sector,source,per,power,prominence,width,amplitude,brf_class,brf_prob,instability,sigma_brf,entropy,sigma_top,brf_class_raw,cube_idx,sector_class,final_class_tic,decision_step
2341101,59.0,LS,9.046003844655552,0.0635176232553714,0.0355516977092804,4.034028782778478,0.0112164963502436,ELL,1.0,0.04,0.189392100152039,0.23914954,0.15048786,ELL,39529.0,ELL,ELL,2
2341101,71.0,LS,2.623972099171544,0.2370500990086677,0.2338663902777044,4.127819887729856,0.0126726529560983,CEP,0.467,0.02,0.0694730336173684,0.5997485,0.31957182,CEP,39532.0,Unconstrained,ELL,2
2779013,43.0,LS,1.7352812566298652,0.0221414174655967,0.0218365740833229,3.934167580591748,0.0081613811198621,ELL,0.992,0.02,0.0822851724188507,0.062421545,0.062793486,ELL,14150.0,ELL,ELL,2
2779013,44.0,ACF,1.736240934462785,0.3270594121973099,0.5819467832010522,58.32643554325432,0.0066356110619381,ELL,0.995,0.1,0.2615496251192113,0.3028766,0.2254005,ELL,14174.0,ELL,ELL,2
2779013,45.0,ACF,1.750067869652412,0.2905153370050622,0.4103362389642492,50.82658761692636,0.0078254053369164,ELL,1.0,0.0,0.0082766176666558,0.041058518,0.015583629,ELL,14195.0,ELL,ELL,2
2779013,45.0,LS,1.728843648065393,0.0832056890695998,0.0824826715462976,4.0483111264566105,0.0078254053369164,ELL,1.0,0.02,0.1343781232195181,0.116373785,0.12198479,ELL,14186.0,ELL,ELL,2
2779013,71.0,LS,9.283939850176044,0.0411399033457412,0.0338038716142,3.190154820778844,0.0137768767308443,E,0.844,0.1,0.1935559825993503,0.3850661,0.17405973,E,14251.0,E,ELL,2
2779211,45.0,LS,8.767706872263586,0.0256699486299062,0.0081396173331146,2.8606527405718225,0.0071073649451136,ELL,0.992,0.04,0.1686075917626487,0.2495893,0.13402228,ELL,19033.0,ELL,ELL,2
2856528,71.0,LS,3.893265187800295,0.0208787756572856,0.016259866027039,4.251560454154969,0.0330456183291971,ELL,0.995,0.12,0.2400717170856335,0.45977217,0.29810822,ELL,11805.0,ELL,ELL,2
2856912,44.0,LS,7.57434720061397,0.0809254076854765,0.0676176733747234,4.4386079895848525,0.0177299999631941,ELL,0.998,0.06,0.1699683007720761,0.27924013,0.18745682,ELL,7155.0,ELL,ELL,2
2856912,71.0,ACF,0.1412134413235435,0.251184951515436,0.0159998882050845,3.077617527407405,0.0260475650429725,ELL,0.687,0.12,0.2240473147961093,0.75602853,0.31265616,ELL,7407.0,Unconstrained,ELL,2
2942298,43.0,ACF,2.083529983065091,0.7042296330803333,1.2870618339711166,65.90191851885595,0.0068081053905189,ELL,0.988,0.0,0.0031620246678354,0.0004002355,0.00011138346,ELL,47674.0,ELL,ELL,2
2942298,44.0,ACF,2.083491391658754,0.6100730245272756,1.194372918182947,67.43209883747642,0.0074330222560092,ELL,1.0,0.0,0.0282402266279858,0.0138095,0.00816573,ELL,47688.0,ELL,ELL,2
2942298,45.0,ACF,2.0903626281888137,0.7012186602886828,1.2302757818036512,64.18740834984231,0.0075413822196424,ELL,0.988,0.0,0.0010583005244258,2.3242443e-05,5.882239e-06,ELL,47698.0,ELL,ELL,2
2942298,59.0,ACF,2.0787190605769865,0.5511525116578071,1.00446111713901,199.71058821133056,0.0098397058900445,ELL,1.0,0.0,0.0041262089137609,0.009481883,0.0029426562,ELL,47704.0,ELL,ELL,2
2942298,71.0,ACF,2.076534585979516,0.4773162156404079,0.8408061144770719,196.69981292438055,0.0090440612984821,ELL,0.988,0.02,0.0813695274657534,0.044155415,0.04790869,ELL,47713.0,ELL,ELL,2
2942298,73.0,ACF,2.092573956135311,0.455644122747554,0.7562876868755927,188.49184350605435,0.0110332982148975,ELL,1.0,0.0,0.0049152822909778,0.0017171849,0.0003698736,ELL,47723.0,ELL,ELL,2
3300381,8.0,ACF,0.6666786132336711,0.3344682682945838,0.3562201198766303,11.339631665783262,0.0032880995422601,CEP,0.5660000000000001,0.02,0.130406282057269,0.99261266,0.3464777,CEP,121970.0,Unconstrained,ELL,2
3300381,8.0,LS,0.6970793149120315,0.1216682007390521,0.1072780588876294,3.469603456679124,0.0032880995422601,CEP,0.482,0.02,0.1349360085373804,0.84055275,0.32505107,CEP,121968.0,Unconstrained,ELL,2
3300381,9.0,ACF,1.3541480856815724,0.1487940121735889,0.0645945119410921,2.5203437062988527,0.0027225055964663,ELL,0.9515,0.02,0.1181974432887615,0.5509348,0.1340044,ELL,121983.0,ELL,ELL,2
3300381,35.0,ACF,0.6666719719432876,0.2096120891686358,0.0130345746728517,2.794645047608526,0.0048486012383364,CEP,0.408,0.08,0.0572786033349277,0.62975746,0.34674805,CEP,122003.0,Unconstrained,ELL,2
3300381,35.0,LS,0.6703365130776624,0.0814807421124234,0.0814678987602556,3.4462718879458407,0.0048486012383364,CEP,0.447,0.06,0.0659524192126414,0.35515353,0.21638533,CEP,121990.0,Unconstrained,ELL,2
4471740,66.0,LS,6.44240466618696,0.0322605585633201,0.030284904619528,4.396357884266763,0.0292807654477655,ELL,0.97,0.06,0.226345665741582,0.31893933,0.18462142,ELL,70708.0,ELL,ELL,2
4795449,80.0,ACF,1.8541542285051944,0.6891784723542251,1.2335894118751567,177.97124212645804,0.051466329023242,ELL,0.99,0.0,0.0051449392610603,0.0007006996,0.00022810441,ELL,11283.0,ELL,ELL,2
7762542,80.0,ACF,0.3148134628027037,0.8237792555849416,1.569644592212681,33.790317016544094,0.0216321158222854,ELL,0.985,0.0,0.0136106428944411,0.007897852,0.0029289394,ELL,46290.0,ELL,ELL,2
8301691,59.0,ACF,1.3935063871904276,0.7548622572059771,0.7491125147943866,164.89958708171866,0.1794682443141937,ELL,0.98,0.0,0.0196226807546777,0.08155402,0.018062608,ELL,22724.0,ELL,ELL,2
8301691,73.0,ACF,1.3888583590414785,0.7760427805413501,1.4079836468283513,145.45837048377928,0.0861897878348827,ELL,0.992,0.04,0.1728984167076147,0.31508526,0.13388854,ELL,22731.0,ELL,ELL,2
8464004,54.0,LS,2.6749854875710577,0.0221291268765988,0.0209891725109408,3.1679085596242658,0.072181262075901,ELL,0.972,0.12,0.2906747020296055,0.697883,0.2558491,ELL,39833.0,ELL,ELL,2
9573788,73.0,LS,3.0507635106710547,0.0232349447438176,0.0230648895352936,4.797676790749392,0.0211030384525656,ELL,0.992,0.12,0.288577279770948,0.49213105,0.27745634,ELL,34281.0,ELL,ELL,2
10427252,58.0,ACF,2.745376818564182,0.6440492642598876,1.1706789146873862,269.35266677503705,0.0169871374964714,ELL,0.988,0.0,0.00304,0.0010006211,0.0004980419,ELL,15373.0,ELL,ELL,2
10536200,39.0,LS,0.8895017487607705,0.0146104479584825,0.0138379173697953,3.3311951634932484,0.0643500499427318,ELL,0.9036388888888888,0.06,0.2202363598904319,0.5845922,0.20741402,ELL,72839.0,ELL,ELL,2
10777186,41.0,LS,0.768097179192714,0.1248890335819746,0.1247330365450548,5.123382309226145,0.1156942825764417,CEP,0.432,0.0,0.0435486670289688,0.22091082,0.16575927,CEP,96826.0,Unconstrained,ELL,2
10777186,54.0,ACF,0.8194487919809035,0.6554034606945983,1.1750875490300192,30.39732015969514,0.1197188254445791,ELL,0.996,0.0,0.0615023030884631,0.07596113,0.02640817,ELL,96858.0,ELL,ELL,2
10777186,75.0,LS,0.4096881796201869,0.2111637546866987,0.2111570362418703,4.81153208165415,0.2126894518733024,RR,0.462,0.08,0.0881319828439142,0.76258755,0.3839323,RR,96860.0,Unconstrained,ELL,2
10777186,81.0,LS,0.4133605123529982,0.1330180509948502,0.1330098024708506,4.638928608623246,0.0872510019689798,CEP,0.42,0.0,0.0359775263185227,0.15701927,0.13995756,CEP,97140.0,Unconstrained,ELL,2
10873847,58.0,LS,3.849352919244781,0.0450257963427209,0.0430577641324416,4.950808323246747,0.0203199265524745,ELL,0.9895,0.06,0.205721594393977,0.24696591,0.16590849,ELL,8959.0,ELL,ELL,2
11117282,55.0,LS,5.656792365724735,0.0158946082463314,0.0137665124067964,3.524209432538555,0.0055494648404419,ELL,0.988,0.1,0.2399676644883639,0.45669723,0.20628932,ELL,19820.0,ELL,ELL,2
11117282,82.0,LS,4.615936745354603,0.0167822850743605,0.0133232572244207,3.220686062399181,0.0077241420513018,ELL,0.993,0.02,0.1173841028419095,0.12215428,0.10739282,ELL,19865.0,ELL,ELL,2
11157058,58.0,ACF,1.384261675144444,0.7858777704466876,1.553618739028547,146.7461805691363,0.0258764601312577,ELL,0.988,0.0,0.0039316154440636,0.001758953,0.0011078158,ELL,18097.0,ELL,ELL,2
11160547,58.0,LS,8.1515723288972,0.0635598565265157,0.0568495504086818,5.385719923218858,0.0229946756735444,ELL,1.0,0.0,0.0050177285697813,0.007869364,0.0018579822,ELL,15494.0,ELL,ELL,2
11479883,41.0,LS,1.290123025853673,0.1540921287552192,0.1540459367970745,4.955570962130878,0.0093887699767947,CEP,0.503,0.0,0.0595495222482934,0.34211284,0.1586298,CEP,110394.0,Unconstrained,ELL,2
11479883,55.0,LS,3.48110481231142,0.3390395801717693,0.3389290238815023,4.453646847210621,0.0097739044576883,CEP,0.527,0.0,0.0401603984043983,0.05621176,0.02988357,CEP,110415.0,Unconstrained,ELL,2
11479883,75.0,LS,2.564304360649673,0.017980581773793,0.0091279431480541,6.677214442912373,0.0147199991624802,ELL,0.986,0.06,0.1740826252099847,0.18530783,0.1422327,ELL,110463.0,ELL,ELL,2
11479883,81.0,LS,1.2798434582979628,0.3090143921348712,0.3089314280616324,4.613500772382395,0.0141971220728009,CEP,0.47,0.02,0.0380208153515939,0.09548722,0.12457019,CEP,110470.0,Unconstrained,ELL,2
11573581,75.0,ACF,1.5000057664983617,0.661788010203763,1.1368693285021454,162.5572266827951,0.0334928627125918,ELL,0.992,0.02,0.1427709508268401,0.13400325,0.1296691,ELL,95509.0,ELL,ELL,2
11573581,82.0,LS,0.8077161018097022,0.2308903218080685,0.2295117540959547,4.253078820718656,0.0261543365195393,CEP,0.466,0.0,0.0346049938592683,0.033720866,0.03580632,CEP,95520.0,Unconstrained,ELL,2
11696039,41.0,LS,10.221745789344473,0.0676890362995656,0.052368654295233,4.036888474072839,0.0151687255129218,ELL,0.973,0.1,0.2681691257397093,0.35192218,0.23985575,ELL,105431.0,ELL,ELL,2
11696039,55.0,LS,1.06064933382223,0.157703785128204,0.1576751278401999,4.520494878073805,0.0146424898412078,CEP,0.486,0.0,0.0529816421036569,0.21887416,0.1360935,CEP,105649.0,Unconstrained,ELL,2
11697773,75.0,ACF,2.956025422564835,0.7179673278161016,1.292672736904667,259.73832500854223,0.0598752219229936,ELL,1.0,0.02,0.148572541204625,0.26474923,0.13594446,ELL,107353.0,ELL,ELL,2
11697773,81.0,LS,3.024822124289697,0.1541309306027802,0.1541186317849062,4.395478644903051,0.0590520491823554,ELL,0.988,0.06,0.2109551002069259,0.4377612,0.22248608,ELL,107505.0,ELL,ELL,2
11697773,82.0,ACF,1.4768376494448603,0.6513000665496892,1.3470578043680812,64.19367001093553,0.0572207802906632,CEP,0.48,0.02,0.067675236238967,0.34566832,0.21287109,CEP,107364.0,Unconstrained,ELL,2
11697773,82.0,LS,1.5028645149450408,0.4325621472813163,0.4324751932059815,4.577500195093307,0.0572207802906632,CEP,0.529,0.02,0.0726515409334172,1.0483912,0.38967824,CEP,107359.0,Unconstrained,ELL,2
11705892,15.0,LS,0.837884850003282,0.1043233096286058,0.1041934982891908,3.727083594575106,0.0139487511478364,CEP,0.588,0.02,0.1101876581110607,0.65704083,0.28619424,CEP,103301.0,Unconstrained,ELL,2
11705892,41.0,LS,5.11087639872865,0.0341344375583279,0.0280645669304122,2.498568921648257,0.0155104766599833,ELL,0.996,0.0,0.0222886877137259,0.05602276,0.020911623,ELL,103415.0,ELL,ELL,2
11705892,55.0,LS,10.440656134403875,0.0213332095779077,0.0197485731035074,3.55169850304992,0.0128664460498839,ELL,0.987,0.02,0.1406957796097665,0.24099544,0.11726478,ELL,103436.0,ELL,ELL,2
11705892,75.0,LS,2.5176777865608537,0.1586240899795679,0.1579564843955476,5.386509818694321,0.0172488286625593,CEP,0.398,0.08,0.0596322060635023,0.3778526,0.2623013,CEP,103322.0,Unconstrained,ELL,2
11856739,66.0,ACF,0.4467542890506593,0.8038128308659128,1.5875303582800795,48.37383600546392,0.0395464245229959,ELL,0.966,0.0,0.0188708876314814,0.008579392,0.0039357212,ELL,66337.0,ELL,ELL,2
12218626,58.0,LS,8.151593569831382,0.0299439297633484,0.0220302987250251,4.3949456721347815,0.0385356927290558,ELL,0.993,0.1,0.2490640728808552,0.40216565,0.20260878,ELL,6338.0,ELL,ELL,2
12249164,14.0,LS,2.3096544682886915,0.1229378994628099,0.122785442303218,5.0538502775712,0.0185263063758611,CEP,0.535,0.1,0.1140722297494004,0.19296989,0.107663475,CEP,115646.0,Unconstrained,ELL,2
12249164,15.0,ACF,0.6041617954149388,0.6126460053462787,1.1297982838222338,7.060098928040819,0.0137500383425503,ELL,0.947,0.0,0.0414590110832373,0.38748878,0.10897932,ELL,115730.0,ELL,ELL,2
12249164,41.0,ACF,1.826396322988785,0.7214468445266627,1.400132226672283,22.063680565607115,0.0117461872287094,CEP,0.433,0.04,0.0757722904497416,0.5508985,0.24434021,CEP,115748.0,Unconstrained,ELL,2
12249164,41.0,LS,0.3040797703963288,0.779209698496381,0.7792058768688731,4.358956188936645,0.0117461872287094,CEP,0.467,0.1,0.0547916051964167,0.056958817,0.037601873,CEP,115738.0,Unconstrained,ELL,2
12249164,75.0,ACF,0.6087966770892308,0.5641858052355478,1.0620176484769142,64.15505390078789,0.0136816629674285,ELL,0.993875,0.0,0.0111567031420577,0.020576326,0.016567182,ELL,115757.0,ELL,ELL,2
12249164,81.0,ACF,0.6088060560077793,0.7685622469691653,1.5054197602527912,65.19225678997836,0.0177688372787088,ELL,0.981,0.0,0.0127521606012471,0.0013786769,0.00025873623,ELL,115770.0,ELL,ELL,2
12249164,82.0,ACF,0.6064765640503538,0.6953042082632342,1.3383679598755454,64.45278793619909,0.0136963615659624,ELL,0.994,0.0,0.0132187140070432,0.008430004,0.0023858794,ELL,115671.0,ELL,ELL,2
12550826,52.0,LS,3.9404617888407487,0.0233190923425179,0.0227733991541826,6.138243502109617,0.0160024943761527,ELL,0.90775,0.04,0.1473222526165005,0.50262374,0.21061136,ELL,15879.0,ELL,ELL,2
12550826,58.0,LS,1.4587102627873425,0.1810771086768596,0.1808215469570109,8.142241721227037,0.0201803119853138,CEP,0.468,0.06,0.0694562768941727,0.37081376,0.2810892,CEP,15934.0,Unconstrained,ELL,2
12642732,58.0,LS,3.553262161610744,0.1908443184306131,0.1908152907860631,4.358349178077333,0.0740603962913155,ELL,1.0,0.0,0.0264537785580812,0.079329,0.033355873,ELL,2851.0,ELL,ELL,2
12643726,18.0,LS,6.504649861133329,0.0729928707392247,0.0684156160162479,3.097498604928205,0.0201125931926071,ELL,0.9975,0.0,0.0133440023980813,0.02623862,0.014433164,ELL,9508.0,ELL,ELL,2
12671002,41.0,LS,6.993837840271612,0.0201610116920064,0.0180809543825688,3.249039398642708,0.0242306082509458,ELL,0.99,0.02,0.1547978824144568,0.14170155,0.14252092,ELL,80741.0,ELL,ELL,2
12671002,55.0,LS,9.697384463676467,0.0166444820885325,0.0149257469269745,4.867047483794522,0.0188287138007581,ELL,0.997,0.0,0.0355971965188271,0.101615906,0.0491791,ELL,80755.0,ELL,ELL,2
12671002,75.0,LS,2.946215732523206,0.158044800813816,0.1576554860050562,10.308866095994745,0.0216727168299257,CEP,0.507,0.08,0.10657255931993,1.1296985,0.40674195,CEP,80761.0,Unconstrained,ELL,2
12671002,81.0,ACF,3.245424193420149,0.4914378220580648,0.0185488514562605,11.068144079552894,0.0265904073603451,CEP,0.517,0.02,0.0793729828090138,0.5649127,0.2960455,CEP,80772.0,Unconstrained,ELL,2
12671002,81.0,LS,1.0398744462208684,0.332639549385242,0.3324070052239252,4.438384297522134,0.0265904073603451,CEP,0.49,0.0,0.050679794790429,0.29528043,0.22944602,CEP,80766.0,Unconstrained,ELL,2
12671002,82.0,LS,6.154599671026732,0.0428525179019399,0.0416065249487521,5.018681375473534,0.0362727208994329,ELL,0.988,0.02,0.1280837476028867,0.09837663,0.1274487,ELL,80777.0,ELL,ELL,2
12681821,75.0,LS,2.307871774626544,0.3929228469746193,0.392902539853897,4.364965909375314,0.0285830837674438,CEP,0.505,0.0,0.0523812027353324,0.23873276,0.17503124,CEP,99992.0,Unconstrained,ELL,2
12681821,81.0,LS,4.589388941525657,0.1014424125332621,0.0994914810515664,5.137212940800964,0.0274139386601746,ELL,1.0,0.0,0.0036079911308095,0.012476059,0.004952804,ELL,100001.0,ELL,ELL,2
12681821,82.0,LS,2.307971534101675,0.3900379086153787,0.3896853009191274,4.582678231763566,0.0292631261982023,CEP,0.557,0.0,0.0449445703061003,0.32814592,0.20970865,CEP,100010.0,Unconstrained,ELL,2
12716975,58.0,LS,8.660108371618804,0.1081628542838598,0.0640454698812627,3.935413541265007,0.0875934958457946,ELL,0.9935,0.0,0.0390843651605088,0.26386133,0.06873881,ELL,35483.0,ELL,ELL,2
12920834,55.0,ACF,1.076383007957702,0.305270862506894,0.4964636191881977,66.3022413309438,0.0076052616350352,CEP,0.471,0.04,0.0789665752074889,0.3141144,0.20687127,CEP,121536.0,Unconstrained,ELL,2
12920834,55.0,LS,1.0861069176070484,0.2367042775525675,0.2366852944305384,4.883789431794867,0.0076052616350352,CEP,0.404,0.12,0.1189981109093753,0.76050293,0.3730859,CEP,121527.0,Unconstrained,ELL,2
12920834,75.0,ACF,1.0740747456802635,0.1281394766524922,0.0116550399746194,1.5999470690732096,0.0097006605938076,CEP,0.475,0.02,0.0679532192026249,0.6102392,0.30942443,CEP,121634.0,Unconstrained,ELL,2
12920834,75.0,LS,1.0818137030545572,0.1408911187529964,0.140845093019409,4.606981087563327,0.0097006605938076,CEP,0.476,0.1,0.1167519353158653,0.84848785,0.39057314,CEP,121603.0,Unconstrained,ELL,2
12920834,82.0,ACF,2.150445743872752,0.2543181948491699,0.0140276196409787,3.9225871774174266,0.0108821038156747,ELL,1.0,0.0,0.056249381329931,0.18814632,0.09284926,ELL,121681.0,ELL,ELL,2
12921082,14.0,ACF,1.7708649954340672,0.6521610963171256,1.246224097903576,20.76196845857585,0.0493804551661014,ELL,0.998,0.0,0.0208196926009967,0.025313912,0.014934128,ELL,122205.0,ELL,ELL,2
12921082,15.0,ACF,1.7708193425289664,0.7977342629749365,1.537913549070133,20.9094829788083,0.0480753881856799,ELL,1.0,0.0,0.0026022298130641,0.017047472,0.0030206833,ELL,122197.0,ELL,ELL,2
12921082,41.0,ACF,1.7708415506217534,0.8905875240423825,1.73968876850229,63.39784234461723,0.0461958535015583,ELL,1.0,0.0,0.0041761226035642,0.008073133,0.0030685065,ELL,122216.0,ELL,ELL,2
12921082,55.0,ACF,1.770823836368436,0.8908438750864719,1.7542983785859008,63.397076984387496,0.04611745942384,ELL,0.998,0.0,0.0264295289401835,0.06126184,0.02381738,ELL,122223.0,ELL,ELL,2
12921082,75.0,LS,1.7752838507830455,0.0247808152995662,0.0247389838131003,3.8669642700697295,0.0483075389638543,ELL,1.0,0.0,0.0041916106689433,0.0053115897,0.0019451575,ELL,122225.0,ELL,ELL,2
12921082,81.0,ACF,1.7731778225579546,0.8727392295034477,1.708765051417288,190.66029958553884,0.0519544165581464,ELL,0.992,0.0,0.0054147945482723,0.0019403553,0.00091582385,ELL,122234.0,ELL,ELL,2
12921082,82.0,ACF,1.7731341284502378,0.9127700047326576,1.7866291596902166,190.77903980711915,0.0491644907742738,ELL,0.998,0.0,0.0437507302796193,0.021036211,0.010138905,ELL,122533.0,ELL,ELL,2
12921082,82.0,LS,1.770342599559234,0.0247861089925042,0.0247826859788263,3.94916191194352,0.0491644907742738,ELL,0.998,0.0,0.0055145262715849,0.002395716,0.00092328177,ELL,122531.0,ELL,ELL,2
13211704,57.0,ACF,1.6250046559844122,0.6557211213369682,1.307435191634894,169.84126662520566,0.0205876724794507,ELL,0.988,0.0,0.0038607771238443,0.00026079398,7.89717e-05,ELL,59523.0,ELL,ELL,2
13211704,57.0,LS,1.6339246953146167,0.0282080846191616,0.0277418296130011,3.844310463868169,0.0205876724794507,ELL,0.988,0.0,0.0262400381097284,0.03249815,0.014333842,ELL,59518.0,ELL,ELL,2
13211704,58.0,ACF,1.622652599047797,0.7120835104278662,1.435070787784421,171.13427811046665,0.0211164937354624,ELL,0.988,0.0,0.0033248157843706,6.626965e-05,1.1770038e-05,ELL,59568.0,ELL,ELL,2
13211704,58.0,LS,1.6302786190228864,0.0105146658412451,0.0093822893690204,4.655254723642429,0.0211164937354624,ELL,0.988,0.0,0.0057227965191853,0.0027256566,0.0018862723,ELL,59563.0,ELL,ELL,2
13211704,78.0,LS,1.6319736871923864,0.0258011695880917,0.017338245204979,3.168027786388848,0.0219233846291899,ELL,0.988,0.0,0.0045538555093459,0.00017140678,6.695849e-05,ELL,59748.0,ELL,ELL,2
13211704,84.0,ACF,1.6250031626141208,0.6766859509811087,1.423636955822048,173.4172134565041,0.0217134389095008,ELL,0.988,0.0,0.0041005365502577,0.0016721236,0.0011462143,ELL,59819.0,ELL,ELL,2
13250726,82.0,LS,3.4931474430906637,0.1257827246379209,0.1244385688208534,5.240579365497979,0.0403938628733158,ELL,0.998,0.0,0.0373606263330795,0.057164986,0.021254351,ELL,108921.0,ELL,ELL,2
13327889,75.0,LS,4.072711114100215,0.2667184842967544,0.2463910521605104,4.95882424289448,0.0117169949226081,CEP,0.446,0.0,0.0472880534596212,0.10288167,0.13985099,CEP,132540.0,Unconstrained,ELL,2
13327889,81.0,LS,8.31899739814233,0.1736984585746223,0.1712480845811467,4.356574450303015,0.0112454465124756,ELL,1.0,0.0,0.0647429501953687,0.17617667,0.069118306,ELL,132475.0,ELL,ELL,2
13327889,82.0,LS,8.077907942027025,0.295926966527384,0.2903796289779252,4.1626078579247405,0.0126630580052733,ELL,1.0,0.0,0.0746141970405096,0.034351807,0.020362146,ELL,132401.0,ELL,ELL,2
13336035,41.0,LS,5.536790835150969,0.0763562712687644,0.0760594066860422,3.636805325082605,0.018962905742228,ELL,1.0,0.0,0.0028509822868618,0.012419086,0.007892558,ELL,143718.0,ELL,ELL,2
13336035,55.0,LS,2.7699738899559647,0.7292287118371633,0.7292084862775468,4.364240055245318,0.020930515602231,CEP,0.485,0.02,0.0714900160861641,0.49467665,0.28373086,CEP,143725.0,Unconstrained,ELL,2
13336035,81.0,LS,2.772999795287065,0.7307061534859357,0.7306331680290318,4.328067012549582,0.0214532040990889,CEP,0.479,0.12,0.1143063182855611,1.1056943,0.4156676,CEP,143730.0,Unconstrained,ELL,2
13336035,82.0,LS,2.7499287121596123,0.7652271613784897,0.7648686227422085,4.387953028111951,0.0220073526725173,CEP,0.566,0.0,0.054983648478434,0.9757694,0.40878987,CEP,143734.0,Unconstrained,ELL,2
13425057,41.0,LS,4.026762032439585,0.0124031901542756,0.011421212268748,4.988514934122577,0.001916974724736,ELL,1.0,0.0,0.0011092339699089,0.00885627,0.0019210218,ELL,110959.0,ELL,ELL,2
13425057,75.0,LS,2.0363506607928694,0.1478478083804899,0.1476741357498427,4.657009277700126,0.0035119583480991,CEP,0.49,0.04,0.1072668746631503,0.99194986,0.3778732,CEP,110966.0,Unconstrained,ELL,2
13425057,81.0,ACF,2.023183837863144,0.1715605505148227,0.0151496719403397,2.298542109984396,0.0029498370713554,CEP,0.532,0.0,0.0455954559139394,0.015061008,0.0049879053,CEP,111036.0,Unconstrained,ELL,2
13425057,81.0,LS,2.0477553770572445,0.2096298111002621,0.2096147351007317,4.412784754640597,0.0029498370713554,CEP,0.458,0.0,0.0441768989405096,0.01912222,0.0071661915,CEP,111004.0,Unconstrained,ELL,2
13425057,82.0,ACF,2.0277662321186654,0.159605410411181,0.0053932226903346,1.65322066768465,0.0032541621476411,CEP,0.468,0.08,0.1300493198751919,0.46469355,0.26360714,CEP,111084.0,Unconstrained,ELL,2
13425057,82.0,LS,2.0194828850168984,0.1708278830878253,0.1707998841137776,4.863429047520185,0.0032541621476411,CEP,0.458,0.08,0.1245393496048537,0.46309215,0.25956482,CEP,111039.0,Unconstrained,ELL,2
13764736,58.0,ACF,0.7060242955549256,0.2976267043319753,0.6089788999601287,83.58335735828553,0.0215618219226598,ELL,0.961,0.1,0.2814650422343776,0.46340218,0.2382056,ELL,17899.0,ELL,ELL,2
13785212,41.0,LS,3.496007803762914,0.0190046166236257,0.0131078021122079,4.03569256794799,0.0310820038430392,ELL,1.0,0.0,0.023783231487752,0.06613095,0.024266176,ELL,54217.0,ELL,ELL,2
13785212,55.0,ACF,1.854158059350084,0.7114941341305606,1.2635422732382824,125.21957106067964,0.0281804776750504,CEP,0.498,0.08,0.082110910359099,0.87484884,0.4163877,CEP,54224.0,Unconstrained,ELL,2
13785212,55.0,LS,1.8097166416347128,0.56875230224428,0.5687516361914221,4.829349924953931,0.0281804776750504,CEP,0.534,0.0,0.0720531026396504,0.90283006,0.3934139,CEP,54221.0,Unconstrained,ELL,2
13785212,81.0,LS,1.9290440329603136,0.2858450258530664,0.2857457455400344,4.49776713547908,0.0233737495727837,CEP,0.552,0.02,0.0718699269514029,0.84003013,0.38987637,CEP,54322.0,Unconstrained,ELL,2
13870682,75.0,ACF,1.1527749041570132,0.2709822443133378,0.0171854191251082,1.2741494898707515,0.0125216867309063,CEP,0.467,0.02,0.0600493130685106,0.054788586,0.0358804,CEP,104462.0,Unconstrained,ELL,2
13870682,75.0,LS,1.1636284821012302,0.1504804593781151,0.1504731416107392,4.547938386127498,0.0125216867309063,CEP,0.476,0.0,0.0608243240817355,0.09495559,0.051538315,CEP,104439.0,Unconstrained,ELL,2
13870682,81.0,ACF,1.1527983452378976,0.2776937887795279,0.0160529490589372,1.0444257800778018,0.0112797750625759,CEP,0.47,0.02,0.0642002990647239,0.06602055,0.07692943,CEP,104515.0,Unconstrained,ELL,2
13870682,81.0,LS,1.1675800625694102,0.168355662931687,0.168351687355839,4.386192038658919,0.0112797750625759,CEP,0.474,0.0,0.0519126805318315,0.054917686,0.029055424,CEP,104500.0,Unconstrained,ELL,2
13870682,82.0,ACF,2.3310064176689598,0.2218384492250235,0.0077765158459717,1.0302606951628377,0.0112814409658312,ELL,0.967,0.12,0.3074086017013837,0.43562996,0.26560158,ELL,104584.0,ELL,ELL,2
13877044,82.0,LS,9.231922743703567,0.0311887417890513,0.0272874855685595,3.867208154362743,0.030708760023117,ELL,0.9775,0.08,0.2554027634932715,0.36037916,0.2129442,ELL,112317.0,ELL,ELL,2
13967727,14.0,ACF,0.4583419815562592,0.7533713227354524,1.3122483248692751,5.307253949031505,0.0943252630531787,ELL,0.905,0.04,0.1114714384943515,0.1919774,0.097456686,ELL,62903.0,ELL,ELL,2
13967727,15.0,ACF,0.4583303063627681,0.8126102679071865,1.4407061720761405,5.305376640146218,0.0868840422481298,ELL,0.935,0.0,0.0675754866797124,0.2159318,0.04047743,ELL,62889.0,ELL,ELL,2
13967727,41.0,ACF,0.4513915434495175,0.9384760666458464,1.7543286303177863,15.974240410082942,0.0625002104789018,ELL,0.888,0.08,0.2459911876470374,0.3133683,0.24864107,ELL,62918.0,ELL,ELL,2
13967727,55.0,ACF,0.4513870658865926,0.9682508757371098,1.830395649806708,16.019733026156622,0.0651504471898078,ELL,0.878,0.04,0.1973987649404119,0.30401808,0.15721016,ELL,62933.0,ELL,ELL,2
14040107,58.0,ACF,1.081028015980337,0.8905990921145189,1.2357041259329868,120.20570634756513,0.0553634157404303,ELL,1.0,0.0,0.002176602857666,0.0056004114,0.0017802892,ELL,10781.0,ELL,ELL,2
14040107,58.0,LS,1.0826384437151582,0.1215392594167028,0.1215197239633013,4.558727679133881,0.0553634157404303,ELL,1.0,0.0,0.0058007240927318,0.021320377,0.008647518,ELL,10777.0,ELL,ELL,2
14040117,58.0,ACF,1.078713181040257,0.7998808744800331,1.4717110394348445,118.22570637118406,0.0186279660556465,ELL,1.0,0.0,0.0733159846145436,0.03917873,0.029805487,ELL,8162.0,ELL,ELL,2
14040117,58.0,LS,1.0826384655521253,0.1223464507380721,0.1223298498198473,4.504172415898211,0.0186279660556465,ELL,1.0,0.0,0.0157133987412017,0.054481935,0.026215972,ELL,8159.0,ELL,ELL,2
14101482,55.0,LS,2.0886660612088166,0.0245767125153326,0.0224354649094368,3.330878408421995,0.0285151321440935,ELL,0.996,0.0,0.0698960377990054,0.28894234,0.13002475,ELL,114683.0,ELL,ELL,2
14207366,55.0,LS,5.4305402453542255,0.0294690048154103,0.0281114825972308,4.068918986205972,0.0101095356512814,ELL,0.998,0.0,0.10208137174403,0.29324624,0.17573354,ELL,125094.0,ELL,ELL,2
14207366,81.0,LS,5.324163788449821,0.1709293201543429,0.1695936891057696,5.1707883204908285,0.0126649776939302,ELL,0.992,0.1,0.2120931578340046,0.25658354,0.13067742,ELL,125103.0,ELL,ELL,2
14207366,82.0,LS,1.7465770088623127,0.2353040563988399,0.2350196630243629,4.765840334428503,0.0121618434786796,CEP,0.47,0.02,0.0473826972638747,0.17351086,0.17412092,CEP,125108.0,Unconstrained,ELL,2
14212879,41.0,ACF,1.2361185462987123,0.9012803624337704,1.758907310903759,44.440451634192016,0.0588952610269188,ELL,1.0,0.0,0.0439201559651147,0.114880756,0.047027636,ELL,138298.0,ELL,ELL,2
14212879,41.0,LS,1.230399057110389,0.0279210075964134,0.0279145217314351,4.467658956496962,0.0588952610269188,ELL,1.0,0.0,0.0017688696955965,0.0158505,0.0056108925,ELL,138296.0,ELL,ELL,2
14212879,55.0,ACF,1.2361062846648565,0.910336217802834,1.783893377691976,44.46095296121016,0.0575666083022952,ELL,1.0,0.0,0.0074687616108696,0.017943982,0.0055525135,ELL,138308.0,ELL,ELL,2
14212879,55.0,LS,1.233898610043008,0.0288430693575399,0.0285795266725774,4.242100105035206,0.0575666083022952,ELL,1.0,0.0,0.0010874281585465,0.013918652,0.007774403,ELL,138306.0,ELL,ELL,2
14212879,75.0,LS,1.2363566418476677,0.0356994154005947,0.0356959739883441,4.511606124586251,0.0581671623513102,ELL,1.0,0.0,0.0140360108292919,0.03861241,0.012709438,ELL,138312.0,ELL,ELL,2
14212879,81.0,ACF,1.236133165618412,0.9037039138100572,1.766155173146938,133.5502842455008,0.0586881767958402,ELL,1.0,0.0,0.0043865248204016,0.020232588,0.00875439,ELL,138467.0,ELL,ELL,2
14212879,81.0,LS,1.2324453809878206,0.0388762501712464,0.0388171552889334,4.050348972799839,0.0586881767958402,ELL,1.0,0.0,0.0142348902349122,0.059596866,0.03842685,ELL,138465.0,ELL,ELL,2
14212879,82.0,ACF,1.23378827809438,0.9302225444188036,1.821626554870865,133.42914127190863,0.0580987054854631,ELL,1.0,0.0,0.002472569513684,0.003115091,0.0006993332,ELL,138429.0,ELL,ELL,2
14212879,82.0,LS,1.230811398467592,0.029746244204653,0.0297448514632775,4.537170184485149,0.0580987054854631,ELL,1.0,0.02,0.139273409163415,0.11333057,0.13936183,ELL,138427.0,ELL,ELL,2
14621767,41.0,LS,2.0443552044628013,0.4313993820895269,0.4312878766508472,4.2314159071884205,0.0376504263840615,ELL,1.0,0.02,0.1051308633302867,0.13538626,0.11860595,ELL,122905.0,ELL,ELL,2
14621767,55.0,LS,2.057022997002476,0.4399260170659601,0.4399254979157333,4.379698493006799,0.0364468293264508,ELL,0.999,0.02,0.0890381721510499,0.17995757,0.090372264,ELL,122923.0,ELL,ELL,2
14621767,81.0,LS,2.047755744571463,0.4285163554401693,0.4284934965753904,4.32671348693475,0.0356698245741426,ELL,1.0,0.0,0.0135019443044325,0.012251211,0.0057396223,ELL,122937.0,ELL,ELL,2
14621767,82.0,LS,2.0515350096529232,0.4617425250659776,0.4617100004565947,4.3405459671412245,0.0397953717038035,ELL,1.0,0.0,0.0681585477838253,0.17888825,0.104976125,ELL,122946.0,ELL,ELL,2
14710168,71.0,LS,9.816709342070077,0.0184406722216258,0.0174374386552297,2.1013868416121118,0.0088162050815299,ELL,1.0,0.02,0.1271885706343144,0.115100056,0.10125938,ELL,26228.0,ELL,ELL,2
14710168,72.0,LS,4.792017319880892,0.3796537059995408,0.3795432238765421,4.8108337620251405,0.0080542400246486,CEP,0.438,0.04,0.0532270758167307,0.1461126,0.14749052,CEP,26234.0,Unconstrained,ELL,2
15040115,55.0,ACF,1.6180711004622026,0.8015799377149158,1.435763518852696,52.9085657603689,0.0708467187359929,ELL,1.0,0.0,0.00056,0.0075304457,0.0017970249,ELL,101087.0,ELL,ELL,2
15040115,82.0,ACF,1.6180632689265622,0.8060114416706545,1.4050724677291726,157.07223295288986,0.0674269488081336,ELL,0.988,0.0,0.0039397461847179,0.0003847978,0.00017490741,ELL,101099.0,ELL,ELL,2
15350579,80.0,ACF,0.6967496792281054,0.4617344069844436,0.8862648312989299,82.6589283367511,0.0655712559819221,ELL,0.96,0.12,0.2809303820464958,0.5014687,0.25894433,ELL,9875.0,ELL,ELL,2
15474239,75.0,LS,5.769652383149268,0.0278692435766679,0.0220737551690274,3.8651125289870834,0.0227336073294281,ELL,0.988,0.0,0.0033754407119663,0.00084083545,0.00042688812,ELL,67133.0,ELL,ELL,2
15474239,82.0,LS,2.93743299763605,0.7340544080880332,0.7333380177910983,4.360105805983039,0.0242007384076714,CEP,0.452,0.0,0.0327808724716106,0.003917164,0.0021874732,CEP,67135.0,Unconstrained,ELL,2
15674477,75.0,ACF,1.303238016895648,0.7891354740188365,1.2776809723932894,147.2053083473864,0.0401481706649065,ELL,1.0,0.0,0.026257006683931,0.064187616,0.032071285,ELL,110873.0,ELL,ELL,2
15674477,75.0,LS,1.306337779811648,0.3178099522993476,0.3177822293148938,4.444383650061354,0.0401481706649065,ELL,1.0,0.0,0.0489085565111055,0.10811392,0.036826458,ELL,110870.0,ELL,ELL,2
15674477,82.0,ACF,1.30786292342691,0.9201957732168948,1.5479379911846884,149.68675716899492,0.0368412537500262,ELL,1.0,0.0,0.0599102870966247,0.18263969,0.08093268,ELL,110878.0,ELL,ELL,2
15674477,82.0,LS,1.305523942233326,0.3231176989510736,0.3231080481826298,4.515975326579792,0.0368412537500262,ELL,1.0,0.0,0.0395787013430203,0.15468067,0.067453615,ELL,110877.0,ELL,ELL,2
20645329,59.0,LS,7.8420222010400655,0.1538953866056605,0.1360113458194638,4.189098253704287,0.0367924594320356,ELL,0.9815,0.02,0.1099320049351471,0.49544406,0.2166061,ELL,37873.0,ELL,ELL,2
21392414,73.0,LS,1.525381858865791,0.0265135069443809,0.0248056848898493,4.962520922766998,0.0382488477043807,ELL,0.90475,0.08,0.1905353056415486,0.5530713,0.2738331,ELL,37709.0,ELL,ELL,2
21931623,12.0,LS,1.226851440191978,0.0484949023900438,0.044591343304615,3.2775130608324616,0.0094261096091941,CEP,0.58,0.06,0.1436867927124827,0.3721977,0.11876792,CEP,59263.0,Unconstrained,ELL,2
21931623,66.0,LS,7.200338610784109,0.0684847559949364,0.0668339716168171,3.448905920060497,0.0114093977026641,ELL,0.998,0.04,0.1398868471301001,0.14194211,0.07186114,ELL,59303.0,ELL,ELL,2
22820540,66.0,LS,5.489724828652657,0.0357597234898655,0.0276434905419856,4.15541964703516,0.0349144521169364,ELL,0.996,0.02,0.1004038968367264,0.26817787,0.13402575,ELL,30624.0,ELL,ELL,2
25242349,57.0,LS,1.1982037750795855,0.2736385896037177,0.2734943863947169,3.924786962459621,0.0135680346284061,CEP,0.532,0.0,0.0544957392829934,0.5629792,0.30595663,CEP,76907.0,Unconstrained,ELL,2
25242349,77.0,LS,5.3963496453081925,0.0281821281535882,0.0263286707388326,3.5690752836308093,0.0122651259880512,ELL,0.8845000000000001,0.04,0.1459072369832341,0.6006298,0.27850726,ELL,76918.0,ELL,ELL,2
25242349,84.0,LS,1.2031616721590317,0.2978835627957694,0.2977551759673096,4.6198506025684765,0.0122684531379491,CEP,0.486,0.0,0.0478931477353493,0.10193014,0.13668618,CEP,76922.0,Unconstrained,ELL,2
26612259,54.0,LS,8.192228629388012,0.1018993013486588,0.0946686422328252,4.155599974365032,0.0554299587383866,ELL,0.977,0.12,0.3160132332672162,0.48604572,0.27274776,ELL,73096.0,ELL,ELL,2
26612259,81.0,LS,7.005259536408747,0.2392030312440759,0.2269412570202762,3.744769506411103,0.0746421096846461,ELL,0.926,0.08,0.2334607298883476,0.43582577,0.1911512,ELL,73100.0,ELL,ELL,2
28880570,66.0,ACF,1.0161948515142285,0.5542607690688881,1.142538425265665,106.80598168000448,0.0295576476491987,ELL,1.0,0.0,0.0252737334005089,0.025872897,0.013887913,ELL,87425.0,ELL,ELL,2
28880570,66.0,LS,1.0116192624560645,0.1220103374300019,0.1219742906692093,4.381032217421307,0.0295576476491987,ELL,1.0,0.0,0.0169766427776518,0.038425628,0.024965562,ELL,87421.0,ELL,ELL,2
29123001,8.0,LS,2.6782702963434746,0.0393576711412971,0.0361981101652505,4.932482849987082,0.0340753910131752,ELL,0.998,0.0,0.0655671381104894,0.103050105,0.03254913,ELL,131329.0,ELL,ELL,2
29123001,35.0,ACF,1.930564899148976,0.3227523299565045,0.4735626303833813,102.13249194747456,0.0276412069797515,CEP,0.465,0.1,0.0830726043891727,0.7760103,0.37821972,CEP,131548.0,Unconstrained,ELL,2
29123001,35.0,LS,2.0947170244034514,0.1024118143816018,0.0684800407467776,2.8664372732873744,0.0276412069797515,CEP,0.363,0.1,0.0981570089193838,0.7722889,0.38333943,CEP,131543.0,Unconstrained,ELL,2
29133583,62.0,ACF,2.3310153477732456,0.684061693618704,1.085418187086723,281.626918795429,0.0322254700586199,ELL,0.894,0.12,0.2233572818098156,0.6406554,0.28073215,ELL,135572.0,ELL,ELL,2
29207816,8.0,LS,5.7391385461775295,0.0462814529305756,0.0353659133895638,3.4978068181867457,0.0022245600121095,ELL,0.997,0.0,0.0256458105740489,0.16622809,0.054874472,ELL,123134.0,ELL,ELL,2
29207816,9.0,LS,1.6180294612910222,0.0441575345874696,0.0441336120475513,4.486962122676232,0.0025072650169022,CEP,0.44,0.04,0.0757926117771383,0.5008323,0.2432236,CEP,123136.0,Unconstrained,ELL,2
29207816,35.0,LS,8.099550666487175,0.120963099323401,0.0883204686810598,3.603030819864216,0.0025163043756037,ELL,1.0,0.0,0.0050022494939776,0.023268504,0.005814583,ELL,123158.0,ELL,ELL,2
29277573,45.0,ACF,0.6250288072169496,0.5067949673225739,0.67694643947885,27.204184653975105,0.0140544178429991,ELL,0.877,0.08,0.2191540316763531,0.69001603,0.2155865,ELL,25735.0,ELL,ELL,2
29277573,71.0,ACF,0.6273621134796485,0.6919035739538159,1.0446448685887575,79.57413552904964,0.0560293532907962,CEP,0.429,0.12,0.0753201593200651,0.789737,0.39035204,CEP,25744.0,Unconstrained,ELL,2
30268695,2.0,LS,2.318141979769157,0.1195856171570108,0.1159371371946832,4.143980039475991,0.0829301960766315,CEP,0.606,0.06,0.1532776617775728,0.40983683,0.17386086,CEP,31896.0,Unconstrained,ELL,2
30268695,3.0,LS,5.317940058241555,0.0819922051122064,0.079893171612371,3.0732183719483146,0.0536263175308704,ELL,0.936,0.1,0.2903037864031401,0.67965406,0.25206003,ELL,31911.0,ELL,ELL,2
30268695,4.0,LS,1.982400219871252,0.2013183688192336,0.1962668884896493,3.910525626120034,0.0595119874924421,CEP,0.765,0.0,0.0803433033923798,0.6820804,0.21049598,CEP,31915.0,Unconstrained,ELL,2
30268695,7.0,LS,1.5981266335137136,0.1492198840806037,0.1491515805315428,3.559229971000605,0.0598345510661602,CEP,0.663,0.08,0.160475573219104,0.78799105,0.24297786,CEP,32021.0,Unconstrained,ELL,2
30268695,9.0,LS,1.423616964764183,0.1187646847631495,0.1138320379379055,4.522122222075723,0.0436643790453672,CEP,0.512,0.12,0.1279598749608642,0.7097541,0.288251,CEP,31929.0,Unconstrained,ELL,2
30268695,10.0,LS,6.041716186156064,0.0498179502703131,0.028762580400198,2.2848354003440363,0.042369975708425,ELL,0.9325,0.12,0.2358503500103402,0.6542627,0.164529,ELL,32039.0,ELL,ELL,2
30268695,11.0,LS,1.757830823681238,0.1271667026635465,0.1249868753565264,3.5962737803265554,0.0548992538824677,CEP,0.629,0.1,0.1406212729283873,0.5309541,0.11355393,CEP,31953.0,Unconstrained,ELL,2
30268695,12.0,LS,10.15635367243135,0.1134717274888866,0.0150043089208925,1.835668208012976,0.0725630391389131,ELL,0.941,0.08,0.2056227069173052,0.8017676,0.1800368,ELL,32048.0,ELL,ELL,2
30268695,28.0,LS,7.881953765667427,0.0916762652693321,0.07988207824975,3.611536287691706,0.0609561055898666,ELL,0.998,0.0,0.0037139736132611,0.0038704537,0.00070462987,ELL,31864.0,ELL,ELL,2
30268695,29.0,LS,4.8999811861701374,0.1665885649506437,0.1627330331870851,3.8216437659248186,0.0791185908019542,ELL,0.998,0.0,0.021271034295492,0.124173,0.037229925,ELL,31873.0,ELL,ELL,2
30268695,31.0,LS,3.258510132698237,0.2403882785527499,0.2398487957789764,3.4429250804932963,0.0955999828875064,CEP,0.474,0.02,0.0722398338868521,0.4380836,0.25496906,CEP,32008.0,Unconstrained,ELL,2
30268695,32.0,LS,3.0006109397735643,0.1888308051356469,0.1872322991706827,6.16240997373643,0.070492960512638,CEP,0.487,0.04,0.0790827515960338,0.37509882,0.20915568,CEP,31976.0,Unconstrained,ELL,2
30268695,33.0,LS,2.934790019944145,0.1336906949064417,0.0934996387758876,3.0894071008078754,0.0653268117457628,CEP,0.472,0.08,0.0872729603027192,1.1460097,0.33317566,CEP,31988.0,Unconstrained,ELL,2
30268695,36.0,LS,4.567330825428737,0.2944441707881,0.2803578810012702,4.474244275597812,0.0693888682872057,CEP,0.439,0.08,0.0868880290949219,0.6500127,0.36101678,CEP,32065.0,Unconstrained,ELL,2
30268695,38.0,LS,1.9534252101815253,0.1839845059433372,0.1832824966445098,3.4178408054322063,0.0611893041059374,CEP,0.473,0.06,0.0842738393571813,0.7703327,0.36091432,CEP,32077.0,Unconstrained,ELL,2
30268695,39.0,LS,1.9396409346344017,0.1755819653882851,0.174537719935569,4.500221161752052,0.0750640919432044,CEP,0.45,0.1,0.122301633676742,0.7385758,0.33122203,CEP,32087.0,Unconstrained,ELL,2
30268695,61.0,LS,2.567923698180573,0.1848631242994305,0.1832019682342158,3.8671713353905934,0.1063884887844324,CEP,0.436,0.12,0.0663774057944418,0.5400078,0.35271287,CEP,32096.0,Unconstrained,ELL,2
30268695,64.0,LS,2.9252482526004298,0.3347640853140066,0.322386255088693,5.405840363819152,0.0754524627700448,CEP,0.487,0.0,0.0621293618187085,0.41974187,0.25682354,CEP,32106.0,Unconstrained,ELL,2
30268695,65.0,LS,10.049074578665184,0.1020854424219069,0.0854451484483709,4.6870391650663805,0.1012345124036073,ELL,1.0,0.06,0.1927404391921944,0.46313912,0.24541292,ELL,32114.0,ELL,ELL,2
30268695,66.0,LS,2.697540438066378,0.1723186918979281,0.1705035126217328,4.894144711925037,0.098515348508954,CEP,0.544,0.08,0.1238907647889865,0.89441293,0.3878977,CEP,32128.0,Unconstrained,ELL,2
30268695,67.0,LS,8.644236198181096,0.0255197922146049,0.0244927658501873,2.905706051402376,0.0818307697772979,ELL,0.9425,0.08,0.2203948736810771,0.6755614,0.29907122,ELL,32120.0,ELL,ELL,2
30478248,35.0,LS,2.641172811464192,0.0777249169388504,0.0713982526072528,4.326084831927801,0.0530629372224211,ELL,0.93,0.12,0.2915169950448859,0.7127507,0.26053488,ELL,127447.0,ELL,ELL,2
30478248,36.0,LS,1.246401833453598,0.0607482138173024,0.0605790060848383,5.16151839885606,0.071495589800179,CEP,0.659,0.02,0.1229542744275285,0.40593517,0.13064007,CEP,127457.0,Unconstrained,ELL,2
30653985,8.0,LS,6.6956988889459526,0.1727096953716196,0.1725289039864784,3.896008010393871,0.0427188305184245,ELL,0.9355,0.12,0.2698270119910162,0.7981262,0.2689991,ELL,119510.0,ELL,ELL,2
30653985,9.0,LS,3.2798166498838093,0.1885060642731427,0.1875141597321021,4.9328058311512,0.0292006344534456,CEP,0.547,0.02,0.1135809068461772,0.7631873,0.28504428,CEP,119380.0,Unconstrained,ELL,2
30653985,63.0,LS,2.139301738286869,0.118750134020508,0.1184538356282979,4.900043908801308,0.0376379233784973,CEP,0.45,0.02,0.0735958259685968,0.80718493,0.3987408,CEP,119534.0,Unconstrained,ELL,2
31181554,1.0,LS,4.342457466456013,0.0968604110037121,0.0747733670411941,2.487545231484092,0.0665083201602101,CEP,0.61,0.1,0.1537469557422195,0.81832385,0.17907454,CEP,28964.0,Unconstrained,ELL,2
31181554,2.0,LS,3.335866742425244,0.5952429749746979,0.5952356229781643,4.532743499815751,0.0710997451096773,CEP,0.67,0.02,0.1258333882560586,0.8011166,0.2865414,CEP,28972.0,Unconstrained,ELL,2
31181554,3.0,LS,3.368035008679575,0.4146294918180933,0.37592036529127,4.269428849172527,0.055256774649024,CEP,0.688,0.0,0.112056157349786,1.1290715,0.30532297,CEP,28979.0,Unconstrained,ELL,2
31181554,7.0,LS,3.572284557728436,0.1193134031888549,0.0995974989335956,3.308158171627838,0.0965027417987585,CEP,0.599,0.1,0.1475487661757969,0.6420159,0.12163744,CEP,29021.0,Unconstrained,ELL,2
31181554,8.0,LS,3.377971279224473,0.4056565393763547,0.3895921842269282,4.488287161943845,0.0614392105489969,CEP,0.893,0.0,0.114731136140108,1.5444156,0.32334462,CEP,29080.0,CEP,ELL,2
31181554,9.0,LS,7.028205261590637,0.0903847324308966,0.0657088188065949,2.730136037881038,0.0892628263682127,ELL,0.993,0.0,0.0740818466292519,0.34507805,0.14224026,ELL,29033.0,ELL,ELL,2
31181554,10.0,LS,1.8292411914012507,0.1471766370043845,0.1439011476119885,3.900823361022504,0.0477296207100153,CEP,0.597,0.08,0.1378821757878805,1.0067866,0.2741305,CEP,29035.0,Unconstrained,ELL,2
31181554,12.0,LS,9.375079381422015,0.1209616641197793,0.0779435622384205,3.3327934366025147,0.0455726264044642,ELL,0.8265,0.1,0.1744730738856603,0.8225622,0.27834168,ELL,29091.0,ELL,ELL,2
31181554,28.0,LS,5.138896818679234,0.1640036987938683,0.1193374564412505,4.182026339283766,0.0435415375977754,CEP,0.535,0.0,0.0549999999999999,0.7036906,0.36184245,CEP,28933.0,Unconstrained,ELL,2
31181554,30.0,LS,7.636795948200523,0.073240307042787,0.0601797783916854,3.189484991622521,0.0586853548884391,ELL,0.998,0.0,0.0256569678645002,0.088990755,0.023861323,ELL,28957.0,ELL,ELL,2
31181554,33.0,LS,3.2282726153994177,0.148563311416761,0.106577780014262,3.1723411136918003,0.098698204383254,CEP,0.607,0.12,0.1622064117105116,0.29599157,0.11190709,CEP,29004.0,Unconstrained,ELL,2
31181554,34.0,LS,3.0301348717578693,0.279102752530081,0.2774001949680468,4.8767633389525145,0.0569488992914557,CEP,0.502,0.1,0.1186513278476056,1.0306892,0.372268,CEP,29014.0,Unconstrained,ELL,2
31181554,38.0,LS,4.844484550081414,0.3943229011955307,0.3679491471218252,4.30712020419378,0.0774286361411213,CEP,0.38,0.1,0.0991020807046956,0.86111546,0.35201943,CEP,29139.0,Unconstrained,ELL,2
31181554,61.0,LS,9.0864993247998,0.0921635894804846,0.0664474251063747,4.098109303598903,0.0880534388124942,ELL,0.9785,0.1,0.2516357717018787,0.33293936,0.22873701,ELL,29146.0,ELL,ELL,2
31181554,62.0,LS,4.439728430085644,0.4099200133079847,0.3977953659222994,3.88630420505433,0.0761206774041056,CEP,0.472,0.1,0.1072990288865654,0.88788784,0.3886031,CEP,29152.0,Unconstrained,ELL,2
31181554,63.0,LS,2.9930122118114566,0.3480167576683626,0.3430721484038289,4.755534916661418,0.0690069468691945,CEP,0.508,0.04,0.0744958629723825,0.64227873,0.33869714,CEP,29156.0,Unconstrained,ELL,2
31181554,64.0,LS,10.350857116868085,0.1151957620788464,0.0357422510818724,3.501516884694865,0.0940889772027731,ELL,0.982,0.02,0.0967397105639664,0.11812011,0.06783334,ELL,29163.0,ELL,ELL,2
31181554,65.0,LS,5.024527122658003,0.35326616214414,0.349880748485363,5.666801301977102,0.0765604153275489,CEP,0.552,0.08,0.0824019514332033,0.9823344,0.38521022,CEP,29167.0,Unconstrained,ELL,2
31181554,67.0,LS,1.983921650377635,0.2125955606345587,0.2122674433734214,4.926415065754554,0.053089065477252,CEP,0.476,0.0,0.040205551855434,0.064460896,0.07908537,CEP,29170.0,Unconstrained,ELL,2
31181554,69.0,LS,7.066976616741241,0.0745953716882031,0.0421249766830855,2.6899965800221253,0.0958170928061008,ELL,0.9865,0.06,0.1871212184654642,0.22665404,0.16609281,ELL,29181.0,ELL,ELL,2
31420649,66.0,ACF,3.881981691849433,0.7512662780090125,1.1052811673650709,198.85346169877695,0.0232903938740491,ELL,1.0,0.0,0.0622216071794999,0.1083435,0.04652761,ELL,62683.0,ELL,ELL,2
31770408,7.0,ACF,2.125004291785899,0.7927557193967987,1.5614534662465345,25.035760207611503,0.0035051206941716,ELL,1.0,0.0,0.0133757242794549,0.06420756,0.013183748,ELL,61888.0,ELL,ELL,2
31770408,34.0,ACF,2.111092612205539,0.7541846442419019,1.4934633230475804,75.39137851135632,0.0040135695599019,ELL,1.0,0.0,0.0236434684426798,0.060963057,0.027659446,ELL,61882.0,ELL,ELL,2
31770408,61.0,ACF,2.1157095407625093,0.6684296726888489,1.3134603388068609,225.52334377349348,0.0051633437396958,ELL,1.0,0.0,0.0031562002471326,0.024595695,0.008598362,ELL,61905.0,ELL,ELL,2
33287617,7.0,LS,1.1626762537755122,0.0364930834667634,0.0220120108099258,3.2037677094267565,0.0284518394619226,E,0.68,0.06,0.1339036310187293,0.52857023,0.11653744,E,20574.0,Unconstrained,ELL,2
33287617,33.0,ACF,1.1527918724386836,0.7958669972454749,1.4474474077741426,36.59496670656768,0.0123017258010804,ELL,0.99,0.0,0.0548234110576859,0.019733418,0.018813746,ELL,20797.0,ELL,ELL,2
34444223,80.0,LS,0.5626512052305788,0.0202192073628711,0.02021504198346,4.284198920544441,0.0092890649102628,ELL,0.963,0.0,0.0730685185288438,0.17285326,0.07909779,ELL,58837.0,ELL,ELL,2
40473404,74.0,LS,1.854224548215104,0.3207067442229669,0.3207060238511118,11.10556283374899,0.1007754076272249,CEP,0.497,0.08,0.105577459715604,0.8455899,0.42604968,CEP,83953.0,Unconstrained,ELL,2
40473404,75.0,LS,0.9484452674729096,0.3140499454336508,0.314003717801279,4.483950814475975,0.0550460442900657,CEP,0.522,0.02,0.0645736788482737,0.2813694,0.19117814,CEP,83956.0,Unconstrained,ELL,2
40473404,81.0,ACF,1.895854382202515,0.7620115811441496,1.3270396927736248,233.99956492091175,0.039024509023875,ELL,0.9935,0.04,0.1359132130484113,0.35285485,0.16884646,ELL,83965.0,ELL,ELL,2
40473404,82.0,LS,0.9434000063005648,0.3769007117376282,0.3769006582034793,4.403519212708488,0.0408197659999132,CEP,0.518,0.02,0.0563844517575545,0.38781607,0.21297266,CEP,83966.0,Unconstrained,ELL,2
40479710,41.0,ACF,2.451383415404507,0.489095521145246,0.831648468167528,71.42934653575378,0.0045940864947624,ELL,1.0,0.0,0.0061245734545354,0.0055226358,0.0011259192,ELL,127770.0,ELL,ELL,2
40479710,54.0,LS,2.473177690872634,0.0119335017924887,0.0114242435537901,3.75588075302403,0.004506571276579,ELL,0.997,0.0,0.0054409190400152,0.0020147252,0.0005831225,ELL,127790.0,ELL,ELL,2
40479710,55.0,ACF,2.4583029643144982,0.5642016425985803,0.9415451132658104,68.48714069132257,0.0046666452544741,ELL,0.988,0.0,0.0141535013335923,0.0066605555,0.005368764,ELL,127780.0,ELL,ELL,2
40479710,74.0,ACF,2.455968485552148,0.3723913373665173,0.007065264743323,1.125934123698471,0.0066303368657827,ELL,0.998,0.0,0.0097833327654741,0.010344536,0.0023466386,ELL,127820.0,ELL,ELL,2
40479710,75.0,ACF,2.460667260640548,0.285561847874044,0.0098042421303291,1.0808437469945602,0.0069297739537432,ELL,1.0,0.0,0.0127999999999999,0.012905935,0.0053882888,ELL,127850.0,ELL,ELL,2
40479710,81.0,ACF,2.462978913081315,0.2706725476379252,0.0140789800963636,3.143902305009533,0.0063934811623767,ELL,1.0,0.06,0.2163366117882037,0.2223032,0.17931342,ELL,127885.0,ELL,ELL,2
40479710,82.0,ACF,2.451353725512945,0.3672258503602956,0.657989945429645,228.10603807573625,0.006229801219888,ELL,0.988,0.1,0.2583650131112957,0.303515,0.23581757,ELL,127917.0,ELL,ELL,2
40482261,41.0,LS,4.152563698025062,0.0207295608526059,0.018257022405883,3.969637444479304,0.0090411084238439,ELL,1.0,0.0,0.0065956349201574,0.033623897,0.014366768,ELL,136400.0,ELL,ELL,2
40482261,54.0,LS,4.3692800013288124,0.011905095698703,0.0112598546829623,4.250844651813168,0.0098565081134438,ELL,1.0,0.0,0.0624456371574508,0.04531952,0.020661172,ELL,136766.0,ELL,ELL,2
40482261,55.0,ACF,2.131917356940903,0.3330418735193381,0.6463585022560346,164.00390014406773,0.0092976627638563,CEP,0.486,0.0,0.054250441472858,0.3577973,0.20576082,CEP,136752.0,Unconstrained,ELL,2
40482261,55.0,LS,2.2256134159405176,0.279607974668953,0.2795980993036479,4.709174612615243,0.0092976627638563,CEP,0.464,0.0,0.0472707266709535,0.014944749,0.0038420649,CEP,136748.0,Unconstrained,ELL,2
40482261,74.0,LS,2.119113871279816,0.1300496726611978,0.1298552362459094,5.175388987398037,0.0120483129285275,CEP,0.456,0.06,0.0894929807303343,0.55269074,0.31077245,CEP,136772.0,Unconstrained,ELL,2
40482261,75.0,LS,1.505142741011449,0.0293859915962806,0.0293714921646929,3.71663570052624,0.0160801620222628,E,0.9872382241509076,0.0,0.0318271868766007,0.011312855,0.0032343606,E,136792.0,E,ELL,2
40617326,41.0,LS,0.9629142394606282,0.0212510966610878,0.0070668955426028,1.834338263506652,0.0301274401135742,ELL,0.978,0.04,0.1377870389405331,0.2733826,0.07021105,ELL,82072.0,ELL,ELL,2
40617326,54.0,ACF,1.7986473075127378,0.6711733687402291,1.2800220480433917,63.11169285705023,0.0235322071239352,ELL,1.0,0.0,0.0040320714279387,0.0022214877,0.00039633457,ELL,82095.0,ELL,ELL,2
40617326,55.0,ACF,1.7847018201882747,0.5386045358217066,1.0196457205697549,60.325390255359,0.0178838067222386,ELL,0.996,0.04,0.1311340321960702,0.14698206,0.1071369,ELL,82089.0,ELL,ELL,2
40617326,74.0,LS,0.8091159676494389,0.2937332543568416,0.2937278352998549,4.639640165700257,0.0323468353599309,CEP,0.452,0.08,0.0793334733892321,0.69647527,0.33031693,CEP,82100.0,Unconstrained,ELL,2
40617326,75.0,LS,0.8145468281485427,0.2001903714797121,0.2001736233339581,4.655381382784981,0.0244320952333509,CEP,0.494,0.08,0.0915259526036194,0.64225274,0.3303211,CEP,82111.0,Unconstrained,ELL,2
40617326,81.0,LS,0.811604902943969,0.212632576855193,0.2126242796353537,4.785342956583918,0.0362281571142375,CEP,0.477,0.0,0.0534883015247259,0.065171435,0.030646373,CEP,82122.0,Unconstrained,ELL,2
40617326,82.0,LS,0.8077865442430999,0.1658907401154005,0.1655778723827802,4.487211966141331,0.023122145794332,CEP,0.469,0.04,0.0712745227974203,0.34935632,0.25576457,CEP,82131.0,Unconstrained,ELL,2
40822942,65.0,ACF,1.8912275546967976,0.8810026109898513,1.7381776215402285,203.2170514385109,0.1037518586963415,ELL,1.0,0.0,0.0211591138755856,0.03276394,0.013308611,ELL,74670.0,ELL,ELL,2
41153477,65.0,ACF,0.4328761777624095,0.9406389137978516,1.847717129397402,46.5342519088224,0.1438715308904647,ELL,0.994,0.0,0.0196427696621428,0.032643195,0.012716192,ELL,101789.0,ELL,ELL,2
42001582,41.0,LS,8.305163511502654,0.0440398350682707,0.0346385484113695,3.8119067895204353,0.0144092924892902,ELL,0.98,0.0,0.1111169263176664,0.43743622,0.18088537,ELL,118897.0,ELL,ELL,2
42001582,55.0,LS,1.7185213780360862,0.0825210508211098,0.0811201113616396,5.1497569533567,0.0138541916385293,CEP,0.47,0.04,0.0892045649056145,0.7712493,0.33482662,CEP,118651.0,Unconstrained,ELL,2
42001582,81.0,LS,4.589777407424962,0.2216948261125746,0.220734475499688,6.591212926276057,0.0172497204039245,CEP,0.441,0.0,0.0500946464205507,0.094072,0.124733426,CEP,118904.0,Unconstrained,ELL,2
42112051,41.0,LS,0.935792440968918,0.3986231718665752,0.3986160536715244,5.373090546787353,0.0171732832677662,CEP,0.456,0.0,0.0401920390127199,0.14231497,0.11150103,CEP,12675.0,Unconstrained,ELL,2
42112051,54.0,ACF,1.8125393321033696,0.619212435429471,1.2124277354784203,65.76944772217104,0.019277271348983,ELL,0.988,0.04,0.163162863421797,0.13541512,0.12690333,ELL,12706.0,ELL,ELL,2
42112051,55.0,LS,0.9235581111714172,0.5484578254290563,0.5484284962563719,4.660351876742425,0.017235962441191,CEP,0.522,0.02,0.0478468222560286,0.17409939,0.1114291,CEP,12688.0,Unconstrained,ELL,2
42112051,75.0,LS,0.9110034056172508,0.4282997258813146,0.4282564165446209,4.398155177277658,0.0161774607840925,CEP,0.451,0.0,0.0773067034609547,0.30406708,0.19065545,CEP,13425.0,Unconstrained,ELL,2
42112051,82.0,ACF,1.8194258494058888,0.6704938732508376,1.3338551083036057,196.65908108549613,0.0225891056470572,ELL,0.988,0.0,0.0058827204591073,0.00113852,0.0005877278,ELL,12721.0,ELL,ELL,2
42368452,41.0,ACF,2.909723627406038,0.691098609210933,1.2224016678687135,81.37017343033614,0.0286156078800559,ELL,0.988,0.0,0.0054488530903301,0.001845935,0.00085564103,ELL,109764.0,ELL,ELL,2
42368452,41.0,LS,2.8887480856596808,0.0349064902480486,0.0331331131677501,3.4391521336528967,0.0286156078800559,ELL,0.988,0.0,0.0528488410468952,0.01931794,0.018164614,ELL,109760.0,ELL,ELL,2
42368452,54.0,ACF,2.888951918044768,0.6785892536946709,1.1919731545050285,88.45597134954596,0.0270833657123148,ELL,0.988,0.02,0.1411637078005533,0.09168249,0.09867863,ELL,109795.0,ELL,ELL,2
42368452,54.0,LS,2.912088004474551,0.0736619694647852,0.0733319710290392,4.060470751317553,0.0270833657123148,ELL,0.988,0.02,0.0760305859506554,0.0357204,0.03862685,ELL,109793.0,ELL,ELL,2
42368452,55.0,ACF,2.9027502881108376,0.8137742193830089,1.3566889619041458,81.47335098432507,0.0274119200184941,ELL,0.988,0.02,0.1390966340354791,0.09649915,0.109465234,ELL,109776.0,ELL,ELL,2
42368452,75.0,ACF,2.9004764460610204,0.6031307736132397,1.0678048972337688,262.11126558983165,0.033565773628652,ELL,0.988,0.0,0.0049728864857344,0.0009007177,0.0003159045,ELL,109804.0,ELL,ELL,2
42368452,81.0,ACF,2.891241619697212,0.7156997481570347,1.199266027847923,259.99970309644505,0.0344379525631666,ELL,0.988,0.06,0.2099493881867722,0.19900891,0.18144004,ELL,109811.0,ELL,ELL,2
42368452,82.0,ACF,2.8819109322330405,0.7377950127140729,1.2389967392413732,257.5838007120024,0.0325459404848516,ELL,0.988,0.08,0.2051669408067488,0.19643596,0.16619483,ELL,109819.0,ELL,ELL,2
42368452,82.0,LS,2.8721353019363947,0.0796533379371125,0.0796170071999109,4.719391265713057,0.0325459404848516,ELL,0.988,0.0,0.00382,0.0009219042,0.0003878001,ELL,109818.0,ELL,ELL,2
42490844,75.0,LS,2.346991762368725,0.0496081451389574,0.0495535439123067,4.78759482246096,0.0283471867442131,ELL,1.0,0.0,0.0888014419027078,0.25923738,0.1454242,ELL,99231.0,ELL,ELL,2
42490844,81.0,ACF,2.3449388676235685,0.7955340318323003,1.477152326540269,270.6563433926882,0.0311796017922461,ELL,1.0,0.0,0.0372995120611516,0.061131846,0.02953311,ELL,99251.0,ELL,ELL,2
42490844,81.0,LS,2.376641826649372,0.080699452089843,0.0804659582710502,4.144061874976615,0.0311796017922461,ELL,1.0,0.0,0.0890773349399273,0.12027531,0.08322291,ELL,99245.0,ELL,ELL,2
42490844,82.0,ACF,2.344883442046012,0.8060961274607868,1.5011830027871194,268.6885464837069,0.027087025810033,ELL,1.0,0.0,0.0039038442591886,0.008514,0.0025629282,ELL,99423.0,ELL,ELL,2
42490844,82.0,LS,2.393235538236957,0.0641864945437258,0.0641718730283141,4.449231434198737,0.027087025810033,ELL,1.0,0.04,0.1358488866351138,0.13037908,0.06698033,ELL,99418.0,ELL,ELL,2
42615015,65.0,LS,2.2455798809682497,0.0718964244100864,0.0713775840963587,3.719194283785328,0.0409793108701705,ELL,0.9765,0.12,0.2942616692673376,0.5667803,0.24715805,ELL,97363.0,ELL,ELL,2
42741514,65.0,ACF,0.3240787478171114,0.6076334663347541,1.1953000970201324,35.49549702906364,0.0240249070338904,ELL,0.985,0.04,0.1602269502923899,0.15339895,0.118049815,ELL,77175.0,ELL,ELL,2
42832785,41.0,LS,3.3220587691896526,0.1346614098718724,0.1341243202814596,4.480932335038233,0.052351513877511,CEP,0.55,0.08,0.1276329800639317,0.6108904,0.2012088,CEP,108183.0,Unconstrained,ELL,2
42832785,82.0,LS,9.231855225893597,0.1812501781482703,0.1336525887837988,2.831933699042565,0.0443449849262833,ELL,0.984,0.02,0.1197740055270758,0.21427622,0.07496831,ELL,108354.0,ELL,ELL,2
42842057,82.0,ACF,1.3171129890592963,0.3787718945703878,0.617857258207122,131.81710105946428,0.0161575677338987,ELL,1.0,0.0,0.0822827983238295,0.13478678,0.097376496,ELL,137667.0,ELL,ELL,2
43195077,14.0,LS,0.9112910204707856,0.0973167658432894,0.0947568121550583,4.24412088901272,0.0048130369395948,CEP,0.584,0.0,0.0989712200591667,0.45040852,0.12602146,CEP,136864.0,Unconstrained,ELL,2
43195077,15.0,LS,1.4907834211115862,0.0347960715314904,0.0299259229400256,2.802973080564243,0.0048640635213814,CEP,0.447,0.06,0.1247662518472042,0.85493076,0.34218505,CEP,136859.0,Unconstrained,ELL,2
43195077,41.0,LS,5.315309035660541,0.035323492891819,0.0334892741676851,7.812005425990719,0.0058695400366559,ELL,0.9215,0.06,0.167133057807001,0.5998546,0.23732056,ELL,136889.0,ELL,ELL,2
43195077,54.0,LS,5.46161758095669,0.0964555130284917,0.0954875564318444,5.086990549789334,0.0056198996026068,ELL,0.976,0.06,0.2295078525889691,0.40222025,0.18954019,ELL,136923.0,ELL,ELL,2
43195077,75.0,LS,2.8259646243850494,0.1728030337650467,0.1689278146529836,5.107668345055572,0.0075528211891651,CEP,0.451,0.04,0.0594893066021112,0.2422718,0.19308762,CEP,136932.0,Unconstrained,ELL,2
43195077,81.0,LS,2.831992655167625,0.2019989309433952,0.2011210386991236,5.247596065612015,0.0059260515263304,CEP,0.447,0.06,0.0776955700152846,0.6217772,0.32352206,CEP,136946.0,Unconstrained,ELL,2
43195077,82.0,LS,2.937421757577982,0.1154043928747808,0.1140123313568295,9.213005415931548,0.0063131883507594,CEP,0.452,0.04,0.0695312764157253,0.13892034,0.13660404,CEP,136957.0,Unconstrained,ELL,2
43316118,41.0,LS,1.3841914719823942,0.0179728397282319,0.013037191815955,2.993914850465444,0.0202670809812843,ELL,0.99975,0.0,0.0582463397991667,0.14479351,0.04057033,ELL,123180.0,ELL,ELL,2
43316118,55.0,LS,0.4602127715481197,0.1748264209705733,0.1748204557451633,4.448774898040938,0.0191690598148852,CEP,0.39,0.06,0.0379676493873402,0.3057524,0.2565494,CEP,123189.0,Unconstrained,ELL,2
43316118,75.0,ACF,1.3912110808189482,0.2239137973454715,0.3985311491365542,121.5010815259152,0.0279887672513723,ELL,0.997,0.1,0.2587282744502425,0.38164487,0.2219525,ELL,123239.0,ELL,ELL,2
43316118,81.0,ACF,1.3958457425324011,0.3105675422906823,0.5055963637950884,140.0680754029612,0.026691947132349,ELL,0.9875,0.12,0.2554722380220598,0.4570528,0.23384848,ELL,123249.0,ELL,ELL,2
43460530,65.0,ACF,4.675993362279769,0.577797381831655,1.1147879845277724,74.33688057459722,0.0413119094446301,ELL,1.0,0.02,0.1415458936175825,0.10794775,0.115496434,ELL,95361.0,ELL,ELL,2
43546822,41.0,LS,1.1971396871846278,0.1314763657934205,0.1311013983783066,5.004812841541934,0.0067830242915079,CEP,0.49,0.1,0.111579130665192,0.54474604,0.27345687,CEP,108678.0,Unconstrained,ELL,2
43546822,54.0,LS,1.5421033916699711,0.0179119973331766,0.0164859242093269,3.677797630854912,0.0067587138619273,ELL,0.998,0.04,0.1068465644210024,0.21704812,0.14420423,ELL,108711.0,ELL,ELL,2
43546822,55.0,LS,1.201441883629165,0.2585449681203982,0.2585434699457715,4.034320968748943,0.005855121416971,CEP,0.516,0.0,0.044569209102249,0.23287103,0.143431,CEP,108693.0,Unconstrained,ELL,2
43546822,75.0,LS,1.204109595294776,0.1983057160519321,0.1982992377601189,4.5578112128787325,0.0072544562863186,CEP,0.478,0.04,0.0791888982118074,0.48108155,0.2873972,CEP,108723.0,Unconstrained,ELL,2
43546822,81.0,LS,1.199131040392322,0.2227728235966675,0.2227488130199412,4.691481662415754,0.0064214022131636,CEP,0.473,0.1,0.0999134345320988,0.5185794,0.3174567,CEP,108748.0,Unconstrained,ELL,2
43546822,82.0,LS,2.438606770659409,0.0134257107844264,0.013130158990909,4.1884638647061365,0.0072084285784512,ELL,0.9885,0.12,0.2656696414722616,0.34163114,0.20811974,ELL,108765.0,ELL,ELL,2
43892595,75.0,LS,0.4981031855165851,0.1617950285323009,0.1617902182968704,4.368310798017774,0.0328889233060181,ELL,0.986,0.0,0.0523247987379116,0.10464205,0.052387062,ELL,122577.0,ELL,ELL,2
43892595,81.0,LS,0.4985150631742907,0.150205584836473,0.150200729650041,4.245417773785448,0.0347088859416544,ELL,0.96,0.0,0.0627421899522163,0.058594115,0.06845489,ELL,122594.0,ELL,ELL,2
43892595,82.0,LS,0.4895684099030136,0.0780139577434864,0.0780008306323346,3.907384069854743,0.0425475882366299,ELL,0.925,0.06,0.2296244760473064,0.37198368,0.22810519,ELL,122507.0,ELL,ELL,2
45024749,71.0,ACF,1.3612212667394488,0.1300491490180982,0.0278199678307358,2.25057112636739,0.0058789370814338,ELL,0.998,0.06,0.2046040686301228,0.3861301,0.22946545,ELL,15225.0,ELL,ELL,2
45024749,72.0,ACF,1.3218203439091667,0.2979856480787082,0.0071965749206243,1.3097553100608366,0.0054224900668486,CEP,0.542,0.02,0.0586250594882427,0.27774245,0.17440619,CEP,15247.0,Unconstrained,ELL,2
45024749,72.0,LS,1.3457159063910045,0.2238877061544166,0.2238557975997269,5.755161426423001,0.0054224900668486,CEP,0.477,0.06,0.0829698836928195,0.29064205,0.17700557,CEP,15232.0,Unconstrained,ELL,2
45709015,43.0,LS,3.75253730612542,0.021568200077351,0.0194289426782835,4.50776829959068,0.0107579305768013,ELL,0.999,0.02,0.1347552611217833,0.1742862,0.1248421,ELL,47420.0,ELL,ELL,2
45709015,44.0,LS,1.4828944690395511,0.3290751423301996,0.328928523733682,4.469903635013907,0.0099916860926896,CEP,0.581,0.0,0.0346324472135597,0.13468976,0.074766584,CEP,47533.0,Unconstrained,ELL,2
45709015,45.0,LS,3.826169303058363,0.0297234632598258,0.0294657418323731,4.406369608679597,0.0129599403589963,ELL,1.0,0.0,0.0125736868101603,0.02619971,0.018367501,ELL,47552.0,ELL,ELL,2
45709015,72.0,LS,1.2323944921215697,0.1111212843808428,0.1110828815466334,4.664817097491323,0.0125731201842427,CEP,0.512,0.0,0.0651410899509672,0.7393429,0.3432466,CEP,47499.0,Unconstrained,ELL,2
45908356,44.0,LS,0.4516887651591863,0.0136682949658744,0.0136341612749866,4.5444556284383,0.0131632725242525,ELL,0.902,0.12,0.2874503229628183,0.6706017,0.30503342,ELL,33856.0,ELL,ELL,2
45908356,71.0,ACF,0.3148407361732097,0.087263595973954,0.0213183519027317,6.249214063911396,0.0160494272131472,ELL,0.886,0.08,0.2204124900116661,0.48150325,0.232315,ELL,33899.0,ELL,ELL,2
46239533,43.0,LS,3.531799889364906,0.7652070622061556,0.7649896242036534,4.322680679810219,0.0123310310300439,CEP,0.446,0.0,0.010023652029076,0.00023963877,8.7148495e-05,CEP,24130.0,Unconstrained,ELL,2
46239533,44.0,LS,3.441765628221348,0.7164439547168591,0.7160930223063174,4.450631814459484,0.0126951676793396,CEP,0.43,0.1,0.148983913225556,0.81399196,0.3816852,CEP,24139.0,Unconstrained,ELL,2
46239533,45.0,LS,3.49722437934062,0.6845079848908673,0.6844752426074894,4.33395769337767,0.0160311895888298,CEP,0.446,0.0,0.0332212943757464,0.004518936,0.0018679969,CEP,24147.0,Unconstrained,ELL,2
46239533,71.0,LS,3.4496896808424413,0.817364290801169,0.8146895295096653,4.143398671287287,0.0148975965566933,CEP,0.446,0.0,0.0003919183588453,6.3597304e-07,1.5679534e-07,CEP,24152.0,Unconstrained,ELL,2
46239533,72.0,LS,9.005972293243234,0.0147179473604434,0.0114106135448003,3.90194222226637,0.0167474336922168,ELL,0.986,0.04,0.1832886259428009,0.16543058,0.16763923,ELL,24158.0,ELL,ELL,2
46286008,66.0,ACF,1.6759241378149454,0.3995741459009289,0.7203117085711996,180.60805351683305,0.0185135821811854,ELL,0.988,0.06,0.2015349984494008,0.23196764,0.17049049,ELL,45160.0,ELL,ELL,2
46575918,80.0,LS,7.345683495478854,0.0195673164747543,0.0154295081721058,2.8557907611429982,0.030538635328412,ELL,0.996,0.04,0.1616889557143591,0.2001602,0.13094619,ELL,42733.0,ELL,ELL,2
47053886,71.0,LS,8.592834164098804,0.0195382429237451,0.0143763494685964,2.8948797833218123,0.0128574925474822,ELL,0.992,0.02,0.1428115905660321,0.15958098,0.101392135,ELL,11061.0,ELL,ELL,2
48217508,14.0,LS,2.790778721265047,0.3982322041215607,0.3979838106617078,4.64538799005004,0.0106272066477686,CEP,0.553,0.02,0.076477751012958,0.39808273,0.15468524,CEP,108066.0,Unconstrained,ELL,2
48217508,15.0,ACF,2.7916156575274726,0.4050188493250047,0.2664653759496023,6.12285686446171,0.0106525840237736,CEP,0.494,0.0,0.0476705527553436,0.016785908,0.006842062,CEP,108060.0,Unconstrained,ELL,2
48217508,15.0,LS,0.7973973895118589,0.0322711242275597,0.0321483312369407,4.2086726167731285,0.0106525840237736,CEP,0.588,0.08,0.158499711040746,0.5671412,0.18455099,CEP,108052.0,Unconstrained,ELL,2
48217508,26.0,ACF,2.7708668919106003,0.4478169166030888,0.3593578837435441,6.009672715791083,0.0089444516925141,CEP,0.576,0.0,0.0464082923624647,0.5022801,0.21233016,CEP,108046.0,Unconstrained,ELL,2
48217508,26.0,LS,2.7762009418735984,0.3495551266001343,0.349296561396004,4.416570128067633,0.0089444516925141,CEP,0.551,0.0,0.0385057709960468,0.071832046,0.04115453,CEP,108041.0,Unconstrained,ELL,2
48217508,41.0,ACF,2.777740004239604,0.4866878527478877,0.9078827487377364,35.34647669568437,0.0120411440730094,CEP,0.53,0.02,0.0862464283318445,0.23510139,0.16849722,CEP,108294.0,Unconstrained,ELL,2
48217508,41.0,LS,2.7683455681466267,0.2832957142940578,0.2832508746466177,4.423249899793518,0.0120411440730094,CEP,0.513,0.0,0.0590674191073217,0.1115941,0.06004834,CEP,108289.0,Unconstrained,ELL,2
48217508,53.0,LS,5.425790534602487,0.0449310421842363,0.0326162584504747,3.5369105618847243,0.0110623822547495,ELL,0.982,0.1,0.2577168407380472,0.37067223,0.23598248,ELL,108134.0,ELL,ELL,2
48217508,54.0,LS,2.788854000333097,0.3246296224927096,0.3242095394877602,4.19412577775438,0.0081579131074249,CEP,0.454,0.0,0.0404811264665399,0.017819483,0.01536632,CEP,108110.0,Unconstrained,ELL,2
48217508,55.0,LS,3.4810686006539378,0.2378923124404227,0.2370082552721013,5.22553001650158,0.0089771853527054,CEP,0.477,0.04,0.0616442568290023,0.72326386,0.33264446,CEP,108307.0,Unconstrained,ELL,2
48217508,80.0,LS,2.813264028814578,0.3343460483852955,0.333923258188351,5.332368774394126,0.0103177619166672,CEP,0.452,0.0,0.0201194830947517,0.00030996377,0.00012641845,CEP,108334.0,Unconstrained,ELL,2
48217508,81.0,LS,2.772940329891989,0.4450116129935699,0.4429574034604305,4.06999163553337,0.0111933099105954,CEP,0.452,0.0,0.0009806120537705,8.65695e-06,1.9446832e-06,CEP,108345.0,Unconstrained,ELL,2
48217508,82.0,LS,8.616350237088835,0.0197266893591228,0.0191139612216779,4.683667170524132,0.0119547406211495,ELL,0.948,0.12,0.2507500755732688,0.48013616,0.19883355,ELL,108155.0,ELL,ELL,2
50028374,61.0,LS,6.077427490726675,0.0877411713457192,0.0635951572948909,4.873403809317097,0.0657904334366321,ELL,0.9345,0.06,0.2291190293275528,0.55587745,0.18500881,ELL,38537.0,ELL,ELL,2
50520405,58.0,LS,7.29357657728698,0.0943401753226382,0.0873054646960621,3.19220097662037,0.0234572240151464,ELL,0.99,0.02,0.1346740123409115,0.0856037,0.10456089,ELL,3980.0,ELL,ELL,2
50570678,61.0,LS,4.675392179913247,0.1280792570737042,0.1275425679133783,4.33584851172418,0.0306335161440074,ELL,0.957,0.1,0.2685955293745597,0.60342854,0.22271295,ELL,51053.0,ELL,ELL,2
51181243,54.0,LS,3.196946635474464,0.2505250591223385,0.2043410031095142,5.488180501264651,0.0313249765895307,CEP,0.414,0.0,0.0478046692280157,0.36832854,0.19021636,CEP,11476.0,Unconstrained,ELL,2
51181243,80.0,LS,9.444624738489598,0.023142754108037,0.0146046180954895,2.8648001257824944,0.048652752302587,ELL,0.9795,0.08,0.2343056840966518,0.27208623,0.20586152,ELL,11488.0,ELL,ELL,2
51181243,81.0,LS,3.0953254002649246,0.4444447707474929,0.4441334678858052,3.8508966806257376,0.0433867191895842,CEP,0.455,0.06,0.0800408795553872,0.08562877,0.044398762,CEP,11495.0,Unconstrained,ELL,2
51882713,58.0,LS,4.1480581411636885,0.0945499984364723,0.0942967231106682,4.594885482645623,0.0404639448970556,ELL,0.9865,0.0,0.0940339726139045,0.3636437,0.18475224,ELL,28208.0,ELL,ELL,2
52706860,58.0,LS,7.698639763675224,0.0532542515071221,0.0522822087705063,4.021596250280709,0.0145649758633226,ELL,0.9975,0.02,0.1382976861700874,0.14713879,0.12712745,ELL,39027.0,ELL,ELL,2
52861326,58.0,ACF,2.402760218310505,0.8106159944861695,1.533521496885696,263.06902430151354,0.0832496024668216,ELL,0.988,0.0,0.0039087593939765,0.00010016119,2.284915e-05,ELL,39454.0,ELL,ELL,2
53296337,61.0,ACF,1.2639083887352172,0.5291882002378825,1.0152440043643616,235.1971279805048,0.0151541747618466,CEP,0.538,0.02,0.0745782810206832,1.1882248,0.39691624,CEP,119214.0,Unconstrained,ELL,2
53296337,61.0,LS,1.2508630675183003,0.6024481249213204,0.602445830611889,4.398134090592066,0.0151541747618466,CEP,0.454,0.08,0.0929357971935464,0.9771817,0.4074829,CEP,119210.0,Unconstrained,ELL,2
53296337,62.0,LS,2.4962790417383074,0.1317461823250689,0.1316872478949218,4.194691961231001,0.0149441929534077,ELL,1.0,0.02,0.1333054597531549,0.15723622,0.13896897,ELL,119220.0,ELL,ELL,2
53869737,58.0,ACF,1.4259198085492244,0.6948278651450489,1.1824920639805314,161.54204367111458,0.0181204616092145,ELL,1.0,0.0,0.0045844956102062,0.004470292,0.0010355344,ELL,42046.0,ELL,ELL,2
53869737,78.0,ACF,1.4328740294199631,0.5561926365472603,1.0582466491735458,156.2515497641226,0.0168142141774296,ELL,1.0,0.0,0.0074193261149514,0.012214248,0.004040469,ELL,42057.0,ELL,ELL,2
54119265,78.0,ACF,0.4814821298714378,0.12817483043146,0.2300661516638349,48.567239374662336,0.0148207379970699,ELL,0.974,0.0,0.0251227068605275,0.004115882,0.00104826,ELL,34785.0,ELL,ELL,2
54400189,61.0,LS,7.597595377537659,0.0367623094222555,0.0349735201839083,4.879957152144925,0.0130136555526405,ELL,0.998,0.0,0.0546628722260365,0.16506664,0.059421796,ELL,50327.0,ELL,ELL,2
54625756,52.0,LS,5.81525446276525,0.1924095307941357,0.1835373583477257,4.323235727375504,0.0905143376439809,ELL,0.98975,0.0,0.0594013265845132,0.3479921,0.11259175,ELL,13225.0,ELL,ELL,2
54625756,58.0,LS,2.9385832388091813,0.4827926934640808,0.482554049642739,4.22043503945315,0.1071474701166153,CEP,0.457,0.02,0.0722769008743457,0.7755966,0.42185685,CEP,13227.0,Unconstrained,ELL,2
54625756,78.0,LS,3.0680509253676997,0.7872326424158856,0.7810668896610462,4.923809313673701,0.0793124362826347,CEP,0.6,0.0,0.066716162959211,0.8747462,0.3832333,CEP,13631.0,Unconstrained,ELL,2
54991871,58.0,ACF,1.3379574915834382,0.7231347370735084,0.9417172270595596,159.6368516248217,0.2351944521069526,ELL,0.947,0.02,0.1572426396713013,0.44106972,0.18584496,ELL,29344.0,ELL,ELL,2
58193352,80.0,LS,4.407442125160213,0.1182158244290416,0.1179902603124463,4.331680569495802,0.1597356982529163,ELL,1.0,0.0,0.0445132519593884,0.14941064,0.08984335,ELL,62881.0,ELL,ELL,2
62514906,82.0,LS,0.9718007704506972,0.3288199706235467,0.3288179311828003,4.4293794347504445,0.0254253088496625,CEP,0.466,0.0,0.0588550626539467,0.48784852,0.2858756,CEP,12101.0,Unconstrained,ELL,2
62514906,83.0,ACF,0.8819374688614516,0.7051073840862099,1.158019889908818,105.91416054635783,0.0288196839392185,ELL,0.987,0.02,0.1683013640489605,0.36870074,0.15061837,ELL,12122.0,ELL,ELL,2
63971857,16.0,LS,3.079986573861327,0.0445912354547669,0.0436494328385594,5.662951069085921,0.151783749461174,ELL,0.998,0.0,0.017353962083628,0.03964575,0.020089185,ELL,88917.0,ELL,ELL,2
63971857,17.0,LS,3.031474596541325,0.030159739384636,0.0300775993596686,3.637283686886804,0.1601285487413406,ELL,1.0,0.0,0.0414115925798561,0.01648233,0.009919208,ELL,88910.0,ELL,ELL,2
63971857,56.0,LS,3.0301930386455616,0.0311565556927496,0.0311352169569564,4.452499415408965,0.1517096906900406,ELL,1.0,0.0,0.0042521641548745,0.008988581,0.0046184245,ELL,88920.0,ELL,ELL,2
63971857,57.0,LS,2.99548688383107,0.0228788838114501,0.0227773769309646,4.398657581092266,0.1437766384333372,ELL,1.0,0.0,0.0043467689149528,0.0059287706,0.0018287263,ELL,88925.0,ELL,ELL,2
63971857,76.0,ACF,1.5045960578618178,0.8839286633047402,1.7516051573306504,322.0148235463329,0.1363539509475231,CEP,0.52,0.0,0.0535434926018092,0.021034427,0.006306007,CEP,88931.0,Unconstrained,ELL,2
63971857,76.0,LS,1.5042118973572092,0.954590799247312,0.9545768082070482,4.470917258779082,0.1363539509475231,CEP,0.546,0.0,0.0915149299294929,0.15430892,0.14408445,CEP,88929.0,Unconstrained,ELL,2
63971857,77.0,LS,2.9849929977460805,0.0307915628049334,0.0301964364372553,3.7649819836660754,0.1413276698440313,ELL,1.0,0.0,0.0052461033157954,0.012786557,0.0027245602,ELL,88936.0,ELL,ELL,2
63971857,83.0,LS,3.0406388170597034,0.0262236239937385,0.0260397761599877,4.764913087565219,0.1532925851643085,ELL,1.0,0.0,0.0056446789102658,0.02681553,0.009919242,ELL,88940.0,ELL,ELL,2
63971857,84.0,LS,2.993890914196613,0.0158607330927593,0.0157203936010392,6.793439236476843,0.1435145922005176,ELL,1.0,0.0,0.0733980817188024,0.06680468,0.03981864,ELL,88945.0,ELL,ELL,2
64657445,77.0,LS,10.791864954527894,0.021012897591987,0.0183711307764056,3.0630179505751585,0.0210393127053976,ELL,0.971,0.08,0.2301656525200925,0.3439718,0.19804767,ELL,74286.0,ELL,ELL,2
64734983,57.0,LS,7.189206813511758,0.2603481106916599,0.2306922315532236,4.389476682939858,0.1158301625400781,ELL,0.9575,0.08,0.2171606303586766,0.72327256,0.2245414,ELL,86574.0,ELL,ELL,2
64734983,77.0,LS,7.3838923085786785,0.8306108826897771,0.8107643439869608,3.505320770644176,0.0922801252454519,CEP,0.524,0.04,0.0626165601099262,0.5615158,0.22114494,CEP,86581.0,Unconstrained,ELL,2
64734983,84.0,LS,7.572142190788325,0.8904594433035634,0.8873153127825691,4.369940366264927,0.0885964557528495,CEP,0.587,0.04,0.1121506772159669,1.1925415,0.38264623,CEP,86586.0,Unconstrained,ELL,2
66172785,65.0,LS,5.568603016351609,0.2551259421552666,0.2485474379720987,4.054076908505522,0.1077896635979414,ELL,0.976,0.04,0.1794208861866421,0.39870626,0.16420016,ELL,76541.0,ELL,ELL,2
66897795,75.0,LS,7.692841268182699,0.0111501080540542,0.0091846502254946,2.5724992604482395,0.0136218476109206,ELL,0.972,0.1,0.2611462126855375,0.4837386,0.24249698,ELL,93158.0,ELL,ELL,2
67297481,59.0,LS,10.553730635282934,0.054200528035054,0.0271224020446129,2.808837583866989,0.008592409431003,ELL,1.0,0.0,0.0193752006441223,0.07418998,0.065760456,ELL,62783.0,ELL,ELL,2
69183541,65.0,ACF,1.8310548706544976,0.8293204860901322,1.5985401220339928,190.9376684273552,0.0308066420257091,ELL,1.0,0.0,0.0036376365953734,0.008746619,0.0016535643,ELL,68129.0,ELL,ELL,2
69655914,71.0,ACF,1.6575157032730203,0.7681672531604026,1.2275743344434566,198.92186563798555,0.0416841497644782,ELL,1.0,0.02,0.0928886016904119,0.18719761,0.12049654,ELL,50029.0,ELL,ELL,2
72359979,59.0,LS,5.643861681568091,0.0702481757723764,0.0685369928677821,3.827449691067159,0.0200901040807366,ELL,0.942,0.08,0.1804112781794442,0.4911667,0.25271142,ELL,39.0,ELL,ELL,2
72532153,59.0,LS,0.7434338196455973,0.0300284841313651,0.0299560812409239,3.8440602668160864,0.0246191187761724,ELL,0.98,0.0,0.1156403761880472,0.35958105,0.19313633,ELL,7.0,ELL,ELL,2
72943905,59.0,LS,5.630194886437764,0.0729082564146162,0.0726195900294551,5.137339479617367,0.0288259866647422,ELL,0.992,0.06,0.2400250195292149,0.37211314,0.20050585,ELL,305.0,ELL,ELL,2
73886335,40.0,LS,3.80918812786868,0.1188834969829544,0.0968008095120317,4.902070488204117,0.0838929042220115,CEP,0.513,0.0,0.0784294230502813,0.9911371,0.3311342,CEP,117146.0,Unconstrained,ELL,2
73886335,41.0,LS,8.858624682876323,0.2495340033208818,0.2092212915820274,4.754000251705293,0.0842980109155178,ELL,0.998,0.0,0.0469349549909233,0.28333196,0.11573561,ELL,117166.0,ELL,ELL,2
73886335,81.0,LS,8.31880386800165,0.0423202759781136,0.0348591228767353,2.8189765795068524,0.0773671688511967,ELL,0.964,0.06,0.2089011909970836,0.32413676,0.16402058,ELL,117195.0,ELL,ELL,2
74159006,43.0,ACF,1.486254078510683,0.8455367296020222,1.232387433887916,48.97191304212953,0.0131857790984213,ELL,0.988,0.0,0.0036000555551268,0.0009286462,0.0003115142,ELL,65768.0,ELL,ELL,2
74159006,43.0,LS,1.4817642260420425,0.2614687997924221,0.2614464186942436,4.305295654683505,0.0131857790984213,ELL,0.988,0.0,0.0596647299499461,0.023890462,0.019980093,ELL,65766.0,ELL,ELL,2
74159006,44.0,ACF,1.4862267989569773,0.8416345514245867,1.3380048853833253,47.93862001333832,0.0123530416749417,ELL,0.988,0.0,0.0055829741177977,0.005574261,0.0036049397,ELL,65784.0,ELL,ELL,2
74159006,44.0,LS,1.4957431134228687,0.2156658194651809,0.2155977613605767,4.4940380567368265,0.0123530416749417,ELL,0.988,0.0,0.0373635972572235,0.036187425,0.03528037,ELL,65782.0,ELL,ELL,2
74159006,45.0,LS,1.496930712464912,0.1796081047848987,0.1795890103331274,4.272893217748788,0.0153814710211008,ELL,0.99,0.0,0.0069632176470364,0.0031189555,0.0009969062,ELL,65793.0,ELL,ELL,2
74159006,71.0,ACF,1.483903396943333,0.7694831121706557,1.3332817380199602,145.34361911519443,0.0152132683433592,ELL,0.988,0.0,0.0009165151389911,0.00012545215,5.179405e-05,ELL,65809.0,ELL,ELL,2
74159006,71.0,LS,1.4901626203113714,0.0941534998337554,0.0941372094625001,4.2519677377677,0.0152132683433592,ELL,0.988,0.0,0.0010770329614269,0.00012335773,6.246132e-05,ELL,65807.0,ELL,ELL,2
74159006,72.0,ACF,1.4861621529071272,0.8214258687823676,1.470238426223338,148.88219969945908,0.0144561647903174,ELL,0.988,0.0,0.0023120553626589,0.00021332872,6.853361e-05,ELL,65817.0,ELL,ELL,2
74159006,72.0,LS,1.4961468122252763,0.0821554453523521,0.0821407014419789,4.132515935147239,0.0144561647903174,ELL,0.988,0.0,0.0044579816060634,0.0017014514,0.0009903524,ELL,65815.0,ELL,ELL,2
74381550,8.0,LS,3.171657703957541,0.0836134076828014,0.0825984511993533,3.868803312833734,0.0199931557290256,ELL,1.0,0.0,0.0058023788225175,0.0052920706,0.0011947647,ELL,117540.0,ELL,ELL,2
74381550,9.0,ACF,3.166650041493994,0.7748111202125472,1.333028886967398,34.69051165581166,0.0180039869155734,ELL,0.998,0.0,0.0052442730668797,0.002802269,0.0011063684,ELL,117546.0,ELL,ELL,2
74381550,62.0,ACF,3.1690084079300505,0.7939247566391826,1.4371092644150592,297.2581637775538,0.0185263063758611,ELL,0.988,0.0,0.0019855477833585,0.00027073346,0.00010449699,ELL,117726.0,ELL,ELL,2
74381550,63.0,ACF,3.171250511695689,0.7856950504729104,1.3995084253229062,302.8510579457948,0.0190526980441063,ELL,0.988,0.0,0.0086924334912612,0.00924967,0.004039945,ELL,117733.0,ELL,ELL,2
74381550,63.0,LS,3.15802392104951,0.0632130958833744,0.0629780147483196,4.654919692256954,0.0190526980441063,ELL,0.988,0.02,0.0859284912005325,0.06144095,0.062335104,ELL,117732.0,ELL,ELL,2
74483408,62.0,ACF,1.9652879529007805,0.8415638934672436,1.6409314204463257,210.0311488343217,0.0384794804267585,ELL,0.99,0.0,0.0054419114289006,0.00033974036,5.3444357e-05,ELL,121764.0,ELL,ELL,2
75424069,44.0,ACF,1.0903646256879256,0.5995445894274848,1.0986591108784445,40.42845067057832,0.0313625764101743,ELL,0.9315,0.1,0.2341509769358223,0.51710737,0.17466782,ELL,33276.0,ELL,ELL,2
75864353,71.0,LS,1.883098652390629,0.0252721600934084,0.0237846644265614,4.931491048315365,0.0388906500302255,ELL,0.953,0.1,0.2391980175503133,0.6733651,0.27967358,ELL,20538.0,ELL,ELL,2
75864353,72.0,LS,8.549445599979077,0.0641614315842291,0.0607896175016489,8.042588094995153,0.0440980726853013,ELL,1.0,0.0,0.0536836511425964,0.020788608,0.015962815,ELL,20553.0,ELL,ELL,2
75893489,63.0,ACF,1.578678053432668,0.850549762447251,1.6389387545620306,169.6894967784616,0.0428721215575933,ELL,0.998,0.1,0.27753133606856,0.39319688,0.26755607,ELL,138461.0,ELL,ELL,2
76545916,43.0,ACF,1.7987860372932118,0.5752932712699367,1.0648330256534686,47.092393396239856,0.0096738507272675,ELL,0.998,0.02,0.1266198345441977,0.13287711,0.10168891,ELL,47839.0,ELL,ELL,2
76545916,44.0,LS,0.8911055110630833,0.2357581631395722,0.2357542074246205,4.37209308180536,0.0097025849390774,CEP,0.458,0.0,0.036959415579795,0.1077621,0.07830894,CEP,47849.0,Unconstrained,ELL,2
76545916,45.0,LS,0.8892338008077469,0.0923956269113535,0.0922670955218051,4.163327585954903,0.0133596640080213,CEP,0.451,0.06,0.0744816326351671,0.662505,0.35310313,CEP,47865.0,Unconstrained,ELL,2
79163869,71.0,LS,8.599387807826945,0.4718591284286939,0.3860456657974289,4.434139226035768,0.0336615182459354,ELL,0.978,0.02,0.1874905967135418,0.5873565,0.208044,ELL,33996.0,ELL,ELL,2
80994439,61.0,ACF,0.4120413219370675,0.4401070076631894,0.7135446646968391,44.54772631930729,0.00661451369524,ELL,0.955,0.0,0.0709793096613372,0.13587105,0.05746508,ELL,70993.0,ELL,ELL,2
80994439,62.0,LS,0.4122307488038585,0.0715105633224228,0.071507777067352,4.488644082197425,0.0070753466570749,ELL,0.97,0.0,0.0902317017461158,0.08071688,0.076997876,ELL,71007.0,ELL,ELL,2
81197067,61.0,LS,3.3407703299419245,0.3899943182818141,0.3897628781985251,4.404926311442978,0.0170421809889376,CEP,0.453,0.0,0.0559846407508344,0.010614887,0.002580411,CEP,137183.0,Unconstrained,ELL,2
81197067,62.0,LS,6.244750483275651,0.0226127434293526,0.019824347622034,6.396572964062216,0.0158206128980964,ELL,0.918,0.04,0.1935088640536834,0.5841337,0.2291226,ELL,137192.0,ELL,ELL,2
81972427,44.0,ACF,1.805710942371661,0.7856052557921642,1.319954869033236,65.62778001230069,0.0164091307669878,ELL,1.0,0.0,0.0041727808473486,0.047165006,0.013280603,ELL,10382.0,ELL,ELL,2
81972427,44.0,LS,1.7932714476416978,0.2403168025097831,0.24026577974729,4.259828138645389,0.0164091307669878,ELL,1.0,0.0,0.0431081488816209,0.11033328,0.058061313,ELL,10380.0,ELL,ELL,2
81972427,45.0,ACF,1.812600799267784,0.7435828273892628,1.2864265829058334,65.52655701720857,0.0152607448399066,ELL,1.0,0.0,0.0423990577725496,0.13398193,0.073862955,ELL,10396.0,ELL,ELL,2
81972427,45.0,LS,1.804635594408759,0.1840979828210829,0.1834789117444869,4.244409893561169,0.0152607448399066,ELL,1.0,0.0,0.0375609691035787,0.09017363,0.056641065,ELL,10394.0,ELL,ELL,2
81972427,71.0,ACF,1.8126488737962063,0.6561214712453215,1.1082992810977064,192.86834781117136,0.0180154433473944,ELL,1.0,0.0,0.0041026942367181,0.01047531,0.0053496216,ELL,10403.0,ELL,ELL,2
81972427,71.0,LS,1.821662957294338,0.1877401915010482,0.187076547350518,4.051787753000099,0.0180154433473944,ELL,1.0,0.0,0.0226266745236678,0.029838026,0.013712771,ELL,10402.0,ELL,ELL,2
81972427,72.0,ACF,1.8056426311977705,0.6469712836928401,1.0946617454213317,193.46360811318868,0.0168386823497712,ELL,1.0,0.0,0.043391272163881,0.09956962,0.045350473,ELL,10410.0,ELL,ELL,2
81972427,72.0,LS,1.8084504580548173,0.1959910663810018,0.1958266343854539,4.160465300206852,0.0168386823497712,ELL,1.0,0.02,0.1043238009495984,0.18512626,0.1256022,ELL,10409.0,ELL,ELL,2
82762798,43.0,LS,1.5222128802263823,0.0295715310337767,0.0294499217757582,5.922131095388977,0.0452847825363278,ELL,0.994,0.0,0.0062432043054828,0.0038884212,0.0027484305,ELL,5866.0,ELL,ELL,2
82762798,44.0,ACF,1.4654045187139673,0.6888862969553142,1.3114548929739962,51.23296341131211,0.0222914200276136,ELL,0.998,0.04,0.2204472209914589,0.36014256,0.18960886,ELL,6391.0,ELL,ELL,2
82762798,45.0,ACF,1.472305380852049,0.7443744826280535,1.3359285425793077,51.5665482551922,0.0227420986630022,ELL,1.0,0.0,0.0049284480315815,0.036715217,0.009417177,ELL,5880.0,ELL,ELL,2
82762798,71.0,ACF,1.4630837162003445,0.7856374976008936,1.4998343681161908,154.99459655092528,0.0204030005261302,ELL,1.0,0.0,0.00028,0.01894466,0.004263237,ELL,6397.0,ELL,ELL,2
82762798,72.0,ACF,1.4584051302063017,0.7921507935378638,1.4929102236844387,154.22989071793597,0.0247968779876828,ELL,1.0,0.0,0.0052526564707774,0.011982113,0.0033169214,ELL,6403.0,ELL,ELL,2
83187961,71.0,LS,1.9709819352331093,0.0113481151740607,0.0032888115361872,3.008528560767445,0.0089771853527054,ELL,0.987,0.06,0.1892985800263699,0.34038556,0.15192005,ELL,39351.0,ELL,ELL,2
83526169,58.0,ACF,5.562433614877591,0.6096238101516558,0.0144190380727333,14.87589591308506,0.0205121072940528,ELL,0.988,0.04,0.2120775565683459,0.31130746,0.21009307,ELL,64236.0,ELL,ELL,2
83526169,77.0,LS,5.611638211906849,0.427477242731411,0.4222658882635372,3.537980831359164,0.0206857128068804,ELL,0.988,0.08,0.2439111313573039,0.3604749,0.23385948,ELL,64244.0,ELL,ELL,2
83526169,78.0,LS,2.950081611839479,0.0966967648894536,0.0506349546418104,12.420957611804624,0.0205283612012863,ELL,0.9885,0.06,0.2220939404846516,0.2450462,0.20912577,ELL,64252.0,ELL,ELL,2
83706075,71.0,LS,3.339721677720164,0.3450249787817778,0.3447431065543417,3.5360276418905414,0.0413744570687413,CEP,0.5,0.0,0.0763585646800671,1.1086857,0.3583533,CEP,5110.0,Unconstrained,ELL,2
83706075,72.0,LS,10.880197489904978,0.0511573984786583,0.0111051395098738,1.0502481401344994,0.0462309550493955,ELL,0.9845,0.0,0.0097516357602199,0.034854293,0.01565486,ELL,4307.0,ELL,ELL,2
83811737,77.0,ACF,0.7268333718729991,0.2104201837998079,0.3343118156483977,78.2699919798992,0.0142345519270747,ELL,0.987,0.04,0.1389878569245773,0.26236013,0.15861855,ELL,46087.0,ELL,ELL,2
83811737,78.0,LS,1.5340435846611855,0.1531177891186063,0.1527390431020441,4.5808617377406335,0.0143004662822932,CEP,0.497,0.06,0.0956734111443717,0.7496951,0.322031,CEP,45934.0,Unconstrained,ELL,2
83950720,71.0,ACF,1.9191435415114029,0.6678511593633811,1.1735928343516102,185.89648310056796,0.0133351178374141,ELL,0.9935,0.0,0.0788737478505998,0.268787,0.09484668,ELL,714.0,ELL,ELL,2
83950720,72.0,ACF,1.919080975480938,0.6677824317880414,1.1891527164932274,191.0384034094909,0.0138157268520444,ELL,1.0,0.0,0.0399048167518659,0.06372395,0.027798109,ELL,723.0,ELL,ELL,2
83968496,58.0,ACF,1.1411915767776009,0.7766208544000941,1.4315631227345378,124.36719735899942,0.0518470676615834,ELL,0.99,0.0,0.0274632044743507,0.01622039,0.007837236,ELL,41662.0,ELL,ELL,2
83968496,78.0,ACF,1.138898556044296,0.7457646263021992,1.1327710664224724,123.8235437794022,0.0429702829569578,ELL,1.0,0.0,0.003417601498127,0.0025899366,0.0005024864,ELL,41673.0,ELL,ELL,2
84158379,57.0,LS,4.357180682986493,0.0307447364777137,0.0126253151555413,3.679879970088223,0.0140044605359435,ELL,0.997,0.02,0.1045015138646325,0.18082318,0.06111605,ELL,46192.0,ELL,ELL,2
84158379,58.0,LS,2.9346012874428093,0.165343033976771,0.1651850291168712,4.232238524353306,0.0114929000847041,CEP,0.455,0.06,0.0754578981949537,0.41139194,0.28705198,CEP,46105.0,Unconstrained,ELL,2
84158379,77.0,LS,2.15850314637244,0.1159672768356949,0.112289539828415,3.429654473933624,0.0118505326099693,CEP,0.456,0.04,0.0751087211980073,0.71366566,0.33588275,CEP,46032.0,Unconstrained,ELL,2
84158379,84.0,LS,2.8609009019483995,0.1730053359502728,0.1641966618793802,8.278996707605984,0.0125610933173447,CEP,0.523,0.04,0.0636755400448241,0.8319664,0.3566518,CEP,46201.0,Unconstrained,ELL,2
84429626,59.0,ACF,2.064798085601069,0.3681279832057134,0.6454684261303653,169.10714565120475,0.0119997991714626,ELL,1.0,0.02,0.1516101856736545,0.12174842,0.13480109,ELL,9022.0,ELL,ELL,2
84429626,73.0,ACF,0.8981303931323055,0.2556117927070507,0.0863076554889389,14.634803436783216,0.0118957238737493,CEP,0.436,0.08,0.1004440142566992,0.6201225,0.30670264,CEP,9038.0,Unconstrained,ELL,2
84429626,73.0,LS,1.0486985498867258,0.1721161364149834,0.1720279955958628,4.604276997448324,0.0118957238737493,CEP,0.4679999999999999,0.04,0.0768343673104685,0.77067006,0.3688203,CEP,9031.0,Unconstrained,ELL,2
89757779,41.0,LS,3.089474168381151,0.0310346189519704,0.0285432769046383,3.44626748860901,0.0499014928936958,ELL,0.993,0.04,0.1639212054616485,0.4255659,0.16514237,ELL,131011.0,ELL,ELL,2
89757779,75.0,LS,8.654566232696366,0.0717727819632133,0.0691517729052514,4.127228351786471,0.0382585963234305,ELL,1.0,0.02,0.1381069962022199,0.14094788,0.10165544,ELL,131072.0,ELL,ELL,2
89757779,81.0,LS,7.8295998020328605,0.0995070528127888,0.0888265862107398,3.067515909067879,0.0337346689775586,ELL,0.971,0.12,0.2802653207230605,0.44830096,0.25249323,ELL,131083.0,ELL,ELL,2
89758873,55.0,LS,9.050831243476598,0.024446265241769,0.0228919566141892,3.975600723175376,0.0394701678305864,ELL,0.9095,0.0,0.1021028114906034,0.64478946,0.19637574,ELL,140740.0,ELL,ELL,2
89758873,81.0,LS,2.7163916099649583,0.3455267620152213,0.3432318677322576,4.08940137130412,0.0308584724552929,CEP,0.493,0.02,0.1017685609606424,1.2028183,0.36613226,CEP,140782.0,Unconstrained,ELL,2
89758873,82.0,LS,2.4854942592419507,0.1184042379058135,0.1121781301991596,4.676625653049996,0.0350006762892007,CEP,0.449,0.12,0.1022068177765064,1.1465563,0.3617642,CEP,140792.0,Unconstrained,ELL,2
90171793,40.0,ACF,1.5764144933486932,0.3976537273637752,0.0098531152726145,2.703864941708474,0.0083841092418879,ELL,0.989,0.06,0.2192740978775194,0.26296324,0.14531267,ELL,68091.0,ELL,ELL,2
90171793,41.0,LS,1.4443399607765304,0.2396428754116298,0.2395584699806638,4.242946302634664,0.0072019995423033,CEP,0.495,0.02,0.0643095638299623,0.4183222,0.25153297,CEP,67915.0,Unconstrained,ELL,2
90171793,54.0,LS,1.424739100021853,0.3545743784509292,0.3543888980374873,4.060819255981187,0.0080239196540787,CEP,0.557,0.0,0.0421487651064654,0.2012982,0.10350305,CEP,68024.0,Unconstrained,ELL,2
90171793,81.0,LS,1.43118841939988,0.3139484384267046,0.3139327317131238,3.946667769851047,0.0080808333586901,CEP,0.473,0.0,0.050163333222584,0.0479123,0.02840084,CEP,68098.0,Unconstrained,ELL,2
90339607,82.0,LS,7.6020009024896655,0.0650405529944926,0.0527806504219325,3.0815723184568924,0.0868274085223674,ELL,0.997,0.02,0.1422556237904147,0.2987291,0.1611244,ELL,97231.0,ELL,ELL,2
90342807,41.0,LS,3.407232714622204,0.2375272357894026,0.2374184250969628,4.398587794519699,0.0214407686144113,CEP,0.461,0.0,0.0471325619927455,0.030779101,0.024870992,CEP,131350.0,Unconstrained,ELL,2
90342807,81.0,LS,1.2798383334604266,0.1188103355268135,0.1184143382778929,4.881840261597972,0.0197960552759468,CEP,0.465,0.06,0.0584889733197634,0.30287492,0.23584904,CEP,131618.0,Unconstrained,ELL,2
90342807,82.0,LS,2.349710275867975,0.0535322543155099,0.0509272750435067,3.811662098290981,0.0224117469042539,ELL,0.994,0.06,0.2135580204534589,0.38620132,0.20659767,ELL,131632.0,ELL,ELL,2
91701712,41.0,LS,6.993800846913521,0.0246112948392087,0.007068857316279,1.7418804357002955,0.0647760508581996,ELL,0.996,0.0,0.0584143954860443,0.16393468,0.06694126,ELL,139584.0,ELL,ELL,2
91701712,54.0,LS,3.641072234916388,0.9673444954004596,0.9669282014659842,4.326060401484938,0.0481795240193605,CEP,0.712,0.0,0.0783193462689774,1.0980415,0.38286698,CEP,139595.0,Unconstrained,ELL,2
91701712,55.0,LS,3.6692586915920233,0.91667379066236,0.9165888413032036,4.25966177122973,0.0537465419620275,CEP,0.665,0.0,0.1191156815872704,0.7948777,0.3424833,CEP,139588.0,Unconstrained,ELL,2
91701712,75.0,LS,7.287441445602998,0.0194510661604007,0.0186110779936917,3.039862785706646,0.0522107724100351,ELL,1.0,0.02,0.115817862397325,0.12699491,0.10596581,ELL,139600.0,ELL,ELL,2
91701712,81.0,LS,3.597074022962296,0.9398003876363704,0.9381625983949776,4.287256858133333,0.0488279806450009,CEP,0.622,0.0,0.0791861098930866,1.1101818,0.32659113,CEP,139601.0,Unconstrained,ELL,2
91701712,82.0,LS,3.6924062402589306,0.8773355594673063,0.8766867667830868,4.636778439351474,0.0545648857951164,CEP,0.582,0.0,0.0662644520085996,0.96534693,0.37006477,CEP,139604.0,Unconstrained,ELL,2
91704377,75.0,LS,6.2942237772931104,0.0677888878358428,0.0646029601889531,3.5794698122044792,0.016709070187062,ELL,0.933,0.12,0.2484093933094454,0.69822294,0.32693186,ELL,103379.0,ELL,ELL,2
91704377,81.0,LS,3.32758332962686,0.2959499710073201,0.2959445554788553,4.88799919606754,0.0126100936904549,CEP,0.448,0.0,0.0361052683136408,0.015203302,0.009744145,CEP,103523.0,Unconstrained,ELL,2
91704377,82.0,LS,1.7950810298584794,0.1686400465822482,0.1680712234387862,4.247301939576573,0.0227839266881346,CEP,0.47,0.0,0.0433069232340511,0.1443554,0.115039505,CEP,103525.0,Unconstrained,ELL,2
92781351,54.0,LS,5.958124661471256,0.6849175716712363,0.6835919999889313,4.598506689852002,0.0155556434765458,CEP,0.546,0.0,0.0240582293612809,0.067539364,0.02707942,CEP,121264.0,Unconstrained,ELL,2
92781351,55.0,LS,11.313556787018609,0.0338967054177626,0.0133319733774211,1.9409053739236697,0.0180701818317174,ELL,0.982,0.0,0.0046525691827204,0.0003715774,0.00019705958,ELL,121257.0,ELL,ELL,2
92781351,75.0,LS,5.769701637453299,0.5912569599302394,0.5904239372253147,4.6174637617623375,0.0189195328857749,CEP,0.437,0.0,0.0435435414269441,0.010692498,0.0069947895,CEP,121270.0,Unconstrained,ELL,2
92781351,81.0,LS,5.787106610556076,0.5186707452579473,0.5143838392139047,4.069177716675767,0.0193075335118919,CEP,0.495,0.12,0.1418834733152526,0.5037124,0.29342785,CEP,121277.0,Unconstrained,ELL,2
92781351,82.0,LS,5.874813099113165,0.5229037365559607,0.5208294042244614,4.403380678726535,0.0199236487969756,CEP,0.434,0.0,0.0337427681140715,0.0029709423,0.0010106923,CEP,121283.0,Unconstrained,ELL,2
95513457,7.0,LS,8.138797665622858,0.1019170490605547,0.0762033332404174,9.737684794920824,0.0443912111222744,ELL,0.952,0.0,0.0950641488680143,0.55936486,0.111039035,ELL,49537.0,ELL,ELL,2
95513457,33.0,LS,2.5320385097356657,0.2444078113538774,0.2269091128471181,4.988347852182415,0.0343642220832407,CEP,0.548,0.06,0.131213633437993,0.67782617,0.28421378,CEP,49525.0,Unconstrained,ELL,2
95992430,66.0,LS,3.2976625575416105,0.0186329894121607,0.0176211000004707,4.298386092094006,0.0110854429658502,ELL,0.986,0.0,0.075691859535884,0.09946951,0.050532278,ELL,80839.0,ELL,ELL,2
99313738,41.0,LS,3.4072706077497568,0.0147747633921639,0.0139938014612897,7.27340442465902,0.0303426850587129,ELL,0.976,0.08,0.2181772217716597,0.46636346,0.18753076,ELL,104830.0,ELL,ELL,2
99313738,55.0,LS,1.1037711900420497,0.0443421551827355,0.0393603978183596,3.3327014780716127,0.0134959397837519,ELL,0.9905,0.06,0.17954806626639,0.28593084,0.11939357,ELL,104845.0,ELL,ELL,2
99313738,75.0,ACF,3.3286923933392245,0.2778978840603467,0.4881549273601402,154.05150546183722,0.0254254369065165,ELL,0.989,0.02,0.1468388899440471,0.15410167,0.12381679,ELL,104869.0,ELL,ELL,2
99313738,82.0,ACF,1.6481405875347264,0.2587027284502265,0.5061931019626631,174.41156507232608,0.022857179865241,CEP,0.4669999999999999,0.08,0.1202925500602593,0.9115794,0.36981916,CEP,104879.0,Unconstrained,ELL,2
99313738,82.0,LS,1.6570124397349102,0.1745552538542997,0.174419818409424,4.528336991726974,0.022857179865241,CEP,0.51,0.0,0.063480592309776,0.59308726,0.3008156,CEP,104876.0,Unconstrained,ELL,2
102223217,74.0,LS,3.256209967315756,0.152543636300037,0.1469230413336491,5.117545106513717,0.0677555566653609,CEP,0.431,0.02,0.0754745626022436,0.4478167,0.23785973,CEP,113957.0,Unconstrained,ELL,2
102223217,75.0,LS,2.564333199937093,0.2024226882004779,0.2024164253929453,4.852075210987096,0.0652406411245465,CEP,0.515,0.06,0.0949090090560427,0.91493684,0.3871147,CEP,113965.0,Unconstrained,ELL,2
102223217,81.0,LS,4.589742667447058,0.0516145563761295,0.0241853025726682,2.845516000295902,0.0567294051870703,ELL,1.0,0.0,0.0753779171906467,0.04844521,0.029714288,ELL,113978.0,ELL,ELL,2
102223217,82.0,LS,1.538490661536468,0.0834624252883636,0.0744380427998654,4.613145621511649,0.0768923060968518,CEP,0.502,0.12,0.1034169889331535,0.76387274,0.35978606,CEP,113799.0,Unconstrained,ELL,2
102604645,14.0,LS,2.79081022087432,0.6018490298074267,0.6013761170758515,4.355978824500198,0.1061450783163309,CEP,0.703,0.0,0.0806751114037036,1.0992793,0.28445718,CEP,134588.0,Unconstrained,ELL,2
102604645,54.0,LS,5.461588584422352,0.0516565847011492,0.050690556363115,4.622792142108665,0.1721920818090438,ELL,0.998,0.0,0.0191583297810638,0.0896632,0.033500418,ELL,134600.0,ELL,ELL,2
102604645,55.0,LS,8.485131808123043,0.0350374799564552,0.0341577061281271,4.248020629216626,0.1162650436162948,ELL,0.969,0.0,0.0740853217580918,0.51342857,0.18218358,ELL,134376.0,ELL,ELL,2
102604645,74.0,LS,2.78134275547804,0.6713403142358811,0.6703911780870382,4.335453647989198,0.1129867509007453,CEP,0.557,0.0,0.0517671092490202,0.04047008,0.013505399,CEP,134605.0,Unconstrained,ELL,2
102604645,75.0,LS,2.769469129959817,0.5673747224883384,0.5669363777375572,4.2541336519461765,0.0827199686318636,CEP,0.538,0.0,0.0890173556111391,1.1897345,0.41758206,CEP,134610.0,Unconstrained,ELL,2
102604645,81.0,LS,2.772734453910508,0.5830765859599453,0.5808567029459718,4.299146671779454,0.0783130154013633,CEP,0.588,0.04,0.1448720483737287,1.2034636,0.37118316,CEP,134617.0,Unconstrained,ELL,2
103115691,41.0,ACF,1.666656156303361,0.7691934552494792,1.4637061841016032,58.0596043617488,0.0536447949707508,ELL,0.9585,0.12,0.2530539628221617,0.62933934,0.24195968,ELL,78089.0,ELL,ELL,2
103115691,54.0,ACF,1.6389042325663468,0.6220829250042877,1.1731572722213996,57.63892625245026,0.0600806064903736,ELL,0.988,0.0,0.0039118282170872,0.00014371632,3.2990953e-05,ELL,78116.0,ELL,ELL,2
103115691,55.0,ACF,1.6388600709833554,0.7658885185226633,1.4333737399790216,58.09856355203328,0.0995379127562046,ELL,1.0,0.0,0.0210599738841243,0.087801635,0.02363069,ELL,78100.0,ELL,ELL,2
103115691,74.0,ACF,1.6434891711696764,0.8466351209274277,1.4357912800913293,178.34974307410675,0.111773507669568,ELL,0.988,0.02,0.0832548497085905,0.053570956,0.05558202,ELL,78120.0,ELL,ELL,2
103115691,75.0,LS,1.6484966124295677,0.0310334147069207,0.0308742919318205,11.387838579157687,0.0966418720781803,ELL,0.998,0.0,0.0038832975677895,0.004696013,0.0007087231,ELL,78125.0,ELL,ELL,2
103115691,81.0,ACF,1.6365797338485208,0.6140595158859077,0.9651710077320208,189.39585018292556,0.0976784992963075,E,0.832875,0.08,0.2128693589427293,0.45092994,0.21786992,E,78139.0,E,ELL,2
103115691,82.0,ACF,1.6203396308355875,0.7213494813494905,1.203637621087824,176.8563698445987,0.1248314604163169,ELL,1.0,0.0,0.0099070126678025,0.018785149,0.0073734703,ELL,78148.0,ELL,ELL,2
104514501,75.0,LS,1.688705129506171,0.018277145235338,0.0172483784673186,3.961353311668063,0.0319961435161531,ELL,0.978,0.12,0.2537488845295679,0.3612908,0.21702608,ELL,119053.0,ELL,ELL,2
104741817,59.0,ACF,2.3541371739443093,0.8100722097077356,1.5040045056539368,254.8056898584516,0.1049134600907564,ELL,1.0,0.0,0.0036843452606942,0.0067016557,0.0016570139,ELL,8581.0,ELL,ELL,2
104741817,59.0,LS,2.3674158031400645,0.0969559647002484,0.0969098380032847,4.666609023588535,0.1049134600907564,ELL,1.0,0.0,0.003302135672561,0.0111621,0.0054039164,ELL,8579.0,ELL,ELL,2
104996953,80.0,LS,11.018618021379137,0.0604987767441426,0.0340262743997671,2.776698243837018,0.0077170738950371,ELL,0.988,0.08,0.2442107196664389,0.3753252,0.2000671,ELL,52302.0,ELL,ELL,2
105246675,75.0,LS,2.3078962640834844,0.097087446227487,0.0863778322041907,3.539435778031475,0.0639697723090648,CEP,0.462,0.12,0.0809347786801199,0.69525063,0.4275052,CEP,112520.0,Unconstrained,ELL,2
105246675,81.0,LS,12.10025306375118,0.073887698261661,0.0143291124003876,1.5071495523807243,0.0640587229281663,ELL,0.998,0.0,0.0263066531508666,0.08270348,0.032132875,ELL,112530.0,ELL,ELL,2
105411116,54.0,LS,1.0923188934844268,0.2977231555471833,0.2977191897941142,4.41418201792294,0.0082241970812901,CEP,0.52,0.0,0.0571506920343052,0.7163989,0.3034227,CEP,143042.0,Unconstrained,ELL,2
105411116,55.0,ACF,2.194408653731444,0.3956002029785878,0.7021972507701117,81.57910683056224,0.0076705508399754,ELL,1.0,0.0,0.0773594208871809,0.04123368,0.026901782,ELL,143036.0,ELL,ELL,2
105411116,74.0,ACF,2.2082905681763805,0.4464361698837395,0.7185791674343585,218.2320810600829,0.0084386923117563,ELL,1.0,0.0,0.0779346238843814,0.080908716,0.033089224,ELL,143060.0,ELL,ELL,2
105411116,75.0,LS,1.0989963725570482,0.2313866024275297,0.23136758405874,4.245711795629177,0.0086596939945593,CEP,0.474,0.0,0.0498269003651642,0.19138685,0.17714645,CEP,143063.0,Unconstrained,ELL,2
105411116,81.0,LS,1.091007496051838,0.2720654083211722,0.2718679456064944,4.825221220817184,0.0089366210158914,CEP,0.472,0.0,0.0433962394684147,0.0014283005,0.00035783128,CEP,143071.0,Unconstrained,ELL,2
105411116,82.0,LS,1.095298372482699,0.2701115298200716,0.2697957896587468,5.026107084653631,0.0086526316590607,CEP,0.475,0.0,0.0576111100396442,0.27979514,0.22211365,CEP,143081.0,Unconstrained,ELL,2
105633100,54.0,LS,5.461599336638494,0.0106519109538995,0.0096957903700902,4.091323474634919,0.0268389354459941,ELL,0.998,0.08,0.2386878298112411,0.40879893,0.2661114,ELL,135869.0,ELL,ELL,2
105633100,82.0,ACF,0.1620345661467581,0.0698142647033514,0.0241524099130511,1.8612540374258089,0.0389570812694728,ELL,0.768,0.1,0.2593352124182136,0.6480845,0.2803496,ELL,136029.0,Unconstrained,ELL,2
105839253,39.0,ACF,0.5277867035456438,0.884651925419225,1.4570477950857863,13.86049495332307,0.0896572414785623,ELL,0.966,0.0,0.0287691223362826,0.009217181,0.006102265,ELL,12081.0,ELL,ELL,2
106692369,80.0,LS,1.349189189916694,0.1580859613190647,0.1580730860523865,4.980131009935576,0.0145852798596024,ELL,1.0,0.02,0.0977616775633479,0.07934329,0.07705798,ELL,12337.0,ELL,ELL,2
109203845,61.0,LS,0.8704614280050466,0.0410990916975682,0.0409902923486513,4.699700975557789,0.0203816615976393,ELL,0.994,0.0,0.0056142675390472,0.0021948332,0.00057755725,ELL,128595.0,ELL,ELL,2
109626078,66.0,LS,0.9460981029171868,0.079035694584678,0.0789095021810176,3.9377354606840527,0.0180126447230577,ELL,1.0,0.0,0.068626070847747,0.10017862,0.063242,ELL,27238.0,ELL,ELL,2
113550166,61.0,ACF,0.3703674418648006,0.5420078794056148,1.0273793806112377,39.70592744904389,0.0070271245203912,ELL,0.995,0.0,0.0105951687103132,0.011085812,0.0040554595,ELL,42803.0,ELL,ELL,2
114073231,80.0,ACF,1.208316234020458,0.2872483179909855,0.3272974460993697,60.19652990282157,0.0114076037425547,ELL,0.9805,0.06,0.1928146011068663,0.26736295,0.16074984,ELL,46927.0,ELL,ELL,2
114454769,80.0,LS,3.672804619012786,0.0546980184621586,0.0131807545774316,3.9964395181923456,0.0319933798164129,ELL,0.995,0.0,0.0427140492110031,0.15461354,0.06219352,ELL,9005.0,ELL,ELL,2
114686720,43.0,LS,8.079489090176445,0.1425576009930737,0.1174192657007107,4.346313964311776,0.0347592798061668,ELL,0.9355,0.1,0.2725758610001993,0.49526045,0.23809962,ELL,3180.0,ELL,ELL,2
114686720,45.0,LS,8.125406467483115,0.0136185753986767,0.0047728261566792,2.030806642418611,0.0418794294819235,ELL,1.0,0.0,0.0048028741395127,0.04519934,0.013556592,ELL,3345.0,ELL,ELL,2
114686720,72.0,LS,3.891755049589392,0.1410987370057003,0.034475209970392,2.683675719817984,0.0340766506269574,CEP,0.426,0.02,0.0610944056358681,0.23418547,0.11028645,CEP,4180.0,Unconstrained,ELL,2
114973068,80.0,ACF,1.1504471449979974,0.3813919532759824,0.5327943549092683,77.71574061258053,0.0065809371881186,ELL,0.99,0.06,0.2055704414549913,0.24803475,0.17829892,ELL,29604.0,ELL,ELL,2
115722162,43.0,LS,3.681955419377972,0.3542930157019772,0.3542138807624284,4.1131272176808125,0.0277051771990954,CEP,0.497,0.08,0.1375767422204785,1.2666626,0.37229612,CEP,61644.0,Unconstrained,ELL,2
115722162,44.0,LS,3.672421423591183,0.5187998450176503,0.5128802364900388,4.455680965889769,0.0263296952471137,CEP,0.564,0.02,0.104254181690712,0.9526432,0.36132085,CEP,61651.0,Unconstrained,ELL,2
115722162,45.0,LS,3.719649741891855,0.7133572787048842,0.7128849612253546,4.456136843433342,0.0169675145298242,CEP,0.571,0.0,0.0625437319001672,1.344948,0.36339545,CEP,61660.0,Unconstrained,ELL,2
115722162,59.0,LS,7.4496983228908995,0.0634004127057683,0.0608546839106387,3.7002225022224593,0.0208278000354766,ELL,0.998,0.0,0.0045684132912861,0.0033495803,0.0017178865,ELL,61667.0,ELL,ELL,2
115722162,71.0,LS,3.771974601453109,0.7849957527957139,0.7825466784142059,4.17015365511179,0.0198719254694879,CEP,0.592,0.0,0.07791508198032,1.1405656,0.388819,CEP,61671.0,Unconstrained,ELL,2
115722162,72.0,LS,3.7403715495149457,0.8267072075577252,0.8257895747115209,4.3416721866051375,0.0202047056518495,CEP,0.564,0.0,0.0362660392102583,0.08895063,0.06413605,CEP,61674.0,Unconstrained,ELL,2
115722162,73.0,LS,3.835292539433861,0.6795007007804457,0.6777280224564309,4.606317504640174,0.0190922489855438,CEP,0.463,0.0,0.06370838563329,0.24448171,0.165844,CEP,61678.0,Unconstrained,ELL,2
115722319,43.0,LS,0.8046657614575403,0.1634682723232357,0.1633819787694283,8.218563758791788,0.0099924555979669,CEP,0.465,0.06,0.0941932991247254,0.58121943,0.33188587,CEP,58943.0,Unconstrained,ELL,2
115722319,44.0,LS,0.8656422373988045,0.0691116539649997,0.0686207389572672,4.25816238324478,0.0107197405304759,CEP,0.448,0.06,0.0764731482286429,0.52386534,0.2990465,CEP,58966.0,Unconstrained,ELL,2
115722319,45.0,LS,1.3791960882065133,0.0158161626741224,0.0156862229454675,3.514038766255908,0.0101415929384529,ELL,0.9315,0.1,0.2549409155078878,0.57360256,0.21464796,ELL,58993.0,ELL,ELL,2
115722319,59.0,LS,0.8015498985666103,0.3820378143013897,0.3820371477206919,4.078243680578453,0.0134262698702514,CEP,0.467,0.1,0.069480172711357,0.61383855,0.37145445,CEP,59004.0,Unconstrained,ELL,2
115722319,71.0,ACF,1.4028793124107324,0.3724485639419286,0.7935279127490056,153.47576043543313,0.012733032926917,ELL,0.991,0.1,0.2750657375973969,0.33482382,0.2550448,ELL,59024.0,ELL,ELL,2
115722319,72.0,LS,1.391766281602952,0.0575748588746439,0.0573686680826602,3.857119766100368,0.0130731216631829,ELL,0.994,0.1,0.2526161230008884,0.28814682,0.22064415,ELL,59032.0,ELL,ELL,2
116031290,80.0,LS,9.444363057800892,0.0603619299079742,0.0552869038025314,3.469885725851782,0.019298760453239,ELL,0.993,0.02,0.0971286384131889,0.17846763,0.066001944,ELL,21687.0,ELL,ELL,2
116065031,59.0,ACF,0.6226921654015314,0.8008950411960449,1.3572323095025034,68.81767166371935,0.0713872490450739,ELL,0.987,0.0,0.1181085331379574,0.13155162,0.100474484,ELL,20487.0,ELL,ELL,2
116065031,71.0,ACF,1.2246265323360603,0.565536052160087,0.8914844069171373,71.68898472497875,0.0695769302546978,ELL,0.9895,0.06,0.2131684629582903,0.49681625,0.20152009,ELL,20602.0,ELL,ELL,2
116116717,41.0,ACF,2.312478554781137,0.8221898911664227,1.3172845823932704,76.88126564380497,0.0318113900721073,CEP,0.591,0.08,0.1453160748162432,0.4332059,0.25838605,CEP,106167.0,Unconstrained,ELL,2
116116717,41.0,LS,2.2910546821011497,0.4515365177820914,0.4514805596350275,4.4345591694309405,0.0318113900721073,CEP,0.597,0.02,0.0785962441850754,0.44109625,0.23485292,CEP,106164.0,Unconstrained,ELL,2
116116717,54.0,LS,4.518731151981607,0.0343905294367354,0.0335755625590359,4.002226196525953,0.0313091347925365,ELL,0.883,0.08,0.1812335341190672,0.61823756,0.27143794,ELL,106202.0,ELL,ELL,2
116116717,81.0,ACF,2.328706838751714,0.6706876599661244,1.0226388073063282,225.9706873161051,0.0292646395973861,CEP,0.504,0.0,0.0735868357792343,0.83091027,0.3657996,CEP,106348.0,Unconstrained,ELL,2
116116717,81.0,LS,1.1474351501383084,0.1637689713436237,0.1633172452782413,4.323400733399467,0.0292646395973861,CEP,0.465,0.06,0.0903224534653482,1.2146804,0.38697052,CEP,106344.0,Unconstrained,ELL,2
116746275,43.0,ACF,1.1598330514680129,0.811867710316656,1.5664960574147035,40.76592404795397,0.0171276740729808,ELL,1.0,0.0,0.0057856373892597,0.0017067408,0.00038235818,ELL,60755.0,ELL,ELL,2
116746275,44.0,ACF,0.5764345508532642,0.7244905641633127,1.530765837097614,41.30891992224188,0.0176898890640586,CEP,0.485,0.0,0.0431675618954788,0.02151708,0.00773576,CEP,60765.0,Unconstrained,ELL,2
116746275,44.0,LS,0.5769302624198427,0.8040416295717479,0.804036344652766,4.252412932439256,0.0176898890640586,CEP,0.479,0.0,0.0587499242552703,0.2508061,0.15848017,CEP,60761.0,Unconstrained,ELL,2
116746275,45.0,ACF,1.1597749756488156,0.7882970473255874,1.4826009059830616,40.77228270205072,0.0159183179493993,ELL,1.0,0.0,0.0274599508375379,0.033953108,0.012097783,ELL,60859.0,ELL,ELL,2
116746275,71.0,LS,0.577528128033575,0.6425837423587182,0.6425490320925302,4.123146211084531,0.0198229984380304,CEP,0.466,0.02,0.0576964331653179,0.54309773,0.30388933,CEP,60875.0,Unconstrained,ELL,2
116746275,72.0,LS,0.578223002406154,0.5805881714810341,0.5805840369775956,4.496135643719754,0.0193121097981929,CEP,0.445,0.04,0.0463400302114705,0.2844054,0.17969218,CEP,60886.0,Unconstrained,ELL,2
116746275,73.0,LS,0.5761183329965232,0.6023441156833914,0.602343041653626,4.270298324168834,0.0190941581968218,CEP,0.452,0.02,0.0485974320309211,0.36826307,0.23865229,CEP,60897.0,Unconstrained,ELL,2
116896740,54.0,LS,8.738537190687262,0.0450199299754631,0.0222552508963864,2.323337990466825,0.0087363476632162,ELL,0.893,0.1,0.2398640500366822,0.7407966,0.2410147,ELL,84300.0,ELL,ELL,2
116896740,74.0,LS,5.562685416465646,0.0863465246823691,0.0835842856166093,3.7625386895197153,0.0122123979963362,ELL,0.984,0.06,0.219122154060241,0.5580166,0.22701779,ELL,84308.0,ELL,ELL,2
116896740,81.0,LS,3.6972960933763934,0.2804606538340908,0.2802403281066989,4.701575521085033,0.0123751792125403,CEP,0.481,0.02,0.0546521216422564,0.6320373,0.34411058,CEP,84318.0,Unconstrained,ELL,2
116995916,59.0,ACF,1.0671439533762168,0.7190886959715097,1.3952364043277568,214.10883703307985,0.0451566558331251,CEP,0.544,0.0,0.0547967298294341,1.1461499,0.4064961,CEP,42024.0,Unconstrained,ELL,2
116995916,59.0,LS,1.0629815505595013,0.8224143813365381,0.82241170707317,4.318139355673338,0.0451566558331251,CEP,0.53,0.0,0.0451287225611361,1.0383326,0.4149765,CEP,42020.0,Unconstrained,ELL,2
116995916,71.0,ACF,2.106638400373413,0.7230604580235698,1.3668589678332586,231.72506214828104,0.0406121974810957,ELL,0.998,0.0,0.0054441160898717,0.0014175342,0.00032954608,ELL,42032.0,ELL,ELL,2
116995916,72.0,ACF,2.106562305893931,0.7338041486120191,1.3963646232723907,221.32308329221644,0.0438934937119483,ELL,0.988,0.0,0.0063749509802036,0.004091182,0.002415254,ELL,42038.0,ELL,ELL,2
116995916,73.0,LS,3.835304735502112,0.0128201307680213,0.011900769807824,4.6656133349533775,0.0662878295406699,ELL,0.996,0.04,0.1685062162058124,0.22834095,0.15968296,ELL,42392.0,ELL,ELL,2
118366340,80.0,LS,2.64442389205692,0.0641783685470733,0.0640011937006992,4.09851848267499,0.0165363575797528,ELL,0.997,0.02,0.1142222325118888,0.22041245,0.1131282,ELL,20845.0,ELL,ELL,2
120801170,66.0,ACF,1.6319384354733302,0.8116488089019908,1.562832805435943,173.66359726458518,0.0746677303686738,ELL,1.0,0.0,0.0051225384332379,0.0061457646,0.001968661,ELL,70061.0,ELL,ELL,2
121224741,73.0,LS,1.0569574993755346,0.0481259588197951,0.0391309865642782,3.978897682900424,0.1001865230500698,ELL,0.99375,0.02,0.1084725513008442,0.3953101,0.20449589,ELL,24426.0,ELL,ELL,2
121572666,66.0,LS,7.6504097023068605,0.1061797700145405,0.0802219732160152,4.928226144445944,0.012107832590118,ELL,0.99,0.02,0.1064519440874613,0.10733548,0.0877684,ELL,40849.0,ELL,ELL,2
122489038,73.0,LS,0.7375492909195822,0.0240280474143252,0.0239575159058022,4.449278916705225,0.015624666120857,ELL,0.972,0.0,0.0087909043903343,0.0016650525,0.00027060264,ELL,32731.0,ELL,ELL,2
122694464,73.0,LS,10.32569708537494,0.1689241508101867,0.0255950247819607,1.762590149850439,0.0519689731299877,ELL,0.9155,0.1,0.2871066867908164,0.8023596,0.27164832,ELL,26160.0,ELL,ELL,2
125354389,7.0,ACF,1.354186533307029,0.1701375010297468,0.053517370332337,1.8900121788268864,0.0064548553200438,ELL,0.907,0.12,0.2439269898965672,0.80984855,0.23008834,ELL,6355.0,ELL,ELL,2
125484438,57.0,LS,2.1460014320502268,0.2061756115747217,0.2061209892777989,12.894992232144432,0.0115343928337097,CEP,0.475,0.12,0.1020669270625896,1.2031155,0.4169439,CEP,146349.0,Unconstrained,ELL,2
125484438,83.0,LS,4.452788506781646,0.0933687348844662,0.0913153285364095,7.54611160470813,0.0110953080002218,ELL,1.0,0.0,0.0040199626863939,0.01613017,0.007102761,ELL,145499.0,ELL,ELL,2
125484438,84.0,LS,2.384003906361748,0.3737360484075957,0.3735905790257853,6.15665815167813,0.0145935814362019,CEP,0.469,0.12,0.0824151830671994,0.5452419,0.36869043,CEP,145503.0,Unconstrained,ELL,2
127573149,61.0,ACF,2.828685321064768,0.6817317737426206,1.221299265992241,300.848416670264,0.0277620763517916,ELL,0.998,0.0,0.0051852097353916,0.0008442399,0.00019295012,ELL,59179.0,ELL,ELL,2
127713749,43.0,ACF,2.111310179276188,0.2574126506500102,0.5151492516465332,74.95377669956258,0.0093235837994143,ELL,1.0,0.0,0.0243627256274826,0.04089775,0.020108355,ELL,14835.0,ELL,ELL,2
127713749,44.0,ACF,2.139049727586098,0.2246730868981888,0.4448789314654004,76.3943527668024,0.0097301648929715,ELL,0.982,0.06,0.1922842208814857,0.41802034,0.19529234,ELL,14850.0,ELL,ELL,2
127713749,45.0,ACF,2.145917849458783,0.2613849550584614,0.4959714963630273,71.15681960138159,0.0101376173552125,ELL,1.0,0.0,0.0038159664568756,0.0071082395,0.0024930802,ELL,14862.0,ELL,ELL,2
127713749,59.0,ACF,2.1296423638705164,0.0994873694587464,0.0270993029818958,2.338825844765779,0.018431507050991,ELL,0.998,0.04,0.1368554818047125,0.18968728,0.115131274,ELL,14913.0,ELL,ELL,2
127713749,71.0,ACF,1.0672036498340276,0.1384639013723667,0.0274484575117031,8.12350179321703,0.0161573116201907,CEP,0.45,0.12,0.0972629343583669,0.874454,0.38569874,CEP,14952.0,Unconstrained,ELL,2
127713749,71.0,LS,1.068166780795868,0.1107376960052194,0.1107343552450359,4.155174955150869,0.0161573116201907,CEP,0.47,0.04,0.0800361518315317,0.63564354,0.33942586,CEP,14917.0,Unconstrained,ELL,2
127713749,73.0,ACF,0.7986027138349527,0.1315603674365018,0.0123347948093975,1.2044191624990503,0.0185927224811166,E,0.7086190476190476,0.12,0.2357043889784789,0.41186225,0.17502093,E,15002.0,Unconstrained,ELL,2
128017864,44.0,LS,3.672413713651361,0.0399216278711299,0.0398466481335707,4.593609215087781,0.0033891320344991,ELL,0.905,0.1,0.2475472480154041,0.68475926,0.20646317,ELL,41507.0,ELL,ELL,2
128017864,45.0,LS,1.888431890839036,0.1009960172627662,0.1009029473681646,5.146869104277357,0.0029155015363357,CEP,0.472,0.0,0.0508066294886799,0.6746607,0.3310423,CEP,41519.0,Unconstrained,ELL,2
128565725,61.0,ACF,1.0185143580565637,0.8075117364400491,1.571382522433975,107.5939033645514,0.1187849417328834,ELL,0.9065,0.06,0.1721867750734767,0.45580348,0.1966384,ELL,76558.0,ELL,ELL,2
128740968,61.0,LS,2.085922413057076,0.0439411069658785,0.043759311177432,4.024719560209633,0.016533681191504,ELL,0.98,0.08,0.2375920242769104,0.47456074,0.19149466,ELL,33111.0,ELL,ELL,2
129526049,8.0,LS,1.458307366571007,0.2162037085748815,0.1575114302890649,3.204082146390647,0.0504735624417662,CEP,0.447,0.12,0.1734719158826581,0.5902635,0.22306843,CEP,69720.0,Unconstrained,ELL,2
129526049,34.0,LS,2.193599653577932,0.0117525651001116,0.0080717180957244,3.0375010220705008,0.0342238927260041,ELL,0.97,0.1,0.2672731456768524,0.4279248,0.21879447,ELL,69711.0,ELL,ELL,2
130000939,61.0,LS,5.493467198472319,0.2181637593621251,0.2167508677362195,4.027723935934773,0.017203475581482,ELL,0.975,0.1,0.2717708041714562,0.55024576,0.23970811,ELL,58687.0,ELL,ELL,2
130793228,61.0,ACF,1.340280526596871,0.5285490444816737,0.854815780005898,154.69204920734194,0.0119765009731054,ELL,1.0,0.0,0.00472,0.0022564726,0.00044939778,ELL,121598.0,ELL,ELL,2
130793228,61.0,LS,1.3419450492639613,0.2385904606136181,0.2385156785629794,4.144930036363803,0.0119765009731054,ELL,1.0,0.0,0.0034928498393145,0.004111105,0.0013992453,ELL,121595.0,ELL,ELL,2
131805823,62.0,LS,2.0496016055446984,0.1874323563644127,0.1840476987867334,3.8699545342751662,0.0259924703277647,CEP,0.521,0.02,0.0657671650597773,0.98252094,0.4342225,CEP,115832.0,Unconstrained,ELL,2
131805823,63.0,LS,6.0290170197684105,0.0850264167140701,0.0845073863773464,5.056817114080332,0.0294697284698486,ELL,0.988,0.02,0.0992102897889125,0.07023756,0.057342455,ELL,115618.0,ELL,ELL,2
133969115,61.0,LS,3.356829418714002,0.6204191733424954,0.6201194823517772,4.313859898604278,0.0129348726477473,CEP,0.449,0.0,0.0453915234377521,0.050886955,0.039845373,CEP,111703.0,Unconstrained,ELL,2
133969115,62.0,LS,6.573971357049568,0.0482366455535469,0.0478752253896477,6.630423529088148,0.0164279993623495,ELL,0.988,0.0,0.0056885850613311,0.0013434498,0.0006351279,ELL,111517.0,ELL,ELL,2
134829190,61.0,LS,3.2661080275686394,0.0143729184134689,0.0143304837012563,4.266262505629129,0.0271707191132009,ELL,0.988,0.0,0.0064845662923591,0.0044250973,0.003060099,ELL,106717.0,ELL,ELL,2
134829190,62.0,ACF,1.5786793259276235,0.8273481366927029,1.6138154774237712,338.14946610074105,0.0264915102161467,CEP,0.522,0.0,0.0600770305524499,0.14827141,0.1350046,CEP,106723.0,Unconstrained,ELL,2
134829190,62.0,LS,1.60135252760629,0.9171988900384196,0.9171557697454836,4.561921183547383,0.0264915102161467,CEP,0.481,0.0,0.0845638220517497,0.20402011,0.18271136,CEP,106721.0,Unconstrained,ELL,2
136719100,56.0,ACF,1.7499856385329622,0.8368177277279489,1.6144055487689577,372.7221158580627,0.2205616980791092,CEP,0.715,0.0,0.0593838361846049,1.0003861,0.38816652,CEP,87019.0,Unconstrained,ELL,2
136719100,56.0,LS,1.7643727346868054,0.925515453124575,0.925507948474458,4.4189948255698255,0.2205616980791092,CEP,0.744,0.0,0.0898540060320072,1.1223675,0.4073147,CEP,87017.0,Unconstrained,ELL,2
136719100,76.0,LS,3.471047772242844,0.0140348410384401,0.0140253548563669,3.2613052836386487,0.2071178145706653,ELL,0.988,0.12,0.2568229709352339,0.32431644,0.20037678,ELL,87025.0,ELL,ELL,2
136719100,82.0,LS,1.7703789473889078,0.8001394183235561,0.8001149806407348,4.314464520000911,0.22355442866683,CEP,0.675,0.02,0.1122449107977729,1.0114723,0.39236876,CEP,87208.0,Unconstrained,ELL,2
136719100,83.0,LS,1.75581842409054,0.7882155203917026,0.7882147718708736,4.463829642074416,0.2204381860792637,CEP,0.705,0.0,0.0556905737086627,1.0945239,0.3757159,CEP,87030.0,Unconstrained,ELL,2
137105763,55.0,ACF,1.645858222141669,0.6766230440961956,1.287102585031126,58.01180225926981,0.0198049517348408,ELL,1.0,0.0,0.0029363923443572,0.004434542,0.0008601555,ELL,33739.0,ELL,ELL,2
137105763,56.0,ACF,1.6411884185881718,0.6258678105025084,1.2716507009057196,176.13422405903395,0.0211119255982339,ELL,1.0,0.0,0.0237167641131753,0.02403732,0.015971387,ELL,34003.0,ELL,ELL,2
137105763,75.0,ACF,1.641170559650618,0.6335882633257173,1.244995669349593,168.53511562647282,0.0170322437770664,ELL,1.0,0.0,0.0036450514399662,0.016344817,0.0038103978,ELL,34013.0,ELL,ELL,2
137105763,76.0,ACF,1.6388979829789605,0.6340835873724017,1.310494525960232,171.2026087034253,0.0173706060741096,ELL,0.99,0.02,0.1412852094169803,0.09154617,0.10710482,ELL,34021.0,ELL,ELL,2
137105763,82.0,ACF,1.645851938420947,0.6119696066251823,1.279616033771651,178.0506566483898,0.0180948770139366,ELL,1.0,0.0,0.0062819105374081,0.07001887,0.06221696,ELL,34031.0,ELL,ELL,2
137105763,83.0,ACF,1.6342405801306086,0.6666654904141982,1.3587784866492387,175.29307514298443,0.0165656767785549,ELL,1.0,0.0,0.0572293639664115,0.13579665,0.071125954,ELL,34039.0,ELL,ELL,2
137113608,55.0,LS,7.986232431279564,0.106977650053766,0.0497224501725918,3.5445062444232462,0.1278167683631181,ELL,0.987,0.0,0.0381702973527846,0.2524728,0.07704217,ELL,116134.0,ELL,ELL,2
137113608,82.0,LS,11.749915052050298,0.1631723804706795,0.0260093036573421,1.8744484292401469,0.0844818260520696,ELL,0.87,0.12,0.2864523897613703,0.73472774,0.26205224,ELL,116166.0,ELL,ELL,2
137113608,83.0,LS,2.010876314987532,0.121708652540357,0.1190047446514769,8.107233699138305,0.0744948117062449,CEP,0.506,0.04,0.0755947088095456,0.91542256,0.30012363,CEP,116171.0,Unconstrained,ELL,2
137443271,55.0,LS,2.12134490620958,0.3061779197194699,0.3061508391137891,4.204682843412229,0.0062021327903494,CEP,0.458,0.0,0.0395443851893034,0.005049726,0.002079831,CEP,40181.0,Unconstrained,ELL,2
137443271,56.0,ACF,2.087943727032325,0.3423907188318678,0.6569256420276532,419.1113066663792,0.0062833348056301,CEP,0.484,0.0,0.0555020143778583,0.2569296,0.21311119,CEP,40199.0,Unconstrained,ELL,2
137443271,56.0,LS,2.112073515054741,0.2716663780652186,0.2715043838114161,4.999920787155133,0.0062833348056301,CEP,0.509,0.02,0.0633189892528299,0.24853915,0.15564544,CEP,40196.0,Unconstrained,ELL,2
137443271,75.0,LS,2.1302979376917466,0.2238487105822375,0.2234997940775151,5.4383008043441805,0.0060520664555951,CEP,0.468,0.02,0.0613380925689738,0.36207268,0.24162337,CEP,40209.0,Unconstrained,ELL,2
137443271,76.0,ACF,2.08334489320805,0.3664888933487841,0.0174663316833595,20.01483341390542,0.0063893641345202,CEP,0.507,0.04,0.0848041131077968,0.67292255,0.3321957,CEP,40225.0,Unconstrained,ELL,2
137443271,76.0,LS,2.115352826918021,0.2669388149807424,0.2668908200251946,4.787017460686911,0.0063893641345202,CEP,0.523,0.02,0.07257988702113,0.6800169,0.3472826,CEP,40221.0,Unconstrained,ELL,2
137443271,82.0,LS,5.874963561101262,0.0138041207406036,0.0121685569588926,5.680934004860319,0.0069970329059287,ELL,0.9925,0.02,0.107410986868197,0.2986163,0.116955705,ELL,40234.0,ELL,ELL,2
137443271,83.0,LS,2.149560727787988,0.2209598700835892,0.22080795314216,4.189167486933002,0.0067535688867792,CEP,0.448,0.04,0.0856470991919749,0.34533262,0.21293458,CEP,40244.0,Unconstrained,ELL,2
139598582,61.0,ACF,1.5879877819015746,0.715444554346466,1.0923059603487306,230.501968924276,0.0120600883383303,ELL,0.9945,0.0,0.0362640538274473,0.1589211,0.059451427,ELL,128449.0,ELL,ELL,2
139600098,61.0,ACF,2.099570063171086,0.8087590533203283,1.4211551206789874,222.51678584860224,0.0983049254864454,ELL,0.9935,0.06,0.1652017082730276,0.3768211,0.20886247,ELL,133070.0,ELL,ELL,2
139600098,62.0,LS,2.153361666742804,0.3629282141703807,0.3624239935737152,5.806691769339523,0.1388165540993213,ELL,0.963,0.12,0.2137442137265645,0.69365907,0.25279373,ELL,133074.0,ELL,ELL,2
140083216,61.0,LS,2.2668107252072645,0.0259651850116086,0.0246161361340884,4.526716620526713,0.0157052942086011,ELL,0.997,0.02,0.1421356003962413,0.21958601,0.14822319,ELL,133635.0,ELL,ELL,2
140083216,62.0,ACF,1.0787015853070443,0.4130820920859428,0.9435385655918228,232.62358915358823,0.0143643328920006,CEP,0.515,0.04,0.0752167640888651,0.63450396,0.31466332,CEP,133645.0,Unconstrained,ELL,2
140083216,62.0,LS,1.06629652410494,0.4114251073171431,0.4113962174219247,3.7861953813444416,0.0143643328920006,CEP,0.47,0.02,0.0633532445893657,0.37252554,0.27039403,CEP,133640.0,Unconstrained,ELL,2
140130785,61.0,LS,4.645733861482575,0.0303694981698659,0.0302839249741854,8.818871456220222,0.0123175943735986,ELL,0.992,0.06,0.1909107644948288,0.24283373,0.15859476,ELL,134574.0,ELL,ELL,2
140366774,61.0,LS,3.554323605758794,0.6598363053718164,0.6587789818730164,4.511162791917741,0.0121651717927306,CEP,0.446,0.0,0.0314486502095082,0.0047420934,0.001960427,CEP,136626.0,Unconstrained,ELL,2
140366774,62.0,LS,6.939265044561327,0.0798560973769239,0.0690393564340007,3.8623043392653926,0.0122637185268104,ELL,1.0,0.0,0.0397005843785705,0.09447607,0.03569097,ELL,136408.0,ELL,ELL,2
141292310,8.0,ACF,2.1875201431384994,0.4275061843846202,0.77082732616151,6.705557208157288,0.0439261831343174,ELL,0.965,0.02,0.140634641536145,0.4403366,0.12097859,ELL,110537.0,ELL,ELL,2
141292310,9.0,ACF,2.1874664886343,0.5774871322677756,1.1433951964296554,7.081517010649378,0.0381582556292414,ELL,0.931,0.04,0.1901386241666852,0.648505,0.16021775,ELL,110601.0,ELL,ELL,2
141292310,61.0,ACF,0.4375085541514636,0.4211851559820192,0.9659016316777316,44.836655127190966,0.0354600208811461,ELL,0.98,0.0,0.0456446097584369,0.10265727,0.05597809,ELL,110728.0,ELL,ELL,2
141292310,62.0,ACF,1.097219515972938,0.6600982349084513,1.316904671542332,68.64809044460134,0.0352462870068848,CEP,0.458,0.06,0.0885237956709946,0.7299775,0.36880812,CEP,110748.0,Unconstrained,ELL,2
141292310,62.0,LS,1.0861487974210362,0.3019300594121007,0.3018046244993158,4.375069554742368,0.0352462870068848,CEP,0.512,0.04,0.0798838056179098,0.94613844,0.38822,CEP,110740.0,Unconstrained,ELL,2
141651524,61.0,LS,6.074023426861689,0.0687459437790555,0.0515664350917804,3.8864334300997134,0.0133895804174244,ELL,0.982,0.08,0.2732907792077881,0.5002128,0.24893858,ELL,56836.0,ELL,ELL,2
143635077,73.0,LS,7.457480995490821,0.0451568416664086,0.0396058941566175,4.704805833833234,0.0062944006640464,ELL,1.0,0.0,0.0328273300772389,0.06684293,0.03323759,ELL,34364.0,ELL,ELL,2
143959792,73.0,ACF,1.2407299408878316,0.3915555757972542,0.6455180572299928,120.22581844016396,0.0183890061452984,ELL,0.994,0.08,0.1930705529074799,0.23553628,0.15780193,ELL,29863.0,ELL,ELL,2
144356247,61.0,ACF,2.0532505274563846,0.6957803037834046,1.0118325662795595,229.56415080600607,0.1332240086048841,ELL,0.992,0.02,0.089713376928973,0.08055229,0.05344438,ELL,97649.0,ELL,ELL,2
144804103,61.0,ACF,0.2291675746264445,0.0655910519478997,0.0155848856248081,1.1278873657222874,0.0121101352851837,ELL,0.886,0.06,0.1829707060082101,0.42576498,0.23775737,ELL,64492.0,ELL,ELL,2
144861634,61.0,LS,4.440178737296535,0.1473064472339712,0.1437783566458555,4.425208466120239,0.0240379478782415,ELL,0.9885,0.06,0.2209532837502081,0.43753624,0.19755909,ELL,64504.0,ELL,ELL,2
145078235,61.0,ACF,2.1805672655009403,0.4815681481755238,0.567848556782396,126.909163623871,0.0748171797022223,ELL,0.99,0.04,0.1662048134080358,0.41095442,0.152215,ELL,123591.0,ELL,ELL,2
145327993,61.0,ACF,0.8611160819573342,0.5283990038193699,1.0827537336549953,101.74801374991524,0.0312971859239041,ELL,0.9895,0.06,0.2364867362031114,0.466588,0.21768312,ELL,68743.0,ELL,ELL,2
149465370,61.0,LS,4.306375175258299,0.2440260050780217,0.2435554292242397,4.34639667682859,0.0850262772291898,ELL,0.985,0.06,0.1764430101726206,0.409468,0.19650367,ELL,50921.0,ELL,ELL,2
151006023,61.0,LS,2.5448182453072725,0.0451872336278719,0.0421875407069003,5.787429644406075,0.0205754814669489,ELL,0.995,0.02,0.1162942457733829,0.4045536,0.20623359,ELL,64879.0,ELL,ELL,2
152400474,61.0,LS,9.965293411538408,0.0723855823948667,0.0031317381557764,1.6560789905342972,0.0168279779609292,ELL,1.0,0.0,0.1041826396286828,0.0942747,0.038113195,ELL,61786.0,ELL,ELL,2
153274825,61.0,ACF,1.4837968020151493,0.4130194439613704,0.5894862811833669,66.478450384864,0.0150073831900954,ELL,0.994,0.02,0.1513113082197194,0.47349268,0.28421912,ELL,125497.0,ELL,ELL,2
153304135,66.0,LS,1.9460650233637005,0.0518119821981193,0.0513151647014683,4.058762765467691,0.0176496501080691,ELL,0.984,0.1,0.2667814656230826,0.523709,0.2548828,ELL,39711.0,ELL,ELL,2
155305056,44.0,ACF,1.2431705144872467,0.3675526217923014,0.681083637257464,43.786270375537015,0.0308900512754917,ELL,1.0,0.0,0.0030486718419665,0.0064403694,0.0013714634,ELL,8535.0,ELL,ELL,2
155305056,45.0,LS,1.236757246100168,0.0162131246740299,0.0143830971681916,7.793981538641674,0.0322346412576735,ELL,0.991,0.08,0.1865326019761692,0.32809028,0.12647478,ELL,8547.0,ELL,ELL,2
155305056,71.0,LS,1.239876465996578,0.0472422947496562,0.0451742254582983,4.41333898969242,0.0236458098515868,ELL,1.0,0.0,0.003034205002962,0.029805433,0.008136,ELL,8569.0,ELL,ELL,2
161714192,82.0,ACF,0.4421261338998192,0.9474167614981204,1.871118593684222,47.133225278001845,0.1262051332741975,ELL,0.992,0.0,0.0190735838268533,0.02169944,0.00841912,ELL,112840.0,ELL,ELL,2
161805246,41.0,LS,0.8918346161210029,0.0579708114463805,0.0076662044267232,2.0131674012718577,0.1808881759643554,CEP,0.403,0.08,0.0632291198736784,0.6144153,0.31568187,CEP,95153.0,Unconstrained,ELL,2
161805246,75.0,ACF,0.7962951928057009,0.5829377994743932,0.8088035311777622,92.30816953611082,0.1323505956679582,ELL,0.986,0.08,0.2060277938939067,0.56749177,0.23298927,ELL,95314.0,ELL,ELL,2
163659240,80.0,ACF,0.7893498911498682,0.1427168035850897,0.0139141482797698,1.285927085105811,0.0034880908788181,ELL,0.974,0.08,0.2275275806089066,0.5162034,0.24579358,ELL,15318.0,ELL,ELL,2
167329790,71.0,LS,5.741764721509366,0.0709388647385589,0.0640246374584496,4.091678748423874,0.0110371422488242,ELL,1.0,0.0,0.0356948175510115,0.085509226,0.047182854,ELL,7119.0,ELL,ELL,2
168093263,80.0,LS,9.44437635974818,0.0461653724941866,0.0324552638508815,2.8420510542382544,0.0352173438295722,ELL,1.0,0.0,0.0458892754355524,0.23829162,0.10880264,ELL,108935.0,ELL,ELL,2
169640678,41.0,ACF,2.0208193019325336,0.3670722257918428,0.7331118618760551,79.37229307126674,0.0113196112215518,ELL,0.996,0.02,0.1351307962679122,0.22253412,0.14086905,ELL,147069.0,ELL,ELL,2
169640678,54.0,LS,1.0005941418170592,0.2152276494225845,0.2151776664067954,4.389672105238788,0.0153286394197493,CEP,0.558,0.0,0.0508365380410586,0.07488103,0.029673394,CEP,147097.0,Unconstrained,ELL,2
169640678,55.0,LS,0.9982502627059872,0.2595289557154836,0.2594664864292595,4.458762217078402,0.0145202782005071,CEP,0.47,0.02,0.0569687633708157,0.19475603,0.16246283,CEP,147081.0,Unconstrained,ELL,2
169640678,74.0,ACF,1.6851586530028726,0.6238521555822267,1.0856999534750682,146.12989815671028,0.0207856460474431,ELL,0.991,0.02,0.1295468347741464,0.08852348,0.11309621,ELL,147112.0,ELL,ELL,2
169640678,75.0,ACF,1.6805740176578183,0.5629216424600034,0.9795020589130838,148.77752905584214,0.0209118518978357,ELL,0.998,0.02,0.13017622517188,0.10446711,0.13554607,ELL,147122.0,ELL,ELL,2
169640678,81.0,ACF,1.6805667765529506,0.4511248458254706,0.8341754052138495,133.55807582229636,0.0172888278029859,ELL,0.993,0.0,0.0955070342959093,0.047868982,0.026071142,ELL,147132.0,ELL,ELL,2
173673726,61.0,LS,9.275236873692954,0.1124859175477761,0.0384800854240492,1.937637559534778,0.0103409658186137,ELL,0.986,0.06,0.1853094719651427,0.1948339,0.14415444,ELL,11225.0,ELL,ELL,2
175679189,80.0,LS,5.288975284316349,0.132495891563754,0.1275377319820288,4.489239732971328,0.0132924143690615,ELL,0.994,0.08,0.2380136804891685,0.35048372,0.1899545,ELL,145145.0,ELL,ELL,2
177129056,33.0,ACF,0.5902860043215696,0.5887517730458376,1.1637036654780473,28.9297414843078,0.036877910606563,ELL,0.96,0.0,0.1192360882339976,0.2420696,0.07676604,ELL,74831.0,ELL,ELL,2
178223103,54.0,LS,2.6214811995309883,0.1222556614423809,0.1019176568005616,2.4382676526747677,0.0220281537622213,ELL,0.992,0.04,0.1870293292507888,0.304759,0.14321928,ELL,75659.0,ELL,ELL,2
178223103,80.0,LS,1.811285062639716,0.2118152415500714,0.2116757893066638,4.3435820695558505,0.0461896508932113,CEP,0.3409999999999999,0.08,0.081571808855756,0.07480304,0.04116729,CEP,75669.0,Unconstrained,ELL,2
178794312,54.0,LS,1.7242020875385404,0.1731552041184787,0.1719491525406232,3.983910702270805,0.0540374545380473,CEP,0.676,0.02,0.1539956155220011,0.973085,0.3562536,CEP,63383.0,Unconstrained,ELL,2
178794312,80.0,LS,6.95915042921797,0.0745538473638124,0.0671562025451258,4.205915068407194,0.0382422283291816,ELL,0.994,0.06,0.2084769042364165,0.3373074,0.16830009,ELL,63401.0,ELL,ELL,2
179204591,27.0,LS,5.426150117556032,0.2291034389257223,0.2242060680132763,4.716060887065396,0.0364089058712124,CEP,0.446,0.02,0.0536074621671274,0.020986985,0.009977485,CEP,33591.0,Unconstrained,ELL,2
179204591,28.0,LS,4.081652978843131,0.1237888672493284,0.1136333672810747,2.9394007930823136,0.0293945241719484,CEP,0.444,0.0,0.0456528816177029,0.3938737,0.2668063,CEP,33596.0,Unconstrained,ELL,2
179204591,30.0,LS,9.98656715156043,0.2207792700567921,0.1682684618229659,3.1739389848062274,0.0425075134262442,ELL,0.933,0.08,0.2106468199644676,0.7319312,0.24272928,ELL,33624.0,ELL,ELL,2
179204591,31.0,LS,4.099424821277632,0.187785793832254,0.1684536601962261,3.8918420871596022,0.0358707038685679,CEP,0.473,0.0,0.0612043005024973,0.20951462,0.19738747,CEP,33635.0,Unconstrained,ELL,2
179204591,32.0,LS,8.601778618595443,0.2422249722825742,0.2357200468821454,4.004464678182558,0.0436168862506747,ELL,0.996,0.0,0.0565377749827493,0.03567563,0.014489212,ELL,33628.0,ELL,ELL,2
179204591,35.0,LS,7.519545816581827,0.7036072407643553,0.6838174957376236,3.477908484372165,0.0501176761463284,CEP,0.42,0.02,0.097085702345917,0.32390296,0.23361446,CEP,33661.0,Unconstrained,ELL,2
179204591,36.0,LS,5.939267513225103,0.5220653365766614,0.4331889081471705,4.6669415979595215,0.0534894410520792,CEP,0.445,0.0,0.045411117581491,0.009277938,0.003670636,CEP,33666.0,Unconstrained,ELL,2
179204591,37.0,LS,5.6548038070125255,0.5365893596672936,0.5138872183642235,4.102480546747756,0.0421800091862678,CEP,0.57,0.0,0.0307371826945801,0.64088845,0.35179266,CEP,33674.0,Unconstrained,ELL,2
179204591,38.0,LS,5.965956706377047,0.4072214604196439,0.4021789764803465,4.260529440851315,0.0506508396938443,CEP,0.438,0.08,0.0981569681683373,0.17899603,0.14072953,CEP,33788.0,Unconstrained,ELL,2
179305185,1.0,LS,2.8971362591577345,0.0647577497659642,0.0115177862870633,1.770035858047322,0.0224035046994686,CEP,0.577,0.08,0.1495972673547214,0.27920428,0.052600317,CEP,26978.0,Unconstrained,ELL,2
179305185,2.0,LS,8.548147006749783,0.2370331658945266,0.1363367425177388,2.935120229965833,0.0332086975686252,E,0.629,0.1,0.1265572186799314,0.50797343,0.19232018,E,27038.0,Unconstrained,ELL,2
179305185,4.0,LS,1.812485028643064,0.0826532491537973,0.0538449480235448,3.433775094139492,0.0205283612012863,CEP,0.593,0.0,0.0875433606848629,1.1336502,0.28150466,CEP,26991.0,Unconstrained,ELL,2
179305185,5.0,LS,2.083316235350947,0.0830727682690579,0.0606470738153701,3.776094510229086,0.0197715265676379,CEP,0.699,0.0,0.1013019960316676,0.32411486,0.0675256,CEP,26899.0,Unconstrained,ELL,2
179305185,7.0,LS,0.8996883921901353,0.0792412193877993,0.0792067338627146,4.682225412385378,0.0196604407392442,CEP,0.708,0.06,0.132815475001974,0.2940197,0.052957177,CEP,27073.0,Unconstrained,ELL,2
179305185,10.0,LS,1.2319382528338867,0.0953177813677273,0.0924037422589853,4.2131367846427565,0.0217558140866458,CEP,0.577,0.12,0.1257884001011222,0.14579722,0.04161925,CEP,27091.0,Unconstrained,ELL,2
179305185,27.0,LS,2.436231657926089,0.0401224521762632,0.036544532261473,4.084549356735806,0.0301706162281334,ELL,0.994,0.0,0.0930251627249315,0.27179426,0.12438888,ELL,26876.0,ELL,ELL,2
179305185,35.0,LS,2.865413302278057,0.1457137958309086,0.1409261182329937,5.0411257492287405,0.0274622743017971,CEP,0.594,0.04,0.12186534207887,0.98462236,0.34095258,CEP,27139.0,Unconstrained,ELL,2
179305185,61.0,LS,4.218327119168067,0.0577780422119968,0.0541143597944182,7.622491227943101,0.0237751007080078,ELL,0.935,0.12,0.255475469663919,0.791312,0.2527456,ELL,27187.0,ELL,ELL,2
179305185,62.0,LS,7.063599564836189,0.2240614005732026,0.1764497745252839,5.5795426097975,0.0327339605428278,E,0.686,0.1,0.1572729399611736,0.4473155,0.22810216,E,27197.0,Unconstrained,ELL,2
179305185,67.0,LS,8.644212301067489,0.0931432718959773,0.0826409546140365,3.262192997513921,0.0237046950496733,ELL,0.9735,0.12,0.2883018667993671,0.49107802,0.24435885,ELL,27216.0,ELL,ELL,2
179637509,27.0,LS,7.4609656206281025,0.1351057091243249,0.1146987422804494,5.143897863272287,0.0263494020327925,ELL,0.9805,0.08,0.2619011271453408,0.5401682,0.2501681,ELL,26749.0,ELL,ELL,2
179637509,30.0,LS,4.057055759626141,0.4838794121874117,0.4796539229444368,4.688922227211151,0.0348598044365644,CEP,0.462,0.04,0.0892471713837475,0.5183362,0.36174917,CEP,26775.0,Unconstrained,ELL,2
179637509,31.0,LS,2.4918135119656992,0.1642546875373441,0.1560377524064492,4.269051401217439,0.0385757931508123,CEP,0.45,0.06,0.0686797670351319,0.6618407,0.38057527,CEP,26779.0,Unconstrained,ELL,2
179637509,33.0,LS,3.796953545157279,0.3571588864946283,0.3530108070137989,5.197360282205409,0.036339065991342,CEP,0.44,0.12,0.098510742561408,0.7687154,0.4251981,CEP,26797.0,Unconstrained,ELL,2
179637509,36.0,LS,7.426230445546479,0.1441494035003199,0.0718658982537513,3.077975733071071,0.0579463178291916,ELL,0.965,0.0,0.1018342653530725,0.5193757,0.113821365,ELL,26806.0,ELL,ELL,2
179637509,37.0,LS,9.134655796915991,0.2799175372942197,0.190501451668928,4.0595339249193785,0.0434338534250855,E,0.8458749999999999,0.02,0.1112463854144873,0.027370833,0.008574873,E,26814.0,E,ELL,2
179637509,38.0,LS,3.274230572573704,0.355855652353451,0.3499380648811518,3.9451415342718974,0.0339168380014598,CEP,0.3419999999999999,0.06,0.0781834662828401,0.8169806,0.42421097,CEP,26822.0,Unconstrained,ELL,2
179637509,39.0,LS,4.107458835207567,0.3983953149167933,0.3935942222675268,4.931166189366195,0.0356755894608795,CEP,0.49,0.0,0.0497356853778049,0.011008483,0.005576665,CEP,26830.0,Unconstrained,ELL,2
179639066,1.0,LS,6.046212227207859,0.0481696750691524,0.0156486990303578,1.891989564860978,0.072227157652378,E,0.94975,0.02,0.139750264729891,0.14764774,0.06685184,E,21128.0,E,ELL,2
179639066,3.0,LS,8.428794306072309,0.1682691069718663,0.0981029458254707,2.628125319035462,0.0710662780329585,E,0.887,0.06,0.1619245700936087,0.20052162,0.05577604,E,21137.0,E,ELL,2
179639066,7.0,LS,2.2916553262984967,0.0938759048263431,0.0878029426622538,3.180002315910769,0.0929482840001583,CEP,0.496,0.08,0.1701058493997193,0.23713118,0.04148969,CEP,21190.0,Unconstrained,ELL,2
179639066,9.0,LS,2.916667458041696,0.3864874217087254,0.3830469482451547,4.479862014356058,0.0404220446944236,CEP,0.62,0.0,0.1049384124141393,0.64687216,0.24630854,CEP,21197.0,Unconstrained,ELL,2
179639066,10.0,LS,2.0121587676922754,0.0638642523332528,0.0618683512955544,3.53600626854859,0.0895529612898826,CEP,0.565,0.0,0.1491690316386078,0.093478054,0.021837654,CEP,21201.0,Unconstrained,ELL,2
179639066,11.0,LS,6.617679897816116,0.1329107909734365,0.1017544256457429,2.813386516618266,0.052623557858169,ELL,0.967,0.02,0.130680985609996,0.5006099,0.13500795,ELL,21216.0,ELL,ELL,2
179639066,32.0,LS,11.72340291111678,0.0265569917955445,0.0060701770202125,1.2119423945496235,0.0455670431256294,E,0.782,0.04,0.1130768517425206,0.31776923,0.15081884,E,21163.0,Unconstrained,ELL,2
179639066,33.0,LS,7.595947860911965,0.0239420883851615,0.0185780574541349,2.887931923436554,0.0850195717066526,ELL,1.0,0.0,0.0221678348063133,0.02080799,0.012782333,ELL,21189.0,ELL,ELL,2
179639066,34.0,LS,4.141184485119691,0.2175522833617506,0.0101131481610821,1.3052016420660948,0.0573030393570661,CEP,0.477,0.06,0.1056799772899294,0.97648466,0.3597528,CEP,21179.0,Unconstrained,ELL,2
179639066,35.0,LS,7.034299284940275,0.0243972509750597,0.0212198503391459,2.697084757004632,0.0846554432064294,ELL,0.8945000000000001,0.06,0.2041162493706536,0.5969627,0.23512812,ELL,21230.0,ELL,ELL,2
179639066,37.0,LS,2.968759752629184,0.2278629466202757,0.2241298358044017,12.110594279167344,0.0673393625766038,CEP,0.517,0.0,0.0776415970984626,0.67506516,0.33319858,CEP,21247.0,Unconstrained,ELL,2
179639066,61.0,LS,6.948498158735674,0.3009934530666368,0.2898674419297394,3.696194935600943,0.2071627229452133,ELL,0.987,0.08,0.2439994992432402,0.3910659,0.25434455,ELL,21260.0,ELL,ELL,2
179639066,64.0,LS,10.35082229266856,0.2523132714977254,0.1218557115284773,3.1351876199478284,0.124079892411828,ELL,0.963,0.08,0.2136778846769127,0.4099567,0.16959845,ELL,21268.0,ELL,ELL,2
179639066,65.0,LS,6.531864267861122,0.2937763621205887,0.2837963220976213,5.199791325452679,0.1246230769902467,CEP,0.444,0.04,0.0399544740923967,0.0007183075,0.0002639006,CEP,21272.0,Unconstrained,ELL,2
179639066,67.0,LS,5.762814499657149,0.4443418058506322,0.3827762082642907,4.98404108012619,0.0834078155457973,CEP,0.577,0.04,0.1188001077440588,0.64959097,0.3372096,CEP,21276.0,Unconstrained,ELL,2
179639066,68.0,LS,8.688018362023188,0.0447794917095675,0.0259333387405089,2.7015007123591204,0.1250605657696724,ELL,0.986,0.04,0.1701314362485663,0.16146684,0.14429207,ELL,21281.0,ELL,ELL,2
179639066,69.0,LS,3.533495648925898,0.3081986810787792,0.3031507540530684,4.45073933180538,0.1272306311875581,ELL,0.988,0.02,0.1045843276977961,0.11061801,0.0771053,ELL,21284.0,ELL,ELL,2
179691604,54.0,LS,4.369140224090643,0.0905054656173386,0.0593728377968185,3.289978632996281,0.0208182795904576,ELL,0.998,0.02,0.1208268595966972,0.15816674,0.11855268,ELL,34758.0,ELL,ELL,2
179691604,80.0,LS,5.288958207865019,0.1319049695896885,0.1251864712803089,3.665633499462274,0.0190973374992609,ELL,0.993,0.04,0.1588797394257682,0.29298416,0.15246335,ELL,34770.0,ELL,ELL,2
180153499,80.0,ACF,1.9652970122797344,0.6550413930628302,1.2189850545463812,197.55017006417893,0.0268340110778808,ELL,0.988,0.0,0.0036932370625238,7.439809e-05,1.1075243e-05,ELL,27286.0,ELL,ELL,2
180316956,80.0,LS,8.81493526755018,0.267734549564793,0.245980050642967,4.146416374114779,0.0060542544815689,ELL,1.0,0.0,0.0079689961726681,0.05002886,0.019243758,ELL,50044.0,ELL,ELL,2
180964518,54.0,LS,8.192144785327004,0.1987138900229932,0.1782574311721323,3.056820000978405,0.0688962917774915,ELL,0.998,0.02,0.0893098001341398,0.07475613,0.082327016,ELL,35674.0,ELL,ELL,2
180964518,80.0,LS,4.006790905804766,0.8761715466340448,0.8737065050508659,4.278640337757679,0.0667624874040484,CEP,0.528,0.02,0.0937309255262104,0.5756837,0.25430432,CEP,35677.0,Unconstrained,ELL,2
181358317,8.0,ACF,0.8125073546116255,0.8256555338976467,1.5790049719314354,9.660409633908966,0.0336386822164058,ELL,0.996,0.0,0.0057026309717533,0.029591199,0.011164916,ELL,117530.0,ELL,ELL,2
181358317,9.0,ACF,0.8124849377409191,0.8913477961684263,1.7568180448367627,9.626069435309043,0.0267723877914249,ELL,0.996,0.0,0.0076524505878835,0.038647152,0.008493976,ELL,117668.0,ELL,ELL,2
182268383,61.0,LS,9.970204717527434,0.1765069861656899,0.0923985396944985,2.6001152893113613,0.0933433789759874,ELL,0.998,0.0,0.0470222245326611,0.09586577,0.04869399,ELL,88216.0,ELL,ELL,2
184382462,80.0,ACF,1.4328669553297004,0.7359746495874848,1.4377418568583025,153.03753392747433,0.0623673852533102,ELL,0.988,0.0,0.0052975843551566,0.00091970793,0.0004276566,ELL,6689.0,ELL,ELL,2
185331661,75.0,ACF,2.314816495982086,0.876815798799207,1.7176984014919474,246.7650070696974,0.0207716785371303,ELL,0.988,0.0,0.0587581483710983,0.021801723,0.020221697,ELL,45976.0,ELL,ELL,2
185331661,81.0,ACF,2.2963268729072297,0.7949652063484992,1.537896600968797,240.7552471804269,0.0146389147266745,ELL,0.998,0.0,0.0060198338847513,0.001133566,0.00024222999,ELL,46099.0,ELL,ELL,2
185331661,82.0,ACF,2.303222065763748,0.8450257087817508,1.6414127024984806,245.8657524205878,0.0164789927657693,ELL,0.988,0.0,0.0020321417273408,1.5388041e-05,2.9882324e-06,ELL,46163.0,ELL,ELL,2
185706222,41.0,LS,2.178409348220544,0.1000768790662488,0.0991853516618099,3.9732770005248312,0.1017173565924167,CEP,0.642,0.12,0.1727727571117622,0.5415191,0.1439865,CEP,107388.0,Unconstrained,ELL,2
185706222,54.0,LS,3.854239145246884,0.1493774457296664,0.1248375370843245,3.892882088672195,0.0821412540972232,CEP,0.486,0.02,0.100956735287944,0.85308164,0.36233714,CEP,107490.0,Unconstrained,ELL,2
185706222,82.0,LS,3.801382482960409,0.0767929398747656,0.0711999431787435,3.79331258066668,0.0879734754562377,ELL,0.948,0.12,0.2538066697311164,0.7976276,0.2675886,ELL,107681.0,ELL,ELL,2
187873512,56.0,ACF,1.2684942001669697,0.3647124040838777,0.7751331861828046,123.26517085329316,0.011880105594173,ELL,1.0,0.0,0.0137860219062643,0.023820307,0.0064887083,ELL,47761.0,ELL,ELL,2
187873512,75.0,LS,0.6351885965302757,0.3489960755349992,0.3489904038103994,4.39324122231119,0.0131747813429683,CEP,0.478,0.08,0.0740622872992726,0.44959927,0.27680236,CEP,47770.0,Unconstrained,ELL,2
187873512,82.0,LS,0.7929304857316584,0.0987834693006506,0.0982999085207117,3.9914750186217134,0.011648106155917,CEP,0.458,0.1,0.0694366358632098,0.41080707,0.33039305,CEP,47795.0,Unconstrained,ELL,2
187873512,83.0,LS,0.6328599281572317,0.3837429184858518,0.3837252737735666,4.736939659960626,0.0111008167732506,CEP,0.462,0.08,0.0569062246155901,0.27919182,0.17597818,CEP,47807.0,Unconstrained,ELL,2
187940144,41.0,ACF,1.229181766545025,0.6071275652751188,1.241266449464334,86.92246818130675,0.005344443488866,CEP,0.533,0.0,0.047370877129308,0.023916958,0.01027037,CEP,101459.0,Unconstrained,ELL,2
187940144,41.0,LS,1.230406333703977,0.6498167576690428,0.6497524602356969,4.435408580033254,0.005344443488866,CEP,0.575,0.0,0.0556952996221404,0.007641741,0.0025122638,CEP,101451.0,Unconstrained,ELL,2
187940144,55.0,ACF,2.3958433374082237,0.6400752895306294,1.2876628941599726,86.32810875681776,0.0094506173627451,ELL,1.0,0.0,0.0250160768307102,0.097513355,0.059845205,ELL,101529.0,ELL,ELL,2
187940144,56.0,ACF,2.3842207472807786,0.4755138860351154,0.9244850933398836,265.967543060458,0.0138653081376105,ELL,0.988,0.02,0.0906793052465665,0.07467691,0.068776056,ELL,101536.0,ELL,ELL,2
187940144,75.0,ACF,1.1944329374437077,0.554939635725644,0.8497708272003759,249.4825513153611,0.0115985504817217,CEP,0.472,0.0,0.0560820684354633,0.070099205,0.07751122,CEP,101667.0,Unconstrained,ELL,2
187940144,76.0,ACF,2.388917762960773,0.6736916479124163,1.3300010503625206,254.8823516035667,0.0102409638930112,ELL,0.99,0.02,0.1381672088449354,0.110038966,0.1389505,ELL,101473.0,ELL,ELL,2
187940144,82.0,LS,2.393480590750205,0.0100094095781048,0.0054485708778159,2.725819209630572,0.0094447151059284,ELL,1.0,0.02,0.1381035466597436,0.15977456,0.14075251,ELL,101479.0,ELL,ELL,2
187940144,83.0,ACF,1.1735913226252703,0.574174139830912,0.8869468864285159,248.7174876487298,0.0106669380329549,CEP,0.472,0.04,0.0670035342351431,0.61758816,0.34816018,CEP,101674.0,Unconstrained,ELL,2
187940144,83.0,LS,1.1987866888066574,0.5165068663108757,0.5164261273992531,4.248550405751303,0.0106669380329549,CEP,0.515,0.04,0.0738187618427727,0.63828266,0.37605226,CEP,101669.0,Unconstrained,ELL,2
188109239,56.0,ACF,1.7106175916869688,0.8978367594067342,1.6673368042909584,184.2921167877348,0.1071621291339397,ELL,0.996,0.0,0.0052289960795548,0.0018731657,0.00046898905,ELL,135106.0,ELL,ELL,2
188109239,75.0,ACF,1.712947839369008,0.7923722194085705,1.5095022765796695,192.10684556881935,0.0224951677955687,ELL,1.0,0.0,0.0576215897038601,0.101020336,0.0968819,ELL,135113.0,ELL,ELL,2
188109239,76.0,ACF,1.6990976873039472,0.7926654125807882,1.4892880297170634,177.58581926131308,0.0224675307981669,ELL,0.993,0.0,0.0056850681614207,0.0016216168,0.0005468894,ELL,135122.0,ELL,ELL,2
188109239,82.0,ACF,1.7060197873670404,0.7663911083816649,1.4104666287107492,180.32910483147637,0.0226275133900344,ELL,0.988,0.0,0.0014427751037497,0.00020147004,0.00010898557,ELL,135129.0,ELL,ELL,2
188109239,83.0,ACF,1.7129311510143452,0.7808866879416332,1.4773702789046768,183.37411759148995,0.0248044682666659,ELL,0.991,0.0,0.010823696226336,0.011258717,0.004880126,ELL,135137.0,ELL,ELL,2
188554960,75.0,LS,1.505117841545647,0.0489689164187856,0.0487849202827289,4.292924410619889,0.0071046646917238,ELL,0.9875,0.06,0.2164004149718756,0.24133831,0.15552126,ELL,57088.0,ELL,ELL,2
189172386,66.0,LS,4.790314564276671,0.2187354646456384,0.2153968228668671,4.055798921948735,0.0193526700604707,ELL,0.998,0.02,0.1189815149508527,0.23130009,0.10023023,ELL,47620.0,ELL,ELL,2
189176876,66.0,LS,2.7674800989141453,0.175105101253225,0.1682289375280879,3.9129884193134794,0.0400698371231555,ELL,0.989,0.0,0.0460464982381939,0.07892131,0.037720427,ELL,22161.0,ELL,ELL,2
189182004,66.0,LS,2.7674801513269105,0.0263914463787029,0.0263020892877293,3.854937041443918,0.0812059361487627,ELL,1.0,0.0,0.0059467301939805,0.016108653,0.00370695,ELL,19681.0,ELL,ELL,2
189561605,65.0,ACF,0.4213037283334415,0.8654159554692002,1.7011023640961818,46.04160842673386,0.1159000769257545,ELL,0.973,0.0,0.0329015258004853,0.041410334,0.021454595,ELL,104419.0,ELL,ELL,2
193125744,66.0,LS,4.460174438348027,0.0793562361067868,0.0491882254205897,4.801778607132292,0.0247389357537031,ELL,0.994,0.04,0.2120199886803128,0.2610631,0.17303504,ELL,39073.0,ELL,ELL,2
193392615,56.0,LS,3.872081148295354,0.0455475708919221,0.0453371325661078,4.821179237558681,0.0354239414446055,ELL,1.0,0.0,0.0049406072501262,0.0017616306,0.00029229934,ELL,89987.0,ELL,ELL,2
193392615,75.0,ACF,1.951381277789551,0.733134319157048,1.4639890350004516,417.8799125145536,0.0332142203114926,CEP,0.587,0.0,0.030227828238231,0.28740448,0.14306977,CEP,89994.0,Unconstrained,ELL,2
193392615,75.0,LS,1.9232169883227048,0.8507138242826116,0.8502763057448526,4.629649359252653,0.0332142203114926,CEP,0.572,0.0,0.0501878710447056,0.58704877,0.304021,CEP,89992.0,Unconstrained,ELL,2
193392615,81.0,LS,1.929046397018065,0.7780284346655539,0.7779774596929676,4.395941990092979,0.0342242675833404,CEP,0.569,0.0,0.0469859723747417,0.94453484,0.4107853,CEP,89998.0,Unconstrained,ELL,2
193392615,82.0,ACF,1.93286266993141,0.6799082618145352,1.3726432565756217,407.8065440761238,0.0360836903564631,CEP,0.541,0.0,0.0583547907202142,0.6074791,0.346835,CEP,90007.0,Unconstrained,ELL,2
193392615,82.0,LS,1.9290619741335584,0.8029308551151594,0.8028528226014864,4.55416015848823,0.0360836903564631,CEP,0.57,0.0,0.0367343109367795,0.4185286,0.22973791,CEP,90003.0,Unconstrained,ELL,2
193801688,56.0,LS,3.767431037726535,0.5845472097335473,0.5843247637965989,4.6149402902628935,0.0160964846145361,CEP,0.511,0.08,0.0886823003761178,0.86286306,0.36103067,CEP,122607.0,Unconstrained,ELL,2
193801688,75.0,LS,3.846431643876384,0.5500303884462243,0.5471479321466312,4.757339328440139,0.0145239813718944,CEP,0.517,0.0,0.0568797890291446,1.0098331,0.39110005,CEP,122612.0,Unconstrained,ELL,2
193801688,76.0,LS,7.963795052475607,0.0376050701230103,0.0313354962052093,3.669477861505584,0.0141932896804064,ELL,0.99,0.0,0.0011757550765359,2.784131e-05,6.1603064e-06,ELL,122618.0,ELL,ELL,2
193801688,82.0,LS,4.308240554161026,0.198373670982884,0.1743406015864196,3.931162608594605,0.0130000989884138,CEP,0.432,0.06,0.0912256542864999,0.45650443,0.23882166,CEP,122622.0,Unconstrained,ELL,2
195979113,56.0,LS,3.767154358895493,0.0376686038886405,0.0366582111834687,3.954289959503512,0.1551124174147844,ELL,0.985,0.06,0.1820727179016165,0.36409923,0.19855125,ELL,94408.0,ELL,ELL,2
195979113,75.0,LS,3.742443950884228,0.0556995718904724,0.0539732589816972,4.136494114947709,0.1692625693976879,ELL,0.97675,0.0,0.0935384412955443,0.21181932,0.07415526,ELL,94413.0,ELL,ELL,2
195979113,76.0,ACF,1.8680741886273609,0.8582712725395366,1.6764621884318571,396.2365278537825,0.1660375110805034,CEP,0.53,0.0,0.0607357687034584,0.08125457,0.07816172,CEP,94420.0,Unconstrained,ELL,2
195979113,76.0,LS,1.880322405102516,0.9535921026784004,0.9534756335131142,4.452660588387516,0.1660375110805034,CEP,0.532,0.0,0.0620232214577733,0.34123448,0.2061585,CEP,94417.0,Unconstrained,ELL,2
195979113,82.0,ACF,1.8773233860706569,0.830566866339607,1.6159952510672468,392.6360115741587,0.1579963602125644,CEP,0.536,0.0,0.0359242759147626,0.07467971,0.04288472,CEP,94426.0,Unconstrained,ELL,2
195979113,82.0,LS,1.872996411667749,0.9428020323217148,0.942779183540413,4.3583768207645335,0.1579963602125644,CEP,0.535,0.0,0.0726491183704248,0.20291533,0.12710184,CEP,94423.0,Unconstrained,ELL,2
195979113,83.0,LS,3.7776506808022137,0.0554687883302663,0.0549384113858299,3.961543233421253,0.1803696900606155,ELL,1.0,0.0,0.1213360846299786,0.11493446,0.034427885,ELL,94431.0,ELL,ELL,2
197775739,16.0,LS,1.5118348472998686,0.1033634818439891,0.1033500680304722,3.483272267531902,0.0131752924062311,ELL,0.998,0.02,0.1007271582047265,0.13421202,0.041822013,ELL,65725.0,ELL,ELL,2
197775739,17.0,ACF,1.416643712327641,0.8179394926854034,1.3262723351967476,18.45226945933554,0.0112706806976348,ELL,1.0,0.0,0.0012806248474865,0.008302525,0.0030217094,ELL,65716.0,ELL,ELL,2
197775739,76.0,LS,1.4876859990278588,0.1473913798375122,0.1473884844065346,4.214704546320718,0.0199195812456309,ELL,1.0,0.0,0.0109266692088669,0.010363754,0.0040584486,ELL,65730.0,ELL,ELL,2
197775739,77.0,ACF,1.5046393502416322,0.5243899078553389,0.8781944295338375,161.5876096792722,0.0197196705266833,ELL,1.0,0.0,0.0136702633478656,0.027094487,0.012321187,ELL,65744.0,ELL,ELL,2
197775739,83.0,ACF,1.467607260621662,0.559850692345328,0.0085367868350717,1.6970113032715517,0.0166404980700463,CEP,0.505,0.0,0.055924463341189,0.26790604,0.20302345,CEP,65750.0,Unconstrained,ELL,2
197775739,83.0,LS,1.4842544778191715,0.3199451467470264,0.3199153600863039,4.583279406222573,0.0166404980700463,CEP,0.527,0.0,0.0588584743261325,0.5990475,0.29009983,CEP,65747.0,Unconstrained,ELL,2
198058400,39.0,LS,1.6933528465402818,0.0116012282221603,0.0090608512062364,7.951319805408275,0.0304215983487665,ELL,0.989,0.04,0.1680846512921391,0.1846188,0.1322896,ELL,16143.0,ELL,ELL,2
198058400,66.0,LS,0.8589548412696633,0.3207918843506619,0.3207854302585253,4.422751389611221,0.033812082838267,CEP,0.46,0.02,0.056235632831862,0.3314183,0.23615114,CEP,16156.0,Unconstrained,ELL,2
198063277,66.0,ACF,1.2291705475681738,0.6636771052848841,1.2465287839379418,126.37716679039828,0.0734434137120843,ELL,0.993,0.0,0.0050121452492919,0.0032413548,0.001387672,ELL,30.0,ELL,ELL,2
198267589,66.0,ACF,0.3634270004204154,0.7742994503814453,1.2866947773418094,37.932582633348375,0.029453479219228,ELL,0.982,0.02,0.1460735431212647,0.14274159,0.12882107,ELL,24276.0,ELL,ELL,2
200470927,56.0,LS,1.7871780424668966,0.1126177939676492,0.107425502613337,5.233219730194833,0.0227005244232714,CEP,0.465,0.04,0.0720067663487258,0.3285948,0.2528801,CEP,74586.0,Unconstrained,ELL,2
200470927,57.0,LS,7.189108862474879,0.0368703635711296,0.0356651790100419,4.877013428493228,0.0215104361996054,ELL,0.998,0.0,0.0332251410832219,0.15181994,0.06652033,ELL,74600.0,ELL,ELL,2
200470927,76.0,LS,2.8204067885540947,0.2828332623210581,0.2828216357932625,4.243183950286039,0.0241564353927969,CEP,0.456,0.02,0.069871985802609,0.38359192,0.21046571,CEP,74607.0,Unconstrained,ELL,2
200470927,77.0,LS,3.897425858943391,0.0318638269027799,0.0193127036830526,3.9003914700188034,0.0256269541569054,ELL,1.0,0.0,0.0596177121332243,0.17136796,0.09645936,ELL,74616.0,ELL,ELL,2
200470927,83.0,LS,1.755854076217264,0.25203769511688,0.2513187443370363,4.129032829339849,0.0218229205347597,CEP,0.474,0.02,0.0783068426128904,0.7094656,0.3336218,CEP,74624.0,Unconstrained,ELL,2
200470927,84.0,LS,1.7880035040383924,0.1455740590407455,0.1424973717474031,3.886513183966599,0.0228884839452803,CEP,0.445,0.12,0.0783034201041052,0.68923163,0.37341017,CEP,74633.0,Unconstrained,ELL,2
202456560,66.0,ACF,0.6527807582933747,0.3198022733383505,0.6687669975254436,68.47950958263786,0.0175051053520292,ELL,0.968,0.02,0.1258286135980207,0.08356269,0.095312275,ELL,30285.0,ELL,ELL,2
207043622,71.0,LS,6.354704023931271,0.0665561447145348,0.0625589794844267,3.893791759997839,0.0125269335694611,ELL,0.985,0.04,0.1240268362089431,0.286122,0.10481462,ELL,24167.0,ELL,ELL,2
207043622,72.0,LS,1.2520187487056027,0.1197503159260329,0.1183279752072978,4.696474520944321,0.0097876309882849,CEP,0.496,0.08,0.1156479900387378,0.9029797,0.40727878,CEP,24171.0,Unconstrained,ELL,2
207505006,39.0,ACF,0.6111029240273638,0.708572393948829,1.3222447845032306,22.34865967885679,0.1271294336766004,ELL,0.998,0.0,0.02039481215807,0.0642904,0.032713756,ELL,76585.0,ELL,ELL,2
207505006,65.0,ACF,0.6134425469895177,0.7809832189136586,1.4718716424744005,66.07563336721381,0.1227443292737007,ELL,0.984,0.0,0.0357161479585915,0.022759024,0.010542124,ELL,76715.0,ELL,ELL,2
207505006,66.0,ACF,1.2407254394129268,0.3551737568787345,0.7004852012434681,69.08744945664097,0.2238803170621395,E,0.9989200416108932,0.0,0.0345847560613918,0.04598952,0.025278324,E,76605.0,E,ELL,2
208418807,65.0,ACF,1.726844102193354,0.4435354764229021,0.8687482673128657,221.529200696414,0.0304606114514172,ELL,1.0,0.0,0.0033504626546195,0.018512476,0.0035374286,ELL,117480.0,ELL,ELL,2
210096523,38.0,LS,9.52631765443422,0.0213324405845233,0.0200608947927058,4.14295327846412,0.0434272596612572,ELL,1.0,0.0,0.0112670138013583,0.09491451,0.02068584,ELL,37581.0,ELL,ELL,2
213857363,40.0,LS,9.395996007366344,0.027397398936361,0.0262171612023213,4.12185949978084,0.0142243329901248,ELL,0.98,0.0,0.089574659363014,0.41928637,0.110236704,ELL,53033.0,ELL,ELL,2
213857363,54.0,LS,2.675035030083192,0.2125666941817525,0.2124006769161732,4.166159140439049,0.0104527547955513,CEP,0.506,0.06,0.0861085454528178,0.8614233,0.42253032,CEP,53065.0,Unconstrained,ELL,2
213857363,81.0,LS,2.7163513927952665,0.3096523105329872,0.3091162463328462,4.080820359533391,0.0126402860041707,CEP,0.479,0.08,0.0712100667040833,0.6738582,0.41515344,CEP,53077.0,Unconstrained,ELL,2
215525394,12.0,LS,8.12495888646208,0.1222543895019041,0.0949765114707729,3.814494153376927,0.0247476645745337,ELL,0.981,0.0,0.0810309545790989,0.38677892,0.11234365,ELL,106481.0,ELL,ELL,2
215525394,39.0,LS,4.36409738747159,0.0793582462885106,0.0765660808102461,2.990008712780764,0.0257571483962237,ELL,0.9705,0.12,0.2826192180301969,0.4970096,0.26536924,ELL,106493.0,ELL,ELL,2
215833748,81.0,LS,11.091781927747776,0.0790012947316003,0.0462280777863126,4.124437814698467,0.0106473290361464,ELL,0.99,0.08,0.2356329425186554,0.32845446,0.20584624,ELL,96040.0,ELL,ELL,2
215925702,80.0,ACF,1.3819340620552794,0.5181682294834155,0.9033532671908648,136.1049157736121,0.0180353026371449,ELL,0.8734999999999999,0.12,0.2153894286522689,0.5977442,0.27887672,ELL,15446.0,ELL,ELL,2
217217626,66.0,LS,8.743376737669127,0.0713643244845446,0.0408951265743798,4.227708893100498,0.0263471296057105,ELL,0.981,0.04,0.1128710963887566,0.18446699,0.048996355,ELL,52382.0,ELL,ELL,2
217725064,80.0,ACF,1.053233887037095,0.40274026357109,0.7630041355940229,111.74763045129949,0.0469167716801166,ELL,1.0,0.0,0.0860150429634259,0.21941903,0.11432572,ELL,11184.0,ELL,ELL,2
218395387,80.0,LS,6.610517563427494,0.0993435983349642,0.0955734943007204,4.572258958578459,0.1118377316743135,ELL,0.994,0.0,0.0095163858685952,0.009851958,0.0073115695,ELL,73066.0,ELL,ELL,2
220360314,63.0,LS,6.631982204591851,0.1663081141119199,0.1631888890328152,4.366569756635727,0.0781895779073238,ELL,0.937,0.12,0.2779527269159272,0.68613744,0.24278063,ELL,142806.0,ELL,ELL,2
222455239,80.0,ACF,3.428260500618308,0.5414568771511323,0.8567721398995419,230.7314951551841,0.018877814291045,ELL,0.988,0.0,0.0035150533424117,0.0009214969,0.00029528938,ELL,47961.0,ELL,ELL,2
224836561,66.0,LS,8.896278866186549,0.0242533945404337,0.0236234204847198,3.993425969016244,0.0821472518146038,ELL,0.946,0.12,0.2671124587135538,0.44859076,0.22891867,ELL,52103.0,ELL,ELL,2
225542240,80.0,LS,7.777799725878701,0.1027343718723826,0.0888372842851415,5.200788574325998,0.0168690120335668,ELL,0.9905,0.06,0.1939552154493402,0.28630978,0.15513796,ELL,36523.0,ELL,ELL,2
225670087,80.0,LS,3.074675002032965,0.019441331047632,0.0181802107654434,3.192311088037968,0.0687671592459082,ELL,0.995,0.0,0.1107906566457659,0.19285342,0.07438935,ELL,46902.0,ELL,ELL,2
228247073,66.0,LS,1.800082894893147,0.0490558980539332,0.0482764083850604,4.439714824438852,0.0150524440687149,ELL,0.994,0.04,0.1727777419113932,0.34625983,0.1580719,ELL,10459.0,ELL,ELL,2
229283610,72.0,LS,2.427147610063848,0.0146856064083547,0.014198793355561,4.151768678861117,0.0155248946975916,ELL,0.988,0.02,0.10186519719708,0.07093843,0.08668156,ELL,56819.0,ELL,ELL,2
229331994,12.0,LS,2.429165605943786,0.0875652906058587,0.0794089075071979,5.545548713041626,0.0068607099819928,CEP,0.597,0.08,0.1241990724603046,0.591842,0.19406125,CEP,54140.0,Unconstrained,ELL,2
229331994,39.0,LS,3.097969880778185,0.0532947045854111,0.0479097156573693,4.988785525210915,0.0075430527795106,ELL,0.982,0.12,0.2500359206194182,0.3881122,0.19450484,ELL,54157.0,ELL,ELL,2
229331994,66.0,LS,8.743265078412119,0.0505261411845387,0.0254673762491246,2.775515953093418,0.0098232878372073,ELL,1.0,0.0,0.0294533122076278,0.054393943,0.040577255,ELL,54168.0,ELL,ELL,2
229396120,71.0,LS,10.059693051626178,0.163663115174222,0.0954236921219096,2.3700677922097384,0.0169385888148099,ELL,0.982,0.0,0.0,1.0165861e-05,1.4289709e-06,ELL,1358.0,ELL,ELL,2
229721704,66.0,LS,1.8546322433607625,0.0470781967714096,0.0441588806660716,3.781453993415198,0.054518966935575,ELL,0.993,0.04,0.2085816712944835,0.29821366,0.17347538,ELL,57159.0,ELL,ELL,2
232760631,66.0,LS,2.7201328345292177,0.1159657396386449,0.1003682944232811,4.788528485827555,0.0328106898814439,ELL,1.0,0.0,0.0127843028750104,0.087618396,0.054698467,ELL,43946.0,ELL,ELL,2
233823777,56.0,LS,7.336071301604318,0.0101391303493533,0.0098896694753031,2.682756797323236,0.0289613427594304,ELL,0.991,0.0,0.0106640330082009,0.012384035,0.007869375,ELL,128922.0,ELL,ELL,2
233823777,75.0,LS,3.742453752000295,0.9786620704311988,0.978652793000274,4.437504193556379,0.0280319061130285,CEP,0.853,0.0,0.0753723662889788,0.65996045,0.2945509,CEP,128925.0,CEP,ELL,2
233823777,76.0,LS,7.521261548892478,0.0144192118522862,0.0128495451654897,2.6672346323466627,0.0286558223888278,ELL,0.998,0.0,0.0046580682691433,0.0008575548,0.00014515905,ELL,128929.0,ELL,ELL,2
233823777,82.0,LS,7.602838152056394,0.0145402462244423,0.0135634265468956,2.589670423167263,0.0283022969961166,ELL,0.99,0.0,0.003632960225491,0.00018906675,3.576633e-05,ELL,128933.0,ELL,ELL,2
233823777,83.0,LS,3.777669829799753,0.9843391465394878,0.9842300776161698,4.405467822285573,0.0283547514118254,CEP,0.87,0.0,0.0844599218564639,0.9594365,0.34108204,CEP,128935.0,CEP,ELL,2
234648961,12.0,ACF,1.1458380579705365,0.4901474868996799,0.9828445960432892,13.653636402556238,0.0220497138798236,ELL,0.893,0.12,0.258984157044403,0.7365819,0.18307689,ELL,38190.0,ELL,ELL,2
234648961,39.0,ACF,1.1388890577181885,0.5357770995594281,1.0035257220717564,41.6178108771453,0.0305814202874898,ELL,1.0,0.0,0.0047512524664555,0.0034409156,0.00082163594,ELL,38213.0,ELL,ELL,2
234947719,6.0,LS,2.172930559090923,0.0926333143336489,0.061851457046957,2.9013598576225377,0.0126680475659668,ELL,0.945,0.02,0.1500299983336666,0.5473132,0.15639839,ELL,134325.0,ELL,ELL,2
234947719,33.0,LS,2.4833034660769746,0.12951923264076,0.1287271669561161,4.055640538361331,0.0123492022976279,CEP,0.479,0.04,0.0627110707929628,0.28977463,0.23095751,CEP,134447.0,Unconstrained,ELL,2
236073671,39.0,ACF,0.458333309075897,0.680793557747603,1.1242884747757538,15.603997778225036,0.0768861593678593,ELL,0.8577777777777779,0.04,0.1365820156239585,0.5068746,0.23071025,ELL,146293.0,ELL,ELL,2
236073671,66.0,ACF,0.4560149130199988,0.6385367588657261,1.1814811670395158,44.645767336408966,0.0694687571376562,ELL,0.961,0.02,0.1481756235429623,0.30389825,0.15950166,ELL,146318.0,ELL,ELL,2
236227349,75.0,LS,2.0363364560521,0.2899260504421692,0.28975448933469,4.174734519881895,0.0184247631113976,ELL,0.993,0.08,0.2231941678039869,0.3741723,0.19884467,ELL,82140.0,ELL,ELL,2
236227349,82.0,ACF,2.076389178881527,0.7623072854210307,1.4530051557290138,231.60242404707185,0.0241527636535465,ELL,1.0,0.0,0.0046675046866607,0.003213423,0.0007095926,ELL,82149.0,ELL,ELL,2
236409533,66.0,ACF,1.0208264943812535,0.6764072045465507,1.1305149234010343,108.93688866395688,0.1240237895399332,ELL,0.992,0.0,0.0041277596829272,0.0008140749,0.00023272738,ELL,54398.0,ELL,ELL,2
239090224,59.0,ACF,2.321784351748647,0.2253544016569237,0.0213707583037498,1.4366837744636314,0.0096974533516913,ELL,0.996,0.04,0.1763338027719019,0.17383778,0.13908982,ELL,30567.0,ELL,ELL,2
239090224,73.0,LS,4.330174282742531,0.0239605149897098,0.0234925343871915,3.6221207891139775,0.0108589115552604,ELL,0.998,0.0,0.0804429640002334,0.18941098,0.12751275,ELL,30584.0,ELL,ELL,2
239306860,14.0,LS,2.2326599746938296,0.398567674080732,0.3984756582834183,4.851787388802222,0.0077881396282464,CEP,0.506,0.0,0.0548611192011245,0.12960392,0.08359915,CEP,119155.0,Unconstrained,ELL,2
239306860,15.0,LS,2.2788481768394546,0.2646655539380648,0.2645267018799686,4.280757851134695,0.0070336827775463,CEP,0.56,0.0,0.0742098753536212,0.6797941,0.28764027,CEP,119143.0,Unconstrained,ELL,2
239306860,41.0,LS,3.322065365456409,0.0936743800781553,0.0923729518883691,5.856626548094937,0.0068784586619585,ELL,0.952,0.12,0.279782407595617,0.53754866,0.24926709,ELL,119166.0,ELL,ELL,2
239306860,54.0,LS,2.2996235456604537,0.222872515878332,0.221266261231508,7.826274543760519,0.0085653155110776,CEP,0.495,0.0,0.052309846109504,0.5391803,0.28069162,CEP,119186.0,Unconstrained,ELL,2
239306860,55.0,LS,5.028271354667677,0.0215249241588213,0.0205517649263945,3.641372533751564,0.00697594252415,ELL,0.975,0.12,0.2759348997499229,0.74501836,0.27082017,ELL,119178.0,ELL,ELL,2
239306860,75.0,LS,1.7309035455049864,0.2595442559791194,0.2594102222442222,4.086883811494772,0.0080073461867868,CEP,0.478,0.12,0.0908688813621032,0.71038777,0.38939747,CEP,119191.0,Unconstrained,ELL,2
239306860,81.0,LS,0.9859513847424456,0.1377667084484693,0.1376780314071049,9.94213682501868,0.0087255623657256,CEP,0.462,0.02,0.0910610871887657,0.8476297,0.36199728,CEP,119197.0,Unconstrained,ELL,2
239306860,82.0,LS,2.228390373187925,0.3982220827653256,0.3979330611070077,4.186955889115779,0.0084709277143701,CEP,0.45,0.08,0.0783357287577003,0.48379344,0.34078354,CEP,119205.0,Unconstrained,ELL,2
239489156,74.0,LS,5.1347826192437225,0.0976807534703925,0.0941113402001026,5.651839584283152,0.0307019636966288,ELL,0.998,0.0,0.1181809206259622,0.09868637,0.059964374,ELL,106981.0,ELL,ELL,2
239716245,43.0,LS,10.125370983475552,0.1847837991361924,0.0989445145468361,2.899073884336758,0.032994772773236,ELL,0.975,0.04,0.2072551625412501,0.30695054,0.15729232,ELL,35849.0,ELL,ELL,2
239716245,44.0,LS,8.079311995580461,0.0593060833148345,0.0489033849765254,2.5584788118667348,0.0249910494312644,ELL,0.9405,0.04,0.1856065559186959,0.6419661,0.20649554,ELL,35870.0,ELL,ELL,2
239716245,45.0,LS,5.843494176370724,0.1270583867575189,0.040711769627967,1.889959596683184,0.0396407674998045,ELL,0.987,0.02,0.2073940452375622,0.34638193,0.18654983,ELL,35884.0,ELL,ELL,2
239716245,59.0,LS,7.448994542323151,0.0784279691313335,0.0744278359585748,4.540174665082304,0.0340230856090784,ELL,0.9895,0.02,0.1554784473809794,0.29701734,0.12366246,ELL,35892.0,ELL,ELL,2
239716245,73.0,LS,1.42790693032825,0.1350917188819876,0.1339212129942349,8.981195931959519,0.0262772687710821,CEP,0.443,0.04,0.0712112350686322,0.67391735,0.3649368,CEP,35913.0,Unconstrained,ELL,2
239718749,45.0,LS,3.719639111409101,0.0924870153690541,0.0922248001921391,4.221449641676372,0.0042736349860206,CEP,0.44,0.04,0.0691363406610445,0.12737495,0.087348975,CEP,30428.0,Unconstrained,ELL,2
239718749,59.0,LS,1.439010312778427,0.0341776574818529,0.0336976522662926,3.491507346050639,0.0084297027206048,ELL,0.998,0.06,0.1632677849424068,0.21519469,0.13114591,ELL,30437.0,ELL,ELL,2
244313028,41.0,LS,2.8887276869114507,0.0207962336473117,0.0189394218417602,3.914489642964327,0.0190197583287954,ELL,0.998,0.06,0.2080630183381948,0.31267017,0.19105062,ELL,105821.0,ELL,ELL,2
244313028,54.0,LS,7.282120724276209,0.0404033967410806,0.0206377683176955,3.404330719375139,0.0208622100763022,ELL,0.99,0.0,0.0016951696080333,0.00092014123,0.00030601094,ELL,105854.0,ELL,ELL,2
244313028,55.0,LS,2.381782451392124,0.1285989245181436,0.1266520951569271,4.792062263586558,0.0194522191304713,CEP,0.386,0.12,0.0768483285439572,0.15557541,0.14291498,CEP,105835.0,Unconstrained,ELL,2
244313028,74.0,LS,1.4511338121924484,0.0929849778191894,0.0929418692424722,5.641147003374499,0.0191464240197092,CEP,0.47,0.06,0.1086264498177124,0.37361854,0.20157418,CEP,105862.0,Unconstrained,ELL,2
244313028,81.0,LS,7.829573592698178,0.1507541555595883,0.1501014408283373,4.028848171441496,0.0260638678446412,ELL,0.999,0.02,0.1360874410076109,0.33283445,0.18498349,ELL,105874.0,ELL,ELL,2
244453774,82.0,ACF,0.4027692453737472,0.8119788505474927,1.6164208639420783,43.26146931967256,0.0587141700088977,ELL,0.98,0.0,0.0345600925924685,0.04175925,0.017329752,ELL,115931.0,ELL,ELL,2
245590627,58.0,ACF,2.210665792194959,0.8190350771977443,1.620632358675102,234.86748757515943,0.0443169102072715,ELL,0.988,0.0,0.0035779323638101,0.0005810178,0.00032669914,ELL,9719.0,ELL,ELL,2
245620961,58.0,LS,7.293564423956274,0.206516257552407,0.1947219396088808,8.388510404591216,0.0617862679064273,ELL,0.987,0.06,0.228556338787617,0.4560057,0.20778234,ELL,6258.0,ELL,ELL,2
245809446,12.0,LS,2.3357454499069896,0.0377444470934396,0.0308013089986305,3.521307836725555,0.0198027910664677,ELL,0.998,0.02,0.0891936970867336,0.12294878,0.06711022,ELL,63937.0,ELL,ELL,2
246016071,66.0,LS,1.7589481535685043,0.0408611188952077,0.0397909052484389,4.076065792971349,0.0108847965020686,ELL,1.0,0.0,0.0256355222299059,0.039681803,0.016240047,ELL,75007.0,ELL,ELL,2
246226383,12.0,LS,6.387085088411392,0.0800971569733947,0.0723918120482405,4.370467403512521,0.0053103122627362,ELL,0.9455,0.08,0.2373126418882904,0.7590605,0.23393007,ELL,45674.0,ELL,ELL,2
246226383,66.0,LS,3.1291241970547365,0.1380723393826968,0.1373834783447868,4.22184674887103,0.0064459774876013,CEP,0.424,0.12,0.105526823130425,0.5451289,0.31108007,CEP,45680.0,Unconstrained,ELL,2
246876702,66.0,LS,8.550685866024585,0.186026745668332,0.1673347875201793,4.630410800371465,0.0833849236369133,ELL,0.98875,0.06,0.1893556307586336,0.24704413,0.13553023,ELL,42722.0,ELL,ELL,2
250722653,18.0,ACF,1.3333319662633585,0.6502269836846732,1.2559676730326077,15.341951840397677,0.0783581752330064,ELL,0.984,0.02,0.0783715152335336,0.53509104,0.1604191,ELL,33688.0,ELL,ELL,2
250722653,58.0,ACF,1.331018966152442,0.8481672238255868,1.6169717655803493,142.02458017721955,0.0916540250182151,ELL,0.99,0.0,0.0492778083928252,0.012870477,0.010811803,ELL,33793.0,ELL,ELL,2
251230392,58.0,ACF,1.8588178627442176,0.9043743620359252,1.557719265767214,208.2789733729592,0.1119801681488752,ELL,1.0,0.0,0.0452574645776804,0.10871296,0.046112653,ELL,13637.0,ELL,ELL,2
251230392,58.0,LS,1.8475536485037984,0.236708644777741,0.2366971505859208,4.68567146082205,0.1119801681488752,ELL,1.0,0.0,0.0134722863686903,0.058405515,0.033388972,ELL,13635.0,ELL,ELL,2
251304698,59.0,LS,11.287614756848308,0.4204098933288718,0.0619376062221669,1.117806541842583,0.0934316217899322,ELL,0.979,0.02,0.130852235747044,0.48890555,0.14602546,ELL,4820.0,ELL,ELL,2
251457030,58.0,LS,1.5747539856795625,0.0759932842085318,0.0759815555724285,6.506993790480919,0.1862590946257114,ELL,0.9455,0.04,0.1957667414983217,0.30965742,0.16226678,ELL,8981.0,ELL,ELL,2
251457030,59.0,ACF,1.5647782128071412,0.7346942302532841,1.3237793797183537,169.71337497534944,0.2242648601531982,ELL,1.0,0.0,0.0333013513239327,0.062388677,0.026787797,ELL,8994.0,ELL,ELL,2
251459541,58.0,LS,1.3197933835932372,0.1686672736930564,0.1686346132246075,4.686775317477441,0.0120709685143083,CEP,0.498,0.0,0.0508944004778521,0.16055146,0.103839025,CEP,14123.0,Unconstrained,ELL,2
251459541,59.0,LS,8.862226761172808,0.0593189078927166,0.0367679747273719,3.5212366820924217,0.013321692822501,ELL,0.921,0.02,0.1435080355213349,0.5558563,0.27537486,ELL,14138.0,ELL,ELL,2
252272089,59.0,ACF,1.879627634887584,0.7405862838406286,1.353133754379989,201.3337669475054,0.0340439076535403,ELL,1.0,0.02,0.0975791000104896,0.12696165,0.12077096,ELL,9429.0,ELL,ELL,2
252272089,73.0,ACF,1.8796015466632523,0.6529360538506704,1.0175397065885785,204.6086656659221,0.021223749499768,ELL,1.0,0.02,0.1712009158854005,0.17400108,0.12087961,ELL,9435.0,ELL,ELL,2
252272089,73.0,LS,1.8643621019667935,0.2484733387743815,0.2482289983857653,4.857646185584599,0.021223749499768,ELL,1.0,0.06,0.182540739562433,0.20266482,0.12778702,ELL,9433.0,ELL,ELL,2
253177102,38.0,LS,11.116799230941671,0.0177055760191119,0.0060735314944578,2.6361466263933835,0.0569857424125075,ELL,0.9845,0.04,0.1666060034932715,0.46346444,0.13624199,ELL,97067.0,ELL,ELL,2
253177684,64.0,LS,6.728121742630604,0.1253400417990389,0.0814812389568666,5.261208035240998,0.1667798124253749,ELL,0.966,0.08,0.2067600302628284,0.7698466,0.26265103,ELL,118685.0,ELL,ELL,2
253190486,65.0,ACF,2.777736813914089,0.7148853726765718,0.971901476650566,63.16014548719113,0.0562627566978335,ELL,0.99,0.12,0.3079130370737816,0.6969713,0.31730184,ELL,122062.0,ELL,ELL,2
253253079,64.0,ACF,2.2454104500138783,0.3851861674640399,0.6977005030893954,189.87197731747403,0.0086793396621942,ELL,0.988,0.06,0.1819231881866629,0.1802866,0.16280112,ELL,114024.0,ELL,ELL,2
253253079,65.0,ACF,2.2337633540837487,0.3915057062454315,0.6993198675442932,192.62953956095748,0.0084579561371356,ELL,0.988,0.0,0.0564573325618559,0.057059616,0.028510112,ELL,114033.0,ELL,ELL,2
256185679,56.0,LS,2.534473255902867,0.3433747524451384,0.3427713494755186,4.815116173813294,0.0038374064024537,CEP,0.52,0.0,0.0502649142046417,0.054703288,0.03536805,CEP,133752.0,Unconstrained,ELL,2
256185679,75.0,LS,2.346968673402241,0.3000737901403836,0.2998400446931226,4.499645758249244,0.0037696931394748,CEP,0.517,0.02,0.0606433376390185,0.55008507,0.2720667,CEP,133757.0,Unconstrained,ELL,2
256185679,76.0,ACF,2.36808417828388,0.5779887821579717,1.080901213331248,499.9576266082576,0.0050748436478897,CEP,0.458,0.0,0.0588185548955429,0.03720186,0.01900317,CEP,133767.0,Unconstrained,ELL,2
256185679,76.0,LS,1.1188721683089922,0.1379647353977473,0.1379183586844766,4.348637126589892,0.0050748436478897,CEP,0.474,0.0,0.054305226267828,0.08040301,0.058540344,CEP,133760.0,Unconstrained,ELL,2
256185679,81.0,LS,2.464893389685038,0.514303145880356,0.510404971291952,5.251271443059522,0.0051262439228594,CEP,0.457,0.0,0.0396052723762884,0.019950649,0.019049857,CEP,133771.0,Unconstrained,ELL,2
256185679,82.0,ACF,2.4305556519720994,0.6794898345295762,1.2561930208110688,474.1479671749994,0.0048518224502913,CEP,0.457,0.0,0.0431189053664398,0.017122034,0.012944236,CEP,133780.0,Unconstrained,ELL,2
256185679,82.0,LS,2.4855339370760867,0.5785901510102898,0.5781819734646034,5.401748090469482,0.0048518224502913,CEP,0.454,0.0,0.0139048768423168,0.0059736245,0.004703586,CEP,133777.0,Unconstrained,ELL,2
256185679,83.0,LS,7.792115364626682,0.0250732196733958,0.0085496740349577,4.684394895350124,0.0049302913248538,ELL,0.99,0.0,0.0897542444678801,0.06715456,0.025525838,ELL,133786.0,ELL,ELL,2
256415412,58.0,LS,1.9753499475952725,0.5338125889839087,0.5338083571066444,4.463558697178087,0.0245573720894753,CEP,0.479,0.02,0.0952483994616182,0.76855874,0.34480685,CEP,40449.0,Unconstrained,ELL,2
256415412,78.0,LS,3.835089668316299,0.0160521881579553,0.0141855147218488,2.943444059226749,0.0276351510547101,ELL,1.0,0.0,0.0257635401294154,0.039640293,0.01799482,ELL,40456.0,ELL,ELL,2
256421798,58.0,ACF,2.004618206712621,0.8626905630814169,1.6313285217665778,217.91614208343867,0.0994395464658737,ELL,0.998,0.0,0.0318685801378097,0.08996963,0.033893332,ELL,39035.0,ELL,ELL,2
256421798,58.0,LS,2.001801927572456,0.0933567974108277,0.0932105939481843,4.206916960505623,0.0994395464658737,ELL,0.998,0.02,0.1022252336754482,0.16334175,0.07082372,ELL,39033.0,ELL,ELL,2
257065501,6.0,LS,3.5047498526286383,0.0778541833482412,0.0153731510384339,1.5946510223770929,0.1582655496895313,CEP,0.547,0.04,0.0975869171559384,0.251535,0.055303082,CEP,22918.0,Unconstrained,ELL,2
257065501,33.0,LS,0.7018078824367168,0.1134012175698786,0.1133856228267454,3.9333853774787713,0.0985610950738191,ELL,0.96475,0.04,0.1675484737267044,0.45654464,0.19719996,ELL,22935.0,ELL,ELL,2
259425832,56.0,LS,0.5931797770891499,0.3036935798359313,0.3036933209760195,4.602137099540414,0.0087376305600628,CEP,0.455,0.1,0.0456153658321403,0.21805272,0.18549469,CEP,24938.0,Unconstrained,ELL,2
259425832,75.0,ACF,1.1828450548582623,0.2815950422919492,0.0117022578410068,1.8670762018612663,0.0093078007921576,ELL,1.0,0.0,0.096363883794708,0.07724758,0.027591199,ELL,24818.0,ELL,ELL,2
259425832,76.0,ACF,1.182873364981333,0.2710195762513919,0.5272544444000347,124.91884232533864,0.0098054599948227,ELL,1.0,0.0,0.0136166405548505,0.016087893,0.009420969,ELL,24986.0,ELL,ELL,2
259425832,82.0,ACF,1.1805703259005895,0.2661903489982559,0.0083021930929647,1.795501326256101,0.0097406830172985,ELL,0.994,0.1,0.2886069479413134,0.387944,0.26979706,ELL,24849.0,ELL,ELL,2
259425832,83.0,ACF,1.185174857499078,0.3054207685560503,0.0150481972319487,3.0558747907889483,0.0094898778479546,ELL,1.0,0.0,0.038784611639154,0.11419215,0.06538005,ELL,24879.0,ELL,ELL,2
260226232,59.0,LS,1.5466200032601247,0.0820661234365747,0.0820206968283471,6.1357798479402845,0.0172432221006602,ELL,0.988,0.06,0.1596467149677687,0.15616757,0.13471119,ELL,36160.0,ELL,ELL,2
260522006,76.0,ACF,2.495341297486448,0.6120332312725654,1.0418032257079963,290.13613329554994,0.0190140353515744,ELL,1.0,0.0,0.0325358018189194,0.071063824,0.032891113,ELL,84060.0,ELL,ELL,2
260522006,76.0,LS,2.507044885817617,0.2864160877715191,0.2862367852277022,4.444721480420412,0.0190140353515744,ELL,1.0,0.0,0.0035561777233428,0.013918169,0.0043378463,ELL,84058.0,ELL,ELL,2
260522006,77.0,ACF,2.513909680174038,0.4707618006056942,0.6731545076377599,275.8069171335867,0.0192801957018673,ELL,1.0,0.02,0.1211705392930617,0.22427094,0.14256406,ELL,84069.0,ELL,ELL,2
260522006,77.0,LS,2.50548564658,0.239253561925476,0.2384488587457373,3.6203774407113087,0.0192801957018673,ELL,1.0,0.0,0.0337904853472098,0.0990033,0.04364451,ELL,84067.0,ELL,ELL,2
260788614,59.0,ACF,1.3263890822126996,0.5345412413645035,0.947443706306,145.04344105444517,0.0939106941223144,ELL,1.0,0.0,0.0381107124047819,0.067184575,0.021251516,ELL,11518.0,ELL,ELL,2
262850237,65.0,LS,1.821698254999366,0.0510122987927478,0.0496956795865305,5.99181640497045,0.0433731684461236,ELL,0.996,0.04,0.149769123653709,0.2780917,0.15210165,ELL,110714.0,ELL,ELL,2
263813769,71.0,LS,8.623402037559831,0.1405238565502582,0.1401950184324071,3.776269634090568,0.089367851614952,ELL,1.0,0.0,0.0418517012796373,0.2174765,0.12356504,ELL,16620.0,ELL,ELL,2
264729815,58.0,ACF,1.1805595158239155,0.8923323731688451,1.7236958509091382,126.94024109560752,0.0394599372521042,ELL,1.0,0.0,0.0036862040095469,0.010256919,0.005021293,ELL,19874.0,ELL,ELL,2
264998628,58.0,ACF,1.3240865062743978,0.7669981768246079,1.1527708103803094,139.07741110151903,0.1522884983569383,ELL,1.0,0.0,0.0045114964257993,0.0040757437,0.0014240763,ELL,13792.0,ELL,ELL,2
265090350,58.0,ACF,2.3310404057347114,0.236004387658691,0.0098313983098169,2.1978939233057417,0.0067021162249147,ELL,0.988,0.08,0.2770965903796003,0.46796104,0.2568165,ELL,95296.0,ELL,ELL,2
265297024,58.0,ACF,3.0162326312574805,0.7301854461638838,1.3337444951001671,60.73563873025228,0.0317147281020879,ELL,1.0,0.02,0.116066991000887,0.18441719,0.06509846,ELL,15952.0,ELL,ELL,2
266147165,59.0,ACF,0.9999850583262742,0.4260103102242477,0.8181937770073733,109.2543264302778,0.0134354748297482,ELL,1.0,0.02,0.1273716828812432,0.10235234,0.1297822,ELL,26271.0,ELL,ELL,2
266265296,39.0,ACF,2.0555728140680003,0.8231504227803645,1.573544331856919,72.814251591367,0.2266557700932026,ELL,0.9103333333333332,0.12,0.2792631424552021,0.59665203,0.25532973,ELL,31128.0,ELL,ELL,2
266687231,56.0,ACF,2.0532280203215123,0.8375722705505178,1.55810465316194,216.48149620364097,0.0485475547611713,ELL,1.0,0.0,0.0355248420123158,0.07523968,0.02107462,ELL,85566.0,ELL,ELL,2
266687231,56.0,LS,2.049959597944502,0.0401209179381213,0.0400406194812011,4.756781309886719,0.0485475547611713,ELL,1.0,0.0,0.0755026629729044,0.3077277,0.16589572,ELL,85564.0,ELL,ELL,2
266687231,76.0,ACF,2.0601899864095685,0.8647512461491496,1.615308654817199,219.1717308419711,0.0510206306353211,ELL,0.988,0.0,0.0060297926995876,0.0040237308,0.0025203323,ELL,85571.0,ELL,ELL,2
266687231,76.0,LS,2.0512450826012096,0.0707808160571607,0.0707142386600498,4.597639376901498,0.0510206306353211,ELL,0.988,0.0,0.0038107217164206,0.0006512652,0.00018968985,ELL,85569.0,ELL,ELL,2
266687231,82.0,ACF,2.0602151056755247,0.8439276028014144,1.6092090266409804,217.7332539023041,0.053772535175085,ELL,1.0,0.02,0.0755167901860241,0.039223216,0.040981796,ELL,85674.0,ELL,ELL,2
266687231,83.0,ACF,2.0601670263522465,0.8727211866689122,1.6381316611944805,225.60887598984243,0.0667685689404606,ELL,1.0,0.0,0.0032225610932921,0.021121033,0.0069599412,ELL,85679.0,ELL,ELL,2
266773928,59.0,LS,10.50332862213376,0.0186825920760478,0.0126728152375887,2.2763978541333927,0.0168872356880456,ELL,1.0,0.0,0.0380046431373852,0.06460918,0.027144758,ELL,28547.0,ELL,ELL,2
267422136,59.0,LS,3.406489006385001,0.0248300379278095,0.0246639907300846,4.672316893625975,0.0507511431351304,ELL,1.0,0.0,0.0281544401471597,0.046798985,0.015357674,ELL,21787.0,ELL,ELL,2
269423650,57.0,LS,1.8432571729472207,0.0499903910749308,0.0495490692722855,8.385614473609166,0.0624593999236822,ELL,0.98,0.04,0.1756319162339237,0.30742157,0.16077134,ELL,82731.0,ELL,ELL,2
269423650,58.0,LS,0.905709818845676,0.2918976095585145,0.291807680592786,4.650471842331172,0.0389199960045516,CEP,0.494,0.1,0.1049731394214729,0.74791676,0.34827048,CEP,82736.0,Unconstrained,ELL,2
269423650,77.0,LS,3.1178676380148604,0.0759508913620358,0.0731502068103252,3.032209261960816,0.055120843462646,ELL,1.0,0.0,0.0915791329943672,0.13160601,0.08505784,ELL,82750.0,ELL,ELL,2
269423650,78.0,LS,1.667452217904323,0.4626555778864352,0.4624770110267711,4.831852550323674,0.0412564678117632,CEP,0.514,0.0,0.0600002799993466,0.7539556,0.369785,CEP,82757.0,Unconstrained,ELL,2
269423650,84.0,LS,1.9505960597940213,0.4173979092930103,0.4171029192840852,4.843444509329856,0.0682507175952196,CEP,0.581,0.12,0.1989379963707285,0.5711568,0.2143806,CEP,82764.0,Unconstrained,ELL,2
269520323,78.0,LS,2.130629394979008,0.1974010535597362,0.197135805587798,4.695573109856923,0.0242889579385519,ELL,0.976,0.1,0.2444095611877735,0.44451728,0.22375953,ELL,93262.0,ELL,ELL,2
269808879,84.0,LS,11.703586092143352,0.0565526085152129,0.0206347735561309,1.7726190485154802,0.0631594704464078,ELL,0.9115,0.02,0.1340264408355064,0.51672536,0.24057943,ELL,81755.0,ELL,ELL,2
269928062,57.0,LS,0.5683237651913964,0.4219858612850166,0.4219461695100512,4.124487132176,0.0510886684060096,CEP,0.44,0.08,0.0532360779922788,0.2233572,0.17198153,CEP,59723.0,Unconstrained,ELL,2
269928062,58.0,LS,0.3012476745724961,0.2500899181690133,0.2500891894819934,4.596070294963283,0.053463689982891,CEP,0.434,0.1,0.0551352663909407,0.32527447,0.25117576,CEP,59537.0,Unconstrained,ELL,2
269928062,78.0,LS,0.7375252255093515,0.1050299599386162,0.1044172440925553,4.486900430238165,0.046886526979506,CEP,0.458,0.02,0.0704219170429206,0.23152061,0.17761533,CEP,59554.0,Unconstrained,ELL,2
269928062,84.0,LS,1.1291930977832287,0.0147437534069888,0.0145749297470001,3.697195608529,0.0491965329274535,ELL,0.99475,0.1,0.2299432425969504,0.46489817,0.23253813,ELL,59737.0,ELL,ELL,2
270825250,58.0,ACF,2.905036591264434,0.0751284240728943,0.0028902892891178,1.4214458616002048,0.010650404728949,ELL,0.994,0.08,0.2058362030839084,0.39978203,0.2047543,ELL,50153.0,ELL,ELL,2
271443727,57.0,LS,4.357151193292158,0.125060216872532,0.1243533277774967,4.118150389913353,0.1283072493970394,ELL,0.99,0.12,0.2672315071244406,0.33996606,0.19857499,ELL,49196.0,ELL,ELL,2
271443727,58.0,LS,4.330430313319552,0.0448677521915036,0.0448120540895102,5.153875242238428,0.1209622528403997,ELL,0.994,0.02,0.1514794045406833,0.1831539,0.13145332,ELL,49199.0,ELL,ELL,2
271443727,77.0,LS,2.227042506441079,0.9046092716850636,0.9042804815352762,3.9917202486249153,0.1205604057759046,CEP,0.56,0.0,0.1015279193128668,0.63383484,0.30770394,CEP,49204.0,Unconstrained,ELL,2
271443727,78.0,LS,4.511243131454486,0.0469931520241963,0.0432372256420933,4.692323552524613,0.1291708182543516,ELL,0.996,0.0,0.0204667144407694,0.03642696,0.012807442,ELL,49211.0,ELL,ELL,2
271443727,84.0,ACF,2.187513718868104,0.7437945541906135,1.4895705342165857,466.5230224345453,0.1307349093258381,CEP,0.556,0.02,0.095944183773692,0.6000718,0.26663923,CEP,49215.0,Unconstrained,ELL,2
271610589,38.0,ACF,0.2500043648888095,0.8314356536033296,1.4728084276194289,16.03574338069589,0.0347520061768591,RR,0.698,0.1,0.1947527211619904,0.98694587,0.33981445,RR,79029.0,Unconstrained,ELL,2
271610589,38.0,LS,0.2488908826195028,0.6101402701197332,0.6101398374515206,4.148237035657076,0.0347520061768591,RR,0.69,0.06,0.1778328608553548,0.7586289,0.34400544,RR,79022.0,Unconstrained,ELL,2
271610589,39.0,ACF,0.499990820466337,0.6676477952604428,1.3123634317511064,15.73152713791675,0.0374224921688437,ELL,0.8628888888888889,0.12,0.1722883760825085,0.63790685,0.30512065,ELL,79048.0,ELL,ELL,2
271759706,57.0,LS,5.991092040293416,0.4809539611314583,0.474065248516016,4.366166867308493,0.0147260003723204,CEP,0.43,0.0,0.0198967334002343,0.00015838741,5.47756e-05,CEP,65821.0,Unconstrained,ELL,2
271759706,77.0,LS,6.100151292543177,0.1354158565661537,0.1241282583826321,3.724056254588504,0.0114503817167133,ELL,0.981,0.04,0.186784727427057,0.23566559,0.16461962,ELL,65830.0,ELL,ELL,2
272221847,57.0,LS,0.1709705353330445,0.50784901605925,0.5078473289206866,4.341588872128341,0.0409078923985362,DST,0.961,0.0,0.0303031087514135,0.31617987,0.18599229,DST,118213.0,DST,ELL,2
272221847,58.0,ACF,0.3425865053359302,0.3722339069820851,0.9806729402226124,36.003734069931625,0.045720930211246,ELL,0.888,0.0,0.1591141275940009,0.27106762,0.16100658,ELL,118241.0,ELL,ELL,2
272221847,77.0,ACF,1.7059861256921067,0.2947604106680817,0.6543625951769656,41.94647596401967,0.0644422648474574,ELL,0.984,0.02,0.1274778898476124,0.33260894,0.1119055,ELL,118273.0,ELL,ELL,2
272221847,78.0,LS,0.170829781944011,0.4334268962487505,0.4334267226582749,4.530648750369437,0.045078438706696,DST,0.898,0.0,0.0383117527659594,0.006256882,0.0043091876,DST,118275.0,DST,ELL,2
272221847,84.0,ACF,0.3425952924317244,0.3598703475636585,0.8726864667539502,36.10167341069045,0.0402694009244442,ELL,0.947,0.04,0.1931921323449793,0.24837187,0.16615157,ELL,118309.0,ELL,ELL,2
272624481,57.0,LS,0.6197688152709175,0.2387329956045118,0.2387013696506968,4.913330029852659,0.0197999947704374,CEP,0.446,0.08,0.0640085119339607,0.4342378,0.30395362,CEP,43118.0,Unconstrained,ELL,2
272624481,58.0,LS,0.9827954408809516,0.2071577550163686,0.2071301588566647,4.550150504699559,0.012191025307402,CEP,0.461,0.06,0.0781891961846392,0.4225896,0.27811825,CEP,43134.0,Unconstrained,ELL,2
272624481,77.0,LS,0.981142124211397,0.1697311990449191,0.1696807954545114,3.5374485421525605,0.0111673050560057,CEP,0.46,0.0,0.0580703573262641,0.26921457,0.1930481,CEP,43148.0,Unconstrained,ELL,2
272624481,78.0,ACF,1.1944620323556592,0.6181022049895866,0.935486526902932,131.66586681271514,0.030865769367665,ELL,0.907,0.08,0.1927798700485047,0.72405183,0.2793035,ELL,43166.0,ELL,ELL,2
272625912,17.0,ACF,0.6041722518089045,0.7897363877603749,1.531533455185769,7.448584172340155,0.0566824758425354,ELL,0.998,0.0,0.0128887947314568,0.03496644,0.011103148,ELL,58517.0,ELL,ELL,2
272625912,18.0,ACF,0.6041570905740627,0.7887517881350755,1.5155793663892911,7.516752661930568,0.0563212530687451,ELL,0.997875,0.02,0.1330722074943051,0.18422756,0.1304364,ELL,58616.0,ELL,ELL,2
272625912,24.0,ACF,0.6041696353580619,0.751277919522533,1.447250340771022,7.447612524680636,0.0592686235904693,ELL,0.8627777777777779,0.12,0.1568079338241662,0.65600985,0.22747275,ELL,58503.0,ELL,ELL,2
272625912,57.0,ACF,0.6064877941880695,0.8151600836142826,1.6227246033195215,67.08315973268799,0.0547071592882275,ELL,0.986,0.02,0.1161752900633189,0.2295514,0.13930242,ELL,58625.0,ELL,ELL,2
272625912,58.0,ACF,0.606471498413157,0.8527799050508312,1.7107565068315045,67.67507999049297,0.0510329799726605,ELL,0.991875,0.02,0.1036692603262878,0.29351923,0.14998466,ELL,58526.0,ELL,ELL,2
272625912,77.0,ACF,0.60646929496761,0.8166799277654506,1.6044109322286966,66.49240120155756,0.0504591083154082,ELL,0.992,0.0,0.026811304052582,0.032476477,0.010463547,ELL,58639.0,ELL,ELL,2
272625912,78.0,ACF,0.6064901676518275,0.8114954182429068,1.622552840562216,66.67447461524645,0.0534167466685175,ELL,0.998,0.0,0.0860568305999078,0.10784646,0.070472494,ELL,58606.0,ELL,ELL,2
272625912,84.0,ACF,0.6064869930651184,0.8153037868776382,1.62970092051384,65.9617483696426,0.0527336681261658,ELL,0.99,0.0,0.0786069543934399,0.20242213,0.14551644,ELL,58541.0,ELL,ELL,2
272629752,57.0,LS,2.025162376457731,0.2746298234790716,0.2740478026449771,4.314183580881945,0.0745675573125481,CEP,0.491,0.12,0.0943281166991051,0.79126775,0.42119426,CEP,22085.0,Unconstrained,ELL,2
272629752,58.0,LS,1.9796343760633603,0.0722759849512779,0.0718260104280798,4.688885597770423,0.1374321710318327,CEP,0.447,0.12,0.0818973113111779,0.6992414,0.3622509,CEP,22089.0,Unconstrained,ELL,2
272629752,78.0,LS,4.0363572052180965,0.1003164367675816,0.0759806758583692,5.436197895374789,0.0711622927337884,ELL,1.0,0.0,0.0383931556400356,0.08943358,0.021986213,ELL,22111.0,ELL,ELL,2
272629752,84.0,LS,1.980617558506381,0.2571839159216654,0.2568892796557236,4.360888197679742,0.0861944444477558,CEP,0.495,0.04,0.0826594846342511,0.73965454,0.37536693,CEP,22115.0,Unconstrained,ELL,2
272732675,57.0,ACF,1.361126237157805,0.4477191710805307,0.9347989624523154,162.13334367773604,0.0988559611141681,ELL,0.995,0.0,0.0537717546672972,0.023686435,0.01427219,ELL,70516.0,ELL,ELL,2
272732675,58.0,ACF,1.3703490542684449,0.4838412577827342,0.89182626109704,152.0067397425649,0.0875634048134088,ELL,0.99,0.12,0.2261172695748823,0.30079833,0.15447621,ELL,70527.0,ELL,ELL,2
272732675,78.0,LS,1.3456559847963556,0.0272571781068411,0.0254122767153103,3.068607076947956,0.0686163827776908,ELL,0.972,0.04,0.1728354431243777,0.35869378,0.1307651,ELL,70544.0,ELL,ELL,2
272833087,58.0,LS,2.3487107140859123,0.1366093624723099,0.1363738727886006,4.385063841280498,0.0170549226459115,CEP,0.487,0.12,0.1136228779779847,1.051405,0.37416482,CEP,31005.0,Unconstrained,ELL,2
272833087,77.0,LS,1.1991746734475055,0.1663711768307338,0.1663172334119706,3.8556047033853247,0.0177414598874747,CEP,0.475,0.04,0.0701809774796561,0.24737734,0.21261245,CEP,31437.0,Unconstrained,ELL,2
272833087,78.0,LS,4.511918681302818,0.1157003724663645,0.1119756384931933,4.695962785375741,0.0157959933858364,ELL,0.988,0.04,0.1899685542399057,0.1965799,0.16950926,ELL,31016.0,ELL,ELL,2
272833087,84.0,LS,1.4304431163950044,0.2941919194197812,0.2940724303418742,4.187262436294986,0.0203786138445138,CEP,0.47,0.0,0.0537893521061557,0.26966926,0.1619747,CEP,31446.0,Unconstrained,ELL,2
272923356,57.0,LS,2.0249962744631222,0.0986503131909783,0.097197360624184,7.1056491264935175,0.0708394357934594,E,0.992,0.12,0.2902298864275932,0.3442311,0.24379365,E,67385.0,E,ELL,2
272923356,58.0,LS,4.778415039872693,0.3207210322484715,0.3183324278998039,4.168048330240708,0.020598848350346,CEP,0.459,0.08,0.0878990329867172,0.5512718,0.3168125,CEP,67395.0,Unconstrained,ELL,2
272923356,77.0,LS,11.69194716579663,0.243427195417338,0.1204005929607727,2.312598023199825,0.0796321686357259,ELL,0.982,0.0,0.0201565969349987,0.03843467,0.024055932,ELL,67402.0,ELL,ELL,2
272923356,84.0,LS,9.903073089187204,0.0557956905879552,0.0421569543252634,3.2713116826562327,0.0239286897704005,ELL,1.0,0.0,0.006590174504518,0.026202355,0.0049222824,ELL,67424.0,ELL,ELL,2
272924271,58.0,LS,8.660879303076426,0.0224906697923729,0.0180810910224267,3.280853621174174,0.0238047330640256,ELL,0.984,0.04,0.1929115279085207,0.17903036,0.16522492,ELL,71670.0,ELL,ELL,2
273060351,56.0,ACF,2.6758926593029173,0.668578368856408,1.0632550808458374,180.54554971596144,0.0242726295255124,ELL,0.988,0.0,0.0435563129752737,0.03799995,0.03889386,ELL,75202.0,ELL,ELL,2
273060351,75.0,ACF,2.722176009454415,0.7022357581733208,1.081645370843724,197.6531216989804,0.025769155472517,E,0.998809440649122,0.0,0.0254982186791395,0.00814188,0.0022553036,E,75208.0,E,ELL,2
273060351,76.0,LS,1.3814593832709383,0.4831371857422818,0.4830987378750843,5.34491222016004,0.0249696732498705,ELL,1.0,0.02,0.1126476701933954,0.11167027,0.115310796,ELL,75210.0,ELL,ELL,2
273060351,82.0,LS,1.3897716779934686,0.3572418345912075,0.3572347020118695,3.835490325545834,0.0265272543765604,CEP,0.47,0.0,0.0315671728224115,0.07004579,0.081120916,CEP,75216.0,Unconstrained,ELL,2
273060351,83.0,LS,1.3852681787262655,0.244586003017571,0.2445362350222997,3.814673780292651,0.0297319516539573,ELL,0.998,0.04,0.186280837447119,0.17048281,0.18209612,ELL,75223.0,ELL,ELL,2
273291038,75.0,ACF,1.2407191783458984,0.7875713708079836,1.5342561976577138,128.98506961579824,0.0485808448866009,ELL,0.99,0.0,0.0038824734384152,0.0018154079,0.00079362816,ELL,96927.0,ELL,ELL,2
273291038,76.0,ACF,1.2523250390718204,0.8425639284932553,1.6477681901575143,131.99060629748584,0.053861835040152,ELL,0.988,0.04,0.1500397227403463,0.122226655,0.13139978,ELL,96936.0,ELL,ELL,2
273291038,82.0,ACF,1.2569553662901851,0.2362612654400766,0.0158701632689428,2.632891680513012,0.0234563369303941,ELL,1.0,0.0,0.074209382829936,0.15078604,0.06307842,ELL,97176.0,ELL,ELL,2
273291038,83.0,ACF,1.2823897833714,0.1898644742248706,0.4028824601316926,134.37736453988646,0.0248698703944683,ELL,1.0,0.0,0.0254512789462533,0.04697174,0.016745698,ELL,96968.0,ELL,ELL,2
273668703,75.0,LS,7.287872689383364,0.0153180578445274,0.015082743811999,3.053650689940696,0.0395073601976037,ELL,0.995,0.0,0.0043678827823099,0.001422055,0.00030575978,ELL,100596.0,ELL,ELL,2
273668703,82.0,LS,3.916638291770222,0.758477892289587,0.7580980854941605,4.276102524421731,0.0398678611963987,CEP,0.563,0.0,0.0749047395029179,1.2061691,0.37405643,CEP,100601.0,Unconstrained,ELL,2
273668703,83.0,LS,3.777666784427849,0.7487581294629005,0.7483801064693151,4.390949431777699,0.0374880153685808,CEP,0.521,0.0,0.0750437632318635,1.0932069,0.39989898,CEP,100604.0,Unconstrained,ELL,2
273897184,41.0,LS,2.013375941587721,0.3431129227157741,0.3402314444088005,4.597810969438797,0.0571789080277085,CEP,0.552,0.0,0.0780627542429806,1.0729381,0.35270068,CEP,142502.0,Unconstrained,ELL,2
273897184,55.0,LS,3.993036196849292,0.0435727706430534,0.0279057732520238,4.556360876860708,0.0696038780733943,ELL,0.998,0.02,0.1325854652667478,0.08324109,0.100213744,ELL,142561.0,ELL,ELL,2
273897184,75.0,LS,3.956350995280577,0.0817626118026567,0.0720184339053997,3.7428559421277896,0.0595570774748921,ELL,1.0,0.0,0.1034116357089471,0.06245748,0.03469933,ELL,142586.0,ELL,ELL,2
273897184,81.0,LS,2.0165497413724447,0.2873222160033366,0.2869821035513549,4.2150814714841545,0.0700775720179081,CEP,0.498,0.0,0.1108073354972494,0.6779032,0.23434655,CEP,142589.0,Unconstrained,ELL,2
273897184,82.0,LS,4.038951036983606,0.1058596123822386,0.1031158285136583,3.761678191916872,0.0564802577719092,ELL,0.993,0.08,0.2187168297136733,0.31385642,0.13944134,ELL,142568.0,ELL,ELL,2
273897829,41.0,LS,0.5828193300724127,0.0615285976156554,0.0606848612757448,4.179939060435572,0.0081940100062638,CEP,0.39,0.12,0.0753968062984102,0.5768135,0.29649293,CEP,110608.0,Unconstrained,ELL,2
273897829,55.0,LS,9.69737349884992,0.0393053384115231,0.0349943837468798,4.509901167539283,0.011400175280869,ELL,0.9865,0.0,0.0774886856257092,0.30241975,0.09975043,ELL,110782.0,ELL,ELL,2
274178344,41.0,LS,4.2865484597851085,0.0387352573320743,0.0339087416070959,3.394418554869844,0.0885531492531299,ELL,0.9675,0.08,0.1954450420052769,0.7429392,0.22646095,ELL,126980.0,ELL,ELL,2
274472808,59.0,ACF,1.0462895029922947,0.4791255791791717,0.8777014474457385,114.52261433515996,0.0169965671375393,ELL,1.0,0.02,0.0946883393032109,0.06827914,0.06971803,ELL,48891.0,ELL,ELL,2
274472808,73.0,LS,1.0486974473881536,0.0343708731661179,0.0343154486218819,11.023328171904724,0.0159607885871082,ELL,1.0,0.0,0.00944,0.0056847017,0.0017641704,ELL,48899.0,ELL,ELL,2
275352899,65.0,ACF,2.136618211780388,0.406454953581155,0.7911064851444606,232.9450692922369,0.0087558623636141,ELL,1.0,0.0,0.0069858141973573,0.007820165,0.0034038534,ELL,67041.0,ELL,ELL,2
275534164,56.0,ACF,4.032310637459887,0.5435064843456324,0.8135915540024855,256.48559544817226,0.0184964039362967,ELL,1.0,0.0,0.0123873483845413,0.034622833,0.02605877,ELL,109631.0,ELL,ELL,2
275902244,55.0,LS,1.5085012347753186,0.3348095411585083,0.3345900241635793,4.066188002385388,0.0107306335121393,CEP,0.548,0.0,0.0521002879070739,0.09247048,0.07543951,CEP,76106.0,Unconstrained,ELL,2
275902244,56.0,ACF,1.5277530995990674,0.3576515919277082,0.7460092482013632,348.8034231596081,0.0128674693405628,CEP,0.512,0.02,0.0716522267623274,0.3805564,0.24733874,CEP,76124.0,Unconstrained,ELL,2
275902244,56.0,LS,1.515173057137036,0.3289879676331587,0.3289581891595993,4.306024026176601,0.0128674693405628,CEP,0.47,0.04,0.0624942365342596,0.2562362,0.23405872,CEP,76119.0,Unconstrained,ELL,2
275902244,75.0,ACF,1.5046099891151243,0.43003061933643,0.8150382907294849,327.3312638524506,0.0151591526810079,CEP,0.474,0.0,0.0545099477159903,0.17066704,0.142827,CEP,76135.0,Unconstrained,ELL,2
275902244,75.0,LS,1.521652353433557,0.4018195095310085,0.4017606811586257,4.109236287644308,0.0151591526810079,CEP,0.483,0.0,0.0549563463123232,0.13721849,0.142743,CEP,76131.0,Unconstrained,ELL,2
275902244,76.0,ACF,1.483815125851379,0.3729520554805033,0.0073892899487219,4.678180508943683,0.0150676339399069,CEP,0.493,0.0,0.0587440413999581,0.07744447,0.05598887,CEP,76145.0,Unconstrained,ELL,2
275902244,76.0,LS,1.521163127111174,0.3474328156506601,0.3474204096943872,4.636784242877184,0.0150676339399069,CEP,0.47,0.0,0.0360720168551745,0.0066108904,0.002285253,CEP,76142.0,Unconstrained,ELL,2
275902244,82.0,LS,1.5386699198908065,0.3643062985391566,0.3640665713821439,5.070816911877046,0.0136879261117428,CEP,0.487,0.0,0.0558292969685271,0.48422253,0.26519755,CEP,76155.0,Unconstrained,ELL,2
275902244,83.0,LS,4.617544349392421,0.0387549708854878,0.0385559778658739,4.414422198206012,0.0173248758073896,ELL,0.989,0.0,0.0099904754641608,0.012972714,0.0045625907,ELL,76168.0,ELL,ELL,2
276140569,15.0,LS,3.418323920422436,0.1630713922945284,0.1616321738358128,3.8695626081616874,0.0059837190201506,ELL,1.0,0.0,0.02993283147315,0.16766879,0.0762709,ELL,78299.0,ELL,ELL,2
276140569,76.0,LS,1.5384424697054755,0.144331628716761,0.1442652972167676,5.551560842879553,0.0071455538272857,CEP,0.478,0.02,0.0634510078722158,0.31099513,0.21346986,CEP,78328.0,Unconstrained,ELL,2
276140569,83.0,LS,7.792142516972548,0.1322286119572278,0.1142902035867452,4.570816737865243,0.0058063305914402,ELL,0.991,0.08,0.2212917009288871,0.28648683,0.19449319,ELL,78341.0,ELL,ELL,2
276555874,57.0,LS,0.3823979082234136,0.2796548069788265,0.2793450728976004,4.5068743815791095,0.0176481215748935,CEP,0.431,0.12,0.0460538988577514,0.058646627,0.04223776,CEP,96292.0,Unconstrained,ELL,2
276555874,75.0,LS,0.3496720518971226,0.410960472330502,0.4109589960838684,4.639812619287113,0.0152893329504877,CEP,0.435,0.04,0.0520492689670085,0.110093705,0.13575791,CEP,96299.0,Unconstrained,ELL,2
276555874,76.0,LS,0.382435611666424,0.230891012378499,0.2284715731641969,4.086255407768476,0.0173748098313808,CEP,0.43,0.1,0.0540778106065694,0.28849888,0.22113962,CEP,96313.0,Unconstrained,ELL,2
276555874,77.0,LS,0.3823111500607391,0.3496161966707605,0.3496134804366864,3.677230387049349,0.0202795304358005,CEP,0.435,0.04,0.0321587064416465,0.030851042,0.020981293,CEP,96324.0,Unconstrained,ELL,2
276555874,82.0,LS,0.7647859273183234,0.0287894662794232,0.0287238328408073,3.825223736359476,0.0176328408997505,ELL,0.972,0.0,0.011965487871374,0.026026944,0.010565016,ELL,96341.0,ELL,ELL,2
276555874,83.0,LS,0.3492299554350991,0.3477985756918049,0.347798191433911,4.523178963314422,0.0169161625672131,CEP,0.432,0.02,0.0178934177842021,0.020425249,0.013864993,CEP,96347.0,Unconstrained,ELL,2
276555874,84.0,LS,0.3820050144122028,0.3686597342321115,0.3686207361205028,4.303448598882824,0.0171599059831351,CEP,0.433,0.08,0.0563007495509606,0.13196431,0.103306934,CEP,96357.0,Unconstrained,ELL,2
276864037,30.0,LS,10.81883908157162,0.2039972450549155,0.1622789773568417,3.112769818828383,0.0151100126095116,ELL,0.887,0.12,0.2121097981267045,0.6293107,0.32751954,ELL,22182.0,ELL,ELL,2
276864037,34.0,LS,9.55659100516641,0.5738982024659914,0.3615345098227012,3.703872455842429,0.0284466706216335,ELL,0.976,0.08,0.2514654338075116,0.3804984,0.23405406,ELL,22200.0,ELL,ELL,2
276864037,36.0,LS,0.9208120667596112,0.0141097851768214,0.0140129663922406,3.3345298322237795,0.0256077386438846,E,0.933,0.08,0.1944908980766314,0.23318341,0.12648115,E,22224.0,E,ELL,2
276864037,37.0,LS,2.6988691355499204,0.0394115194237118,0.0294397004385055,3.513924714150562,0.0089825759641826,ELL,0.991,0.12,0.26423059218209,0.47798297,0.3016326,ELL,22238.0,ELL,ELL,2
276864037,65.0,LS,1.2934361530114586,0.0111179044369049,0.010834575931462,4.441094595240429,0.0191726209595799,ELL,0.99875,0.0,0.0645146347738247,0.13304104,0.069548935,ELL,22280.0,ELL,ELL,2
276864037,66.0,LS,1.2408614443662136,0.0190957066707174,0.0141417378987229,9.13508099016326,0.0270259217359125,ELL,0.99,0.12,0.269399848552296,0.45552945,0.24316856,ELL,22321.0,ELL,ELL,2
276864037,67.0,LS,3.559380003406296,0.1317581962690765,0.1175144022080299,3.46870460966602,0.0268941116519272,ELL,0.992,0.06,0.199879535813646,0.3787139,0.22682983,ELL,22303.0,ELL,ELL,2
276864037,69.0,LS,2.730428492711936,0.0997310674310697,0.0958283884908175,3.733393918781076,0.0541617022827267,E,0.9950296159435164,0.0,0.0380164517217304,0.01828954,0.01386741,E,22314.0,E,ELL,2
277006982,56.0,ACF,0.9953570950528956,0.5663112596785373,0.8392092690112973,157.1344497548818,0.0223297136835753,CEP,0.43,0.06,0.0850544860662857,0.3798126,0.21828857,CEP,122073.0,Unconstrained,ELL,2
277006982,56.0,LS,1.0028520403830532,0.2126646508522536,0.212584000580231,4.793132412545674,0.0223297136835753,CEP,0.477,0.0,0.0602712402394375,0.26139104,0.1547498,CEP,122069.0,Unconstrained,ELL,2
277006982,75.0,ACF,1.8124810803442413,0.4911396633789097,0.9898522020315014,189.5278680577576,0.0223846151493489,ELL,1.0,0.02,0.1093597732258073,0.112617135,0.090430364,ELL,122081.0,ELL,ELL,2
277006982,76.0,ACF,1.8426094886544888,0.5628051516520333,1.0892730369767794,190.97883396569895,0.025037087034434,ELL,0.994,0.04,0.1905542904266393,0.17732939,0.16224796,ELL,122086.0,ELL,ELL,2
277006982,82.0,ACF,0.9143543707227764,0.7438267672960925,1.3822817811962764,187.41543666011552,0.0221355725079774,CEP,0.46,0.04,0.0749277625450006,0.42052215,0.24801111,CEP,122091.0,Unconstrained,ELL,2
277006982,83.0,ACF,0.9745233501685108,0.5660771759321491,1.002157486148216,191.73927146921608,0.0186738953925669,CEP,0.515,0.12,0.1029307806246508,0.57599044,0.28415343,CEP,122097.0,Unconstrained,ELL,2
277006982,83.0,LS,0.9894778402701292,0.2833170809438368,0.2832840057731537,4.439514017842157,0.0186738953925669,CEP,0.454,0.04,0.083548462583102,0.4951466,0.27620986,CEP,122094.0,Unconstrained,ELL,2
277109064,36.0,LS,9.139992692633731,0.4395914676898518,0.3300255468029782,2.997514814082024,0.0833134911954402,ELL,0.978,0.1,0.2780207790795501,0.48660094,0.2572479,ELL,29567.0,ELL,ELL,2
277109064,37.0,LS,3.829544111662794,0.2203890964649357,0.1943800108139572,4.928226402525979,0.0991521589457988,CEP,0.495,0.12,0.1379558712052517,1.1404098,0.37082276,CEP,29570.0,Unconstrained,ELL,2
277172038,27.0,LS,3.729386465101393,0.6337999626458153,0.6336852481971224,5.152051148097598,0.0603524409234523,CEP,0.48,0.0,0.0687434185940734,0.35022843,0.23027654,CEP,30793.0,Unconstrained,ELL,2
277172038,28.0,LS,3.586904837587196,0.2399038648191542,0.125339921148588,3.4382181853470684,0.0726718734949827,CEP,0.444,0.02,0.1180621937793805,0.37569484,0.22010797,CEP,30803.0,Unconstrained,ELL,2
277172038,29.0,LS,8.749964582599105,0.1466771862547357,0.1438267842779987,3.571011813679433,0.0751721812412142,ELL,1.0,0.0,0.0879401978619561,0.095949255,0.060335465,ELL,30813.0,ELL,ELL,2
277172038,30.0,LS,3.8184008479269695,0.4079482700278752,0.4074201064459717,4.834775723869825,0.0480072852224111,CEP,0.456,0.02,0.0553272301855062,0.21985494,0.1726421,CEP,30821.0,Unconstrained,ELL,2
277172038,32.0,LS,1.2172364739190698,0.0672290622628134,0.0664586117746126,4.452783199019905,0.0457569165155291,CEP,0.463,0.1,0.0819394996323507,0.8307416,0.3896584,CEP,30826.0,Unconstrained,ELL,2
277172038,35.0,LS,8.020849097661841,0.144017114268826,0.0746545386727064,3.64528237428749,0.0741870841011405,ELL,1.0,0.0,0.0066219332524573,0.012647624,0.0031399198,ELL,30858.0,ELL,ELL,2
277172038,38.0,LS,9.372567683067084,0.0819334824284384,0.0571555959514169,5.081386316691351,0.0749583961442112,ELL,0.998,0.0,0.0508048777185813,0.2434422,0.116037875,ELL,30886.0,ELL,ELL,2
277953269,15.0,LS,0.7686280312348042,0.0825474186926375,0.082018479092026,4.660155987708549,0.0302185793407261,ELL,0.9345,0.04,0.1483382833298085,0.62001705,0.1788532,ELL,68826.0,ELL,ELL,2
277953269,16.0,LS,0.772219148867581,0.0960990006932595,0.0948087668061388,4.081112082824348,0.0272123771719634,CEP,0.644,0.04,0.1304755915870857,0.24946523,0.048833955,CEP,68816.0,Unconstrained,ELL,2
277953269,57.0,LS,0.3834176862825129,0.1516013592109437,0.15159664297685,4.355526089271734,0.0301117007620632,CEP,0.432,0.1,0.0475005515757448,0.09317887,0.057068404,CEP,68842.0,Unconstrained,ELL,2
278311166,65.0,ACF,1.365767306001544,0.4926407654195684,0.855668012269994,152.55919127933333,0.0338292703963816,ELL,0.988,0.1,0.2393001262013875,0.29232034,0.20643367,ELL,144404.0,ELL,ELL,2
278334091,77.0,ACF,1.9722464684855368,0.5493689992495999,0.9426934835877704,200.57232478203755,0.0186956499237567,ELL,0.988,0.0,0.0677929671868697,0.024738353,0.026244182,ELL,61082.0,ELL,ELL,2
278340978,56.0,ACF,1.0625049589689295,0.8005069199531823,1.2962528139981475,94.00801968106924,0.1011417154222726,ELL,0.998,0.0,0.0055294122653316,0.0027781553,0.0007824033,ELL,108455.0,ELL,ELL,2
278340978,57.0,ACF,1.064793125369761,0.7543560983332936,1.1185612861261924,73.84513786698267,0.0769921438768506,ELL,0.998,0.0,0.0048810244826265,0.0027640476,0.0009678485,ELL,108467.0,ELL,ELL,2
278340978,83.0,ACF,0.5324083910863919,0.7290523955605245,0.9687004552689495,76.59340159957526,0.0984730292111635,ELL,0.925,0.08,0.1767816381867755,0.64714414,0.26704594,ELL,108492.0,ELL,ELL,2
279188128,58.0,LS,1.5219718140284249,0.0114497673303408,0.0114300721676543,4.386336602408846,0.0973555166274309,ELL,0.994,0.04,0.1269495348553904,0.17662068,0.08699503,ELL,54019.0,ELL,ELL,2
279188128,78.0,LS,1.5037377414156778,0.0124213536810671,0.0124072039456869,4.841819517831027,0.0890221074223518,ELL,0.996,0.0,0.004234383071948,0.0034376786,0.0010700197,ELL,54027.0,ELL,ELL,2
280835427,9.0,LS,6.7535206590349,0.1430579070258565,0.064926168619031,2.9509784962879166,0.1019703596830368,ELL,0.978,0.08,0.2249187133166113,0.43213692,0.20965329,ELL,137412.0,ELL,ELL,2
280835427,10.0,LS,8.249878573788466,0.5461027731882181,0.5025632596286622,4.413974657923518,0.1409237366169691,CEP,0.747,0.1,0.2390913632902702,1.0415012,0.31768808,CEP,137417.0,Unconstrained,ELL,2
281079276,54.0,LS,5.461575585875568,0.011867713115082,0.0075350360725465,3.212437396487076,0.013258020626381,ELL,0.982,0.06,0.1822785300028503,0.48035115,0.1654967,ELL,89407.0,ELL,ELL,2
281079276,55.0,LS,2.381778007594629,0.4071104696943493,0.4069158577616963,5.052525897801388,0.0126781535800546,CEP,0.5,0.0,0.0436893762830279,0.23210675,0.17572124,CEP,89293.0,Unconstrained,ELL,2
281079276,74.0,LS,1.1313957692379386,0.2013555307359106,0.2010948034152351,5.743751429006807,0.013066855026409,CEP,0.52,0.0,0.0546271141467311,0.677611,0.33132756,CEP,89480.0,Unconstrained,ELL,2
281079276,75.0,ACF,2.268554164438683,0.3941338722808139,0.0080855142176484,1.01233758939361,0.0117743550799787,ELL,0.991,0.08,0.1774296426756251,0.3020838,0.116907604,ELL,89502.0,ELL,ELL,2
281079276,81.0,LS,1.1279864901433807,0.219495207331924,0.2194705958744606,4.640549423289485,0.0101026112679392,CEP,0.492,0.04,0.064237758366867,0.3241117,0.23362859,CEP,89507.0,Unconstrained,ELL,2
281314346,6.0,ACF,2.6875226760614623,0.7409954592840745,1.1123659677334985,20.05495837616165,0.0044811787665821,ELL,0.99,0.0,0.0053962950252928,0.0006702287,0.00015293503,ELL,51280.0,ELL,ELL,2
281643864,37.0,ACF,0.4166681571496156,0.9226965635690813,1.7524593487224631,14.804343691304894,0.1160694286227226,ELL,0.972,0.02,0.1319977817995439,0.33795005,0.14815293,ELL,109524.0,ELL,ELL,2
281643864,38.0,ACF,0.4166578062904591,0.9204860047597476,1.7702553550672568,14.762655108724196,0.1150039955973625,ELL,0.994,0.02,0.0843880583969082,0.13460061,0.079068236,ELL,109540.0,ELL,ELL,2
281643864,64.0,LS,0.2002385418094664,0.1537069722596646,0.1522592074515902,4.888724275981076,0.1330989878624677,DST,0.928,0.12,0.2642166050799986,1.1293763,0.43067965,DST,109226.0,DST,ELL,2
282737511,14.0,LS,1.3669228832786031,0.110771239341471,0.1107285214686068,4.945641021873598,0.0375481555238366,CEP,0.892,0.02,0.1605915315326434,1.2210565,0.3693042,CEP,100317.0,CEP,ELL,2
282737511,41.0,LS,0.3111971334013254,0.7628769452253366,0.7628730792997819,4.33391719175961,0.0357832945883274,CEP,0.461,0.04,0.0647586164151149,0.19882773,0.15992843,CEP,100153.0,Unconstrained,ELL,2
282737511,54.0,LS,1.3650328335355744,0.1511901611145532,0.1511794308290872,4.161636511958932,0.0365433236584067,CEP,0.492,0.1,0.1085806612615708,1.1372187,0.4199244,CEP,100547.0,Unconstrained,ELL,2
282737511,55.0,LS,1.3713263905014634,0.1625266279219634,0.1624819399469036,4.558888695011774,0.03902975236997,CEP,0.545,0.0,0.064970996606178,0.69595456,0.34325203,CEP,100249.0,Unconstrained,ELL,2
282737511,74.0,ACF,0.620360727825755,0.5902797876593576,1.356148018525249,66.7648866611714,0.0360270962119102,ELL,0.986,0.0,0.0273566372202432,0.035365604,0.01564714,ELL,100562.0,ELL,ELL,2
282737511,75.0,ACF,0.6226955956351503,0.5537780792970466,1.2707108135793184,65.67536476548392,0.0357637600973248,ELL,0.973,0.02,0.124358423920537,0.086575985,0.118715644,ELL,100574.0,ELL,ELL,2
282737511,81.0,ACF,0.6226858981592613,0.5301047094627347,1.2638834911314258,66.534438805885,0.0367724429816007,ELL,0.981,0.0,0.0107432583511707,0.0017686533,0.0004891991,ELL,100586.0,ELL,ELL,2
283021421,58.0,ACF,0.9953573903203504,0.352503376810664,0.0059609000437333,1.0140069739980504,0.012538960436359,ELL,0.998,0.0,0.0360296877588468,0.07897193,0.02609508,ELL,80921.0,ELL,ELL,2
283021421,77.0,ACF,0.9999760840582894,0.4202483711942792,0.0103350082443821,2.054544422308481,0.0123724923469126,ELL,0.993,0.0,0.0532941122451627,0.036826268,0.012800151,ELL,80942.0,ELL,ELL,2
283021421,78.0,ACF,0.9606588144083616,0.3497034905014207,0.675286991011165,101.01294317603754,0.011759630870074,ELL,0.994,0.1,0.2629202776508499,0.34461454,0.22578481,ELL,80964.0,ELL,ELL,2
283028753,58.0,ACF,1.8124718065746488,0.5539089728376476,1.006672055652731,208.6541052673499,0.0231147976592183,ELL,1.0,0.0,0.0261506099355254,0.027869452,0.013892776,ELL,36414.0,ELL,ELL,2
283028753,77.0,LS,2.8060590281564584,0.0595874282775206,0.0536290486673697,3.113113137445908,0.0384118990041315,ELL,0.986,0.02,0.0835620870969604,0.108559914,0.05548926,ELL,36422.0,ELL,ELL,2
283028753,84.0,LS,2.011567567636802,0.0395941146784571,0.0205512081776374,3.091999009087885,0.0545492535457015,ELL,0.998,0.0,0.0419368107991058,0.13744092,0.052638438,ELL,36434.0,ELL,ELL,2
283132719,77.0,ACF,1.3032119320168931,0.395504414291014,0.695088857835771,133.7769689282904,0.012152373092249,ELL,0.9725,0.08,0.2585195977097287,0.3478458,0.23307133,ELL,99090.0,ELL,ELL,2
283132719,84.0,LS,0.6568377540661082,0.3140566973132252,0.3140494897650664,5.157154511332919,0.0095881550805643,CEP,0.476,0.02,0.0435344277555132,0.19014962,0.1581347,CEP,99107.0,Unconstrained,ELL,2
284139202,58.0,ACF,1.0023040625728754,0.2153882998862564,0.0074903058248277,1.5533148076704038,0.0103676330763846,CEP,0.519,0.0,0.059266179225592,0.20501661,0.09796225,CEP,52346.0,Unconstrained,ELL,2
284139202,58.0,LS,1.006334165859042,0.2433358634554669,0.2432515409944456,4.792482031632972,0.0103676330763846,CEP,0.484,0.02,0.0702817188179116,0.3594351,0.24794982,CEP,52336.0,Unconstrained,ELL,2
284139202,78.0,LS,2.6448969535186,0.010339272619375,0.0084222413169601,3.714875443471101,0.0094448425807058,ELL,0.996,0.0,0.0525726744611685,0.22946005,0.117490724,ELL,52355.0,ELL,ELL,2
284540327,58.0,LS,2.156385418270793,0.1060754786672989,0.1060096040075453,4.784015561857814,0.053665000014007,ELL,0.998,0.0,0.0430424720479667,0.03885601,0.040001474,ELL,38849.0,ELL,ELL,2
285187855,38.0,ACF,2.79865809718467,0.2846029071047801,0.5381477621145205,93.93710902749774,0.0019155534391757,ELL,1.0,0.0,0.0699148231779212,0.073718145,0.023056323,ELL,59067.0,ELL,ELL,2
285187855,39.0,ACF,1.395804337655818,0.1991418914785708,0.3913036985862714,97.15143926235874,0.0019621943647507,CEP,0.524,0.0,0.0655990853594773,0.32024428,0.21117671,CEP,59077.0,Unconstrained,ELL,2
285187855,39.0,LS,1.396503685913012,0.1997928914859328,0.1997379846486039,4.695195900181716,0.0019621943647507,CEP,0.47,0.0,0.0530001660374757,0.14520785,0.10603971,CEP,59070.0,Unconstrained,ELL,2
285587856,58.0,ACF,2.527762103063651,0.6525880193953252,1.1505269745255948,276.40991931529413,0.0511213904246687,ELL,0.999,0.0,0.0045552606950645,0.0027666588,0.0009766492,ELL,37914.0,ELL,ELL,2
285587856,78.0,ACF,2.4976955829874896,0.7789515251070397,1.2003243980968723,283.28955693754506,0.0758188450708985,ELL,1.0,0.02,0.1337205942040556,0.32779878,0.18231541,ELL,37922.0,ELL,ELL,2
285916305,7.0,LS,3.299606212982215,0.0583327781074764,0.0496607105243584,2.831873839911623,0.0141369516495615,ELL,0.9645,0.0,0.1095041551723038,0.4865824,0.14468755,ELL,132546.0,ELL,ELL,2
285916305,9.0,LS,1.6395244577316357,0.1328837685155379,0.1317715681463661,5.096464331382322,0.0134010857436805,CEP,0.708,0.0,0.1001067909784346,0.26086962,0.059585027,CEP,132556.0,Unconstrained,ELL,2
285916305,34.0,LS,4.035667726296109,0.2814068312612263,0.2796165251492212,4.141667245947247,0.00943714461755,CEP,0.516,0.0,0.0512566093299195,0.8422126,0.3245682,CEP,132421.0,Unconstrained,ELL,2
285916305,35.0,LS,8.025414049418636,0.0362516663109451,0.0268689894848553,2.902250820408881,0.0127917469944804,ELL,1.0,0.0,0.0080742553836251,0.025836943,0.00958755,ELL,132444.0,ELL,ELL,2
285916305,61.0,LS,4.028202027653532,0.3271333977125034,0.3255199942471088,4.633895990129531,0.0105542759411036,CEP,0.54,0.06,0.0785262656695197,0.5833967,0.3369358,CEP,132571.0,Unconstrained,ELL,2
285916305,62.0,LS,4.0292374410726906,0.3869903292662848,0.3864808583937766,4.388296811674081,0.0112914328929036,CEP,0.444,0.0,0.0515842456569833,0.1608845,0.14024253,CEP,132583.0,Unconstrained,ELL,2
285938173,59.0,LS,4.500971161158254,0.3626396254540295,0.3625586251201714,4.382975125248777,0.1905705779790878,ELL,0.82,0.08,0.1953710137555543,0.68159485,0.2902874,ELL,11945.0,ELL,ELL,2
286225445,58.0,ACF,2.171325419171808,0.2687156922294837,0.0175576840832661,5.362256840357532,0.007982935057953,ELL,0.988,0.06,0.1745358977402643,0.17270696,0.1404365,ELL,3761.0,ELL,ELL,2
286225445,59.0,ACF,2.136525387672009,0.1941965000921063,0.0066555605668921,2.9131864899346738,0.0069479073863476,ELL,1.0,0.06,0.1646753667067421,0.272502,0.14461076,ELL,2504.0,ELL,ELL,2
287391647,54.0,LS,10.920228524737848,0.0596745403705208,0.0283361394786607,2.229943485550393,0.0449182512238621,ELL,0.982,0.04,0.1860693859827564,0.1870768,0.16369519,ELL,83840.0,ELL,ELL,2
287391647,74.0,LS,5.8045678267877605,0.8254788901323694,0.8170040600939381,4.298074857269967,0.0573011999949812,CEP,0.538,0.0,0.0574465873660046,0.59772265,0.28898638,CEP,83842.0,Unconstrained,ELL,2
287391647,75.0,LS,5.538983375001226,0.860665135378302,0.8575495135374078,4.729398052440956,0.0529362214729189,CEP,0.494,0.0,0.1005523067860703,0.7295522,0.417042,CEP,83846.0,Unconstrained,ELL,2
287391647,81.0,LS,5.787045385410022,0.8476168595406546,0.8434588815210088,4.382898204097728,0.0502495374530553,CEP,0.546,0.0,0.0826927227753446,0.3588196,0.23906507,CEP,83849.0,Unconstrained,ELL,2
292362364,7.0,ACF,1.6874684053000235,0.6936713244114666,1.2299492410979482,20.573924294461392,0.084351310506463,ELL,0.98375,0.0,0.0676814014334809,0.27659753,0.065118104,ELL,3356.0,ELL,ELL,2
292362364,33.0,ACF,1.6944675482791354,0.6535866363136785,1.2567012045847892,58.98934864154268,0.0559001602232456,ELL,1.0,0.0,0.0010587256490706,0.020286778,0.005532831,ELL,1737.0,ELL,ELL,2
294124764,44.0,LS,2.462651433430457,0.0808871609640508,0.0803316848318772,4.460410481207873,0.0083363306475803,CEP,0.446,0.06,0.085947742262377,0.5975904,0.31492063,CEP,3950.0,Unconstrained,ELL,2
294124764,45.0,LS,8.745523314308263,0.0592229662429151,0.0550005339020691,4.043876732266654,0.0093783775810152,ELL,0.992,0.04,0.180785840153481,0.23504803,0.1610542,ELL,3974.0,ELL,ELL,2
294124764,71.0,LS,2.9950328833377835,0.1645799356780674,0.1626516587247935,4.263348984088225,0.0119803415145725,CEP,0.452,0.0,0.0295898360928207,0.0024584744,0.00096786214,CEP,2904.0,Unconstrained,ELL,2
294222447,71.0,LS,10.024930087030835,0.0873661744465279,0.050422940608969,3.753878737879859,0.0344064808450639,ELL,0.976,0.12,0.2147648351104063,0.3617751,0.16557749,ELL,4743.0,ELL,ELL,2
296888720,41.0,LS,2.888790757316279,0.2163734120710162,0.1881593573043049,4.138404694678684,0.0121409818530082,CEP,0.529,0.02,0.0688363276184893,0.6657016,0.3151974,CEP,107178.0,Unconstrained,ELL,2
296888720,55.0,LS,1.740132996521734,0.1498890853972617,0.1491272731214749,4.553635646045223,0.0155160902068018,CEP,0.482,0.0,0.0647649781903769,0.35983983,0.20243034,CEP,107399.0,Unconstrained,ELL,2
296888720,56.0,ACF,3.347172531326578,0.6000550253146723,0.9212514191910388,415.1562797543802,0.0228423508815467,ELL,0.948,0.12,0.2512219155019013,0.7852559,0.24599491,ELL,107500.0,ELL,ELL,2
296888720,75.0,LS,2.8848002437878044,0.2875504648529834,0.2870528317341816,4.324962356771721,0.0203783600591123,CEP,0.467,0.08,0.088963129441359,0.9230703,0.40994555,CEP,107187.0,Unconstrained,ELL,2
296888720,76.0,LS,9.670238441426756,0.0199641729345229,0.0123781019859473,4.546765274677455,0.0204809894785285,ELL,0.962,0.04,0.1514303179594997,0.4675479,0.24242969,ELL,107339.0,ELL,ELL,2
296888720,83.0,LS,5.93685265507074,0.0301640616838512,0.0237947476274712,5.095058526385401,0.0156231352593749,ELL,0.9965,0.02,0.0925011329660345,0.07397506,0.07774008,ELL,107197.0,ELL,ELL,2
296996394,62.0,LS,3.349969524590444,0.0140074729230713,0.0139270962963785,3.672971101645089,0.0166491651907563,ELL,0.998,0.08,0.1712491422895911,0.35140622,0.23769344,ELL,114126.0,ELL,ELL,2
297273302,56.0,LS,3.24177205306976,0.1063233163442229,0.1044030888926829,4.254621260082786,0.0154414458665996,ELL,0.999,0.04,0.1836444502292405,0.26409304,0.15451916,ELL,74177.0,ELL,ELL,2
297273302,75.0,LS,9.231347125923095,0.1735005780404533,0.1732623265982882,4.339042850428086,0.0127165310550481,CEP,0.458,0.12,0.1213821996834791,0.62340885,0.2895773,CEP,74189.0,Unconstrained,ELL,2
297273302,82.0,LS,2.0195070824690493,0.0891788586735736,0.0878821501211523,5.576611554224655,0.0222476734779775,ELL,0.984,0.12,0.2550473908903991,0.34157467,0.2133091,ELL,74208.0,ELL,ELL,2
297348512,11.0,ACF,0.145832612881577,0.9298149039000768,1.274376531679561,3.328139910695402,0.0557984877377748,DST,0.977,0.0,0.0424608054563264,1.6082904,0.20475209,DST,132518.0,DST,ELL,2
297348512,37.0,ACF,0.2916708490561177,0.9311481284492268,1.8336929450438757,10.368865453055314,0.061891172081232,ELL,0.842,0.06,0.2123755174213826,0.45702583,0.22397687,ELL,132662.0,ELL,ELL,2
297348512,38.0,ACF,0.2916635936853708,0.9380917470870984,1.8578683121762656,10.369176325000735,0.0628786906599998,ELL,0.892,0.0,0.090356325733177,0.27450207,0.11668588,ELL,132683.0,ELL,ELL,2
297348512,64.0,ACF,0.2916706701998919,0.9192350319519172,1.8177719428806207,31.24764012062745,0.064755929633975,ELL,0.904,0.0,0.1007202243841821,0.26746434,0.12991601,ELL,132703.0,ELL,ELL,2
297348512,65.0,LS,0.1456183078031319,0.9619636869817844,0.9619636854498276,4.478498633485287,0.0624776072800159,DST,0.91,0.0,0.1484179234459234,1.1073115,0.3706173,DST,132721.0,DST,ELL,2
297413064,56.0,LS,2.3232771393490648,0.4306748472178981,0.4306310334905188,4.321714267491188,0.0206638686358928,CEP,0.46,0.0,0.0397590543147092,0.005348028,0.0020065696,CEP,85598.0,Unconstrained,ELL,2
297413064,75.0,LS,2.3078336280225358,0.3510186968640528,0.350758049914184,3.846822291714489,0.0221677822992205,CEP,0.463,0.0,0.0430048183346936,0.17504978,0.15573159,CEP,85555.0,Unconstrained,ELL,2
297413064,76.0,LS,2.2946247824132247,0.4288380559731743,0.4288321064914306,5.07605075286483,0.0203783600591123,CEP,0.498,0.0,0.0470377550484714,0.2422548,0.20791635,CEP,85561.0,Unconstrained,ELL,2
297413064,82.0,LS,2.349976277709837,0.4759502335186945,0.4758577124773702,4.24433975833017,0.0256162090227007,CEP,0.452,0.0,0.0543064489724747,0.336374,0.25746456,CEP,85606.0,Unconstrained,ELL,2
297413064,83.0,LS,4.617568447752093,0.1769322770800557,0.1747956976670634,5.164957954082638,0.0251003261655569,ELL,1.0,0.0,0.0252577532650867,0.041912295,0.018589702,ELL,85613.0,ELL,ELL,2
297848655,62.0,ACF,1.9676225710782087,0.7374029732327924,1.3313156126505408,207.87064927615165,0.0474944990128278,ELL,1.0,0.0,0.0372874295171978,0.09424834,0.037780747,ELL,126212.0,ELL,ELL,2
297870134,65.0,ACF,2.1736616978350867,0.5379769579192043,0.9508026507349626,222.4438599004219,0.0572905177250504,ELL,0.877,0.12,0.2350886460856145,0.5694215,0.27750728,ELL,51955.0,ELL,ELL,2
297915380,41.0,LS,1.45985577411933,0.1771465111733326,0.1771156755506968,4.251757417354384,0.0070694315945729,ELL,1.0,0.0,0.0108011851201615,0.0052707493,0.0014439275,ELL,57328.0,ELL,ELL,2
297915380,54.0,LS,2.849532360424724,0.0754489466291125,0.0584418350379354,3.649764506075371,0.045421328395605,E,0.974831502362911,0.06,0.1911996171580671,0.22452481,0.1557586,E,57342.0,E,ELL,2
297915380,55.0,ACF,2.8749453980963158,0.7003986712247703,1.1889768348370926,85.62049383166539,0.010163903934881,E,0.996809440649122,0.0,0.0056049636915459,0.0021857542,0.0005049366,E,57503.0,E,ELL,2
297915380,81.0,ACF,2.912057359286337,0.6657560360233699,0.9905684779433904,193.5512194482108,0.0150964816566556,ELL,0.988,0.0,0.0590935394099896,0.022572948,0.01577564,ELL,57539.0,ELL,ELL,2
297915380,82.0,ACF,2.91429070135473,0.702126277875974,1.1180711758665949,210.2133579559093,0.0140218378510326,ELL,0.988,0.02,0.1344591015885499,0.13330398,0.10061267,ELL,57430.0,ELL,ELL,2
298579244,63.0,ACF,1.7962909599591512,0.8090432974935945,1.2108850209792743,108.4360289516269,0.0894305482506752,ELL,1.0,0.0,0.001918332609325,0.007586274,0.0019846298,ELL,130598.0,ELL,ELL,2
298690098,62.0,LS,0.4728419556887224,0.4397543968045679,0.4397491918085485,4.319509289729467,0.0226419628597795,CEP,0.424,0.0,0.0147864262078434,0.0056927414,0.004370562,CEP,96122.0,Unconstrained,ELL,2
298690098,63.0,ACF,0.942126072706742,0.6832225112098279,1.3357425388493425,101.25999098282682,0.0236578402109444,ELL,0.984,0.0,0.0075100199733422,0.008131453,0.0032699343,ELL,96284.0,ELL,ELL,2
299774075,41.0,LS,8.858691070809074,0.0113394379032246,0.0112678718590332,4.303212365231957,0.0114041462074965,ELL,0.9825,0.12,0.2956802840907725,0.45460308,0.26235652,ELL,139548.0,ELL,ELL,2
299774075,81.0,LS,1.10918151616058,0.1239360059608232,0.1238948647257125,5.042293069429434,0.011924400459975,CEP,0.473,0.06,0.0675377346377563,0.37581363,0.26558968,CEP,139552.0,Unconstrained,ELL,2
299952811,65.0,ACF,1.476851760874979,0.8240722528623446,1.1410511994070678,96.33452624561346,0.0859282910823822,ELL,1.0,0.0,0.0444361215679316,0.11388362,0.05798644,ELL,93177.0,ELL,ELL,2
300917691,81.0,LS,5.787029852164245,0.0666266198760235,0.0650939951131377,6.129845049603318,0.011025225976482,ELL,0.988,0.12,0.2828902691857746,0.45308435,0.24366751,ELL,85615.0,ELL,ELL,2
301070914,41.0,LS,1.845560973928539,0.3330641846339066,0.3328494479568234,4.42358553509257,0.014926065923646,CEP,0.536,0.06,0.0986782731912147,0.89839506,0.4047656,CEP,81870.0,Unconstrained,ELL,2
301070914,54.0,LS,3.541693240109281,0.026438079828107,0.0153599556118374,2.331938013101535,0.0141825596801936,ELL,0.998,0.0,0.0865703436518534,0.19397467,0.08232684,ELL,81897.0,ELL,ELL,2
301070914,81.0,LS,1.8233126266300872,0.3504905242712039,0.3501586397563636,4.62774830719718,0.0145857909228652,CEP,0.509,0.02,0.0591875121964084,0.44330657,0.31041327,CEP,81904.0,Unconstrained,ELL,2
303211958,63.0,ACF,0.4143553305466412,0.3335804497707126,0.6551814811959803,44.73108433478055,0.0154983543325215,ELL,0.976,0.0,0.0177356589953686,0.0023610229,0.0006352213,ELL,144124.0,ELL,ELL,2
303492140,63.0,ACF,2.65048921381549,0.2706204571379573,0.0108838850437601,2.7263131554695974,0.0082876509986817,ELL,0.9955,0.12,0.2843313505401752,0.48887807,0.2642676,ELL,146395.0,ELL,ELL,2
303628910,63.0,LS,2.6528271577671143,0.0150301036540094,0.0107766826247946,3.962962379537202,0.0366057688370347,ELL,1.0,0.0,0.005066596490742,0.028986897,0.008691396,ELL,134054.0,ELL,ELL,2
303628910,64.0,ACF,2.6157266567042825,0.7973387408753587,1.537771222263129,272.11262128477074,0.037539277691394,ELL,0.988,0.0,0.0030748008065564,5.1876996e-05,1.6482818e-05,ELL,134064.0,ELL,ELL,2
303628910,64.0,LS,2.63841932535436,0.0162420290784478,0.0160537707477468,3.846517546215182,0.037539277691394,ELL,0.988,0.0,0.0638736252298239,0.021054266,0.021298017,ELL,134061.0,ELL,ELL,2
304264788,56.0,LS,0.5340867648792531,0.2627130036500578,0.262711921722692,4.471082676085644,0.0077952072024345,CEP,0.426,0.12,0.0350704205848746,0.07272071,0.035586756,CEP,90448.0,Unconstrained,ELL,2
304264788,83.0,ACF,1.071745607730918,0.3970700240911951,0.012331956245692,1.7329158480227989,0.0081430113641545,ELL,0.99,0.08,0.224156560466117,0.22290999,0.20390628,ELL,90162.0,ELL,ELL,2
304394483,75.0,ACF,1.657380437683969,0.5483289413879382,1.1424113555056874,444.43846505621207,0.0278590922243893,CEP,0.537,0.02,0.0605055501586424,0.19215205,0.15145385,CEP,8491.0,Unconstrained,ELL,2
304394483,75.0,LS,1.6683122188956678,0.5627214565401476,0.5626919823692654,4.771585305570625,0.0278590922243893,CEP,0.498,0.0,0.048246848601748,0.19385374,0.15437105,CEP,8488.0,Unconstrained,ELL,2
304394483,76.0,LS,1.0917063400018467,0.343167283392109,0.3431041151805477,4.814890602319792,0.0406456086784601,CEP,0.558,0.0,0.0655239681338058,0.5416835,0.2764265,CEP,8493.0,Unconstrained,ELL,2
304394483,82.0,LS,3.493207314326528,0.0125378817654457,0.0121404925456197,3.356142318185448,0.0219757691957056,ELL,0.998,0.04,0.1335479033905063,0.15421538,0.111630306,ELL,8504.0,ELL,ELL,2
304394483,83.0,LS,1.7078629896251782,0.251463079588531,0.2511502948310189,5.265036697619507,0.0238941237330436,CEP,0.476,0.1,0.097285427480173,0.5566122,0.37024313,CEP,8508.0,Unconstrained,ELL,2
304467979,63.0,ACF,2.513941348172011,0.7024122388896851,1.3771300892082483,266.0765774723327,0.0423250393941998,ELL,1.0,0.0,0.0021219095173922,0.020882439,0.0071896543,ELL,126494.0,ELL,ELL,2
304467979,64.0,LS,2.49184403778528,0.2950480572358978,0.2949766997999996,4.699193033113261,0.028779727872461,CEP,0.554,0.0,0.0514614574220357,0.1504904,0.12798043,CEP,126664.0,Unconstrained,ELL,2
304943076,37.0,ACF,0.4236143023781551,0.8781828180917057,1.6885956734337648,15.00133761915523,0.0162607245147228,ELL,0.956,0.0,0.0515516672863254,0.018922776,0.013526821,ELL,142669.0,ELL,ELL,2
304943076,38.0,ACF,0.4236028273980992,0.8919453357416199,1.6843172859793427,15.093228430267644,0.0164269795641303,ELL,0.942,0.0,0.0661727315440431,0.03388164,0.018403053,ELL,142519.0,ELL,ELL,2
304943076,64.0,LS,0.2122411062090791,0.8845255338679262,0.8845242150392015,4.505564234154008,0.0179974944330751,DST,0.718,0.0,0.0538290776439649,0.017483708,0.006872593,DST,142677.0,Unconstrained,ELL,2
305452483,63.0,LS,1.722619008649404,0.4541139096443658,0.4538413919064404,4.790123922844941,0.0131729908753186,CEP,0.5,0.06,0.0971940409695985,0.9515544,0.37405494,CEP,127751.0,Unconstrained,ELL,2
305452483,64.0,LS,5.17537512890009,0.0686974204738431,0.0600834433359015,4.261207236708287,0.0115957332309335,ELL,0.976,0.1,0.2699826372195071,0.4228542,0.23461258,ELL,127761.0,ELL,ELL,2
306136421,64.0,LS,1.2938588354649236,0.2914045375789527,0.2913964270984534,4.54505710714875,0.041460795328021,ELL,1.0,0.0,0.0032249030993194,0.03192032,0.0112746935,ELL,126963.0,ELL,ELL,2
306297115,64.0,ACF,1.444454391428735,0.708258385881545,1.347046602426052,148.01888193176217,0.0482120830565691,ELL,0.988,0.08,0.2264551204985217,0.22883381,0.21521136,ELL,83950.0,ELL,ELL,2
306489175,63.0,LS,2.3270476404517004,0.0752214798039283,0.0747103187096211,3.986458861872961,0.0087751209503039,CEP,0.425,0.1,0.1046935031413124,0.47909904,0.26346514,CEP,126638.0,Unconstrained,ELL,2
306489175,64.0,LS,3.844565113122306,0.0171015128193429,0.0146564991068871,10.16830753751492,0.0130168523173779,ELL,0.997,0.0,0.0196716649015786,0.045237124,0.013230867,ELL,126649.0,ELL,ELL,2
306922791,63.0,LS,1.036263643259225,0.1959310138824988,0.1959304207476833,4.530716646251676,0.0295675965026021,CEP,0.461,0.06,0.0807195242800649,0.62967837,0.36260265,CEP,122958.0,Unconstrained,ELL,2
306922791,64.0,ACF,1.155090322705746,0.3276867070727721,0.132385496543232,15.241269639310076,0.0339751690626144,ELL,0.981,0.1,0.2327297576589637,0.33535072,0.17818683,ELL,122983.0,ELL,ELL,2
307641232,59.0,ACF,2.7383717887419152,0.3693192703787871,0.6128267742315485,177.2604326007022,0.0192879524547606,ELL,0.9925,0.02,0.1583869316679367,0.41773415,0.20310213,ELL,16401.0,ELL,ELL,2
308388971,44.0,LS,1.9776360236255623,0.124991620370551,0.1120954815864433,3.7966853543184698,0.0280522112734615,ELL,0.9615,0.04,0.1742593899832469,0.575399,0.243046,ELL,20513.0,ELL,ELL,2
308388971,71.0,LS,1.7498493051670787,0.1508146047209013,0.1502315796154422,3.912010146825196,0.0325471977703273,CEP,0.47,0.02,0.0553720362638037,0.13918774,0.13093737,CEP,20523.0,Unconstrained,ELL,2
308388971,72.0,LS,2.3328794102052184,0.2759192681225975,0.275669054651337,4.320260685344692,0.0301386439241468,CEP,0.528,0.0,0.0484427744870171,0.65348804,0.33049607,CEP,20609.0,Unconstrained,ELL,2
309702035,4.0,LS,4.102805629915545,0.4336768584048912,0.4131085137332665,4.619565562493335,0.0603452185168862,CEP,0.482,0.08,0.120980824926928,0.21518889,0.13241881,CEP,22652.0,Unconstrained,ELL,2
309702035,8.0,LS,10.7575193937524,0.0831345640866165,0.0191930028880768,1.6869289883156853,0.0477625662460923,ELL,0.965,0.06,0.2363541148361923,0.58431876,0.22866586,ELL,22682.0,ELL,ELL,2
309702035,9.0,LS,2.7252843361711085,0.3664354900944057,0.3570046429030721,5.11994116513597,0.0334461755119264,CEP,0.514,0.0,0.1438401835371465,0.704177,0.34158248,CEP,22758.0,Unconstrained,ELL,2
309702035,10.0,LS,2.720173190180437,0.1817051102438719,0.1766091371783387,4.075074524774209,0.0363619718700647,CEP,0.786,0.06,0.1870041539645577,1.049089,0.30448133,CEP,22764.0,Unconstrained,ELL,2
309702035,11.0,LS,5.113657326457427,0.0728009020642231,0.0668641026279533,3.1340605713648984,0.0310564716346561,ELL,0.996,0.0,0.0637507647012959,0.27642792,0.10619366,ELL,22774.0,ELL,ELL,2
309702035,28.0,LS,8.444981626692456,0.0941237350061871,0.0815028917580064,5.072901151856058,0.0348456413485109,ELL,0.998,0.0,0.0534441764835047,0.18271624,0.08081451,ELL,22644.0,ELL,ELL,2
309702035,32.0,LS,8.057666814344202,0.7072912232855032,0.7072138883523121,3.9754063897416927,0.0721718138083815,CEP,0.561,0.0,0.0371868578936161,0.5844289,0.25647292,CEP,22669.0,Unconstrained,ELL,2
309702035,66.0,LS,2.84751696074138,0.2529395032409722,0.2287755689510995,3.763753230436123,0.0435693887993693,CEP,0.526,0.1,0.1296668716365132,0.94187057,0.4009071,CEP,22870.0,Unconstrained,ELL,2
309702035,67.0,LS,2.372928059809438,0.2384523149582669,0.2343142776745031,4.069349838835478,0.0571665074676275,CEP,0.511,0.1,0.102525930378612,1.0631931,0.4244332,CEP,22857.0,Unconstrained,ELL,2
309702035,69.0,LS,8.505311120489978,0.4721196760693031,0.4549304221376894,4.406894462208584,0.0571075640618801,ELL,0.9645,0.1,0.2850059515168061,0.50490874,0.27051964,ELL,22866.0,ELL,ELL,2
310709753,64.0,ACF,1.6065070869153717,0.8663651376579962,1.6761482228589526,170.6495926691366,0.0615239655598998,ELL,0.988,0.0,0.0092304062749155,0.007978452,0.006815703,ELL,101762.0,ELL,ELL,2
310709753,65.0,ACF,1.6064632849011105,0.8634879629935573,1.665279107851992,171.98529908552098,0.0619322480633854,ELL,0.988,0.0,0.0054700639850005,0.0011310225,0.00044881224,ELL,101768.0,ELL,ELL,2
312242985,41.0,ACF,1.2708353957254983,0.8973911288398296,1.639510115127638,46.57508836272274,0.0436991918832063,ELL,1.0,0.0,0.0280287370389748,0.0845066,0.038579214,ELL,118921.0,ELL,ELL,2
312242985,41.0,LS,1.2777168619669947,0.1563469053168991,0.1563378555190268,4.444927769498463,0.0436991918832063,ELL,1.0,0.0,0.0030490818290101,0.013921119,0.005090306,ELL,118918.0,ELL,ELL,2
312242985,54.0,ACF,1.2708627857673491,0.875342483755788,1.605522017385149,46.70052862449532,0.0438363151624798,ELL,1.0,0.0,0.0402022648615721,0.09482339,0.06025592,ELL,118932.0,ELL,ELL,2
312242985,54.0,LS,1.2726102427774375,0.1536763202013789,0.1536608831546628,4.386676129905027,0.0438363151624798,ELL,1.0,0.0,0.0137687363254584,0.03442206,0.012382764,ELL,118930.0,ELL,ELL,2
312242985,55.0,ACF,1.270822491407671,0.8967167359720848,1.637236541668408,46.88931603895648,0.0436167605221271,ELL,1.0,0.02,0.106192987844907,0.21694182,0.13700598,ELL,118701.0,ELL,ELL,2
312242985,55.0,LS,1.2684882456998228,0.1673712481225899,0.1673443845155075,4.522453355950347,0.0436167605221271,ELL,1.0,0.0,0.0200926877246425,0.034530777,0.019529816,ELL,118698.0,ELL,ELL,2
312242985,75.0,ACF,1.2685228850095882,0.8871906131288613,1.6238198139623634,141.1163034615766,0.0441105058416724,ELL,1.0,0.0,0.0463843087692379,0.062066443,0.042148434,ELL,118937.0,ELL,ELL,2
312242985,75.0,LS,1.2703904961384265,0.1813602909088031,0.1813341856211213,4.558825503223488,0.0441105058416724,ELL,1.0,0.0,0.0145661422483785,0.06840796,0.024832562,ELL,118935.0,ELL,ELL,2
312242985,81.0,ACF,1.2685366855421307,0.8935582690646436,1.6230875183691955,140.90722857524594,0.0455531431362032,ELL,1.0,0.0,0.041294551698741,0.13312367,0.082123846,ELL,118945.0,ELL,ELL,2
312242985,81.0,LS,1.2676533923583866,0.1748979003985466,0.1748815132120108,4.4903748722535965,0.0455531431362032,ELL,1.0,0.0,0.0031274430450449,0.021327991,0.00802472,ELL,118943.0,ELL,ELL,2
312242985,82.0,LS,1.2671194298199162,0.1404759190787245,0.1404652719504377,4.462058647688536,0.0438934937119483,ELL,1.0,0.02,0.1343505995520675,0.1336125,0.12072549,ELL,118950.0,ELL,ELL,2
312362971,41.0,LS,7.816624975905462,0.0284604056215429,0.0263455389766586,4.166280248657131,0.0588999176397919,ELL,0.955,0.06,0.2327725834371393,0.6708486,0.20992386,ELL,109892.0,ELL,ELL,2
312362971,54.0,LS,3.7441184063917343,0.5888275398203585,0.5873720705251334,4.273348191816695,0.0300559308379888,CEP,0.5,0.0,0.0722226446483372,0.54761046,0.23054418,CEP,109915.0,Unconstrained,ELL,2
312362971,55.0,LS,3.7711966815482536,0.4640834513974187,0.4636958239572898,6.047518081470116,0.0417594984173774,CEP,0.448,0.08,0.1339007931268519,0.81155026,0.35268116,CEP,109902.0,Unconstrained,ELL,2
312362971,75.0,LS,7.6929142624650595,0.109522576670657,0.1013423160576238,6.90050778962177,0.0476654572412371,ELL,1.0,0.0,0.0091394748207979,0.010135036,0.0035399415,ELL,109925.0,ELL,ELL,2
312362971,82.0,LS,7.602724010805161,0.0745621092269713,0.0502021906741866,3.137088446706912,0.0334149249829351,ELL,1.0,0.0,0.0573344434001063,0.1258287,0.0495406,ELL,109938.0,ELL,ELL,2
313446637,24.0,ACF,2.979212419360124,0.7988578282063049,1.2387493733176775,24.88326253893868,0.0219590263441205,ELL,0.99875,0.0,0.047094207711777,0.29794043,0.11581282,ELL,55943.0,ELL,ELL,2
313644986,64.0,ACF,1.2291881126402586,0.3327820483644463,0.0126531063996275,1.6326196007571523,0.0048420295934192,CEP,0.479,0.04,0.0718324829029318,0.5137329,0.2814195,CEP,97391.0,Unconstrained,ELL,2
313644986,64.0,LS,1.2459468082526983,0.3510954368889041,0.3510754111634334,4.365172961188364,0.0048420295934192,CEP,0.471,0.02,0.0471686166852495,0.09590943,0.13113081,CEP,97374.0,Unconstrained,ELL,2
313644986,65.0,ACF,2.4745172215771163,0.309307373314765,0.5947365055771532,248.5688369733084,0.0048519513802602,ELL,0.994,0.12,0.2986206288922451,0.36172268,0.28322837,ELL,97443.0,ELL,ELL,2
313799330,57.0,LS,1.8433936724405475,0.3304537903751912,0.3303097153566615,4.15074212289619,0.0188803579658269,ELL,0.983,0.08,0.2129728208011529,0.23245467,0.21182977,ELL,39461.0,ELL,ELL,2
313799330,77.0,LS,1.846117568673727,0.2528752984940821,0.2526715493772625,4.15297062803802,0.02091312315315,ELL,1.0,0.0,0.0033286633954186,0.006028764,0.0017060143,ELL,39469.0,ELL,ELL,2
313799330,84.0,LS,1.8391215690259863,0.2931612448462012,0.2931409350833783,4.6112996870069765,0.0216128304600715,ELL,0.995,0.02,0.1332154199032529,0.125184,0.107944995,ELL,39476.0,ELL,ELL,2
314034024,57.0,LS,5.13516303779048,0.0315359339742702,0.0312643147261414,3.777108956106531,0.014037936925888,ELL,1.0,0.02,0.1165631678533146,0.27544636,0.16382433,ELL,59109.0,ELL,ELL,2
314034024,77.0,LS,5.196483684435323,0.0133067530299485,0.0132880916399286,3.799682107688568,0.0135735317599028,ELL,0.996,0.02,0.1027335115724173,0.12194453,0.08062417,ELL,59129.0,ELL,ELL,2
314034024,84.0,LS,0.1306988684040806,0.3010926160138642,0.3010921407375816,4.327247435601748,0.0141699111554771,DST,0.95,0.0,0.0241467513342892,0.016691929,0.009723614,DST,59142.0,DST,ELL,2
314368569,57.0,LS,11.982075474695838,0.0542715272006364,0.0298066228066247,2.576239852089202,0.0089538219617679,ELL,1.0,0.02,0.1431983900049159,0.250497,0.14109339,ELL,53819.0,ELL,ELL,2
314369238,57.0,ACF,1.131943703041543,0.3385224675530092,0.4462286014930658,227.270185379678,0.0213065021671354,CEP,0.456,0.04,0.0777520263401539,0.32614666,0.22391252,CEP,80847.0,Unconstrained,ELL,2
314369238,57.0,LS,1.1233192850327542,0.243169665699193,0.2430966328748207,4.833893257760792,0.0213065021671354,CEP,0.469,0.04,0.0674388612003494,0.26166224,0.20193616,CEP,80841.0,Unconstrained,ELL,2
314369238,84.0,LS,2.1820111000272586,0.0623898875155376,0.06149304522921,3.600026917145442,0.0192316225729882,ELL,0.988,0.06,0.2151785305275598,0.2344477,0.20854296,ELL,80867.0,ELL,ELL,2
314393072,65.0,ACF,0.4629623754226486,0.6740930656162748,1.269512209534753,49.59150611251965,0.0398835819214582,ELL,0.966,0.0,0.0269257200460823,0.010767741,0.0047228336,ELL,36894.0,ELL,ELL,2
315336800,56.0,LS,1.1914416536563834,0.2727394547175563,0.2727183723582691,4.022813891318947,0.0060173141537234,CEP,0.47,0.02,0.0489652938314475,0.1372048,0.14664614,CEP,102490.0,Unconstrained,ELL,2
315336800,76.0,LS,1.0917814220551512,0.1630525738895927,0.1630471327863618,4.979285279292526,0.0052531244000419,CEP,0.47,0.02,0.0585420737589641,0.40723166,0.27834588,CEP,102536.0,Unconstrained,ELL,2
315336800,83.0,LS,4.155487562700501,0.0923582940572229,0.0904073537964933,4.8968534723208,0.0095467147184535,ELL,0.98875,0.02,0.1342446781481899,0.32100204,0.17074369,ELL,102552.0,ELL,ELL,2
315336800,84.0,ACF,2.4073636644607177,0.4252506202119651,0.7265873634715262,281.33463395597744,0.0067232124274596,ELL,0.9925,0.0,0.0702490597801849,0.3132952,0.121750034,ELL,102559.0,ELL,ELL,2
315357177,56.0,LS,7.7444538239042995,0.0370606354974159,0.0336268017431678,5.005751542834332,0.0130612275097519,ELL,0.863,0.06,0.2002471011533663,0.66514796,0.28747582,ELL,88635.0,ELL,ELL,2
315357177,57.0,LS,4.108079082627031,0.1455743643480126,0.1440983358529843,4.216584968558891,0.0140535237733274,CEP,0.446,0.06,0.0769502280698374,0.25107414,0.20768574,CEP,88649.0,Unconstrained,ELL,2
315357177,76.0,LS,4.1024030185622,0.1125893651592884,0.1124811256873504,3.8447566291361,0.0119779095984995,CEP,0.422,0.12,0.0840706845458034,0.7439238,0.3916201,CEP,88661.0,Unconstrained,ELL,2
315357177,77.0,LS,10.021913797975063,0.029844333525126,0.0269800058470483,4.465251216148317,0.0136114936321973,ELL,0.908,0.1,0.2200524308832616,0.6906276,0.29687443,ELL,88675.0,ELL,ELL,2
315357177,83.0,LS,2.833579267706908,0.1059401993787406,0.0988649474968922,5.517362818784022,0.0116858794353902,CEP,0.486,0.02,0.0699542250332315,0.98425096,0.39536086,CEP,88684.0,Unconstrained,ELL,2
315357177,84.0,LS,3.786375751632853,0.1468604443190111,0.1448231137409089,3.8701181244687177,0.0128746323753148,CEP,0.455,0.06,0.0907733969839181,1.0050889,0.4145178,CEP,88697.0,Unconstrained,ELL,2
315370725,39.0,ACF,0.4097197553501246,0.8982797816828633,1.746231710650866,14.640771298330954,0.1249920390546321,ELL,0.97,0.0,0.0777139472681706,0.23753977,0.08632987,ELL,54228.0,ELL,ELL,2
315370725,66.0,ACF,0.4097169220922296,0.9010104071570222,1.7762976644777255,43.77809766065218,0.1526725944131612,ELL,0.981,0.0,0.0487429994973637,0.011874676,0.0050917757,ELL,54334.0,ELL,ELL,2
315506577,39.0,ACF,0.4374940948016501,0.8398489808842712,1.4787119196236664,15.5643336376148,0.0854043941944837,ELL,0.969,0.0,0.0703804063642715,0.10608065,0.03053256,ELL,51907.0,ELL,ELL,2
315506577,66.0,ACF,0.4351798184725339,0.8186985118407102,1.2007108123982762,46.35273376184017,0.0867497362196445,ELL,0.955,0.02,0.1549828171120914,0.20082021,0.12041627,ELL,52091.0,ELL,ELL,2
315830698,37.0,LS,0.7224247008202186,0.5775744547082047,0.5775664340052873,4.0213817485564505,0.0487246550619602,CEP,0.515,0.04,0.0524079993894062,0.19493833,0.17856546,CEP,104379.0,Unconstrained,ELL,2
315830698,38.0,LS,0.7250012396595753,0.5320902748962107,0.5320412190973615,3.8723733525712314,0.0599216436967253,CEP,0.53,0.0,0.0428989696845973,0.11647148,0.12514476,CEP,104605.0,Unconstrained,ELL,2
315830698,64.0,ACF,1.4606521837295077,0.7351441717074986,1.4399487864880078,155.68104775034033,0.0558661064133048,ELL,0.998,0.02,0.0953707733008388,0.16476713,0.080083326,ELL,104629.0,ELL,ELL,2
316144493,38.0,ACF,0.430553978527314,0.8717411879735997,1.7100090363781106,15.393120268166378,0.0490804994478821,ELL,0.97,0.0,0.084209664528485,0.12920189,0.081787795,ELL,103246.0,ELL,ELL,2
316144493,65.0,ACF,0.4305539697870699,0.8578841027861248,1.6776466236322334,46.29008231701621,0.0492395786568522,ELL,0.925,0.02,0.1570032878636622,0.23979217,0.14993344,ELL,103259.0,ELL,ELL,2
316303529,56.0,LS,4.978565616000309,0.021394710854032,0.0201255524518413,5.648563537481095,0.0140056107193231,ELL,0.988,0.0,0.0974974543257412,0.05387589,0.041642603,ELL,71664.0,ELL,ELL,2
316303529,57.0,LS,2.4370059949490623,0.3435695725044899,0.3430157399996303,3.834046765765379,0.0156649807468056,CEP,0.459,0.02,0.055769654831279,0.34048256,0.24159497,CEP,71848.0,Unconstrained,ELL,2
316303529,76.0,LS,2.334133723780011,0.3079077800036061,0.3076519029496121,5.697427134455211,0.0133751332759857,CEP,0.501,0.04,0.0800649736151833,1.0157992,0.3877721,CEP,71654.0,Unconstrained,ELL,2
316303529,84.0,LS,2.4290052291930024,0.1613443742927728,0.1611158837353341,4.40654540964897,0.0116875441744923,CEP,0.451,0.1,0.0963130313093716,0.513861,0.3119469,CEP,71864.0,Unconstrained,ELL,2
316783284,17.0,LS,3.0701296114050605,0.6768628143731136,0.675990470924096,4.167986412479422,0.0113973580300807,ELL,0.9325,0.12,0.2446681599554793,0.8749999,0.31074515,ELL,93916.0,ELL,ELL,2
316783284,57.0,ACF,3.053198203246211,0.6886096250632496,1.025759500067203,407.3253735446326,0.0112271285615861,ELL,0.987,0.02,0.1451448548864203,0.4419696,0.16630152,ELL,93954.0,ELL,ELL,2
316783284,76.0,ACF,3.050887926647192,0.8333873475324116,1.2565487868663163,404.8277025536104,0.0133894511964172,ELL,0.9395,0.04,0.183765429436551,0.6999804,0.27112666,ELL,93925.0,ELL,ELL,2
316783284,77.0,LS,3.050145318488087,0.5312240857704565,0.5309981872528873,3.6038202913623536,0.0138557248283177,ELL,0.992,0.04,0.1538900275391488,0.378685,0.17878902,ELL,93974.0,ELL,ELL,2
316783284,83.0,LS,3.040614439833285,0.6962093153427874,0.6956715703905157,4.414574570018885,0.0116943311877548,ELL,0.95,0.1,0.2304484812273667,0.7854285,0.26431552,ELL,94020.0,ELL,ELL,2
317394049,64.0,ACF,5.358811099849845,0.3607129744021007,0.0090151767101964,2.0724829475529987,0.012411136412993,ELL,1.0,0.06,0.1833510687179106,0.22510982,0.15070756,ELL,133889.0,ELL,ELL,2
317793365,64.0,ACF,1.5694541472112178,0.2288884058238304,0.0092560261772401,3.3952517735207266,0.0084476824849843,ELL,0.998,0.04,0.1850510199917849,0.19187364,0.18485002,ELL,116403.0,ELL,ELL,2
318614968,17.0,LS,2.0614034671613912,0.1434076088482049,0.1413066960885605,4.018682244975025,0.0239112181589007,CEP,0.5640000000000001,0.02,0.1274787448949824,0.05984176,0.017930603,CEP,69317.0,Unconstrained,ELL,2
318614968,77.0,LS,2.0939209645047434,0.263964712707382,0.2628949882661788,3.5756948775306228,0.0210982165299356,CEP,0.409,0.12,0.1175369150522507,0.37667578,0.21496506,CEP,69334.0,Unconstrained,ELL,2
318614968,78.0,LS,3.835147633076646,0.1931846976890961,0.1735794707781025,10.204263251707744,0.0113784021232277,ELL,0.9185,0.12,0.2496063548906112,0.90007097,0.30488345,ELL,69341.0,ELL,ELL,2
319075697,78.0,LS,0.7101068482655102,0.0826818313118131,0.0824819342826887,3.71492993233187,0.1192388217896223,ELL,0.994,0.0,0.0499146902347852,0.10022384,0.043816082,ELL,1798.0,ELL,ELL,2
319354825,37.0,ACF,1.4791789505807174,0.4267866468507398,0.8070437153944415,111.49121336600696,0.0047681940486654,CEP,0.5,0.06,0.1311393091334554,0.60133225,0.2900869,CEP,111461.0,Unconstrained,ELL,2
319354825,37.0,LS,1.5231907256843835,0.3018448122832817,0.3018344749995673,5.689545129929684,0.0047681940486654,CEP,0.492,0.02,0.0738375405874274,0.37604743,0.18914549,CEP,111458.0,Unconstrained,ELL,2
319354825,38.0,LS,3.25367733794781,0.0108625440768935,0.0108459481887344,4.196266888917307,0.0046196050243452,ELL,0.998,0.04,0.1527291733756193,0.18158285,0.13018027,ELL,111598.0,ELL,ELL,2
319354825,64.0,ACF,1.4884366249134473,0.231060998988345,0.4218766599245076,314.4417652332975,0.0069920177338644,CEP,0.487,0.06,0.0806292155487079,0.8147868,0.37555492,CEP,111674.0,Unconstrained,ELL,2
319354825,64.0,LS,1.4951217047174246,0.1872987612478366,0.1872746334569181,4.107417081257154,0.0069920177338644,CEP,0.47,0.06,0.0943873635610191,0.813069,0.36022964,CEP,111642.0,Unconstrained,ELL,2
319507421,64.0,LS,7.475591247035961,0.038195030114132,0.0266269216205359,3.1020940959679137,0.024907817132771,ELL,0.95,0.1,0.2353879522041371,0.6481042,0.23312092,ELL,129510.0,ELL,ELL,2
319753914,71.0,ACF,1.4677162369766847,0.8367855572270672,1.6254311541304594,155.8456821537842,0.2192163094878196,ELL,0.8958333333333333,0.08,0.2081681393959409,0.49624807,0.20503028,ELL,48236.0,ELL,ELL,2
319753914,72.0,ACF,1.4676680931288502,0.8411251387536134,1.6299674160411168,155.43665313959082,0.2131257392466068,ELL,0.983,0.0,0.1059015803050696,0.30491787,0.12870584,ELL,48243.0,ELL,ELL,2
319804949,64.0,ACF,1.398155244984082,0.5160129528041124,0.880909719617254,157.10937499616043,0.018905415199697,ELL,0.9005,0.12,0.2238084459743854,0.5839935,0.2735012,ELL,127099.0,ELL,ELL,2
319815331,64.0,ACF,2.553256782437529,0.8463317018217127,1.6034706589542902,275.2753389438733,0.0473338039591908,ELL,0.988,0.0,0.0050596442562694,0.003163507,0.0022464888,ELL,122501.0,ELL,ELL,2
319936621,64.0,ACF,5.187538330912048,0.1775715701555607,0.0075054683754101,2.2808459430530093,0.0095159240299835,ELL,0.983,0.12,0.3005915436268958,0.4936784,0.28792882,ELL,114113.0,ELL,ELL,2
322338879,58.0,LS,5.543088142490615,0.0317628357334581,0.0297862437675367,3.973407484143536,0.0166889315005391,ELL,0.994,0.06,0.1985828834517214,0.25839713,0.16062234,ELL,9710.0,ELL,ELL,2
323082644,65.0,LS,5.568957408028475,0.0258009559205793,0.025490773622341,4.93191305356595,0.0317187514156103,ELL,0.8374999999999999,0.1,0.2477603440827446,0.80233675,0.25579113,ELL,114635.0,ELL,ELL,2
323326262,64.0,ACF,1.4305655507851045,0.620316727494199,1.143146211192204,157.2617072463819,0.0363448215648531,ELL,0.9845,0.04,0.1910379187491321,0.23470801,0.118469864,ELL,133394.0,ELL,ELL,2
325237845,10.0,ACF,0.9375162814905024,0.42406678724062,0.7390921452866093,10.826661898617807,0.0988495722413063,ELL,0.963,0.02,0.1641874343547641,0.52069396,0.22294301,ELL,101939.0,ELL,ELL,2
325237845,38.0,LS,4.168787009163564,0.1216840555893315,0.1206180962547849,3.523390134891088,0.0717275124043226,CEP,0.467,0.0,0.0654748684611126,0.13954699,0.07017413,CEP,101968.0,Unconstrained,ELL,2
325772402,16.0,LS,2.927361760636363,0.0891935761448209,0.0380230205874874,2.80156016154433,0.0023912990582175,ELL,0.954,0.02,0.1559612054326331,0.53668636,0.1683199,ELL,82428.0,ELL,ELL,2
325772402,17.0,LS,4.382631735632254,0.0319207459568012,0.0273692895813335,3.635433576223022,0.0021117931464686,ELL,0.9895,0.02,0.1465355506353322,0.27700785,0.14856717,ELL,82644.0,ELL,ELL,2
326815804,18.0,LS,1.7179637526497284,0.5737054351452837,0.5736911623735219,4.040350748031415,0.0318012107163667,CEP,0.536,0.0,0.0451669968007615,0.39223027,0.16740717,CEP,56010.0,Unconstrained,ELL,2
326815804,24.0,LS,1.716724671486391,0.6357295245359187,0.63543724570911,4.4367615580849815,0.0277185509912669,CEP,0.659,0.0,0.0940437430135572,1.2668397,0.34448028,CEP,56002.0,Unconstrained,ELL,2
326815804,57.0,LS,1.7117448466798555,0.5452168747639264,0.5442829332873467,4.017231932892173,0.0287138065323233,CEP,0.521,0.02,0.0883883793266965,1.221415,0.42301646,CEP,56023.0,Unconstrained,ELL,2
326815804,58.0,LS,1.71079253831345,0.5551811867027215,0.5550728621878829,4.566434280764952,0.031597064808011,CEP,0.53,0.0,0.052808120587652,0.882993,0.3882102,CEP,56031.0,Unconstrained,ELL,2
326815804,77.0,LS,1.7110135024608726,0.5450789730737314,0.5445004873551323,3.547675722351414,0.0318834092468023,CEP,0.472,0.0,0.0494391100243521,0.051588647,0.054422755,CEP,56040.0,Unconstrained,ELL,2
326815804,78.0,LS,2.130624233544027,0.1024494131459056,0.0986144003846852,3.8974613902610153,0.0322337634861469,ELL,0.9845,0.02,0.1447279600353711,0.5040144,0.22082949,ELL,56049.0,ELL,ELL,2
326815804,84.0,LS,1.7165357671784789,0.5836865380954643,0.5832681427864342,4.503256990261434,0.0292301177978515,CEP,0.492,0.0,0.0493308179538916,0.048127167,0.038632352,CEP,56056.0,Unconstrained,ELL,2
327774344,38.0,LS,8.337646596222614,0.0887024264802118,0.0813706633356594,4.426733762864387,0.0613086950033903,ELL,0.986,0.0,0.0943756239714472,0.25385988,0.069755286,ELL,85692.0,ELL,ELL,2
328636088,56.0,LS,6.97000615558261,0.0841202843365782,0.0351603300229742,2.338160272065579,0.0443137995898723,ELL,0.999,0.04,0.1362476113552087,0.15689655,0.11091923,ELL,54428.0,ELL,ELL,2
328746393,56.0,LS,0.6423978925894194,0.1453949072918724,0.1453857331208863,4.350569067773904,0.0119032780639827,CEP,0.468,0.1,0.1014326259149392,0.26261765,0.15042935,CEP,26432.0,Unconstrained,ELL,2
328746393,76.0,LS,0.7438420698416388,0.1304404364522298,0.1304268050809477,4.356922982329706,0.0294805620796978,ELL,0.956,0.1,0.2643632538761769,0.40650156,0.26002133,ELL,26458.0,ELL,ELL,2
328746393,83.0,LS,0.6459984387776477,0.0428185484044332,0.0424599223029814,5.8745140365863335,0.0299384631216526,ELL,0.969,0.04,0.1698316354511137,0.19781932,0.15242317,ELL,26486.0,ELL,ELL,2
328746393,84.0,LS,0.6436883492086054,0.071101754636514,0.0703801035807489,4.062513394481357,0.0309833884239196,ELL,0.968,0.02,0.0915921394007149,0.0552696,0.053816922,ELL,26502.0,ELL,ELL,2
328829126,56.0,LS,1.56625237210706,0.0861845560160068,0.0861727112880751,3.843263606086112,0.0240235170349478,CEP,0.44,0.04,0.1059636239470885,0.24711314,0.16032913,CEP,81715.0,Unconstrained,ELL,2
328829126,76.0,LS,9.670214476418066,0.0486487154951663,0.0289660636719666,3.144229902991356,0.0165346998255699,ELL,1.0,0.0,0.0659888626966702,0.17135343,0.08371845,ELL,81727.0,ELL,ELL,2
328829126,82.0,LS,1.557212881470895,0.1920098987289891,0.1910518187568931,4.826530713646207,0.013115321053192,CEP,0.504,0.04,0.0954062974860674,0.82151824,0.38748795,CEP,81734.0,Unconstrained,ELL,2
328829126,83.0,LS,2.899399717997301,0.2368702800510714,0.2366181420932943,5.123682726993138,0.0148562318645417,CEP,0.469,0.06,0.0967768236717862,1.0875244,0.3911911,CEP,81743.0,Unconstrained,ELL,2
329136926,56.0,ACF,1.3055746492609617,0.4684501722899667,0.9427584873419228,149.4457734197917,0.0350515590980649,ELL,1.0,0.02,0.1206571406921281,0.0710321,0.0909573,ELL,83863.0,ELL,ELL,2
329136926,57.0,ACF,1.3009125119087912,0.3955747963173787,0.7652040627183427,148.53708134082888,0.0307644950225949,ELL,0.986,0.1,0.2538568108205883,0.4380556,0.23066407,ELL,83882.0,ELL,ELL,2
329136926,76.0,ACF,1.3009000394231407,0.5845148978719072,1.164209288126457,145.34221648999232,0.04509755410254,ELL,0.988,0.0,0.1023968749523148,0.053926423,0.041678872,ELL,83899.0,ELL,ELL,2
329136926,77.0,ACF,0.6759263492385799,0.5613431070016329,1.0657016979355136,127.44563161360864,0.0368815404362976,CEP,0.462,0.04,0.0683838694430199,0.43520707,0.29092658,CEP,83913.0,Unconstrained,ELL,2
329136926,77.0,LS,0.6556361785775158,0.4645343148202311,0.4645300728425937,3.743863531275565,0.0368815404362976,CEP,0.502,0.02,0.0691729542523666,0.3994907,0.24521467,CEP,83909.0,Unconstrained,ELL,2
329136926,83.0,LS,0.6527015297815073,0.4869387787212164,0.4869310965749658,4.619676956241165,0.0338296475820243,CEP,0.512,0.12,0.1117010008907709,0.37648454,0.25753835,CEP,83922.0,Unconstrained,ELL,2
329136926,84.0,ACF,1.3032276779285894,0.4948610266607537,0.9778894113296648,147.71317641424844,0.0337016698904335,ELL,1.0,0.02,0.0935839729868314,0.082609884,0.08069995,ELL,83943.0,ELL,ELL,2
329618659,83.0,LS,7.792128020136319,0.1135597907544171,0.0904361449241692,3.6656923044829455,0.0163126189727336,ELL,1.0,0.0,0.0037352911533105,0.010929462,0.003654497,ELL,109877.0,ELL,ELL,2
329765896,84.0,ACF,0.8749888535744503,0.3010848207576219,0.6002012859962802,97.7900447766749,0.020103445276618,ELL,0.998,0.04,0.154363150220692,0.16838117,0.14160487,ELL,56370.0,ELL,ELL,2
329900831,80.0,ACF,2.398160041493611,0.3731011522723244,0.0083192145402354,1.109601892774435,0.0140563352033495,ELL,1.0,0.0,0.0475940374416795,0.0460955,0.030318469,ELL,53765.0,ELL,ELL,2
329994307,56.0,LS,3.167925092229108,0.4741114918644069,0.4736632517247052,4.436256661207153,0.0360068120062351,CEP,0.51,0.02,0.0803692378961005,1.0070119,0.4058434,CEP,77958.0,Unconstrained,ELL,2
329994307,57.0,LS,3.1951904311324357,0.4393347855273013,0.4377436631486762,4.104042260958522,0.0388117274269461,CEP,0.503,0.02,0.0914281707134075,0.3527077,0.21260223,CEP,77967.0,Unconstrained,ELL,2
329994307,76.0,LS,3.2230410100439286,0.5750033601847293,0.5736499525429929,4.501278689807805,0.0388391991145908,CEP,0.5,0.02,0.072214668869974,0.7717167,0.36749816,CEP,77974.0,Unconstrained,ELL,2
329994307,83.0,LS,3.280685696959215,0.494775659515653,0.4933847660388566,4.105730442672211,0.0385278277099132,CEP,0.458,0.06,0.0913673902440033,0.5328233,0.28789008,CEP,77979.0,Unconstrained,ELL,2
329994307,84.0,LS,6.775656730701725,0.0272597745268832,0.0263272125532479,5.378324810248159,0.0283610564656555,ELL,0.997,0.02,0.1430604767222589,0.2647714,0.105291724,ELL,77989.0,ELL,ELL,2
329999543,56.0,LS,8.712527195063304,0.0200841285326169,0.0188560444487091,2.9331329528395145,0.0202298583462834,ELL,0.996,0.0,0.0075286120898874,0.0055470434,0.0015274665,ELL,83755.0,ELL,ELL,2
329999543,57.0,LS,4.228936201949408,0.9297637182604862,0.9278609986294934,4.090542712321621,0.0191459152847528,CEP,0.561,0.0,0.0670808467448048,0.76569414,0.36057281,CEP,83757.0,Unconstrained,ELL,2
329999543,76.0,LS,4.230598753793301,0.9353259751549692,0.9351184590813202,4.378747163751541,0.0193515256978571,CEP,0.558,0.0,0.0495864658954436,0.6067978,0.24138634,CEP,83759.0,Unconstrained,ELL,2
329999543,77.0,LS,4.251692822286837,0.9188140064722888,0.9136770673662226,3.60283289567451,0.019012507982552,CEP,0.56,0.0,0.0517142301499306,0.8058875,0.38397792,CEP,83762.0,Unconstrained,ELL,2
329999543,83.0,LS,4.155925970747224,0.8355675348257374,0.8351462507886176,4.628282370023953,0.0202666991390287,CEP,0.559,0.0,0.0556963338111226,0.21426177,0.14476258,CEP,83765.0,Unconstrained,ELL,2
329999543,84.0,LS,4.152829369195385,0.8920441227238206,0.8913591649377701,4.439935466114548,0.0195994274690747,CEP,0.546,0.0,0.0508940232247363,0.5681902,0.28066164,CEP,83768.0,Unconstrained,ELL,2
330241794,57.0,ACF,0.5509179178816339,0.6275531674894707,1.114298869588994,57.41720893296952,0.0412589590996503,ELL,0.982,0.0,0.0181746636832707,0.002519666,0.00056851393,ELL,75800.0,ELL,ELL,2
330241794,76.0,ACF,0.5509159055636701,0.5088687280505644,0.9209044977495796,54.6002642103723,0.033410657197237,ELL,0.967,0.0,0.0964684901923939,0.13642803,0.09520722,ELL,75817.0,ELL,ELL,2
330241794,77.0,LS,1.047064835123796,0.0308412102319685,0.0307860556318807,3.4044923013061634,0.0368406274355948,ELL,0.998,0.04,0.1275250845083317,0.3062498,0.13494195,ELL,75838.0,ELL,ELL,2
330241794,83.0,LS,0.5328089440761762,0.1936146883784816,0.1935979552592641,4.977346174258855,0.0384541205130517,CEP,0.424,0.1,0.0522480391976579,0.21590835,0.16275448,CEP,75853.0,Unconstrained,ELL,2
330241794,84.0,ACF,0.5509181874822389,0.5225910858075398,0.9373601869379442,57.88604476392848,0.0459126383066177,ELL,0.994875,0.0,0.0440960628019059,0.08569538,0.047364064,ELL,75875.0,ELL,ELL,2
330383771,57.0,ACF,2.717562384928897,0.6232187194004839,1.0023314800539536,213.52838548033287,0.0159400003030896,ELL,0.998,0.0,0.036073724509676,0.028627641,0.011230911,ELL,44407.0,ELL,ELL,2
330383771,76.0,ACF,2.7337410728723626,0.7414322394580201,1.0973094236135537,173.2660834115161,0.0185385218355804,ELL,1.0,0.0,0.0284527959961758,0.022732062,0.01622989,ELL,44413.0,ELL,ELL,2
330383771,77.0,ACF,1.3564828772941837,0.6661775700533091,1.0896425051188183,143.26063028951933,0.0167061388492584,ELL,0.988,0.0,0.0055592805289893,0.00066375744,0.00016590474,ELL,44424.0,ELL,ELL,2
330383771,83.0,ACF,2.7407717176683946,0.7628931414486343,1.1668577036240064,203.89393613885977,0.0258060614578425,E,0.998809440649122,0.02,0.0938881898873556,0.040160697,0.030051373,E,44430.0,E,ELL,2
330383771,84.0,ACF,2.696730059564061,0.628378704974839,0.9364557433967722,170.5604890471093,0.0247376691550016,ELL,1.0,0.0,0.0052216472496713,0.0026174816,0.0008335906,ELL,44441.0,ELL,ELL,2
330479720,76.0,LS,3.384475580307763,0.5756526183542575,0.5755453159770649,4.263242180953967,0.0275729433633387,CEP,0.461,0.0,0.0692807505733013,0.39064562,0.22715302,CEP,92255.0,Unconstrained,ELL,2
330479720,77.0,LS,10.792744147230886,0.0667874959148718,0.0562880102677902,2.638710395887756,0.0309491762891411,ELL,1.0,0.0,0.0059841457201508,0.009950811,0.0019718981,ELL,92261.0,ELL,ELL,2
331074315,77.0,LS,10.792815083116242,0.0283925498101082,0.0207661383669344,2.969913485540019,0.0328752351924777,ELL,0.998,0.0,0.0173355847896746,0.14589325,0.035547163,ELL,89555.0,ELL,ELL,2
331161578,65.0,LS,9.28162982155694,0.1703901577179071,0.1670420839476869,3.820732326392317,0.0618524150922894,ELL,0.976,0.02,0.1487564788505025,0.17204629,0.107650526,ELL,122877.0,ELL,ELL,2
331664814,11.0,LS,0.5137041981316643,0.1450943277713209,0.1450604637250842,3.853357005374619,0.0030139871523715,CEP,0.524,0.02,0.088070480866179,0.32075852,0.096438326,CEP,105774.0,Unconstrained,ELL,2
331664814,65.0,LS,2.0474192927340886,0.038585131774506,0.0379011573472275,7.700754708119348,0.0047635546070523,ELL,0.98,0.08,0.2418707167062602,0.31163734,0.20677346,ELL,105810.0,ELL,ELL,2
332367505,58.0,ACF,8.50916968871752,0.4404970119636208,0.6005989122256877,18.58566570964604,0.0051277899183332,ELL,0.998,0.04,0.2008991229448252,0.23014435,0.16747089,ELL,18924.0,ELL,ELL,2
333064144,18.0,ACF,2.020820511111424,0.4291473105304014,0.7683531012288659,26.60607892698917,0.0079586519859731,ELL,1.0,0.0,0.0216299999999999,0.027930021,0.015459019,ELL,8812.0,ELL,ELL,2
336199245,83.0,LS,2.7103924622652498,0.0778597266378255,0.0774130833155433,5.510753503771412,0.0130320701282471,ELL,0.9765,0.1,0.2238477303883155,0.31877458,0.18765964,ELL,46170.0,ELL,ELL,2
336985510,44.0,LS,8.619277997325494,0.0373919188992273,0.0142552649828439,2.429096480995213,0.0108309765346348,ELL,1.0,0.0,0.011498260738042,0.022973986,0.0064644143,ELL,5694.0,ELL,ELL,2
336985510,71.0,LS,2.726176341744183,0.1076889869771843,0.1073508806205187,6.710664646394434,0.0138140656054019,CEP,0.425,0.06,0.1074971181009053,0.3605733,0.19806837,CEP,5727.0,Unconstrained,ELL,2
337364158,16.0,LS,2.9766129897918483,0.0783765602185878,0.0722887613571085,3.6315639289591672,0.0025757026742212,CEP,0.485,0.02,0.0685872174679801,0.58575356,0.2883323,CEP,57900.0,Unconstrained,ELL,2
337364158,24.0,LS,12.017162253737707,0.0695728697674237,0.0054192167260909,1.0569450625662284,0.0029476429335772,ELL,0.965,0.06,0.2177666641155161,0.6827257,0.18369578,ELL,57888.0,ELL,ELL,2
337474208,77.0,LS,3.597571382334152,0.0356207068387749,0.0355795207419644,3.5646584573187283,0.0251891044899821,ELL,1.0,0.0,0.0495367580691348,0.1525542,0.10082696,ELL,58138.0,ELL,ELL,2
337474208,84.0,LS,8.582549605028662,0.0174249052957908,0.0169715929900939,4.737304888516519,0.0256737251766026,ELL,0.984,0.04,0.1804347682682026,0.22703966,0.15459718,ELL,58190.0,ELL,ELL,2
338679668,64.0,LS,4.485401374420612,0.1417488519378438,0.1413812610388364,4.625729500072339,0.0130642973817884,CEP,0.4679999999999999,0.08,0.1021512917196841,1.1185883,0.3721012,CEP,89058.0,Unconstrained,ELL,2
338679668,65.0,LS,8.665952267423476,0.0789448106871782,0.0779605854224554,5.621734214902972,0.0137394305784255,ELL,0.991,0.06,0.1717143628238476,0.35174355,0.12978503,ELL,89070.0,ELL,ELL,2
339565205,12.0,LS,2.8222018778022413,0.3117792262504432,0.31177689174021,5.026326341461299,0.098836338147521,CEP,0.5609999999999999,0.0,0.1269457584955086,0.73925686,0.2902906,CEP,55197.0,Unconstrained,ELL,2
339565205,39.0,LS,4.356539552369867,0.0224442195026552,0.0048914880744934,2.2018528773296566,0.1135003101080656,ELL,0.9995,0.0,0.0156156972306714,0.13574582,0.027364904,ELL,55216.0,ELL,ELL,2
339568433,66.0,LS,9.580568820939124,0.0723868267275063,0.0506927486155181,4.225592524449894,0.0120591931045055,ELL,0.981,0.06,0.232840152035683,0.3746181,0.20365028,ELL,39554.0,ELL,ELL,2
339570292,12.0,LS,0.9132244477406142,0.0855452699230062,0.0855312867616548,3.798989871618687,0.0277614453807473,CEP,0.616,0.04,0.1125570717458481,0.13926059,0.026412318,CEP,32431.0,Unconstrained,ELL,2
339570292,39.0,LS,1.7426158363729762,0.1392286998594949,0.1388877518214902,5.434601322671369,0.0244120997376739,CEP,0.47,0.1,0.0820588666750888,1.0980295,0.39319012,CEP,32454.0,Unconstrained,ELL,2
339570292,66.0,LS,9.580567399060294,0.0660758929556289,0.0334676786828309,3.2085957043054805,0.025732375215739,ELL,0.993,0.06,0.2256845843206841,0.29941872,0.17728356,ELL,32477.0,ELL,ELL,2
339572414,66.0,LS,7.119350492289012,0.0384125773400265,0.0240673956683331,4.51551921304781,0.0107684393879026,ELL,0.986,0.12,0.2722027185756968,0.37888888,0.23120774,ELL,28806.0,ELL,ELL,2
339675628,66.0,ACF,1.3726765407782295,0.2739566241235174,0.4994464152710746,225.16231974388984,0.0155659788288176,ELL,0.994,0.02,0.1006129713307384,0.12413775,0.08899385,ELL,29110.0,ELL,ELL,2
340269534,66.0,LS,8.784634295292985,0.0119337258865791,0.0055013734901369,3.029584207364678,0.014609161298722,ELL,0.9945,0.02,0.0976802968873457,0.100227855,0.062748805,ELL,19691.0,ELL,ELL,2
340670387,66.0,LS,7.3031676729762225,0.0591404033906447,0.0539053315626359,3.5050877377289,0.0254684244282543,ELL,0.998,0.0,0.0741539351619319,0.25816932,0.14102216,ELL,10826.0,ELL,ELL,2
342527115,56.0,LS,1.7871691313516116,0.2775501303646395,0.2761011605975244,4.683048011407664,0.030500004068017,CEP,0.541,0.02,0.0608957666837359,0.7520707,0.3855203,CEP,135418.0,Unconstrained,ELL,2
342527115,57.0,LS,1.797136315660339,0.3514071820021373,0.3510148469076875,3.91041588567532,0.0297000934369862,CEP,0.497,0.04,0.0881598185116099,0.73049796,0.35127118,CEP,135425.0,Unconstrained,ELL,2
342527115,76.0,LS,2.7073754361636486,0.6490394029870131,0.6489147738659802,4.021012791017711,0.0401688739657402,CEP,0.558,0.0,0.0488287783996282,1.0879664,0.40024522,CEP,135291.0,Unconstrained,ELL,2
342527115,77.0,LS,2.6473054339409714,0.6822146358391725,0.6807090555743879,3.449770068058569,0.0460925232619047,CEP,0.503,0.0,0.0598039597351212,0.7063877,0.36591855,CEP,135297.0,Unconstrained,ELL,2
342527115,83.0,LS,3.666619838208575,0.0338844034728529,0.0171956783379355,2.179233814084,0.0305663188919425,ELL,0.998,0.0,0.0704381011953048,0.24646845,0.088484116,ELL,135431.0,ELL,ELL,2
343187790,57.0,ACF,1.0810160705482303,0.820626802927491,1.3216191148078136,124.11557797055669,0.0309569737873971,ELL,1.0,0.02,0.1174646188359955,0.24065828,0.14972942,ELL,54463.0,ELL,ELL,2
343187790,57.0,LS,1.0810876136048144,0.3185972447278113,0.3185729891960343,4.465709947624418,0.0309569737873971,ELL,1.0,0.02,0.1034969944711991,0.2389903,0.1463937,ELL,54462.0,ELL,ELL,2
343187790,84.0,ACF,1.0787007036460636,0.7990674516060412,1.271205948186221,127.99244488643996,0.0326084927655756,ELL,1.0,0.0,0.0306989344440487,0.06642336,0.080332205,ELL,54471.0,ELL,ELL,2
343187790,84.0,LS,1.0818357497888782,0.3650825541944781,0.3650668684884309,4.054324392156559,0.0326084927655756,ELL,1.0,0.0,0.0296009814026494,0.035501055,0.01627151,ELL,54470.0,ELL,ELL,2
343273695,66.0,ACF,2.0023038169324536,0.5687964651717001,0.8322639414273767,269.1012793584647,0.0124742183834314,ELL,1.0,0.04,0.1564973661120212,0.14490443,0.12570544,ELL,26537.0,ELL,ELL,2
343319127,57.0,LS,0.7607623850043084,0.501993929368587,0.5019877580022266,4.338998152554268,0.037492518313229,CEP,0.46,0.0,0.0182050981870464,0.017761918,0.013861119,CEP,73548.0,Unconstrained,ELL,2
343319127,77.0,LS,1.508661730547617,0.0398364176834123,0.0397344022603018,3.3786886043235427,0.0323419366031885,ELL,1.0,0.0,0.0753095053761475,0.038229637,0.036404636,ELL,73557.0,ELL,ELL,2
343319127,84.0,ACF,1.5138790444716506,0.8383676571105503,1.585889787810351,159.37169979025987,0.0527021009474992,ELL,0.988,0.02,0.0835024526585896,0.06546895,0.07464253,ELL,73565.0,ELL,ELL,2
343558710,57.0,LS,11.98204249336205,0.3019348297894465,0.1917512959628239,2.796196449904528,0.0752272550016641,ELL,0.9935,0.04,0.2178284976764977,0.3877937,0.18245436,ELL,71412.0,ELL,ELL,2
343878276,84.0,LS,10.728184678076408,0.0417593949765959,0.0167656177109389,2.0342113506994792,0.0398800894618034,ELL,1.0,0.02,0.1055605574147573,0.28182566,0.14712112,ELL,59574.0,ELL,ELL,2
343878465,16.0,LS,2.075792263788055,0.204671820489234,0.2042047468971054,3.891995614148982,0.0052549282554537,CEP,0.517,0.0,0.0442795663935409,0.024300134,0.00716131,CEP,53275.0,Unconstrained,ELL,2
343878465,17.0,ACF,1.2708278961752058,0.2171399309390715,0.4533458321467414,17.801619888067698,0.006235463079065,ELL,0.961,0.04,0.2009818389805407,0.61470056,0.18735291,ELL,53256.0,ELL,ELL,2
343878465,57.0,LS,8.986524373820682,0.0355717097322478,0.0329815316380589,4.240481582237408,0.0149175128899514,E,0.6912857142857143,0.1,0.209135082473781,0.7056692,0.2563253,E,53284.0,Unconstrained,ELL,2
346010525,57.0,ACF,2.6504833540184336,0.7772060533079074,1.4767408659830608,281.052003121556,0.0900342315435409,ELL,1.0,0.0,0.0413690476080849,0.07522839,0.037531063,ELL,70730.0,ELL,ELL,2
346010525,57.0,LS,2.662703942685436,0.0352318945670188,0.0350711920930806,3.969048471102724,0.0900342315435409,ELL,1.0,0.0,0.0414297296636123,0.09959123,0.03628775,ELL,70728.0,ELL,ELL,2
346010525,58.0,LS,2.664654697581234,0.0351086854368257,0.0350974206164509,3.792089282909728,0.0901139248162508,ELL,1.0,0.0,0.0022285421243494,0.015568808,0.0033076282,ELL,70623.0,ELL,ELL,2
346010525,77.0,LS,2.64701990242914,0.066687365059135,0.0663262253486494,3.4581807523791213,0.0898084603250026,ELL,1.0,0.0,0.0380182009043037,0.13900661,0.052307457,ELL,70632.0,ELL,ELL,2
346010525,78.0,LS,2.7393852742465348,0.0690560284176634,0.0687532422233345,4.391589653372648,0.0903852563351392,ELL,0.998,0.02,0.1386330538154739,0.32153744,0.16562022,ELL,70734.0,ELL,ELL,2
346010525,84.0,ACF,2.6551097780729838,0.808648696109018,1.5559878179888589,284.42703328088885,0.0888775754719972,ELL,1.0,0.0,0.0020711349545599,0.014136764,0.0033383688,ELL,70821.0,ELL,ELL,2
346010525,84.0,LS,2.627340581626526,0.0352257393349522,0.0350296237957516,4.481473373576591,0.0888775754719972,ELL,1.0,0.02,0.0986209536559041,0.07539124,0.044243407,ELL,70819.0,ELL,ELL,2
346345758,66.0,LS,5.415116963372976,0.1342914708275446,0.1196254784509733,4.1950891288070125,0.0087021943181753,ELL,0.9255,0.02,0.1450806413688607,0.6374039,0.21822351,ELL,29199.0,ELL,ELL,2
347116612,57.0,LS,1.0649987008564163,0.2461262190483672,0.2460364903252964,4.3648784646138665,0.0104794162325561,CEP,0.453,0.06,0.0681358173063184,0.5368396,0.33835897,CEP,144590.0,Unconstrained,ELL,2
347116612,58.0,ACF,5.310084424388151,0.6318542487811291,0.9842372760535032,309.8289747437075,0.0106761651113629,ELL,0.986,0.02,0.1424312339341339,0.15444899,0.122434914,ELL,144601.0,ELL,ELL,2
347116612,77.0,LS,2.647230792390345,0.4706251809020003,0.4705419769399431,3.775919726969733,0.008253997657448,CEP,0.401,0.12,0.1207025832366482,0.9122634,0.3844374,CEP,144607.0,Unconstrained,ELL,2
347116612,84.0,ACF,5.307919141126149,0.5717312148152338,0.8800435085450111,283.3965014007149,0.0119270884897559,ELL,0.992,0.0,0.0867846161482552,0.11405587,0.051613793,ELL,144623.0,ELL,ELL,2
347486792,58.0,ACF,0.3958344221482548,0.8627788622940967,1.7114292753354725,42.857457146944114,0.09290705434978,ELL,0.972,0.0,0.00344,3.199814e-05,8.471512e-06,ELL,7282.0,ELL,ELL,2
347945498,58.0,LS,4.94917596075904,0.1965456214093273,0.1957022928251725,4.312957887275843,0.104655148461461,ELL,0.988,0.0,0.0175314688489013,0.029204493,0.02475728,ELL,16018.0,ELL,ELL,2
348122828,66.0,LS,1.6389725735756018,0.082986357330824,0.0829005755482493,3.232539072698273,0.0297643174417316,ELL,0.989,0.1,0.2340770148903988,0.3228979,0.21823551,ELL,3259.0,ELL,ELL,2
348231788,58.0,LS,6.9288494610351545,0.054924646998394,0.0525209876491219,4.380389110239776,0.0369086884893476,ELL,1.0,0.0,0.0378512879569506,0.118530184,0.043857887,ELL,9859.0,ELL,ELL,2
348310326,58.0,LS,6.024576860284609,0.1353328409641394,0.1351305792921022,4.204860501758958,0.0262480834499001,ELL,0.986,0.06,0.1877497099864604,0.19516662,0.17761482,ELL,14499.0,ELL,ELL,2
348444454,58.0,LS,9.237698026540022,0.1805314048212985,0.1740185382776646,4.778184762933961,0.1225520763546228,ELL,1.0,0.0,0.0043907174812324,0.012075169,0.002740259,ELL,16044.0,ELL,ELL,2
348506748,18.0,LS,3.888894769728648,0.0904361953298011,0.0767439036061266,3.2311926508600664,0.024673652369529,ELL,0.993,0.0,0.0339635333850882,0.29562402,0.07722538,ELL,16683.0,ELL,ELL,2
348506748,58.0,LS,2.431175359774221,0.1199125898029374,0.1194252130864188,14.675450434471712,0.026673381216824,CEP,0.47,0.08,0.0909757682023075,1.0536757,0.39508468,CEP,16696.0,Unconstrained,ELL,2
348506791,18.0,LS,7.784734095059017,0.0430948158159188,0.0417638569053119,4.681646481767075,0.1205207966268062,ELL,0.99025,0.04,0.138721363840305,0.32467392,0.14335103,ELL,29355.0,ELL,ELL,2
348506791,58.0,LS,0.2171871797446964,0.7043932423974861,0.7043929989406295,4.4733828054704645,0.0590694556012749,DST,0.316,0.0,0.008002499609497,0.0081707295,0.004438144,DST,29365.0,Unconstrained,ELL,2
348607991,18.0,ACF,0.437501472983854,0.7433232180318838,1.3459545628011655,5.080599187672231,0.0256328959949314,ELL,0.972,0.0,0.0206965117833899,0.0059841434,0.0008986751,ELL,15857.0,ELL,ELL,2
348671822,58.0,LS,8.661066424844673,0.0651911668130917,0.0556839764623769,3.600234388381068,0.0130117370281368,ELL,1.0,0.0,0.0222173918361269,0.053700197,0.03591761,ELL,8970.0,ELL,ELL,2
348672027,58.0,LS,9.898361622240534,0.1486426856634273,0.1280053006974168,4.778250472700165,0.0167771277483552,ELL,0.9775,0.12,0.2508526501753569,0.46569556,0.21968424,ELL,15974.0,ELL,ELL,2
348853827,66.0,ACF,1.5995324351092677,0.2389564765365925,0.0151344727160507,4.64031509750555,0.0125870655756443,ELL,0.996,0.06,0.2077836605703153,0.34687352,0.18470362,ELL,72930.0,ELL,ELL,2
351331453,55.0,LS,4.242685971077337,0.1698033873797541,0.168391968720288,5.255426356388853,0.0656673870980739,ELL,0.988,0.04,0.181682163131112,0.35655808,0.15612504,ELL,146619.0,ELL,ELL,2
351331453,82.0,LS,1.7949634474030998,0.1409186742416376,0.1405545712079721,4.788990308930806,0.0597377819940447,CEP,0.472,0.04,0.0717593868424194,0.75931764,0.37666836,CEP,146646.0,Unconstrained,ELL,2
351331453,83.0,LS,1.3699126573571228,0.1823172498177306,0.1822019546092124,4.138096258880978,0.0556102395057678,CEP,0.457,0.06,0.0735456320932793,0.66745615,0.3720653,CEP,146656.0,Unconstrained,ELL,2
352512520,58.0,ACF,1.770838738693783,0.8306747830582387,1.50915010176075,194.5372143949046,0.0651391083374619,ELL,1.0,0.0,0.0556558397654729,0.16500503,0.0707229,ELL,15472.0,ELL,ELL,2
352512520,58.0,LS,1.776628048738465,0.1382605439449109,0.1381840980850315,4.364446592382592,0.0651391083374619,ELL,1.0,0.0,0.0209650208681031,0.030288873,0.02003494,ELL,15470.0,ELL,ELL,2
352512520,78.0,LS,1.763948922649234,0.1412739453629388,0.1401659778426185,4.407365707882491,0.0626588054001331,ELL,1.0,0.0,0.0197086377002572,0.01785301,0.006223609,ELL,15478.0,ELL,ELL,2
352512520,79.0,ACF,1.7685459763415563,0.905322409002113,1.6432373108449188,195.27406666676688,0.0626722397282719,ELL,1.0,0.0,0.0135816088884932,0.044432342,0.015287994,ELL,15484.0,ELL,ELL,2
352512520,79.0,LS,1.7848749777866006,0.1669717026158169,0.1669521695668886,4.458161848335294,0.0626722397282719,ELL,1.0,0.02,0.135661579306744,0.11737554,0.12014297,ELL,15482.0,ELL,ELL,2
352529679,14.0,LS,3.26727514285192,0.113417515049098,0.0961515870986359,6.512297766465963,0.0775504717603325,CEP,0.771,0.02,0.1065406964497604,0.37475288,0.07882646,CEP,146783.0,Unconstrained,ELL,2
352529679,41.0,LS,4.026694354215851,0.0854065198475174,0.0816165779147613,5.518428615892844,0.0678035896271467,ELL,0.993,0.0,0.0507894880856265,0.4681248,0.098357335,ELL,146797.0,ELL,ELL,2
352923360,58.0,ACF,2.1967641975138577,0.5934644424394783,1.156657073613638,73.7921082952987,0.0209414330311119,CEP,0.44,0.02,0.0542787030058751,0.48912245,0.25694615,CEP,42765.0,Unconstrained,ELL,2
352923360,58.0,LS,0.3142332457209057,0.589029476472325,0.5890286479031243,4.4460773729515495,0.0209414330311119,CEP,0.439,0.04,0.0309735370921695,0.016732557,0.008356363,CEP,42751.0,Unconstrained,ELL,2
352923360,78.0,ACF,0.6296262345422292,0.5702414667741675,1.15643603153065,65.55905365963264,0.0195385375991463,ELL,0.984,0.0,0.0392427521970618,0.01629629,0.010023391,ELL,42779.0,ELL,ELL,2
353716687,43.0,LS,0.8379958952240758,0.076936498241234,0.0761574390217704,4.360261483450813,0.0103114789817482,CEP,0.408,0.08,0.086005664929701,0.40680242,0.22657627,CEP,12175.0,Unconstrained,ELL,2
353716687,45.0,LS,5.335426641339167,0.0399075179948565,0.036746037997241,3.667655757815737,0.0101145368535071,ELL,0.953,0.12,0.294027043654151,0.47052786,0.24763137,ELL,12247.0,ELL,ELL,2
353864086,56.0,LS,2.049834152571582,0.098396855228183,0.0983421090280481,4.422488459505985,0.022904323413968,ELL,0.999,0.0,0.0051382487288958,0.002520523,0.00047081415,ELL,56498.0,ELL,ELL,2
353864086,57.0,LS,2.054054864114376,0.0751934963748332,0.0749570723152069,4.211578719528916,0.0277302833274006,ELL,1.0,0.0,0.0301247406627841,0.07056677,0.04474107,ELL,56508.0,ELL,ELL,2
353864086,76.0,LS,2.051201754352992,0.1002435752916096,0.1001449492869993,4.180370835536451,0.0258998409844934,ELL,1.0,0.0,0.0033843167700438,0.028347868,0.009750829,ELL,56604.0,ELL,ELL,2
353864086,77.0,LS,2.0633217185930093,0.080864037524624,0.0807037856304957,4.030585952754336,0.0230206525884568,ELL,0.988,0.0,0.0059329587896765,0.0019596345,0.0009456923,ELL,56519.0,ELL,ELL,2
353864086,83.0,ACF,2.025487077901289,0.6131438165916571,1.232721894520171,219.45462628240895,0.0265345815569162,ELL,0.995,0.06,0.2002990923594013,0.18767793,0.16754091,ELL,56615.0,ELL,ELL,2
353864086,84.0,LS,2.0764147564184365,0.0538196983656465,0.0536517867437792,4.0518750777810055,0.0337171042338013,ELL,0.998,0.0,0.0910086259647952,0.052206445,0.028928699,ELL,56622.0,ELL,ELL,2
356044492,54.0,ACF,0.972241168515211,0.5573497092972968,0.8899807105546611,27.0159780643358,0.0306877447292208,ELL,0.985,0.1,0.2273258137563792,0.25951576,0.1781698,ELL,117411.0,ELL,ELL,2
356044492,55.0,ACF,0.979154570532046,0.5601613122135238,0.9639616860330203,26.12727069740521,0.0217588571831583,ELL,0.986,0.04,0.1631816178373042,0.1875813,0.14997119,ELL,117398.0,ELL,ELL,2
356044492,74.0,LS,0.2396844179933596,0.190648783227874,0.1906474282476509,4.246009206475719,0.0233605736866593,CEP,0.408,0.0,0.0308564677174818,0.06708273,0.048359767,CEP,117417.0,Unconstrained,ELL,2
356044492,75.0,ACF,0.4907444536347611,0.5400128063870365,0.7805625509801513,61.44614255918165,0.028791578952223,CEP,0.426,0.04,0.042006018616384,0.18444125,0.15029034,CEP,117434.0,Unconstrained,ELL,2
356044492,81.0,LS,0.4911553729235207,0.2274182199352125,0.2273895508849467,4.489650663745124,0.0305139715783298,CEP,0.426,0.0,0.0210304541082687,0.043762796,0.02608523,CEP,117441.0,Unconstrained,ELL,2
356044492,82.0,LS,0.2393439435282256,0.3030142870726727,0.3030133798670308,4.4811551373277325,0.0285455165430903,CEP,0.41,0.08,0.0511021095454972,0.1424138,0.113996744,CEP,117450.0,Unconstrained,ELL,2
356288897,56.0,LS,3.6680117856458647,0.8619837664458933,0.861748550704684,4.44767601411877,0.0079204910434782,CEP,0.54,0.12,0.169762323264027,1.2764397,0.38557228,CEP,56450.0,Unconstrained,ELL,2
356288897,75.0,LS,3.6439568109341582,0.8208822752398893,0.8207521760390398,4.459323361083079,0.0086975720478221,CEP,0.559,0.0,0.0369947888222111,0.7984088,0.36888894,CEP,56577.0,Unconstrained,ELL,2
356288897,76.0,LS,7.125443732933321,0.0693563237498282,0.0673655532785626,3.741743940048764,0.009607013198547,ELL,1.0,0.0,0.0123044057150274,0.025894284,0.008315492,ELL,56452.0,ELL,ELL,2
356288897,82.0,LS,7.602841373679224,0.0657247940039573,0.063235651745742,3.6801217653992353,0.0072656420525163,ELL,1.0,0.04,0.1564277587130877,0.2541471,0.14762643,ELL,56456.0,ELL,ELL,2
356288897,83.0,LS,3.666535840855982,0.8345942200035823,0.834491750643124,4.424861170064105,0.0077342946315184,CEP,0.554,0.02,0.0751299780380641,0.73413324,0.3102067,CEP,56553.0,Unconstrained,ELL,2
358323574,56.0,LS,7.336696216713045,0.0256905551311129,0.0256084965294643,4.360571924858959,0.0201425771228969,ELL,1.0,0.0,0.004654846936259,0.011819715,0.0026083486,ELL,101604.0,ELL,ELL,2
358323574,75.0,LS,1.1077547215632142,0.2909190492791731,0.2907738637568216,6.170413718133204,0.0234323972836136,CEP,0.471,0.04,0.0693467692109733,0.4825034,0.35097715,CEP,101396.0,Unconstrained,ELL,2
358323574,83.0,LS,2.444605442744129,0.0933916853375585,0.0929893723924227,8.279250084782689,0.0154349382501095,CEP,0.528,0.02,0.0793235803528811,0.5118235,0.27123204,CEP,101610.0,Unconstrained,ELL,2
358950320,57.0,ACF,1.956042421093116,0.7279876769655469,1.4174763082752095,209.4595121076178,0.0214864523150026,ELL,0.998,0.0,0.0047497368348151,0.002668743,0.0011350996,ELL,64097.0,ELL,ELL,2
358950320,58.0,ACF,1.953671741399376,0.7501062312360709,1.464214663572427,209.64614916761104,0.0215700711123645,ELL,1.0,0.0,0.0049985597925802,0.0055188937,0.0020119317,ELL,64102.0,ELL,ELL,2
358950320,77.0,ACF,1.9629187817918137,0.6738639966432031,1.2545590817074723,206.36261108306928,0.0208643684163689,ELL,1.0,0.0,0.0608701700342622,0.029937938,0.020767964,ELL,64064.0,ELL,ELL,2
358950320,78.0,ACF,0.9838106831239202,0.7493637435300883,1.472068828179656,208.2306101989094,0.021721813827753,CEP,0.464,0.0,0.0479593828150446,0.008213752,0.003442823,CEP,64106.0,Unconstrained,ELL,2
358950320,78.0,LS,0.983365056179345,0.7828228161168653,0.782510760936209,4.638995363813592,0.021721813827753,CEP,0.547,0.0,0.0491594792486657,0.16388044,0.11960202,CEP,64104.0,Unconstrained,ELL,2
358950320,84.0,ACF,1.9537249953555147,0.7291199276658186,1.409282532175847,208.43059887110883,0.0208900147117674,ELL,1.0,0.0,0.0032460591491838,0.02117025,0.006681223,ELL,63996.0,ELL,ELL,2
359136961,57.0,ACF,2.169011476211381,0.7589456724530385,1.2833999353206875,244.20469860189,0.1085200347006321,ELL,1.0,0.06,0.1715124504096651,0.400218,0.24800631,ELL,49911.0,ELL,ELL,2
359136961,78.0,ACF,2.212990650554275,0.7569713595900237,1.110159789397711,273.6563393955313,0.077139944769442,ELL,0.99,0.0,0.0236741293398511,0.042432636,0.016053427,ELL,49918.0,ELL,ELL,2
359136961,84.0,ACF,2.1852122968557524,0.7756250515788065,1.4245195783351168,215.7487661627325,0.0362623343244195,ELL,0.998,0.0,0.0052625469119049,0.001683888,0.0004766312,ELL,49749.0,ELL,ELL,2
359247720,58.0,LS,0.653652019612123,0.2341174307252399,0.2340989195240714,4.458717138670181,0.0114402640610933,CEP,0.435,0.12,0.081329207545629,0.69038385,0.38544616,CEP,64008.0,Unconstrained,ELL,2
359247720,77.0,ACF,1.2337680303680827,0.4689073747619925,0.9597759852257244,138.07558751674628,0.0260291178710758,ELL,0.99175,0.06,0.1871768831828354,0.4153369,0.24119286,ELL,64093.0,ELL,ELL,2
359247720,78.0,LS,0.6910130898802131,0.1852025486892262,0.1839130181798094,3.89835019804741,0.0225783302448689,CEP,0.423,0.12,0.0904082828063889,0.5009438,0.2705006,CEP,63965.0,Unconstrained,ELL,2
359247720,84.0,LS,0.9979868840123663,0.4303783169360377,0.4303584040133518,4.128864923390211,0.036823486443609,CEP,0.449,0.02,0.101393049071423,1.1165359,0.37233612,CEP,63977.0,Unconstrained,ELL,2
360061169,40.0,LS,9.396016242832806,0.0662862323225072,0.042939396729518,3.486457907059957,0.0350957969203591,ELL,0.962,0.12,0.2827753171689495,0.5055436,0.25701568,ELL,102777.0,ELL,ELL,2
360061169,41.0,LS,8.305004966785532,0.0879011236541287,0.0064083700298512,1.5034139780891564,0.0329695339314639,ELL,0.984,0.02,0.0978236556258249,0.07107113,0.05185379,ELL,102785.0,ELL,ELL,2
360061169,54.0,LS,8.738463908018277,0.0995925574234792,0.0622254087531832,2.2687300585203047,0.0299057271331548,ELL,0.917,0.02,0.1312566820241925,0.555625,0.20887257,ELL,102794.0,ELL,ELL,2
360061713,40.0,LS,5.637609627980512,0.0323743460607105,0.0313617843917106,3.968772815973352,0.0453657191246748,ELL,0.99675,0.02,0.1274852509807807,0.35053924,0.18018545,ELL,107834.0,ELL,ELL,2
360061713,41.0,LS,6.993688362569484,0.0198154220000816,0.0162932296687637,2.928283822220692,0.0121125672012567,ELL,0.914,0.06,0.2029958074162406,0.6443877,0.21866967,ELL,107850.0,ELL,ELL,2
360061713,54.0,LS,1.9276023060467649,0.0114081241408604,0.0098804760302515,3.062278749406687,0.0366992410272359,E,0.994,0.0,0.078659412155606,0.03030083,0.010442193,E,107871.0,E,ELL,2
360371656,12.0,LS,0.2126940689397032,0.7936740118626329,0.7936722604988566,3.928623727086233,0.0747345387935638,DST,0.724,0.08,0.1297374333028058,0.52353525,0.23128702,DST,146150.0,Unconstrained,ELL,2
360371656,38.0,LS,0.2127664952277148,0.8076862267566051,0.8076861989428691,4.3878559055119695,0.0821857713162899,DST,0.722,0.0,0.0604374056359139,0.3035174,0.18264817,DST,146167.0,Unconstrained,ELL,2
360371656,39.0,LS,0.2128820150814435,0.7475676713563535,0.7475667173693752,4.503411764615521,0.0864718854427337,DST,0.72,0.02,0.0494707994679689,0.16007972,0.11678196,DST,146182.0,Unconstrained,ELL,2
360371656,65.0,ACF,0.4259307834181527,0.902508497757006,1.7650792312491834,45.127643109598125,0.0817102473229169,ELL,0.934,0.0,0.0161124051587588,0.0014358284,0.0005196357,ELL,146202.0,ELL,ELL,2
361885927,41.0,ACF,0.9444280864445318,0.7554478985990707,1.2723331005122671,34.95906413963283,0.0055857776897028,ELL,0.99975,0.08,0.2229401195388573,0.24002898,0.18186277,ELL,50484.0,ELL,ELL,2
361885927,54.0,ACF,0.9513905233879996,0.6529824979885527,1.0945434147249071,36.34411745577829,0.0067782652331516,ELL,1.0,0.0,0.0066211781428987,0.03129024,0.016058763,ELL,50501.0,ELL,ELL,2
362432095,40.0,ACF,1.791708382300385,0.5438046177215797,1.1146758445682898,64.48144934370461,0.0156824593432247,ELL,1.0,0.02,0.0869510298961432,0.042293474,0.03271734,ELL,110435.0,ELL,ELL,2
362432095,40.0,LS,1.7840502523409676,0.0381856598904655,0.0380372965546781,3.656009280892249,0.0156824593432247,ELL,1.0,0.0,0.0037472122971617,0.015306692,0.0029584563,ELL,110427.0,ELL,ELL,2
362432095,41.0,ACF,1.7777379263425246,0.6161932487434943,1.1306879627253936,66.93785956360992,0.0175825390033423,ELL,0.994,0.0,0.0551460751096576,0.012756088,0.0115517415,ELL,110836.0,ELL,ELL,2
362432095,54.0,ACF,1.7986242716556262,0.5235884812739017,0.9790957329632628,65.7187324163908,0.0143278005998581,ELL,0.954,0.02,0.1205211148471503,0.4186586,0.17804213,ELL,110854.0,ELL,ELL,2
362432095,81.0,ACF,1.784707750409325,0.4153530254104035,0.7399993151343713,193.4539686615153,0.0181151158176362,ELL,1.0,0.0,0.0385578124379482,0.052873276,0.024590045,ELL,110864.0,ELL,ELL,2
362432095,81.0,LS,1.7986617283218724,0.0878908817245645,0.0877841204004106,4.020414141665242,0.0181151158176362,ELL,1.0,0.0,0.0312740531431408,0.064160526,0.030030064,ELL,110860.0,ELL,ELL,2
364494392,41.0,LS,1.2536263395645182,0.188279487633576,0.1882442917483147,4.376693033613265,0.0058301468379795,CEP,0.485,0.02,0.0706183432261052,0.9986185,0.366978,CEP,103550.0,Unconstrained,ELL,2
364494392,55.0,LS,1.2570857983173185,0.1116846077025499,0.1115822981283102,4.15032122627963,0.0064755696803331,CEP,0.466,0.0,0.0519953997965204,0.28631428,0.19986844,CEP,103571.0,Unconstrained,ELL,2
364494392,56.0,LS,1.2672422254646882,0.1051869173874443,0.1051424616202626,4.635592922288197,0.0068497780011966,CEP,0.472,0.1,0.111578126888741,1.062138,0.4307517,CEP,103590.0,Unconstrained,ELL,2
364494392,75.0,LS,2.8847975843040303,0.1288377164441582,0.1287739882428232,4.473031708152121,0.0072075281059369,CEP,0.49,0.0,0.055069134730809,0.7148274,0.3698211,CEP,103604.0,Unconstrained,ELL,2
364494392,76.0,LS,2.8204767534106643,0.1521634563725101,0.1521387103055355,5.0425023214666,0.0079401500988751,CEP,0.452,0.02,0.0545158178880222,0.18578649,0.17225564,CEP,103615.0,Unconstrained,ELL,2
364494392,82.0,LS,1.2548399807547934,0.1411235654978501,0.1410903262271406,3.8815035804691433,0.0071078789187595,CEP,0.47,0.02,0.0630261406084808,0.33535135,0.2259165,CEP,103626.0,Unconstrained,ELL,2
364494392,83.0,LS,5.667017240021073,0.0176894787665281,0.0161235075399443,4.876680029312411,0.007824248750694,ELL,0.9895,0.12,0.2647948949658962,0.4823997,0.23849846,ELL,103642.0,ELL,ELL,2
365540007,56.0,LS,9.293290512448795,0.5043288551372651,0.4972694928471471,4.979384148395184,0.011879849480465,CEP,0.432,0.04,0.0526036348553976,0.0035983443,0.0008223419,CEP,77654.0,Unconstrained,ELL,2
365540007,76.0,LS,7.963540412311647,0.170034776429115,0.13237129218013,3.836155579170736,0.0139321398455649,ELL,0.94,0.12,0.2912318279309457,0.5576676,0.26919788,ELL,77660.0,ELL,ELL,2
365887524,57.0,LS,1.4523948132833449,0.2298734438214248,0.2297785175574437,3.881524165062729,0.0150086602661758,ELL,1.0,0.04,0.2159017369082518,0.34454846,0.1749991,ELL,32895.0,ELL,ELL,2
365887524,58.0,LS,0.7293435291731044,0.2477238426518614,0.2474400878209849,4.50055291501485,0.0167142960708588,CEP,0.474,0.0,0.0337459686481215,0.06435873,0.07896873,CEP,32900.0,Unconstrained,ELL,2
365887524,77.0,LS,1.0549075265580918,0.2048141377259521,0.204768560803101,4.36773138821809,0.013258404796943,CEP,0.481,0.04,0.0811092004645589,0.88466847,0.397845,CEP,32911.0,Unconstrained,ELL,2
365887524,78.0,LS,2.9500728151395625,0.0287646752409419,0.026295486847388,9.099844333031797,0.0142387673258781,ELL,0.84675,0.04,0.1765156241296127,0.6482949,0.30709592,ELL,32927.0,ELL,ELL,2
365887524,84.0,LS,1.1194837444389762,0.292636458423287,0.2926248880593788,5.030997843525256,0.0137468439061194,CEP,0.498,0.0,0.0530663735335287,0.18276891,0.14827794,CEP,32932.0,Unconstrained,ELL,2
369731852,57.0,LS,1.114626028826365,0.0382827772376905,0.037038108004189,6.57517914249911,0.0293394736945629,CEP,0.469,0.06,0.1097314248517716,0.7287503,0.3424623,CEP,27298.0,Unconstrained,ELL,2
369731852,78.0,LS,1.3945911549874994,0.1556448486121963,0.1498813844108606,4.576830150774185,0.030093197710812,CEP,0.457,0.04,0.0735513426118109,0.33560416,0.1839389,CEP,27316.0,Unconstrained,ELL,2
369731852,84.0,LS,1.462958640010004,0.0645496151567464,0.0643705016075442,4.320168310594454,0.032002804800868,ELL,0.998,0.04,0.1570400764136339,0.13287611,0.11548589,ELL,27329.0,ELL,ELL,2
371747640,77.0,LS,2.063312212289028,0.151773530338393,0.1513065722563129,3.850300311209139,0.0110135681461542,CEP,0.494,0.0,0.0538374442186848,0.49828738,0.23949479,CEP,76968.0,Unconstrained,ELL,2
371747640,84.0,LS,8.046139357152242,0.0191209976939516,0.0142727900160816,5.527259663442237,0.013701218413189,ELL,0.993,0.04,0.1890274519745743,0.1741008,0.16445349,ELL,77009.0,ELL,ELL,2
371901993,57.0,LS,2.522345696209157,0.5805697613880475,0.5799854123006194,4.518394451457425,0.0962980836629867,CEP,0.337,0.1,0.1115447892104333,0.6106529,0.33378938,CEP,57044.0,Unconstrained,ELL,2
371901993,58.0,LS,4.949045195003643,0.1017044096752378,0.0980481300656469,5.912689117689297,0.1076255738735199,ELL,1.0,0.0,0.0240138730737047,0.08031508,0.025174279,ELL,57049.0,ELL,ELL,2
371901993,77.0,LS,2.5509887738105785,0.659122525851964,0.6591020240957748,3.73713382447022,0.0918947532773017,CEP,0.546,0.0,0.0778012236407628,1.039561,0.37934554,CEP,57055.0,Unconstrained,ELL,2
371901993,84.0,LS,5.149560909144928,0.1458098091705416,0.1453767659768057,5.354398123577994,0.1105959620326757,ELL,0.998,0.0,0.0103072013660352,0.026317202,0.018553723,ELL,57067.0,ELL,ELL,2
371906508,57.0,ACF,1.9768565217827927,0.3236458091920254,0.6594928991552984,207.58736462992687,0.027332913596183,E,0.979,0.02,0.1354241621743652,0.105154574,0.049346708,E,67080.0,E,ELL,2
371906508,58.0,LS,0.9827888529544024,0.1110365582502056,0.1109481408467048,4.488063596734719,0.0161894469056278,CEP,0.46,0.04,0.0898748018078482,0.70001453,0.34466186,CEP,67171.0,Unconstrained,ELL,2
371906508,78.0,LS,2.950115620874299,0.0728589833879698,0.0559224245284866,5.496492678492359,0.018153809942305,ELL,0.931,0.1,0.2573221203083792,0.49015883,0.22646755,ELL,67141.0,ELL,ELL,2
371906508,84.0,LS,1.9505913091493168,0.0396597195777719,0.039440543445154,3.912264305145072,0.0210125278681516,ELL,0.984,0.12,0.2769503666724418,0.34094578,0.22846387,ELL,67182.0,ELL,ELL,2
371906593,57.0,LS,1.0054914753015731,0.4994237109596259,0.4993891864074889,4.351697624209919,0.0427289074286818,CEP,0.461,0.1,0.0974536689919882,0.85957336,0.42883807,CEP,54006.0,Unconstrained,ELL,2
371906593,58.0,ACF,1.9675471429764,0.8481090150294917,1.671563862273274,211.15570104648896,0.0722585245966911,ELL,0.99,0.0,0.0146767298810055,0.007287718,0.00549662,ELL,54015.0,ELL,ELL,2
371906593,84.0,ACF,1.9606507811486156,0.8237756898242211,1.5782332445408216,202.23683814893604,0.0543517991900444,ELL,0.988,0.02,0.0999169575197323,0.05583216,0.04955242,ELL,54174.0,ELL,ELL,2
372431771,59.0,ACF,1.6782062120910268,0.8387467548592875,1.551612983965216,182.8447556073769,0.0296946777962148,ELL,1.0,0.0,0.004153841595439,0.023300279,0.008095522,ELL,84256.0,ELL,ELL,2
372431771,59.0,LS,1.674610188980431,0.1330357247206824,0.1330324745118621,4.0816568851078046,0.0296946777962148,ELL,1.0,0.0,0.0256393623165631,0.083414644,0.030617999,ELL,84254.0,ELL,ELL,2
372627092,58.0,ACF,0.4513884052448702,0.8969965903160074,1.7343999128981586,47.32469284617301,0.0460653565824031,ELL,0.964,0.0,0.0876157520084145,0.096701264,0.080310166,ELL,18658.0,ELL,ELL,2
372722483,52.0,LS,5.089787461382306,0.0846567563010653,0.0522988407714981,4.257356194779277,0.0104098103474825,ELL,0.954,0.12,0.2431112247511414,0.6003086,0.1776308,ELL,8399.0,ELL,ELL,2
372724062,58.0,LS,1.4899483451396869,0.0912674992334773,0.0912456933300698,4.574808830046095,0.1518875081092119,ELL,1.0,0.0,0.0055761007881852,0.032100838,0.0126596745,ELL,10587.0,ELL,ELL,2
372724062,78.0,LS,1.4750203600087062,0.0903102935470232,0.090195001803538,4.899163822865376,0.1169182546436786,ELL,1.0,0.0,0.0041161146728438,0.003407135,0.0006376941,ELL,10602.0,ELL,ELL,2
373356630,62.0,ACF,1.7361354668992135,0.5664268833118858,1.0049136640604677,179.13674501690593,0.0266029103659093,ELL,0.9915,0.1,0.2644879628640971,0.33395112,0.25307027,ELL,122159.0,ELL,ELL,2
373356630,63.0,ACF,1.7268390793833532,0.6820910080946607,1.2899862744716104,181.21766502159983,0.0367351551540195,ELL,1.0,0.0,0.026661449698019,0.025222711,0.012539342,ELL,122167.0,ELL,ELL,2
373378688,75.0,LS,8.65435328484381,0.0498413347498556,0.0355470293810814,3.4203270828838868,0.0084687437629327,ELL,0.992,0.0,0.0114665426349881,0.008480606,0.0028308078,ELL,67888.0,ELL,ELL,2
373378688,76.0,LS,3.760657063467396,0.2052052618306026,0.2009757387881029,5.147542742754013,0.0083237432409077,CEP,0.5,0.12,0.143787546608592,1.1753967,0.45650628,CEP,67979.0,Unconstrained,ELL,2
373619340,58.0,LS,3.464411919273344,0.0244768687296885,0.0216759412486394,3.5070226743373496,0.0129705562721937,ELL,0.998,0.06,0.1818769738037226,0.17386597,0.123003334,ELL,12002.0,ELL,ELL,2
374033986,58.0,LS,7.698722384922623,0.0138553807628553,0.0132733130845119,4.727933842415951,0.028630734886974,ELL,0.98975,0.08,0.1811949444546353,0.4658959,0.26568323,ELL,26055.0,ELL,ELL,2
374545457,65.0,ACF,2.7570102720492287,0.2728387743147455,0.5307440351505501,294.83938286692705,0.0099765521008521,ELL,0.998,0.0,0.0548776129218463,0.020744309,0.01618754,ELL,89973.0,ELL,ELL,2
374782811,58.0,ACF,1.863427303426306,0.2419986980658718,0.4891886249227858,184.9940898528656,0.0059739366406574,ELL,1.0,0.0,0.0364203239963622,0.06740647,0.034440357,ELL,27774.0,ELL,ELL,2
376048357,57.0,LS,4.638244884173264,0.2157902167403558,0.2157824855027171,7.816774844337488,0.0161783525254577,ELL,0.98,0.1,0.288035292976399,0.522155,0.26782376,ELL,52015.0,ELL,ELL,2
376048357,58.0,LS,1.2154629380689277,0.0782599701965379,0.0774632865650249,4.277819812014059,0.0158675527200102,CEP,0.466,0.08,0.0754264781094808,0.8904795,0.4177508,CEP,52201.0,Unconstrained,ELL,2
376048357,77.0,LS,1.230738646013558,0.263438232674721,0.2632953787033212,4.024292600362969,0.0148285273462533,CEP,0.475,0.02,0.0604383983904272,0.27199262,0.18939857,CEP,52209.0,Unconstrained,ELL,2
376048357,84.0,LS,8.046205004334295,0.0629501186318766,0.0541833100317927,3.826546081189008,0.018576564034447,ELL,0.982,0.0,0.1211524263066984,0.40653318,0.1413596,ELL,52232.0,ELL,ELL,2
377088966,40.0,ACF,0.4722331537723221,0.8823338087377982,1.7383614446857978,16.703215196816217,0.0272756116464734,ELL,0.986,0.0,0.050571118486741,0.025490906,0.020185445,ELL,88711.0,ELL,ELL,2
377088966,41.0,ACF,0.4722119533344084,0.946827808047502,1.8761918659587824,16.91654117204221,0.0451797526329755,ELL,0.964,0.0,0.0699019313037916,0.088381894,0.05771696,ELL,88724.0,ELL,ELL,2
377088966,54.0,ACF,0.4722257724642986,0.9208522711390172,1.8106741509704944,16.901083549546016,0.0411375844851136,ELL,0.976,0.0,0.0100698361456381,0.00042463062,8.404621e-05,ELL,88742.0,ELL,ELL,2
377088966,81.0,ACF,0.4722183932899497,0.8982719117076023,1.7751481505834266,50.736594180108256,0.0455265818163752,ELL,0.996,0.0,0.008243445881426,0.009319375,0.0038619966,ELL,88754.0,ELL,ELL,2
377220313,40.0,ACF,1.6805942898681678,0.7291510918905569,1.3893754022335374,63.37601338883229,0.0701134884729981,ELL,1.0,0.02,0.098500461420239,0.085106105,0.062520094,ELL,131951.0,ELL,ELL,2
377220313,41.0,ACF,1.6944053248316775,0.7302744026888544,1.3180565060942602,67.16661449503255,0.0638816645368933,ELL,1.0,0.0,0.0245960992842361,0.027664926,0.014134493,ELL,131964.0,ELL,ELL,2
377220313,54.0,ACF,1.6944561611780955,0.739350581096774,1.37424724642789,65.02337601538497,0.0638382229954004,ELL,0.998,0.02,0.1267507096627076,0.08568728,0.11510879,ELL,131978.0,ELL,ELL,2
377220313,81.0,ACF,1.701374066688004,0.6256712109008331,1.1417691348242092,193.4704972867528,0.0719797238707542,ELL,0.988,0.02,0.0837860155395875,0.066027254,0.074477226,ELL,131987.0,ELL,ELL,2
377818662,78.0,ACF,0.0231486007487546,0.6340856340468882,0.0081895209006985,1.1358188507370937,0.0907294917851686,DST,0.772,0.06,0.2393265919199118,1.290307,0.3366504,DST,334.0,Unconstrained,ELL,2
377818662,84.0,ACF,2.6782473006487635,0.5482510898497667,0.8707115000948911,353.3958253612376,0.0411338498815894,ELL,0.996,0.04,0.1529383617670857,0.14828047,0.13182472,ELL,345.0,ELL,ELL,2
378046500,57.0,ACF,1.3263986928245686,0.4247302359395375,0.565325461301264,149.54485046264745,0.0177550851367414,ELL,1.0,0.0,0.024976326791584,0.013714723,0.010167698,ELL,55821.0,ELL,ELL,2
378046500,57.0,LS,1.3313517618490345,0.1008566013746751,0.1008195893633652,4.313777467086766,0.0177550851367414,ELL,1.0,0.0,0.0205862211199627,0.06456639,0.034231767,ELL,55810.0,ELL,ELL,2
378046500,58.0,ACF,1.3240500149331638,0.4156990895707534,0.0122208133779239,1.4090743294302683,0.0137937464751303,ELL,0.998,0.08,0.2232843364412291,0.28229013,0.19593532,ELL,55845.0,ELL,ELL,2
378046500,84.0,ACF,1.3379713535800877,0.4292147637881328,0.7317837338095383,149.5084824387596,0.0159373215865343,ELL,0.998,0.02,0.0948811888627034,0.06939256,0.053886425,ELL,55865.0,ELL,ELL,2
378050656,57.0,LS,2.319126737455252,0.1949378331880575,0.1917114717162999,4.58096386176112,0.0204566004686057,CEP,0.498,0.04,0.0874530365396193,0.4028145,0.23894638,CEP,70134.0,Unconstrained,ELL,2
378050656,77.0,LS,2.419031431195476,0.3604147444734172,0.3551092325658899,3.157305295651895,0.0161638157442212,CEP,0.525,0.08,0.0917370154299778,0.778911,0.36001807,CEP,70149.0,Unconstrained,ELL,2
378050656,78.0,LS,1.3456615650933228,0.0983426115124685,0.0909528218577597,3.503360486301972,0.0117029098328202,CEP,0.461,0.06,0.0718901495338547,0.58635724,0.3109672,CEP,70159.0,Unconstrained,ELL,2
378050656,84.0,LS,9.903041645050578,0.02215564075631,0.0118409616949232,3.2361162339147995,0.0152474723290652,ELL,1.0,0.02,0.0891424051728469,0.07038006,0.05888092,ELL,70173.0,ELL,ELL,2
378150151,57.0,LS,4.108167064038685,0.4879099701001209,0.48549137874613,4.250007015551091,0.0309426337480545,CEP,0.531,0.1,0.1288819614996606,1.3223486,0.44136122,CEP,69120.0,Unconstrained,ELL,2
378150151,58.0,LS,1.5928016700435708,0.3235731594337416,0.3230315872518808,5.165791183717374,0.0331062590703368,CEP,0.54,0.02,0.059689074377142,1.0511303,0.37434354,CEP,68991.0,Unconstrained,ELL,2
378150151,77.0,LS,8.253166509489212,0.0610030084400282,0.0510495484238821,2.747690307103767,0.0371060846373438,ELL,1.0,0.02,0.1328891267184791,0.13930207,0.10479326,ELL,69127.0,ELL,ELL,2
378150151,84.0,LS,1.56999429809508,0.219633397336096,0.2195611908470968,3.9594384174633888,0.0465129734948277,CEP,0.491,0.04,0.07147810853681,0.95490515,0.3939444,CEP,68995.0,Unconstrained,ELL,2
378162297,81.0,ACF,1.5833574424223116,0.8825769844535789,1.4685572003698195,179.95449641155983,0.0399250024929642,ELL,1.0,0.0,0.0585088842484626,0.15284121,0.09117387,ELL,114694.0,ELL,ELL,2
378162297,82.0,ACF,1.5856372056850887,0.917648346051124,1.5278276150161774,180.91206507745065,0.0373205775395035,ELL,1.0,0.0,0.0450849875235648,0.09518742,0.040765982,ELL,114698.0,ELL,ELL,2
378290594,57.0,ACF,0.3449111709846875,0.8819135913739352,1.7549889478703786,37.28134021493853,0.0264541222713887,ELL,0.982,0.0,0.0556649404921985,0.03726213,0.041115154,ELL,64111.0,ELL,ELL,2
378290594,58.0,ACF,0.3449017298780745,0.8815838120218318,1.7575990998792914,37.277478104180446,0.028942187782377,ELL,0.982,0.0,0.0213084396425453,0.0071754334,0.0046757204,ELL,64128.0,ELL,ELL,2
378290594,78.0,ACF,0.3449124859516814,0.8795462370106195,1.7600439545027349,37.33299189499512,0.0274271913804113,ELL,0.982,0.0,0.0123760413703251,0.010166835,0.0060454765,ELL,64146.0,ELL,ELL,2
378290594,84.0,ACF,0.3449107152487158,0.8765242197343059,1.7437604841291572,37.22512729830213,0.0268799695186316,ELL,0.978,0.0,0.0095946651843615,0.00047496826,8.588959e-05,ELL,64157.0,ELL,ELL,2
378539412,58.0,ACF,2.7152557518156755,0.8393515282025253,1.079848103467376,181.7060117129363,0.025950011331588,ELL,1.0,0.0,0.0438918033350191,0.08888593,0.04091389,ELL,44547.0,ELL,ELL,2
378539412,58.0,LS,2.716938913935399,0.2462328230641812,0.2462009385804827,4.4380879491363885,0.025950011331588,ELL,1.0,0.02,0.1135204738437709,0.18146193,0.12823212,ELL,44545.0,ELL,ELL,2
378539412,78.0,ACF,2.7129775320245244,0.7394096406761198,0.971530968388282,193.28902277921043,0.0229493109509348,ELL,1.0,0.0,0.0350610382048221,0.106494404,0.062530756,ELL,44561.0,ELL,ELL,2
378657811,66.0,ACF,1.7361071639925283,0.6102365400755911,1.0289410762183324,201.56765967427884,0.0431669550016522,ELL,0.992,0.08,0.2256067233040717,0.28027725,0.20859547,ELL,31571.0,ELL,ELL,2
378726058,63.0,ACF,0.4884328267644378,0.8409931442356731,1.6365693891500537,52.59524731657237,0.0446451362222433,ELL,0.97,0.0,0.0069231206836223,0.00074790855,0.00043875293,ELL,140286.0,ELL,ELL,2
378726058,64.0,ACF,0.4884221168285876,0.8741586956018661,1.6825042396112746,53.08234905489894,0.0444115838035941,ELL,0.986,0.0,0.0183320920791927,0.007553205,0.0042119436,ELL,140441.0,ELL,ELL,2
378795899,64.0,LS,1.9223062176427004,0.050063553153324,0.0499432670059332,4.286434693298361,0.0190834735985845,ELL,0.994,0.0,0.1015658078095182,0.30246773,0.13971183,ELL,98110.0,ELL,ELL,2
378795899,65.0,LS,0.5752979708024236,0.2277386968041244,0.2277268007232941,4.311319275540882,0.0176614930387586,CEP,0.438,0.04,0.0392713636126885,0.1829662,0.16286568,CEP,98117.0,Unconstrained,ELL,2
379012444,64.0,ACF,2.268543039172073,0.8522578415740169,1.6555844119726115,239.38442452591423,0.092602614313364,ELL,0.988,0.0,0.00084,4.3708296e-05,1.9624e-05,ELL,96137.0,ELL,ELL,2
379342063,10.0,LS,6.187621642729367,0.1168830205108772,0.1059047745276062,3.8172960591737137,0.0752249639481306,ELL,0.986,0.04,0.2194845926255417,0.50048476,0.19556218,ELL,64939.0,ELL,ELL,2
379342063,11.0,LS,2.2958985054616243,0.0915663409944949,0.0791412035295712,3.812109781968047,0.0809844490140676,CEP,0.76,0.0,0.1283453092247628,0.3421116,0.069695726,CEP,64944.0,Unconstrained,ELL,2
379547870,64.0,LS,3.5410855015206724,0.0437178433594023,0.0431306785960402,4.867761708781472,0.0083954114234074,ELL,0.988,0.12,0.296206496215056,0.42963633,0.27415112,ELL,114974.0,ELL,ELL,2
380372381,38.0,ACF,1.9513871061458303,0.6326643125943412,1.2667730870184686,69.66062901612383,0.0035858797491528,ELL,0.99,0.0,0.0059458893363398,0.0009771206,0.0004119336,ELL,96785.0,ELL,ELL,2
380372381,65.0,ACF,1.9212946310017287,0.5268338771705964,0.9972126544686684,196.05394782176768,0.005597366252914,ELL,0.998,0.0,0.0162131921594731,0.016751753,0.011678133,ELL,96796.0,ELL,ELL,2
380849827,65.0,LS,8.18965347583023,0.1482796382068815,0.1293077577590972,3.968679070439976,0.0324757257476449,ELL,0.998,0.04,0.1943328032011065,0.3339452,0.15928723,ELL,99537.0,ELL,ELL,2
381299673,65.0,ACF,2.1319408819108503,0.575751342462443,1.0569616759166809,214.200186738182,0.0274173473007977,ELL,0.975,0.1,0.2437355460329904,0.3486869,0.18157786,ELL,105688.0,ELL,ELL,2
381513599,11.0,LS,3.21430805856864,0.3238268156262752,0.3236095420565891,4.485639685072329,0.0085343670798465,ELL,0.916,0.08,0.2401854916517648,0.913623,0.24614428,ELL,86628.0,ELL,ELL,2
381513599,65.0,ACF,3.275460123936682,0.6220081714800494,1.0715754457880715,353.62406109618405,0.0122744683176279,ELL,0.988,0.0,0.0010461357464497,2.0569974e-05,4.37386e-06,ELL,86636.0,ELL,ELL,2
383412411,64.0,ACF,2.4097582066060568,0.8335084920670152,1.4887813905438934,264.7973547041868,0.0321845081634819,ELL,1.0,0.0,0.00239633052812,0.00719102,0.0018445334,ELL,103109.0,ELL,ELL,2
383412411,64.0,LS,2.402891460191207,0.190220170380391,0.1900315382461488,4.45265268005096,0.0321845081634819,ELL,1.0,0.0,0.0029625833321613,0.015510043,0.008082927,ELL,103107.0,ELL,ELL,2
383412411,65.0,ACF,2.4166378337358765,0.8387044942385119,1.485262083884087,270.8964668898793,0.0324063841253519,ELL,1.0,0.0,0.0051798069462094,0.0016468595,0.00037132762,ELL,103114.0,ELL,ELL,2
383412411,65.0,LS,2.400190468503932,0.2176904265116698,0.2176251329564422,4.690296729713737,0.0324063841253519,ELL,1.0,0.0,0.0045185838489509,0.005699534,0.0023422157,ELL,103113.0,ELL,ELL,2
384540878,35.0,ACF,0.8472365627726504,0.3686846391415565,0.7655951416723774,19.705386583772267,0.0381462601944804,ELL,0.9845,0.06,0.1729184494824903,0.35449278,0.16725293,ELL,99323.0,ELL,ELL,2
384540878,36.0,LS,0.2817083841723927,0.4731065708159302,0.4731039354234889,4.218107118213084,0.0300418329425156,CEP,0.436,0.0,0.0291231866388278,0.016539363,0.00975134,CEP,99428.0,Unconstrained,ELL,2
384540878,37.0,LS,0.2816219065669651,0.4856465131028368,0.4856462933363643,4.313166612977511,0.0356884882785379,CEP,0.448,0.02,0.040584607919752,0.12605597,0.12427632,CEP,99469.0,Unconstrained,ELL,2
384540878,62.0,LS,0.2816044431606711,0.4451077893498029,0.4451001664035356,4.33893299830379,0.0401828484609723,CEP,0.457,0.02,0.0375403782612802,0.16309437,0.17559713,CEP,99489.0,Unconstrained,ELL,2
384540878,63.0,LS,0.2816104244813122,0.4862503855395786,0.4862495859951852,4.5364955829463725,0.0384156429208815,CEP,0.434,0.02,0.0241699317334575,0.009261785,0.003632018,CEP,99504.0,Unconstrained,ELL,2
384652040,18.0,LS,2.6515515401420813,0.0373679965932225,0.0288530975574109,2.5509240671735824,0.0028170068981125,ELL,0.967,0.04,0.1533809688325119,0.38287258,0.11763966,ELL,144725.0,ELL,ELL,2
384652040,19.0,LS,1.390016553188578,0.2146051278380119,0.2121967925350106,5.118437109787919,0.0018734329205472,CEP,0.475,0.0,0.0326935100593374,0.7161578,0.2987439,CEP,144711.0,Unconstrained,ELL,2
384652040,58.0,ACF,1.0995544383831657,0.4247701385413399,0.0105190698760859,3.640299920782695,0.0036604408523999,CEP,0.511,0.04,0.0702733406065201,0.49637458,0.2909138,CEP,144740.0,Unconstrained,ELL,2
384652040,58.0,LS,1.0826458469292708,0.3669019891276266,0.3668929474125896,4.584887965796952,0.0036604408523999,CEP,0.55,0.0,0.0474262543323842,0.11660079,0.06868376,CEP,144732.0,Unconstrained,ELL,2
384652040,59.0,ACF,1.1064573808689602,0.4088368436947728,0.0145427303325282,2.750219221962197,0.003799874393735,CEP,0.494,0.12,0.104512705447711,1.0927218,0.41549882,CEP,144753.0,Unconstrained,ELL,2
384652040,59.0,LS,1.0796874619668422,0.3890927132827934,0.3890497057957497,4.357739391602081,0.003799874393735,CEP,0.471,0.0,0.0498925084556789,0.0659818,0.04173229,CEP,144748.0,Unconstrained,ELL,2
384805438,58.0,LS,7.698813000474855,0.0122567171194275,0.0114013107631089,8.544660121246125,0.0205555418506264,ELL,0.969,0.12,0.311326211553091,0.54098547,0.3037643,ELL,145474.0,ELL,ELL,2
385596195,43.0,ACF,1.819623568313545,0.6834020628165013,1.2965081803733691,65.77909415394407,0.0494322692975401,ELL,1.0,0.0,0.0016970562748477,0.0037708753,0.00085952017,ELL,43087.0,ELL,ELL,2
385596195,43.0,LS,1.8351962703898692,0.0378336605084433,0.02552761591524,2.8676037642435404,0.0494322692975401,ELL,1.0,0.0,0.0027888348821685,0.015977887,0.003496664,ELL,43082.0,ELL,ELL,2
385596195,44.0,ACF,1.7779286878649143,0.6544758186292492,0.9207619873916512,76.21376305548475,0.0518110394477844,ELL,0.937,0.04,0.137996992720856,0.5803391,0.20758943,ELL,43101.0,ELL,ELL,2
385626507,9.0,LS,3.376750488509905,0.0412485042280747,0.0357285951230916,4.430680368281173,0.0917271710932254,E,0.975,0.0,0.1355418400347287,0.21702258,0.07980063,E,142701.0,E,ELL,2
385626507,35.0,ACF,1.1597429799946894,0.7019345645061726,1.2501001556165383,46.65553119315729,0.0329858576878905,ELL,1.0,0.0,0.0228397110314469,0.06567742,0.018973669,ELL,142722.0,ELL,ELL,2
385626507,36.0,LS,1.1517844620022852,0.0564447111601657,0.0557591338254922,4.961341299336709,0.0381952454335987,ELL,0.982,0.1,0.255064359721228,0.45425686,0.23399733,ELL,142732.0,ELL,ELL,2
385626507,62.0,ACF,1.150480607276677,0.4961962796630382,0.7017082184709504,123.838260404624,0.0407187920063734,ELL,0.948,0.12,0.2677470315428352,0.59167445,0.2337069,ELL,142766.0,ELL,ELL,2
385626507,63.0,ACF,0.5972202680513874,0.544502820721314,0.8168953153045199,122.56933847615169,0.0528613897040486,CEP,0.385,0.1,0.0969140154982756,0.620543,0.3375973,CEP,142775.0,Unconstrained,ELL,2
386761632,62.0,ACF,2.2222565264382865,0.7602753402314579,1.4861488632788804,234.3233078955004,0.0317848706617951,ELL,0.988,0.0,0.0011285388783732,6.558567e-05,1.8937739e-05,ELL,120832.0,ELL,ELL,2
386761632,63.0,ACF,2.2129532726103207,0.8437049327460053,1.606123359618752,227.41719882127109,0.0301405298523604,ELL,0.988,0.0,0.0020195048898182,0.00028310742,0.00015580829,ELL,120505.0,ELL,ELL,2
387580757,56.0,ACF,3.712940332086873,0.4992075036365813,0.9242655457580656,205.78845726410051,0.0127918750513345,ELL,0.994,0.06,0.2083116664999826,0.25521296,0.16562693,ELL,126169.0,ELL,ELL,2
387580757,75.0,ACF,0.7407245892682113,0.2932676865815376,0.6547137673147323,145.60336562348417,0.0119447545148432,CEP,0.478,0.0,0.0417612260356422,0.032909937,0.009576273,CEP,126178.0,Unconstrained,ELL,2
387580757,75.0,LS,1.846256106309436,0.1795002321884335,0.1790234451766573,4.68401044242637,0.0119447545148432,CEP,0.471,0.0,0.0512136856709219,0.12051714,0.08400361,CEP,126174.0,Unconstrained,ELL,2
387580757,76.0,LS,1.487716062184533,0.0438041468133223,0.0437431716725784,3.993451912818273,0.0136407627724111,ELL,0.988,0.04,0.1784074449119206,0.18279044,0.14607932,ELL,126184.0,ELL,ELL,2
387580757,82.0,LS,1.485625602199696,0.0493724977171209,0.0490475521819755,4.407077395295346,0.0132061087060719,ELL,1.0,0.0,0.0138453205091106,0.029051688,0.007231983,ELL,126191.0,ELL,ELL,2
387580757,83.0,ACF,1.5115615109875762,0.6308499801910661,1.254249082882403,169.0523976004023,0.013910160632804,ELL,0.99,0.0,0.0286974842102927,0.010364145,0.007685918,ELL,126205.0,ELL,ELL,2
387714713,71.0,ACF,1.2477980832709363,0.6416197474392934,1.2238196874618563,132.51624174728005,0.0061079254373908,ELL,0.998,0.0,0.0086381479496475,0.004249194,0.0017903028,ELL,103373.0,ELL,ELL,2
387714713,72.0,ACF,1.247763427824793,0.6730560622583108,1.2786465651246837,132.1716049124065,0.0051389972213655,ELL,0.988,0.0,0.0046111170013349,0.00019819317,6.390496e-05,ELL,103484.0,ELL,ELL,2
388323676,76.0,ACF,1.0208172300699516,0.4460185982823542,0.6764177150935424,95.4889017304173,0.079148318618536,ELL,0.99,0.08,0.2377976417040337,0.27217185,0.21389616,ELL,4957.0,ELL,ELL,2
388327122,57.0,LS,3.343841900833882,0.502407762320306,0.4962005851556763,5.882145288152969,0.0481131579726934,CEP,0.454,0.0,0.0311775560299392,0.068526946,0.071548276,CEP,54731.0,Unconstrained,ELL,2
388327122,58.0,LS,9.238214395723992,0.08241324634885,0.0794755106946695,4.6478270807092485,0.053486730903387,ELL,1.0,0.02,0.122805845137762,0.1495662,0.114992864,ELL,54735.0,ELL,ELL,2
388327122,77.0,LS,0.9291686091110656,0.0132091184721708,0.0114441489641148,2.7234163101384183,0.0391569780185818,E,0.976,0.0,0.0720835906087797,0.041568186,0.013216828,E,54738.0,E,ELL,2
388327122,78.0,LS,4.261278551135522,0.7798106234521943,0.7535100464271541,4.388938711847004,0.0362545740790665,CEP,0.448,0.0,0.0269940734236239,0.086986065,0.088302925,CEP,54749.0,Unconstrained,ELL,2
388327122,84.0,LS,9.1956395019484,0.1272110018833016,0.1209460843610398,3.823126683077135,0.0493651162832975,ELL,0.9605,0.0,0.113354010074633,0.35221177,0.12525152,ELL,54754.0,ELL,ELL,2
388795366,84.0,LS,8.046138361655721,0.0937570499472317,0.086947194090676,4.323467613543471,0.0216836272738873,ELL,1.0,0.04,0.181262551013716,0.19959462,0.1280051,ELL,62586.0,ELL,ELL,2
389274629,77.0,LS,6.681187965761662,0.0480469471288799,0.0432445130155709,3.7249107199604623,0.0226950738579034,ELL,0.99,0.12,0.2605914357763892,0.3725268,0.2107958,ELL,67449.0,ELL,ELL,2
389274629,84.0,LS,1.0136890386506925,0.028809099915478,0.0278558429857615,3.9852508890326135,0.0258581340312957,CEP,0.464,0.04,0.0802819132806387,0.40230498,0.24018818,CEP,67455.0,Unconstrained,ELL,2
389331252,77.0,LS,6.377497719673578,0.0186271412976094,0.0133877873663672,3.844810673788743,0.0325769651681184,ELL,0.995,0.0,0.0114999826086824,0.01677186,0.011543622,ELL,63806.0,ELL,ELL,2
389364321,29.0,LS,10.20829336110353,0.0868357125835661,0.0144402629026293,1.8695203736970143,0.0773235317319631,ELL,0.959,0.04,0.1845740144505191,0.66636944,0.3017371,ELL,28232.0,ELL,ELL,2
389364321,32.0,LS,4.449213450098829,0.2132727769278611,0.1441757265767456,4.337443181884737,0.0514010293409228,CEP,0.444,0.08,0.10496354414748,1.0871882,0.4038653,CEP,28249.0,Unconstrained,ELL,2
389364321,33.0,LS,3.7979887567015616,0.3647865313262539,0.3587775161712549,4.620951250793951,0.0503340642899274,CEP,0.518,0.0,0.0788293955323773,1.0343618,0.40187457,CEP,28267.0,Unconstrained,ELL,2
389364321,35.0,LS,2.359754325769415,0.2472868129195562,0.2446011163175585,4.112125007386567,0.0398818356916308,CEP,0.503,0.02,0.0580338659749632,1.0356026,0.41191733,CEP,28278.0,Unconstrained,ELL,2
389637767,58.0,LS,0.9057274941915984,0.105186819504951,0.1051341364464615,4.220544477746444,0.1277772989124059,ELL,0.998,0.0,0.0274912058666039,0.14685355,0.03242233,ELL,25853.0,ELL,ELL,2
389694176,78.0,LS,1.39456497946805,0.0255898944395664,0.0248440198984954,4.546868607798388,0.0190629996359348,ELL,0.973,0.1,0.2360747055099988,0.5336893,0.22737145,ELL,19357.0,ELL,ELL,2
389699349,58.0,ACF,0.9791665531611216,0.8299987601740172,1.34226964081999,112.48051783964462,0.0358687038533389,ELL,1.0,0.0,0.0117402555338459,0.054724086,0.019992853,ELL,22898.0,ELL,ELL,2
389699349,78.0,ACF,0.981479841593682,0.7585559629061774,1.289236325630997,109.80583344593106,0.0405686814337968,ELL,0.996,0.02,0.1138731564078458,0.25326654,0.1404152,ELL,22909.0,ELL,ELL,2
389749856,2.0,LS,3.1060432265257982,0.2099514756637433,0.2050455604135325,3.800903969655337,0.0397574435919523,CEP,0.598,0.02,0.1306001470136998,1.1879349,0.3030294,CEP,31615.0,Unconstrained,ELL,2
389749856,4.0,LS,9.08476784507432,0.1792418153360773,0.1459789406173674,3.9712546173673218,0.0305268075317144,ELL,0.973,0.0,0.1543922329652628,0.43094438,0.14207487,ELL,31625.0,ELL,ELL,2
389749856,9.0,LS,4.267136206735855,0.2591085862140284,0.2536069334846278,3.828676176995941,0.0557493092492222,CEP,0.552,0.1,0.1844811101441012,0.973786,0.2759571,CEP,31670.0,Unconstrained,ELL,2
389749856,31.0,LS,11.55296149016046,0.0939746772298046,0.012416637247216,1.1355454852746334,0.0559296598657965,ELL,0.984,0.04,0.1991186420202789,0.2783262,0.1859374,ELL,31651.0,ELL,ELL,2
389749856,34.0,LS,4.295984735932537,0.4840329296962493,0.4830860642334291,4.078913571744124,0.0541939632967114,CEP,0.527,0.08,0.1152254416350833,1.3523803,0.37771252,CEP,31658.0,Unconstrained,ELL,2
389749856,37.0,LS,3.6469054667913663,0.4753585135316789,0.4454644357300801,3.532759839978098,0.0365180452354252,CEP,0.475,0.0,0.0622847782367409,0.49362254,0.28390026,CEP,31702.0,Unconstrained,ELL,2
389749856,39.0,LS,6.347867178479149,0.12132327080406,0.0251419147673343,2.626900979319544,0.0517949974164366,E,0.7884832131761488,0.06,0.1545076925515363,0.16474801,0.07278459,E,31718.0,Unconstrained,ELL,2
389749856,61.0,LS,3.7029876692844943,0.4031960963277958,0.3969021311844108,3.863795637818839,0.0427210703492164,CEP,0.45,0.02,0.0586754599470681,0.24598452,0.22931811,CEP,31724.0,Unconstrained,ELL,2
389749856,64.0,LS,6.116405803752202,0.218999902990838,0.1899865651496198,4.676334368432435,0.0588068645447492,ELL,0.961,0.08,0.2592536402830247,0.55696845,0.25709015,ELL,31943.0,ELL,ELL,2
389749856,65.0,LS,5.679875387431722,0.2926760271512824,0.2835830358448151,4.5764681138171,0.0441512651741504,CEP,0.434,0.08,0.0441742006152912,0.025900822,0.017298821,CEP,31735.0,Unconstrained,ELL,2
389904198,58.0,LS,2.3487560164967305,0.1799879212948183,0.179865305142712,5.602954512232827,0.0546392239630222,CEP,0.463,0.04,0.0932492659488534,0.17655215,0.09520671,CEP,3093.0,Unconstrained,ELL,2
389904198,78.0,LS,0.5598624081767576,0.1400437069001506,0.139975642561532,5.12410455515419,0.0443873554468154,ELL,0.963,0.02,0.1756971285706256,0.3264159,0.16673855,ELL,3103.0,ELL,ELL,2
389921913,2.0,LS,4.274062575271954,0.1264519266162267,0.0810228889575878,7.010560630373675,0.0495414668694138,CEP,0.523,0.02,0.0972699007915603,0.18744661,0.032317284,CEP,34557.0,Unconstrained,ELL,2
389921913,8.0,LS,4.575340471828064,0.2455862147593167,0.1962316329363609,5.142734336855028,0.0738482037559151,ELL,0.9695,0.04,0.1846759637852203,0.7096486,0.21116652,ELL,34599.0,ELL,ELL,2
389921913,10.0,LS,2.629092088378336,0.0820832643388279,0.0780192265817816,3.5068685468127114,0.1222832407802343,CEP,0.62,0.06,0.1422165616234621,0.54852664,0.18826878,CEP,34606.0,Unconstrained,ELL,2
389921913,27.0,LS,10.716518508156902,0.1380831221622644,0.0384056385890927,1.4919288374112512,0.0731684220954775,ELL,0.94,0.04,0.2057576477314998,0.5171306,0.18814339,ELL,34530.0,ELL,ELL,2
389921913,31.0,LS,5.776480383582547,0.1647574886313492,0.1288174113634861,3.761921558600079,0.0634039193391799,ELL,1.0,0.0,0.0065568590041269,0.08322124,0.039804425,ELL,34679.0,ELL,ELL,2
389921913,34.0,LS,6.919383422321693,0.1881082491256865,0.1736739740661074,4.919213611059604,0.079709505662322,ELL,0.952,0.12,0.2493015274722559,0.84511834,0.22671129,ELL,34585.0,ELL,ELL,2
389921913,38.0,LS,7.718579469046876,0.0803906827123239,0.0763350236501545,5.883608702442871,0.0626307027414441,ELL,0.98875,0.0,0.0827370504134097,0.361283,0.16378804,ELL,34634.0,ELL,ELL,2
389979642,58.0,LS,4.778487831402834,0.0568576339891049,0.0535906256644248,3.786539972523314,0.0107402447611093,ELL,0.938,0.12,0.266727675541928,0.83366364,0.31638113,ELL,17460.0,ELL,ELL,2
390098366,10.0,ACF,1.8541745173664597,0.5446806783619028,0.97751273512893,11.314375962253678,0.1048605795949697,E,0.9982695471747998,0.06,0.1475998053281212,0.07694897,0.026452104,E,124994.0,E,ELL,2
390098366,36.0,ACF,0.9305745135079632,0.6439441407331212,1.270831093637068,33.07357908093283,0.0759353162720799,ELL,0.992,0.0,0.0773804375426096,0.23570725,0.11806577,ELL,125006.0,ELL,ELL,2
390098366,37.0,ACF,0.930554454121193,0.6306228785318652,1.216402544553096,32.96662315600727,0.0771934725344181,ELL,0.984,0.08,0.2403266119475828,0.5855324,0.23688988,ELL,125028.0,ELL,ELL,2
390098366,63.0,ACF,0.928258337128682,0.7547836639763739,1.3023394703512354,100.85477052840032,0.1110142469406127,E,0.9991904198822862,0.0,0.0975895614632063,0.077769846,0.041284464,E,125043.0,E,ELL,2
390098366,64.0,LS,0.9153717664043493,0.0227524128192657,0.0227410353507926,4.790824425039318,0.0795091222971677,ELL,0.994,0.04,0.1084839822277925,0.07880961,0.066250935,ELL,125051.0,ELL,ELL,2
390175886,18.0,LS,3.372015858340547,0.0773288399011972,0.0766536501709195,5.873103620021993,0.0042653843411244,CEP,0.458,0.06,0.1876477082194184,1.1360741,0.33027956,CEP,122633.0,Unconstrained,ELL,2
390175886,25.0,ACF,3.854235746638324,0.1547545630406362,0.227605699139655,26.31024311001013,0.0040920986793935,ELL,0.9115,0.08,0.2324892737310691,0.68961704,0.19301668,ELL,122478.0,ELL,ELL,2
390184307,63.0,LS,2.600806703820786,0.3911832956094861,0.3908993649146542,3.5664213632517203,0.0220938492566347,CEP,0.481,0.02,0.0748065879451803,0.84401304,0.39774296,CEP,118957.0,Unconstrained,ELL,2
390184307,64.0,LS,5.381913155458185,0.0628922061364531,0.0621111009235749,6.948256581450551,0.0260377116501331,ELL,1.0,0.0,0.0323037474606275,0.057974894,0.020474888,ELL,118963.0,ELL,ELL,2
390196944,64.0,LS,7.475535259350557,0.2337929235824436,0.1773940440113285,3.574036088117282,0.0649258960038423,ELL,0.983,0.08,0.2197326557432918,0.48118746,0.19223124,ELL,104404.0,ELL,ELL,2
390237603,78.0,LS,2.3969099131712577,0.0352057135766959,0.0341148160732468,4.528159710880573,0.0270558428019285,ELL,0.959,0.04,0.1882590823838255,0.47210622,0.13582672,ELL,38605.0,ELL,ELL,2
390333624,58.0,ACF,2.6643503378375044,0.1921400256683828,0.0097915371902891,1.3292852669972035,0.01246526138857,ELL,0.998,0.02,0.0999448567961353,0.18234015,0.13605277,ELL,17565.0,ELL,ELL,2
391050772,63.0,ACF,1.881978605953464,0.7725035169257684,1.1739372309355185,272.00664023605486,0.0108272593934088,ELL,0.979,0.08,0.2403839794994666,0.5165461,0.25736997,ELL,133193.0,ELL,ELL,2
391187591,41.0,ACF,1.3819213428409969,0.6247391327901026,1.3652497899031255,98.0033858663648,0.0089493294944986,CEP,0.532,0.0,0.0597388449838126,0.31791022,0.19345573,CEP,93587.0,Unconstrained,ELL,2
391187591,41.0,LS,1.3841691318700091,0.7124313752700614,0.7124022199996889,4.871898626266557,0.0089493294944986,CEP,0.546,0.0,0.0534143651090228,0.13724543,0.115699396,CEP,93583.0,Unconstrained,ELL,2
391187591,54.0,LS,1.638464733385546,0.139055091806964,0.0880907007981401,3.019808081766314,0.0064156122971326,CEP,0.508,0.0,0.0540462764674866,0.4272371,0.2284852,CEP,93597.0,Unconstrained,ELL,2
391187591,81.0,LS,4.159426244648686,0.0259751910251325,0.025854764410933,4.07980196947392,0.0080034922575578,ELL,0.9845,0.04,0.1529868804832623,0.19302532,0.061964408,ELL,93609.0,ELL,ELL,2
391242298,63.0,ACF,2.000042137107812,0.7663939971190329,1.437958953181305,221.1590140668527,0.0589604815468192,ELL,0.988,0.0,0.0054684915653222,0.0011168252,0.0005574503,ELL,114523.0,ELL,ELL,2
391242298,64.0,ACF,1.9490724015504384,0.7441049632418429,1.4340257155130656,208.7684681168528,0.0566660147160291,ELL,0.9935,0.04,0.1666966139607444,0.3172834,0.19154534,ELL,114529.0,ELL,ELL,2
391414157,59.0,LS,1.8265136212798472,0.2395106294295866,0.239324111299672,4.40335856382444,0.1018303725868463,ELL,1.0,0.0,0.0181036902315522,0.18678501,0.08195557,ELL,42382.0,ELL,ELL,2
391414157,73.0,ACF,1.8263524165658964,0.7342257010651065,1.2846396277249164,203.5290969759608,0.1078707631677389,ELL,0.9955,0.0,0.0467289269541438,0.22822648,0.11344562,ELL,42484.0,ELL,ELL,2
391516015,63.0,ACF,0.363433071165673,0.8456538702149377,1.6850379040756962,39.28254102890682,0.0205080420710146,ELL,0.984,0.0,0.0109270307037181,0.0059279916,0.0033328412,ELL,131224.0,ELL,ELL,2
391516015,64.0,ACF,0.3634248097259842,0.8492910292037678,1.667168790176272,38.99422799241052,0.0212547183036804,ELL,0.972,0.0,0.0294541270452885,0.00920578,0.008289645,ELL,131425.0,ELL,ELL,2
391771897,41.0,LS,3.908246172409773,0.7555207705426372,0.7499955808987511,4.315466105703308,0.0414925627410411,CEP,0.526,0.0,0.0929397654397728,0.70290446,0.34062934,CEP,87056.0,Unconstrained,ELL,2
391771897,54.0,LS,3.8552139548339865,0.7437075372784877,0.7428266836716523,4.119152841532923,0.0357671407982707,CEP,0.519,0.02,0.1492335404659421,1.0530347,0.38792324,CEP,87065.0,Unconstrained,ELL,2
391771897,81.0,LS,7.829514850896374,0.0393291307221783,0.0330352331863288,2.77812245770474,0.0383260659873485,ELL,0.99,0.0,0.0034983424646537,0.0002573478,0.00010610883,ELL,87214.0,ELL,ELL,2
391865356,41.0,LS,1.038127517144645,0.1096612409214901,0.1045767106061262,3.3884708460282127,0.0049757718807086,CEP,0.468,0.02,0.0582392445005942,0.1657205,0.14211436,CEP,85700.0,Unconstrained,ELL,2
391865356,54.0,LS,1.1599757921313751,0.0977562850087634,0.0972114425937357,4.620780026803914,0.0044834989239461,CEP,0.443,0.08,0.0802536080185807,0.6247307,0.33916232,CEP,85581.0,Unconstrained,ELL,2
391865356,81.0,LS,1.6231917959833475,0.0461805473832997,0.0459635740489964,3.585605907064746,0.0086468539666384,ELL,0.988,0.08,0.2500112797455346,0.30489105,0.23394525,ELL,85746.0,ELL,ELL,2
392270833,41.0,LS,3.4062986152381245,0.0556640527052401,0.0553799971924955,4.220185320846213,0.0216502603143453,ELL,0.9865,0.02,0.1019932076169781,0.10528225,0.084691994,ELL,140005.0,ELL,ELL,2
392270833,54.0,LS,1.7247013894841774,0.3617670505275171,0.3616878882137373,4.354683988984107,0.0259311823174357,CEP,0.464,0.0,0.033072042573751,0.012699401,0.008465102,CEP,140020.0,Unconstrained,ELL,2
392270833,81.0,LS,3.412865927159253,0.0635762569541553,0.0625354566138495,4.077703899994958,0.0257898843847215,ELL,0.988,0.02,0.1392540828844885,0.105285674,0.13793243,ELL,140034.0,ELL,ELL,2
394984092,56.0,ACF,2.958343571130172,0.442670018211913,0.7404169375865184,267.2798954783261,0.0112681183964014,ELL,0.986,0.04,0.1831329451518759,0.20118272,0.13004607,ELL,128186.0,ELL,ELL,2
395218466,16.0,LS,0.2686300407488516,0.1804982291349156,0.162072941758508,3.1306743783025013,0.0750367902219295,RR,0.833,0.0,0.0978050632636163,0.40270004,0.20023513,RR,67596.0,RR,ELL,2
395218466,17.0,LS,0.2647242730479825,0.8733487629752801,0.8733477408383121,4.276432478394781,0.08836405351758,RR,0.906,0.02,0.1185571659580305,0.30444172,0.17934088,RR,67582.0,RR,ELL,2
395218466,56.0,ACF,0.5277860807600518,0.8519984848173074,1.6875324068120567,56.08564938654854,0.0807315483689308,ELL,0.99775,0.0,0.0464434243940349,0.102549605,0.04086167,ELL,67610.0,ELL,ELL,2
395218466,57.0,ACF,0.5300867535111138,0.8261661882154946,1.6458928830078816,55.98275601373285,0.0808024406433105,ELL,0.996875,0.0,0.0773190902911874,0.20156424,0.113479294,ELL,67625.0,ELL,ELL,2
395218466,77.0,ACF,0.5277781614986452,0.8067093913526993,1.575676754629484,55.89646081915808,0.0787988118827343,ELL,0.9188888888888888,0.0,0.1423966588474811,0.48638785,0.23134625,ELL,67648.0,ELL,ELL,2
395218466,83.0,ACF,0.530098957134669,0.8267677472241599,1.6380710555655529,55.70616094744469,0.0765703059732914,ELL,0.989875,0.0,0.0763487083515504,0.20603174,0.15735123,ELL,67663.0,ELL,ELL,2
395218466,84.0,ACF,0.5300868528579485,0.8192825293528763,1.6288462462750737,55.90405169878409,0.0778985675424337,ELL,0.87,0.08,0.1674988093435853,0.62075317,0.27425793,ELL,67680.0,ELL,ELL,2
396201786,58.0,LS,3.646721719023189,0.1776841522795874,0.1773406841311161,4.243844428539887,0.0052671640878543,CEP,0.396,0.12,0.0938162032913291,0.68722045,0.41273025,CEP,37899.0,Unconstrained,ELL,2
396201786,78.0,LS,5.478700494242697,0.0497128665109467,0.0300616006481625,2.6384617613293813,0.0064454629318788,ELL,0.994,0.06,0.2087432116261508,0.39540398,0.17214271,ELL,37908.0,ELL,ELL,2
399354642,58.0,LS,7.2934997816529,0.0355174686595316,0.0351521757047856,6.324982952122809,0.0214804895222187,ELL,1.0,0.0,0.029639110985318,0.04514553,0.0289727,ELL,9802.0,ELL,ELL,2
399524479,80.0,ACF,2.2962568720104173,0.4175656858257255,0.0089107308981613,3.765340119197731,0.0096603808924555,ELL,0.989,0.12,0.2604949920823815,0.5008395,0.27708334,ELL,44020.0,ELL,ELL,2
399645446,65.0,ACF,2.1990907483314004,0.7127913268822055,1.4147580297280045,228.2043594001525,0.0260200188495218,ELL,1.0,0.0,0.003092183694414,0.009161735,0.003232331,ELL,86109.0,ELL,ELL,2
400346381,78.0,ACF,0.8865855231842943,0.1117772480718882,0.0065604906666022,1.2977788594446906,0.0117109762504696,ELL,0.995,0.0,0.0259106155851226,0.0360221,0.015623597,ELL,39241.0,ELL,ELL,2
400735422,52.0,LS,7.185569396659795,0.0594260299047392,0.0443464180319789,2.615476759729063,0.0090706296032294,ELL,0.988,0.08,0.2381276968351224,0.28466243,0.21446955,ELL,28882.0,ELL,ELL,2
400852342,62.0,LS,3.4802799618905875,0.0150839696617527,0.0111972572754229,5.512002553681668,0.0203629885800182,ELL,0.994,0.08,0.2207482559387502,0.27629003,0.17823924,ELL,127369.0,ELL,ELL,2
400852342,63.0,ACF,1.7870089010857555,0.8013888694296213,1.584662064717539,379.1732292048504,0.0207601254805922,CEP,0.563,0.0,0.0576736196193719,0.48929036,0.20727967,CEP,127375.0,Unconstrained,ELL,2
400852342,63.0,LS,1.792233017514153,0.92505293382298,0.9248375278975844,4.440542657368496,0.0207601254805922,CEP,0.57,0.0,0.0624261611826323,0.3604611,0.18800451,CEP,127372.0,Unconstrained,ELL,2
401212234,56.0,LS,9.957090680303182,0.0882474218588437,0.0706625058862449,3.940819819301396,0.0029051749152131,ELL,0.988,0.0,0.0203224014329015,0.024824563,0.010009177,ELL,109940.0,ELL,ELL,2
401545919,81.0,ACF,3.8656658458876336,0.4379775374007918,0.7047121781886018,218.3286483311831,0.0158142345026135,ELL,1.0,0.0,0.0237744064068905,0.01735612,0.014066693,ELL,92165.0,ELL,ELL,2
401588029,62.0,LS,2.320404054751517,0.0244593023455771,0.0243791477294359,4.023939057133248,0.0149939802940934,ELL,1.0,0.02,0.0804437747746834,0.05284489,0.041485507,ELL,132120.0,ELL,ELL,2
401588029,63.0,ACF,2.298577695332824,0.8033556715577409,1.5500861088366389,242.64911855199705,0.0170387409161776,ELL,0.988,0.0,0.0023879698490558,0.00019781227,7.043307e-05,ELL,132129.0,ELL,ELL,2
404696758,80.0,LS,0.6326405204129333,0.0291738398686654,0.0267498085360198,4.739563161514525,0.0026938438531942,ELL,0.974,0.04,0.1643370355507714,0.34428954,0.1841094,ELL,142791.0,ELL,ELL,2
404967301,3.0,LS,3.746118361654757,0.2001136129214406,0.1927308903498946,3.653277347510084,0.0374201172962784,CEP,0.582,0.12,0.14937697279032,1.2446313,0.21283633,CEP,35167.0,Unconstrained,ELL,2
404967301,4.0,LS,4.371380245868218,0.6319517898112156,0.631284997647723,4.364351050047389,0.0320333428680896,CEP,0.521,0.04,0.1687603555341123,0.3600393,0.1686187,CEP,35173.0,Unconstrained,ELL,2
404967301,8.0,LS,8.504488695504051,0.1766114746741036,0.0891821801335676,2.177725889834619,0.0645020324736833,E,0.98,0.02,0.1215594024922022,0.20324892,0.14059445,E,35208.0,E,ELL,2
404967301,9.0,LS,9.965326647593525,0.0821564473804728,0.0604149311031053,2.5166009397116795,0.0280442670919001,ELL,1.0,0.0,0.0184834006611337,0.036426708,0.010733163,ELL,35217.0,ELL,ELL,2
404967301,10.0,LS,4.163099026712442,0.3643484761447124,0.3603466566464012,3.419690281760268,0.0274635362438857,CEP,0.418,0.12,0.1475509078250622,0.27513754,0.08666793,CEP,35222.0,Unconstrained,ELL,2
404967301,30.0,LS,7.636796028223219,0.1571024235628094,0.1472721195040388,2.885838418453204,0.0538375694304704,ELL,0.9865,0.02,0.1386026648773793,0.51115656,0.20591189,ELL,35156.0,ELL,ELL,2
404967301,31.0,LS,8.472167329103437,0.5893563933435958,0.5369412909292862,6.188325471983262,0.0486085657030344,CEP,0.53,0.04,0.0957645780025161,0.3339832,0.11231874,CEP,35192.0,Unconstrained,ELL,2
404967301,32.0,LS,10.75226128728218,0.179337942852508,0.0574297375726293,2.4804656233354763,0.0430054916068911,ELL,0.996,0.02,0.1676100262514149,0.35797578,0.1694394,ELL,35187.0,ELL,ELL,2
404967301,35.0,LS,8.596258197417065,0.182981883031282,0.1189445274311341,3.691418735135812,0.0338124600239098,ELL,0.916,0.1,0.212297777499698,0.77092147,0.3130092,ELL,35239.0,ELL,ELL,2
404967301,36.0,LS,7.426252531026876,0.1640578598420678,0.1230263383478084,3.2181757902344543,0.0237968820147216,ELL,0.992,0.1,0.2415804495401066,0.27167332,0.1743923,ELL,35245.0,ELL,ELL,2
404967301,62.0,LS,3.2451311172334893,0.1270704944771497,0.1052939584112162,4.228025877007895,0.072478293441236,ELL,0.988,0.04,0.1783531059443597,0.22270314,0.17786816,ELL,35255.0,ELL,ELL,2
404967301,64.0,LS,5.175421529211148,0.3861291221153427,0.3830538183733177,5.880376093569794,0.0282545038498938,CEP,0.43,0.06,0.0584553710107121,0.1266962,0.1096295,CEP,35329.0,Unconstrained,ELL,2
404967301,66.0,LS,4.962978111095527,0.3908918729526693,0.3867275373214357,5.041413822986215,0.0795112829655408,ELL,0.986,0.08,0.2067029271684366,0.5210725,0.24112001,ELL,35376.0,ELL,ELL,2
404967301,67.0,LS,6.519859851860976,0.0353557105235772,0.0344342869022654,2.907297225112416,0.0384277617558836,ELL,0.996,0.08,0.2497997926340212,0.36544427,0.22478461,ELL,35334.0,ELL,ELL,2
406696133,38.0,LS,0.1379541889649059,0.6066310598047234,0.6066283653879994,4.432948178839069,0.0430767703801393,DST,0.964,0.0,0.1012248902197478,0.8896469,0.353986,DST,75248.0,DST,ELL,2
406696133,64.0,ACF,0.2754687665692472,0.7365877706578672,1.3584998717269954,29.232872956003305,0.0420642225071787,ELL,0.973,0.0,0.0547868013302474,0.06563147,0.029029109,ELL,75286.0,ELL,ELL,2
406696133,65.0,ACF,0.2754598981596245,0.6622721979572814,1.204959518938419,29.039874379583598,0.0383221916854381,ELL,0.978,0.02,0.1370039181921451,0.14486241,0.124774836,ELL,75312.0,ELL,ELL,2
406966772,58.0,ACF,1.4073903984972276,0.8229277076192114,1.603501916891383,153.47039196157232,0.1719038747251033,ELL,0.998,0.0,0.0896763006596503,0.2189465,0.12331001,ELL,16706.0,ELL,ELL,2
406966772,78.0,ACF,1.4097365984930548,0.8291594221232266,1.6149334104234028,153.9638735844553,0.1720736548304557,ELL,0.9855,0.02,0.1331358405646546,0.37144428,0.1654701,ELL,16715.0,ELL,ELL,2
407018477,58.0,LS,9.207471611307032,0.0834463313640529,0.0776921006043884,4.7681670869351365,0.0384122692048549,ELL,1.0,0.0,0.0391400255493018,0.12267191,0.05427179,ELL,49464.0,ELL,ELL,2
407018477,78.0,LS,1.3696787664039798,0.3850502093546109,0.3848624807794374,4.703999285608006,0.0191049673594534,CEP,0.483,0.0,0.0563537540896788,0.026717255,0.014726773,CEP,49468.0,Unconstrained,ELL,2
407082659,74.0,LS,0.7255815930405721,0.517716325464466,0.5177134001449719,3.981848795760016,0.0177769851870834,CEP,0.472,0.0,0.0264756794058245,0.008033168,0.006362493,CEP,34239.0,Unconstrained,ELL,2
407082659,80.0,ACF,1.4583506866347309,0.6275906924639765,1.0360569222794265,155.36904433583288,0.01731697935611,ELL,0.99,0.0,0.0077392764519688,0.009374207,0.0030638536,ELL,34255.0,ELL,ELL,2
407082659,81.0,ACF,1.4675684408575762,0.7339087933160765,1.326222237816092,153.19447510792952,0.015779921086505,ELL,0.9885,0.1,0.256977889321241,0.3922096,0.23186344,ELL,34263.0,ELL,ELL,2
409049004,19.0,LS,2.303250026645813,0.0257779747718024,0.0253279177494408,3.943628249304311,0.001903925294755,ELL,0.956,0.12,0.278009099851066,0.7115271,0.21641098,ELL,66985.0,ELL,ELL,2
409049004,59.0,LS,1.5258326443776282,0.1367862334361018,0.1365987728359827,4.609773919415602,0.003935937420465,CEP,0.4669999999999999,0.1,0.1112859811476719,0.48337,0.25679806,CEP,66991.0,Unconstrained,ELL,2
410492272,11.0,ACF,0.2083332517372582,0.9374851782279954,1.7662203409963926,5.026431193383706,0.0515670515596866,DST,0.657,0.1,0.1225515401780002,1.1622624,0.2947238,DST,119417.0,Unconstrained,ELL,2
410492272,38.0,LS,0.2104136585126141,0.7594680967809251,0.7594678897438395,4.401213108805678,0.0593547755852341,DST,0.727,0.1,0.1142553000958817,0.36377698,0.19545865,DST,119428.0,Unconstrained,ELL,2
410492272,64.0,ACF,0.4213032230591125,0.8835020997995047,1.73055483523376,45.06635163377206,0.0552106462419033,ELL,0.952,0.02,0.0874266984393211,0.14094442,0.10934479,ELL,119636.0,ELL,ELL,2
410492272,65.0,ACF,0.4212936005833398,0.8915874161469884,1.7370995131176723,45.16822625708792,0.0555423600599169,ELL,0.95,0.0,0.0502778241374862,0.20059478,0.10071787,ELL,119649.0,ELL,ELL,2
413296783,38.0,LS,0.4506871270463475,0.1833142548730787,0.1833065023364179,3.610449300587789,0.0755325052887201,CEP,0.409,0.04,0.0316022530842343,0.19175051,0.15281464,CEP,80985.0,Unconstrained,ELL,2
413296783,65.0,ACF,0.8587977978140771,0.7353053410530316,1.414999194823825,94.32300939301962,0.0291109248064458,ELL,0.998,0.02,0.1207594700220235,0.074513264,0.088483565,ELL,81012.0,ELL,ELL,2
414587497,57.0,LS,5.75089685038856,0.017899809455999,0.017705585461035,3.998311634353741,0.0280629331246018,ELL,1.0,0.0,0.0227249312430203,0.035009187,0.01924754,ELL,69607.0,ELL,ELL,2
414587497,77.0,LS,2.8058820361648498,0.7196783932510797,0.7191473235456084,3.674902065500646,0.030521648004651,CEP,0.559,0.02,0.0541056891648188,0.8337716,0.37160492,CEP,69614.0,Unconstrained,ELL,2
414587497,83.0,LS,5.194919005625139,0.0260515015938464,0.0111215807443442,3.229237405517779,0.0310811237432062,ELL,0.969,0.12,0.2869276431437026,0.394371,0.23747377,ELL,69622.0,ELL,ELL,2
414587497,84.0,LS,2.738857210641825,0.6817987830187812,0.6809628389803042,4.756161060700833,0.0339283770881593,CEP,0.518,0.0,0.0659774628187534,0.1534961,0.08204608,CEP,69625.0,Unconstrained,ELL,2
415612665,54.0,LS,2.912779379911426,0.0697869855488142,0.059957183140159,3.237530501844958,0.0163188658189028,ELL,0.994,0.0,0.0142671090274098,0.114438534,0.01988735,ELL,36734.0,ELL,ELL,2
415612665,81.0,LS,1.304894683687396,0.1286649399376518,0.1278260375684762,3.579634642315796,0.0142017204780131,CEP,0.47,0.02,0.0662816897793048,0.400586,0.2942377,CEP,36745.0,Unconstrained,ELL,2
415866229,56.0,LS,4.2240927719971095,0.0989502907952732,0.0897648815006869,7.02009967421327,0.0463902065530419,CEP,0.43,0.08,0.0800280350877116,0.544464,0.30794778,CEP,114751.0,Unconstrained,ELL,2
415866229,82.0,LS,9.232113875293637,0.1356134034291806,0.0689252414720651,4.702237382283784,0.0624315394088625,ELL,0.93175,0.1,0.2669950404033753,0.6187992,0.26821733,ELL,114758.0,ELL,ELL,2
416544045,17.0,LS,8.838200642031518,0.270413836090755,0.1573734018844458,3.556238779864543,0.0662420457229018,ELL,0.954,0.06,0.228963102704344,0.7081419,0.24265118,ELL,64080.0,ELL,ELL,2
416544045,77.0,LS,2.806065848790468,0.4483688245447822,0.4463311144082403,3.58695106934465,0.0549939973279833,CEP,0.544,0.0,0.1212305967980031,0.46987265,0.24450171,CEP,64188.0,Unconstrained,ELL,2
417150873,57.0,LS,10.270104055929323,0.101206767277492,0.0839444706143656,3.424095635105914,0.0370853184722363,ELL,0.9565,0.12,0.2772619851331949,0.53439057,0.23250316,ELL,116192.0,ELL,ELL,2
417852589,58.0,LS,11.547897107201946,0.0768487480568565,0.0343010834597049,4.196659811022983,0.0098937028087675,ELL,1.0,0.0,0.0402138297106853,0.15592654,0.07622531,ELL,68302.0,ELL,ELL,2
417852589,77.0,LS,3.262855040504427,0.2101208048337384,0.2093866522450931,3.589467038473231,0.0077790149953216,CEP,0.447,0.02,0.0556470160925093,0.16505934,0.096314445,CEP,68310.0,Unconstrained,ELL,2
419532013,58.0,LS,2.857325328986017,0.0170112102236094,0.0160971999049579,3.4852948681764246,0.1326164975762367,ELL,0.9235,0.12,0.2602125614394205,0.88041335,0.28379795,ELL,53688.0,ELL,ELL,2
419745314,78.0,ACF,0.4606504364815009,0.9208789867058432,1.7905814238383688,48.27690056752178,0.0816999282687902,ELL,0.966,0.0,0.0227740554140012,0.00039015186,7.279421e-05,ELL,44273.0,ELL,ELL,2
420313292,77.0,LS,2.2629847026748418,0.0468818817760669,0.045370728990903,4.389409103107028,0.037849061191082,ELL,0.9835,0.08,0.2241393709280009,0.35088453,0.19219284,ELL,75036.0,ELL,ELL,2
420443928,78.0,LS,3.195439942999202,0.265949276078791,0.2581766984543333,4.671937300801801,0.0543119106441736,ELL,0.9105,0.06,0.1990440969846743,0.5320668,0.24562147,ELL,53654.0,ELL,ELL,2
421084921,56.0,LS,3.66808641840581,0.9073084475728516,0.9065312858812242,4.410029847836995,0.3127206489443779,CEP,0.608,0.0,0.0944671371430297,0.5999302,0.31996796,CEP,69786.0,Unconstrained,ELL,2
421084921,57.0,LS,3.686719591342891,0.8706621266621849,0.8661923568522177,4.164483463049692,0.3043074533343315,CEP,0.535,0.0,0.0723673849188983,0.31058133,0.18771528,CEP,69893.0,Unconstrained,ELL,2
421084921,77.0,LS,3.692000352422753,0.8525349253901585,0.8516331894976059,3.615612401506951,0.3217602148652076,CEP,0.524,0.0,0.0551991883998306,0.047954805,0.017124666,CEP,69897.0,Unconstrained,ELL,2
421084921,83.0,LS,3.666610805475278,0.9095609701686236,0.9088728478626898,4.453586808605905,0.3337307274341583,CEP,0.776,0.0,0.1413280099626397,0.68367493,0.3578247,CEP,69901.0,Unconstrained,ELL,2
421084921,84.0,LS,7.151363901556729,0.0415152221229269,0.0366106955000521,3.0211151290423004,0.3306112810969352,ELL,0.974,0.02,0.099774337381914,0.07480457,0.07658353,ELL,69904.0,ELL,ELL,2
421381021,58.0,LS,8.484443028447261,0.0662025157029319,0.0273526482868028,5.99853450882074,0.0263849017210304,ELL,1.0,0.0,0.0167897111350969,0.038908742,0.014459782,ELL,69401.0,ELL,ELL,2
421632297,76.0,ACF,1.874975137397996,0.1777406608504566,0.0116822846194364,4.366733377549963,0.0034371289075352,CEP,0.477,0.04,0.0921939260472185,0.5263351,0.28970566,CEP,91694.0,Unconstrained,ELL,2
421632297,76.0,LS,1.93400312632954,0.144881798154962,0.1447399287172838,6.107983083493309,0.0034371289075352,CEP,0.466,0.08,0.0856999416569229,0.5492016,0.3122619,CEP,91660.0,Unconstrained,ELL,2
421632297,77.0,ACF,1.9421404178292505,0.2467147282120178,0.0114453696321946,1.8302838795459595,0.0031740235863253,CEP,0.566,0.0,0.0614333329716042,0.3874558,0.18848313,CEP,91760.0,Unconstrained,ELL,2
421632297,77.0,LS,1.9487051588298092,0.210818876408825,0.2107712446623645,3.762934926824528,0.0031740235863253,CEP,0.553,0.02,0.0609360189050778,0.5430987,0.26716873,CEP,91702.0,Unconstrained,ELL,2
421632297,83.0,ACF,1.9629740920936456,0.3053104683777735,0.0096359915829605,1.917394512371402,0.0041109242010861,CEP,0.505,0.02,0.0860433751081395,0.49810946,0.25948304,CEP,91950.0,Unconstrained,ELL,2
421632297,83.0,LS,1.9480754033563843,0.2695540237584319,0.2693314353779332,6.187020670044149,0.0041109242010861,CEP,0.481,0.0,0.0523541173165969,0.119976014,0.08440561,CEP,91923.0,Unconstrained,ELL,2
421632297,84.0,LS,4.023028345097829,0.0140618484380516,0.0116502700725045,5.05985241515009,0.0048726962995715,ELL,1.0,0.0,0.0048926066672071,0.013338835,0.004064374,ELL,91767.0,ELL,ELL,2
421724301,56.0,ACF,1.289369801785142,0.321797951658002,0.5718817627294981,131.91098899112103,0.044363378547132,ELL,1.0,0.02,0.0769350921231657,0.036291555,0.025242921,ELL,69139.0,ELL,ELL,2
421724301,56.0,LS,1.2907412570114754,0.1367222477512021,0.136688065390785,4.286387083266163,0.044363378547132,ELL,1.0,0.0,0.0025047155527125,0.0048377723,0.0011747442,ELL,69135.0,ELL,ELL,2
421724301,57.0,ACF,1.2847043233273323,0.2197168252334061,0.3823410167151442,124.81647442242372,0.0415780209004879,ELL,0.988,0.0,0.0635321178617555,0.0596177,0.026815021,ELL,69017.0,ELL,ELL,2
421724301,77.0,LS,0.6495675989910407,0.1003026005840733,0.1002831197879037,3.416808123685769,0.0450266571715474,CEP,0.394,0.12,0.0920904251266113,0.6325275,0.36275476,CEP,69162.0,Unconstrained,ELL,2
421724301,84.0,LS,1.3135246644002303,0.1383166070576269,0.1382907209320256,4.636737193075533,0.034977993927896,CEP,0.474,0.02,0.0683043073312364,0.16307986,0.10839492,CEP,69198.0,Unconstrained,ELL,2
421786565,16.0,LS,0.1306267924036372,0.804799774436201,0.804799507637346,4.029207051047251,0.0151794461999088,DST,1.0,0.0,0.009838699100999,0.22945325,0.12664273,DST,57185.0,DST,ELL,2
421786565,17.0,LS,0.1306091187090361,0.7985132509696685,0.7985124457918105,4.2110967667747445,0.0160980143118649,DST,1.0,0.0,0.00689683985605,0.25019377,0.09640668,DST,57164.0,DST,ELL,2
421786565,56.0,ACF,0.2615782417169612,0.8343010855728693,1.5778057029327366,28.249173159582725,0.0168778048828244,ELL,0.977,0.02,0.1331208413434951,0.119891785,0.13311063,ELL,57404.0,ELL,ELL,2
421786565,57.0,ACF,0.2615714033108816,0.8098748168111006,1.5143157758240582,28.287067352743264,0.018638017354533,ELL,0.964,0.04,0.1825082529640783,0.17372616,0.18859066,ELL,57210.0,ELL,ELL,2
421786565,76.0,ACF,0.2615684746428997,0.8307941776095609,1.5335305321934665,28.29690400714369,0.0187675259076058,ELL,0.986,0.0,0.0125799205084928,0.0058652316,0.0009833826,ELL,57233.0,ELL,ELL,2
421786565,77.0,ACF,0.2615741063409587,0.8258738745099358,1.5351192356843106,28.2172528079992,0.0165802065748721,ELL,0.978,0.02,0.1419315947912937,0.13380115,0.14192788,ELL,57258.0,ELL,ELL,2
421786565,83.0,ACF,0.2615772935341738,0.8289048611822638,1.5462233081078882,28.2988731585764,0.0189808406867086,ELL,0.974,0.0,0.0303363544283092,0.0133430585,0.0036851994,ELL,57280.0,ELL,ELL,2
421786565,84.0,ACF,0.2615714523335555,0.80411985163303,1.5610802685217269,28.255736670493107,0.0171039765700697,ELL,0.966,0.04,0.1855861374133316,0.20203559,0.17971292,ELL,57304.0,ELL,ELL,2
421791369,56.0,LS,7.33686794156699,0.106939323056451,0.0840230215168327,3.868278439214919,0.0221156608313322,ELL,0.957,0.06,0.2219105608354089,0.5630339,0.23635818,ELL,71472.0,ELL,ELL,2
421791369,76.0,LS,2.6544919432264105,0.1432671153536949,0.1408894290861954,4.698429472548014,0.0218646554276347,CEP,0.493,0.1,0.1251708656197599,0.9570818,0.41970435,CEP,71486.0,Unconstrained,ELL,2
422016001,56.0,ACF,1.5717841439063704,0.6042198136704067,0.817606146538743,162.89643498935948,0.0365812424570322,ELL,1.0,0.0,0.0464838950605475,0.16399865,0.08889081,ELL,75932.0,ELL,ELL,2
422016001,57.0,ACF,1.5902605807550572,0.723268122835211,1.3212275108065037,172.03182613175431,0.0792892090976238,ELL,0.988,0.0,0.0079648226596704,0.0061875703,0.0036931722,ELL,75910.0,ELL,ELL,2
422016001,76.0,LS,0.782538799037806,0.4471222651067957,0.4471187522086047,4.199488262893283,0.0402468303218483,CEP,0.464,0.04,0.0785464855992933,0.17597659,0.13910334,CEP,75935.0,Unconstrained,ELL,2
422016001,77.0,ACF,1.5902786142362402,0.7716795788080575,1.3696449109618607,166.40839178967315,0.0782499182969331,ELL,0.988,0.0,0.0033456837866122,0.0008610841,0.00053179887,ELL,76090.0,ELL,ELL,2
422016001,83.0,ACF,1.585667345366346,0.809615525573921,1.1864104262559612,179.16509097131268,0.1173437573015689,ELL,1.0,0.02,0.1333547350383287,0.26965255,0.13906243,ELL,76096.0,ELL,ELL,2
422016001,84.0,ACF,1.5810018763313565,0.6737764281074609,1.0498340478533128,164.6305582818252,0.0586461182683706,ELL,1.0,0.0,0.0543966322486971,0.18148485,0.09692629,ELL,75916.0,ELL,ELL,2
422160276,83.0,LS,1.9480927265383472,0.0571849936754023,0.0554722395570088,4.20765358751305,0.0425870437175035,ELL,0.987,0.08,0.2512659248115999,0.4783009,0.2467026,ELL,73120.0,ELL,ELL,2
422226069,83.0,LS,0.916747726670705,0.175292332589375,0.1750465941030463,4.413759379451221,0.02880216576159,CEP,0.493,0.1,0.117232732630439,0.51456594,0.26099056,CEP,82921.0,Unconstrained,ELL,2
422226069,84.0,LS,1.8391047968876344,0.0781548209636289,0.0776532966611623,4.313944109559088,0.030057190451771,ELL,0.981,0.12,0.2334067916749639,0.42386857,0.19608845,ELL,82938.0,ELL,ELL,2
423208666,61.0,LS,6.012072187805528,0.0830988236615666,0.0824926084609938,4.6013617058888485,0.0117262138519436,ELL,0.996,0.08,0.2286935626553576,0.3326973,0.19656056,ELL,68777.0,ELL,ELL,2
423713846,65.0,ACF,5.127437238782022,0.6795276685865523,1.021395555238784,295.70879979993015,0.0456150714308023,ELL,0.988,0.0,0.048448327112502,0.061186276,0.062232498,ELL,69438.0,ELL,ELL,2
423713846,65.0,LS,5.156562619096498,0.0344821332476717,0.0341911601217055,4.802453010437603,0.0456150714308023,ELL,0.988,0.04,0.1465277093248918,0.12063265,0.12406701,ELL,69435.0,ELL,ELL,2
424048289,41.0,ACF,1.5416483900489766,0.8834530106848281,1.6648979188740194,50.4415922836248,0.1267991960048675,ELL,0.925,0.1,0.2493809904543648,0.6106584,0.23122042,ELL,93936.0,ELL,ELL,2
425083927,30.0,LS,3.818410740557552,0.1636375528303239,0.1593452092754272,5.4670600118734,0.0318932137452065,CEP,0.491,0.0,0.0513836705578727,0.12052359,0.11019798,CEP,24680.0,Unconstrained,ELL,2
425083927,31.0,LS,4.538668382797937,0.503473875615056,0.4826274772749828,4.512455397476515,0.0370774394832551,CEP,0.532,0.04,0.0821382639212687,0.6548612,0.30670032,CEP,24687.0,Unconstrained,ELL,2
425083927,36.0,LS,4.3994385695308384,0.2692939902129898,0.2670175404693261,5.648639276660106,0.0263483915477991,CEP,0.43,0.1,0.0920843091954324,0.7209454,0.40916806,CEP,24708.0,Unconstrained,ELL,2
425083927,37.0,LS,4.567320751953661,0.3491779947987904,0.3352078910862047,3.9796110176703214,0.0254337815567851,CEP,0.44,0.0,0.0643167287725363,0.15518205,0.104962975,CEP,24714.0,Unconstrained,ELL,2
425083927,39.0,LS,8.214904702844622,0.1142764035763369,0.110736460921429,5.578425040608636,0.0665633473545312,ELL,0.99,0.02,0.1040171601227412,0.14861813,0.06699279,ELL,24734.0,ELL,ELL,2
425083927,67.0,LS,4.840757414258859,0.2865644677839886,0.2707180374168214,5.714747791538684,0.0527017330750823,CEP,0.415,0.1,0.0979177532421981,0.21301383,0.14105551,CEP,24895.0,Unconstrained,ELL,2
425083927,69.0,LS,3.754336990694397,0.0640597800963985,0.0596354215027621,3.3166230946626456,0.0558514753356576,ELL,0.98,0.08,0.2547062433471154,0.2910443,0.2107523,ELL,24755.0,ELL,ELL,2
426666086,73.0,ACF,1.3402617976325928,0.6195807749606422,1.1371174332293892,168.37761515167472,0.0240583275444805,ELL,0.983,0.1,0.2540449598004259,0.34827176,0.19946073,ELL,31592.0,ELL,ELL,2
428480895,58.0,ACF,2.847194543837759,0.7731892006875157,1.296657587781186,320.0869965214388,0.0364639796316623,ELL,1.0,0.02,0.1298258156146149,0.12764075,0.11700583,ELL,13658.0,ELL,ELL,2
428480895,58.0,LS,2.828064746447022,0.2991052542030491,0.2989445311312427,4.4489390495436965,0.0364639796316623,ELL,1.0,0.0,0.0747700786143762,0.12657435,0.09072377,ELL,13656.0,ELL,ELL,2
428480895,78.0,LS,5.113462456314512,0.101654055603943,0.0320372158859729,1.907980590403895,0.0885395519435405,E,0.9975156663959408,0.02,0.0945587593459734,0.13271691,0.089761995,E,13664.0,E,ELL,2
428769716,59.0,ACF,1.1874758071212457,0.8062542606165706,1.5755768962351937,127.23435406002112,0.0255593215115368,ELL,1.0,0.0,0.0100752369699178,0.008805236,0.0037124697,ELL,32603.0,ELL,ELL,2
429265653,56.0,LS,0.6669759665733049,0.1278650349968652,0.127862510126732,4.318883351043041,0.0085782847600057,CEP,0.469,0.02,0.0670911499379761,0.507147,0.29769218,CEP,140036.0,Unconstrained,ELL,2
429265653,75.0,ACF,1.337935808795919,0.3824174404042976,0.706256178669596,138.6329294152872,0.008700011530891,ELL,1.0,0.02,0.1354997357931003,0.1836471,0.14774469,ELL,140132.0,ELL,ELL,2
429265653,75.0,LS,1.3443636622129544,0.0427516751374249,0.0427356541185914,4.36107185176661,0.008700011530891,ELL,1.0,0.04,0.1811831515345728,0.22939561,0.17018569,ELL,140119.0,ELL,ELL,2
429265653,76.0,LS,0.6669045519328018,0.1859211896456195,0.1859116393521323,4.423687572594645,0.008604351314716,CEP,0.48,0.04,0.0919579817090392,0.33079958,0.20802732,CEP,140144.0,Unconstrained,ELL,2
429265653,82.0,ACF,1.372700978645753,0.4401503133793054,0.0082693467620962,1.5699071442315926,0.0094252114649862,CEP,0.491,0.1,0.1024178187621665,0.87039024,0.36493298,CEP,140242.0,Unconstrained,ELL,2
429265653,82.0,LS,0.6696861751537744,0.339813070158432,0.3397992260184826,4.312546724049753,0.0094252114649862,CEP,0.48,0.0,0.0362445251038001,0.01938564,0.01334847,CEP,140233.0,Unconstrained,ELL,2
429265653,84.0,ACF,2.661988430531892,0.4442929484790683,0.0075785988145173,1.0579970919473,0.0094225170323625,ELL,1.0,0.0,0.0508972337165783,0.19869569,0.09888123,ELL,140262.0,ELL,ELL,2
429749401,44.0,LS,0.5314339450508302,0.2281116808100316,0.2281088680699502,3.959652476032716,0.0250217830762267,CEP,0.421,0.08,0.0295637886611307,0.3330738,0.17999835,CEP,29461.0,Unconstrained,ELL,2
429749401,45.0,LS,3.139427846459011,0.0470724729472839,0.046512599251716,5.0589210137368354,0.0266671925783157,ELL,0.944,0.12,0.2627447894821133,0.64773,0.23675178,ELL,29504.0,ELL,ELL,2
429944492,44.0,LS,10.055854582141135,0.2128795155335851,0.0678935425501209,3.451403306409702,0.0664766691625118,ELL,1.0,0.0,0.0060926184846911,0.033503342,0.008512802,ELL,2279.0,ELL,ELL,2
429944492,72.0,LS,5.853311391886449,0.4985334224150291,0.4859308474469823,3.477988856666343,0.0621321145445108,CEP,0.796,0.04,0.1660650474964554,0.5261758,0.19526948,CEP,3608.0,Unconstrained,ELL,2
430506616,61.0,LS,2.627119686391689,0.0625510951219922,0.060067799873749,3.735035267203784,0.0133899634238332,ELL,1.0,0.0,0.0556184870344384,0.143982,0.07230358,ELL,135177.0,ELL,ELL,2
430506616,62.0,LS,1.354292847174005,0.2119128096183371,0.2107788526014241,5.438084569334023,0.0166625482961535,CEP,0.504,0.1,0.1307281515206269,1.0569267,0.38497254,CEP,135181.0,Unconstrained,ELL,2
430585469,61.0,LS,5.4930694305336285,0.0303822109911103,0.0283397157564572,8.957317091368168,0.015555260470137,ELL,0.998,0.0,0.0135126755307747,0.020427883,0.0075915637,ELL,135601.0,ELL,ELL,2
430639863,56.0,ACF,1.0717724543935674,0.5659555794479776,0.8768376940987073,117.94265296470944,0.06540406960994,ELL,1.0,0.04,0.1500065564281394,0.2896307,0.14624174,ELL,86117.0,ELL,ELL,2
430639863,57.0,LS,0.9916053737566196,0.2560967778020212,0.2560802052021023,4.872186523141863,0.0417616171762347,CEP,0.466,0.0,0.0521728818448818,0.03287673,0.01448452,CEP,86360.0,Unconstrained,ELL,2
430639863,77.0,ACF,1.083339133349,0.3531322756285808,0.6528046470961956,103.2343267491874,0.0404484802857041,ELL,0.999,0.04,0.1735759476425233,0.1562081,0.12503374,ELL,86135.0,ELL,ELL,2
430642172,56.0,LS,1.679516373244057,0.2998380157926578,0.2995198079526658,4.983359507059504,0.034473561681807,CEP,0.487,0.1,0.1094593550136305,0.9414823,0.37030867,CEP,86349.0,Unconstrained,ELL,2
430642172,76.0,LS,3.2233250494342256,0.3146327580650217,0.3138932967751802,4.642096752006182,0.0274024554528296,CEP,0.435,0.12,0.1144569159116215,0.94490576,0.39990625,CEP,86468.0,Unconstrained,ELL,2
430642172,77.0,ACF,1.6250080459158198,0.4918349380287418,0.9997537461647203,351.8993882910919,0.0299423676915466,CEP,0.554,0.08,0.0867768540568278,0.80089796,0.34564766,CEP,86477.0,Unconstrained,ELL,2
430642172,77.0,LS,1.650668266363213,0.7027006031521905,0.7021840651840248,3.6521283773035975,0.0299423676915466,CEP,0.566,0.0,0.0414387065435203,0.6207917,0.32134408,CEP,86473.0,Unconstrained,ELL,2
430642172,83.0,LS,4.986626241887009,0.1129926814931047,0.1113295840909653,4.061646324473259,0.0400090869516134,ELL,1.0,0.0,0.0272533227332008,0.08668464,0.029109044,ELL,86483.0,ELL,ELL,2
430642172,84.0,LS,3.3009437889436053,0.2325879621564905,0.2287987072222068,4.357000498293928,0.0371787557378411,ELL,0.9935,0.04,0.1455381416754701,0.4629718,0.23291236,ELL,86490.0,ELL,ELL,2
431208536,77.0,LS,1.5589556597247638,0.0345251653976221,0.0342214049349497,4.413829796540085,0.0259373732842504,ELL,0.9605,0.12,0.2645695190304431,0.46335995,0.24100664,ELL,58811.0,ELL,ELL,2
431208536,84.0,LS,0.997964989403764,0.1838213801817262,0.1836467386035468,4.75990678944072,0.0272048031911253,CEP,0.439,0.06,0.0796128230877413,0.31684858,0.24918208,CEP,58826.0,Unconstrained,ELL,2
432519664,80.0,ACF,1.4976718236807756,0.4929681015621607,0.9399973610793878,156.07421942378085,0.0160874298308044,ELL,0.996,0.06,0.2127068031352077,0.27483505,0.1949286,ELL,37890.0,ELL,ELL,2
433838033,64.0,ACF,0.4814897370670223,0.9031322097012824,1.7942362679917907,51.91539628568316,0.0319201103411614,ELL,0.986,0.0,0.0151970523457675,0.0024380924,0.00065842277,ELL,102913.0,ELL,ELL,2
433838033,65.0,ACF,0.4814754466060549,0.9072301866494192,1.794122851793399,51.92906543667437,0.0354725471697747,ELL,0.972,0.0,0.0116721206299455,0.0017584267,0.0009629255,ELL,102925.0,ELL,ELL,2
434086636,78.0,ACF,0.4745466970985035,0.2745454827229672,0.0048607791600887,1.6545165598671758,0.0160610326565802,ELL,0.989,0.0,0.0879270151887347,0.17980666,0.11148544,ELL,89279.0,ELL,ELL,2
434328993,71.0,ACF,1.7177341905844514,0.6932849225442719,1.2480804917242412,141.07619925954918,0.0377920619212091,ELL,1.0,0.0,0.00238528824254,0.014139509,0.003925151,ELL,10311.0,ELL,ELL,2
434328993,72.0,LS,0.3445385696198819,0.2653730301324526,0.2653642284940277,3.984497919180285,0.0285732490010559,CEP,0.435,0.08,0.0538844541588759,0.17967223,0.1387948,CEP,10313.0,Unconstrained,ELL,2
434362221,65.0,LS,9.28149879230932,0.2336610830998601,0.1523607819033751,4.407441083490994,0.0903769116848707,ELL,0.987,0.0,0.0821612463391348,0.036683742,0.024862904,ELL,92477.0,ELL,ELL,2
434533079,17.0,ACF,0.9791700827831846,0.8733510111291778,1.306863412449902,16.035236001063943,0.0201468984596431,CEP,0.545,0.02,0.0677146955985183,0.1799873,0.13600785,CEP,51002.0,Unconstrained,ELL,2
434533079,17.0,LS,0.9791678669924416,0.7266708845757496,0.7266707307649407,4.250011457893834,0.0201468984596431,CEP,0.546,0.04,0.0676362151513521,0.25600797,0.1282054,CEP,50999.0,Unconstrained,ELL,2
434533079,18.0,ACF,1.9582966141470024,0.7339214942703559,1.0959641750240563,16.243604385949354,0.0273153721354901,ELL,0.988,0.0,0.0146052182455449,0.024605323,0.021749517,ELL,51040.0,ELL,ELL,2
434533079,24.0,ACF,1.9583505285399951,0.8429618281985168,1.3048246275262163,16.31697411906393,0.0207466632127761,ELL,0.971,0.0,0.0554096164938903,0.1045043,0.04823017,ELL,50787.0,ELL,ELL,2
434533079,57.0,ACF,0.981485182317556,0.8418973312950232,1.2466271313610298,143.1671773117173,0.0273093138821423,CEP,0.46,0.08,0.1239706804046827,0.26766294,0.23066396,CEP,50792.0,Unconstrained,ELL,2
434533079,57.0,LS,0.9848321966052952,0.6694191124948656,0.6693781231485232,4.174376318263967,0.0273093138821423,CEP,0.463,0.02,0.0833813792162254,0.23686488,0.16750452,CEP,50791.0,Unconstrained,ELL,2
434533079,58.0,ACF,1.960609958414352,0.8186057736155405,1.2377357813546954,140.12770509179768,0.0251736771315336,ELL,0.986,0.04,0.186398266086356,0.19976123,0.14819807,ELL,50934.0,ELL,ELL,2
434533079,84.0,ACF,1.9652831851926749,0.7337833143211238,1.1366762569953814,147.8277529951464,0.0259162695147097,ELL,0.986,0.04,0.1676658593751274,0.16521324,0.15316291,ELL,50801.0,ELL,ELL,2
434923432,38.0,LS,7.021149468670809,0.0156719588660384,0.0036400243553968,2.175970286702068,0.0214452110230922,ELL,0.981,0.04,0.172107175910826,0.4098253,0.14553633,ELL,101892.0,ELL,ELL,2
435361808,57.0,ACF,1.4745397787805814,0.8165567556169077,1.496751551264384,161.80884816190223,0.1036499813199043,ELL,1.0,0.0,0.0232999334762998,0.048426524,0.019670002,ELL,76495.0,ELL,ELL,2
435361808,57.0,LS,1.4823218845125443,0.1323446170610278,0.1323165625597561,4.35890515605206,0.1036499813199043,ELL,1.0,0.0,0.0332172259528094,0.06701433,0.0313839,ELL,76493.0,ELL,ELL,2
435361808,58.0,ACF,1.4768183320884418,0.8505404746919495,1.5377028552553489,162.0865971093972,0.1053210254758596,ELL,1.0,0.0,0.0035336100520572,0.008364159,0.0032470971,ELL,76503.0,ELL,ELL,2
435361808,58.0,LS,1.4740608481464823,0.1576352506757777,0.1576240847960701,4.535552303445002,0.1053210254758596,ELL,1.0,0.0,0.0029957302949364,0.011127934,0.002892068,ELL,76501.0,ELL,ELL,2
435361808,84.0,LS,1.4796252414660696,0.1431415849779086,0.143125412163854,4.624845035323233,0.1240052003413438,ELL,0.99975,0.04,0.1448300374823636,0.27724415,0.15261246,ELL,76509.0,ELL,ELL,2
435409370,41.0,LS,1.581907964129662,0.091168574113169,0.0895860155750812,8.9354931011203,0.0293797859922051,CEP,0.408,0.1,0.1035030357042729,0.5173906,0.24338825,CEP,92379.0,Unconstrained,ELL,2
435409370,54.0,LS,8.19014928133612,0.0287093670427781,0.006831832489439,2.001364691326671,0.0389763130806386,ELL,0.9095,0.02,0.1541182235961875,0.74966574,0.22491653,ELL,92407.0,ELL,ELL,2
435618806,55.0,LS,8.482893473462955,0.0760901592510601,0.0736834873462574,3.820331518421881,0.0462623359635472,ELL,0.999,0.02,0.0849638252434528,0.071002424,0.04171649,ELL,119898.0,ELL,ELL,2
435618806,74.0,LS,9.535247025492028,0.2736956132341058,0.2655895134412973,4.306603079301567,0.0512517755851149,ELL,0.978,0.12,0.236988712811391,0.38147926,0.15967135,ELL,119922.0,ELL,ELL,2
435623672,41.0,LS,11.073399499531812,0.0595123982922175,0.0272275372580703,2.613149811188123,0.0098536862060427,ELL,1.0,0.0,0.0215709897779401,0.08959593,0.027937263,ELL,63332.0,ELL,ELL,2
435623672,54.0,LS,8.738498457835096,0.342869781237652,0.3023315214311272,4.156771866724739,0.0134078611154109,ELL,0.996,0.12,0.2833428172726459,0.43190426,0.2773956,ELL,63340.0,ELL,ELL,2
435623672,74.0,LS,4.944631180258142,0.4999714175005419,0.4976497928917159,4.833150234710047,0.0112071447074413,CEP,0.436,0.0,0.0295079650264127,0.0020240147,0.0009935835,CEP,63344.0,Unconstrained,ELL,2
435623672,75.0,LS,11.53955045646967,0.0142799110256658,0.0044323974513913,1.7729347977074212,0.0124246999621391,E,0.8338758413560304,0.0,0.0807520671761454,0.030182257,0.014681369,E,63360.0,E,ELL,2
435623672,81.0,LS,10.23861903676631,0.0351921450399759,0.0323480662064157,3.064159208781348,0.0128280743956565,ELL,0.915,0.02,0.1394037244839606,0.6069946,0.23023053,ELL,63368.0,ELL,ELL,2
435725796,41.0,LS,1.7956865230348116,0.4083886731897957,0.4080015189588771,4.424106653628769,0.0495323166251182,CEP,0.476,0.0,0.0335123618982607,0.0015147529,0.0009111752,CEP,101549.0,Unconstrained,ELL,2
435725796,54.0,LS,1.7951064888960255,0.4102946691825384,0.4102292728465697,4.135323090191378,0.0530790816992521,CEP,0.501,0.04,0.085478427687926,0.19882613,0.16675338,CEP,101496.0,Unconstrained,ELL,2
435725796,74.0,LS,1.7800669050146696,0.6314433099193489,0.6313668182396038,4.829622834582551,0.0531285023316741,CEP,0.476,0.0,0.025013308457699,0.00079254573,0.0003633916,CEP,101681.0,Unconstrained,ELL,2
435725796,75.0,LS,3.461865072854265,0.0297678952503539,0.0293601036092024,6.361710951350688,0.0600220682099461,ELL,0.988,0.0,0.003406405730385,0.0014196727,0.00039838965,ELL,101691.0,ELL,ELL,2
435725796,81.0,ACF,1.7546263442827694,0.6187124191543171,1.0666978837383936,316.80235051398927,0.0499657727777957,CEP,0.476,0.0,0.0075286120898874,2.970477e-05,1.0705824e-05,CEP,101701.0,Unconstrained,ELL,2
435725796,81.0,LS,1.7513429377132623,0.6355094986335411,0.6354687917157905,4.3650890329736285,0.0499657727777957,CEP,0.499,0.0,0.0471753155792306,0.001848393,0.00046826492,CEP,101698.0,Unconstrained,ELL,2
435751168,41.0,LS,4.026695135609605,0.067493300798443,0.0659613411874219,5.585094984522584,0.0530194211751222,CEP,0.58,0.08,0.1715097011833441,1.1441041,0.30251795,CEP,119308.0,Unconstrained,ELL,2
435751168,81.0,LS,4.929709978586948,0.1104496289303655,0.1082108162360696,5.274603907979326,0.0326071120798587,ELL,0.998,0.0,0.0383106460399717,0.055890717,0.035011362,ELL,119369.0,ELL,ELL,2
435751228,55.0,LS,6.169382040374103,0.0661093984223916,0.0588757356478743,3.554758340926128,0.0448536733165383,ELL,0.994,0.08,0.2074783468220238,0.25685096,0.16786513,ELL,115070.0,ELL,ELL,2
436077712,11.0,LS,0.2159307579613391,0.3471058917442286,0.3359960079947756,3.423516345947519,0.1405947096645832,RR,0.622,0.0,0.0570382187660168,0.14984414,0.075368874,RR,106763.0,Unconstrained,ELL,2
436077712,38.0,LS,0.2100820366894921,0.0891569766081012,0.0884328036980946,3.1479723651718814,0.1100182346999645,DST,0.734,0.02,0.083729086941158,0.40235975,0.26148862,DST,106777.0,Unconstrained,ELL,2
436077712,64.0,ACF,0.4259348138039058,0.9330916667210908,1.857516359316528,46.08125096645793,0.1725583523511886,ELL,0.94,0.0,0.008263752174406,0.0003708546,0.00011613242,ELL,106797.0,ELL,ELL,2
436077712,65.0,ACF,0.4259224723791703,0.9393216585655016,1.8583197249876724,46.127275220425815,0.1616353169083595,ELL,0.938,0.0,0.0164372260433444,0.0030112583,0.0022677346,ELL,106812.0,ELL,ELL,2
436373348,11.0,LS,3.879296148490954,0.7286365939716511,0.7246311209786812,3.711011329644407,0.0536603154614567,CEP,0.496,0.0,0.0959733296286004,0.20600045,0.09602723,CEP,85716.0,Unconstrained,ELL,2
436373348,64.0,LS,3.957377386910285,0.7152204562670145,0.7148556462468718,4.378060147308133,0.068373717367649,CEP,0.556,0.0,0.0706322985609274,0.41057688,0.1988331,CEP,85754.0,Unconstrained,ELL,2
436373348,65.0,LS,8.189565934452833,0.0381430318180644,0.0365303215712698,3.330377964237414,0.0601882487535476,ELL,1.0,0.0,0.0105368116619782,0.019156642,0.008191092,ELL,85759.0,ELL,ELL,2
436901392,64.0,LS,0.6829990969728857,0.4560855721011712,0.4560767253169686,4.432218712128815,0.0851247645914554,CEP,0.473,0.12,0.1246719150410388,0.9692577,0.3758723,CEP,84333.0,Unconstrained,ELL,2
436901392,65.0,ACF,1.3981316076569783,0.625429781611984,1.0754374543610132,125.14141465408534,0.0576888583600521,ELL,0.9795,0.08,0.2614672208901146,0.40215763,0.22210361,ELL,84194.0,ELL,ELL,2
437608313,64.0,LS,1.794011999822304,0.1914692885535697,0.1913775874904897,6.436045185346302,0.0378156872466206,CEP,0.47,0.0,0.0595330630826266,0.20628221,0.16019897,CEP,96052.0,Unconstrained,ELL,2
437608313,65.0,ACF,1.6319261232706594,0.5226707126720276,1.0170607347991232,182.49169496864533,0.0413616234436631,ELL,0.998,0.04,0.1390921094095563,0.19790104,0.11329267,ELL,96067.0,ELL,ELL,2
437945710,71.0,LS,1.672270681378303,0.01747101081201,0.0173022295079452,4.677937626747735,0.0138239050284028,ELL,0.993,0.06,0.1983302531773628,0.496608,0.26751775,ELL,22387.0,ELL,ELL,2
438068992,44.0,LS,0.5715679024372382,0.2857019711572777,0.2856935727376271,4.529667110742594,0.0336720584891736,CEP,0.406,0.06,0.0534733578522987,0.7046429,0.41878274,CEP,6167.0,Unconstrained,ELL,2
438068992,71.0,ACF,1.1366699441987294,0.4527948050194141,0.79880368722879,100.45822714305558,0.0265785353258252,ELL,0.9535,0.06,0.1805323756240459,0.52315575,0.2635269,ELL,6440.0,ELL,ELL,2
438357427,38.0,ACF,0.47221778522362,0.9599394826494394,1.903865757395517,16.916406294158854,0.1066822931170463,ELL,0.97,0.0,0.0149422354418607,0.0013565499,0.00070189644,ELL,96442.0,ELL,ELL,2
438357427,64.0,ACF,0.4722319337743101,0.9322367822355891,1.8435114899718568,50.53493436131083,0.0869262125343084,ELL,0.982,0.0,0.0169622639998321,0.007730008,0.004978948,ELL,96455.0,ELL,ELL,2
438537520,71.0,ACF,1.8219202550399127,0.2811012527622529,0.5181478173475187,98.88264902549643,0.0086611066944897,ELL,1.0,0.02,0.1271104779316009,0.11393601,0.11410348,ELL,30520.0,ELL,ELL,2
438556638,64.0,LS,2.8033923858655383,0.1114408558875888,0.1098552966701023,5.253015473906999,0.0195127318147569,ELL,0.998,0.08,0.2385219687995217,0.40148106,0.18797256,ELL,60171.0,ELL,ELL,2
438877899,11.0,LS,6.249984173385568,0.0940567155602366,0.0547365413446153,6.085592320375326,0.0414529489353299,ELL,0.97,0.02,0.133537753463206,0.640125,0.15601619,ELL,98134.0,ELL,ELL,2
438877899,38.0,LS,4.303284189078815,0.0188932175181963,0.016091137432103,2.896378228655521,0.0422829668968915,ELL,0.988,0.02,0.1405133217883628,0.4082193,0.13987835,ELL,98190.0,ELL,ELL,2
439791974,65.0,LS,9.243744633494163,0.049959247874673,0.0384915949307264,3.92595644197354,0.0128493062220513,ELL,0.9905,0.08,0.1753864088234889,0.21634254,0.111485936,ELL,72960.0,ELL,ELL,2
440404514,64.0,ACF,2.990806157273255,0.7841650443598758,1.1230715174098305,329.7082812491953,0.0264027109369635,ELL,0.962,0.12,0.309142272101374,0.39736772,0.30390635,ELL,102260.0,ELL,ELL,2
440404514,65.0,LS,1.4810956746990755,0.3165270087467968,0.3165215669970241,4.611855390012352,0.0235158670693635,CEP,0.546,0.0,0.0740368448814507,1.2881079,0.36369145,CEP,102264.0,Unconstrained,ELL,2
440915172,64.0,ACF,0.8426108531366481,0.4362838723017732,0.8905097458700836,181.0065207153428,0.0369414663873612,CEP,0.511,0.04,0.0703495387333847,0.14925925,0.08908395,CEP,96560.0,Unconstrained,ELL,2
440915172,64.0,LS,0.8357934490663301,0.4904935664960086,0.490477551594384,4.619178717970499,0.0369414663873612,CEP,0.462,0.0,0.0202944721537664,0.00025006704,7.6909935e-05,CEP,96556.0,Unconstrained,ELL,2
440915172,65.0,ACF,1.6597070946036183,0.6682665518830782,1.351184755149148,180.5320087235664,0.044554453343153,ELL,0.988,0.0,0.0062307623931586,0.008554624,0.003529555,ELL,96570.0,ELL,ELL,2
440995650,64.0,LS,6.116489639411552,0.0591526567041894,0.0585495153536944,4.164181884741993,0.0312081514857709,ELL,0.9895,0.02,0.1580468082562884,0.20943323,0.112864226,ELL,96581.0,ELL,ELL,2
440995650,65.0,LS,6.328314996710557,0.1322038893753236,0.1215422592673855,3.820147854014067,0.0285602640360593,ELL,0.992,0.0,0.110801592497581,0.33226955,0.13010702,ELL,96586.0,ELL,ELL,2
441163023,11.0,ACF,0.4583345829364589,0.9159827807142452,1.759695303017342,5.4482888537040886,0.1162512134760618,ELL,0.877,0.08,0.1670443402213915,0.6625785,0.18252696,ELL,71587.0,ELL,ELL,2
441163023,64.0,ACF,0.4652887504817045,0.956291031706452,1.865074883546339,48.86314340787257,0.141533650457859,ELL,0.972,0.0,0.0168580425910008,0.0013515992,0.00067744555,ELL,71614.0,ELL,ELL,2
441163023,65.0,ACF,0.4652750814379942,0.9190443213729036,1.8130408137939389,49.40068764232552,0.073081306181848,ELL,0.982,0.0,0.008773505570751,0.00078834186,0.00020028673,ELL,71803.0,ELL,ELL,2
441475152,64.0,LS,11.213571618274235,0.1732229346665433,0.0600432224498975,2.1589020033134148,0.0132576376199722,ELL,0.979,0.1,0.2288568364720617,0.3326007,0.18514332,ELL,92482.0,ELL,ELL,2
441475152,65.0,LS,9.281538970186077,0.0952211954739063,0.0530537636191736,3.104897101482493,0.0134864810388535,ELL,0.9885,0.02,0.147722789372527,0.16892168,0.13720545,ELL,92488.0,ELL,ELL,2
441981119,64.0,LS,4.485436603676059,0.0567398476728473,0.0547733684257695,6.41737789999388,0.0172582548111677,ELL,1.0,0.0,0.081390505588797,0.10228044,0.061879274,ELL,98020.0,ELL,ELL,2
441981119,65.0,LS,2.3113255711102343,0.1775029649708551,0.1773818057840166,4.525828549532889,0.0156330864410847,CEP,0.456,0.0,0.0345223174193158,0.05461035,0.027925204,CEP,98029.0,Unconstrained,ELL,2
443196956,64.0,LS,4.80581956127342,0.1863903211205901,0.1826600257344331,4.861144764512574,0.0113994069397449,ELL,1.0,0.0,0.0390982045623581,0.073275454,0.025361989,ELL,86912.0,ELL,ELL,2
443196956,65.0,LS,4.789620901787643,0.1342548962226531,0.1320547037809678,4.239013904767489,0.0106784724630415,ELL,0.993,0.12,0.210776545421923,0.3171677,0.14911865,ELL,86921.0,ELL,ELL,2
443528451,64.0,LS,7.914801478620498,0.0101071308517567,0.0059763724772369,2.9362152678659186,0.0498064281418919,ELL,0.993,0.04,0.1483351933965773,0.19646296,0.12614687,ELL,144773.0,ELL,ELL,2
443652908,64.0,LS,1.245955531597698,0.0881154149437782,0.08806641262421,4.565915855302592,0.0382993253879249,ELL,0.998,0.02,0.1290453315699564,0.09265932,0.12714496,ELL,109458.0,ELL,ELL,2
443652908,65.0,ACF,1.2499937621760182,0.8655832611035463,1.6714766437219466,131.5550397193071,0.0494414241984486,ELL,0.988,0.0,0.0180080981783196,0.01667244,0.013632508,ELL,109038.0,ELL,ELL,2
444113639,58.0,ACF,0.7800972490781533,0.7550908336973682,1.3313080498078531,76.81113384064287,0.0720984255895018,ELL,0.976,0.06,0.1905598530645949,0.20320828,0.1697414,ELL,19471.0,ELL,ELL,2
444135874,58.0,LS,8.151611085338304,0.093378583876584,0.0832737757419906,3.5429165322566405,0.0338532333262264,ELL,0.941,0.12,0.2888760980074329,0.6574122,0.25481883,ELL,9130.0,ELL,ELL,2
444136462,58.0,LS,3.4644338824498933,0.0545003292096108,0.0544295275385753,4.5163842121000926,0.0874609593302011,ELL,0.996,0.0,0.0258834619013763,0.057989888,0.025782362,ELL,25958.0,ELL,ELL,2
444159885,57.0,LS,4.356756945452564,0.3181670092577465,0.3033844671787702,3.8681358314752288,0.0464315013960003,CEP,0.425,0.0,0.0590485088719436,0.3920304,0.24817605,CEP,68754.0,Unconstrained,ELL,2
444159885,77.0,LS,4.525971145833848,0.1334040808616686,0.1279495942662495,4.415970852387545,0.0499731907621026,ELL,0.98,0.1,0.2630351071625231,0.6833807,0.2579791,ELL,68761.0,ELL,ELL,2
444160145,16.0,LS,3.567771124830124,0.0848252681457048,0.0758790647403709,3.96746146402802,0.0039824916166253,CEP,0.414,0.02,0.0465264483922854,0.5562495,0.26271582,CEP,34390.0,Unconstrained,ELL,2
444160145,17.0,ACF,0.5416649182216133,0.3055769927577675,0.3022816713854275,6.304958076991078,0.0039630191167816,CEP,0.402,0.0,0.0221424117927564,0.1161789,0.076820716,CEP,34388.0,Unconstrained,ELL,2
444160145,17.0,LS,0.5428103193757243,0.1404952429719972,0.1404918956252765,4.256995525003731,0.0039630191167816,CEP,0.406,0.0,0.0240806976643119,0.014576845,0.006418135,CEP,34386.0,Unconstrained,ELL,2
444160145,57.0,ACF,1.0879596240374667,0.1609922645651403,0.2449198352814273,73.83185147411643,0.02589528914541,ELL,1.0,0.0,0.0291958901217277,0.05418592,0.0363466,ELL,34414.0,ELL,ELL,2
444325059,57.0,ACF,0.9375062695926316,0.5869653769596516,0.8768905018237931,99.72667724515428,0.0417984835803508,ELL,0.99,0.12,0.2803680359812794,0.50277305,0.27423376,ELL,32809.0,ELL,ELL,2
444325059,58.0,ACF,0.9490526288072942,0.7670823488380049,0.8188816358040767,101.16052652611756,0.0541958073154091,ELL,0.992,0.06,0.2276586471013126,0.3223182,0.20323226,ELL,32540.0,ELL,ELL,2
444325059,77.0,LS,0.4739991274167373,0.4434207675971274,0.4434182066973318,3.539258149710804,0.0561885256320238,CEP,0.428,0.02,0.0318933472686703,0.14241163,0.09784717,CEP,32548.0,Unconstrained,ELL,2
444325059,78.0,LS,0.9352609925662836,0.3536281277095702,0.3535517357792359,4.448387816904869,0.075495084747672,CEP,0.486,0.02,0.0613863307259849,0.058025777,0.06957648,CEP,32776.0,Unconstrained,ELL,2
444407521,78.0,LS,3.1959112413258595,0.0220252317829288,0.0149475483421178,3.5000126713930517,0.0093036942416802,ELL,0.998,0.06,0.2031563507674393,0.45771748,0.28258327,ELL,28346.0,ELL,ELL,2
444455696,58.0,LS,2.970230995766373,0.2559316679923422,0.2554371246507988,5.09530695277499,0.0136284937616437,CEP,0.485,0.04,0.0664361347460853,0.5290618,0.32819766,CEP,45170.0,Unconstrained,ELL,2
444455696,78.0,LS,5.478713356306376,0.077148412547322,0.0555769517252807,5.661153480959911,0.0120438321027904,ELL,0.986,0.1,0.204895260072067,0.20851901,0.13802765,ELL,45193.0,ELL,ELL,2
444530204,58.0,ACF,1.712953891892539,0.4699486784619938,0.8745626061802775,177.4610155552259,0.0211214437149465,ELL,0.996,0.0,0.100100202134396,0.36848179,0.19760232,ELL,10960.0,ELL,ELL,2
444591991,78.0,LS,3.3348456418700514,0.0178418483730634,0.0164541477263646,3.632732085254247,0.036410535685718,ELL,0.988,0.0,0.0684202192337908,0.28579992,0.10883693,ELL,20638.0,ELL,ELL,2
444635612,58.0,ACF,1.0416656551342385,0.7310324783149054,1.348279155441397,112.5493059112473,0.0642100069671869,ELL,0.994,0.0,0.0059530160423099,0.0047696345,0.0022060708,ELL,31770.0,ELL,ELL,2
444635612,78.0,ACF,1.04166566004551,0.8201583343176427,1.5625454548707642,110.18037485687012,0.0498605798929929,ELL,1.0,0.0,0.0046053881486797,0.004135636,0.0015326007,ELL,31778.0,ELL,ELL,2
444646764,66.0,LS,9.606558350998023,0.033382531284973,0.0295925271784073,4.029621445417433,0.0321595044806599,ELL,0.964,0.02,0.1273619369420575,0.52187675,0.23645674,ELL,15893.0,ELL,ELL,2
444670851,58.0,ACF,1.0462953857131652,0.2382611463436355,0.463531996106254,105.29127366647128,0.0130732485558837,ELL,0.998,0.0,0.0700138157794588,0.065206744,0.029964944,ELL,22028.0,ELL,ELL,2
444752336,25.0,LS,6.734186220630551,0.5878679560633384,0.5493585022154607,4.293732729226122,0.2131496556103229,CEP,0.51,0.04,0.0911209833133949,0.4257416,0.13860378,CEP,2869.0,Unconstrained,ELL,2
444752336,58.0,LS,9.898311020574672,0.0635198940140253,0.0596987227275544,3.227971739059285,0.159059576690197,ELL,1.0,0.0,0.0159128124478358,0.15785356,0.039109044,ELL,2871.0,ELL,ELL,2
445615026,58.0,LS,2.82810425500378,0.0104099487838061,0.0100389132828499,4.952656598226895,0.0134131032973527,ELL,1.0,0.0,0.065400490059326,0.09239326,0.04354484,ELL,15663.0,ELL,ELL,2
445625389,58.0,ACF,1.7870480632591352,0.9033782132013816,1.7792914840754803,191.17811639555464,0.073571871034801,ELL,1.0,0.0,0.0525171629089005,0.1701698,0.079821646,ELL,6655.0,ELL,ELL,2
445903090,63.0,LS,4.421285429057663,0.0475179970830161,0.0474191347120349,6.877467913367582,0.0104005797766149,ELL,0.979,0.08,0.254258942812244,0.35543022,0.21396314,ELL,102857.0,ELL,ELL,2
447918637,62.0,ACF,1.96296759777033,0.8038358975358618,1.5061900662193808,195.96063094499505,0.0205452553927898,ELL,0.988,0.0,0.000930376267969,0.00012758195,4.485737e-05,ELL,134507.0,ELL,ELL,2
448964322,65.0,LS,6.960679021732968,0.0261175905122148,0.0230670626390061,3.1541948136291467,0.0204168469645082,ELL,0.988,0.12,0.2482085002573441,0.29163715,0.20107332,ELL,40388.0,ELL,ELL,2
448970102,65.0,ACF,1.5439941203535454,0.8876145452700558,1.7230650825422005,166.21218428315444,0.0404358841478824,ELL,0.988,0.0,0.0180678277609678,0.013908332,0.013053994,ELL,89654.0,ELL,ELL,2
448970102,65.0,LS,1.5441178671921738,0.0390452184354406,0.0390269176450464,4.383090429546428,0.0404358841478824,ELL,0.988,0.0,0.0040199502484483,0.00012749921,2.9493001e-05,ELL,89652.0,ELL,ELL,2
449513526,65.0,LS,8.701441963239343,0.0494466038494891,0.0429205984550617,4.673739354249847,0.026682096067816,ELL,0.9865,0.0,0.0819430823368095,0.43431628,0.16701367,ELL,80153.0,ELL,ELL,2
450134769,58.0,LS,8.151612851427219,0.0723141121106993,0.0651334290676997,4.036017804344738,0.0484940828755497,ELL,1.0,0.02,0.085297230904643,0.056893736,0.055379935,ELL,10938.0,ELL,ELL,2
450135258,58.0,ACF,0.6481525388335285,0.7742679158752805,1.6023922698918016,69.63604202297014,0.0349205918610096,ELL,0.994,0.0,0.0828362314121538,0.100372285,0.054412533,ELL,8800.0,ELL,ELL,2
450137916,58.0,LS,7.292944182160181,0.0368208074451462,0.0348114782692794,5.035577997623477,0.0273337983526289,ELL,1.0,0.0,0.0524144319438835,0.13147129,0.078419864,ELL,5378.0,ELL,ELL,2
450359616,64.0,ACF,0.9120356122602972,0.4946335275607534,1.0362394972682234,96.35389268885052,0.0425965012982487,ELL,0.998,0.0,0.0044163786069584,0.015421809,0.004074936,ELL,106360.0,ELL,ELL,2
450383399,64.0,LS,8.970811187167028,0.0845392682501792,0.0782764463811294,4.411235284624127,0.0738324876874685,ELL,0.888,0.1,0.2269711708565649,0.87000394,0.2032301,ELL,93794.0,ELL,ELL,2
450868961,64.0,LS,9.611554311739738,0.046068682305278,0.0070090561668265,2.0240090940678783,0.0239679380320012,ELL,1.0,0.0,0.0691943068467341,0.12577051,0.037590746,ELL,124887.0,ELL,ELL,2
451255923,64.0,LS,4.077570521442754,0.5345435672487159,0.5344939982804559,4.713691526201728,0.1397160720080137,ELL,0.984,0.06,0.200852626569831,0.5156835,0.19562946,ELL,123401.0,ELL,ELL,2
451380751,64.0,ACF,1.3888839252103935,0.7563358654072858,1.3044729337897585,163.40182726557106,0.0145598675590008,ELL,0.988,0.02,0.1387877357694115,0.10962466,0.13699816,ELL,137671.0,ELL,ELL,2
455667137,65.0,ACF,2.986157179830116,0.4578132670238247,0.7954395068042275,176.59744970527436,0.0191305275075137,ELL,0.978,0.12,0.1835414184975196,0.5015442,0.26526982,ELL,60076.0,ELL,ELL,2
455707852,65.0,LS,6.053312269783301,0.0650723981980641,0.059880172673159,4.390123407643841,0.0295407674275338,ELL,0.9965,0.0,0.0615774512301378,0.16927403,0.059028756,ELL,68056.0,ELL,ELL,2
456040683,57.0,LS,1.5134107887946036,0.3132242171624844,0.3131331482222815,4.15512052262784,0.0168929703067988,CEP,0.47,0.0,0.0256742984324791,0.00078253634,0.00022940066,CEP,131794.0,Unconstrained,ELL,2
456040683,77.0,LS,6.681150959770026,0.0313785821047922,0.0307473019341104,3.568011324488907,0.0181026407517492,ELL,0.9225,0.04,0.1914166304164818,0.6897539,0.2013447,ELL,131817.0,ELL,ELL,2
456040683,78.0,LS,2.6449137365535407,0.5410738070906519,0.5406197788274988,5.395544215727568,0.0173000374343246,CEP,0.528,0.06,0.1160878908413793,0.86176646,0.36068913,CEP,131826.0,Unconstrained,ELL,2
456040683,84.0,LS,2.524299845297753,0.3367704245465096,0.3360191487734263,4.18675449033617,0.0161608832422643,CEP,0.452,0.0,0.0330762996721217,0.018166604,0.014315943,CEP,131836.0,Unconstrained,ELL,2
457670524,63.0,ACF,1.4884468057853155,0.8343570856410545,1.6023026112793055,159.11511806642045,0.0729598058387637,ELL,0.988,0.0,0.0057055762198046,0.0040180325,0.0012606564,ELL,141050.0,ELL,ELL,2
457670524,64.0,ACF,1.495356152036038,0.8185941061422669,1.3269434714885815,159.4460069671968,0.0725906388834118,ELL,0.988,0.0,0.0034891832855268,0.00020329806,4.951807e-05,ELL,141058.0,ELL,ELL,2
457680236,63.0,LS,7.802381935180436,0.0289723277343111,0.0245288205520883,2.9407226953844656,0.0299953739158809,ELL,0.992,0.0,0.0753700398036248,0.3050382,0.12581424,ELL,142429.0,ELL,ELL,2
457680236,64.0,LS,1.7032733611246738,0.0254443362349437,0.0244526720592551,3.454878046282829,0.0296522327698767,ELL,0.966,0.06,0.1605641637075693,0.5543131,0.20293148,ELL,142534.0,ELL,ELL,2
457680799,63.0,LS,6.632024036284062,0.0264661328774396,0.0251400960507825,5.042867408508755,0.0135307107120752,ELL,0.986,0.06,0.2185003990843037,0.42482176,0.20783141,ELL,143351.0,ELL,ELL,2
457680799,64.0,LS,2.587664956124407,0.0992538236275247,0.0974296926375374,4.654952044504171,0.013934951275587,CEP,0.429,0.08,0.0867040575751792,0.34667006,0.18558833,CEP,143545.0,Unconstrained,ELL,2
457764895,63.0,LS,3.684464701784565,0.6414820449596192,0.6406541020180426,4.399309389249538,0.0581042282283306,CEP,0.572,0.0,0.0457742110800393,0.22105625,0.12802579,CEP,136241.0,Unconstrained,ELL,2
457764895,64.0,LS,7.475496744570165,0.0450404758708,0.0449015222752159,4.461556474383542,0.0358060863800346,ELL,0.99,0.02,0.1243771184744203,0.0934812,0.114342555,ELL,136249.0,ELL,ELL,2
457826107,63.0,LS,6.632027094107116,0.082419243910587,0.0818449718590783,5.4516828523919685,0.0216959323734045,ELL,1.0,0.0,0.0095130226531844,0.025518754,0.007755152,ELL,142376.0,ELL,ELL,2
457826107,64.0,LS,6.407554696082311,0.0609738055788173,0.0604097711126189,8.529535015284637,0.0295212469063699,ELL,1.0,0.0,0.0611947097386694,0.05634263,0.01746863,ELL,142382.0,ELL,ELL,2
457975630,63.0,ACF,1.9328986506843648,0.8743049781414534,1.6760405421068791,206.94748125238823,0.0742649286985397,ELL,0.988,0.0,0.0032249030993194,6.888197e-05,1.3924655e-05,ELL,139925.0,ELL,ELL,2
457975630,64.0,ACF,1.9397971499029156,0.8868481638452436,1.697396873006989,205.38018231784883,0.0743176275864243,ELL,1.0,0.0,0.0286118856421592,0.03045842,0.013819722,ELL,139928.0,ELL,ELL,2
458076392,63.0,ACF,0.500007366114005,0.9126636189949532,1.80855830772118,54.14882461978465,0.070571550168097,ELL,0.983,0.0,0.0650199325943045,0.062406205,0.047053847,ELL,143476.0,ELL,ELL,2
458076392,64.0,ACF,0.4999956479186949,0.908642046351387,1.802720695041538,54.07270935564219,0.0726577080786228,ELL,0.9878888888888888,0.0,0.0416529474302795,0.07372297,0.04152749,ELL,143529.0,ELL,ELL,2
458076693,36.0,LS,0.2307387258051123,0.1553073443939679,0.1547299045369209,3.3073080396243317,0.0414925627410411,RR,0.868,0.1,0.2294797211084238,0.46164444,0.28461662,RR,143127.0,RR,ELL,2
458076693,63.0,ACF,0.4560253281986206,0.8943802901684762,1.7747867651697544,48.86328177437426,0.0463147973641753,ELL,0.952,0.02,0.1304869709971075,0.119473875,0.13508874,ELL,143159.0,ELL,ELL,2
458076693,64.0,ACF,0.4560144577926621,0.8515646650009633,1.6771525707590258,49.31440229103916,0.0456729065626859,ELL,0.923,0.02,0.176798411757572,0.24646612,0.16276899,ELL,143176.0,ELL,ELL,2
458140158,63.0,ACF,0.3541718485685123,0.88714082390264,1.767638791310406,38.080384623487646,0.0287228822708129,ELL,0.972,0.02,0.1460598507461924,0.122020714,0.13103075,ELL,141078.0,ELL,ELL,2
458140158,64.0,ACF,0.3541633345807895,0.903775427019507,1.7898785424534809,38.06333671710806,0.0311861420050263,ELL,0.992,0.0,0.0221247734451677,0.023714218,0.007933155,ELL,141090.0,ELL,ELL,2
458393841,63.0,ACF,2.64819009069106,0.4374307514870296,0.8152046846537904,150.47342588014862,0.0084975111531093,ELL,0.998,0.08,0.2112638871175099,0.23731627,0.16827993,ELL,127079.0,ELL,ELL,2
458393841,64.0,ACF,2.645812432573166,0.4091106221938071,0.783662536413422,149.83381915998916,0.0100641406606882,ELL,0.998,0.0,0.0615422099050724,0.028427143,0.017128222,ELL,127088.0,ELL,ELL,2
458398861,63.0,LS,4.5738270431397225,0.2626933847306649,0.260809663292235,4.294102246778493,0.0156411249190568,CEP,0.436,0.12,0.1243201093950612,0.32822058,0.24405052,CEP,141910.0,Unconstrained,ELL,2
458398861,64.0,LS,11.213267627503951,0.0618502217333463,0.0326732775111276,3.1183632124593714,0.0186752947047352,ELL,0.982,0.0,0.006635178972718,0.0010202789,0.00026216012,ELL,141489.0,ELL,ELL,2
458404466,10.0,ACF,1.2916691924092447,0.8155269465294187,1.605725321062624,15.265074687680126,0.2075569704174995,ELL,0.998,0.0,0.0089528151997011,0.020982057,0.0056801485,ELL,132376.0,ELL,ELL,2
458404466,63.0,ACF,1.2940036683676226,0.9206276838910123,1.828198721869896,139.2779201857208,0.1494962628930807,ELL,0.992,0.1,0.2184598198754178,0.33499384,0.16516398,ELL,132462.0,ELL,ELL,2
458404466,64.0,ACF,1.2939737325691567,0.925888176446609,1.8380497898535624,139.32075414226404,0.1507492084056139,ELL,0.9995,0.0,0.0389144459038028,0.08701972,0.030060763,ELL,132382.0,ELL,ELL,2
458438308,36.0,ACF,0.4583412570846121,0.857849584510228,1.6606804834797524,16.25165664371346,0.0574819138273596,ELL,0.983,0.02,0.141310376122916,0.1348387,0.12230399,ELL,136176.0,ELL,ELL,2
458438308,37.0,ACF,0.4583304704156035,0.840425641677557,1.6230963287334674,16.17913367947532,0.0562126142904162,ELL,0.976,0.02,0.1369451604398681,0.13534072,0.13774662,ELL,136192.0,ELL,ELL,2
458438308,63.0,ACF,0.4583404080376567,0.8393845836392548,1.6268537496199096,49.03512471453493,0.0602457951754331,ELL,0.968,0.08,0.2365458805390616,0.29318342,0.21644932,ELL,136204.0,ELL,ELL,2
458542722,63.0,ACF,0.2592636002664221,0.2610989638314829,0.3238938662890668,46.13957238777674,0.015401504933834,CEP,0.408,0.06,0.0508153677542532,0.29309508,0.19402629,CEP,141958.0,Unconstrained,ELL,2
458542722,63.0,LS,0.2595714474205879,0.2684879623882835,0.2684858944888579,4.688119110338448,0.015401504933834,CEP,0.422,0.0,0.0253791725633441,0.022590797,0.02078123,CEP,141945.0,Unconstrained,ELL,2
458542722,64.0,ACF,1.8171172855284112,0.3724685562443772,0.7264401914526895,63.7696558959376,0.019343642052263,ELL,0.998,0.0,0.047174061728878,0.14339648,0.06579484,ELL,141985.0,ELL,ELL,2
458706682,64.0,ACF,1.6759158900968032,0.8584454977427776,1.6370973347217332,182.64523016372837,0.0477838702499866,ELL,1.0,0.0,0.0233657206180335,0.026395556,0.017935367,ELL,119296.0,ELL,ELL,2
458710069,64.0,ACF,2.129617734572093,0.844295220854217,1.2563218914951892,289.48642778092744,0.0355374347418546,ELL,1.0,0.02,0.1303422485167786,0.23420958,0.17729141,ELL,133165.0,ELL,ELL,2
458854972,37.0,LS,2.137470915781551,0.0429428484386083,0.0418792321899653,4.960219250620867,0.0075933086918666,ELL,0.993,0.08,0.2270829031433234,0.44807506,0.19373961,ELL,121903.0,ELL,ELL,2
458856832,63.0,LS,6.31624598291702,0.1443042055610701,0.126695287972978,3.7985762481257552,0.0023912990582175,ELL,0.986,0.06,0.2085121425720813,0.20916116,0.17894557,ELL,131781.0,ELL,ELL,2
458856832,64.0,ACF,2.208321441615226,0.6615891866339824,1.050744980601701,264.8501079107524,0.0225008721463382,ELL,1.0,0.04,0.1613653791864909,0.14936125,0.13158767,ELL,131787.0,ELL,ELL,2
458856832,64.0,LS,2.2058915332818527,0.3757157053834958,0.3755800617238079,4.504410598321556,0.0225008721463382,ELL,1.0,0.02,0.0868976409346076,0.072863474,0.04849424,ELL,131785.0,ELL,ELL,2
459001907,63.0,LS,4.019427579372667,0.1522531928188614,0.149321421842348,3.8174123705830425,0.0843420810997486,ELL,1.0,0.0,0.00496,0.0022869203,0.00044273958,ELL,138245.0,ELL,ELL,2
459001907,64.0,LS,2.0083473056259384,0.6719692074809844,0.6713068502976364,4.433034157806105,0.0848274584859609,CEP,0.585,0.0,0.051449843537177,0.74731874,0.32914463,CEP,138246.0,Unconstrained,ELL,2
459027412,63.0,ACF,5.333431753562763,0.4803619051501673,0.686611668343321,215.98591043449915,0.0282449182122945,ELL,0.988,0.0,0.0193504935337577,0.020690385,0.01924447,ELL,129376.0,ELL,ELL,2
459027412,64.0,ACF,2.664338576982118,0.4368950997712341,0.7373282358073154,377.1553647583062,0.0313435890711844,CEP,0.456,0.0,0.0481116867299412,0.024084788,0.01487182,CEP,129384.0,Unconstrained,ELL,2
459027412,64.0,LS,2.691188702206589,0.3476107780314202,0.347505524565978,4.551174602671381,0.0313435890711844,CEP,0.454,0.0,0.0499408289879132,0.04460773,0.024088873,CEP,129382.0,Unconstrained,ELL,2
459159158,63.0,ACF,0.4652861767217473,0.8238941106786131,1.6746158082944156,50.06294777813932,0.0262871221639215,ELL,0.972,0.0,0.0186761880478859,0.0053896084,0.0030261993,ELL,138982.0,ELL,ELL,2
459159158,64.0,ACF,0.4652750385694162,0.8399200960071281,1.7003181123030235,50.08286219903121,0.0260570435784757,ELL,0.97,0.0,0.0360139750652437,0.025147308,0.02579736,ELL,138996.0,ELL,ELL,2
459368303,63.0,ACF,2.458376225280517,0.6609583024830914,1.306963055706689,266.31791591477463,0.023335872683674,ELL,0.988,0.0,0.0419612964528028,0.0127320485,0.010547393,ELL,141104.0,ELL,ELL,2
459368303,63.0,LS,2.4561022178949705,0.022032297643726,0.0219360644591486,3.902510448373505,0.023335872683674,ELL,0.988,0.0,0.0052036909977438,0.0011918976,0.0006410912,ELL,141102.0,ELL,ELL,2
459368303,64.0,ACF,2.4652595445923,0.6486424797029093,1.271830834091288,267.3655847255019,0.0234771100804209,ELL,1.0,0.0,0.004909429702114,0.014755677,0.006868994,ELL,141116.0,ELL,ELL,2
459509031,10.0,LS,3.1730905473464426,0.3574324177014198,0.3565103378361031,4.360652768107684,0.0564188230782747,CEP,0.667,0.0,0.1020580227125726,0.8237364,0.28739634,CEP,137021.0,Unconstrained,ELL,2
459509031,63.0,LS,8.289359571726038,0.1609116173255889,0.1566503227555256,4.516742330968555,0.0883043929934501,ELL,0.97,0.06,0.2020373915887848,0.59039664,0.20581333,ELL,137042.0,ELL,ELL,2
460134123,63.0,LS,0.9022394062082713,0.058232959438959,0.0582255698024582,4.868974187291315,0.0320903933607041,ELL,0.998,0.0,0.0052567004860463,0.012846109,0.005494598,ELL,73069.0,ELL,ELL,2
460134123,64.0,LS,0.8970608226056205,0.0654847922217473,0.0654740151066097,4.500434600893641,0.0324680632911622,ELL,0.998,0.0,0.0062757947703856,0.016408257,0.006037714,ELL,73081.0,ELL,ELL,2
460500497,63.0,LS,6.315703397855851,0.1774298003764148,0.169760410295383,6.200478870974621,0.0729560619220137,ELL,0.974,0.1,0.2761338262509684,0.55726653,0.23570144,ELL,138635.0,ELL,ELL,2
460546522,64.0,LS,2.446585207995956,0.0602229893370801,0.0601951902323244,6.040330526950129,0.0345237157307565,CEP,0.432,0.1,0.1160427507429912,0.71498966,0.37184224,CEP,86313.0,Unconstrained,ELL,2
460546522,65.0,LS,10.686281595973153,0.070455450093979,0.040170056293234,3.317118121940439,0.0380264152772724,ELL,0.99,0.1,0.2853918996748156,0.509788,0.25222364,ELL,86328.0,ELL,ELL,2
460720215,36.0,ACF,0.2708381789971099,0.5060999367598286,1.1243038195986013,9.499245582199528,0.0286609889008104,ELL,0.98,0.0,0.0390704184774107,0.038643267,0.011634913,ELL,129588.0,ELL,ELL,2
460720215,37.0,ACF,0.270832231852637,0.5683984257507216,1.137730152249136,9.468694943304731,0.0279828393831849,ELL,0.981,0.0,0.0786901671112725,0.10049558,0.059495866,ELL,129613.0,ELL,ELL,2
460720215,63.0,ACF,0.2708377318231214,0.5084105840693629,1.0597606016181618,28.62712585594029,0.0311111821793019,ELL,0.984,0.0,0.0799302195668196,0.0750735,0.061342906,ELL,129636.0,ELL,ELL,2
460720215,64.0,ACF,0.2708315754216528,0.4532161919889956,0.9694834513355396,28.583337105709703,0.0328153371810913,ELL,0.986,0.02,0.136612087312946,0.10137248,0.111747205,ELL,129665.0,ELL,ELL,2
460725868,63.0,LS,9.47352897002572,0.0412260248992935,0.0337128462856863,3.1787339374386647,0.0270241545513272,ELL,1.0,0.0,0.0363905207437321,0.11809059,0.05630332,ELL,130137.0,ELL,ELL,2
461070612,63.0,ACF,4.68989664253786,0.5633636875963036,0.8414862737905686,278.3493230712543,0.0090480397921055,ELL,0.988,0.0,0.0053850162488148,0.0026894715,0.0016205881,ELL,129390.0,ELL,ELL,2
461070612,64.0,ACF,4.712937584918109,0.582132978064383,0.8700953449626683,263.32487447272683,0.0098416302353143,ELL,0.992,0.0,0.0048347078505324,0.000772671,0.00018166579,ELL,129528.0,ELL,ELL,2
461107115,64.0,LS,7.082090768069757,0.0847423464473734,0.0801101998062547,4.283799395372625,0.1066544838249683,ELL,0.975,0.0,0.0892041344333321,0.46786544,0.1369544,ELL,141997.0,ELL,ELL,2
462208648,63.0,LS,9.474253471916136,0.0227168623252654,0.0074299720778413,3.849377612968965,0.0164881709497421,ELL,1.0,0.0,0.0009912113800799,0.06858735,0.023594344,ELL,130753.0,ELL,ELL,2
462272921,63.0,LS,3.3159973324073917,0.0105470210721817,0.0076043300827987,2.674436237852205,0.0405572121962904,ELL,0.8345,0.1,0.1687177041143953,0.6632404,0.30075228,ELL,144790.0,ELL,ELL,2
462435933,63.0,LS,8.290002706671943,0.1014380878452233,0.0850060870011429,5.445572795684711,0.0386611022986471,ELL,0.999,0.0,0.0419976856505212,0.17973207,0.06531653,ELL,144263.0,ELL,ELL,2
462636537,63.0,LS,3.789713540131223,0.1782238812382312,0.1779624551474844,4.694196686603391,0.1666672341525554,ELL,1.0,0.0,0.0490211882760913,0.15265003,0.08285512,ELL,144116.0,ELL,ELL,2
462636537,64.0,LS,3.737410466388015,0.1819402354041956,0.1815221316198869,4.379397772212542,0.1654805429279804,ELL,1.0,0.0,0.0338022247788514,0.09933672,0.031590268,ELL,144120.0,ELL,ELL,2
462906547,63.0,LS,2.139358853408763,0.0525461011361952,0.0523299175503916,6.151148372744501,0.0176114460919052,ELL,0.994,0.0,0.0050976072818529,0.0007009378,0.00022230914,ELL,123411.0,ELL,ELL,2
462906547,64.0,ACF,2.2754383510873595,0.3160659786435974,0.0084670081862107,1.1508847610818975,0.0111898512113839,ELL,0.994,0.06,0.2243177246674903,0.3766301,0.19955987,ELL,123787.0,ELL,ELL,2
462941494,64.0,ACF,0.8958215717420899,0.4867790187704935,0.7948618004159507,85.06847007930179,0.097172325477004,ELL,0.996,0.0,0.039081357448277,0.11228458,0.07695077,ELL,74042.0,ELL,ELL,2
463166861,66.0,LS,5.41513666378112,0.0450032578476784,0.0400950589555467,4.415062197796942,0.0264558917842805,ELL,0.9855,0.04,0.176274586937539,0.25350806,0.14930262,ELL,64386.0,ELL,ELL,2
463241893,63.0,LS,8.842681790741151,0.2426770890681598,0.2165258669829982,3.559543396084337,0.0993736367672681,ELL,0.956,0.02,0.1377794356934299,0.5260542,0.18892996,ELL,138526.0,ELL,ELL,2
463241893,64.0,LS,1.9501245975484256,0.2663149804230542,0.265955483350978,4.498542772958899,0.0642749108374118,CEP,0.465,0.02,0.0723378296605586,0.38994715,0.1804242,CEP,138530.0,Unconstrained,ELL,2
463245341,63.0,LS,12.058197387166482,0.0165691402238425,0.0034622793402242,1.8545349171945416,0.0218036398291587,ELL,0.972,0.12,0.2923931332983044,0.46651545,0.25939748,ELL,118205.0,ELL,ELL,2
463487657,66.0,LS,6.227410312266328,0.0499717781701157,0.0465982123349553,3.661562188732205,0.0324806245043873,ELL,0.9905,0.02,0.1697807397792812,0.35764658,0.14250274,ELL,14353.0,ELL,ELL,2
463501462,66.0,LS,2.896470661151314,0.0722404824800935,0.069945882987667,4.212561822707357,0.0196395930834114,ELL,0.963,0.04,0.1865861259579607,0.31124955,0.1672505,ELL,31463.0,ELL,ELL,2
463607123,66.0,ACF,2.2037115490384167,0.7123412184995106,1.387483886128869,232.80035297296135,0.0410021189600229,ELL,0.988,0.0,0.0052649786324352,0.0003149301,5.6719593e-05,ELL,22892.0,ELL,ELL,2
463760608,63.0,ACF,0.7361194383029215,0.3626464949486478,0.7951567928621659,76.61463071950834,0.0221222569234669,ELL,0.96,0.04,0.1138970921490096,0.10352953,0.079968646,ELL,110381.0,ELL,ELL,2
463760608,64.0,ACF,0.7384174193384752,0.4203874208410034,0.886193476129803,77.57574944911164,0.0220672157593071,ELL,0.963,0.1,0.258256456348489,0.3348141,0.24265379,ELL,110570.0,ELL,ELL,2
463870955,66.0,LS,6.919367272887232,0.1178271554131641,0.1142293402152516,4.044506506401376,0.0649234559386968,ELL,0.986,0.06,0.2144241814721464,0.23474048,0.17372446,ELL,32355.0,ELL,ELL,2
464072693,63.0,ACF,2.4421611852267238,0.844840334710509,1.6532739116849662,257.9082889521844,0.0463185226544737,ELL,0.988,0.0,0.0048786883483165,0.0008439475,0.0003076665,ELL,126447.0,ELL,ELL,2
464072693,64.0,ACF,2.458309957954043,0.8224630349934597,1.5687965369853305,250.6654226716909,0.0457584066316485,ELL,1.0,0.0,0.037320375132091,0.07199529,0.032293808,ELL,126451.0,ELL,ELL,2
464185342,64.0,ACF,0.4467520004582184,0.825579349504628,1.6232025603300002,47.77522363686202,0.0299747264944016,ELL,0.913,0.1,0.2178129366855243,0.5773447,0.28916234,ELL,144246.0,ELL,ELL,2
464259828,64.0,LS,3.5410256721636904,0.0278661802371185,0.0268553997888605,4.929520920035429,0.0197659339755773,ELL,0.986,0.08,0.242471187772898,0.6396631,0.28738317,ELL,116068.0,ELL,ELL,2
464713649,63.0,LS,3.235132290212344,0.1124010986133105,0.1123773796882128,4.841332985535701,0.1427236478775739,ELL,1.0,0.0,0.0258041488912151,0.031551655,0.012861049,ELL,142105.0,ELL,ELL,2
464713649,64.0,LS,3.203500172850228,0.0984822787585858,0.097799453948779,4.295849606558477,0.1503929495811462,ELL,1.0,0.0,0.036051884832835,0.103140086,0.033990487,ELL,142110.0,ELL,ELL,2
464730621,63.0,ACF,2.1041925854697183,0.7912638642439522,1.585112154881272,230.71006000357372,0.0625140219926834,ELL,0.988,0.0,0.004743374326363,0.0029703672,0.0021337508,ELL,140938.0,ELL,ELL,2
464730621,64.0,ACF,2.111087002849672,0.7584253386394525,1.4487947660507874,229.74256693739156,0.0545437121763825,ELL,0.988,0.0,0.0175251134090481,0.021130938,0.0077599753,ELL,140946.0,ELL,ELL,2
465055209,63.0,ACF,0.6226981166119003,0.7990728875992753,1.5036631299955785,66.72561359503408,0.0169741397257894,ELL,0.977,0.08,0.2528287344585287,0.3763651,0.23113455,ELL,130373.0,ELL,ELL,2
465055209,64.0,LS,0.3129298453430947,0.7104243298720053,0.7104156945231601,4.533579662864213,0.0186670233961194,CEP,0.465,0.1,0.0655837052933119,0.14334437,0.12429973,CEP,130270.0,Unconstrained,ELL,2
465214833,64.0,LS,6.40760418357039,0.3230028737841859,0.3049591290870461,4.142052430794138,0.0685600098222494,ELL,0.9895,0.1,0.2009572930363309,0.48590723,0.24978566,ELL,127633.0,ELL,ELL,2
465384125,63.0,LS,6.02863235690765,0.0654875825003581,0.0642458102641457,4.377725525726419,0.0352714699693024,ELL,0.986,0.1,0.2269204168866256,0.43536714,0.184618,ELL,108520.0,ELL,ELL,2
465555235,64.0,LS,8.409985177162154,0.0517068412727467,0.0504194075930043,4.6716627563364455,0.0249792844988405,ELL,0.972,0.12,0.2640908358879573,0.43735296,0.22552781,ELL,127593.0,ELL,ELL,2
465741716,64.0,LS,8.409979431629466,0.1622155369024266,0.1595164747496365,4.971460776068852,0.0254791695624589,ELL,0.912,0.04,0.1558699661769386,0.5114662,0.2067031,ELL,111197.0,ELL,ELL,2
466258029,63.0,ACF,1.833376016576949,0.725540735547257,1.4193259381204593,198.75554367957284,0.0512667139992117,ELL,0.988,0.0,0.0044972880717161,0.0003723646,0.00010951681,ELL,120794.0,ELL,ELL,2
466258029,64.0,ACF,1.8240745262737617,0.7956059261118654,1.546344720658203,203.4818910450828,0.0590373389422893,ELL,0.989,0.0,0.0068042339759887,0.0015875318,0.00067934167,ELL,120922.0,ELL,ELL,2
466300568,63.0,ACF,2.379681202019128,0.876224303856073,1.5891949692310363,258.5571616392357,0.1021988037973642,ELL,1.0,0.0,0.0253870360617382,0.08303095,0.072932124,ELL,109825.0,ELL,ELL,2
466300568,63.0,LS,2.411455348178772,0.130224904437708,0.1301544191506738,4.523609457894054,0.1021988037973642,ELL,1.0,0.0,0.006067124524847,0.04007053,0.010896804,ELL,109823.0,ELL,ELL,2
466300568,64.0,ACF,2.3796235186928243,0.886087264548654,1.6519991460042176,259.98456506308514,0.0959293078631162,ELL,1.0,0.0,0.0384640819466681,0.0874836,0.041468233,ELL,109830.0,ELL,ELL,2
466300568,64.0,LS,2.360697174535066,0.1183492600897037,0.1183452138742099,4.731195744006982,0.0959293078631162,ELL,1.0,0.0,0.032006563389405,0.07559971,0.0533373,ELL,109828.0,ELL,ELL,2
466353661,63.0,LS,11.053483545111172,0.0145071916184548,0.0071988994504795,2.18932805163422,0.0742703722789883,ELL,0.997,0.0,0.0981715315149967,0.16698757,0.08701732,ELL,110480.0,ELL,ELL,2
466353661,64.0,LS,3.364001248567948,0.455410071828302,0.4548398163443929,4.938332708879898,0.0749719282612204,CEP,0.504,0.0,0.0603247345622009,0.70175815,0.31682658,CEP,110635.0,Unconstrained,ELL,2
466463593,63.0,LS,8.84278438492553,0.0247698310992416,0.0154966978406876,3.121164722211688,0.0283764395862817,ELL,1.0,0.0,0.0374681197820226,0.12591131,0.052525118,ELL,103121.0,ELL,ELL,2
466463609,64.0,LS,8.409996172807581,0.0721995725486815,0.0052811082244486,2.9544971641626034,0.0206737755797803,ELL,0.984,0.12,0.2846949419993267,0.37302998,0.2296441,ELL,108007.0,ELL,ELL,2
466501615,10.0,LS,3.750025458061619,0.112087513726172,0.0079858856172021,1.2635874257234718,0.0154567579738795,CEP,0.498,0.04,0.1182169192628534,0.1812094,0.051886182,CEP,129253.0,Unconstrained,ELL,2
466501615,11.0,LS,5.9209377058065416,0.0890290125517076,0.021295247350378,5.876640217501063,0.0164694315753877,ELL,0.986,0.0,0.066007805599035,0.25284415,0.06932362,ELL,129266.0,ELL,ELL,2
466501615,63.0,LS,1.1534060442101848,0.0625384862897718,0.0625225274040749,4.091325707708165,0.0165150687098503,CEP,0.464,0.08,0.0818322674743893,0.33814067,0.23777056,CEP,129275.0,Unconstrained,ELL,2
466527712,10.0,LS,6.187551513964876,0.2800160290271739,0.2512748382524006,5.402749475538712,0.1715167984366417,ELL,0.968,0.02,0.1448783227401532,0.48956186,0.13988651,ELL,116750.0,ELL,ELL,2
466527712,63.0,LS,0.3099108124889045,0.2980916271052475,0.298090982231548,5.86645517735451,0.0417882716283202,CEP,0.407,0.1,0.0588305906820592,0.5288094,0.30912605,CEP,116574.0,Unconstrained,ELL,2
466699874,64.0,ACF,0.7476843931790427,0.7049240831306607,1.0055459649430576,83.11827913972905,0.0377416866831481,ELL,0.98,0.06,0.1859851903201889,0.47060683,0.23608847,ELL,135563.0,ELL,ELL,2
466850173,10.0,LS,3.256603732931138,0.0318903485776037,0.0316430630074727,3.5305767432696484,0.0013770365330856,ELL,0.922,0.1,0.2247651105042773,0.5001265,0.25869557,ELL,125395.0,ELL,ELL,2
466850173,11.0,LS,3.2142256543157037,0.0948154522962077,0.0943745932853195,3.5542348167400637,0.0008672218245919,CEP,0.488,0.12,0.1082009168168181,0.26200497,0.082333095,CEP,125402.0,Unconstrained,ELL,2
466850313,64.0,LS,11.213324606983218,0.0267250615338287,0.0062104330180819,1.8548758249635284,0.0200148858129978,ELL,0.985,0.1,0.2747212907657504,0.47893614,0.24194568,ELL,136141.0,ELL,ELL,2
466876735,63.0,LS,2.210504202387787,0.3881987577632826,0.387343408140068,4.64450432236481,0.0186237669549882,CEP,0.485,0.0,0.0632525857178977,0.32725903,0.21435252,CEP,116590.0,Unconstrained,ELL,2
466876735,64.0,LS,7.475551871752312,0.1065042463327688,0.0929480467705116,4.755600454223895,0.0155740161426365,ELL,0.9915,0.08,0.205516937501511,0.30958343,0.14262092,ELL,116779.0,ELL,ELL,2
466908099,10.0,LS,8.250075302022955,0.2387342969355756,0.2291601193941084,3.761673711768253,0.0189012184273451,ELL,0.976,0.08,0.2546005820888868,0.446418,0.24896629,ELL,138444.0,ELL,ELL,2
466908099,11.0,LS,2.96047719488824,0.2930885926778506,0.2774775248068845,3.432855187650148,0.0227910233661532,CEP,0.558,0.0,0.1505141534873049,0.55970705,0.12104395,CEP,138377.0,Unconstrained,ELL,2
467278099,64.0,ACF,3.70601869174061,0.172014876247769,0.2815540140283934,186.0143370474161,0.0080435769632458,ELL,0.891,0.12,0.27951884533963,0.6419418,0.274093,ELL,116311.0,ELL,ELL,2
467411581,64.0,ACF,5.946763126066799,0.7060801215623745,1.0212812492812244,266.3760011133577,0.0333907012827694,ELL,0.98,0.08,0.2174420759650716,0.24167441,0.1713408,ELL,109048.0,ELL,ELL,2
468624949,15.0,ACF,0.9583350475804764,0.6217237192710452,0.8353377477568089,7.110100835616642,0.1187456119805574,ELL,0.955,0.04,0.1669321347134816,0.49930128,0.13253306,ELL,66918.0,ELL,ELL,2
468624949,16.0,ACF,0.4791566618700926,0.8561814209874644,0.7409150519160828,6.818833683644691,0.1456593256443739,CEP,0.666,0.08,0.1749609510719463,0.8613645,0.17493485,CEP,66902.0,Unconstrained,ELL,2
468624949,16.0,LS,4.136826716793189,0.0525006194516135,0.0081508603313631,2.6483192465702814,0.1456593256443739,CEP,0.562,0.12,0.1921012233172917,0.98228705,0.2948824,CEP,66898.0,Unconstrained,ELL,2
469221047,10.0,LS,0.2258203245161891,0.7191317587848962,0.7191312320852769,5.595074333260072,0.0848717521876096,CEP,0.393,0.06,0.045480545291366,0.3011853,0.19987532,CEP,137398.0,Unconstrained,ELL,2
469221047,36.0,ACF,0.4513938019908892,0.928024678193279,1.838133096859953,16.153390372734385,0.0881203915923833,ELL,0.966,0.0,0.0043443756743633,3.0498382e-05,5.55221e-06,ELL,137484.0,ELL,ELL,2
469221047,37.0,LS,0.2247331925056733,0.8137439599657036,0.8137437030541934,3.892414591398847,0.0640570139512419,CEP,0.426,0.04,0.0459186236727539,0.2070313,0.14164446,CEP,137531.0,Unconstrained,ELL,2
469221047,64.0,ACF,0.453698522720515,0.9128049620766704,1.817531247006032,48.60543050252133,0.0866941735148429,ELL,0.974,0.0,0.0507369687703157,0.037483823,0.025279218,ELL,137561.0,ELL,ELL,2
469890964,56.0,LS,0.5957253191959601,0.0972937649558723,0.0971676572100842,4.334552687287214,0.0518930982798337,RR,0.974,0.06,0.1973527846269213,0.33815283,0.17984003,RR,70065.0,RR,ELL,2
469890964,57.0,LS,0.5966099060888966,0.0747280351199227,0.0740354729302264,4.564371549109637,0.0494306674227118,RR,0.958,0.06,0.2451554413020441,0.41753963,0.24396864,RR,70074.0,RR,ELL,2
469890964,76.0,ACF,1.0069279527829167,0.8858838551265277,1.7484939928388026,107.38772382242615,0.069937901571393,ELL,1.0,0.0,0.0222526605150934,0.024652058,0.010963895,ELL,70085.0,ELL,ELL,2
469890964,77.0,ACF,1.0069488226713474,0.8412625705605481,1.6353495227217596,106.63088801236034,0.0718479324132204,ELL,0.998,0.02,0.0918329619472224,0.06855396,0.06830383,ELL,70095.0,ELL,ELL,2
469890964,83.0,ACF,1.0046376495502043,0.890264708439544,1.7640867123274422,107.46195715622906,0.0717232655733823,ELL,0.998,0.0,0.0041883648360666,0.0011585909,0.0002627999,ELL,70103.0,ELL,ELL,2
469890964,84.0,ACF,1.0046159221492417,0.8650618248359443,1.7010298129049906,106.9845504489798,0.0725447572767734,ELL,1.0,0.0,0.0034980566033156,0.015554067,0.008073027,ELL,70111.0,ELL,ELL,2
470681793,57.0,LS,2.7129614271657028,0.487076533930401,0.4869287269214133,4.433544413594063,0.0189618882723152,CEP,0.523,0.0,0.0489305793957112,0.4848063,0.27933392,CEP,74961.0,Unconstrained,ELL,2
470681793,58.0,LS,2.717156462106854,0.4488970626423414,0.4484587928164552,4.184065688921692,0.0207146652974188,CEP,0.553,0.0,0.0460212994166831,0.38434505,0.24316405,CEP,75083.0,Unconstrained,ELL,2
470681793,84.0,LS,4.439328216116149,0.0236569149626835,0.0178045523753103,2.693038465382415,0.0187060807365924,ELL,0.964,0.06,0.2257967016624305,0.5994362,0.2660626,ELL,75091.0,ELL,ELL,2
470690821,57.0,ACF,3.666709258402989,0.6629876227912923,1.106538156414917,389.08743018006953,0.0331554701551795,ELL,1.0,0.0,0.005138093031466,0.0028899652,0.0009056082,ELL,55687.0,ELL,ELL,2
470690821,58.0,ACF,3.661981545988965,0.7862689585008931,1.3184519971409423,398.2832984019585,0.0312394648790359,ELL,1.0,0.0,0.0162819654833192,0.039649397,0.034292754,ELL,55693.0,ELL,ELL,2
470690821,78.0,LS,3.652493444115277,0.2898008926716376,0.2894719155288741,4.606436893460341,0.0318585243076086,ELL,0.998,0.0,0.0051808879547815,0.001193566,0.00028814416,ELL,55698.0,ELL,ELL,2
470690821,84.0,LS,3.678290868633277,0.2483432742697598,0.2459774872607568,4.241729915353062,0.0347309466451406,ELL,0.989,0.02,0.1070306423413407,0.0743874,0.075949065,ELL,55702.0,ELL,ELL,2
470694056,57.0,LS,7.988136764994349,0.2374778588387313,0.2345871485293697,4.323009448686207,0.0221761525608599,CEP,0.416,0.1,0.0596655880721878,0.06272926,0.053071108,CEP,65946.0,Unconstrained,ELL,2
470694056,58.0,LS,3.959264204245757,0.1537110242552142,0.1536873240047677,4.252557409417932,0.0203774683177471,CEP,0.4679999999999999,0.04,0.0786313016552568,0.52186626,0.30792668,CEP,65955.0,Unconstrained,ELL,2
470694056,77.0,LS,0.9110599429656204,0.0963845974649844,0.0934219210338798,4.2743482367041,0.0184285815339535,CEP,0.456,0.08,0.0601838383621383,0.6576684,0.30538955,CEP,65965.0,Unconstrained,ELL,2
470694056,78.0,LS,3.486474848023444,0.0966990119491898,0.0723011292450951,15.423749700137703,0.0212379661388695,ELL,0.995,0.06,0.1950515326779054,0.2567073,0.13680251,ELL,65987.0,ELL,ELL,2
470705362,57.0,LS,2.2120966622042384,0.1026898674726319,0.102195650395834,4.859867094612127,0.0279627810232341,CEP,0.458,0.0,0.0497591157477702,0.103412,0.0673843,CEP,34171.0,Unconstrained,ELL,2
470705362,78.0,LS,2.950099949222773,0.1160147581841384,0.1140258375636995,5.363309276235668,0.0288111134432256,ELL,0.9815,0.08,0.221436879493909,0.30058616,0.18534866,ELL,34222.0,ELL,ELL,2
470758181,58.0,LS,5.3297854940359,0.111315561284587,0.1061991384442335,4.649434758131974,0.014135290402919,ELL,0.998,0.04,0.1844548389172807,0.22424263,0.18558407,ELL,39950.0,ELL,ELL,2
470758181,77.0,LS,4.126561155897984,0.2149153125151675,0.2044350699165059,3.921992843850603,0.0136561004910618,CEP,0.447,0.08,0.1025132186598392,0.7291627,0.36099014,CEP,39958.0,Unconstrained,ELL,2
470839928,57.0,LS,2.3964418771958744,0.1737754058813815,0.1736253044513191,5.225949017185485,0.0594303803518414,CEP,0.509,0.06,0.1032845312716284,0.6661265,0.30901363,CEP,60200.0,Unconstrained,ELL,2
470839928,58.0,LS,3.8489620672428746,0.1466208479648365,0.1294150669009593,5.2799342404796334,0.0667944969609379,CEP,0.44,0.1,0.1321243353814883,0.9563502,0.31563032,CEP,60208.0,Unconstrained,ELL,2
470839928,77.0,LS,6.377416782397319,0.1214586559089586,0.1185442514982504,3.650453691370785,0.0300622265785932,ELL,0.995,0.02,0.0976157550603385,0.26284415,0.1198374,ELL,60217.0,ELL,ELL,2
470839928,78.0,LS,3.068098656767232,0.238210053901983,0.2355129792549548,5.7047432532890525,0.0290053244680166,CEP,0.601,0.12,0.1634838511902628,0.7917745,0.29858065,CEP,60223.0,Unconstrained,ELL,2
470839928,84.0,LS,2.0115645627936383,0.0504425958079623,0.0482264598897377,4.172421608192963,0.0671803578734397,CEP,0.6,0.1,0.1492600415382496,0.8983254,0.23728397,CEP,60226.0,Unconstrained,ELL,2
470847250,57.0,ACF,4.324121256864601,0.6741245138028734,1.0162713274715258,278.20944308625644,0.0270674563944339,ELL,1.0,0.0,0.0042941821107167,0.004134509,0.0011551607,ELL,38899.0,ELL,ELL,2
470847250,58.0,LS,4.3304382786013935,0.1684958675924889,0.1678613979634563,4.952993527505896,0.0302280182950198,ELL,1.0,0.0,0.0050261715052313,0.0047220928,0.0014010093,ELL,38905.0,ELL,ELL,2
470847250,77.0,ACF,4.307779044327617,0.4883627937221351,0.6851649433640634,269.6547189822584,0.0283254962414503,ELL,0.995,0.0,0.0437829019138749,0.060868435,0.04523012,ELL,38918.0,ELL,ELL,2
470847250,78.0,ACF,4.319512824624326,0.6496898945237893,0.934021701014564,253.2189720752051,0.0282755633816123,ELL,0.998,0.0,0.0044596412411762,0.008302109,0.0024383646,ELL,38926.0,ELL,ELL,2
470847250,84.0,ACF,4.335689728415673,0.6968496223823485,1.078038078461491,273.203702647126,0.0278521538712084,ELL,0.998,0.0,0.0050438080851674,0.0013371409,0.0003219181,ELL,38934.0,ELL,ELL,2
