TIC,sector,source,per,power,prominence,width,amplitude,brf_class,brf_prob,instability,sigma_brf,entropy,sigma_top,brf_class_raw,cube_idx,sector_class,final_class_tic,decision_step
12647620,18.0,LS,0.8869973468138723,0.0375739502473663,0.0375636136629841,4.1738894742893535,0.010024388320744,Rndm,0.629,0.04,0.1451054733633435,0.7612756,0.21121451,Rndm,4821.0,Irregular,Irregular,1
12647620,18.0,LS,1.1150823788517252,0.0505382079320171,0.0505062987902959,4.929950995255695,0.010024388320744,Rndm,0.458,0.14,0.1170349417909027,0.6037366,0.27559495,CEP,4822.0,Irregular,Irregular,1
12647620,18.0,LS,1.5205668802523526,0.046519961484316,0.0463000314144707,9.112089718459629,0.010024388320744,Rndm,0.611,0.0,0.0839640780334066,0.55908316,0.17684661,Rndm,4823.0,Irregular,Irregular,1
12647620,18.0,LS,2.1287936323532937,0.0277980435325782,0.0193088279243458,2.8496540490300504,0.010024388320744,Rndm,0.772,0.0,0.0978136629994528,0.5699557,0.18207991,Rndm,4824.0,Irregular,Irregular,1
12647620,18.0,LS,2.3894622403965537,0.0301337809324837,0.0300888548362547,3.728738192043238,0.010024388320744,Rndm,0.794,0.0,0.0982375976904973,0.67084116,0.19053574,Rndm,4825.0,Irregular,Irregular,1
12647620,18.0,LS,3.081148678406082,0.0369483962986838,0.0367747431170286,4.3731776439326495,0.010024388320744,Rndm,0.649,0.0,0.1348283412343265,0.8964726,0.22334208,Rndm,4826.0,Irregular,Irregular,1
12647620,18.0,LS,5.09059346867092,0.1611419059398529,0.0651668071087663,3.0230828361277418,0.010024388320744,LPV,0.804,0.02,0.1283545090754508,0.30677503,0.12467297,LPV,4827.0,Irregular,Irregular,1
12647620,18.0,LS,7.317728111214449,0.2335240902213916,0.2279598006136343,4.4429024771320655,0.010024388320744,LPV,0.83,0.0,0.066555011832318,0.24369824,0.061496526,LPV,4828.0,Irregular,Irregular,1
13968575,81.0,LS,0.9507433703958964,0.0111442418122663,0.0108316737332525,5.317294696618774,0.0793470814824104,Rndm,0.993997425997426,0.0,0.0023405925233224,1.9141156e-05,5.925529e-06,Rndm,111098.0,Irregular,Irregular,1
13968575,81.0,LS,1.232445109772458,0.0114528685956878,0.0112983711743601,3.5528685685494565,0.0793470814824104,Rndm,0.991997425997426,0.0,0.0163714086197094,0.0028827253,0.0021890998,Rndm,111099.0,Irregular,Irregular,1
13968575,81.0,LS,1.6432601463632774,0.0181063379301583,0.0127717549838833,3.8191945898033737,0.0793470814824104,Rndm,0.991997425997426,0.0,0.0014757154323227,4.2757063e-05,1.962408e-05,Rndm,111100.0,Irregular,Irregular,1
13968575,81.0,LS,2.662081437108509,0.0471711456308231,0.0407142912713428,3.865657613197982,0.0793470814824104,Rndm,0.991998712998713,0.0,0.0393054751167986,0.04538399,0.015085054,Rndm,111101.0,Irregular,Irregular,1
13968575,81.0,LS,4.929780439089831,0.0825820134371383,0.0697571781655049,3.2406212896457878,0.0793470814824104,Rndm,0.947,0.06,0.1955382991667998,0.38562918,0.20488502,Rndm,111102.0,Irregular,Irregular,1
13968575,81.0,LS,12.100370168675042,0.2549314595954527,0.0697294443732378,2.9283722195432347,0.0793470814824104,LPV,0.936,0.02,0.1413262891326309,0.25773793,0.16461788,LPV,111103.0,Irregular,Irregular,1
13968575,82.0,LS,1.0176908199662107,0.0161850404538566,0.0153272024443347,4.574611335719965,0.0721974903717637,Rndm,0.993997425997426,0.0,0.0210431893824703,0.001869742,0.000929683,Rndm,111104.0,Irregular,Irregular,1
13968575,82.0,LS,1.1643849922135925,0.0343648317589731,0.0341850163695854,4.251962000296771,0.0721974903717637,Rndm,0.97,0.0,0.1127051293387302,0.19082628,0.13109776,Rndm,111105.0,Irregular,Irregular,1
13968575,82.0,LS,2.051535462471568,0.0462144629884347,0.0438900210883272,4.21323348885926,0.0721974903717637,Rndm,0.991997425997426,0.0,0.0533717514545622,0.009293283,0.0034342422,Rndm,111106.0,Irregular,Irregular,1
13968575,82.0,LS,3.231168353392719,0.0732156788816717,0.046522006318968,4.935352444314049,0.0721974903717637,Rndm,0.899,0.0,0.0862780799137545,0.04970087,0.016265396,Rndm,111107.0,Irregular,Irregular,1
13968575,82.0,LS,5.16986936542835,0.1136996105416172,0.1120094025202778,7.57155217944819,0.0721974903717637,Rndm,0.979998712998713,0.0,0.0435964843326014,0.02562084,0.017212633,Rndm,111108.0,Irregular,Irregular,1
17125739,56.0,LS,0.3727137050074204,0.0162381037489418,0.0162263063538124,4.813166141684633,0.0151908060070127,Rndm,0.856,0.14,0.266331297447371,0.7523963,0.33316943,Rndm,80101.0,Irregular,Irregular,1
17125739,56.0,LS,0.3937709764767662,0.0108467774615303,0.0105871152610148,5.789852866146248,0.0151908060070127,Rndm,0.93,0.02,0.1388033198450238,0.18589483,0.13188228,Rndm,80102.0,Irregular,Irregular,1
17125739,56.0,LS,0.4496610505573394,0.0102841083960047,0.010271506456266,4.991070732758089,0.0151908060070127,Rndm,0.868,0.14,0.2883531196293877,0.7155578,0.31915587,Rndm,80103.0,Irregular,Irregular,1
17125739,56.0,LS,0.4943082470665789,0.0175495497181856,0.0172900260731814,6.371288882397494,0.0151908060070127,Rndm,0.759,0.2,0.309367106202324,0.9859939,0.3663863,Rndm,80104.0,Irregular,Irregular,1
17125739,56.0,LS,0.559818978605523,0.0153504919724994,0.0094556647037547,3.039322172451648,0.0151908060070127,Rndm,0.889,0.18,0.2908757122896307,0.58105946,0.36331928,Rndm,80105.0,Irregular,Irregular,1
17125739,56.0,LS,0.6034412366786807,0.0222373879428042,0.0222168700082475,10.322445487032384,0.0151908060070127,Rndm,0.913,0.1,0.2568217934677663,0.5329559,0.2956023,Rndm,80106.0,Irregular,Irregular,1
17125739,56.0,LS,0.6766743964697828,0.0415411055501264,0.041534890432851,6.706944277142611,0.0151908060070127,Rndm,0.921,0.04,0.1722119624184104,0.3710289,0.19287601,Rndm,80107.0,Irregular,Irregular,1
17125739,56.0,LS,0.801120262487214,0.0219595636311886,0.0219396101584613,4.512208021442348,0.0151908060070127,Rndm,0.921998712998713,0.0,0.0660595317297167,0.081432775,0.06348906,Rndm,80108.0,Irregular,Irregular,1
17125739,56.0,LS,0.899322101114679,0.0180834628811853,0.0176918403718103,4.1218932844021765,0.0151908060070127,Rndm,0.713,0.32,0.3384788467446002,1.0598327,0.41251463,Rndm,80109.0,Irregular,Irregular,1
17125739,56.0,LS,1.0805808191688002,0.0195815385811884,0.0194961091025405,7.264814282265434,0.0151908060070127,Rndm,0.952998712998713,0.0,0.0259916937663514,0.014955335,0.007182591,Rndm,80110.0,Irregular,Irregular,1
17125739,56.0,LS,1.3666169183605412,0.0376856025818417,0.0376751216157206,4.392870127452625,0.0151908060070127,Rndm,0.843,0.08,0.2169675691707481,0.6879013,0.2944067,Rndm,80111.0,Irregular,Irregular,1
17125739,56.0,LS,1.6208712287532,0.0244003476297924,0.0239852590902978,5.843742492812453,0.0151908060070127,Rndm,0.883998712998713,0.04,0.1680758765022975,0.47902858,0.20012407,Rndm,80112.0,Irregular,Irregular,1
17125739,56.0,LS,2.2851627159471346,0.0265133065092467,0.0256799288888388,4.8176651220237545,0.0151908060070127,Rndm,0.543,0.38,0.3320232588932161,1.1618202,0.41365144,Rndm,80113.0,Irregular,Irregular,1
17125739,56.0,LS,4.224088656750763,0.0741121137784054,0.0738191675981112,4.115976285447687,0.0151908060070127,Rndm,0.335,0.32,0.1069114325037318,0.9779931,0.43123534,CEP,80114.0,Irregular,Irregular,1
17125739,75.0,LS,0.2866901947666241,0.012993712849394,0.0129467255396384,3.531263147106074,0.0138631369918584,Rndm,0.889,0.14,0.3001805963082891,0.67688453,0.35321248,Rndm,80115.0,Irregular,Irregular,1
17125739,75.0,LS,0.3783370603067745,0.0184868753602031,0.0183249718759442,4.199748432012711,0.0138631369918584,Rndm,0.873,0.14,0.2780448568127092,0.6184349,0.32098582,Rndm,80116.0,Irregular,Irregular,1
17125739,75.0,LS,0.3933845570235212,0.0155518792244793,0.0143771649496215,4.208209111089673,0.0138631369918584,Rndm,0.93,0.0,0.0662803862390677,0.07013234,0.039603952,Rndm,80117.0,Irregular,Irregular,1
17125739,75.0,LS,0.4208856050829163,0.0165047221067441,0.0162612781194096,3.701030211159378,0.0138631369918584,Rndm,0.911,0.04,0.1871939357992133,0.4680547,0.2649699,Rndm,80118.0,Irregular,Irregular,1
17125739,75.0,LS,0.4424005241925861,0.0190554598958394,0.0176217297772582,3.859761952571717,0.0138631369918584,Rndm,0.911,0.06,0.217301593183299,0.38507372,0.25850698,Rndm,80119.0,Irregular,Irregular,1
17125739,75.0,LS,0.4678086624063496,0.0131048267571921,0.0109904352245912,3.259104294491408,0.0138631369918584,Rndm,0.916,0.04,0.1786558882320983,0.43335482,0.2507106,Rndm,80120.0,Irregular,Irregular,1
17125739,75.0,LS,0.4998966211995648,0.0266884902986191,0.026443353653726,4.957488753709185,0.0138631369918584,Rndm,0.864,0.16,0.2891867044738475,0.67156744,0.33426455,Rndm,80121.0,Irregular,Irregular,1
17125739,75.0,LS,0.5968593278977562,0.0295148457109569,0.02925101318909,3.679773987882072,0.0138631369918584,Rndm,0.93,0.04,0.1734799631081353,0.15168071,0.16392241,Rndm,80122.0,Irregular,Irregular,1
17125739,75.0,LS,0.6689437877887896,0.0504223224083676,0.050355113552451,4.653003234747303,0.0138631369918584,Rndm,0.932,0.0,0.068545167590429,0.18367688,0.15104888,Rndm,80123.0,Irregular,Irregular,1
17125739,75.0,LS,1.153928033935662,0.0208177128507145,0.0207333556570844,5.028677668895398,0.0138631369918584,Rndm,0.923997425997426,0.0,0.0920562031758873,0.2034973,0.1252139,Rndm,80124.0,Irregular,Irregular,1
17125739,75.0,LS,1.412973102778362,0.0141319899234781,0.0138560803923145,4.938004617102706,0.0138631369918584,Rndm,0.9259987129987132,0.02,0.1122452745056485,0.16292067,0.15698421,Rndm,80125.0,Irregular,Irregular,1
17125739,75.0,LS,1.8968680009901293,0.0478139815241086,0.0469722611922756,7.049026895616407,0.0138631369918584,Rndm,0.845,0.18,0.2842486014415402,0.59460056,0.3470178,Rndm,80126.0,Irregular,Irregular,1
17125739,75.0,LS,2.6126672466467817,0.0298133957134655,0.026751714455986,3.264379693151568,0.0138631369918584,Rndm,0.743,0.2,0.2663284554620341,0.9248013,0.35778242,Rndm,80127.0,Irregular,Irregular,1
17125739,75.0,LS,3.956324687779413,0.0504615179765911,0.0501513878294665,3.850516184542357,0.0138631369918584,Rndm,0.428,0.36,0.1944115881319835,1.1456101,0.4342704,CEP,80128.0,Irregular,Irregular,1
17125739,41.0,LS,0.3534138278661567,0.0131356635259318,0.013066407943727,4.986395849900873,0.0133312819525599,Rndm,0.954,0.0,0.0360950079650912,0.053700447,0.032986123,Rndm,80231.0,Irregular,Irregular,1
17125739,41.0,LS,0.3851698529787679,0.0227017672808909,0.0226395607506277,4.787911972083748,0.0133312819525599,Rndm,0.755,0.12,0.2548245796621668,0.9964356,0.3655365,Rndm,80232.0,Irregular,Irregular,1
17125739,41.0,LS,0.4152612477427341,0.016425455074375,0.0162126853116261,4.305835042136096,0.0133312819525599,Rndm,0.926,0.0,0.0514465314671455,0.13534829,0.054168317,Rndm,80233.0,Irregular,Irregular,1
17125739,41.0,LS,0.4489310786407937,0.0100412869351871,0.0099462375225779,8.890585872131851,0.0133312819525599,Rndm,0.958,0.0,0.0128265349958591,0.016395655,0.011628227,Rndm,80234.0,Irregular,Irregular,1
17125739,41.0,LS,0.48146231622346,0.0115943892677321,0.0113452440026343,4.243040080438732,0.0133312819525599,Rndm,0.953,0.0,0.0417617815711925,0.072923705,0.034323238,Rndm,80235.0,Irregular,Irregular,1
17125739,41.0,LS,0.5091325642822794,0.0189452970347961,0.0188167500564421,4.902872594302608,0.0133312819525599,Rndm,0.931,0.0,0.0357575166922984,0.07823303,0.040933885,Rndm,80236.0,Irregular,Irregular,1
17125739,41.0,LS,0.5559983233375521,0.0152852915328732,0.0147610247793124,4.442716401581492,0.0133312819525599,Rndm,0.932,0.0,0.0508913980943734,0.14893068,0.07461835,Rndm,80237.0,Irregular,Irregular,1
17125739,41.0,LS,0.6297800913633883,0.0172157342442746,0.0169013550983319,3.819013769552839,0.0133312819525599,Rndm,0.954,0.02,0.130304088961168,0.13463293,0.13075063,Rndm,80238.0,Irregular,Irregular,1
17125739,41.0,LS,0.6513901925376222,0.0154088255100561,0.0019221385165924,1.9934054841178293,0.0133312819525599,Rndm,0.927,0.08,0.2432443110217471,0.366228,0.2505801,Rndm,80239.0,Irregular,Irregular,1
17125739,41.0,LS,0.6745360369425123,0.0168024501618992,0.0143956622203811,11.183269354572984,0.0133312819525599,Rndm,0.913,0.02,0.1592505648341631,0.5227758,0.23962656,Rndm,80240.0,Irregular,Irregular,1
17125739,41.0,LS,0.7068276557323134,0.0472075320977987,0.0471653970408336,4.3926598782563815,0.0133312819525599,Rndm,0.6839999999999999,0.22,0.2981975855033035,1.2266942,0.3724497,Rndm,80241.0,Irregular,Irregular,1
17125739,41.0,LS,0.7636988464234191,0.013766532951194,0.0134636156964774,4.650465348539001,0.0133312819525599,Rndm,0.9319987129987132,0.02,0.1264213205710297,0.22218956,0.14183375,Rndm,80242.0,Irregular,Irregular,1
17125739,41.0,LS,0.8463923520871015,0.0165285833069039,0.0163479329749898,4.576817603800009,0.0133312819525599,Rndm,0.942998712998713,0.0,0.061060947184142,0.09805841,0.07768274,Rndm,80243.0,Irregular,Irregular,1
17125739,41.0,LS,0.955997117105575,0.0298013158297912,0.0297068434429737,5.810666471150398,0.0133312819525599,Rndm,0.81,0.12,0.2484306175865064,0.8140701,0.30568543,Rndm,80244.0,Irregular,Irregular,1
17125739,41.0,LS,1.0066939339217795,0.0294279589776953,0.0148347995902205,4.124731965521278,0.0133312819525599,Rndm,0.916,0.0,0.0808994576540425,0.22061639,0.095007256,Rndm,80245.0,Irregular,Irregular,1
17125739,41.0,LS,1.2419027969876162,0.0302829467312123,0.0295523395778563,5.760629559377776,0.0133312819525599,Rndm,0.918,0.02,0.1164184112099685,0.3468387,0.15875235,Rndm,80246.0,Irregular,Irregular,1
17125739,41.0,LS,1.3559550946701522,0.0125437846974818,0.0115596399716526,4.120209897588211,0.0133312819525599,Rndm,0.905,0.06,0.1717248348760436,0.39557734,0.2027044,Rndm,80247.0,Irregular,Irregular,1
17125739,41.0,LS,1.4764844364186105,0.0121339479290809,0.0081442506775148,4.584688167031345,0.0133312819525599,Rndm,0.920997425997426,0.02,0.1252703948362882,0.14742398,0.12393844,Rndm,80248.0,Irregular,Irregular,1
17125739,41.0,LS,1.6820708769325938,0.0163896942525265,0.014384043910571,3.081499627489393,0.0133312819525599,Rndm,0.93,0.0,0.0870266580463027,0.19946517,0.10283487,Rndm,80249.0,Irregular,Irregular,1
17125739,41.0,LS,1.8203232777763687,0.0270120114218965,0.0255145005732709,3.0789889381740068,0.0133312819525599,Rndm,0.912,0.0,0.0807941900954742,0.26786113,0.109258026,Rndm,80250.0,Irregular,Irregular,1
17125739,41.0,LS,2.0443630658103835,0.0799783226400735,0.0797174829435046,6.601242009492125,0.0133312819525599,Rndm,0.366,0.28,0.1447005460348408,1.1242292,0.37017304,CEP,80251.0,Irregular,Irregular,1
17125739,41.0,LS,3.407271776350639,0.0343311801687456,0.0267017059015921,2.971135211770161,0.0133312819525599,Rndm,0.906,0.0,0.1318850701414966,0.41814554,0.19573489,Rndm,80252.0,Irregular,Irregular,1
17125739,41.0,LS,4.152612477427341,0.0504084535579248,0.050142539568969,4.875320050536175,0.0133312819525599,Rndm,0.3625,0.54,0.3704006852045498,1.0915892,0.36604673,ELL,80253.0,Irregular,Irregular,1
17125739,41.0,LS,4.921614788062034,0.039390309346946,0.0157286062886592,2.4954324345289933,0.0133312819525599,Rndm,0.77,0.08,0.2145293171164312,0.8096358,0.26790658,Rndm,80254.0,Irregular,Irregular,1
17125739,41.0,LS,6.327790441794043,0.0247215343324694,0.0116465104806848,2.309850541758351,0.0133312819525599,Rndm,0.692,0.16,0.2692498539834908,0.7847512,0.29917827,Rndm,80255.0,Irregular,Irregular,1
17125739,41.0,LS,9.491685662691063,0.066126348601219,0.060933513546684,3.770738148348755,0.0133312819525599,LPV,0.822,0.1,0.2378458694196727,0.9664798,0.3839343,LPV,80256.0,Irregular,Irregular,1
17125739,55.0,LS,0.3247945907785311,0.0151034190807849,0.0150765877539539,4.049880417000168,0.0128550617955625,Rndm,0.9,0.04,0.1723190575647394,0.574352,0.23490392,Rndm,80257.0,Irregular,Irregular,1
17125739,55.0,LS,0.3385639375197656,0.0188446619804989,0.0188240163211847,3.837561506003112,0.0128550617955625,Rndm,0.93,0.02,0.1513033297716874,0.407193,0.15750769,Rndm,80258.0,Irregular,Irregular,1
17125739,55.0,LS,0.4918990541500942,0.0179941538493907,0.0170138375281799,4.96600816911814,0.0128550617955625,Rndm,0.909,0.12,0.2606988308374243,0.63311815,0.27609792,Rndm,80259.0,Irregular,Irregular,1
17125739,55.0,LS,0.506582608005321,0.0252119694410379,0.0252011285464748,4.470911448275729,0.0128550617955625,Rndm,0.947,0.04,0.1564884775310949,0.33310014,0.17228964,Rndm,80260.0,Irregular,Irregular,1
17125739,55.0,LS,0.5241858646541545,0.013259523061761,0.0130118795798316,4.12400663889639,0.0128550617955625,Rndm,0.938,0.04,0.1756808117012213,0.46282676,0.19965631,Rndm,80261.0,Irregular,Irregular,1
17125739,55.0,LS,0.5474360441347822,0.011755039215813,0.0100969860863603,3.6759311586720287,0.0128550617955625,Rndm,0.954,0.0,0.0146104620050154,0.03126941,0.011407076,Rndm,80262.0,Irregular,Irregular,1
17125739,55.0,LS,0.5777197401933022,0.019412078690349,0.0192924893011369,8.994929541944657,0.0128550617955625,Rndm,0.751,0.14,0.2496868246423907,1.1063612,0.3445196,Rndm,80263.0,Irregular,Irregular,1
17125739,55.0,LS,0.6285376803028981,0.0144836564005488,0.0142271733101232,4.502214514353909,0.0128550617955625,Rndm,0.776,0.2,0.2959806540975271,1.018393,0.3508753,Rndm,80264.0,Irregular,Irregular,1
17125739,55.0,LS,0.6754434773404279,0.018983990634869,0.0189184135329689,6.665288726628205,0.0128550617955625,Rndm,0.6890000000000001,0.42,0.3761985055791689,1.0536628,0.4006373,Rndm,80265.0,Irregular,Irregular,1
17125739,55.0,LS,0.7338602105158162,0.0129479455249462,0.0118821550532015,4.54078109990769,0.0128550617955625,Rndm,0.943,0.0,0.0281716169220014,0.08508122,0.031727772,Rndm,80266.0,Irregular,Irregular,1
17125739,55.0,LS,0.8033381002687929,0.0248386800185226,0.0186531779558841,4.99597012562117,0.0128550617955625,Rndm,0.852,0.06,0.2018410077263785,0.8734832,0.30378208,Rndm,80267.0,Irregular,Irregular,1
17125739,55.0,LS,0.8380502404038642,0.0225694210275858,0.0121596651286323,3.415214192624262,0.0128550617955625,Rndm,0.876998712998713,0.08,0.2051623422709195,0.6301166,0.23472053,Rndm,80268.0,Irregular,Irregular,1
17125739,55.0,LS,0.870282941957859,0.0113432057092251,0.0017376221404899,1.5788165019112057,0.0128550617955625,Rndm,0.942998712998713,0.0,0.0797193839364747,0.13131492,0.105718344,Rndm,80269.0,Irregular,Irregular,1
17125739,55.0,LS,0.9050942596361734,0.0306971370695383,0.0279131107559722,3.518007799093539,0.0128550617955625,Rndm,0.883,0.22,0.3137007338212648,0.90992045,0.34525722,Rndm,80270.0,Irregular,Irregular,1
17125739,55.0,LS,0.9428065204543472,0.027664562611423,0.023983768110372,3.0444700046700746,0.0128550617955625,Rndm,0.9279987129987132,0.0,0.0636737175983153,0.24349713,0.105010495,Rndm,80271.0,Irregular,Irregular,1
17125739,55.0,LS,0.9909791163899708,0.0317408309671637,0.0315371115746212,3.642127690840425,0.0128550617955625,Rndm,0.3525,0.5,0.3363630871543428,1.4543239,0.35588798,Rndm,80272.0,Irregular,Irregular,1
17125739,55.0,LS,1.086113111563408,0.0239429512886105,0.0233005026370738,5.5102454760944966,0.0128550617955625,Rndm,0.946,0.02,0.0826800026453876,0.18027909,0.14315788,Rndm,80273.0,Irregular,Irregular,1
17125739,55.0,LS,1.1805577299602263,0.0409266730273689,0.0404406478017463,4.859430081940445,0.0128550617955625,Rndm,0.6950000000000001,0.24,0.3045420457014104,1.2643332,0.34447455,Rndm,80274.0,Irregular,Irregular,1
17125739,55.0,LS,1.35764138945426,0.0141542421580795,0.0091368678778215,4.449545329280227,0.0128550617955625,Rndm,0.775,0.26,0.3239829434832696,0.8533292,0.34154433,Rndm,80275.0,Irregular,Irregular,1
17125739,55.0,LS,1.5084904327269557,0.0215512888142409,0.0154609464808268,4.036723588524183,0.0128550617955625,Rndm,0.869,0.04,0.183391352057617,0.64493895,0.22210246,Rndm,80276.0,Irregular,Irregular,1
17125739,55.0,LS,1.6761004808077284,0.0314231412240636,0.0292286440551609,5.457513976496557,0.0128550617955625,Rndm,0.8785000000000001,0.36,0.4021527152712014,0.79711103,0.36037654,ELL,80277.0,Irregular,Irregular,1
17125739,55.0,LS,1.8856130409086944,0.0260257957290331,0.0230413758333697,3.5510907953266724,0.0128550617955625,Rndm,0.8374999999999999,0.42,0.4207999662547514,0.8651823,0.37495685,ELL,80278.0,Irregular,Irregular,1
17125739,55.0,LS,2.121314671022281,0.0325034292467638,0.000922212137654,1.3612463593890425,0.0128550617955625,Rndm,0.816,0.2,0.2922516340416251,0.88523936,0.3351446,Rndm,80279.0,Irregular,Irregular,1
17125739,55.0,LS,2.2627356490904336,0.045589417466175,0.0451208835539217,14.072694338934523,0.0128550617955625,Rndm,0.601,0.3,0.2981209150663535,1.2920372,0.3288666,Rndm,80280.0,Irregular,Irregular,1
17125739,55.0,LS,2.514150721211593,0.0353586352879723,0.0048218450755935,1.597743136850113,0.0128550617955625,Rndm,0.892,0.18,0.3065206192085615,0.75142896,0.32828605,Rndm,80281.0,Irregular,Irregular,1
17125739,55.0,LS,2.888598700966511,0.0175079827674146,0.0156494020222417,3.2252091979098623,0.0128550617955625,Rndm,0.924,0.04,0.174295629444966,0.35770336,0.19342309,Rndm,80282.0,Irregular,Irregular,1
17125739,55.0,LS,3.3941034736356506,0.0104932041253969,0.0086804481994809,4.851679152237921,0.0128550617955625,Rndm,0.4755,0.4,0.3772012305952215,0.78198975,0.38305202,Rndm,80283.0,Irregular,Irregular,1
37963898,80.0,LS,0.333056415397934,0.0164927003279563,0.0164503385723311,3.994289353002386,0.0442299293354153,Rndm,0.996,0.0,0.0541237249272442,0.054659665,0.034774706,Rndm,141490.0,Irregular,Irregular,1
37963898,80.0,LS,0.3735124206581351,0.0206081844582502,0.0205499910800749,4.148538802233816,0.0442299293354153,Rndm,0.967,0.08,0.2638289870351626,0.49596187,0.27033627,Rndm,141491.0,Irregular,Irregular,1
37963898,80.0,LS,0.4451966226026257,0.0267055858733603,0.0262869432680353,4.07550592786356,0.0442299293354153,Rndm,0.996,0.0,0.0006209669878504,3.1948077e-06,9.882874e-07,Rndm,141492.0,Irregular,Irregular,1
37963898,80.0,LS,0.4790702786702167,0.012581784072108,0.0119181856088936,4.941118366034061,0.0442299293354153,Rndm,0.998,0.0,0.0346987031457949,0.047910687,0.04023266,Rndm,141493.0,Irregular,Irregular,1
37963898,80.0,LS,0.5532359703471958,0.0131521769596884,0.0026606187293303,2.2115978769033973,0.0442299293354153,Rndm,1.0,0.02,0.1358762580847408,0.109174274,0.108053826,Rndm,141494.0,Irregular,Irregular,1
37963898,80.0,LS,0.5902830219329457,0.0445255112684301,0.0445020815572373,4.247905757940316,0.0442299293354153,Rndm,0.532,0.26,0.2915536341738857,1.1410713,0.36435625,Rndm,141495.0,Irregular,Irregular,1
37963898,80.0,LS,0.6513467828225608,0.0319103442789284,0.0318124525389303,3.7287746185756983,0.0442299293354153,Rndm,0.996,0.02,0.1421429196266912,0.13676275,0.1396416,Rndm,141496.0,Irregular,Irregular,1
37963898,80.0,LS,0.7777846877234107,0.0312362264206402,0.0309689447930871,3.5843625210654864,0.0442299293354153,Rndm,0.987998712998713,0.0,0.075325627706571,0.16617325,0.105271176,Rndm,141497.0,Irregular,Irregular,1
37963898,80.0,LS,0.8642052085815675,0.0393568321561115,0.0392728012228391,4.298886677082919,0.0442299293354153,Rndm,0.262,0.5,0.3772589497628652,0.9105707,0.45259055,Rndm,141498.0,Irregular,Irregular,1
37963898,80.0,LS,0.9867417680073122,0.0168193579183739,0.016636232968625,3.2819366751900816,0.0442299293354153,Rndm,0.985998712998713,0.0,0.0830712183427439,0.08758742,0.07784573,Rndm,141499.0,Irregular,Irregular,1
37963898,80.0,LS,1.130114503529742,0.0379534350413038,0.0343621850541881,3.5245059897424653,0.0442299293354153,Rndm,0.761,0.06,0.2108343435021913,1.0263388,0.32790533,Rndm,141500.0,Irregular,Irregular,1
37963898,80.0,LS,1.5374813594532537,0.065187620695303,0.0625762793462961,3.768612412844959,0.0442299293354153,Rndm,0.884,0.04,0.1938442042587242,0.5350562,0.22792034,Rndm,141501.0,Irregular,Irregular,1
37963898,80.0,LS,2.319708717771576,0.1148667213264355,0.1120960680815773,4.41369181292248,0.0442299293354153,Rndm,0.507,0.2,0.2125561061342537,1.0885352,0.38392967,Rndm,141502.0,Irregular,Irregular,1
37963898,80.0,LS,4.00676960342363,0.0736169206354995,0.0708056506168753,4.977058299977216,0.0442299293354153,Rndm,0.474,0.12,0.1890950068087468,0.70748353,0.3059525,Rndm,141503.0,Irregular,Irregular,1
37963898,80.0,LS,7.345744272943322,0.2443208154798283,0.0816497632620288,3.17189326467269,0.0442299293354153,LPV,0.922,0.04,0.1824017587634505,0.498982,0.3065121,LPV,141504.0,Irregular,Irregular,1
43458304,65.0,LS,0.9281732080154744,0.0262372718480834,0.0262264975800629,9.185006975625583,0.0625533610582351,Rndm,0.993997425997426,0.04,0.1654076820569928,0.19902645,0.16097367,Rndm,87334.0,Irregular,Irregular,1
43458304,65.0,LS,1.096267568522214,0.0125267999815317,0.0113860983585072,12.159832959383492,0.0625533610582351,Rndm,0.993997425997426,0.0,0.017678652693574,0.00032303674,8.507598e-05,Rndm,87335.0,Irregular,Irregular,1
43458304,65.0,LS,1.3784750614091204,0.0339004765445134,0.0336539755565594,3.785808901109704,0.0625533610582351,Rndm,0.34,0.5,0.1671724259471072,1.2363073,0.36373833,CEP,87336.0,Irregular,Irregular,1
43458304,65.0,LS,2.175405956286268,0.0373636837337597,0.0372835660507612,11.169429926721932,0.0625533610582351,Rndm,0.918998712998713,0.02,0.1475570050111324,0.5034955,0.19284324,Rndm,87337.0,Irregular,Irregular,1
43458304,65.0,LS,2.900541275048357,0.05154782882662,0.0499125454727678,4.5277346480907,0.0625533610582351,Rndm,0.743,0.24,0.2730489655721113,1.1613327,0.35974932,Rndm,87338.0,Irregular,Irregular,1
43458304,65.0,LS,4.972356471511471,0.1445257188040158,0.1292919931061729,3.726024929277628,0.0625533610582351,Rndm,0.245,0.58,0.2285221424720151,1.3097154,0.39691544,LPV,87339.0,Irregular,Irregular,1
43458304,65.0,LS,10.709690861717016,0.2755800481444261,0.1551868193478481,3.1731629808055004,0.0625533610582351,LPV,0.906,0.0,0.1136515657613215,0.53166044,0.27474284,LPV,87340.0,Irregular,Irregular,1
79241923,43.0,LS,0.3015919157382827,0.0174908740899643,0.0174892133557161,4.1537741984557215,0.1550000812858343,Rndm,1.0,0.0,0.023369860932406,0.02500198,0.00755269,Rndm,59304.0,Irregular,Irregular,1
79241923,43.0,LS,0.3069637819219162,0.0135648867952522,0.011148076967781,3.590248462096497,0.1550000812858343,Rndm,1.0,0.0,0.0148385144509519,0.0025416827,0.00087515183,Rndm,59305.0,Irregular,Irregular,1
79241923,43.0,LS,0.3158030531290918,0.0104385168689303,0.0094901900708658,3.385680709532608,0.1550000812858343,Rndm,1.0,0.0,0.0331230943267349,0.048008867,0.03359422,Rndm,59306.0,Irregular,Irregular,1
79241923,43.0,LS,0.3216980434541682,0.0105452459481617,0.0100941788270101,3.6925934971677634,0.1550000812858343,Rndm,1.0,0.0,0.0307349963396776,0.057964474,0.023492647,Rndm,59307.0,Irregular,Irregular,1
79241923,43.0,LS,0.5026531928971378,0.0202173979390124,0.0192750030716448,3.187463808219036,0.1550000812858343,Rndm,0.981,0.0,0.0586243498897855,0.17655085,0.08462604,Rndm,59308.0,Irregular,Irregular,1
79241923,43.0,LS,0.5177543617824596,0.0351101921904847,0.0349880722221483,3.610939021640661,0.1550000812858343,Rndm,0.963,0.0,0.0479970165739496,0.15528697,0.11194348,Rndm,59309.0,Irregular,Irregular,1
79241923,43.0,LS,0.5409720461673232,0.0120802844197778,0.0113295651705395,3.486374976608204,0.1550000812858343,Rndm,0.997,0.0,0.0380084411677195,0.17062987,0.085245475,Rndm,59310.0,Irregular,Irregular,1
79241923,43.0,LS,0.5585035476634864,0.0685363839302763,0.057831061288173,4.348406318089474,0.1550000812858343,Rndm,0.865,0.06,0.1856478558992804,0.71179765,0.27129343,Rndm,59311.0,Irregular,Irregular,1
79241923,43.0,LS,0.5799844533428514,0.0226087798907266,0.009425995626354,2.935971986114964,0.1550000812858343,Rndm,0.989,0.0,0.0918508007586215,0.3432784,0.18300359,Rndm,59312.0,Irregular,Irregular,1
79241923,43.0,LS,0.6092765974510762,0.0228771841571086,0.0105565049578509,3.148785588738974,0.1550000812858343,Rndm,0.78,0.0,0.1534185177871302,0.6574872,0.28071606,Rndm,59313.0,Irregular,Irregular,1
79241923,43.0,LS,0.6316061062581837,0.1441444370016944,0.1441346337021479,4.28403491104109,0.1550000812858343,Rndm,0.418,0.32,0.1166944728768248,0.06797555,0.029727302,Rndm,59314.0,Irregular,Irregular,1
79241923,43.0,LS,0.6520906286233139,0.0465860575085861,0.025085706501757,2.624475047799933,0.1550000812858343,Rndm,0.442,0.14,0.1068635690963014,0.1108709,0.06930193,Rndm,59315.0,Irregular,Irregular,1
79241923,43.0,LS,0.673948415057615,0.0240649206072172,0.01110074364462,2.172749432398632,0.1550000812858343,Rndm,0.769,0.0,0.151203407369014,0.6413626,0.33910787,Rndm,59316.0,Irregular,Irregular,1
79241923,43.0,LS,0.6973223485278214,0.0184993728309474,0.0134812737338753,2.7356143498473102,0.1550000812858343,Rndm,0.951,0.0,0.076904470611272,0.48645332,0.2123571,Rndm,59317.0,Irregular,Irregular,1
79241923,43.0,LS,0.7223758460797192,0.0136203855152529,0.0122298100079752,3.2643293867113243,0.1550000812858343,Rndm,1.0,0.0,0.0072730736281162,0.011321204,0.0040624286,Rndm,59318.0,Irregular,Irregular,1
79241923,43.0,LS,2.4127353259062616,0.0101178503933821,0.0098338902541505,2.9254164908525127,0.1550000812858343,Rndm,0.973,0.0,0.0354416210765673,0.10151841,0.043259468,Rndm,59319.0,Irregular,Irregular,1
79241923,43.0,LS,8.042451086354202,0.1822842017013548,0.1034250479417644,3.571850738402645,0.1550000812858343,LPV,0.903,0.0,0.0806572600576042,0.27764556,0.13537921,LPV,59320.0,Irregular,Irregular,1
79241923,43.0,ACF,0.6042260346875992,0.7959713460322329,0.5522413111752147,34.01252823987761,0.1550000812858343,Rndm,0.877,0.0,0.1188560406542301,0.73900634,0.28409183,Rndm,59321.0,Irregular,Irregular,1
79241923,43.0,ACF,1.201506942539709,0.5020088796795773,0.2889704317610962,36.48587054112653,0.1550000812858343,Rndm,0.585,0.42,0.3550463772523246,0.6711148,0.34783602,E,59322.0,Irregular,Irregular,1
79241923,44.0,LS,0.2989454513693537,0.0152553174677811,0.0151584203764567,5.293483825651492,0.1334576401859522,Rndm,0.887,0.14,0.2774148344988061,0.93641,0.36352754,Rndm,59323.0,Irregular,Irregular,1
79241923,44.0,LS,0.3195078369132775,0.0195108173095229,0.0195090810268639,4.245141924207928,0.1334576401859522,Rndm,0.969,0.0,0.0772050671912148,0.34722617,0.15294194,Rndm,59324.0,Irregular,Irregular,1
79241923,44.0,LS,0.4929549483804852,0.0109253369829747,0.0065667803151231,2.1688714880874613,0.1334576401859522,Rndm,0.992,0.0,0.0607478855599106,0.29941586,0.1631226,Rndm,59325.0,Irregular,Irregular,1
79241923,44.0,LS,0.5053303864151418,0.0413479272293578,0.0321108085689302,3.0719449032294506,0.1334576401859522,Rndm,0.899,0.0,0.1297190810944943,0.6026133,0.30638957,Rndm,59326.0,Irregular,Irregular,1
79241923,44.0,LS,0.5183431860653172,0.0547466828588218,0.0544459059305201,3.639966538306908,0.1334576401859522,Rndm,0.704,0.04,0.1757542648131191,0.68419474,0.29335237,Rndm,59327.0,Irregular,Irregular,1
79241923,44.0,LS,0.5415872751265421,0.0276647147507213,0.024609182409774,3.264286551742771,0.1334576401859522,Rndm,0.535,0.2,0.2056541407314717,0.57501775,0.23618661,Rndm,59328.0,Irregular,Irregular,1
79241923,44.0,LS,0.5723884471716536,0.1028094554684282,0.1027838954442596,6.168119330021,0.1334576401859522,Rndm,0.392,0.42,0.1307756858135333,0.17342101,0.066458076,CEP,59329.0,Irregular,Irregular,1
79241923,44.0,LS,0.5978909027387074,0.016948420142336,0.009298804361847,2.5263530192896724,0.1334576401859522,Rndm,0.995,0.0,0.0225964598997276,0.1778968,0.06090539,Rndm,59330.0,Irregular,Irregular,1
79241923,44.0,LS,0.6424146933681857,0.1026946918792304,0.1001548443816231,10.497386071454455,0.1334576401859522,Rndm,0.432,0.02,0.0421286410889314,0.023469955,0.007399272,Rndm,59331.0,Irregular,Irregular,1
79241923,44.0,LS,0.663593199742961,0.0639930968126329,0.0073167363100748,1.7284172675226728,0.1334576401859522,Rndm,0.402,0.26,0.1019888307610201,0.73247266,0.3826084,CEP,59332.0,Irregular,Irregular,1
79241923,44.0,LS,0.7021741997280169,0.0753078186306184,0.0737367090942988,3.975359403388211,0.1334576401859522,Rndm,0.359,0.22,0.0493877555675493,0.59729815,0.34115013,CEP,59333.0,Irregular,Irregular,1
79241923,44.0,LS,0.7319634082013267,0.0463959977058448,0.0333481874919061,2.9801286515776155,0.1334576401859522,Rndm,0.724,0.08,0.1925353744120804,0.88099194,0.2994278,Rndm,59334.0,Irregular,Irregular,1
79241923,44.0,LS,0.7791868538917348,0.0185062192929807,0.0174197575211041,3.725980905901452,0.1334576401859522,Rndm,0.954998712998713,0.0,0.0806798451213207,0.39769906,0.17030959,Rndm,59335.0,Irregular,Irregular,1
79241923,44.0,LS,4.645152398200726,0.1053400617262943,0.0117991381267879,1.8942605256088427,0.1334576401859522,Rndm,0.407,0.14,0.0276208906445827,0.070749715,0.015934888,LPV,59336.0,Irregular,Irregular,1
79241923,44.0,LS,6.038698117660943,0.1106527880657773,0.1095911975310873,11.020671382369985,0.1334576401859522,LPV,0.86,0.02,0.105140097013461,0.19442365,0.06093019,LPV,59337.0,Irregular,Irregular,1
79241923,44.0,ACF,0.6111622488060675,0.6613473163624977,0.7915285933504631,39.19128525862939,0.1334576401859522,Rndm,0.528,0.28,0.2633182135743747,1.1900692,0.3866596,Rndm,59338.0,Irregular,Irregular,1
79241923,45.0,LS,0.2847209745008147,0.0145788264510949,0.0145638868723877,3.7188301329424576,0.1441961713135242,Rndm,0.961,0.02,0.1427806205337405,0.46059036,0.21193159,Rndm,59339.0,Irregular,Irregular,1
79241923,45.0,LS,0.5029292623354554,0.0195444553492244,0.0083488991693544,2.9530531647815224,0.1441961713135242,Rndm,1.0,0.0,0.0070455659815234,0.017221142,0.0065604984,Rndm,59340.0,Irregular,Irregular,1
79241923,45.0,LS,0.5177837131217348,0.0471686189480735,0.0468665201393041,3.984818601184088,0.1441961713135242,Rndm,0.435,0.44,0.2491772830737184,1.028172,0.33883297,Rndm,59341.0,Irregular,Irregular,1
79241923,45.0,LS,0.5312326407352863,0.011129501718235,0.0106287315992185,2.453610785614728,0.1441961713135242,Rndm,0.998,0.0,0.0413325247232733,0.11113213,0.08837226,Rndm,59342.0,Irregular,Irregular,1
79241923,45.0,LS,0.542985575264828,0.0103806229739438,0.0092833217455853,2.040210092833149,0.1441961713135242,Rndm,0.993,0.0,0.0565563930957411,0.21035935,0.09560985,Rndm,59343.0,Irregular,Irregular,1
79241923,45.0,LS,0.5577942727720506,0.2006249832587059,0.2006066864544171,3.98615756581421,0.1441961713135242,Rndm,0.397,0.26,0.0553294279746321,0.76916814,0.3895258,CEP,59344.0,Irregular,Irregular,1
79241923,45.0,LS,0.5761255399523527,0.0981254844837033,0.0937107868865874,3.4201520595488546,0.1441961713135242,Rndm,0.48,0.26,0.1083174962783021,0.7608272,0.364276,CEP,59345.0,Irregular,Irregular,1
79241923,45.0,LS,0.5957026214070443,0.0158175302403727,0.014783095171069,2.726408755956072,0.1441961713135242,Rndm,1.0,0.0,0.0114070153852793,0.095982805,0.0387365,Rndm,59346.0,Irregular,Irregular,1
79241923,45.0,LS,0.6260956122951589,0.0229926511115281,0.0218280941635826,4.199569852729837,0.1441961713135242,Rndm,0.487,0.12,0.1775764894348348,0.48205125,0.25346354,Rndm,59347.0,Irregular,Irregular,1
79241923,45.0,LS,0.6855572067589449,0.0403893700572633,0.0397781819934266,8.506119702062279,0.1441961713135242,Rndm,0.907,0.0,0.1156690727895749,0.6326713,0.30066538,Rndm,59348.0,Irregular,Irregular,1
79241923,45.0,LS,2.454294800197023,0.0171434961229104,0.0162596694042279,3.674703971571944,0.1441961713135242,Rndm,0.996,0.0,0.041029190557655,0.13955358,0.033977002,Rndm,59349.0,Irregular,Irregular,1
79241923,45.0,LS,3.229335263417135,0.0157266027608953,0.0137460988807535,3.4067443833791917,0.1441961713135242,Rndm,0.999997425997426,0.0,0.0108513674932646,0.06436844,0.03595768,Rndm,59350.0,Irregular,Irregular,1
79241923,45.0,LS,3.958540000317778,0.0139081527176035,0.0105246692199171,3.141535306980586,0.1441961713135242,Rndm,0.995998712998713,0.0,0.1045871733722989,0.27678174,0.14939524,Rndm,59351.0,Irregular,Irregular,1
79241923,45.0,LS,4.719797692686582,0.0129574407695461,0.0091739952495847,2.524150559895133,0.1441961713135242,Rndm,0.615,0.04,0.1463650231441925,0.7127939,0.26530924,Rndm,59352.0,Irregular,Irregular,1
79241923,45.0,LS,6.458670526834269,0.0325420519402821,0.0119969784430051,2.282134841689185,0.1441961713135242,Rndm,0.703,0.36,0.2763709072966979,0.69831496,0.3381307,Rndm,59353.0,Irregular,Irregular,1
79241923,45.0,LS,11.155885455441007,0.0751316090876941,0.0146873872461682,1.1389414277255128,0.1441961713135242,Rndm,0.543,0.42,0.2147919588811462,1.135679,0.29536065,LPV,59354.0,Irregular,Irregular,1
79241923,45.0,ACF,0.5764186634851285,0.8179535901794247,0.6214123427107637,37.04271371941349,0.1441961713135242,Rndm,0.52,0.3,0.1537288834279362,0.447177,0.22719093,CEP,59355.0,Irregular,Irregular,1
79241923,45.0,ACF,1.1250581142721785,0.6220930397817577,0.4009258264200066,38.3970872987444,0.1441961713135242,Rndm,0.712,0.22,0.2458301355004924,0.85030675,0.27642068,ELL,59356.0,Irregular,Irregular,1
79241923,71.0,LS,0.2915275933671934,0.026991212494259,0.0269829475894807,5.127798355839332,0.1049533020704984,Rndm,0.996,0.0,0.0199261034826179,0.0025653662,0.001148515,Rndm,59357.0,Irregular,Irregular,1
79241923,71.0,LS,0.5157795882650346,0.0198211735238414,0.0183910028358071,3.3622379758380703,0.1049533020704984,Rndm,0.996,0.0,0.016342141842488,0.0037594582,0.0028755176,Rndm,59358.0,Irregular,Irregular,1
79241923,71.0,LS,0.5613601100186887,0.1493836495491361,0.1493835375872015,4.651639878717106,0.1049533020704984,Rndm,0.299,0.6,0.1556875280810894,1.246135,0.43516788,CEP,59359.0,Irregular,Irregular,1
79241923,71.0,LS,0.6286063731980108,0.0979718054759031,0.0912866077478296,5.428603147367539,0.1049533020704984,Rndm,0.912,0.08,0.2495176017839222,0.56984186,0.28571734,Rndm,59360.0,Irregular,Irregular,1
79241923,71.0,LS,0.6818780997402151,0.0821846576985618,0.0703844110261827,5.763478333912644,0.1049533020704984,Rndm,0.856,0.08,0.2265103476665028,0.7372222,0.27891546,Rndm,59361.0,Irregular,Irregular,1
79241923,71.0,LS,0.7404443168958165,0.0157499533554238,0.0156938891681043,3.953993577757501,0.1049533020704984,Rndm,0.995997425997426,0.0,0.0115049680488702,0.0005633334,0.00015678575,Rndm,59362.0,Irregular,Irregular,1
79241923,71.0,LS,3.3525673237227243,0.0121149188436239,0.0119768969297653,3.114458494459541,0.1049533020704984,Rndm,0.998998712998713,0.0,0.0155958167189017,0.0010288842,0.000468653,Rndm,59363.0,Irregular,Irregular,1
79241923,71.0,LS,9.28403258877062,0.1166071376242475,0.0605376598899651,3.537910822848062,0.1049533020704984,Rndm,0.497,0.46,0.224195703794698,1.0699255,0.31920594,LPV,59364.0,Irregular,Irregular,1
79241923,71.0,ACF,0.5903245994022654,0.8065722829180242,0.8426895438804841,107.8539623438532,0.1049533020704984,Rndm,0.966,0.02,0.1483311160882975,0.43852854,0.20845088,Rndm,59365.0,Irregular,Irregular,1
79241923,71.0,ACF,1.1737042035174454,0.5335751989289917,0.5136686532358314,105.53617254010167,0.1049533020704984,Rndm,0.992,0.02,0.1311879190791134,0.18582025,0.13412733,Rndm,59366.0,Irregular,Irregular,1
79241923,72.0,LS,0.2842512072467934,0.0346315187446601,0.0346131538456662,3.8701822539951536,0.1350816339254379,Rndm,0.905,0.12,0.2629614602940895,0.71020615,0.34288776,Rndm,59635.0,Irregular,Irregular,1
79241923,72.0,LS,0.3100252804427462,0.018251562482965,0.0182149164458522,3.376392250349454,0.1350816339254379,Rndm,1.0,0.0,0.0519810580884998,0.10541699,0.10845283,Rndm,59636.0,Irregular,Irregular,1
79241923,72.0,LS,0.3251895604644023,0.0135003385312671,0.0133828454805384,3.5928319867780374,0.1350816339254379,Rndm,1.0,0.0,0.0254017637182932,0.018492013,0.013625965,Rndm,59637.0,Irregular,Irregular,1
79241923,72.0,LS,0.5158179234952588,0.0304464203959549,0.0301202599940378,4.524861633966793,0.1350816339254379,Rndm,1.0,0.0,0.0230209991095086,0.007963998,0.0027938972,Rndm,59638.0,Irregular,Irregular,1
79241923,72.0,LS,0.559204477807944,0.2027511051070576,0.2027459900928105,3.7598250872870262,0.1350816339254379,Rndm,0.398,0.28,0.1184244907103256,0.9814973,0.39753568,CEP,59639.0,Irregular,Irregular,1
79241923,72.0,LS,0.6298408328994739,0.0388431126740266,0.0338473113995192,3.92924183362993,0.1350816339254379,Rndm,0.996,0.0,0.0234538184524396,0.119018964,0.06272916,Rndm,59640.0,Irregular,Irregular,1
79241923,72.0,LS,0.6957544084354652,0.1208628112021064,0.1206832314662687,3.544358442719385,0.1350816339254379,Rndm,0.378,0.5,0.1140074453709054,0.67781657,0.325496,CEP,59641.0,Irregular,Irregular,1
79241923,72.0,LS,0.7720629564574195,0.0160719003671113,0.0133580199371834,2.520941789534845,0.1350816339254379,Rndm,0.994998712998713,0.0,0.0693795159989067,0.10507628,0.05247444,Rndm,59642.0,Irregular,Irregular,1
79241923,72.0,LS,4.602683009650001,0.0463738252676651,0.0441930211216359,3.738150838384172,0.1350816339254379,Rndm,0.863,0.0,0.1423132933443713,0.5087892,0.18877108,Rndm,59643.0,Irregular,Irregular,1
79241923,72.0,LS,9.2053660193,0.1269602913688872,0.0726899022711925,2.8579405517266423,0.1350816339254379,LPV,0.95,0.02,0.0912587880699716,0.049651444,0.018993435,LPV,59644.0,Irregular,Irregular,1
79241923,72.0,ACF,0.597248621235849,0.743186955397848,0.7588679991343766,107.03418289182164,0.1350816339254379,Rndm,1.0,0.0,0.0176953779275832,0.05647433,0.045604855,Rndm,59645.0,Irregular,Irregular,1
109403203,61.0,LS,0.495877433209306,0.0101723868808961,0.0100936755800156,3.972647284361301,0.0094453565543517,Rndm,0.96,0.0,0.0484070077571419,0.08581023,0.08003413,Rndm,85824.0,Irregular,Irregular,1
109403203,61.0,LS,0.5237839554245484,0.0169496072488582,0.0169257711031019,3.594240269099828,0.0094453565543517,Rndm,0.923,0.0,0.0605894438917466,0.12269813,0.044119433,Rndm,85825.0,Irregular,Irregular,1
109403203,61.0,LS,0.6611699109457413,0.0497641433865308,0.0495876999700109,4.073311815478519,0.0094453565543517,Rndm,0.69,0.38,0.3641410913368608,1.0049236,0.44498223,Rndm,85826.0,Irregular,Irregular,1
109403203,61.0,LS,0.7422950533930714,0.0200161157355237,0.0194573013213188,11.136774684386182,0.0094453565543517,Rndm,0.9349987129987132,0.02,0.1269683215714502,0.20391494,0.16324195,Rndm,85827.0,Irregular,Irregular,1
109403203,61.0,LS,0.8962525459486715,0.0209415340354645,0.0201953278594513,8.450487547062949,0.0094453565543517,Rndm,0.923997425997426,0.02,0.1307191024101812,0.14226167,0.13928232,Rndm,85828.0,Irregular,Irregular,1
109403203,61.0,LS,1.0707441920625722,0.0383593179206713,0.0377009299027293,4.465015493686224,0.0094453565543517,Rndm,0.3339999999999999,0.5,0.3534729009658779,0.9564642,0.4548278,Rndm,85829.0,Irregular,Irregular,1
109403203,61.0,LS,1.3296054253084688,0.0118361481146088,0.0077828202500748,2.799829297484393,0.0094453565543517,Rndm,0.919997425997426,0.02,0.1531853664916805,0.22322837,0.16333705,Rndm,85830.0,Irregular,Irregular,1
109403203,61.0,LS,1.6350553203117657,0.0526635505927451,0.0518917078363449,3.793096107452584,0.0094453565543517,Rndm,0.415,0.3,0.1612620228076034,1.1096306,0.4205513,CEP,85831.0,Irregular,Irregular,1
109403203,61.0,LS,2.469267218430013,0.0742843061502532,0.0717147761558594,3.444414452867932,0.0094453565543517,Rndm,0.57,0.36,0.3054255313130132,1.0565299,0.4360133,Rndm,85832.0,Irregular,Irregular,1
109403203,61.0,LS,3.666487687971837,0.092144513158759,0.0900485203128195,6.56069976962317,0.0094453565543517,Rndm,0.359,0.32,0.140183314270993,0.7771536,0.3564936,CEP,85833.0,Irregular,Irregular,1
109403203,61.0,LS,9.307237977159277,0.08991859740517,0.0711944243141063,3.94892402836922,0.0094453565543517,LPV,0.725,0.04,0.1995079908174106,0.86928654,0.40831167,LPV,85834.0,Irregular,Irregular,1
110451395,54.0,LS,1.3653618576869069,0.0224928620800021,0.0220065281932041,3.969284327362402,0.0530567718669772,Rndm,0.928,0.0,0.0433803826631347,0.11053598,0.023944575,Rndm,33689.0,Irregular,Irregular,1
110451395,54.0,LS,1.4563859815327005,0.0400399974000458,0.0400269898557054,3.647438676613092,0.0530567718669772,Rndm,0.896,0.0,0.1198666422270657,0.5182063,0.18299831,Rndm,33690.0,Irregular,Irregular,1
110451395,54.0,LS,1.872496261970615,0.0272462348687983,0.0250779408155384,3.015802139656444,0.0530567718669772,Rndm,0.878,0.02,0.178621226062302,0.7005581,0.23375525,Rndm,33691.0,Irregular,Irregular,1
110451395,54.0,LS,2.04804278653036,0.0380609056833519,0.0379229789664568,3.374193052597548,0.0530567718669772,Rndm,0.79,0.1,0.2062363071818344,0.76066333,0.20934084,Rndm,33692.0,Irregular,Irregular,1
110451395,54.0,LS,2.221605734541407,0.0191214074715023,0.0080642405405215,1.9358794899471832,0.0530567718669772,Rndm,0.855,0.02,0.1556857398736313,0.69172686,0.22302921,Rndm,33693.0,Irregular,Irregular,1
110451395,54.0,LS,2.978971325862341,0.0875223585058244,0.0165004662093901,1.6820387312236562,0.0530567718669772,Rndm,0.664,0.02,0.2146648699717771,0.853611,0.28651217,Rndm,33694.0,Irregular,Irregular,1
110451395,54.0,LS,3.276868458448576,0.0987857393186687,0.047849399511215,3.101113968010395,0.0530567718669772,Rndm,0.282,0.44,0.1103501699137794,0.5608573,0.15069325,Rndm,33695.0,Irregular,Irregular,1
110451395,54.0,LS,3.971961767816455,0.3429538900224901,0.3418004252379372,4.198555047178161,0.0530567718669772,Rndm,0.307,0.24,0.1012702048975906,0.67855096,0.2175455,CEP,33696.0,Irregular,Irregular,1
110451395,54.0,LS,5.242989533517721,0.3370746087426728,0.2968489884988342,3.748227037502147,0.0530567718669772,LPV,0.7,0.04,0.1701649834719235,0.6039798,0.17661849,LPV,33697.0,Irregular,Irregular,1
110451395,54.0,LS,7.281929907663501,0.2736408530715029,0.2630559924489507,3.301306812049006,0.0530567718669772,Rndm,0.305,0.56,0.1947251437282817,1.2894489,0.26777077,LPV,33698.0,Irregular,Irregular,1
110451395,54.0,LS,10.922894861495251,0.3915703161750369,0.1565047855029258,1.802156237954477,0.0530567718669772,Rndm,0.424,0.14,0.1511410678803084,0.69530106,0.2388828,CEP,33699.0,Irregular,Irregular,1
110451395,80.0,LS,0.9246476795773074,0.032763291165536,0.0327156252678845,5.193435973331361,0.0318705895915627,Rndm,0.955997425997426,0.0,0.0256965901992076,0.0030479315,0.0012545076,Rndm,33774.0,Irregular,Irregular,1
110451395,80.0,LS,1.0411387258232674,0.0157771892071701,0.0102933833606316,2.789886997477879,0.0318705895915627,Rndm,0.951997425997426,0.0,0.0319766178618281,0.0040190993,0.0012481367,Rndm,33775.0,Irregular,Irregular,1
110451395,80.0,LS,1.21306989155555,0.0934611905637857,0.0934186588215769,5.161326862718852,0.0318705895915627,Rndm,0.74,0.28,0.2414455616069434,0.9279177,0.41236836,Rndm,33776.0,Irregular,Irregular,1
110451395,80.0,LS,1.5025524793131244,0.0848462749627213,0.084362542883526,3.312849368143361,0.0318705895915627,Rndm,0.786,0.1,0.1796747231790743,0.60666406,0.28873402,Rndm,33777.0,Irregular,Irregular,1
110451395,80.0,LS,1.8623185659092247,0.0235832240606822,0.0175097171294833,2.56313518879324,0.0318705895915627,Rndm,0.953997425997426,0.0,0.0281691299545014,0.0018597065,0.0007291805,Rndm,33778.0,Irregular,Irregular,1
110451395,80.0,LS,2.8744482212946725,0.0417717638803769,0.0350413666005616,4.052062396767724,0.0318705895915627,Rndm,0.917,0.0,0.0793004776470881,0.09192991,0.09867891,Rndm,33779.0,Irregular,Irregular,1
110451395,80.0,LS,5.08556223767519,0.4812331017788867,0.4720659944460089,4.026880201417953,0.0318705895915627,Rndm,0.504,0.16,0.136094326112443,1.4968457,0.33946997,CEP,33780.0,Irregular,Irregular,1
110451395,81.0,LS,1.0999912011969877,0.0193550063186763,0.019220202866061,8.842672859042068,0.0323335197754204,Rndm,0.865,0.18,0.229982243587497,0.57399476,0.3570777,Rndm,33781.0,Irregular,Irregular,1
110451395,81.0,LS,1.4788770593870608,0.0307358417854156,0.0299830507781069,3.9477628563254257,0.0323335197754204,Rndm,0.953997425997426,0.0,0.0227967427639953,0.0016752493,0.0007053432,Rndm,33782.0,Irregular,Irregular,1
110451395,81.0,LS,2.419980642633372,0.0525264683644254,0.0465343152563024,3.4599133816627727,0.0323335197754204,Rndm,0.761,0.14,0.2153023470417725,0.84590733,0.3363914,Rndm,33783.0,Irregular,Irregular,1
110451395,81.0,LS,3.3274733836208865,0.0865048873478587,0.0642316100862564,2.4583806498085323,0.0323335197754204,Rndm,0.925997425997426,0.0,0.0505795288706809,0.0035134817,0.00094780355,Rndm,33784.0,Irregular,Irregular,1
110451395,81.0,LS,5.119189820955209,0.5568252808017345,0.5549616548463339,4.0692140521459805,0.0323335197754204,Rndm,0.422,0.18,0.123095572625501,0.97917247,0.39554295,CEP,33785.0,Irregular,Irregular,1
114074979,80.0,LS,0.3232786783131503,0.0104866174021957,0.0104787977208854,4.792076141126017,0.0383849116042256,Rndm,0.996,0.0,0.0160012499511756,0.0008996346,0.00059215067,Rndm,20806.0,Irregular,Irregular,1
114074979,80.0,LS,0.5124844163956531,0.0177354052483032,0.0177146176050425,10.066373537636537,0.0383849116042256,Rndm,0.997,0.0,0.0302234081466667,0.019804154,0.010538401,Rndm,20807.0,Irregular,Irregular,1
114074979,80.0,LS,0.6578158180600919,0.0346886525978774,0.0328656581940514,4.431960435718793,0.0383849116042256,Rndm,0.355,0.4,0.159311016568221,0.95928574,0.42095348,CEP,20808.0,Irregular,Irregular,1
114074979,80.0,LS,0.718592279511296,0.0162485933076649,0.0143925399144999,3.429086093157821,0.0383849116042256,Rndm,0.81,0.2,0.3169357815078631,0.8410212,0.39126456,Rndm,20809.0,Irregular,Irregular,1
114074979,80.0,LS,0.8368416419625221,0.0605919383560166,0.060385645558066,3.9429745312845625,0.0383849116042256,Rndm,0.859,0.06,0.2201565636028248,0.8505525,0.40180016,Rndm,20810.0,Irregular,Irregular,1
114074979,80.0,LS,0.9581230393483948,0.0172925734486319,0.0148985485337478,2.651524365748628,0.0383849116042256,Rndm,0.995998712998713,0.02,0.1184641849097725,0.11911324,0.13470587,Rndm,20811.0,Irregular,Irregular,1
114074979,80.0,LS,1.0749673124396626,0.026784905545344,0.0181670850960843,5.25300522521502,0.0383849116042256,Rndm,0.745,0.22,0.2852975624875943,0.9067782,0.3467608,Rndm,20812.0,Irregular,Irregular,1
114074979,80.0,LS,1.2836988294182377,0.040148943084236,0.0390178128400047,4.19875783311727,0.0383849116042256,Rndm,0.413,0.38,0.2934440441567719,1.1282575,0.40756986,Rndm,20813.0,Irregular,Irregular,1
114074979,80.0,LS,1.5930238485551624,0.0301650850493593,0.0255567019837464,3.794672800344415,0.0383849116042256,Rndm,0.923,0.1,0.247493241546038,0.38172862,0.28457743,Rndm,20814.0,Irregular,Irregular,1
114074979,80.0,LS,2.0341689143088995,0.097060767449676,0.0962332621993368,4.000294474604743,0.0383849116042256,Rndm,0.43,0.22,0.0876916780544197,0.72138166,0.43256494,CEP,20815.0,Irregular,Irregular,1
114074979,80.0,LS,2.754603738126635,0.0726591883913954,0.0702221311070173,3.328055804118776,0.0383849116042256,Rndm,0.527,0.2,0.2507657743792003,1.1488379,0.37572724,Rndm,20816.0,Irregular,Irregular,1
114074979,80.0,LS,4.131905607189952,0.0226024161736341,0.0193665715728412,6.035322988751432,0.0383849116042256,Rndm,0.8905000000000001,0.26,0.3745200347110952,0.80157816,0.34410408,ELL,20817.0,Irregular,Irregular,1
114074979,80.0,LS,8.263811214379901,0.1991035613406148,0.1836429167893646,4.68975301091632,0.0383849116042256,LPV,0.667,0.08,0.2146988365129164,1.0392418,0.3656176,LPV,20818.0,Irregular,Irregular,1
116395493,43.0,LS,0.861734058214922,0.0405283889963808,0.0404810825324052,4.629902300202957,0.0295697385445237,Rndm,0.886,0.0,0.1047297771519214,0.40548602,0.22699404,Rndm,35091.0,Irregular,Irregular,1
116395493,43.0,LS,1.1912206098853333,0.0137621862908463,0.0136994842182683,3.020205852250001,0.0295697385445237,Rndm,0.955997425997426,0.0,0.0185134271840036,0.026213214,0.023005107,Rndm,35092.0,Irregular,Irregular,1
116395493,43.0,LS,1.292601087322383,0.1341775262202202,0.1341585243602911,4.714499396017345,0.0295697385445237,Rndm,0.441,0.14,0.1946862460473261,0.7444767,0.33313262,Rndm,35093.0,Irregular,Irregular,1
116395493,43.0,LS,1.8985078470047496,0.0116510770412069,0.0109251645914834,3.703628155966726,0.0295697385445237,Rndm,0.935997425997426,0.0,0.0505870847902749,0.14197642,0.063101605,Rndm,35094.0,Irregular,Irregular,1
116395493,43.0,LS,2.250083374227852,0.0310821779267363,0.0237520914756196,2.6759193735833837,0.0295697385445237,Rndm,0.9389987129987132,0.0,0.0656988453459503,0.15862055,0.096025825,Rndm,35095.0,Irregular,Irregular,1
116395493,43.0,LS,2.585202174644766,0.2141020934852648,0.2109112521485464,4.288743743140003,0.0295697385445237,Rndm,0.3419999999999999,0.54,0.2147980637198058,1.1159046,0.3792518,E,35096.0,Irregular,Irregular,1
116395493,43.0,LS,3.0376125552076,0.021771526587479,0.0093649346538942,2.166737477578863,0.0295697385445237,Rndm,0.955997425997426,0.0,0.018189295538294,0.007085268,0.0029143358,Rndm,35097.0,Irregular,Irregular,1
116395493,43.0,LS,4.339446507439429,0.0316742336427667,0.0261909243665245,3.525945239274733,0.0295697385445237,Rndm,0.917997425997426,0.0,0.0380545821304529,0.10280282,0.038280863,Rndm,35098.0,Irregular,Irregular,1
116395493,43.0,LS,5.522931918559274,0.1018385340996707,0.0854647115886757,2.882087040672559,0.0295697385445237,Rndm,0.428,0.38,0.2159805954246816,1.5343703,0.24853258,Rndm,35099.0,Irregular,Irregular,1
116395493,43.0,LS,8.10030014722027,0.5346422245436928,0.5270184390435984,4.242179375227352,0.0295697385445237,Rndm,0.354,0.38,0.2354169067845383,1.5853708,0.29490703,LPV,35100.0,Irregular,Irregular,1
116395493,44.0,LS,0.8656427211294125,0.04486243179764,0.0448523463745139,4.566392817254382,0.0311101763509213,Rndm,0.664,0.0,0.1389552408243956,0.6960674,0.3459131,Rndm,35101.0,Irregular,Irregular,1
116395493,44.0,LS,1.1999008015655226,0.017744906586852,0.0161168949365041,3.12952729124845,0.0311101763509213,Rndm,0.9239987129987132,0.0,0.0348390427471161,0.121189535,0.049342293,Rndm,35102.0,Irregular,Irregular,1
116395493,44.0,LS,1.3031180748184708,0.1397836734846139,0.1397317398998775,4.679251787265457,0.0311101763509213,Rndm,0.494,0.16,0.1452038566980918,0.53472185,0.21536615,Rndm,35103.0,Irregular,Irregular,1
116395493,44.0,LS,1.4091858250943927,0.0249077481897405,0.021398661353731,3.2684782577416627,0.0311101763509213,Rndm,0.775998712998713,0.02,0.1445133547422942,0.6023695,0.29653466,Rndm,35104.0,Irregular,Irregular,1
116395493,44.0,LS,1.6158664127749034,0.024784642788653,0.0246611906628591,4.07645806633991,0.0311101763509213,Rndm,0.888998712998713,0.0,0.1037927574323805,0.38970733,0.1813064,Rndm,35105.0,Irregular,Irregular,1
116395493,44.0,LS,1.8935934524705904,0.0258809157961395,0.0256219399503838,4.037371969510787,0.0311101763509213,Rndm,0.903,0.0,0.0495050064987502,0.2452316,0.09745797,Rndm,35106.0,Irregular,Irregular,1
116395493,44.0,LS,2.2442589066318104,0.0460007215492173,0.0389799433692834,3.054436081500171,0.0311101763509213,Rndm,0.928,0.0,0.0857057614871741,0.28163683,0.15310489,Rndm,35107.0,Irregular,Irregular,1
116395493,44.0,LS,2.578510233151442,0.1714889090278717,0.1710310047332631,4.205326710185545,0.0311101763509213,Rndm,0.249,0.52,0.1250475253653586,0.7226334,0.3363291,Rndm,35108.0,Irregular,Irregular,1
116395493,44.0,LS,3.0297495239529444,0.0218789283295059,0.0066146714441859,2.3206463001642987,0.0311101763509213,Rndm,0.928,0.0,0.0849093836387187,0.2830239,0.15656993,Rndm,35109.0,Irregular,Irregular,1
116395493,44.0,LS,3.787186904941181,0.0189277695783648,0.0142396650339987,3.379720899356471,0.0311101763509213,Rndm,0.768,0.16,0.2650748241534831,0.89729214,0.30193645,Rndm,35110.0,Irregular,Irregular,1
116395493,44.0,LS,5.508635498096262,0.0673090212510554,0.0641589619614282,3.1347536925095483,0.0311101763509213,Rndm,0.341,0.62,0.1932024854912586,1.2465339,0.2603916,Rndm,35111.0,Irregular,Irregular,1
116395493,44.0,LS,8.079332063874517,0.4933955871094121,0.4775229583055209,4.5102119759230845,0.0311101763509213,LPV,0.807,0.0,0.1010176697414863,0.5119994,0.14679998,LPV,35112.0,Irregular,Irregular,1
116395493,59.0,LS,0.86145248819245,0.033586218924326,0.0334843762030827,4.2664413392558345,0.0324974558316171,Rndm,0.83,0.0,0.1667559105854307,0.6752364,0.36188984,Rndm,35113.0,Irregular,Irregular,1
116395493,59.0,LS,1.292178732288675,0.1592848463977453,0.1591456290071786,4.572688441545324,0.0324974558316171,Rndm,0.419,0.04,0.1497688939666712,0.45299226,0.26512712,Rndm,35114.0,Irregular,Irregular,1
116395493,59.0,LS,1.6029558957505086,0.0128237282016789,0.0126653551969709,4.013262265918456,0.0324974558316171,Rndm,0.955997425997426,0.0,0.0237211158440166,0.030269708,0.014896183,Rndm,35115.0,Irregular,Irregular,1
116395493,59.0,LS,2.58435746457735,0.2154173114395648,0.2152200939240354,4.773891181717772,0.0324974558316171,Rndm,0.245,0.7,0.1852342998907059,1.0951147,0.40508747,E,35116.0,Irregular,Irregular,1
116395493,59.0,LS,4.221117192143005,0.0187485091835483,0.0157172862765146,6.721878904576442,0.0324974558316171,Rndm,0.913,0.02,0.1353648574189237,0.3186299,0.18013635,Rndm,35117.0,Irregular,Irregular,1
116395493,59.0,LS,8.442234384286014,0.4723711349394736,0.4688742146389126,4.652001899688912,0.0324974558316171,Rndm,0.813,0.26,0.295766180622464,0.9895302,0.3949936,LPV,35118.0,Irregular,Irregular,1
116395493,73.0,LS,0.6453629053779236,0.0204836894875224,0.0202675163597499,4.156981152344088,0.0266607524827122,Rndm,0.895,0.0,0.1524633149318222,0.6557277,0.35839644,Rndm,35119.0,Irregular,Irregular,1
116395493,73.0,LS,0.8604838738372315,0.0662185877686925,0.0662067609715148,4.483856625614862,0.0266607524827122,Rndm,0.9289987129987132,0.0,0.1028485982787956,0.41196916,0.23941125,Rndm,35120.0,Irregular,Irregular,1
116395493,73.0,LS,1.2907258107558472,0.2021587445055868,0.2020857512132686,4.5099466323481465,0.0266607524827122,Rndm,0.42,0.06,0.1681924421607582,0.518409,0.28204656,Rndm,35121.0,Irregular,Irregular,1
116395493,73.0,LS,2.003514691322509,0.0156023345859411,0.0119563053938184,13.86692580867748,0.0266607524827122,Rndm,0.937,0.0,0.0251052103884278,0.05147186,0.014550956,Rndm,35122.0,Irregular,Irregular,1
116395493,73.0,LS,2.5814516215116945,0.4182106950629995,0.4151791033724561,4.589223056802439,0.0266607524827122,Rndm,0.261,0.48,0.1078522860212058,0.5132128,0.2523536,Rndm,35123.0,Irregular,Irregular,1
116395493,73.0,LS,3.532512745226529,0.0504153157918013,0.0078644468985963,1.6905414891698456,0.0266607524827122,Rndm,0.887,0.1,0.2421730819063093,0.7337373,0.27452442,Rndm,35124.0,Irregular,Irregular,1
116395493,73.0,LS,7.457526906589338,0.1248264278720451,0.1092466859766255,4.978248538380285,0.0266607524827122,Rndm,0.501,0.46,0.2380583995577555,0.9431227,0.3123012,LPV,35125.0,Irregular,Irregular,1
145315040,62.0,LS,0.6736630963144467,0.1262173555944636,0.1257669981135245,4.280159831283527,0.0157609139569103,Rndm,0.48,0.2,0.1344129815159235,0.7213097,0.37864894,CEP,129915.0,Irregular,Irregular,1
145315040,62.0,LS,0.7782691671707272,0.4265990286481209,0.4265870450237864,4.517864113298856,0.0157609139569103,Rndm,0.438,0.16,0.0785598778003122,0.83134246,0.42362362,CEP,129916.0,Irregular,Irregular,1
145315040,62.0,LS,1.7164566563628365,0.010149966275893,0.0098452428752926,3.724761472287355,0.0157609139569103,Rndm,0.919998712998713,0.0,0.0996073097311774,0.124846846,0.109296024,Rndm,129917.0,Irregular,Irregular,1
145315040,62.0,LS,2.4096410752785973,0.01030862905204,0.0102680039223117,3.896230857812043,0.0157609139569103,Rndm,0.923997425997426,0.0,0.0476128520259076,0.005386566,0.0019419478,Rndm,129918.0,Irregular,Irregular,1
145315040,62.0,LS,8.95009542246336,0.1958395006214644,0.1591299891195972,4.199323568635009,0.0157609139569103,LPV,0.863,0.06,0.2057591796251141,0.824205,0.39210087,LPV,129919.0,Irregular,Irregular,1
145315040,62.0,ACF,0.7430580573914085,0.719259667789038,1.0419281812116432,160.0840382904164,0.0157609139569103,Rndm,0.759,0.36,0.3703308793953724,1.0210409,0.4293658,Rndm,129920.0,Irregular,Irregular,1
145315040,62.0,ACF,1.5092643408697768,0.4940550093235679,0.8043117598889576,163.08268203959017,0.0157609139569103,Rndm,0.953997425997426,0.0,0.0688260810848759,0.070380114,0.075340144,Rndm,129921.0,Irregular,Irregular,1
145315040,63.0,LS,0.3912583766261439,0.0116835821370517,0.0116763813293157,4.3267789021010685,0.014257546281442,Rndm,0.96,0.0,0.0111997142820698,0.00010389322,4.5393917e-05,Rndm,129922.0,Irregular,Irregular,1
145315040,63.0,LS,0.6286094297453213,0.0200947658183534,0.0186618977668492,3.3697604455701367,0.014257546281442,Rndm,0.922,0.06,0.1902333556451128,0.29984426,0.20358492,Rndm,129923.0,Irregular,Irregular,1
145315040,63.0,LS,0.6732821810977806,0.0982295024248938,0.0974716951431569,5.159289493007236,0.014257546281442,Rndm,0.892,0.04,0.1513859650033648,0.41052815,0.20290513,Rndm,129924.0,Irregular,Irregular,1
145315040,63.0,LS,0.780215233389781,0.411271396860505,0.4112633103183558,4.640056251715578,0.014257546281442,Rndm,0.423,0.44,0.1446217079141302,0.84168065,0.37274554,CEP,129925.0,Irregular,Irregular,1
145315040,63.0,LS,1.8421748566147604,0.0170107740482289,0.016566622578684,6.279886141772295,0.014257546281442,Rndm,0.923997425997426,0.02,0.0975133182247129,0.10277456,0.13334003,Rndm,129926.0,Irregular,Irregular,1
145315040,63.0,LS,2.822055099494953,0.0102094866087261,0.00973296549966,4.151357701834058,0.014257546281442,Rndm,0.925997425997426,0.0,0.0557827957895407,0.06242618,0.048070267,Rndm,129927.0,Irregular,Irregular,1
145315040,63.0,LS,4.912466284306029,0.0708815511604388,0.0707178225735205,3.733953894326987,0.014257546281442,Rndm,0.737,0.2,0.2796529847309174,0.90153825,0.3742794,Rndm,129928.0,Irregular,Irregular,1
145315040,63.0,LS,10.202814590481749,0.153103414813555,0.0804105607559217,3.5244494532817043,0.014257546281442,Rndm,0.411,0.16,0.0866742037748256,0.08398028,0.097887374,CEP,129929.0,Irregular,Irregular,1
145315040,63.0,ACF,0.740727885713568,0.6725356627702264,0.9569644575861368,154.09723793189525,0.014257546281442,Rndm,0.9259987129987132,0.08,0.2207748413090955,0.30740938,0.21283789,Rndm,129930.0,Irregular,Irregular,1
145315040,63.0,ACF,1.5161773910699594,0.4212443569089016,0.7482464429837701,169.5537096763304,0.014257546281442,Rndm,0.953997425997426,0.0,0.0188643393800306,0.002738623,0.0020322436,Rndm,129931.0,Irregular,Irregular,1
147160760,61.0,LS,1.066669229454516,0.0114476744649478,0.0108533265980947,3.2494979686380248,0.051877056248486,Rndm,0.995997425997426,0.0,0.004229543226933,0.0023739198,0.0011276506,Rndm,82779.0,Irregular,Irregular,1
147160760,61.0,LS,1.4180426226865923,0.0197788995224995,0.0131356969496382,3.3027944021123403,0.051877056248486,Rndm,0.997997425997426,0.0,0.0095474192944289,0.008088492,0.0027702972,Rndm,82780.0,Irregular,Irregular,1
147160760,61.0,LS,1.799009297438214,0.0725934066345227,0.0717185357599425,3.770648686244385,0.051877056248486,Rndm,0.448,0.28,0.1892529989194359,0.51997674,0.2081714,CEP,82781.0,Irregular,Irregular,1
147160760,61.0,LS,2.274219300535101,0.0544870859923615,0.0533025221860306,5.698015116693568,0.051877056248486,Rndm,0.844,0.0,0.1444250901979705,0.6000386,0.2846058,Rndm,82782.0,Irregular,Irregular,1
147160760,61.0,LS,7.533351433022519,0.2668843670562423,0.1679358028856046,2.5545310745837924,0.051877056248486,LPV,0.884,0.1,0.2478971528678778,0.80013436,0.31090477,LPV,82783.0,Irregular,Irregular,1
147160760,62.0,LS,1.1544677027608976,0.0117535694537053,0.0116951092404952,3.6963275520174648,0.0437954161316156,Rndm,0.993997425997426,0.0,0.01819400329021,0.00069814204,0.00030230143,Rndm,82784.0,Irregular,Irregular,1
147160760,62.0,LS,1.7398316083861416,0.0353510685943732,0.0353457699270913,5.047506037637504,0.0437954161316156,Rndm,0.991997425997426,0.0,0.0300984223584681,0.0053904722,0.0028441746,Rndm,82785.0,Irregular,Irregular,1
147160760,62.0,LS,3.0128791267174644,0.0983915371430442,0.0925271831869554,4.481738155765925,0.0437954161316156,Rndm,0.34,0.48,0.1559104563523563,1.1736666,0.37254795,CEP,82786.0,Irregular,Irregular,1
147160760,62.0,LS,4.411715864122001,0.1167267363220358,0.0970301944239736,11.564417850077009,0.0437954161316156,Rndm,0.399,0.4,0.1861085317764879,0.63736105,0.25275394,Rndm,82787.0,Irregular,Irregular,1
147160760,62.0,LS,8.235202946361067,0.2250760350359203,0.1874073227547436,3.400175326856697,0.0437954161316156,Rndm,0.745,0.08,0.180365801636563,0.6177209,0.22071613,Rndm,82788.0,Irregular,Irregular,1
178235182,80.0,LS,0.473920436762336,0.0105871393498023,0.0105730564149634,4.779826917212631,0.0866338238120079,Rndm,0.989,0.0,0.1207718907693342,0.4680757,0.2459745,Rndm,70481.0,Irregular,Irregular,1
178235182,80.0,LS,0.6010172811667805,0.010190963031281,0.0101630855305021,6.425797783471353,0.0866338238120079,Rndm,0.978,0.0,0.1232167261373227,0.5308346,0.30828887,Rndm,70482.0,Irregular,Irregular,1
178235182,80.0,LS,0.6578298599835409,0.0114997643242333,0.0099029959544345,4.232429354167834,0.0866338238120079,Rndm,1.0,0.0,0.0856358429630957,0.32178622,0.16447856,Rndm,70483.0,Irregular,Irregular,1
178235182,80.0,LS,0.7225344363753645,0.0170415747030685,0.0163772403995699,4.502280646840518,0.0866338238120079,Rndm,0.936,0.0,0.1053793831828598,0.6410074,0.28881326,Rndm,70484.0,Irregular,Irregular,1
178235182,80.0,LS,0.8475884734403316,0.0176105761073698,0.0160301065813812,3.0207475600909675,0.0866338238120079,Rndm,0.641,0.1,0.2018177395572549,0.9352188,0.36192974,Rndm,70485.0,Irregular,Irregular,1
178235182,80.0,LS,0.9311535342020544,0.2031091208983061,0.2031090150277348,4.226212626650522,0.0866338238120079,Rndm,0.347,0.38,0.1395491254003406,0.15902254,0.05190642,CEP,70486.0,Irregular,Irregular,1
178235182,80.0,LS,1.2473943571386013,0.0167728600193963,0.0167399219058891,6.357253630383639,0.0866338238120079,Rndm,0.967,0.02,0.1573839941035936,0.5930007,0.22165434,Rndm,70487.0,Irregular,Irregular,1
178235182,80.0,LS,1.4372152375727365,0.0321037982512114,0.0313956638745116,3.852046799496748,0.0866338238120079,Rndm,0.547,0.06,0.1721895745973025,0.7317,0.33401263,Rndm,70488.0,Irregular,Irregular,1
178235182,80.0,LS,2.034212336256796,0.0412284675336494,0.0390518983027844,3.787521524554904,0.0866338238120079,Rndm,0.458,0.46,0.3152287017389121,1.1373668,0.35158876,E,70489.0,Irregular,Irregular,1
178235182,80.0,LS,3.4795737330708354,0.1432474316012375,0.1388678043464539,4.239187815059268,0.0866338238120079,Rndm,0.545,0.2,0.2620442784789954,0.9158222,0.3750396,E,70490.0,Irregular,Irregular,1
178235182,80.0,LS,5.748860950290946,0.4236761768392987,0.4139420783896564,4.590156506259518,0.0866338238120079,LPV,0.83,0.02,0.0843118402123924,0.13483873,0.05293695,LPV,70491.0,Irregular,Irregular,1
179479794,11.0,LS,0.6818147687943524,0.0503709039143626,0.0494669265118636,3.4917704578138,0.0296563887968659,Rndm,0.394,0.34,0.0580111575474925,0.03772999,0.011857014,Rndm,115159.0,Irregular,Irregular,1
179479794,11.0,LS,0.7075436279941393,0.0399240186223483,0.0278056361539585,2.835878487559057,0.0296563887968659,Rndm,0.424,0.26,0.097833499375214,0.060321867,0.017995363,Rndm,115160.0,Irregular,Irregular,1
179479794,11.0,LS,0.7601313300747847,0.0445290284863947,0.042837149611408,4.033608262306188,0.0296563887968659,Rndm,0.377,0.42,0.1350061865249144,0.08537868,0.034162126,Rndm,115161.0,Irregular,Irregular,1
179479794,11.0,LS,0.8587743271073903,0.0416847413323411,0.0404677112756902,3.5676607273021546,0.0296563887968659,Rndm,0.474,0.08,0.1105129856623193,0.14078946,0.05752942,Rndm,115162.0,Irregular,Irregular,1
179479794,11.0,LS,0.8999954948085451,0.0385056337570476,0.0290304007274845,2.622712561245862,0.0296563887968659,Rndm,0.382,0.28,0.1415307231663853,0.4655686,0.13352494,Rndm,115163.0,Irregular,Irregular,1
179479794,11.0,LS,0.986837165360247,0.0712350399955265,0.0711616086362579,3.1846055861287823,0.0296563887968659,Rndm,0.539,0.16,0.1327851136234781,0.07881514,0.0144867785,CEP,115164.0,Irregular,Irregular,1
179479794,11.0,LS,1.041661452324705,0.0611633905030033,0.0585702801624918,3.286896777409765,0.0296563887968659,Rndm,0.3429999999999999,0.4,0.1773842112477883,0.27316213,0.10259481,CEP,115165.0,Irregular,Irregular,1
179479794,11.0,LS,1.20967136398998,0.1011265672093843,0.0985847438259432,4.094241619695367,0.0296563887968659,Rndm,0.266,0.52,0.1190784346554824,0.368646,0.12357078,Rndm,115166.0,Irregular,Irregular,1
179479794,11.0,LS,1.2784026914894109,0.0656704860630051,0.0240673381391302,2.4157085063143318,0.0296563887968659,Rndm,0.422,0.02,0.1021833332789648,0.2368043,0.090062246,Rndm,115167.0,Irregular,Irregular,1
179479794,11.0,LS,1.7857053468423514,0.0712145203620104,0.0646074880855173,3.763182421639158,0.0296563887968659,Rndm,0.274,0.4,0.1107517873444939,0.2778614,0.06895604,Rndm,115168.0,Irregular,Irregular,1
179479794,11.0,LS,1.973674330720494,0.1110990407643138,0.1102584415094578,3.480367186892181,0.0296563887968659,Rndm,0.642,0.32,0.2613489383946298,1.1522957,0.26438284,ELL,115169.0,Irregular,Irregular,1
179479794,11.0,LS,2.4999874855792923,0.051718089340447,0.0484982489441936,3.155707384758444,0.0296563887968659,Rndm,0.526,0.04,0.132789909255184,1.0375034,0.21645507,Rndm,115170.0,Irregular,Irregular,1
179479794,11.0,LS,2.8846009448991827,0.0485148551640706,0.046278193547037,2.890466716130504,0.0296563887968659,Rndm,0.545,0.02,0.1670608272456472,0.91493857,0.26676917,Rndm,115171.0,Irregular,Irregular,1
179479794,11.0,LS,3.4090738439717625,0.061982194003271,0.0389634617966685,2.446741913287042,0.0296563887968659,Rndm,0.422,0.34,0.2452472841847591,1.2436157,0.29944134,Rndm,115172.0,Irregular,Irregular,1
179479794,11.0,LS,4.16664580929882,0.1158111070262237,0.0995759708350913,4.19593400318945,0.0296563887968659,Rndm,0.295,0.6,0.2174745079313895,1.3520749,0.24935792,ELL,115173.0,Irregular,Irregular,1
179479794,11.0,LS,5.624971842553407,0.1142624671791833,0.062076169056598,3.2245801877484155,0.0296563887968659,Rndm,0.442,0.38,0.2707753134981104,0.865101,0.3200859,LPV,115174.0,Irregular,Irregular,1
179479794,11.0,LS,9.374953070922343,0.0979701980133119,0.0439243429514995,2.6606493700696774,0.0296563887968659,LPV,0.716,0.02,0.1506366489271452,0.67705655,0.15465383,LPV,115175.0,Irregular,Irregular,1
179479794,64.0,LS,0.2875257785936007,0.0104763715698686,0.0104437899078782,4.255818111418193,0.0244529731571674,Rndm,0.96,0.0,0.0323285384760895,0.04050148,0.038413923,Rndm,115176.0,Irregular,Irregular,1
179479794,64.0,LS,0.3250291410188529,0.010548784852207,0.008669435125323,3.849671841664531,0.0244529731571674,Rndm,0.93,0.02,0.1081052006149565,0.19850053,0.124497786,Rndm,115177.0,Irregular,Irregular,1
179479794,64.0,LS,0.3364051609545128,0.0177463461600065,0.017741211750339,3.862782438449358,0.0244529731571674,Rndm,0.96,0.0,0.0512038123580656,0.06568722,0.081015505,Rndm,115178.0,Irregular,Irregular,1
179479794,64.0,LS,0.3811956498068134,0.0117746438316003,0.0117156866523604,4.266191338629142,0.0244529731571674,Rndm,0.96,0.0,0.015346087449249,0.002965042,0.0013009286,Rndm,115179.0,Irregular,Irregular,1
179479794,64.0,LS,0.3981126165142163,0.0102009149553721,0.0101381244671622,5.792684497388109,0.0244529731571674,Rndm,0.924,0.06,0.1775803097192929,0.36705655,0.22165099,Rndm,115180.0,Irregular,Irregular,1
179479794,64.0,LS,0.4191964622486141,0.010690973097597,0.010676758044809,4.114135065174196,0.0244529731571674,Rndm,0.909,0.02,0.1295786957798232,0.39802194,0.18875822,Rndm,115181.0,Irregular,Irregular,1
179479794,64.0,LS,0.4788685565188794,0.0251025322075998,0.0244002682328921,5.974223906188854,0.0244529731571674,Rndm,0.274,0.6,0.1304667559188929,1.2001934,0.41443667,CEP,115182.0,Irregular,Irregular,1
179479794,64.0,LS,0.521558389076764,0.0261630687213792,0.0258708775876273,4.708187449094112,0.0244529731571674,Rndm,0.705,0.16,0.2463357058974601,1.0514355,0.35772422,Rndm,115183.0,Irregular,Irregular,1
179479794,64.0,LS,0.5825197592285936,0.0200674618739536,0.0195119615659821,3.8914690522360615,0.0244529731571674,Rndm,0.714,0.38,0.353419990379718,1.1381955,0.41074452,Rndm,115184.0,Irregular,Irregular,1
179479794,64.0,LS,0.6936188885660057,0.0306192791114458,0.0304841872564081,6.418922185774136,0.0244529731571674,Rndm,0.947,0.02,0.1338035111646925,0.23610938,0.13919044,Rndm,115185.0,Irregular,Irregular,1
179479794,64.0,LS,0.7517433764346655,0.0518171186344674,0.0510525819467263,8.553659700439312,0.0244529731571674,Rndm,0.812,0.02,0.1484768911956642,0.7860789,0.29153165,Rndm,115186.0,Irregular,Irregular,1
179479794,64.0,LS,0.8737796388428903,0.0435913373496486,0.0427540866116421,5.114659024147841,0.0244529731571674,Rndm,0.594,0.22,0.2704915343429628,1.2377741,0.37941346,Rndm,115187.0,Irregular,Irregular,1
179479794,64.0,LS,1.150103114374403,0.055599757749062,0.0554806494350714,4.580327219071478,0.0244529731571674,Rndm,0.272,0.56,0.1807482226745259,1.2475432,0.435429,CEP,115188.0,Irregular,Irregular,1
179479794,64.0,LS,1.4164427829663695,0.0540032009981965,0.0531669409455693,4.21512019120928,0.0244529731571674,Rndm,0.384,0.28,0.1454268695943084,1.2423428,0.40001616,CEP,115189.0,Irregular,Irregular,1
179479794,64.0,LS,1.950174846113118,0.0350424035604414,0.0329508127774234,12.598169601435076,0.0244529731571674,Rndm,0.762,0.28,0.3561928721880075,0.97870016,0.38356793,Rndm,115190.0,Irregular,Irregular,1
179479794,64.0,LS,4.077638314600156,0.0378713756671453,0.0363849675223825,5.2841352349678345,0.0244529731571674,Rndm,0.6839999999999999,0.26,0.3317034072782491,0.8932388,0.36980748,Rndm,115191.0,Irregular,Irregular,1
179479794,64.0,LS,7.9154155518708915,0.0122545355066219,0.000973029265286,2.1334603240757133,0.0244529731571674,Rndm,0.5435000000000001,0.44,0.4070570967321414,1.0607495,0.35498434,ELL,115192.0,Irregular,Irregular,1
179479794,65.0,LS,0.3506864669808288,0.0157877084086193,0.0157826169213055,5.380328036804713,0.0262039899826049,Rndm,0.96,0.0,0.0117817485968764,0.00081495155,0.00016982073,Rndm,115193.0,Irregular,Irregular,1
179479794,65.0,LS,0.5118475271742243,0.0220882394044759,0.0218690492872538,4.413412342255469,0.0262039899826049,Rndm,0.96,0.0,0.0164438438328755,0.011429322,0.009375039,Rndm,115194.0,Irregular,Irregular,1
179479794,65.0,LS,0.5729322114871976,0.0181151746025783,0.0178392396940517,4.725035727733484,0.0262039899826049,Rndm,0.8069999999999999,0.22,0.3250973540341415,0.9916967,0.38591483,Rndm,115195.0,Irregular,Irregular,1
179479794,65.0,LS,0.6386354467494909,0.0221829957889475,0.0221427782160293,4.606611466504546,0.0262039899826049,Rndm,0.931,0.0,0.0560751495762606,0.12177899,0.093541965,Rndm,115196.0,Irregular,Irregular,1
179479794,65.0,LS,0.7327501441652053,0.012690172296483,0.0125650107076403,7.673927622614428,0.0262039899826049,Rndm,0.96,0.0,0.0341930753223514,0.051525865,0.062385313,Rndm,115197.0,Irregular,Irregular,1
179479794,65.0,LS,0.8437728932811458,0.0364245556345714,0.0362355834860277,4.612336502312246,0.0262039899826049,Rndm,0.9439987129987132,0.0,0.0227626563967267,0.03352814,0.007415498,Rndm,115198.0,Irregular,Irregular,1
179479794,65.0,LS,1.0236950543484489,0.0303254676986031,0.029270450103978,4.028140220638306,0.0262039899826049,Rndm,0.942,0.04,0.1702266176448789,0.42889187,0.22694415,Rndm,115199.0,Irregular,Irregular,1
179479794,65.0,LS,1.325928832298943,0.0799264683486696,0.0791834986269464,4.70495750246846,0.0262039899826049,Rndm,0.5469999999999999,0.38,0.3101096580243834,1.2216821,0.40183938,Rndm,115200.0,Irregular,Irregular,1
179479794,65.0,LS,1.933646213769292,0.0508855399864332,0.0493119077605649,5.197539902113931,0.0262039899826049,Rndm,0.85,0.02,0.1920760716493467,0.8894164,0.32361725,Rndm,115201.0,Irregular,Irregular,1
179479794,65.0,LS,2.4425004805506854,0.0474314858120827,0.0458694889103207,9.712087295760284,0.0262039899826049,Rndm,0.502,0.2,0.1927108486803487,0.8861891,0.36741054,Rndm,115202.0,Irregular,Irregular,1
179479794,65.0,LS,4.094780217393796,0.0678050557043428,0.0661639491174831,5.517942758939171,0.0262039899826049,Rndm,0.474,0.2,0.1963688620937647,1.3173414,0.35333377,Rndm,115203.0,Irregular,Irregular,1
179479794,65.0,LS,8.701407961961818,0.0281205611856771,0.0228352018095583,4.41501628597689,0.0262039899826049,Rndm,0.5365,0.36,0.293164726293695,1.0683266,0.25996944,ELL,115204.0,Irregular,Irregular,1
265683571,59.0,LS,1.4108319101234452,0.0400578182220412,0.0397842191828264,4.194627026980015,0.0985874608159065,Rndm,0.502,0.04,0.1206213845054018,0.42986673,0.18040666,Rndm,6664.0,Irregular,Irregular,1
265683571,59.0,LS,2.1405725532907445,0.0535654686210258,0.0500251440155243,5.425551670436107,0.0985874608159065,Rndm,0.848,0.0,0.145601010985501,0.66700286,0.28700423,Rndm,6665.0,Irregular,Irregular,1
265683571,59.0,LS,2.8216638202468904,0.0322033806656236,0.0234130036033567,4.967192949901801,0.0985874608159065,Rndm,0.787,0.0,0.2083356997716849,0.7120212,0.3038468,Rndm,6666.0,Irregular,Irregular,1
265683571,59.0,LS,5.912057528136343,0.3906934331808383,0.3732959434236673,5.552586836103728,0.0985874608159065,LPV,0.808,0.08,0.2102228950423811,0.5797999,0.24572523,LPV,6667.0,Irregular,Irregular,1
294697404,65.0,LS,0.5375499444681813,0.0112542493369735,0.0112359526900017,4.775313062786154,0.0450599379837513,Rndm,0.994,0.0,0.046834192637431,0.024342274,0.011045307,Rndm,129960.0,Irregular,Irregular,1
294697404,65.0,LS,0.5874490954314723,0.0198020083657289,0.0196963948497653,5.081547586301895,0.0450599379837513,Rndm,0.996,0.0,0.0409081703330764,0.017233998,0.008837213,Rndm,129961.0,Irregular,Irregular,1
294697404,65.0,LS,0.6858395843214726,0.0198389302936244,0.0188467476026472,5.629049948616739,0.0450599379837513,Rndm,0.996,0.0,0.0223777031886652,0.011400474,0.009623178,Rndm,129962.0,Irregular,Irregular,1
294697404,65.0,LS,0.7734746423181054,0.0292729185331059,0.0292505773024315,5.293831324481289,0.0450599379837513,Rndm,0.9369987129987132,0.1,0.2680911554296563,0.4757656,0.29948735,Rndm,129963.0,Irregular,Irregular,1
294697404,65.0,LS,0.9668433028976317,0.0393159376516484,0.039272888487914,7.806209603637399,0.0450599379837513,Rndm,0.935997425997426,0.06,0.221457253511567,0.5624934,0.28049916,Rndm,129964.0,Irregular,Irregular,1
294697404,65.0,LS,1.200219272562577,0.0797747758035735,0.0794784038734152,3.504433944512129,0.0450599379837513,Rndm,0.766,0.16,0.2796604772633148,0.9458814,0.3887802,Rndm,129965.0,Irregular,Irregular,1
294697404,65.0,LS,1.4206677103801937,0.0120229477700539,0.0115068879435242,3.4484502008126583,0.0450599379837513,Rndm,0.993997425997426,0.0,0.0186380773164395,0.0011533699,0.00035834263,Rndm,129966.0,Irregular,Irregular,1
294697404,65.0,LS,1.740317945215737,0.0110888432492759,0.0045579355877578,3.027647916376736,0.0450599379837513,Rndm,0.991997425997426,0.0,0.0253786440826618,0.00035495684,0.00015564593,Rndm,129967.0,Irregular,Irregular,1
294697404,65.0,LS,2.626895011646395,0.1020217078238244,0.1010291960127594,5.405363595858944,0.0450599379837513,Rndm,0.35,0.48,0.1927113688740463,1.3024439,0.36253178,CEP,129968.0,Irregular,Irregular,1
294697404,65.0,LS,4.640847853908631,0.1002755420956418,0.095642191024224,8.386019525114534,0.0450599379837513,Rndm,0.802,0.18,0.2779209245804712,0.836481,0.32450926,Rndm,129969.0,Irregular,Irregular,1
294697404,65.0,LS,11.602119634771574,0.1148129174616343,0.0651560210934173,2.843863402522402,0.0450599379837513,LPV,0.774,0.04,0.1991643180893605,0.91236013,0.41182846,LPV,129970.0,Irregular,Irregular,1
314137965,65.0,LS,1.76232550124473,0.0148740318254006,0.0131599917778159,3.2766073477832838,0.0717099430039525,Rndm,0.981997425997426,0.0,0.0993556301283654,0.30123797,0.22452605,Rndm,123882.0,Irregular,Irregular,1
314137965,65.0,LS,2.442521308742696,0.1689946768711026,0.1669531836977624,4.037556943148957,0.0717099430039525,Rndm,0.475,0.22,0.2241608164591909,0.8497709,0.36672458,Rndm,123883.0,Irregular,Irregular,1
314137965,65.0,LS,4.094815135245107,0.1602350366429357,0.1549091338896077,3.606874620771123,0.0717099430039525,Rndm,0.32,0.52,0.071266216400199,0.08387353,0.026802575,Rndm,123884.0,Irregular,Irregular,1
314137965,65.0,LS,10.709516507564125,0.2827326263781657,0.149727595351935,5.298235618214676,0.0717099430039525,LPV,0.862,0.0,0.1006692485320119,0.20176214,0.07068477,LPV,123885.0,Irregular,Irregular,1
316749170,65.0,LS,0.3712631019127125,0.0148027777207738,0.0147816817070767,4.385101801388373,0.0652690418064594,Rndm,0.939,0.02,0.1490248623552459,0.27888787,0.19371158,Rndm,82967.0,Irregular,Irregular,1
316749170,65.0,LS,0.4625370871005555,0.0132636801794407,0.0132248344583002,12.187780410011328,0.0652690418064594,Rndm,0.996,0.0,0.0521640148420771,0.07729786,0.04541071,Rndm,82968.0,Irregular,Irregular,1
316749170,65.0,LS,0.6357244895765626,0.0317884907202495,0.0316962362954998,5.396707132436859,0.0652690418064594,Rndm,0.509,0.38,0.3115577403949386,1.1009625,0.4386714,Rndm,82969.0,Irregular,Irregular,1
316749170,65.0,LS,0.7139675036782934,0.0129562435398037,0.012842806006895,9.32560457110958,0.0652690418064594,Rndm,0.999,0.0,0.0232311514996566,0.008925187,0.0050367024,Rndm,82970.0,Irregular,Irregular,1
316749170,65.0,LS,0.8189627248074541,0.0312223954881927,0.0303385617283663,3.379529508201813,0.0652690418064594,Rndm,0.978997425997426,0.0,0.0859569567629108,0.2977099,0.15655398,Rndm,82971.0,Irregular,Irregular,1
316749170,65.0,LS,0.9944547372661944,0.0758359488145842,0.075773918437583,6.002642835708684,0.0652690418064594,Rndm,0.426,0.38,0.2452878932083073,0.99112725,0.40266532,Rndm,82972.0,Irregular,Irregular,1
316749170,65.0,LS,1.131899700953392,0.0343654931445176,0.033754281375342,5.750456263351225,0.0652690418064594,Rndm,0.993997425997426,0.02,0.1231239812649302,0.12750866,0.14165545,Rndm,82973.0,Irregular,Irregular,1
316749170,65.0,LS,1.497028636744809,0.0652695973392078,0.0652005480110826,4.48991693746575,0.0652690418064594,Rndm,0.962,0.0,0.1609464018908544,0.58847,0.31762823,Rndm,82974.0,Irregular,Irregular,1
316749170,65.0,LS,2.077965122645779,0.01667457879029,0.0015978860496661,2.667868411932432,0.0652690418064594,Rndm,0.967998712998713,0.0,0.0780462357740092,0.26639694,0.1225099,Rndm,82975.0,Irregular,Irregular,1
316749170,65.0,LS,2.9004929836930664,0.0475951124525101,0.0472223379073561,4.741322710775421,0.0652690418064594,Rndm,0.595,0.22,0.2688005841574253,1.2565635,0.35983422,Rndm,82976.0,Irregular,Irregular,1
316749170,65.0,LS,4.6407887739089055,0.0163448664163893,0.0157130810398478,3.7920799869571056,0.0652690418064594,Rndm,0.373,0.52,0.423419632988363,0.9872455,0.3670778,ELL,82977.0,Irregular,Irregular,1
316749170,65.0,LS,9.281577547817813,0.1250842175469092,0.0175245414497759,2.267740572540788,0.0652690418064594,LPV,0.741,0.04,0.2205779354332613,0.7552686,0.383863,LPV,82978.0,Irregular,Irregular,1
316789972,64.0,LS,0.3636774216867301,0.0120927823279504,0.0120363372768592,4.226157254695863,0.0442343996837735,Rndm,0.959,0.02,0.1419565229216326,0.34376925,0.1728307,Rndm,113723.0,Irregular,Irregular,1
316789972,64.0,LS,0.4576892721907828,0.0100628685098936,0.0099182306587993,5.857581196458341,0.0442343996837735,Rndm,0.935,0.02,0.163403250885654,0.34206775,0.19611247,Rndm,113724.0,Irregular,Irregular,1
316789972,64.0,LS,0.5701722289156362,0.0265299191258299,0.0265004143618945,3.7467075648455648,0.0442343996837735,Rndm,0.651,0.2,0.2762842738919463,1.0630196,0.3809186,Rndm,113725.0,Irregular,Irregular,1
316789972,64.0,LS,0.6469261828081257,0.0161824653874585,0.0157519369166528,4.800074175156624,0.0442343996837735,Rndm,0.996,0.0,0.0308152949036675,0.008784176,0.0030085584,Rndm,113726.0,Irregular,Irregular,1
316789972,64.0,LS,0.7689179772805151,0.0203944463940771,0.0185119735658322,5.283890314003656,0.0442343996837735,Rndm,0.9499987129987132,0.04,0.1918190081384751,0.42125982,0.2528235,Rndm,113727.0,Irregular,Irregular,1
316789972,64.0,LS,0.8911301061198025,0.0321936614864096,0.02793058492622,4.61771545771262,0.0442343996837735,Rndm,0.925,0.08,0.2511572965294856,0.7779132,0.2945741,Rndm,113728.0,Irregular,Irregular,1
316789972,64.0,LS,1.0041839255529117,0.0258146941879431,0.0124348848411534,2.836778761487949,0.0442343996837735,Rndm,0.957997425997426,0.0,0.1035053226471266,0.3870322,0.19862165,Rndm,113729.0,Irregular,Irregular,1
316789972,64.0,LS,1.160005569173191,0.0621372672787601,0.0612910389158204,3.604474838743045,0.0442343996837735,Rndm,0.396,0.46,0.2409705575376377,1.035923,0.4051139,Rndm,113730.0,Irregular,Irregular,1
316789972,64.0,LS,1.4164278528851597,0.0738019498858695,0.0736816434089645,4.075598469982651,0.0442343996837735,Rndm,0.9,0.08,0.2269227814946063,0.8041818,0.2931168,Rndm,113731.0,Irregular,Irregular,1
316789972,64.0,LS,1.725136487488335,0.0316733279537538,0.0278780795093009,4.060372136285878,0.0442343996837735,Rndm,0.934,0.12,0.2597776252515594,0.74894416,0.3023938,Rndm,113732.0,Irregular,Irregular,1
316789972,64.0,LS,2.242677433734836,0.0852380076989923,0.0850743391871352,3.783458004589193,0.0442343996837735,Rndm,0.422,0.24,0.1780475543218721,0.9306396,0.3293546,Rndm,113733.0,Irregular,Irregular,1
316789972,64.0,LS,4.077595334063338,0.0244076284944062,0.0148727327939367,3.579826598495856,0.0442343996837735,Rndm,0.891,0.0,0.144668576922476,0.5858105,0.17961717,Rndm,113734.0,Irregular,Irregular,1
316789972,64.0,LS,8.970709734939344,0.1486445689384748,0.1412705344054816,4.5569594475055055,0.0442343996837735,LPV,0.549,0.04,0.2096413852272494,0.9016527,0.35141394,LPV,113735.0,Irregular,Irregular,1
323082858,38.0,LS,0.8036323754196968,0.0140127785491201,0.0132428244852345,4.103015885275454,0.0455975765362381,Rndm,0.988998712998713,0.0,0.0174557901845065,0.04688629,0.014804463,Rndm,93619.0,Irregular,Irregular,1
323082858,38.0,LS,0.8390124171048406,0.0395350308004194,0.0392635887574622,3.831306880183547,0.0455975765362381,Rndm,0.823,0.0,0.1473018169454938,0.71822774,0.29693502,Rndm,93620.0,Irregular,Irregular,1
323082858,38.0,LS,0.9666882197077512,0.0138344509762433,0.0104972741187374,2.8282963997262414,0.0455975765362381,Rndm,0.823,0.0,0.1675214590645919,0.6827626,0.32378486,Rndm,93621.0,Irregular,Irregular,1
323082858,38.0,LS,1.0183433154173258,0.0246372015514455,0.0083732453289913,2.326567681280721,0.0455975765362381,Rndm,0.585,0.2,0.2367415333227357,0.95631534,0.32112402,Rndm,93622.0,Irregular,Irregular,1
323082858,38.0,LS,1.0587537644418228,0.0253210970173931,0.0248427810723032,9.491604914652273,0.0455975765362381,Rndm,0.518,0.32,0.2413173843717024,1.134717,0.34063584,Rndm,93623.0,Irregular,Irregular,1
323082858,38.0,LS,1.2585186256572611,0.0201247194109027,0.0197603130778949,4.670209302121293,0.0455975765362381,Rndm,0.395,0.48,0.2025277264968922,0.7327634,0.29366305,CEP,93624.0,Irregular,Irregular,1
323082858,38.0,LS,1.569446756701996,0.0210027520500922,0.0186062933653055,4.347813491262059,0.0455975765362381,Rndm,0.667,0.1,0.2128902214757643,0.86196166,0.3179643,Rndm,93625.0,Irregular,Irregular,1
323082858,38.0,LS,1.8274380043790368,0.0451794565738551,0.027966603639118,2.798258063459798,0.0455975765362381,Rndm,0.886,0.02,0.1466678001471352,0.44554818,0.16992904,Rndm,93626.0,Irregular,Irregular,1
323082858,38.0,LS,2.021257186661661,0.135871287045584,0.1342613486730291,4.383597282667324,0.0455975765362381,Rndm,0.382,0.22,0.1932761795980042,0.79004997,0.29745513,Rndm,93627.0,Irregular,Irregular,1
323082858,38.0,LS,2.340403058239819,0.0508314184549977,0.0202782275054585,4.490091864110582,0.0455975765362381,Rndm,0.777,0.08,0.2117825450786726,0.86335206,0.26371804,Rndm,93628.0,Irregular,Irregular,1
323082858,38.0,LS,2.668059486393393,0.0462505404420929,0.026754743004426,2.951106287649964,0.0455975765362381,Rndm,0.787,0.02,0.1895339117033855,0.7761405,0.29789114,Rndm,93629.0,Irregular,Irregular,1
323082858,38.0,LS,3.1762612933254686,0.1225033234938527,0.1168713482769938,4.961399257968878,0.0455975765362381,Rndm,0.671,0.4,0.3736904221411087,0.96853566,0.33308455,ELL,93630.0,Irregular,Irregular,1
323082858,38.0,LS,4.4467658106556565,0.1591949831901779,0.1435716657619274,3.885058557258162,0.0455975765362381,Rndm,0.469,0.48,0.3553980917225077,1.1355071,0.34201026,ELL,93631.0,Irregular,Irregular,1
323082858,38.0,LS,7.847233783509983,0.1071364457839252,0.0783887600414695,4.232697698123957,0.0455975765362381,Rndm,0.262,0.6,0.2685192849685102,1.5223376,0.2910538,LPV,93632.0,Irregular,Irregular,1
323082858,65.0,LS,0.886776673805479,0.0209744652787757,0.0209361516701664,5.180278936488321,0.0502014672383666,Rndm,0.978998712998713,0.0,0.1091552207556641,0.28146377,0.18137155,Rndm,93633.0,Irregular,Irregular,1
323082858,65.0,LS,1.160199481562168,0.0318623516338586,0.0306011386067051,5.019002282562724,0.0502014672383666,Rndm,0.476,0.22,0.1723644325259709,0.70488244,0.24761696,Rndm,93634.0,Irregular,Irregular,1
323082858,65.0,LS,1.4352983277057751,0.0252741564825351,0.015807736075992,3.705473963993427,0.0502014672383666,Rndm,0.481,0.28,0.1893940696009249,0.75153863,0.29886878,Rndm,93635.0,Irregular,Irregular,1
323082858,65.0,LS,1.7849222793264128,0.0426655315404895,0.0416745370201226,3.912351833660068,0.0502014672383666,Rndm,0.977,0.02,0.1351819148156461,0.35420084,0.17890859,Rndm,93636.0,Irregular,Irregular,1
323082858,65.0,LS,2.729881133087455,0.1127759701740816,0.112533953021939,4.349796245500329,0.0502014672383666,Rndm,0.61,0.08,0.1709629246357233,0.95537394,0.28268772,Rndm,93637.0,Irregular,Irregular,1
323082858,65.0,LS,8.701496111716265,0.335043812317394,0.3261239360154487,5.322489612801292,0.0502014672383666,LPV,0.921,0.0,0.1902555796816482,0.6254006,0.3463832,LPV,93638.0,Irregular,Irregular,1
324113376,10.0,LS,4.125064001347934,0.0354334481646004,0.0352288218229097,3.572531563077064,0.0018571528198663,Rndm,0.554,0.18,0.1898624175554498,0.69134504,0.33251727,Rndm,121324.0,Irregular,Irregular,1
324113376,10.0,LS,8.250128002695872,0.0304223681558969,0.0301390154039388,2.9463865824986897,0.0018571528198663,Rndm,0.508,0.32,0.1719827898366577,0.69263816,0.39705443,Rndm,121325.0,Irregular,Irregular,1
324113376,11.0,LS,2.74386766683966,0.0523061406181628,0.0488519162908949,3.719511213890655,0.0010192991612711,Rndm,0.504,0.22,0.1111900427196608,0.14015438,0.03175578,CEP,121326.0,Irregular,Irregular,1
324113376,11.0,LS,3.749952478014203,0.0370887270631393,0.0328605698545622,2.7895167799902083,0.0010192991612711,Rndm,0.451,0.08,0.1059244183368499,0.27715892,0.102224894,Rndm,121327.0,Irregular,Irregular,1
324113376,11.0,LS,4.687440597517753,0.1399046558666229,0.135678871983559,3.816381550827828,0.0010192991612711,Rndm,0.397,0.16,0.0645402695996848,0.22463234,0.077586226,LPV,121328.0,Irregular,Irregular,1
324113376,11.0,LS,6.617563196495653,0.0784510227952728,0.0674465040565047,3.044830973565695,0.0010192991612711,LPV,0.926,0.0,0.038333296231866,0.13879953,0.027079629,LPV,121329.0,Irregular,Irregular,1
324113376,11.0,ACF,0.1249983864204296,0.3427191862407926,0.0376761793385245,2.0144140181882784,0.0010192991612711,Rndm,0.974,0.0,0.0122311078811365,0.08426821,0.0185542,Rndm,121330.0,Irregular,Irregular,1
324113376,11.0,ACF,0.2499967728408592,0.3390884394530519,0.062775725310443,1.4528609282011118,0.0010192991612711,Rndm,0.958,0.0,0.0273232501727008,0.05877676,0.020507284,Rndm,121331.0,Irregular,Irregular,1
324113376,11.0,ACF,0.312495966051074,0.3267387602367576,0.0180203846275042,1.114480495671108,0.0010192991612711,Rndm,0.96,0.0,0.0261485295953711,0.07689836,0.03544574,Rndm,121332.0,Irregular,Irregular,1
324113376,11.0,ACF,0.5208266100851233,0.2771314865965617,0.0290017609774729,1.9219514951625063,0.0010192991612711,Rndm,0.884,0.0,0.0518472217192011,0.41877607,0.10805633,Rndm,121333.0,Irregular,Irregular,1
324113376,11.0,ACF,0.5624927388919332,0.2817529466804508,0.0757373816849639,6.975414784706647,0.0010192991612711,Rndm,0.956,0.0,0.0137204081571941,0.04131078,0.008225629,Rndm,121334.0,Irregular,Irregular,1
324113376,37.0,LS,0.282198218994095,0.0118939208026442,0.0118898737320247,3.747249860000011,0.0018130916578229,Rndm,0.952,0.0,0.0451118609680425,0.16284241,0.0915592,Rndm,121335.0,Irregular,Irregular,1
324113376,37.0,LS,2.298632765624628,0.0155039687891572,0.0152867345257682,3.736966455095171,0.0018130916578229,Rndm,0.948,0.0,0.0203788366358082,0.07178552,0.02684759,Rndm,121336.0,Irregular,Irregular,1
324113376,37.0,LS,3.2416615925475525,0.0149995948551041,0.0129992439607266,4.428164679433394,0.0018130916578229,Rndm,0.927,0.02,0.1022340285028113,0.22662434,0.123972245,Rndm,121337.0,Irregular,Irregular,1
324113376,37.0,LS,3.831054609374379,0.0157547483097145,0.0087739428523115,2.671897824659027,0.0018130916578229,Rndm,0.932,0.02,0.0993575291488967,0.28094402,0.15669875,Rndm,121338.0,Irregular,Irregular,1
324113376,37.0,LS,4.682400078124242,0.0176545307771423,0.0172823740408355,4.058640714521971,0.0018130916578229,Rndm,0.905,0.04,0.1695556757423621,0.37821543,0.17621914,Rndm,121339.0,Irregular,Irregular,1
324113376,37.0,ACF,0.0625004917933438,0.1263242384546109,0.0281824454331106,2.3607012250389445,0.0018130916578229,Rndm,0.974,0.0,0.0026999259249097,0.010237888,0.004102861,Rndm,121340.0,Irregular,Irregular,1
324113376,37.0,ACF,0.1458344808511356,0.0864686941050613,0.0333631574110217,3.191970190227384,0.0018130916578229,Rndm,0.974,0.0,0.0030199337741083,0.013792058,0.0027809327,Rndm,121341.0,Irregular,Irregular,1
324113376,37.0,ACF,0.1944459744681808,0.0652808246022325,0.0122391806462357,2.7627329060446613,0.0018130916578229,Rndm,0.963,0.0,0.025606280479601,0.025705526,0.013913187,Rndm,121342.0,Irregular,Irregular,1
324113376,37.0,ACF,0.243057468085226,0.0996875310536713,0.0339917654446781,1.871665456942072,0.0018130916578229,Rndm,0.956,0.0,0.0118796632948917,0.04036518,0.01949062,Rndm,121343.0,Irregular,Irregular,1
324113376,37.0,ACF,0.2708354644378232,0.0924743283524401,0.0142115193676763,1.8043743026537984,0.0018130916578229,Rndm,0.956,0.0,0.0214675941828608,0.071378015,0.023852708,Rndm,121344.0,Irregular,Irregular,1
324113376,37.0,ACF,0.2916689617022712,0.1034306869713284,0.058922501610476,7.337095702070542,0.0018130916578229,Rndm,0.958,0.0,0.0071021123618258,0.013693639,0.00450116,Rndm,121345.0,Irregular,Irregular,1
324113376,37.0,ACF,0.3402804553193164,0.0970085439507011,0.0435981917329496,1.4946856273062608,0.0018130916578229,Rndm,0.954,0.0,0.008710912696153,0.003948984,0.0008296159,Rndm,121346.0,Irregular,Irregular,1
324113376,37.0,ACF,0.3680584516719136,0.0693824559393707,0.0298246935128564,1.491454976447983,0.0018130916578229,Rndm,0.957,0.0,0.0057388500590275,0.0046089934,0.0010756248,Rndm,121347.0,Irregular,Irregular,1
324113376,37.0,ACF,0.5069484334348999,0.0705226013030599,0.0498312054464801,3.758830141893924,0.0018130916578229,Rndm,0.956,0.0,0.0120799999999999,0.050249223,0.030122777,Rndm,121348.0,Irregular,Irregular,1
324113376,38.0,LS,4.7643058540591365,0.0255101134037236,0.0184602977302561,5.642199586018251,0.0018220074707642,Rndm,0.757,0.28,0.2903818498793184,0.9034675,0.40177009,Rndm,121349.0,Irregular,Irregular,1
324113376,38.0,LS,6.67002819568279,0.014919211232569,0.0059532096668439,3.4565407597510784,0.0018220074707642,Rndm,0.738,0.2,0.2535331215193814,0.8661519,0.31668526,Rndm,121350.0,Irregular,Irregular,1
324113376,38.0,LS,11.116713659471316,0.0143683098249259,0.0053133283892417,2.931661967675609,0.0018220074707642,Rndm,0.783,0.2,0.268379078171157,0.5630257,0.2829842,Rndm,121351.0,Irregular,Irregular,1
324113376,38.0,ACF,0.097220431869573,0.0955201392026146,0.0213278568621916,2.7257290980960303,0.0018220074707642,Rndm,0.974,0.0,0.0103014562077407,0.0019913127,0.0007888943,Rndm,121352.0,Irregular,Irregular,1
324113376,38.0,ACF,0.1249976981180225,0.10796420721314,0.0353704333293825,2.785129680743461,0.0018220074707642,Rndm,0.972,0.0,0.0091637546889907,0.0013312293,0.00028786078,Rndm,121353.0,Irregular,Irregular,1
324113376,38.0,ACF,0.1597192809285843,0.0999864327589357,0.0260367595403776,1.756092631690855,0.0018220074707642,Rndm,0.972,0.0,0.0104326410845959,0.0035877647,0.0011771801,Rndm,121354.0,Irregular,Irregular,1
324113376,38.0,ACF,0.1874965471770338,0.1140600107403526,0.0469805627637786,1.621567674279909,0.0018220074707642,Rndm,0.972,0.0,0.013478516238815,0.0009357418,0.00019626465,Rndm,121355.0,Irregular,Irregular,1
324113376,38.0,ACF,0.2222181299875956,0.0968006677639018,0.022119567215745,2.16179115528503,0.0018220074707642,Rndm,0.96,0.0,0.0147816643176605,0.0012260001,0.00039500374,Rndm,121356.0,Irregular,Irregular,1
324113376,38.0,ACF,0.2708283459223821,0.1185397537559531,0.0681792533371554,4.802248973749279,0.0018220074707642,Rndm,0.96,0.0,0.0129373258442384,0.0022401232,0.0009356275,Rndm,121357.0,Irregular,Irregular,1
324113376,38.0,ACF,0.2847169790466068,0.1016593747928845,0.0160639066489996,2.768341072474044,0.0018220074707642,Rndm,0.956,0.0,0.0165456943039571,0.013914698,0.005851707,Rndm,121358.0,Irregular,Irregular,1
324113376,38.0,ACF,0.3124942452950563,0.1046748153569792,0.0235689996440961,1.020207146644097,0.0018220074707642,Rndm,0.956,0.0,0.0178896618190506,0.0108836265,0.006243391,Rndm,121359.0,Irregular,Irregular,1
324113376,38.0,ACF,0.402770360602517,0.0778483075254174,0.0221760303967268,2.456313450456328,0.0018220074707642,Rndm,0.96,0.0,0.0075417769789353,0.003381952,0.0018910283,Rndm,121360.0,Irregular,Irregular,1
324113376,38.0,ACF,0.4444362599751912,0.0884653584606681,0.0491656110779065,1.874184161690266,0.0018220074707642,Rndm,0.957,0.0,0.0319685095054492,0.0409318,0.022772621,Rndm,121361.0,Irregular,Irregular,1
324113376,38.0,ACF,0.4861021593478654,0.0898777154791043,0.0529979874827284,2.119456614268316,0.0018220074707642,Rndm,0.96,0.0,0.0155651405390378,0.0037028154,0.001472995,Rndm,121362.0,Irregular,Irregular,1
324113376,38.0,ACF,0.5069351090342025,0.0761392352271592,0.0033090779053711,1.3287335768484922,0.0018220074707642,Rndm,0.954,0.0,0.0270496136756146,0.03795628,0.024247464,Rndm,121363.0,Irregular,Irregular,1
324113376,38.0,ACF,0.5347123752826519,0.0865164557555416,0.0335314434913195,5.069084379894093,0.0018220074707642,Rndm,0.96,0.0,0.0074119902860162,0.00093893363,0.000393747,Rndm,121364.0,Irregular,Irregular,1
324113376,38.0,ACF,0.555545324968989,0.0813290384332285,0.0196173237286662,3.503745789564391,0.0018220074707642,Rndm,0.96,0.0,0.0125255578718075,0.005695077,0.0020808566,Rndm,121365.0,Irregular,Irregular,1
324113376,38.0,ACF,0.6041555409037755,0.0783093212864406,0.0126939244231943,1.3724772141891748,0.0018220074707642,Rndm,0.96,0.0,0.0126989133393373,0.0011738498,0.00035553155,Rndm,121366.0,Irregular,Irregular,1
324113376,38.0,ACF,0.631932807152225,0.081202438535757,0.0605297382748046,2.4734757119395425,0.0018220074707642,Rndm,0.956,0.0,0.0162846676355398,0.0057086106,0.0017084932,Rndm,121367.0,Irregular,Irregular,1
324113376,64.0,ACF,0.0185186423259438,0.0535154177546116,0.0136941291376485,2.5711221857837048,0.0032530006137676,Rndm,0.974,0.0,0.006676046734408,0.0039216997,0.0009003145,Rndm,121368.0,Irregular,Irregular,1
324113376,64.0,ACF,0.0277779634889157,0.0545002086615554,0.0167098791476894,1.2921565598147655,0.0032530006137676,Rndm,0.974,0.0,0.0047767771562006,0.005571556,0.0014834268,Rndm,121369.0,Irregular,Irregular,1
324113376,64.0,ACF,0.0416669452333735,0.0525941529982498,0.0181125350187215,5.366617014213553,0.0032530006137676,Rndm,0.974,0.0,0.0073294050084422,0.007295246,0.0030363982,Rndm,121370.0,Irregular,Irregular,1
324113376,64.0,ACF,0.0578707572685743,0.0460711924316478,0.008390482986028,1.8086355266377296,0.0032530006137676,Rndm,0.971,0.0,0.0143703645666273,0.0014878307,0.00053509104,Rndm,121371.0,Irregular,Irregular,1
324113376,64.0,ACF,0.0787042298852611,0.0371834783143945,0.0223821005819144,2.8608959037529686,0.0032530006137676,Rndm,0.944,0.0,0.0143437233659883,0.0143778175,0.010685555,Rndm,121372.0,Irregular,Irregular,1
324113376,64.0,ACF,0.0995377025019479,0.0324258947247977,0.0240904149355997,1.142351872556752,0.0032530006137676,Rndm,0.944,0.0,0.017518173420765,0.0007296823,0.00027694984,Rndm,121373.0,Irregular,Irregular,1
324113376,64.0,ACF,0.1296304962816066,0.0329299942038142,0.0253696527074542,2.9166160747672976,0.0032530006137676,Rndm,0.942,0.0,0.0148307248642808,0.0019806721,0.00071450183,Rndm,121374.0,Irregular,Irregular,1
324113376,64.0,ACF,0.2523165016909843,0.0362295380693111,0.0415480116764506,2.465409034123724,0.0032530006137676,Rndm,0.958,0.0,0.0186971227733038,0.001996582,0.00048081626,Rndm,121375.0,Irregular,Irregular,1
324113376,64.0,ACF,0.2986131075058438,0.031228711538192,0.0312046308273468,1.7291299166947596,0.0032530006137676,Rndm,0.96,0.0,0.0093198378622043,0.000978443,0.00030157997,Rndm,121376.0,Irregular,Irregular,1
324113376,64.0,ACF,0.3078724286688157,0.0342565641197866,0.0342765089138883,2.053198935622845,0.0032530006137676,Rndm,0.96,0.0,0.0159867945505032,0.0009327367,0.0003459116,Rndm,121377.0,Irregular,Irregular,1
324113376,64.0,ACF,0.5671334212320289,0.0323381650446448,0.0348145046279004,4.603608719650566,0.0032530006137676,Rndm,0.958,0.0,0.0108125112716704,0.0093753245,0.0057086213,Rndm,121378.0,Irregular,Irregular,1
324113376,64.0,ACF,0.6041707058839165,0.036110342481954,0.0453199086558564,3.368611880321282,0.0032530006137676,Rndm,0.96,0.0,0.0097057508725497,0.0039477833,0.0025016288,Rndm,121379.0,Irregular,Irregular,1
325598370,65.0,LS,0.3702773628065842,0.0246881190152703,0.0246865401318221,4.446903399126313,0.1892421022057533,Rndm,0.977,0.0,0.0957439000667927,0.41649097,0.2146854,Rndm,88594.0,Irregular,Irregular,1
325598370,65.0,LS,0.4155948907918677,0.0183086047989813,0.0181729794336272,10.776825689259567,0.1892421022057533,Rndm,0.815,0.0,0.1693870786099104,0.6980629,0.3334943,Rndm,88595.0,Irregular,Irregular,1
325598370,65.0,LS,0.6299741557252293,0.0528385844489125,0.0527796733664343,3.93800422710774,0.1892421022057533,Rndm,0.901,0.0,0.1090896805385367,0.6371167,0.30019733,Rndm,88596.0,Irregular,Irregular,1
325598370,65.0,LS,0.7067222762196735,0.0183944394517065,0.0177952707547525,4.226238250263123,0.1892421022057533,Rndm,0.601,0.02,0.1238850370303048,0.20173684,0.07306631,Rndm,88597.0,Irregular,Irregular,1
325598370,65.0,LS,0.8336783737441658,0.1122422105839683,0.1122406581947021,13.585247191145754,0.1892421022057533,Rndm,0.414,0.14,0.1186941009486149,0.2603981,0.17049335,Rndm,88598.0,Irregular,Irregular,1
325598370,65.0,LS,0.9804527353188428,0.0749971584847921,0.0415299550851343,5.1024976943735965,0.1892421022057533,Rndm,0.422,0.42,0.1741081457026063,0.33070078,0.15153167,Rndm,88599.0,Irregular,Irregular,1
325598370,65.0,LS,8.18966402442798,0.0780528720508013,0.0625499359835713,6.667981364251318,0.1892421022057533,LPV,0.871,0.02,0.1105342372299189,0.12580827,0.047479838,LPV,88600.0,Irregular,Irregular,1
325598370,65.0,ACF,0.8148159117699834,0.6050083808247373,0.8393903363905815,154.87623593902237,0.1892421022057533,Rndm,0.492,0.0,0.0443752002812381,0.014587581,0.0072256955,Rndm,88601.0,Irregular,Irregular,1
328063994,11.0,LS,2.678596412401308,0.0416346451672416,0.0414967378624573,4.803121495365758,0.0220451480709016,Rndm,0.436,0.38,0.1757715608396307,0.1651861,0.034772996,CEP,91816.0,Irregular,Irregular,1
328063994,11.0,LS,4.8913499704719525,0.3502676640263961,0.346050160864671,4.015841358786474,0.0220451480709016,Rndm,0.306,0.58,0.1529860438079238,1.2912475,0.3415711,CEP,91817.0,Irregular,Irregular,1
328063994,11.0,LS,7.50006995472366,0.5430490672766781,0.5407316234858981,4.545087465535289,0.0220451480709016,LPV,0.745,0.12,0.2295875118555014,0.794959,0.24920638,LPV,91818.0,Irregular,Irregular,1
328063994,38.0,LS,1.0845800380572872,0.010527642924516,0.0101675848746915,4.006444823842685,0.0055158551549538,Rndm,0.882,0.02,0.178463325083895,0.66025996,0.24780692,Rndm,91819.0,Irregular,Irregular,1
328063994,38.0,LS,1.2127576789186028,0.0199814046324473,0.0197553865669204,4.085428867736482,0.0055158551549538,Rndm,0.692,0.24,0.3107070491636776,1.2450796,0.37193024,Rndm,91820.0,Irregular,Irregular,1
328063994,38.0,LS,1.5881350557267415,0.0189337570056966,0.0186728493884349,3.994897687354751,0.0055158551549538,Rndm,0.692,0.24,0.2990829632281129,1.212373,0.36338186,Rndm,91821.0,Irregular,Irregular,1
328063994,38.0,LS,1.8528242316811987,0.0233031123326531,0.0229302959615573,3.3833723039151664,0.0055158551549538,Rndm,0.79,0.16,0.2632082945967535,0.9658312,0.31815845,Rndm,91822.0,Irregular,Irregular,1
328063994,38.0,LS,2.1869400767384644,0.0385012425660876,0.0370539647213588,3.850060379989373,0.0055158551549538,Rndm,0.145,0.8,0.1465020464020895,1.420361,0.36565685,E,91823.0,Irregular,Irregular,1
328063994,38.0,LS,2.900072710457529,0.0406903896293451,0.0400173797477748,7.423139328036996,0.0055158551549538,Rndm,0.527,0.34,0.2865957124592062,1.3268597,0.34983084,Rndm,91824.0,Irregular,Irregular,1
328063994,38.0,LS,3.510614333711745,0.0356189401154421,0.0322449692633583,3.149072484080534,0.0055158551549538,Rndm,0.481,0.42,0.300774699068921,1.4511807,0.3401218,Rndm,91825.0,Irregular,Irregular,1
328063994,38.0,LS,4.303333699388591,0.0481192223574775,0.0448539580357792,3.3267753779564373,0.0055158551549538,Rndm,0.322,0.52,0.1348202002668739,0.925547,0.39983997,E,91826.0,Irregular,Irregular,1
328063994,38.0,LS,5.336133787241852,0.0732678176591213,0.0683797967215323,3.283091828345277,0.0055158551549538,Rndm,0.28,0.62,0.1986492144459675,1.0333526,0.3716654,LPV,91827.0,Irregular,Irregular,1
328063994,38.0,LS,7.411296926724795,0.0686563675491085,0.0615455932248161,3.450511162114708,0.0055158551549538,Rndm,0.268,0.66,0.1431996871504962,1.1719766,0.3715197,E,91828.0,Irregular,Irregular,1
328063994,38.0,LS,12.127576789186026,0.0653609068225507,0.0167068109838552,1.7302036294458958,0.0055158551549538,Rndm,0.6605,0.44,0.4020053357854843,1.0989451,0.38321757,ELL,91829.0,Irregular,Irregular,1
328063994,38.0,ACF,0.2222225109435385,0.2832987867417166,0.0090182292623813,1.141076324634145,0.0055158551549538,Rndm,0.945,0.02,0.1095283141475298,0.1221985,0.09607065,Rndm,91830.0,Irregular,Irregular,1
328063994,38.0,ACF,0.2847225921464087,0.2702548551519231,0.0147504651156232,2.429883618768578,0.0055158551549538,Rndm,0.91,0.0,0.11139648827499,0.38141146,0.14753252,Rndm,91831.0,Irregular,Irregular,1
328063994,38.0,ACF,0.3472226733492789,0.2334923742006092,0.0130143120233668,1.5053181586526918,0.0055158551549538,Rndm,0.926,0.04,0.1592398191408166,0.5143599,0.19788544,Rndm,91832.0,Irregular,Irregular,1
328063994,38.0,ACF,0.3958338476181779,0.2099921357428814,0.0069803060162803,2.670457860043655,0.0055158551549538,Rndm,0.938,0.0,0.0694829936027514,0.07972767,0.0654592,Rndm,91833.0,Irregular,Irregular,1
328063994,38.0,ACF,0.4583339288210482,0.2119926816355391,0.0139851692396835,1.136459449426873,0.0055158551549538,Rndm,0.93,0.0,0.0566428954062201,0.17414276,0.08167031,Rndm,91834.0,Irregular,Irregular,1
328063994,38.0,ACF,0.527778463490904,0.2079317407304075,0.0230947640644464,3.363390389113292,0.0055158551549538,Rndm,0.931,0.02,0.1137632910916346,0.27889466,0.12119372,Rndm,91835.0,Irregular,Irregular,1
328063994,65.0,LS,1.4206561947428649,0.0106620636005263,0.01052353446459,6.156207607844408,0.0072597275720909,Rndm,0.9419987129987132,0.0,0.0287727796717143,0.037391588,0.017600203,Rndm,91980.0,Irregular,Irregular,1
328063994,65.0,LS,1.85632409446401,0.0178697229972953,0.0178215073155032,3.724096965910576,0.0072597275720909,Rndm,0.946998712998713,0.04,0.1761137847690718,0.18887307,0.16406117,Rndm,91981.0,Irregular,Irregular,1
328063994,65.0,LS,2.578227908977792,0.0490460264606588,0.0490023146900715,4.431529735124059,0.0072597275720909,Rndm,0.869,0.26,0.3584160838553538,0.75974935,0.3831013,Rndm,91982.0,Irregular,Irregular,1
328063994,65.0,LS,4.491106680154863,0.045892420267885,0.0453226268985587,6.146745039710368,0.0072597275720909,Rndm,0.701,0.22,0.3009962706366831,1.00511,0.3544519,Rndm,91983.0,Irregular,Irregular,1
328063994,65.0,LS,10.709562083446214,0.0430562986137428,0.0360201832425553,3.9717469764764246,0.0072597275720909,Rndm,0.3075,0.54,0.4179828345757753,0.9107852,0.39501727,ELL,91984.0,Irregular,Irregular,1
328063994,65.0,ACF,0.0462963679274253,0.3118006139458546,0.0161149749305221,1.7701134482947791,0.0072597275720909,Rndm,0.972,0.0,0.0138229374591654,0.000458033,9.04969e-05,Rndm,91985.0,Irregular,Irregular,1
328063994,65.0,ACF,0.0717593702875092,0.2791641381140409,0.0135925784606204,3.882077989989323,0.0072597275720909,Rndm,0.94,0.0,0.0147946476808337,0.015069945,0.0087658465,Rndm,91986.0,Irregular,Irregular,1
328063994,65.0,ACF,0.087963099062108,0.2589957906673494,0.0079986097104733,1.112438312491406,0.0072597275720909,Rndm,0.941,0.0,0.0226668392150295,0.03979791,0.04460577,Rndm,91987.0,Irregular,Irregular,1
328063994,65.0,ACF,0.1111112830258207,0.239511801771134,0.0135452173007524,3.003540311445484,0.0072597275720909,Rndm,0.944,0.0,0.0170985379491931,0.0047708256,0.0014486812,Rndm,91988.0,Irregular,Irregular,1
328063994,65.0,ACF,0.1250001934040483,0.2323987628523112,0.0053021664518925,1.7996243278830375,0.0072597275720909,Rndm,0.94,0.0,0.0141181301878116,0.015537435,0.012460706,Rndm,91989.0,Irregular,Irregular,1
328063994,65.0,ACF,0.1342594669895334,0.2252426906094553,0.0046662703568634,1.1025353128727389,0.0072597275720909,Rndm,0.94,0.0,0.0230867927612303,0.020923449,0.0119999945,Rndm,91990.0,Irregular,Irregular,1
328063994,65.0,ACF,0.1435187405750184,0.2227740136812183,0.0067809675125086,3.124058541304123,0.0072597275720909,Rndm,0.942,0.0,0.0114122740941496,0.001637452,0.0005357503,Rndm,91991.0,Irregular,Irregular,1
328063994,65.0,ACF,0.1597224693496173,0.2243533435489771,0.0214109176763514,1.3140825881824014,0.0072597275720909,Rndm,0.938,0.0,0.0244633930598353,0.04894121,0.048958015,Rndm,91992.0,Irregular,Irregular,1
328063994,65.0,ACF,0.1712965613314736,0.208880692022928,0.0044278998790296,3.521976029482815,0.0072597275720909,Rndm,0.938,0.0,0.0163369030112809,0.028280064,0.025839334,Rndm,91993.0,Irregular,Irregular,1
328063994,65.0,ACF,0.1944447452951863,0.1926365442758613,0.0053501167339005,1.040979219096826,0.0072597275720909,Rndm,0.936,0.0,0.019233969949025,0.0077041853,0.0024356835,Rndm,91994.0,Irregular,Irregular,1
328063994,65.0,ACF,0.226852202844384,0.1746152637495699,0.0094250634704923,1.8610007356009248,0.0072597275720909,Rndm,0.954,0.04,0.1494555786847717,0.13078485,0.13461472,Rndm,91995.0,Irregular,Irregular,1
328063994,65.0,ACF,0.2337966580334978,0.1752974314514481,0.0125305288169455,1.5665798420304782,0.0072597275720909,Rndm,0.958,0.0,0.0100942756055102,0.0011257194,0.00023760983,Rndm,91996.0,Irregular,Irregular,1
328063994,65.0,ACF,0.2430559316189828,0.1690345286072268,0.0041543667504912,1.2673238633603034,0.0072597275720909,Rndm,0.958,0.0,0.0132845775243324,0.008632571,0.004831521,Rndm,91997.0,Irregular,Irregular,1
328063994,65.0,ACF,0.2523152052044679,0.1632687826134273,0.0062202696739169,2.049229478662781,0.0072597275720909,Rndm,0.956,0.0,0.0126908470954463,0.0034116858,0.0009935306,Rndm,91998.0,Irregular,Irregular,1
328063994,65.0,ACF,0.2592596603935817,0.1658418174221368,0.0126976875059496,1.5029087047034864,0.0072597275720909,Rndm,0.954,0.0,0.0170082333003754,0.014348151,0.0049217055,Rndm,91999.0,Irregular,Irregular,1
328063994,65.0,ACF,0.2662041155826955,0.1581201611939216,0.0098168086026195,1.0449361128694648,0.0072597275720909,Rndm,0.957,0.0,0.0118575545539541,0.0056276717,0.0019276703,Rndm,92000.0,Irregular,Irregular,1
328063994,65.0,ACF,0.2824078443572944,0.1457906695388444,0.0100769647029834,1.3159235845171082,0.0072597275720909,Rndm,0.956,0.02,0.1306160235193217,0.09927497,0.12651469,Rndm,92001.0,Irregular,Irregular,1
328063994,65.0,ACF,0.2939819363391507,0.1370622332008531,0.0083279890223532,1.140245672366035,0.0072597275720909,Rndm,0.955,0.02,0.0871169903061394,0.07211566,0.087820835,Rndm,92002.0,Irregular,Irregular,1
328063994,65.0,ACF,0.3009263915282645,0.1367473571044016,0.0059982743551057,2.728031086019968,0.0072597275720909,Rndm,0.958,0.0,0.0231402333609667,0.026658366,0.023775922,Rndm,92003.0,Irregular,Irregular,1
328063994,65.0,ACF,0.3101856651137495,0.1432977651247317,0.0166316206221926,5.117294521497371,0.0072597275720909,Rndm,0.958,0.0,0.0711796853041652,0.05790122,0.05624953,Rndm,92004.0,Irregular,Irregular,1
328063994,65.0,ACF,0.3449079410593185,0.1195192633502241,0.0105744866430607,1.6040459392846742,0.0072597275720909,Rndm,0.954,0.02,0.1231219817904179,0.14210331,0.11011496,Rndm,92005.0,Irregular,Irregular,1
328063994,65.0,ACF,0.3541672146448036,0.1269896156946323,0.0177533146541031,1.3241050047307112,0.0072597275720909,Rndm,0.959,0.0,0.0246836878209971,0.030944329,0.033381987,Rndm,92006.0,Irregular,Irregular,1
328063994,65.0,ACF,0.3657413066266599,0.1260013228584493,0.0107759510128653,5.532213242960012,0.0072597275720909,Rndm,0.956,0.02,0.1223085949555467,0.087084405,0.10236217,Rndm,92007.0,Irregular,Irregular,1
328063994,65.0,ACF,0.3796302170048875,0.1196045634385283,0.0102776206511476,1.701323748070962,0.0072597275720909,Rndm,0.954,0.0,0.0408689809023909,0.06555973,0.04743654,Rndm,92008.0,Irregular,Irregular,1
328063994,65.0,ACF,0.3865746721940013,0.1228275732411797,0.009704159335287,1.4150957658904133,0.0072597275720909,Rndm,0.956,0.02,0.1292395543167802,0.08666954,0.11644715,Rndm,92009.0,Irregular,Irregular,1
328063994,65.0,ACF,0.3935191273831151,0.1285727670913126,0.0225650125303364,1.7677358362582538,0.0072597275720909,Rndm,0.956,0.0,0.0295353076841938,0.040331297,0.044815585,Rndm,92010.0,Irregular,Irregular,1
328063994,65.0,ACF,0.4120376745540852,0.1217807921902828,0.0107826359063401,2.5792820556488607,0.0072597275720909,Rndm,0.954,0.06,0.1760321516087331,0.2069353,0.1784742,Rndm,92011.0,Irregular,Irregular,1
328063994,65.0,ACF,0.4236117665359415,0.1198683405277918,0.0107867769691304,1.8217347346224813,0.0072597275720909,Rndm,0.956,0.0,0.0135304693192808,0.010550454,0.0057785064,Rndm,92012.0,Irregular,Irregular,1
328063994,65.0,ACF,0.4444451321032829,0.1159344962102814,0.0132844936884153,4.737891676407031,0.0072597275720909,Rndm,0.955,0.0,0.0287182450717309,0.050973084,0.037718937,Rndm,92013.0,Irregular,Irregular,1
328063994,65.0,ACF,0.4583340424815105,0.115518835978498,0.0113347863780675,1.567823401868765,0.0072597275720909,Rndm,0.956,0.0,0.0337289193423091,0.07719153,0.044717442,Rndm,92014.0,Irregular,Irregular,1
329757506,56.0,LS,1.8585153031513089,0.0106572512366217,0.0101612466174013,7.475566974324465,0.0405309023335576,Rndm,0.997997425997426,0.0,0.0070523414391206,0.00092771754,0.0005164456,Rndm,89216.0,Irregular,Irregular,1
329757506,56.0,LS,2.6299744855914744,0.0484076371777825,0.0468437592814072,5.286967747830204,0.0405309023335576,Rndm,0.997997425997426,0.0,0.0150359821223175,0.031322848,0.019472018,Rndm,89217.0,Irregular,Irregular,1
329757506,56.0,LS,4.223898416252974,0.0323499449148562,0.015421850453421,2.4711842414071725,0.0405309023335576,Rndm,0.991998712998713,0.0,0.0237931547983066,0.002297936,0.0004900099,Rndm,89218.0,Irregular,Irregular,1
329757506,56.0,LS,7.743813763130449,0.2253408193870703,0.1762829234704551,2.9533163399246405,0.0405309023335576,Rndm,0.643,0.3,0.2689898882857867,1.0618361,0.3282541,Rndm,89219.0,Irregular,Irregular,1
329757506,76.0,LS,3.223042200556903,0.033069934286991,0.0328653516052842,3.164716931001749,0.0703664449974894,Rndm,0.904,0.06,0.2244048626924114,0.6341656,0.29238716,Rndm,89220.0,Irregular,Irregular,1
329757506,76.0,LS,5.206452785514997,0.0844755125988493,0.08087344981294,3.636982672833256,0.0703664449974894,Rndm,0.869,0.16,0.2492982952208057,0.7614458,0.25639,Rndm,89221.0,Irregular,Irregular,1
329757506,83.0,LS,3.77810842335486,0.0203658875063999,0.0199040490753947,2.9404666674636246,0.0551560288295149,Rndm,0.997997425997426,0.0,0.0175617760179187,0.0050193565,0.0010743891,Rndm,89222.0,Irregular,Irregular,1
329757506,83.0,LS,9.59058292082388,0.1192995346025259,0.0869669076760074,5.319672363439167,0.0551560288295149,Rndm,0.952,0.0,0.0389552358483426,0.055406325,0.021901751,Rndm,89223.0,Irregular,Irregular,1
329757506,57.0,LS,1.7117081306178124,0.023429439077708,0.0224466159745037,5.0458326884727285,0.0277162785641849,Rndm,0.9279987129987132,0.0,0.0357292331265821,0.017469693,0.0071117473,Rndm,89298.0,Irregular,Irregular,1
329757506,57.0,LS,2.3571062782278074,0.0423215894349373,0.0321892271263967,3.5413914976998058,0.0277162785641849,Rndm,0.822,0.02,0.1560886880353174,0.7143977,0.3214575,Rndm,89299.0,Irregular,Irregular,1
329757506,57.0,LS,3.195188510486584,0.0742563106077693,0.0727519196326912,4.541039321014978,0.0277162785641849,Rndm,0.488,0.16,0.1919363699585651,0.8032155,0.34407035,Rndm,89300.0,Irregular,Irregular,1
329757506,57.0,LS,5.135124391853438,0.4267707896163167,0.4187170786945102,4.323654184128827,0.0277162785641849,LPV,0.757,0.02,0.1188321909248499,0.29903924,0.15149519,LPV,89301.0,Irregular,Irregular,1
329757506,84.0,LS,1.8931970717708555,0.0132327625124405,0.0130954005627829,5.056204177952168,0.0383917847648263,Rndm,0.997997425997426,0.0,0.01472816855629,0.010435824,0.0052648582,Rndm,89302.0,Irregular,Irregular,1
329757506,84.0,LS,3.479389212984275,0.166651009828965,0.1616952895664925,3.5502608969072758,0.0383917847648263,Rndm,0.347,0.44,0.1535706013532538,0.28767696,0.16702333,CEP,89303.0,Irregular,Irregular,1
329757506,84.0,LS,5.364058370017423,0.3134955151424322,0.2711398450164423,3.567191457717854,0.0383917847648263,LPV,0.868,0.02,0.1215176299966387,0.19137712,0.11540398,LPV,89304.0,Irregular,Irregular,1
348474239,73.0,LS,0.7416262238388611,0.0117740353258824,0.0114106530493768,4.3053254070509865,0.0583878392353653,Rndm,0.949,0.0,0.0984793638407093,0.35847074,0.15919171,Rndm,56524.0,Irregular,Irregular,1
348474239,73.0,LS,0.8037984821247536,0.0119844446959659,0.0117619945538467,5.424810511700343,0.0583878392353653,Rndm,0.966,0.0,0.0963131632949855,0.36455914,0.19852136,Rndm,56525.0,Irregular,Irregular,1
348474239,73.0,LS,0.8889691822174427,0.0111948271817807,0.0109070020935259,6.338867461454356,0.0583878392353653,Rndm,0.999997425997426,0.0,0.0263172631514924,0.09495229,0.044623796,Rndm,56526.0,Irregular,Irregular,1
348474239,73.0,LS,1.0017488545883124,0.0221487380621053,0.0220692844344866,4.469935742679809,0.0583878392353653,Rndm,0.903,0.0,0.1209651916875263,0.480586,0.22302063,Rndm,56527.0,Irregular,Irregular,1
348474239,73.0,LS,1.1985209510253023,0.0555812945011349,0.0548624624456819,4.675912999900902,0.0583878392353653,Rndm,0.71,0.12,0.2219337414635278,0.7313239,0.3385355,Rndm,56528.0,Irregular,Irregular,1
348474239,73.0,LS,1.3697382297432026,0.0425846082612043,0.0356558760973836,4.680694517177471,0.0583878392353653,Rndm,0.892,0.0,0.1334953441476913,0.5528439,0.24326223,Rndm,56529.0,Irregular,Irregular,1
348474239,73.0,LS,1.677929331435423,0.0353900122390561,0.010686074273221,2.8033803014877776,0.0583878392353653,Rndm,0.888,0.0,0.1538498436788286,0.65192574,0.22029197,Rndm,56530.0,Irregular,Irregular,1
348474239,73.0,LS,2.03385373507324,0.0585177284913679,0.0541036288453093,4.802148597409541,0.0583878392353653,Rndm,0.539,0.2,0.2108781676703399,0.96321267,0.31877834,Rndm,56531.0,Irregular,Irregular,1
348474239,73.0,LS,2.739476459486405,0.1203181666443438,0.119924069109901,4.904160607729864,0.0583878392353653,Rndm,0.431,0.28,0.2010575400227507,0.9793772,0.28464776,Rndm,56532.0,Irregular,Irregular,1
348474239,73.0,LS,4.971642463512364,0.3483963499071231,0.3275840176132835,5.259981415554648,0.0583878392353653,LPV,0.738,0.02,0.1202588142299765,0.36744463,0.11258238,LPV,56533.0,Irregular,Irregular,1
348474239,59.0,LS,2.428781262920114,0.0144968314631366,0.0144748390381577,3.739339907533577,0.1633023843169212,Rndm,0.907,0.06,0.1764653959425826,0.35658747,0.2517961,Rndm,56627.0,Irregular,Irregular,1
348474239,59.0,LS,3.946769552245185,0.0326777998973865,0.0312373230353655,3.540141592457076,0.1633023843169212,Rndm,0.993997425997426,0.0,0.0471297319761671,0.020086844,0.015794098,Rndm,56628.0,Irregular,Irregular,1
348474239,59.0,LS,10.524718805987163,0.1572790170558722,0.0940850646300491,2.5259928156010574,0.1633023843169212,Rndm,0.769,0.04,0.1516152446161005,0.5352102,0.2606059,Rndm,56629.0,Irregular,Irregular,1
357452682,82.0,LS,1.5570758230430055,0.018292314288647,0.0182584645838031,3.7019628890411695,0.062254462391138,Rndm,0.991997425997426,0.0,0.0146835073987138,0.0004268656,0.00017765586,Rndm,90390.0,Irregular,Irregular,1
357452682,82.0,LS,1.958140807766204,0.0706848128080789,0.0706581560922777,4.138341938782105,0.062254462391138,Rndm,0.961,0.0,0.092940445588302,0.119305365,0.092681564,Rndm,90391.0,Irregular,Irregular,1
357452682,82.0,LS,2.6924436106785303,0.0781411235636633,0.0775794870821128,4.1419740559395,0.062254462391138,Rndm,0.899,0.0,0.1737532555752269,0.631333,0.30135724,Rndm,90392.0,Irregular,Irregular,1
357452682,82.0,LS,3.8010968621343952,0.0610396532367051,0.03801026646029,7.985250250399986,0.062254462391138,Rndm,0.89,0.08,0.1731419057077141,0.41149244,0.2709666,Rndm,90393.0,Irregular,Irregular,1
357452682,82.0,LS,7.602193724268789,0.3725658338469358,0.3622691641675626,4.79072182557502,0.062254462391138,Rndm,0.308,0.54,0.1300322175462681,0.8573652,0.28640386,CEP,90394.0,Irregular,Irregular,1
357452682,56.0,LS,1.963332958584782,0.0294394500609853,0.0291950677972046,5.380629595005303,0.0640085712075233,Rndm,0.991997425997426,0.0,0.0550427117964315,0.057806555,0.058877178,Rndm,90600.0,Irregular,Irregular,1
357452682,56.0,LS,4.099901178221163,0.0789902164423899,0.0777825494340667,9.684152518049814,0.0640085712075233,Rndm,0.993997425997426,0.0,0.018841502295182,0.00037195656,9.5832154e-05,Rndm,90601.0,Irregular,Irregular,1
357452682,56.0,LS,8.199802356442326,0.1237104565006336,0.0596347917210408,2.30230455342462,0.0640085712075233,Rndm,0.946,0.0,0.0715564113130333,0.065113045,0.06120056,Rndm,90602.0,Irregular,Irregular,1
357452682,76.0,LS,2.256380305669342,0.0868530804636238,0.0854982684692128,3.785228642293077,0.0620834622532129,Rndm,0.6950000000000001,0.28,0.2911868410407072,1.08917,0.40368408,Rndm,90603.0,Irregular,Irregular,1
357452682,76.0,LS,3.384570458504013,0.0446294166841296,0.0404319247024812,4.637259440780326,0.0620834622532129,Rndm,0.953,0.02,0.1602077771089032,0.41240266,0.23446894,Rndm,90604.0,Irregular,Irregular,1
357452682,76.0,LS,6.153764470007298,0.2296681050113866,0.1588919207727896,3.528744130744599,0.0620834622532129,Rndm,0.426,0.42,0.352786180826084,1.189433,0.42687887,Rndm,90605.0,Irregular,Irregular,1
357452682,83.0,LS,2.833244787137544,0.0356439002837317,0.0355194326554816,4.002295572256116,0.0711633823812007,Rndm,0.8,0.08,0.1874339392959556,0.70265687,0.27558762,Rndm,90606.0,Irregular,Irregular,1
357452682,83.0,LS,8.310851375603459,0.311995158569014,0.3004745461613752,3.9743964434455847,0.0711633823812007,LPV,0.864,0.04,0.2335814410435897,0.93878424,0.27381647,LPV,90607.0,Irregular,Irregular,1
358340959,6.0,LS,1.0446790857615005,0.0606237742760406,0.0597757732794587,7.7737522768743474,0.0053948012646287,Rndm,0.502,0.16,0.1221209171272473,0.09044896,0.023871794,CEP,27682.0,Irregular,Irregular,1
358340959,6.0,LS,1.1436486833599584,0.0480761628086205,0.0454798014392591,9.015331587721448,0.0053948012646287,Rndm,0.506,0.18,0.1319137960942675,0.2168996,0.042771578,CEP,27683.0,Irregular,Irregular,1
358340959,6.0,LS,1.2071847213244005,0.0419264405470429,0.0009688890455869,1.3226528304667229,0.0053948012646287,Rndm,0.345,0.38,0.1290090787502957,0.776607,0.31866717,CEP,27684.0,Irregular,Irregular,1
358340959,6.0,LS,1.488309930399946,0.0747498382696348,0.0744643052696836,4.354911708453528,0.0053948012646287,Rndm,0.369,0.5,0.1409175418462868,0.063720435,0.013207942,CEP,27685.0,Irregular,Irregular,1
358340959,6.0,LS,1.752364918051549,0.0427546975477995,0.0360355242788941,3.269706714577751,0.0053948012646287,Rndm,0.561,0.16,0.1490456305968075,0.51790434,0.18716136,Rndm,27686.0,Irregular,Irregular,1
358340959,6.0,LS,2.130325978807765,0.051826796453517,0.0511616142498402,3.906347969525541,0.0053948012646287,Rndm,0.311,0.32,0.130631849102736,0.5886426,0.17462304,Rndm,27687.0,Irregular,Irregular,1
358340959,6.0,LS,2.4692414754362737,0.0345125112920505,0.0319684692649242,3.69639535515762,0.0053948012646287,Rndm,0.409,0.3,0.1417395019040211,0.59593904,0.18841645,Rndm,27688.0,Irregular,Irregular,1
358340959,6.0,LS,3.017961803311001,0.0278505274421132,0.0224965972507406,3.271189227935338,0.0053948012646287,Rndm,0.354,0.54,0.3252318336202654,1.3791893,0.3032158,ELL,27689.0,Irregular,Irregular,1
358340959,6.0,LS,4.526942704966502,0.0605798570815817,0.0487763063459444,6.360613695388111,0.0053948012646287,Rndm,0.273,0.56,0.1243247360745238,0.83148706,0.20540431,Rndm,27690.0,Irregular,Irregular,1
358340959,6.0,LS,6.790414057449752,0.0746492819155315,0.045746494323838,4.154396697550055,0.0053948012646287,LPV,0.894,0.0,0.1109652486141494,0.3361747,0.14100258,LPV,27691.0,Irregular,Irregular,1
369911515,58.0,LS,1.710808640895137,0.014245669469906,0.0138928502499249,6.53039341972908,0.0063189788488671,Rndm,0.953997425997426,0.0,0.0196920536829157,0.0003958245,0.00015034809,Rndm,26140.0,Irregular,Irregular,1
369911515,58.0,LS,2.099628786553123,0.0518921705547878,0.0379283928820516,3.542375645272841,0.0063189788488671,Rndm,0.895998712998713,0.02,0.1389728664518753,0.38111883,0.18696325,Rndm,26141.0,Irregular,Irregular,1
369911515,58.0,LS,2.948414891755449,0.0787045285102936,0.0590419173104219,5.328407704066194,0.0063189788488671,Rndm,0.835,0.14,0.2096454866658492,0.6972401,0.34879678,Rndm,26142.0,Irregular,Irregular,1
369911515,58.0,LS,4.61918333041687,0.4501136865144841,0.4465874748034338,4.502270184595545,0.0063189788488671,LPV,0.365,0.08,0.0190752614660979,0.026049072,0.010385231,LPV,26143.0,Irregular,Irregular,1
369911515,58.0,LS,12.597772719318735,0.0729500478665868,0.0074180837849109,1.1050686932831013,0.0063189788488671,Rndm,0.465,0.42,0.2654359161831722,1.2520626,0.38397124,Rndm,26144.0,Irregular,Irregular,1
372722475,52.0,LS,0.7448469228458591,0.0146840713863868,0.0139310964951729,5.0031245876562025,0.038629004266113,Rndm,0.847,0.0,0.0949097315746485,0.38725778,0.15431876,Rndm,21486.0,Irregular,Irregular,1
372722475,52.0,LS,0.9184578597497812,0.0209304467876563,0.0190488395601713,4.862762514492715,0.038629004266113,Rndm,0.925997425997426,0.0,0.0850693962249183,0.20982485,0.07991426,Rndm,21487.0,Irregular,Irregular,1
372722475,52.0,LS,0.9694832964025468,0.0213691440649315,0.0207357625945617,4.13375897944934,0.038629004266113,Rndm,0.997997425997426,0.0,0.0501669118781209,0.085814364,0.09431443,Rndm,21488.0,Irregular,Irregular,1
372722475,52.0,LS,1.1524046730822726,0.0288924939040821,0.0282681504962056,4.287561818269751,0.038629004266113,Rndm,0.995998712998713,0.0,0.0495231486810301,0.042487003,0.013063115,Rndm,21489.0,Irregular,Irregular,1
372722475,52.0,LS,1.4717457270689265,0.0785439069208734,0.078072096225012,4.653323541426289,0.038629004266113,Rndm,0.726,0.04,0.1607389459449756,0.7013452,0.28045902,Rndm,21490.0,Irregular,Irregular,1
372722475,52.0,LS,1.607301254562117,0.0387466053294631,0.030623321809871,2.7886124545839266,0.038629004266113,Rndm,0.9299987129987132,0.0,0.0515026988471017,0.20043793,0.06253693,Rndm,21491.0,Irregular,Irregular,1
372722475,52.0,LS,1.77036080212639,0.1113797887341274,0.1105343558611438,4.443281129468232,0.038629004266113,Rndm,0.725,0.06,0.1658532411501204,0.7409149,0.22831108,Rndm,21492.0,Irregular,Irregular,1
372722475,52.0,LS,2.070421955029168,0.0942084914023876,0.0721337585730532,4.641983916570098,0.038629004266113,Rndm,0.741,0.06,0.1823136155091001,0.82199585,0.2544948,Rndm,21493.0,Irregular,Irregular,1
372722475,52.0,LS,2.349132602821556,0.088532028202126,0.0468679493989457,3.136985722641839,0.038629004266113,Rndm,0.761,0.1,0.1924228676639031,0.9112228,0.26828828,Rndm,21494.0,Irregular,Irregular,1
372722475,52.0,LS,2.7762476215163843,0.0374381150209576,0.0178159526202913,3.130278269703922,0.038629004266113,Rndm,0.859,0.04,0.1733396433935868,0.57476246,0.21151206,Rndm,21495.0,Irregular,Irregular,1
372722475,52.0,LS,3.3931915374089137,0.0264063832902167,0.0253932241230446,6.3430748843875335,0.038629004266113,Rndm,0.979,0.0,0.0399220858881178,0.05536521,0.019170841,Rndm,21496.0,Irregular,Irregular,1
372722475,52.0,LS,5.0897873061133705,0.1258332253041336,0.1112085238343476,4.637048567510647,0.038629004266113,LPV,0.583,0.1,0.2237745436818049,0.8560081,0.3530897,LPV,21497.0,Irregular,Irregular,1
372722475,52.0,LS,8.72534966762292,0.1604899302892527,0.0844893739891259,3.899170100081392,0.038629004266113,LPV,0.948,0.0,0.0631062595944332,0.3784917,0.11110175,LPV,21498.0,Irregular,Irregular,1
372722475,58.0,LS,0.7370486171686974,0.0154892708852699,0.015347579751547,5.931359744678048,0.0420033326372504,Rndm,0.961998712998713,0.04,0.1797377866505717,0.33099324,0.20362245,Rndm,21638.0,Irregular,Irregular,1
372722475,58.0,LS,0.8825805097306695,0.0303159267664438,0.0297712533452088,3.14755112191051,0.0420033326372504,Rndm,0.996997425997426,0.0,0.0406620307775897,0.028253647,0.0148411505,Rndm,21639.0,Irregular,Irregular,1
372722475,58.0,LS,1.0741483723078693,0.0452551251802574,0.0452437398713341,4.158797263127781,0.0420033326372504,Rndm,0.921998712998713,0.0,0.1537108112314394,0.52261853,0.25736663,Rndm,21640.0,Irregular,Irregular,1
372722475,58.0,LS,1.2049142611105663,0.0156362302177256,0.0082468312165603,3.0169845212476503,0.0420033326372504,Rndm,0.942998712998713,0.02,0.123369221334826,0.28591418,0.163773,Rndm,21641.0,Irregular,Irregular,1
372722475,58.0,LS,1.4585804213443698,0.0326314236458522,0.0314629626973949,4.412254887385643,0.0420033326372504,Rndm,0.984997425997426,0.0,0.0571009531845609,0.13963929,0.052815016,Rndm,21642.0,Irregular,Irregular,1
372722475,58.0,LS,1.8232255266804624,0.0602235313641924,0.0600503956190558,3.407164105694392,0.0420033326372504,Rndm,0.872998712998713,0.0,0.1245473749913177,0.4745439,0.2598403,Rndm,21643.0,Irregular,Irregular,1
372722475,58.0,LS,2.2715596725854943,0.0972667219399239,0.0967137741400509,6.3989190755928576,0.0420033326372504,Rndm,0.719,0.16,0.2696580827640811,1.0897695,0.36426768,Rndm,21644.0,Irregular,Irregular,1
372722475,58.0,LS,3.379637561651589,0.0215325533159189,0.0201498774783269,8.1622799444267,0.0420033326372504,Rndm,0.981,0.0,0.0587193253652497,0.13281772,0.059311263,Rndm,21645.0,Irregular,Irregular,1
372722475,58.0,LS,6.928257001385758,0.2538160263482638,0.2473723124258977,4.827878535648779,0.0420033326372504,LPV,0.877,0.08,0.2395806336079776,0.72540134,0.3919933,LPV,21646.0,Irregular,Irregular,1
381746253,64.0,LS,0.338065735258742,0.0104051369862663,0.0096592147588205,5.184128707467608,0.0159649981651455,Rndm,0.957,0.0,0.0261030572922023,0.0031111364,0.00079896394,Rndm,101188.0,Irregular,Irregular,1
381746253,64.0,LS,0.353150033157426,0.0115970590734604,0.0115079706516467,4.082849993381387,0.0159649981651455,Rndm,0.958,0.0,0.037608509675338,0.028059658,0.021225208,Rndm,101189.0,Irregular,Irregular,1
381746253,64.0,LS,0.4771282362871606,0.0149965447221681,0.0147733901111068,4.643070128662657,0.0159649981651455,Rndm,0.96,0.02,0.1300760946523226,0.09339633,0.12660132,Rndm,101190.0,Irregular,Irregular,1
381746253,64.0,LS,0.5115975765512522,0.0121470860393262,0.0118809943964804,7.002210310260125,0.0159649981651455,Rndm,0.927,0.06,0.2021270887337964,0.32333505,0.2387994,Rndm,101191.0,Irregular,Irregular,1
381746253,64.0,LS,0.6727508131648965,0.0173414222404045,0.0170354357303824,4.541693001123349,0.0159649981651455,Rndm,0.936,0.0,0.0514497813406432,0.08226171,0.050113097,Rndm,101192.0,Irregular,Irregular,1
381746253,64.0,LS,0.7732767967412605,0.0187952680319777,0.0174892769919438,3.8856329487098265,0.0159649981651455,Rndm,0.893998712998713,0.06,0.2058370926510273,0.4836895,0.25266594,Rndm,101193.0,Irregular,Irregular,1
381746253,64.0,LS,0.8515833078036665,0.023754724377509,0.0235391060182898,5.058816193348321,0.0159649981651455,Rndm,0.5680000000000001,0.42,0.3250505659124438,1.1118991,0.3946601,Rndm,101194.0,Irregular,Irregular,1
381746253,64.0,LS,0.9542564725743212,0.0196157791087288,0.0193359128530382,8.678754802378535,0.0159649981651455,Rndm,0.924997425997426,0.0,0.0354461081865601,0.02391876,0.017927416,Rndm,101195.0,Irregular,Irregular,1
381746253,64.0,LS,1.201340737794458,0.0244168069151654,0.0240988159068538,4.076072954041592,0.0159649981651455,Rndm,0.725,0.28,0.3021497593589109,0.95018995,0.3902332,Rndm,101196.0,Irregular,Irregular,1
381746253,64.0,LS,1.4467759422901,0.0290316364275855,0.028241146238865,3.859372978360625,0.0159649981651455,Rndm,0.951997425997426,0.0,0.0350389485638935,0.02829684,0.018973771,Rndm,101197.0,Irregular,Irregular,1
381746253,64.0,LS,1.7250020850381962,0.0555010845124684,0.0509289602618741,8.950176109829044,0.0159649981651455,Rndm,0.788,0.1,0.2398092934954672,0.8073208,0.32889795,Rndm,101198.0,Irregular,Irregular,1
381746253,64.0,LS,2.538682313829798,0.1109002113248505,0.1092288420897089,5.666258035285864,0.0159649981651455,Rndm,0.403,0.24,0.0737201302223483,0.7596686,0.417761,CEP,101199.0,Irregular,Irregular,1
381746253,64.0,LS,5.606256776374137,0.1205912820404902,0.1189188677393494,4.599202796936879,0.0159649981651455,Rndm,0.439,0.32,0.2814798038936364,0.9025271,0.40964884,LPV,101200.0,Irregular,Irregular,1
381746253,65.0,LS,0.4378063195884968,0.0155042580259646,0.0154432492965027,4.853798752730654,0.0193380482960492,Rndm,0.96,0.0,0.0272347131433396,0.05304037,0.024985172,Rndm,101201.0,Irregular,Irregular,1
381746253,65.0,LS,0.572931726868897,0.0287823184217737,0.0286858644598452,5.3737999279437645,0.0193380482960492,Rndm,0.959,0.04,0.146149561750968,0.15569498,0.15429671,Rndm,101202.0,Irregular,Irregular,1
381746253,65.0,LS,0.6791337055080098,0.011180540422355,0.0106810086909313,4.365211880111019,0.0193380482960492,Rndm,0.756,0.22,0.2944573748439661,0.9470681,0.37033272,Rndm,101203.0,Irregular,Irregular,1
381746253,65.0,LS,0.77777882474381,0.0158007992699747,0.0156764270593424,4.203767748436803,0.0193380482960492,Rndm,0.881,0.06,0.2112271717816111,0.69774884,0.37897372,Rndm,101204.0,Irregular,Irregular,1
381746253,65.0,LS,1.0236941884495736,0.04081533825861,0.040760844181659,4.521347370824515,0.0193380482960492,Rndm,0.844,0.04,0.1918679619872837,0.7124735,0.3514424,Rndm,101205.0,Irregular,Irregular,1
381746253,65.0,LS,1.2656582693558365,0.0178242641642047,0.0151645311866152,4.11057773372886,0.0193380482960492,Rndm,0.621,0.26,0.2861350541736445,1.1160537,0.39335677,Rndm,101206.0,Irregular,Irregular,1
381746253,65.0,LS,1.808083241936909,0.0339295368273916,0.0243289665245887,3.956110716091644,0.0193380482960492,Rndm,0.837,0.06,0.2024065971906699,0.78070915,0.30841836,Rndm,101207.0,Irregular,Irregular,1
381746253,65.0,LS,2.48611445766325,0.1171455218709958,0.1133565632217637,4.514806210514507,0.0193380482960492,Rndm,0.408,0.14,0.1062263922008085,0.72146505,0.32447213,CEP,101208.0,Irregular,Irregular,1
381746253,65.0,LS,4.640746987638067,0.0517539607156617,0.0475099485767696,9.143005613575951,0.0193380482960492,Rndm,0.328,0.48,0.210581089257246,1.4026792,0.3415448,Rndm,101209.0,Irregular,Irregular,1
381746253,65.0,LS,10.709416125318617,0.1117976237131386,0.0570643117734944,3.384514506724372,0.0193380482960492,LPV,0.535,0.12,0.2176374085491738,1.1411759,0.3992205,LPV,101210.0,Irregular,Irregular,1
388479187,11.0,LS,1.9068057493304904,0.0480739439665757,0.0473343652122038,5.293681826440661,0.05594945512712,Rndm,0.51,0.02,0.1085811327993956,0.53716934,0.17515057,Rndm,100302.0,Irregular,Irregular,1
388479187,11.0,LS,2.4456856350108467,0.1471626464809027,0.146513647821887,4.685642270632343,0.05594945512712,Rndm,0.459,0.02,0.1151346759234593,0.73190147,0.22056407,Rndm,100303.0,Irregular,Irregular,1
388479187,11.0,LS,2.884654851551255,0.1220548705219954,0.0895643317602166,3.191809030245168,0.05594945512712,Rndm,0.305,0.5,0.072518135662743,0.3060148,0.07297392,Rndm,100304.0,Irregular,Irregular,1
388479187,11.0,LS,3.879363421051688,0.1020943981960205,0.0960716531797674,3.760937172119611,0.05594945512712,Rndm,0.745,0.02,0.1915992693096714,0.8674369,0.19542266,Rndm,100305.0,Irregular,Irregular,1
388479187,11.0,LS,4.891371270021694,0.0536017066673703,0.0510045615539562,2.513158666439267,0.05594945512712,Rndm,0.868,0.14,0.2055716283926359,0.60671484,0.21883364,Rndm,100306.0,Irregular,Irregular,1
388479187,12.0,LS,3.124938066544252,0.0305248408796016,0.0279961960462416,2.925158850120169,0.0519092567265033,Rndm,0.446,0.06,0.1326468996999175,0.63931775,0.19718356,Rndm,100307.0,Irregular,Irregular,1
388479187,12.0,LS,3.693108624097752,0.0982354556026133,0.0852174985909301,3.037881174536324,0.0519092567265033,Rndm,0.365,0.2,0.1173683500778638,0.5234386,0.1666668,Rndm,100308.0,Irregular,Irregular,1
388479187,12.0,LS,4.687407099816378,0.3393222574323865,0.3254155174574775,3.673427849174459,0.0519092567265033,Rndm,0.328,0.44,0.0908761266780225,0.5851688,0.24549901,LPV,100309.0,Irregular,Irregular,1
388479187,12.0,LS,6.770699144179212,0.3246274873192516,0.2501195152047316,3.600351519644392,0.0519092567265033,LPV,0.694,0.02,0.1489490866034431,0.77919817,0.17258847,LPV,100310.0,Irregular,Irregular,1
388479187,12.0,LS,11.079325872293255,0.309613610300908,0.093901891290434,1.6803183531187642,0.0519092567265033,LPV,0.767,0.12,0.227518874821409,0.659567,0.24930435,LPV,100311.0,Irregular,Irregular,1
397225747,65.0,LS,2.2455647434088464,0.0132164863922228,0.012687405369366,3.1576520761482243,0.1459026429802179,Rndm,0.9797117117117116,0.0,0.0389605602524105,0.073710844,0.07114851,Rndm,101916.0,Irregular,Irregular,1
397225747,65.0,LS,3.314881287889249,0.0477845204053809,0.0465057666576303,3.2401455849067133,0.1459026429802179,Rndm,0.76,0.0,0.1934113098224548,0.8040778,0.3751557,Rndm,101917.0,Irregular,Irregular,1
397225747,65.0,LS,6.629762575778497,0.2616821349508638,0.2548158258135843,3.722880739329412,0.1459026429802179,LPV,0.8140000000000001,0.06,0.1633702102587861,0.35962236,0.18859416,LPV,101918.0,Irregular,Irregular,1
426554741,80.0,LS,0.4197536487600004,0.0185686646388903,0.0185652929878565,4.060369082457328,0.0257232738658785,Rndm,0.96,0.0,0.0175015884993334,0.014733382,0.0057234373,Rndm,2839.0,Irregular,Irregular,1
426554741,80.0,LS,0.562648507912341,0.016601058084651,0.0164047237742527,4.123580457857315,0.0257232738658785,Rndm,0.936,0.0,0.1342128220402208,0.29421163,0.19340056,Rndm,2840.0,Irregular,Irregular,1
426554741,80.0,LS,0.6578228823850754,0.0177033443198292,0.0158980148474898,4.463352535498416,0.0257232738658785,Rndm,0.919,0.0,0.0849239565729246,0.39855793,0.19312248,Rndm,2841.0,Irregular,Irregular,1
426554741,80.0,LS,0.7305104936983433,0.0262846919359296,0.0261421366577464,3.769184825658158,0.0257232738658785,Rndm,0.914,0.02,0.128115104495918,0.48468292,0.21407822,Rndm,2842.0,Irregular,Irregular,1
426554741,80.0,LS,0.8641986886235303,0.0766027658514853,0.0762932130419909,4.54510117983591,0.0257232738658785,Rndm,0.468,0.2,0.2000519772459147,0.80325097,0.3370416,Rndm,2843.0,Irregular,Irregular,1
426554741,80.0,LS,1.0170953796876934,0.0129008863497151,0.0123285675601031,7.0891093601239845,0.0257232738658785,Rndm,0.891998712998713,0.02,0.1367675976871274,0.47231954,0.21341413,Rndm,2844.0,Irregular,Irregular,1
426554741,80.0,LS,1.224281475550001,0.0965391670310998,0.0961835268996075,4.600280788308737,0.0257232738658785,Rndm,0.405,0.22,0.1071742954257223,0.3796491,0.193041,Rndm,2845.0,Irregular,Irregular,1
426554741,80.0,LS,1.632375300733335,0.0672977179245093,0.06577323036151,5.386702242140018,0.0257232738658785,Rndm,0.911998712998713,0.0,0.0988892414947867,0.3093034,0.117386036,Rndm,2846.0,Irregular,Irregular,1
426554741,80.0,LS,2.361114274275003,0.0668356702995005,0.065585459011986,5.508712607785128,0.0257232738658785,Rndm,0.736,0.0,0.1570271742134842,0.73591596,0.34133184,Rndm,2847.0,Irregular,Irregular,1
426554741,80.0,LS,4.722228548550006,0.2244960868166975,0.2022369293451979,4.581812631055072,0.0257232738658785,LPV,0.395,0.06,0.0793973702335285,0.2796534,0.15991586,LPV,2848.0,Irregular,Irregular,1
430642284,57.0,LS,0.5774410072862459,0.0107214550870712,0.0106489887233224,5.2143580423689855,0.0191630830522626,Rndm,0.96,0.02,0.1146420934910035,0.13409707,0.1470469,Rndm,85661.0,Irregular,Irregular,1
430642284,57.0,LS,0.9158140816195875,0.0290203989220398,0.0287512374065086,4.0400503171404125,0.0191630830522626,Rndm,0.955997425997426,0.0,0.0421151801421283,0.03198359,0.030098243,Rndm,85662.0,Irregular,Irregular,1
430642284,57.0,LS,1.3191083560942682,0.0486067571813437,0.0483319036876455,4.344677265460632,0.0191630830522626,Rndm,0.851,0.06,0.1731402955330269,0.36315942,0.2020197,Rndm,85663.0,Irregular,Irregular,1
430642284,57.0,LS,1.7750964298058671,0.0473065241153101,0.0467080145794797,4.833050188270136,0.0191630830522626,Rndm,0.893,0.02,0.1328816690837369,0.32708508,0.17732298,Rndm,85664.0,Irregular,Irregular,1
430642284,57.0,LS,2.875656216285505,0.1469744765283647,0.1452252233622531,3.725126806290064,0.0191630830522626,Rndm,0.346,0.42,0.173095691454178,1.3507327,0.40127534,CEP,85665.0,Irregular,Irregular,1
430642284,57.0,LS,4.638155187557266,0.0835871503010982,0.0740584622720172,6.552500432084344,0.0191630830522626,Rndm,0.841998712998713,0.02,0.1640523029620939,0.49493134,0.23008716,Rndm,85666.0,Irregular,Irregular,1
430642284,57.0,LS,8.986425675892205,0.1866310779903164,0.1774062930339612,5.8490344037127215,0.0191630830522626,Rndm,0.391,0.46,0.3723522654691387,0.81699884,0.3470138,ELL,85667.0,Irregular,Irregular,1
430642284,56.0,LS,0.6575464939440702,0.0102082049014344,0.0101526733823633,3.999088290795044,0.0275647407397627,Rndm,0.96,0.0,0.0439266479485971,0.1582544,0.11943723,Rndm,85760.0,Irregular,Irregular,1
430642284,56.0,LS,0.9051938747801486,0.0111990394766096,0.0111266001444978,5.132298142922082,0.0275647407397627,Rndm,0.676,0.06,0.1753207549403595,0.8560458,0.34308848,Rndm,85761.0,Irregular,Irregular,1
430642284,56.0,LS,1.4224475175116622,0.0262380687306924,0.0256695869417558,4.061128798242862,0.0275647407397627,Rndm,0.933,0.0,0.0933711397778812,0.30988264,0.19655155,Rndm,85762.0,Irregular,Irregular,1
430642284,56.0,LS,1.7645551483056063,0.0223042893502206,0.0131347593568411,3.880048728809925,0.0275647407397627,Rndm,0.784,0.0,0.1418249198146332,0.66247344,0.30026668,Rndm,85763.0,Irregular,Irregular,1
430642284,56.0,LS,2.3233309452690483,0.0728127569046466,0.0717062790349418,8.58760553733373,0.0275647407397627,Rndm,0.339,0.3,0.0998773728128648,0.6234818,0.32444724,CEP,85764.0,Irregular,Irregular,1
430642284,56.0,LS,3.668417282003761,0.0286399484163508,0.0072434748114612,1.8809351564268584,0.0275647407397627,Rndm,0.5209999999999999,0.46,0.3412405749614192,1.3119068,0.30393463,ELL,85765.0,Irregular,Irregular,1
430642284,56.0,LS,7.744436484230162,0.2205549341296957,0.21026764801842,3.780609536603152,0.0275647407397627,LPV,0.823,0.06,0.1747493244622135,0.33346084,0.20169254,LPV,85766.0,Irregular,Irregular,1
430642284,76.0,LS,0.805831273736768,0.0123690406756198,0.0121657772499745,6.915939020458609,0.0275005120784044,Rndm,0.955997425997426,0.0,0.0098175009465822,0.00051400537,0.00030417365,Rndm,85767.0,Irregular,Irregular,1
430642284,76.0,LS,1.289330037978829,0.0142449729530825,0.0141454887333749,8.094497575220885,0.0275005120784044,Rndm,0.953997425997426,0.0,0.0329219080934554,0.020858828,0.021211877,Rndm,85768.0,Irregular,Irregular,1
430642284,76.0,LS,1.735636589586885,0.028837253120139,0.018676213246769,4.262107107104384,0.0275005120784044,Rndm,0.945997425997426,0.0,0.0378365035362668,0.024754077,0.017487746,Rndm,85769.0,Irregular,Irregular,1
430642284,76.0,LS,2.1835428062544686,0.0669186358662342,0.0656226142118425,5.701346652153006,0.0275005120784044,Rndm,0.920998712998713,0.04,0.127274930584596,0.19323927,0.18786594,Rndm,85770.0,Irregular,Irregular,1
430642284,76.0,LS,2.820409458078689,0.0115286072594315,0.0051196488329676,2.583436768469255,0.0275005120784044,Rndm,0.946997425997426,0.0,0.0411494220829143,0.009235636,0.0042773453,Rndm,85771.0,Irregular,Irregular,1
430642284,76.0,LS,4.512655132925902,0.0599551307667469,0.0198818049673887,2.080621645851352,0.0275005120784044,Rndm,0.829,0.0,0.111511253371545,0.45636263,0.14123444,Rndm,85772.0,Irregular,Irregular,1
430642284,76.0,LS,9.669975284841222,0.2043071195619663,0.1968888489269816,7.910253863487014,0.0275005120784044,Rndm,0.431,0.38,0.1912832496587194,0.5849222,0.28186333,LPV,85773.0,Irregular,Irregular,1
430642284,77.0,LS,0.5945203663036198,0.0146568294049008,0.0144520335805889,3.703568231165264,0.0243989378213882,Rndm,0.932,0.0,0.0293369119029252,0.006262954,0.0030097887,Rndm,85774.0,Irregular,Irregular,1
430642284,77.0,LS,0.6877784629786974,0.0108368448738707,0.0105744069391664,3.5897590445601963,0.0243989378213882,Rndm,0.915,0.04,0.1809755961448946,0.2163292,0.17831308,Rndm,85775.0,Irregular,Irregular,1
430642284,77.0,LS,0.7838369075287949,0.0161901338013666,0.0161566433477854,3.1960046643980604,0.0243989378213882,Rndm,0.957997425997426,0.0,0.0378389575535739,0.02719026,0.017710933,Rndm,85776.0,Irregular,Irregular,1
430642284,77.0,LS,0.9230710950503572,0.0204594428683379,0.0200460557573037,3.6749141515429073,0.0243989378213882,Rndm,0.915997425997426,0.02,0.1474914937742218,0.22688177,0.14259864,Rndm,85777.0,Irregular,Irregular,1
430642284,77.0,LS,1.104778003524837,0.0482782715646529,0.0479375659457559,4.159819668111595,0.0243989378213882,Rndm,0.893,0.0,0.0724189131891435,0.14832842,0.062171284,Rndm,85778.0,Irregular,Irregular,1
430642284,77.0,LS,1.3491039081505218,0.0466629513018467,0.0458390212466992,3.833365994916676,0.0243989378213882,Rndm,0.921997425997426,0.0,0.0550075115826783,0.07835346,0.058603257,Rndm,85779.0,Irregular,Irregular,1
430642284,77.0,LS,1.6314744935773753,0.0849251121070971,0.0834326759195344,4.317945727980259,0.0243989378213882,Rndm,0.3339999999999999,0.48,0.2548843380181003,1.2361393,0.41180795,Rndm,85780.0,Irregular,Irregular,1
430642284,77.0,LS,2.125860703752337,0.1067514808875533,0.1064961435083154,3.691674038862402,0.0243989378213882,Rndm,0.846998712998713,0.0,0.1240837733930578,0.5264787,0.2739052,Rndm,85781.0,Irregular,Irregular,1
430642284,77.0,LS,2.863404213217434,0.2692967177443257,0.2658693568457956,4.986751973272476,0.0243989378213882,Rndm,0.362,0.36,0.149609759039977,1.4985896,0.38996282,CEP,85782.0,Irregular,Irregular,1
430642284,77.0,LS,4.52602601444046,0.211365829660705,0.206658651774993,3.1935997551590845,0.0243989378213882,Rndm,0.599,0.2,0.2924999797328825,1.0260501,0.34765166,Rndm,85783.0,Irregular,Irregular,1
430642284,77.0,LS,10.021914746261018,0.1328820384577183,0.1083206983868411,2.7751505677115347,0.0243989378213882,Rndm,0.387,0.36,0.1919192538543228,1.2562816,0.39362577,LPV,85784.0,Irregular,Irregular,1
430642284,83.0,LS,0.5492388906707029,0.0119461814971584,0.0119155555093202,5.743173067650787,0.0197910983115434,Rndm,0.93,0.02,0.1359890642662122,0.13663378,0.1410338,Rndm,85785.0,Irregular,Irregular,1
430642284,83.0,LS,0.884235660867018,0.0125470786218557,0.010970876559773,3.569704341251054,0.0197910983115434,Rndm,0.950997425997426,0.02,0.1179762592061177,0.13942735,0.12112578,Rndm,85786.0,Irregular,Irregular,1
430642284,83.0,LS,1.0136360014817034,0.0388338672465082,0.0383148110741456,3.875669299442961,0.0197910983115434,Rndm,0.819,0.2,0.3000671479772259,0.81309915,0.38459966,Rndm,85787.0,Irregular,Irregular,1
430642284,83.0,LS,1.1988195017523993,0.0316709628218487,0.0304693629002283,4.684653686868842,0.0197910983115434,Rndm,0.953997425997426,0.0,0.0222950561145906,0.0013491665,0.0007880394,Rndm,85788.0,Irregular,Irregular,1
430642284,83.0,LS,1.5984260023365322,0.0243325412734192,0.0213347129086624,4.400860570862278,0.0197910983115434,Rndm,0.947997425997426,0.0,0.027750226482744,0.01917667,0.005641978,Rndm,85789.0,Irregular,Irregular,1
430642284,83.0,LS,1.979003621940469,0.1701289066425507,0.1683439142737092,5.202483646364271,0.0197910983115434,Rndm,0.418,0.24,0.1283553567249921,0.9571218,0.43094277,CEP,85790.0,Irregular,Irregular,1
430642284,83.0,LS,2.8994704228430126,0.0618297722730779,0.0540211289994672,3.779869329431676,0.0197910983115434,Rndm,0.381,0.46,0.2577775835608823,1.2105216,0.40917453,Rndm,85791.0,Irregular,Irregular,1
430642284,83.0,LS,4.987089127289981,0.2083558575593877,0.2037724586703726,5.684598878786346,0.0197910983115434,Rndm,0.27,0.56,0.1472760673021927,1.0500766,0.41401678,CEP,85792.0,Irregular,Irregular,1
430642284,83.0,LS,11.334293471113597,0.0536565966468922,0.0043953028486026,1.440073598310846,0.0197910983115434,Rndm,0.697,0.12,0.2054739389801052,0.6968473,0.25998932,Rndm,85793.0,Irregular,Irregular,1
430642284,84.0,LS,0.49897986085486,0.0138203479765516,0.0137790396086429,4.454879809753038,0.0164408760610967,Rndm,0.96,0.0,0.0548318301718992,0.050049316,0.054908164,Rndm,85794.0,Irregular,Irregular,1
430642284,84.0,LS,0.7273265768392876,0.0109859373320615,0.0109275709143857,5.504256578300556,0.0164408760610967,Rndm,0.96,0.02,0.1202510773340513,0.07622151,0.09910826,Rndm,85795.0,Irregular,Irregular,1
430642284,84.0,LS,0.9130269794365524,0.035206188423749,0.0342695636279966,3.8314119073256734,0.0164408760610967,Rndm,0.874,0.08,0.2189006345011185,0.3093022,0.23029515,Rndm,85796.0,Irregular,Irregular,1
430642284,84.0,LS,1.192007445375499,0.0783240059455522,0.0735754494120832,6.092528423192562,0.0164408760610967,Rndm,0.412,0.44,0.2043781981392416,1.1613787,0.40303695,CEP,85797.0,Irregular,Irregular,1
430642284,84.0,LS,1.5145506364771046,0.0787798384764879,0.0777761728377825,3.659944496699609,0.0164408760610967,Rndm,0.885,0.04,0.1919592093932703,0.3711787,0.23957382,Rndm,85798.0,Irregular,Irregular,1
430642284,84.0,LS,1.9214448373217,0.0337251014951049,0.0084269167714432,1.9430798687280912,0.0164408760610967,Rndm,0.953997425997426,0.0,0.0291658470705948,0.009494745,0.008166468,Rndm,85799.0,Irregular,Irregular,1
430642284,84.0,LS,2.574736082011078,0.100371821741416,0.0898226712776485,5.888201115667471,0.0164408760610967,Rndm,0.764,0.24,0.2770129130631521,0.8253794,0.3755493,Rndm,85800.0,Irregular,Irregular,1
430642284,84.0,LS,3.678194402872968,0.1291419714931762,0.1281033773111686,4.412203476196737,0.0164408760610967,Rndm,0.419,0.46,0.2980744898429091,1.1527627,0.38919973,Rndm,85801.0,Irregular,Irregular,1
430642284,84.0,LS,8.046050256284618,0.0247050803465387,0.0156573876790252,5.808308241288614,0.0164408760610967,Rndm,0.858,0.02,0.1241540977978576,0.1635843,0.1203136,Rndm,85802.0,Irregular,Irregular,1
440340055,19.0,LS,0.4191369375714455,0.0285201118698194,0.0284516616293586,3.9685285129885415,0.1586835458874702,Rndm,0.535,0.14,0.1878378023721529,0.49483085,0.21675369,Rndm,145748.0,Irregular,Irregular,1
440340055,19.0,LS,0.4292890433257712,0.0271789215481976,0.0262338686658803,3.7244689328222194,0.1586835458874702,Rndm,0.545,0.14,0.2203044765773042,0.5117974,0.20161118,Rndm,145749.0,Irregular,Irregular,1
440340055,19.0,LS,0.466408020756195,0.0274291967151445,0.0265632205741891,5.285583952437264,0.1586835458874702,Rndm,0.437,0.16,0.1299342910859177,0.19751619,0.08612879,Rndm,145750.0,Irregular,Irregular,1
440340055,19.0,LS,0.5879835711902743,0.0327518305363136,0.0325487379972754,5.359756263876079,0.1586835458874702,Rndm,0.573,0.32,0.229332750386856,0.68957746,0.21828413,Rndm,145751.0,Irregular,Irregular,1
440340055,19.0,LS,0.912239217067264,0.0311826133442858,0.0280429838317608,3.346204543486237,0.1586835458874702,Rndm,0.659,0.12,0.1794468121756416,0.46247917,0.19332522,Rndm,145752.0,Irregular,Irregular,1
440340055,19.0,LS,0.961740569931379,0.0319035637417954,0.0314724467606897,5.627468733364367,0.1586835458874702,Rndm,0.498,0.38,0.2385479540889001,0.6803787,0.2669412,Rndm,145753.0,Irregular,Irregular,1
440340055,19.0,LS,1.319835462990935,0.0461683053326945,0.0460006636156144,4.441140203907708,0.1586835458874702,Rndm,0.487,0.22,0.1195592974218233,0.89702773,0.299086,CEP,145754.0,Irregular,Irregular,1
440340055,19.0,LS,9.543425655472918,0.0311933916776866,0.0249288285874622,3.3775728417476785,0.1586835458874702,LPV,0.818,0.1,0.168279215591231,0.5431334,0.19827649,LPV,145755.0,Irregular,Irregular,1
450472587,64.0,LS,0.7119062153572332,0.0101084856349155,0.0097205940968995,4.600390459621849,0.0730175292119383,Rndm,1.0,0.0,0.0143030626091057,0.06972286,0.037743755,Rndm,121506.0,Irregular,Irregular,1
450472587,64.0,LS,0.903021977869242,0.0208786602883154,0.0207045090632155,8.638447041255858,0.0730175292119383,Rndm,0.861,0.0,0.1707765815555619,0.674017,0.35906255,Rndm,121507.0,Irregular,Irregular,1
450472587,64.0,LS,1.0041065276307244,0.0256175725895312,0.0255010387999488,5.560572435064387,0.0730175292119383,Rndm,0.709,0.0,0.1843861166140227,0.67429227,0.31117806,Rndm,121508.0,Irregular,Irregular,1
450472587,64.0,LS,1.1402565652755683,0.0189966495095287,0.0164765402810829,3.625016492354917,0.0730175292119383,Rndm,0.732,0.0,0.1516577673579563,0.68831426,0.31685442,Rndm,121509.0,Irregular,Irregular,1
450472587,64.0,LS,1.9221467814645292,0.0204114025392824,0.0156407659576392,5.685097869114543,0.0730175292119383,Rndm,0.852,0.22,0.3221952724668691,0.78129095,0.32812032,Rndm,121510.0,Irregular,Irregular,1
450472587,64.0,LS,2.5386844283493786,0.0978512213352606,0.0947093181989941,4.737206179685018,0.0730175292119383,Rndm,0.778,0.06,0.2041295902117084,1.0049193,0.2738114,Rndm,121511.0,Irregular,Irregular,1
450472587,64.0,LS,4.639664644914382,0.1842867380242254,0.1771859619739794,10.69910444270863,0.0730175292119383,Rndm,0.382,0.28,0.0766686480903374,0.3906563,0.14353463,LPV,121512.0,Irregular,Irregular,1
450472587,64.0,LS,10.350021130962851,0.1077485231435115,0.0293350874452053,2.772124525745312,0.0730175292119383,Rndm,0.639,0.26,0.2494051702821796,0.747502,0.279538,ELL,121513.0,Irregular,Irregular,1
450472587,65.0,LS,0.682462303937441,0.0121324486940555,0.011967216189647,3.533616547672864,0.0652553886175155,Rndm,0.996,0.0,0.0033896312483808,0.00011023037,3.1578307e-05,Rndm,121716.0,Irregular,Irregular,1
450472587,65.0,LS,0.7405442021448828,0.0110650726325065,0.0105037732231848,4.119692311709514,0.0652553886175155,Rndm,0.993997425997426,0.0,0.0452812710503161,0.0565714,0.06869749,Rndm,121717.0,Irregular,Irregular,1
450472587,65.0,LS,0.8982084516337934,0.0191521040495086,0.0175158719322086,3.6453153456641294,0.0652553886175155,Rndm,0.981997425997426,0.0,0.04132352283245,0.05027394,0.023446912,Rndm,121718.0,Irregular,Irregular,1
450472587,65.0,LS,1.0088573188640435,0.0280653211722547,0.0274511975064444,11.526273848208804,0.0652553886175155,Rndm,0.855,0.04,0.1650693764020617,0.48837173,0.23416938,Rndm,121719.0,Irregular,Irregular,1
450472587,65.0,LS,1.1699353781784705,0.0486921496961358,0.0484968681417961,5.1782017948171415,0.0652553886175155,Rndm,0.882,0.02,0.1529827984822199,0.48376736,0.20533676,Rndm,121720.0,Irregular,Irregular,1
450472587,65.0,LS,1.3649246078748822,0.0402786183073538,0.0396733325414704,4.029862530162063,0.0652553886175155,Rndm,0.953,0.04,0.1615052459486243,0.22777855,0.15975353,Rndm,121721.0,Irregular,Irregular,1
450472587,65.0,LS,2.0177146377280866,0.0936720920180366,0.0897946350314631,4.926066547497612,0.0652553886175155,Rndm,0.369,0.24,0.1431115984118687,1.0987062,0.33907253,CEP,121722.0,Irregular,Irregular,1
450472587,65.0,LS,2.5781909259858886,0.0507492158036489,0.0084069399338438,1.810132248672744,0.0652553886175155,Rndm,0.364,0.52,0.1636977702963604,0.6654401,0.29150426,Rndm,121723.0,Irregular,Irregular,1
450472587,65.0,LS,3.762765135222648,0.0839732977288529,0.077150867037646,3.9906729395952425,0.0652553886175155,Rndm,0.614,0.14,0.2457293772991185,1.0034564,0.35623965,Rndm,121724.0,Irregular,Irregular,1
450472587,65.0,LS,8.189547647249292,0.2209691888163214,0.2197136522039985,4.586430217193993,0.0652553886175155,LPV,0.787,0.04,0.2119042651765178,0.87240493,0.34845954,LPV,121725.0,Irregular,Irregular,1
455809360,38.0,LS,0.7289904268495497,0.0115833387545427,0.0113249520987877,5.327126212871008,0.0940765161067247,Rndm,0.996,0.0,0.000949947366963,1.101499e-05,4.0562177e-06,Rndm,63501.0,Irregular,Irregular,1
455809360,38.0,LS,0.8234891858856025,0.0117424456968998,0.0105518992367435,3.611121927733621,0.0940765161067247,Rndm,0.995997425997426,0.0,0.0052570274078772,0.00013545247,4.6905865e-05,Rndm,63502.0,Irregular,Irregular,1
455809360,38.0,LS,0.913734576119641,0.0136468285691242,0.0126332030864559,3.707113847556684,0.0940765161067247,Rndm,0.995997425997426,0.0,0.0072675935103439,0.00010600116,3.7715814e-05,Rndm,63503.0,Irregular,Irregular,1
455809360,38.0,LS,0.980920942010791,0.0200915664800687,0.0195508210204575,5.08809090289833,0.0940765161067247,Rndm,0.995997425997426,0.0,0.0137167300557819,0.0007113564,0.00032168697,Rndm,63504.0,Irregular,Irregular,1
455809360,38.0,LS,1.058771810424346,0.0263457374034089,0.0253274513413018,3.946088062373746,0.0940765161067247,Rndm,0.995997425997426,0.0,0.0312020341812662,0.0045215744,0.0011490105,Rndm,63505.0,Irregular,Irregular,1
455809360,38.0,LS,1.1600456357692837,0.0271439918388387,0.0268447489549362,4.504029846644698,0.0940765161067247,Rndm,0.995997425997426,0.0,0.035681453231103,0.010114129,0.0069617187,Rndm,63506.0,Irregular,Irregular,1
455809360,38.0,LS,1.347527758721895,0.0140978723486611,0.0118628316642696,4.3137566232817335,0.0940765161067247,Rndm,0.993997425997426,0.0,0.0427947774088134,0.0043190685,0.0015927195,Rndm,63507.0,Irregular,Irregular,1
455809360,38.0,LS,1.450057044711604,0.0100696235347251,0.0067383916503363,2.939347111512689,0.0940765161067247,Rndm,0.993997425997426,0.0,0.0486599415491457,0.039234817,0.022556096,Rndm,63508.0,Irregular,Irregular,1
455809360,38.0,LS,1.646978371771205,0.0514267947539864,0.0510651475198471,5.097620778413329,0.0940765161067247,Rndm,0.941,0.0,0.0726975392179209,0.092901155,0.03966468,Rndm,63509.0,Irregular,Irregular,1
455809360,38.0,LS,2.084457001772931,0.0163487899540809,0.015603186581979,5.459598119534348,0.0940765161067247,Rndm,0.994997425997426,0.0,0.0458067703134261,0.004721493,0.0014105641,Rndm,63510.0,Irregular,Irregular,1
455809360,38.0,LS,2.964561069188169,0.0490279032879601,0.0452010601062871,6.570284760287905,0.0940765161067247,Rndm,0.997997425997426,0.0,0.022964653963206,0.00031386322,8.857537e-05,Rndm,63511.0,Irregular,Irregular,1
455809360,38.0,LS,3.605547246309936,0.0352157173433797,0.0205695768547234,3.129617605574822,0.0940765161067247,Rndm,0.998997425997426,0.0,0.020134282453432,0.0011030525,0.00028886902,Rndm,63512.0,Irregular,Irregular,1
455809360,38.0,LS,5.336209924538705,0.0886499083691104,0.0320942507088345,2.628077114635744,0.0940765161067247,Rndm,0.894,0.0,0.0993823485236219,0.16786161,0.105830476,Rndm,63513.0,Irregular,Irregular,1
455809360,38.0,LS,7.021328848077244,0.1646673225533631,0.096214448066616,3.376020694609906,0.0940765161067247,Rndm,0.524,0.2,0.1969445160444941,1.1222908,0.27375463,Rndm,63514.0,Irregular,Irregular,1
455809360,38.0,LS,11.11710400945564,0.2765925863292326,0.0577300110851276,2.0157939849850663,0.0940765161067247,Rndm,0.3419999999999999,0.54,0.2364583481292212,1.376013,0.28357083,LPV,63515.0,Irregular,Irregular,1
455809360,39.0,LS,1.0657694677516387,0.0247600023165193,0.0242961793671484,8.554155943273145,0.1440217345952987,Rndm,0.983998712998713,0.0,0.0564182190563222,0.29102385,0.13964885,Rndm,63516.0,Irregular,Irregular,1
455809360,39.0,LS,1.173242019121552,0.0180903256559188,0.0083271488364849,2.484814997682406,0.1440217345952987,Rndm,0.999997425997426,0.0,0.0097834599416575,0.024532875,0.011932949,Rndm,63517.0,Irregular,Irregular,1
455809360,39.0,LS,1.2247000024163568,0.0189959841139159,0.0185276821797194,8.975007269489652,0.1440217345952987,Rndm,0.9999486455096211,0.0,0.001152562233475,0.0040631923,0.001089027,Rndm,63518.0,Irregular,Irregular,1
455809360,39.0,LS,1.3048205633220995,0.0175472641899228,0.0170311008021027,4.019674329367263,0.1440217345952987,Rndm,0.9969730357535236,0.0,0.0534929136901212,0.25829026,0.11845596,Rndm,63519.0,Irregular,Irregular,1
455809360,39.0,LS,1.4102606088430776,0.0131663724740466,0.0126403819932405,4.7381776935053495,0.1440217345952987,Rndm,0.9999486455096211,0.0,0.0599804870714762,0.26302123,0.12296211,Rndm,63520.0,Irregular,Irregular,1
455809360,39.0,LS,1.5865431849484624,0.050669342131217,0.0493972970372193,3.92121038237201,0.1440217345952987,Rndm,0.7,0.02,0.1418756018489436,0.6382824,0.2746998,Rndm,63521.0,Irregular,Irregular,1
455809360,39.0,LS,1.7236518552526503,0.0241407676821747,0.0208704807858374,3.1684854371487745,0.1440217345952987,Rndm,0.827,0.0,0.1258190581180047,0.6791142,0.272016,Rndm,63522.0,Irregular,Irregular,1
455809360,39.0,LS,1.9664197221896436,0.0154516620025304,0.0123685878893958,4.311393683201459,0.1440217345952987,Rndm,0.929,0.0,0.0624724983053531,0.24474072,0.071301974,Rndm,63523.0,Irregular,Irregular,1
455809360,39.0,LS,2.147935388853303,0.013476242393987,0.0073385472818301,2.838838718251281,0.1440217345952987,Rndm,0.946,0.0,0.0729619736575156,0.27725324,0.1055078,Rndm,63524.0,Irregular,Irregular,1
455809360,39.0,LS,2.4931392906332976,0.0385596097271152,0.0224065854680078,2.852098510533324,0.1440217345952987,Rndm,0.849,0.0,0.0823843307822004,0.5892088,0.17561176,Rndm,63525.0,Irregular,Irregular,1
455809360,39.0,LS,2.792316005509293,0.0741958010164559,0.0615786696807364,2.933618785273211,0.1440217345952987,Rndm,0.467,0.14,0.099935178991184,0.25121278,0.10289129,Rndm,63526.0,Irregular,Irregular,1
455809360,39.0,LS,3.1730863698969243,0.1965857285220746,0.1937811326640172,3.672950986339856,0.1440217345952987,Rndm,0.582,0.2,0.1838367797803257,0.4080398,0.11075471,CEP,63527.0,Irregular,Irregular,1
455809360,39.0,LS,3.773400007444992,0.0912661005055063,0.0352968129670504,2.4031038500925206,0.1440217345952987,Rndm,0.615,0.02,0.1561889317461388,0.64816785,0.26375663,Rndm,63528.0,Irregular,Irregular,1
455809360,39.0,LS,4.814337940533265,0.2543983170680073,0.2521698477460141,5.036189969225234,0.1440217345952987,LPV,0.575,0.06,0.120005093225246,0.34382197,0.18544687,LPV,63529.0,Irregular,Irregular,1
455809360,39.0,LS,6.648371441688794,0.0850668361376994,0.04249170641243,8.88204984573531,0.1440217345952987,LPV,0.859,0.0,0.0761353426471569,0.19053793,0.06040717,LPV,63530.0,Irregular,Irregular,1
455809360,65.0,LS,0.4231801236775002,0.0171059864925972,0.0170922057995664,5.317062002362945,0.1074730698019266,Rndm,0.996,0.0,0.0006209669878504,7.42351e-07,1.625798e-07,Rndm,63531.0,Irregular,Irregular,1
455809360,65.0,LS,0.9944732906421256,0.0139758425924654,0.0139347455685068,3.522796248358645,0.1074730698019266,Rndm,0.995997425997426,0.0,0.0023405925233224,1.4347985e-05,5.6175913e-06,Rndm,63532.0,Irregular,Irregular,1
455809360,65.0,LS,1.1798835651686237,0.0156091708052586,0.0154898258081596,4.400732681351656,0.1074730698019266,Rndm,0.993998712998713,0.0,0.0392380137898421,0.020857397,0.01498112,Rndm,63533.0,Irregular,Irregular,1
455809360,65.0,LS,1.5643400077516585,0.0991302743706813,0.0990869533647188,5.250903644853679,0.1074730698019266,Rndm,0.744,0.04,0.1674372670584419,0.63866746,0.249935,Rndm,63534.0,Irregular,Irregular,1
455809360,65.0,LS,2.2455848498370576,0.0857242289856967,0.0816857342701117,4.472443948627188,0.1074730698019266,Rndm,0.817,0.0,0.1504720551437411,0.58383566,0.23104745,Rndm,63535.0,Irregular,Irregular,1
455809360,65.0,LS,3.9778931625685017,0.2003470256326256,0.1995622964544014,4.779422816369333,0.1074730698019266,Rndm,0.418,0.38,0.1709556386902754,1.1024432,0.39611614,CEP,63536.0,Irregular,Irregular,1
455809360,65.0,LS,9.281750712659838,0.193481531513593,0.1869004896455957,4.314785106998897,0.1074730698019266,Rndm,0.463,0.38,0.207676502281794,1.1283727,0.33909127,Rndm,63537.0,Irregular,Irregular,1
458076489,63.0,LS,0.9340083947526006,0.0140931178392648,0.0139840608334904,4.519062621471676,0.1439712848514318,Rndm,0.995997425997426,0.0,0.001708332520325,1.8830924e-05,2.785827e-06,Rndm,143912.0,Irregular,Irregular,1
458076489,63.0,LS,1.216781578485039,0.0119197142419118,0.0117462051533915,5.989706341511919,0.1439712848514318,Rndm,0.9949743227548108,0.0,0.0446355114539509,0.035997424,0.016864829,Rndm,143913.0,Irregular,Irregular,1
458076489,63.0,LS,1.4902156410659468,0.0113130056388292,0.0109696429998533,4.136185640538315,0.1439712848514318,Rndm,0.9999486455096211,0.0,0.0194895743245142,0.014591863,0.007612876,Rndm,143914.0,Irregular,Irregular,1
458076489,63.0,LS,2.139180517014021,0.0199440583299583,0.0195108048455977,5.564881551417784,0.1439712848514318,Rndm,0.9999486455096211,0.0,0.0661396997977385,0.15376353,0.09949863,Rndm,143915.0,Irregular,Irregular,1
458076489,63.0,LS,3.2348583428016893,0.0302408689178498,0.0296622638072146,4.935142910369905,0.1439712848514318,Rndm,0.979,0.0,0.1086069260746212,0.4256065,0.21646458,Rndm,143916.0,Irregular,Irregular,1
458076489,63.0,LS,8.289324503429327,0.0531946082542818,0.0466969855265143,3.068675545291626,0.1439712848514318,LPV,0.701,0.12,0.1800259359092461,0.6728009,0.2264445,LPV,143917.0,Irregular,Irregular,1
458076489,64.0,LS,0.7195665266136951,0.0133706613442172,0.0132797340166201,7.524528199064662,0.0818257220089435,Rndm,0.966,0.0,0.0639061937530314,0.19548494,0.08890558,Rndm,143918.0,Irregular,Irregular,1
458076489,64.0,LS,0.8357698166258446,0.0292303404181585,0.0280678104610834,3.743398543017975,0.0818257220089435,Rndm,0.978998712998713,0.0,0.0952891387275734,0.3513516,0.2151328,Rndm,143919.0,Irregular,Irregular,1
458076489,64.0,LS,1.0350687728981611,0.0491053898029506,0.0487912544679678,3.474940580676048,0.0818257220089435,Rndm,0.392,0.44,0.2512152352067843,1.1712103,0.37351292,Rndm,143920.0,Irregular,Irregular,1
458076489,64.0,LS,1.306397480356903,0.050835794061858,0.0507030859190288,4.435459032185463,0.0818257220089435,Rndm,0.829,0.06,0.2158381531458411,0.8833911,0.35281774,Rndm,143921.0,Irregular,Irregular,1
458076489,64.0,LS,1.843273157215904,0.0735732658867301,0.0719147372060498,3.8181093447710737,0.0818257220089435,Rndm,0.363,0.5,0.1202748918103857,0.715131,0.32364002,CEP,143922.0,Irregular,Irregular,1
458076489,64.0,LS,2.49183223105113,0.025992919882799,0.0164844592694676,2.978977412116365,0.0818257220089435,Rndm,0.948,0.02,0.1450725376883229,0.47505024,0.1669812,Rndm,143923.0,Irregular,Irregular,1
458076489,64.0,LS,3.957615896375324,0.2266495708893286,0.2257685918218817,4.261033842405595,0.0818257220089435,Rndm,0.51,0.4,0.3668709288019425,1.0695908,0.37706983,ELL,143924.0,Irregular,Irregular,1
458076489,64.0,LS,8.970596031784071,0.0935602190320153,0.0706054326420602,3.546287848825159,0.0818257220089435,LPV,0.745,0.12,0.1931036985663402,0.9847118,0.23207767,LPV,143925.0,Irregular,Irregular,1
458435020,63.0,LS,0.6056661480218247,0.0131546479037914,0.0131379275128212,9.528549705421028,0.0362345436587929,Rndm,0.996,0.0,0.0231862027939031,0.001505971,0.0007700719,Rndm,139404.0,Irregular,Irregular,1
458435020,63.0,LS,0.6534033813634464,0.010044923009326,0.0095538155127653,7.034208728429803,0.0362345436587929,Rndm,0.996,0.0,0.0176977286678262,0.00026160426,5.8887483e-05,Rndm,139405.0,Irregular,Irregular,1
458435020,63.0,LS,0.7711679442836026,0.0424285159391233,0.0417914426573412,5.183627635040466,0.0362345436587929,Rndm,0.929997425997426,0.04,0.1648015909734342,0.36251542,0.16485707,Rndm,139406.0,Irregular,Irregular,1
458435020,63.0,LS,0.8842725761118643,0.0124526235779405,0.0116083548112542,3.493233072651492,0.0362345436587929,Rndm,0.993997425997426,0.0,0.0421541013786935,0.029789804,0.013950519,Rndm,139407.0,Irregular,Irregular,1
458435020,63.0,LS,0.982525084568738,0.0908976901038044,0.0908530638824139,5.355453833864885,0.0362345436587929,Rndm,0.671,0.36,0.3368530033988693,1.1546134,0.41535765,Rndm,139408.0,Irregular,Irregular,1
458435020,63.0,LS,1.1738131541307932,0.0823688293442248,0.0803788220438566,5.361631793202832,0.0362345436587929,Rndm,0.418,0.38,0.1881964093555941,1.0007346,0.41974443,CEP,139409.0,Irregular,Irregular,1
458435020,63.0,LS,1.5790581716283292,0.0704886005114695,0.0691638121144457,4.920634050140507,0.0362345436587929,Rndm,0.637,0.24,0.2951438879508171,1.1718575,0.375868,Rndm,139410.0,Irregular,Irregular,1
458435020,63.0,LS,2.456312711421845,0.0592807944198263,0.0590247937322136,3.900499888088234,0.0362345436587929,Rndm,0.908,0.02,0.130408431379155,0.36416167,0.16694157,Rndm,139411.0,Irregular,Irregular,1
458435020,63.0,LS,11.05340720139831,0.1829384233269484,0.0562230698378366,2.9045763454087137,0.0362345436587929,LPV,0.721,0.02,0.1680462269734134,0.82997096,0.4144628,LPV,139412.0,Irregular,Irregular,1
458435020,64.0,LS,0.6407573402749503,0.0160173234823693,0.0158998175812784,3.958455115574907,0.0434644427150487,Rndm,0.95,0.04,0.1944995629815142,0.49293578,0.25241804,Rndm,139413.0,Irregular,Irregular,1
458435020,64.0,LS,0.820481960108168,0.0574089415126491,0.0573677441482979,4.6330048031013575,0.0434644427150487,Rndm,0.361,0.28,0.1004634142362282,0.9876095,0.38455015,CEP,139414.0,Irregular,Irregular,1
458435020,64.0,LS,1.1120581938656162,0.0385145933728323,0.0369309901571189,4.43679131463432,0.0434644427150487,Rndm,0.858,0.06,0.2196024697749592,0.5903532,0.26594,Rndm,139415.0,Irregular,Irregular,1
458435020,64.0,LS,1.4016566818514538,0.0404808424897906,0.0363811612440528,3.853493012025865,0.0434644427150487,Rndm,0.844,0.06,0.2210722817112169,0.9330454,0.35241452,Rndm,139416.0,Irregular,Irregular,1
458435020,64.0,LS,1.6612227340461674,0.0245599428009593,0.0204094837057816,8.681356407025305,0.0434644427150487,Rndm,0.59,0.32,0.2948647266598473,1.2396681,0.36197153,Rndm,139417.0,Irregular,Irregular,1
458435020,64.0,LS,2.446528026504356,0.2536511073095525,0.2534980558584641,5.731477846547932,0.0434644427150487,Rndm,0.372,0.42,0.1329528096732069,0.4137409,0.22896649,Rndm,139418.0,Irregular,Irregular,1
458435020,64.0,LS,4.204970045554361,0.0319804343086428,0.0186484496277832,2.681481513303879,0.0434644427150487,Rndm,0.403,0.5,0.3808374713706622,0.9615803,0.30926514,ELL,139419.0,Irregular,Irregular,1
458435020,64.0,LS,9.611360104124255,0.1141871698811806,0.0910322097758629,3.8913527512122528,0.0434644427150487,Rndm,0.5155000000000001,0.34,0.3681685641116036,1.1444975,0.31849417,ELL,139420.0,Irregular,Irregular,1
459669729,64.0,LS,0.462403970730612,0.0171636434726059,0.0171056170530571,4.881613486239075,0.0399407232180237,Rndm,0.996,0.02,0.1357014369857593,0.091124,0.12744364,Rndm,100136.0,Irregular,Irregular,1
459669729,64.0,LS,0.5560312210025129,0.020519524945024,0.0202360141941033,4.142876095746033,0.0399407232180237,Rndm,0.996,0.02,0.1211428512129378,0.116118655,0.10296222,Rndm,100137.0,Irregular,Irregular,1
459669729,64.0,LS,0.6116343431027641,0.0313033489696086,0.0312453510884598,4.249844073619897,0.0399407232180237,Rndm,0.996,0.02,0.1381664213910167,0.10602123,0.118360735,Rndm,100138.0,Irregular,Irregular,1
459669729,64.0,LS,0.7313019319706964,0.027353895523024,0.0270268530088159,4.256710764278978,0.0399407232180237,Rndm,0.996,0.04,0.1811072787051917,0.20813324,0.19187759,Rndm,100139.0,Irregular,Irregular,1
459669729,64.0,LS,0.8625612530936417,0.0444718190063099,0.0440748910858666,6.842382964910939,0.0399407232180237,Rndm,0.681,0.32,0.3495757437264252,1.0823781,0.40730235,Rndm,100140.0,Irregular,Irregular,1
459669729,64.0,LS,1.0939801258748627,0.0281527935563238,0.0276063751774331,4.768100646273524,0.0399407232180237,Rndm,0.855,0.18,0.2960477206428764,0.73545784,0.3630674,Rndm,100141.0,Irregular,Irregular,1
459669729,64.0,LS,1.2815195760248392,0.0190406999711531,0.0175556637323479,2.995258192775509,0.0399407232180237,Rndm,0.991997425997426,0.02,0.1373282885001541,0.123875014,0.13381894,Rndm,100142.0,Irregular,Irregular,1
459669729,64.0,LS,1.5466615572713578,0.0659074510743919,0.0653892847598491,11.410255506903924,0.0399407232180237,Rndm,0.805,0.26,0.3038833994812512,0.8930831,0.3918682,Rndm,100143.0,Irregular,Irregular,1
459669729,64.0,LS,2.1703154110098084,0.0334143381814058,0.0320112603840672,4.252349378682993,0.0399407232180237,Rndm,0.959,0.02,0.1591528130452516,0.44848832,0.24142738,Rndm,100144.0,Irregular,Irregular,1
459669729,64.0,LS,3.129291987967631,0.0609935857454734,0.0477279244819531,3.946530886049004,0.0399407232180237,Rndm,0.505,0.44,0.3270182363739184,1.1319132,0.3996266,Rndm,100145.0,Irregular,Irregular,1
459669729,64.0,LS,8.40997221766301,0.1607095522501466,0.1600508701718014,4.288081508078903,0.0399407232180237,LPV,0.872,0.02,0.1939919338529311,0.83597195,0.31021765,LPV,100146.0,Irregular,Irregular,1
459669729,63.0,LS,0.5222102086949998,0.0152106857929261,0.0151849436347934,4.685454823655164,0.041835093870759,Rndm,0.963,0.08,0.2436127451509875,0.426522,0.26196495,Rndm,100337.0,Irregular,Irregular,1
459669729,63.0,LS,0.7756806608685961,0.023893107807341,0.0231337721059634,3.62067663695052,0.041835093870759,Rndm,0.535,0.34,0.3019902806046287,1.1362617,0.42317998,Rndm,100338.0,Irregular,Irregular,1
459669729,63.0,LS,0.9611695145545648,0.0192849579348964,0.0178466069122598,10.056381660142506,0.041835093870759,Rndm,0.997997425997426,0.02,0.1376216754763058,0.16602533,0.14381075,Rndm,100339.0,Irregular,Irregular,1
459669729,63.0,LS,1.163520991302894,0.0379063344628664,0.0375504603415165,4.064865213960729,0.041835093870759,Rndm,0.945997425997426,0.02,0.135852213447753,0.22195351,0.15270278,Rndm,100340.0,Irregular,Irregular,1
459669729,63.0,LS,1.3534836021278565,0.0166878455084967,0.0156849564969916,3.752127133946488,0.041835093870759,Rndm,0.995997425997426,0.0,0.052995079980215,0.06543026,0.045431018,Rndm,100341.0,Irregular,Irregular,1
459669729,63.0,LS,1.6175779635186578,0.0707143671330131,0.0706832355608317,4.181974223170982,0.041835093870759,Rndm,0.914997425997426,0.12,0.2798419713311523,0.5943757,0.3173022,Rndm,100342.0,Irregular,Irregular,1
459669729,63.0,LS,2.009718075886817,0.0589511244920273,0.057141996104438,5.344127268439479,0.041835093870759,Rndm,0.832,0.0,0.1619553029760355,0.61041015,0.3029359,Rndm,100343.0,Irregular,Irregular,1
459669729,63.0,LS,2.706967204255713,0.1909811251187717,0.1897894200889861,4.379419785011123,0.041835093870759,Rndm,0.375,0.2,0.1081593269209826,0.4216671,0.2206625,CEP,100344.0,Irregular,Irregular,1
459669729,63.0,LS,3.7897540859579983,0.0655968208107606,0.0640732916092787,3.234500421960547,0.041835093870759,Rndm,0.831,0.02,0.1984562173310463,0.68186593,0.31286836,Rndm,100345.0,Irregular,Irregular,1
459669729,63.0,LS,8.290087063033123,0.0939291286242012,0.0641840415860403,6.586627871467499,0.041835093870759,Rndm,0.3379999999999999,0.46,0.176623083429092,1.0863702,0.3839584,CEP,100346.0,Irregular,Irregular,1
459807846,63.0,LS,0.2902180629253371,0.0103975268221299,0.0103348038320947,3.302958271411626,0.1363872829824686,Rndm,0.996,0.0,0.0474424451309162,0.059401453,0.075021006,Rndm,98375.0,Irregular,Irregular,1
459807846,63.0,LS,0.3048957580617908,0.0207159961571727,0.0203385406058208,3.600422137609712,0.1363872829824686,Rndm,0.996,0.0,0.0171041047704929,0.00023758746,7.2680676e-05,Rndm,98376.0,Irregular,Irregular,1
459807846,63.0,LS,0.3211371785880849,0.0268056004004355,0.02680526961551,5.28705329263903,0.1363872829824686,Rndm,0.996,0.0,0.0083507125444479,9.744323e-05,2.3454839e-05,Rndm,98377.0,Irregular,Irregular,1
459807846,63.0,LS,0.5347969949874155,0.0420637432019401,0.039771556081631,4.003682109458168,0.1363872829824686,Rndm,0.994,0.0,0.0399960798079011,0.0790853,0.033905942,Rndm,98378.0,Irregular,Irregular,1
459807846,63.0,LS,0.6001341844202671,0.0712059545785116,0.0681364527469697,3.7386902446196473,0.1363872829824686,Rndm,0.482,0.48,0.3388252387293485,1.3066919,0.35519964,Rndm,98379.0,Irregular,Irregular,1
459807846,63.0,LS,0.6598490286411892,0.1066601419487196,0.1066490764480352,3.9951889291951375,0.1363872829824686,Rndm,0.392,0.22,0.0976285532003829,0.669242,0.41483566,CEP,98380.0,Irregular,Irregular,1
459807846,63.0,LS,2.706727648099572,0.0219292868787119,0.0217952451416318,4.122468645626213,0.1363872829824686,Rndm,0.657,0.2,0.2198341755544083,0.85394084,0.34854263,Rndm,98381.0,Irregular,Irregular,1
459807846,63.0,LS,6.315697845565668,0.1434068048815773,0.0783564507982912,3.0920405205069983,0.1363872829824686,LPV,0.882,0.1,0.170429898785395,0.4025023,0.24604626,LPV,98382.0,Irregular,Irregular,1
459807846,63.0,ACF,0.6134373074200994,0.7471576088740434,0.6161040572702622,91.82623530136595,0.1363872829824686,Rndm,0.841,0.08,0.2210210089561624,0.8774931,0.34812826,Rndm,98383.0,Irregular,Irregular,1
459807846,63.0,ACF,1.238448903659446,0.4425532129274161,0.3887199307987127,96.88347859017176,0.1363872829824686,Rndm,0.5135000000000001,0.46,0.318167350768631,1.1093485,0.32830533,E,98384.0,Irregular,Irregular,1
459807846,64.0,LS,0.2957091911051784,0.0113835184194404,0.0112851262958262,4.688340987264382,0.1519513130187988,Rndm,0.996,0.0,0.0122648114539115,0.0012618885,0.00077749963,Rndm,98385.0,Irregular,Irregular,1
459807846,64.0,LS,0.3085956008093031,0.0230903988768539,0.0230903919404326,4.126465211753384,0.1519513130187988,Rndm,0.996,0.0,0.0115416463297053,0.00025206112,0.00011560356,Rndm,98386.0,Irregular,Irregular,1
459807846,64.0,LS,0.5339193728287943,0.0131963732959638,0.0130448998464187,3.704608589014242,0.1519513130187988,Rndm,0.996,0.0,0.0046261863343363,0.00036361537,0.00020364251,Rndm,98387.0,Irregular,Irregular,1
459807846,64.0,LS,0.6033528338693102,0.0380789821801051,0.0318932757869254,4.136742454655177,0.1519513130187988,Rndm,0.996,0.0,0.0073783466982786,0.0009014324,0.000532311,Rndm,98388.0,Irregular,Irregular,1
459807846,64.0,LS,0.6595474605532166,0.2482153688464599,0.248211130503401,4.228177529690584,0.1519513130187988,Rndm,0.388,0.44,0.129352232296161,1.4458658,0.4188913,CEP,98389.0,Irregular,Irregular,1
459807846,64.0,LS,7.474871219603123,0.2036440731608549,0.1984709690846154,7.21247084064089,0.1519513130187988,Rndm,0.483,0.38,0.2726899954160401,1.1787204,0.38857567,LPV,98390.0,Irregular,Irregular,1
459807846,64.0,ACF,0.6296256059431471,0.8551140522199228,0.8101807871787134,118.45273244359518,0.1519513130187988,Rndm,0.94,0.02,0.1586658425748907,0.6491893,0.32672742,Rndm,98391.0,Irregular,Irregular,1
459807846,64.0,ACF,1.2661956119518436,0.6000536775402955,0.6544752188773009,124.4800667017796,0.1519513130187988,Rndm,0.934,0.18,0.3325225857178286,0.7269579,0.34221563,Rndm,98392.0,Irregular,Irregular,1
461034318,10.0,LS,6.51317440519757,0.0314189728544482,0.0294058838988378,3.755698037212369,0.0015828081814106,LPV,0.888,0.0,0.078280327030487,0.23347196,0.08175965,LPV,122098.0,Irregular,Irregular,1
461034318,10.0,LS,9.519254899904142,0.026256056068853,0.0130360589786836,2.793277601882437,0.0015828081814106,Rndm,0.543,0.26,0.1534427528428762,1.0674012,0.21412052,LPV,122099.0,Irregular,Irregular,1
461034318,10.0,ACF,0.3333339665114181,0.113773888308634,0.0436232965571375,1.4153389962339666,0.0015828081814106,Rndm,0.96,0.0,0.0515731558080364,0.105142154,0.08903483,Rndm,122100.0,Irregular,Irregular,1
461034318,10.0,ACF,0.4583342039531999,0.1125103571086847,0.0418221851454789,2.025775038303479,0.0015828081814106,Rndm,0.93,0.0,0.0282222323709517,0.14715017,0.02949146,Rndm,122101.0,Irregular,Irregular,1
461034318,10.0,ACF,0.5833344413949817,0.1598093550601954,0.0965933098025606,4.802302180620934,0.0015828081814106,Rndm,0.907,0.0,0.0647597899934828,0.42136952,0.14792258,Rndm,122102.0,Irregular,Irregular,1
461034318,10.0,ACF,0.7291680517437271,0.1462693424249413,0.0633015737023997,4.582380662762152,0.0015828081814106,Rndm,0.849,0.0,0.071801114197483,0.5967138,0.20409326,Rndm,122103.0,Irregular,Irregular,1
461034318,63.0,ACF,0.018518832315749,0.0659091962563779,0.0118114198070501,1.6899006834658667,0.0047447404358536,Rndm,0.974,0.0,0.0058738743602497,0.020148009,0.0061823465,Rndm,122104.0,Irregular,Irregular,1
461034318,63.0,ACF,0.0393525186709666,0.0612643072207936,0.0154249823998603,1.606148731294052,0.0047447404358536,Rndm,0.974,0.0,0.0115826767199987,0.044093993,0.02509376,Rndm,122105.0,Irregular,Irregular,1
461034318,63.0,ACF,0.0486119348288411,0.0547009249692009,0.0110865085875778,1.6995608368366035,0.0047447404358536,Rndm,0.974,0.0,0.0130412269361437,0.0054152445,0.002200549,Rndm,122106.0,Irregular,Irregular,1
461034318,63.0,ACF,0.0532416429077784,0.0760695236775443,0.0374120971779619,2.042909547601017,0.0047447404358536,Rndm,0.972,0.0,0.0140764199994174,0.0034495154,0.00093048747,Rndm,122107.0,Irregular,Irregular,1
461034318,63.0,ACF,0.0694456211840588,0.0604203050642136,0.0288880575579225,4.716724955380023,0.0047447404358536,Rndm,0.94,0.0,0.0238912201446472,0.04314545,0.027496891,Rndm,122108.0,Irregular,Irregular,1
461034318,63.0,ACF,0.0833347454208706,0.0490147406612304,0.0062442977656994,1.0490707877016447,0.0047447404358536,Rndm,0.938,0.02,0.1088389709616918,0.19314036,0.15474989,Rndm,122109.0,Irregular,Irregular,1
461034318,63.0,ACF,0.0925941615787451,0.0489612026033363,0.0158070709400844,2.9567262577146565,0.0047447404358536,Rndm,0.94,0.0,0.0350514136662132,0.1085827,0.07219818,Rndm,122110.0,Irregular,Irregular,1
461034318,63.0,ACF,0.099538723697151,0.052805736791663,0.0208939154638233,1.3045860060882433,0.0047447404358536,Rndm,0.941,0.0,0.0195765165440636,0.02202539,0.014804305,Rndm,122111.0,Irregular,Irregular,1
461034318,63.0,ACF,0.1134278479339627,0.0334352361246451,0.0046730338309669,1.2473763926007422,0.0047447404358536,Rndm,0.939,0.0,0.0559248388464374,0.052798454,0.05673187,Rndm,122112.0,Irregular,Irregular,1
461034318,63.0,ACF,0.1180575560129,0.0460685646397842,0.0204102453028345,1.3721286994920376,0.0047447404358536,Rndm,0.936,0.02,0.1117429926214615,0.15202467,0.13476129,Rndm,122113.0,Irregular,Irregular,1
461034318,63.0,ACF,0.1319466802497118,0.0523856044197158,0.0319794729641144,1.945202757462788,0.0047447404358536,Rndm,0.94,0.02,0.0835383720214848,0.119268134,0.10213035,Rndm,122114.0,Irregular,Irregular,1
461034318,63.0,ACF,0.1412060964075863,0.0387869716980059,0.0150084117982391,1.3412113465192803,0.0047447404358536,Rndm,0.938,0.08,0.1812720265236752,0.28687128,0.21787351,Rndm,122115.0,Irregular,Irregular,1
461034318,63.0,ACF,0.1458358044865235,0.0497000001103525,0.026771521037017,1.0342627992769025,0.0047447404358536,Rndm,0.938,0.02,0.129429672023072,0.1447213,0.14286017,Rndm,122116.0,Irregular,Irregular,1
461034318,63.0,ACF,0.1597249287233353,0.0366811185234794,0.0037751801021159,1.0110722107959589,0.0047447404358536,Rndm,0.935,0.0,0.0710500921885397,0.13883382,0.087518185,Rndm,122117.0,Irregular,Irregular,1
461034318,63.0,ACF,0.1643546368022725,0.0434877827972003,0.0196357283837596,1.6102438185884154,0.0047447404358536,Rndm,0.935,0.04,0.1580575604012664,0.17404783,0.17897834,Rndm,122118.0,Irregular,Irregular,1
461034318,63.0,ACF,0.1875031771969588,0.0367208402869,0.0243261223970635,1.1871354198194126,0.0047447404358536,Rndm,0.936,0.02,0.0848500229817293,0.1603174,0.12336858,Rndm,122119.0,Irregular,Irregular,1
461034318,63.0,ACF,0.1921328852758961,0.0337281182824761,0.0234120257445264,1.4770345033732468,0.0047447404358536,Rndm,0.934,0.0,0.0311503194205131,0.09170605,0.06258169,Rndm,122120.0,Irregular,Irregular,1
461034318,64.0,ACF,0.0115740047658619,0.0512978653320776,0.0194587365346483,4.614725882159934,0.0047029872075654,Rndm,0.962,0.0,0.0194584274801433,0.20992541,0.04296342,Rndm,122121.0,Irregular,Irregular,1
461034318,64.0,ACF,0.037036815250758,0.0517128467204451,0.0198920767120343,1.4765382275098222,0.0047029872075654,Rndm,0.974,0.0,0.0216240031241005,0.12859792,0.0959689,Rndm,122122.0,Irregular,Irregular,1
461034318,64.0,ACF,0.0416664171571028,0.054616730038474,0.0305500189356927,1.298983129333637,0.0047029872075654,Rndm,0.974,0.0,0.0075077559896416,0.0047519994,0.0014247516,Rndm,122123.0,Irregular,Irregular,1
461034318,64.0,ACF,0.0532404219229647,0.0505750104343775,0.0238372600808401,1.497887994505298,0.0047029872075654,Rndm,0.972,0.0,0.0152002105248578,0.0021012814,0.00054213335,Rndm,122124.0,Irregular,Irregular,1
461034318,64.0,ACF,0.0648144266888266,0.0550689326769761,0.0344316118663387,4.013998202936907,0.0047029872075654,Rndm,0.943,0.0,0.0143960550151768,0.0029612477,0.0015911288,Rndm,122125.0,Irregular,Irregular,1
461034318,64.0,ACF,0.0810180333610333,0.0428765844115999,0.0139914849353129,2.259936216659483,0.0047029872075654,Rndm,0.937,0.0,0.0674377490727559,0.124334484,0.09920922,Rndm,122126.0,Irregular,Irregular,1
461034318,64.0,ACF,0.1087956447991018,0.0453449418241812,0.0362330342994351,6.463871786508378,0.0047029872075654,Rndm,0.94,0.0,0.010257173099836,0.0034560622,0.0011691855,Rndm,122127.0,Irregular,Irregular,1
461034318,64.0,ACF,0.1365732562371704,0.0368081090026524,0.0257200713564444,2.6618202816843777,0.0047029872075654,Rndm,0.942,0.0,0.0194835725676786,0.027775474,0.014853202,Rndm,122128.0,Irregular,Irregular,1
461034318,64.0,ACF,0.1458324600498599,0.0300398968496922,0.0134525705990493,2.5530247795221754,0.0047029872075654,Rndm,0.942,0.0,0.0260107362448662,0.06529691,0.053693052,Rndm,122129.0,Irregular,Irregular,1
461034318,64.0,ACF,0.1550916638625494,0.0358543246048088,0.0245991657776865,1.935204584021747,0.0047029872075654,Rndm,0.941,0.0,0.0305570679221681,0.08534591,0.07380606,Rndm,122130.0,Irregular,Irregular,1
461034318,64.0,ACF,0.1666656686284113,0.0330926261457917,0.0130931354288984,2.182946022701529,0.0047029872075654,Rndm,0.94,0.0,0.0193047558907125,0.021373736,0.013620325,Rndm,122131.0,Irregular,Irregular,1
467347559,64.0,LS,1.4164295328807956,0.0269311896592986,0.0269300223422284,4.82350701489122,0.0582798989489674,Rndm,0.991997425997426,0.0,0.061369389135184,0.076417096,0.06013083,Rndm,119667.0,Irregular,Irregular,1
467347559,64.0,LS,1.7941440749823416,0.0107231312104349,0.0093167452000745,5.349174465205579,0.0582798989489674,Rndm,0.972,0.0,0.0616668499629037,0.06410961,0.037312567,Rndm,119668.0,Irregular,Irregular,1
467347559,64.0,LS,2.4028715289942078,0.0344091353351377,0.0239503881223519,2.984000355911121,0.0582798989489674,Rndm,0.993997425997426,0.0,0.0113469848893579,0.00045081068,0.00012717735,Rndm,119669.0,Irregular,Irregular,1
467347559,64.0,LS,3.541073832201989,0.0481467367169964,0.0434203574546899,4.2764873622618325,0.0582798989489674,Rndm,0.916,0.0,0.08647135376674,0.14211126,0.09088172,Rndm,119670.0,Irregular,Irregular,1
467347559,64.0,LS,7.082147664403979,0.3699448605291277,0.3694308917215201,4.986786677334749,0.0582798989489674,LPV,0.898,0.04,0.2053581612695244,0.8175609,0.3133113,LPV,119671.0,Irregular,Irregular,1
467670000,64.0,LS,1.3322790710091814,0.0116872892947087,0.0115319477892253,7.8772878504569235,0.0087486725533381,Rndm,0.924997425997426,0.06,0.1904906443369461,0.30709732,0.23403819,Rndm,107941.0,Irregular,Irregular,1
467670000,64.0,LS,2.7461262484066804,0.0146858102928509,0.0135316141013961,7.548113320404809,0.0087486725533381,Rndm,0.953997425997426,0.0,0.0501675514285327,0.06959873,0.07398425,Rndm,107942.0,Irregular,Irregular,1
467670000,64.0,LS,5.17539177584336,0.1351326592817439,0.1248333781709227,6.541638962018624,0.0087486725533381,Rndm,0.301,0.5,0.1836026840762411,1.2840159,0.42763516,CEP,107943.0,Irregular,Irregular,1
467670000,64.0,LS,11.213348847660615,0.3883118784305382,0.2540074649246399,2.775786101705308,0.0087486725533381,LPV,0.888,0.0,0.1637333246471224,0.6437703,0.40200016,LPV,107944.0,Irregular,Irregular,1
469398417,66.0,LS,0.4351415218325252,0.0141733832399574,0.0141460177240701,4.206637788352964,0.0454707304015755,Rndm,0.997,0.0,0.0316411124962445,0.002176688,0.00052403007,Rndm,109667.0,Irregular,Irregular,1
469398417,66.0,LS,0.5314281564507861,0.0243882349672616,0.023560165549256,3.784905537435407,0.0454707304015755,Rndm,0.998,0.0,0.0701687223768539,0.12762414,0.09530611,Rndm,109668.0,Irregular,Irregular,1
469398417,66.0,LS,0.5650932885336414,0.0117391723105448,0.0102517323351646,3.685188941068191,0.0454707304015755,Rndm,0.995,0.0,0.0347908033825032,0.051686503,0.02545105,Rndm,109669.0,Irregular,Irregular,1
469398417,66.0,LS,0.6091981305655353,0.0752429655107324,0.0740558312402993,5.355043578569166,0.0454707304015755,Rndm,0.569,0.2,0.2476976350310999,0.9556098,0.37462485,Rndm,109670.0,Irregular,Irregular,1
469398417,66.0,LS,0.6938089820329708,0.0840730524801846,0.0840011589274564,4.54603828083782,0.0454707304015755,Rndm,0.767,0.08,0.2237188092226489,0.8785569,0.33305654,Rndm,109671.0,Irregular,Irregular,1
469398417,66.0,LS,0.7568825258541498,0.045422933938772,0.0439026506073709,8.653203358331666,0.0454707304015755,Rndm,0.979997425997426,0.0,0.0677649261154687,0.165616,0.118232496,Rndm,109672.0,Irregular,Irregular,1
469398417,66.0,LS,0.8495620188158824,0.022772479932013,0.0215905981162369,4.049733197076421,0.0454707304015755,Rndm,0.992998712998713,0.0,0.0389221422836273,0.04059864,0.031080522,Rndm,109673.0,Irregular,Irregular,1
469398417,66.0,LS,0.93898959974387,0.0299115235770425,0.0280271826325852,5.399857012314897,0.0454707304015755,Rndm,0.996997425997426,0.0,0.0427648289892653,0.022983791,0.011708725,Rndm,109674.0,Irregular,Irregular,1
469398417,66.0,LS,1.0494589644196195,0.0247404698157018,0.0199399362132895,3.4271611059302813,0.0454707304015755,Rndm,0.976,0.0,0.0505863300126937,0.08706181,0.0429975,Rndm,109675.0,Irregular,Irregular,1
469398417,66.0,LS,1.2124817161741237,0.0896645257033289,0.0894488758571371,5.429893514134164,0.0454707304015755,Rndm,0.591,0.48,0.4130605868392674,1.0929288,0.39006728,Rndm,109676.0,Irregular,Irregular,1
469398417,66.0,LS,1.3876179640659416,0.0290916414610009,0.0280052917933671,3.415065458830213,0.0454707304015755,Rndm,0.942,0.06,0.2229013111268311,0.6658952,0.2543584,Rndm,109677.0,Irregular,Irregular,1
469398417,66.0,LS,1.734522455082427,0.0123467884074647,0.0116033159003166,4.5737198337956215,0.0454707304015755,Rndm,0.998997425997426,0.0,0.0150554850826163,0.028656945,0.011079704,Rndm,109678.0,Irregular,Irregular,1
469398417,66.0,LS,2.5486860564476475,0.093410555399979,0.0929156070142396,7.33797716272602,0.0454707304015755,Rndm,0.728,0.02,0.1637264663367637,0.74668866,0.32686874,Rndm,109679.0,Irregular,Irregular,1
469398417,66.0,LS,3.673106375468668,0.0425357095359847,0.0291981017521182,3.3315654819016345,0.0454707304015755,Rndm,0.899,0.0,0.1529170195364687,0.45650238,0.2296283,Rndm,109680.0,Irregular,Irregular,1
469398417,66.0,LS,8.325707784395645,0.1066183817001997,0.1031622283292268,4.730229095017421,0.0454707304015755,LPV,0.757,0.12,0.2306724951094083,1.068513,0.30757865,LPV,109681.0,Irregular,Irregular,1
