index,source_id,B2_cut_probability,B2_cut_split,sp_Li2021,Cat,sp_ALS,Ra_ALS,DEC_ALS,Sep_Li2021,Sep_ALS,sp_GOSS,LC_goss,sep_GOSS,sp_Chini2012,sep_chini2012,sp_IACOB,sep_IACOB,sp_simbad,other_types_simbad,sep_simbad,sp_Monsalves+2025,ra,dec,ra_error,dec_error,parallax,parallax_error,parallax_over_error,pmra,pmdec,pmra_error,pmdec_error,phot_g_mean_mag,phot_bp_mean_mag,phot_g_n_obs,phot_g_mean_flux_over_error,phot_rp_n_obs,phot_rp_mean_flux_over_error,phot_bp_n_obs,phot_bp_mean_flux_over_error,phot_rp_mean_mag,ph_qual,tmass_oid,j_m,h_m,ks_m,j_ks_0,J-H,astrometric_sigma5d_max,astrometric_excess_noise,visibility_periods_used,ruwe,astrometric_gof_al,ipd_gof_harmonic_amplitude,ipd_frac_odd_win,ipd_frac_multi_peak,matched_transits_removed,astrometric_params_solved,astrometric_excess_noise_sig,phot_variable_flag,skiff_type,Bibcode,ra_skiff,dec_skiff,GroupID_skiff,GroupSize_skiff,Sep_skiff,mk,std_sp,label,Bibcode_list,source_id_list,index_list,skiff_type_list,lum_codification_mean,TIC,RAdeg,DEdeg,2MASS,angDist,l,b,num_counterparts,TIC_multiple_counterpart,sector_list,file,sector,delta_mag,informacion_sp,period,power,amplitud_TESS,Period_2,main_class_vsx,type_vsx
1088963,457619664363369600,0.9141666666666668,,,M,B2,36.98696666666667,56.639555555555546,,0.0032013686138201,,,,,,,,B2,*|NIR|UV,0.016732,,36.98696827283056,56.63955545214857,0.010977827,0.012761743,0.3972177914435875,0.019400137,20.475,-0.489602528035462,-0.9240274206828168,0.015073965,0.015787495,9.446477,9.542778,576,904.3735,63,382.70636,64,293.72534,9.230987,AAA,444158950,9.043,9.006,8.999,-0.0678692500000011,0.036999999999999,0.023027517,0.14393686,21,1.1620405,5.2871823,0.025769468,0,1,3,31,38.812366,NOT_AVAILABLE,OB-,1959LS....C01....0H,02 27 56.87,+56 38 22.5,25514.0,4.0,0.1022827792554484,,,,"1959LS....C01....0H, 1956PMcCO..13a....B, 1950ApJ...111..495P, 1928AnHar.100...49C",457619664363369600,"1088963, 1088964, 1088965, 1088966","OB-, A, B2, B",,423033698,36.98697341336,56.63955959806,02275687+5638224,0.018064,135.95078153702497,-3.772920532322797,1,[423033698],58,Gaia_TIC423033698_S58.dat,58,,1.0,0.2453762281184026,0.9503648998529018,0.0960214375320833,0.650305,ELL,ELL
1088963,457619664363369600,0.9141666666666668,,,M,B2,36.98696666666667,56.639555555555546,,0.0032013686138201,,,,,,,,B2,*|NIR|UV,0.016732,,36.98696827283056,56.63955545214857,0.010977827,0.012761743,0.3972177914435875,0.019400137,20.475,-0.489602528035462,-0.9240274206828168,0.015073965,0.015787495,9.446477,9.542778,576,904.3735,63,382.70636,64,293.72534,9.230987,AAA,444158950,9.043,9.006,8.999,-0.0678692500000011,0.036999999999999,0.023027517,0.14393686,21,1.1620405,5.2871823,0.025769468,0,1,3,31,38.812366,NOT_AVAILABLE,OB-,1959LS....C01....0H,02 27 56.87,+56 38 22.5,25514.0,4.0,0.1022827792554484,,,,"1959LS....C01....0H, 1956PMcCO..13a....B, 1950ApJ...111..495P, 1928AnHar.100...49C",457619664363369600,"1088963, 1088964, 1088965, 1088966","OB-, A, B2, B",,423033698,36.98697341336,56.63955959806,02275687+5638224,0.018064,135.95078153702497,-3.772920532322797,1,[423033698],58,Gaia_TIC423033698_S58.dat,58,,1.0,0.736128684355208,0.9278473073505448,0.0960214375320833,0.650305,ELL,ELL
1088963,457619664363369600,0.9141666666666668,,,M,B2,36.98696666666667,56.639555555555546,,0.0032013686138201,,,,,,,,B2,*|NIR|UV,0.016732,,36.98696827283056,56.63955545214857,0.010977827,0.012761743,0.3972177914435875,0.019400137,20.475,-0.489602528035462,-0.9240274206828168,0.015073965,0.015787495,9.446477,9.542778,576,904.3735,63,382.70636,64,293.72534,9.230987,AAA,444158950,9.043,9.006,8.999,-0.0678692500000011,0.036999999999999,0.023027517,0.14393686,21,1.1620405,5.2871823,0.025769468,0,1,3,31,38.812366,NOT_AVAILABLE,OB-,1959LS....C01....0H,02 27 56.87,+56 38 22.5,25514.0,4.0,0.1022827792554484,,,,"1959LS....C01....0H, 1956PMcCO..13a....B, 1950ApJ...111..495P, 1928AnHar.100...49C",457619664363369600,"1088963, 1088964, 1088965, 1088966","OB-, A, B2, B",,423033698,36.98697341336,56.63955959806,02275687+5638224,0.018064,135.95078153702497,-3.772920532322797,1,[423033698],58,Gaia_TIC423033698_S58.dat,58,,1.0,0.4907524562368053,0.9277386946146864,0.0960214375320833,0.650305,ELL,ELL
1088963,457619664363369600,0.9141666666666668,,,M,B2,36.98696666666667,56.639555555555546,,0.0032013686138201,,,,,,,,B2,*|NIR|UV,0.016732,,36.98696827283056,56.63955545214857,0.010977827,0.012761743,0.3972177914435875,0.019400137,20.475,-0.489602528035462,-0.9240274206828168,0.015073965,0.015787495,9.446477,9.542778,576,904.3735,63,382.70636,64,293.72534,9.230987,AAA,444158950,9.043,9.006,8.999,-0.0678692500000011,0.036999999999999,0.023027517,0.14393686,21,1.1620405,5.2871823,0.025769468,0,1,3,31,38.812366,NOT_AVAILABLE,OB-,1959LS....C01....0H,02 27 56.87,+56 38 22.5,25514.0,4.0,0.1022827792554484,,,,"1959LS....C01....0H, 1956PMcCO..13a....B, 1950ApJ...111..495P, 1928AnHar.100...49C",457619664363369600,"1088963, 1088964, 1088965, 1088966","OB-, A, B2, B",,423033698,36.98697341336,56.63955959806,02275687+5638224,0.018064,135.95078153702497,-3.772920532322797,1,[423033698],58,Gaia_TIC423033698_S58.dat,58,,1.0,0.9815049124736106,0.9254943941883194,0.0960214375320833,0.650305,ELL,ELL
1088963,457619664363369600,0.9141666666666668,,,M,B2,36.98696666666667,56.639555555555546,,0.0032013686138201,,,,,,,,B2,*|NIR|UV,0.016732,,36.98696827283056,56.63955545214857,0.010977827,0.012761743,0.3972177914435875,0.019400137,20.475,-0.489602528035462,-0.9240274206828168,0.015073965,0.015787495,9.446477,9.542778,576,904.3735,63,382.70636,64,293.72534,9.230987,AAA,444158950,9.043,9.006,8.999,-0.0678692500000011,0.036999999999999,0.023027517,0.14393686,21,1.1620405,5.2871823,0.025769468,0,1,3,31,38.812366,NOT_AVAILABLE,OB-,1959LS....C01....0H,02 27 56.87,+56 38 22.5,25514.0,4.0,0.1022827792554484,,,,"1959LS....C01....0H, 1956PMcCO..13a....B, 1950ApJ...111..495P, 1928AnHar.100...49C",457619664363369600,"1088963, 1088964, 1088965, 1088966","OB-, A, B2, B",,423033698,36.98697341336,56.63955959806,02275687+5638224,0.018064,135.95078153702497,-3.772920532322797,1,[423033698],58,Gaia_TIC423033698_S58.dat,58,,1.0,1.2268811405920133,0.909207723863742,0.0960214375320833,0.650305,ELL,ELL
1088963,457619664363369600,0.9141666666666668,,,M,B2,36.98696666666667,56.639555555555546,,0.0032013686138201,,,,,,,,B2,*|NIR|UV,0.016732,,36.98696827283056,56.63955545214857,0.010977827,0.012761743,0.3972177914435875,0.019400137,20.475,-0.489602528035462,-0.9240274206828168,0.015073965,0.015787495,9.446477,9.542778,576,904.3735,63,382.70636,64,293.72534,9.230987,AAA,444158950,9.043,9.006,8.999,-0.0678692500000011,0.036999999999999,0.023027517,0.14393686,21,1.1620405,5.2871823,0.025769468,0,1,3,31,38.812366,NOT_AVAILABLE,OB-,1959LS....C01....0H,02 27 56.87,+56 38 22.5,25514.0,4.0,0.1022827792554484,,,,"1959LS....C01....0H, 1956PMcCO..13a....B, 1950ApJ...111..495P, 1928AnHar.100...49C",457619664363369600,"1088963, 1088964, 1088965, 1088966","OB-, A, B2, B",,423033698,36.98697341336,56.63955959806,02275687+5638224,0.018064,135.95078153702497,-3.772920532322797,1,[423033698],58,Gaia_TIC423033698_S58.dat,58,,1.0,1.472257368710416,0.8978738165798826,0.0960214375320833,0.650305,ELL,ELL
1088963,457619664363369600,0.9141666666666668,,,M,B2,36.98696666666667,56.639555555555546,,0.0032013686138201,,,,,,,,B2,*|NIR|UV,0.016732,,36.98696827283056,56.63955545214857,0.010977827,0.012761743,0.3972177914435875,0.019400137,20.475,-0.489602528035462,-0.9240274206828168,0.015073965,0.015787495,9.446477,9.542778,576,904.3735,63,382.70636,64,293.72534,9.230987,AAA,444158950,9.043,9.006,8.999,-0.0678692500000011,0.036999999999999,0.023027517,0.14393686,21,1.1620405,5.2871823,0.025769468,0,1,3,31,38.812366,NOT_AVAILABLE,OB-,1959LS....C01....0H,02 27 56.87,+56 38 22.5,25514.0,4.0,0.1022827792554484,,,,"1959LS....C01....0H, 1956PMcCO..13a....B, 1950ApJ...111..495P, 1928AnHar.100...49C",457619664363369600,"1088963, 1088964, 1088965, 1088966","OB-, A, B2, B",,423033698,36.98697341336,56.63955959806,02275687+5638224,0.018064,135.95078153702497,-3.772920532322797,1,[423033698],58,Gaia_TIC423033698_S58.dat,58,,1.0,1.7176335968288186,0.895710415287607,0.0960214375320833,0.650305,ELL,ELL
1088963,457619664363369600,0.9141666666666668,,,M,B2,36.98696666666667,56.639555555555546,,0.0032013686138201,,,,,,,,B2,*|NIR|UV,0.016732,,36.98696827283056,56.63955545214857,0.010977827,0.012761743,0.3972177914435875,0.019400137,20.475,-0.489602528035462,-0.9240274206828168,0.015073965,0.015787495,9.446477,9.542778,576,904.3735,63,382.70636,64,293.72534,9.230987,AAA,444158950,9.043,9.006,8.999,-0.0678692500000011,0.036999999999999,0.023027517,0.14393686,21,1.1620405,5.2871823,0.025769468,0,1,3,31,38.812366,NOT_AVAILABLE,OB-,1959LS....C01....0H,02 27 56.87,+56 38 22.5,25514.0,4.0,0.1022827792554484,,,,"1959LS....C01....0H, 1956PMcCO..13a....B, 1950ApJ...111..495P, 1928AnHar.100...49C",457619664363369600,"1088963, 1088964, 1088965, 1088966","OB-, A, B2, B",,423033698,36.98697341336,56.63955959806,02275687+5638224,0.018064,135.95078153702497,-3.772920532322797,1,[423033698],58,Gaia_TIC423033698_S58.dat,58,,1.0,1.9606949548706325,0.885122590319879,0.0960214375320833,0.650305,ELL,ELL
1088963,457619664363369600,0.9141666666666668,,,M,B2,36.98696666666667,56.639555555555546,,0.0032013686138201,,,,,,,,B2,*|NIR|UV,0.016732,,36.98696827283056,56.63955545214857,0.010977827,0.012761743,0.3972177914435875,0.019400137,20.475,-0.489602528035462,-0.9240274206828168,0.015073965,0.015787495,9.446477,9.542778,576,904.3735,63,382.70636,64,293.72534,9.230987,AAA,444158950,9.043,9.006,8.999,-0.0678692500000011,0.036999999999999,0.023027517,0.14393686,21,1.1620405,5.2871823,0.025769468,0,1,3,31,38.812366,NOT_AVAILABLE,OB-,1959LS....C01....0H,02 27 56.87,+56 38 22.5,25514.0,4.0,0.1022827792554484,,,,"1959LS....C01....0H, 1956PMcCO..13a....B, 1950ApJ...111..495P, 1928AnHar.100...49C",457619664363369600,"1088963, 1088964, 1088965, 1088966","OB-, A, B2, B",,423033698,36.98697341336,56.63955959806,02275687+5638224,0.018064,135.95078153702497,-3.772920532322797,1,[423033698],58,Gaia_TIC423033698_S58.dat,58,,1.0,2.4537622811840265,0.877298081952026,0.0960214375320833,0.650305,ELL,ELL
1088963,457619664363369600,0.9141666666666668,,,M,B2,36.98696666666667,56.639555555555546,,0.0032013686138201,,,,,,,,B2,*|NIR|UV,0.016732,,36.98696827283056,56.63955545214857,0.010977827,0.012761743,0.3972177914435875,0.019400137,20.475,-0.489602528035462,-0.9240274206828168,0.015073965,0.015787495,9.446477,9.542778,576,904.3735,63,382.70636,64,293.72534,9.230987,AAA,444158950,9.043,9.006,8.999,-0.0678692500000011,0.036999999999999,0.023027517,0.14393686,21,1.1620405,5.2871823,0.025769468,0,1,3,31,38.812366,NOT_AVAILABLE,OB-,1959LS....C01....0H,02 27 56.87,+56 38 22.5,25514.0,4.0,0.1022827792554484,,,,"1959LS....C01....0H, 1956PMcCO..13a....B, 1950ApJ...111..495P, 1928AnHar.100...49C",457619664363369600,"1088963, 1088964, 1088965, 1088966","OB-, A, B2, B",,423033698,36.98697341336,56.63955959806,02275687+5638224,0.018064,135.95078153702497,-3.772920532322797,1,[423033698],58,Gaia_TIC423033698_S58.dat,58,,1.0,2.208386053065624,0.8767375583353729,0.0960214375320833,0.650305,ELL,ELL
1088963,457619664363369600,0.9141666666666668,,,M,B2,36.98696666666667,56.639555555555546,,0.0032013686138201,,,,,,,,B2,*|NIR|UV,0.016732,,36.98696827283056,56.63955545214857,0.010977827,0.012761743,0.3972177914435875,0.019400137,20.475,-0.489602528035462,-0.9240274206828168,0.015073965,0.015787495,9.446477,9.542778,576,904.3735,63,382.70636,64,293.72534,9.230987,AAA,444158950,9.043,9.006,8.999,-0.0678692500000011,0.036999999999999,0.023027517,0.14393686,21,1.1620405,5.2871823,0.025769468,0,1,3,31,38.812366,NOT_AVAILABLE,OB-,1959LS....C01....0H,02 27 56.87,+56 38 22.5,25514.0,4.0,0.1022827792554484,,,,"1959LS....C01....0H, 1956PMcCO..13a....B, 1950ApJ...111..495P, 1928AnHar.100...49C",457619664363369600,"1088963, 1088964, 1088965, 1088966","OB-, A, B2, B",,423033698,36.98697341336,56.63955959806,02275687+5638224,0.018064,135.95078153702497,-3.772920532322797,1,[423033698],58,Gaia_TIC423033698_S58.dat,58,,1.0,2.6968236392258405,0.862518302052336,0.0960214375320833,0.650305,ELL,ELL
1088963,457619664363369600,0.9141666666666668,,,M,B2,36.98696666666667,56.639555555555546,,0.0032013686138201,,,,,,,,B2,*|NIR|UV,0.016732,,36.98696827283056,56.63955545214857,0.010977827,0.012761743,0.3972177914435875,0.019400137,20.475,-0.489602528035462,-0.9240274206828168,0.015073965,0.015787495,9.446477,9.542778,576,904.3735,63,382.70636,64,293.72534,9.230987,AAA,444158950,9.043,9.006,8.999,-0.0678692500000011,0.036999999999999,0.023027517,0.14393686,21,1.1620405,5.2871823,0.025769468,0,1,3,31,38.812366,NOT_AVAILABLE,OB-,1959LS....C01....0H,02 27 56.87,+56 38 22.5,25514.0,4.0,0.1022827792554484,,,,"1959LS....C01....0H, 1956PMcCO..13a....B, 1950ApJ...111..495P, 1928AnHar.100...49C",457619664363369600,"1088963, 1088964, 1088965, 1088966","OB-, A, B2, B",,423033698,36.98697341336,56.63955959806,02275687+5638224,0.018064,135.95078153702497,-3.772920532322797,1,[423033698],58,Gaia_TIC423033698_S58.dat,58,,1.0,2.942199867344243,0.8449024361802695,0.0960214375320833,0.650305,ELL,ELL
1088963,457619664363369600,0.9141666666666668,,,M,B2,36.98696666666667,56.639555555555546,,0.0032013686138201,,,,,,,,B2,*|NIR|UV,0.016732,,36.98696827283056,56.63955545214857,0.010977827,0.012761743,0.3972177914435875,0.019400137,20.475,-0.489602528035462,-0.9240274206828168,0.015073965,0.015787495,9.446477,9.542778,576,904.3735,63,382.70636,64,293.72534,9.230987,AAA,444158950,9.043,9.006,8.999,-0.0678692500000011,0.036999999999999,0.023027517,0.14393686,21,1.1620405,5.2871823,0.025769468,0,1,3,31,38.812366,NOT_AVAILABLE,OB-,1959LS....C01....0H,02 27 56.87,+56 38 22.5,25514.0,4.0,0.1022827792554484,,,,"1959LS....C01....0H, 1956PMcCO..13a....B, 1950ApJ...111..495P, 1928AnHar.100...49C",457619664363369600,"1088963, 1088964, 1088965, 1088966","OB-, A, B2, B",,423033698,36.98697341336,56.63955959806,02275687+5638224,0.018064,135.95078153702497,-3.772920532322797,1,[423033698],58,Gaia_TIC423033698_S58.dat,58,,1.0,3.435267193657637,0.8405477788276996,0.0960214375320833,0.650305,ELL,ELL
1088963,457619664363369600,0.9141666666666668,,,M,B2,36.98696666666667,56.639555555555546,,0.0032013686138201,,,,,,,,B2,*|NIR|UV,0.016732,,36.98696827283056,56.63955545214857,0.010977827,0.012761743,0.3972177914435875,0.019400137,20.475,-0.489602528035462,-0.9240274206828168,0.015073965,0.015787495,9.446477,9.542778,576,904.3735,63,382.70636,64,293.72534,9.230987,AAA,444158950,9.043,9.006,8.999,-0.0678692500000011,0.036999999999999,0.023027517,0.14393686,21,1.1620405,5.2871823,0.025769468,0,1,3,31,38.812366,NOT_AVAILABLE,OB-,1959LS....C01....0H,02 27 56.87,+56 38 22.5,25514.0,4.0,0.1022827792554484,,,,"1959LS....C01....0H, 1956PMcCO..13a....B, 1950ApJ...111..495P, 1928AnHar.100...49C",457619664363369600,"1088963, 1088964, 1088965, 1088966","OB-, A, B2, B",,423033698,36.98697341336,56.63955959806,02275687+5638224,0.018064,135.95078153702497,-3.772920532322797,1,[423033698],58,Gaia_TIC423033698_S58.dat,58,,1.0,3.1875760954626458,0.8386424983665157,0.0960214375320833,0.650305,ELL,ELL
1088963,457619664363369600,0.9141666666666668,,,M,B2,36.98696666666667,56.639555555555546,,0.0032013686138201,,,,,,,,B2,*|NIR|UV,0.016732,,36.98696827283056,56.63955545214857,0.010977827,0.012761743,0.3972177914435875,0.019400137,20.475,-0.489602528035462,-0.9240274206828168,0.015073965,0.015787495,9.446477,9.542778,576,904.3735,63,382.70636,64,293.72534,9.230987,AAA,444158950,9.043,9.006,8.999,-0.0678692500000011,0.036999999999999,0.023027517,0.14393686,21,1.1620405,5.2871823,0.025769468,0,1,3,31,38.812366,NOT_AVAILABLE,OB-,1959LS....C01....0H,02 27 56.87,+56 38 22.5,25514.0,4.0,0.1022827792554484,,,,"1959LS....C01....0H, 1956PMcCO..13a....B, 1950ApJ...111..495P, 1928AnHar.100...49C",457619664363369600,"1088963, 1088964, 1088965, 1088966","OB-, A, B2, B",,423033698,36.98697341336,56.63955959806,02275687+5638224,0.018064,135.95078153702497,-3.772920532322797,1,[423033698],58,Gaia_TIC423033698_S58.dat,58,,1.0,3.678328551699451,0.8255678963509565,0.0960214375320833,0.650305,ELL,ELL
1088963,457619664363369600,0.9141666666666668,,,M,B2,36.98696666666667,56.639555555555546,,0.0032013686138201,,,,,,,,B2,*|NIR|UV,0.016732,,36.98696827283056,56.63955545214857,0.010977827,0.012761743,0.3972177914435875,0.019400137,20.475,-0.489602528035462,-0.9240274206828168,0.015073965,0.015787495,9.446477,9.542778,576,904.3735,63,382.70636,64,293.72534,9.230987,AAA,444158950,9.043,9.006,8.999,-0.0678692500000011,0.036999999999999,0.023027517,0.14393686,21,1.1620405,5.2871823,0.025769468,0,1,3,31,38.812366,NOT_AVAILABLE,OB-,1959LS....C01....0H,02 27 56.87,+56 38 22.5,25514.0,4.0,0.1022827792554484,,,,"1959LS....C01....0H, 1956PMcCO..13a....B, 1950ApJ...111..495P, 1928AnHar.100...49C",457619664363369600,"1088963, 1088964, 1088965, 1088966","OB-, A, B2, B",,423033698,36.98697341336,56.63955959806,02275687+5638224,0.018064,135.95078153702497,-3.772920532322797,1,[423033698],58,Gaia_TIC423033698_S58.dat,58,,1.0,3.9237047798178537,0.8046717466986727,0.0960214375320833,0.650305,ELL,ELL
1088963,457619664363369600,0.9141666666666668,,,M,B2,36.98696666666667,56.639555555555546,,0.0032013686138201,,,,,,,,B2,*|NIR|UV,0.016732,,36.98696827283056,56.63955545214857,0.010977827,0.012761743,0.3972177914435875,0.019400137,20.475,-0.489602528035462,-0.9240274206828168,0.015073965,0.015787495,9.446477,9.542778,576,904.3735,63,382.70636,64,293.72534,9.230987,AAA,444158950,9.043,9.006,8.999,-0.0678692500000011,0.036999999999999,0.023027517,0.14393686,21,1.1620405,5.2871823,0.025769468,0,1,3,31,38.812366,NOT_AVAILABLE,OB-,1959LS....C01....0H,02 27 56.87,+56 38 22.5,25514.0,4.0,0.1022827792554484,,,,"1959LS....C01....0H, 1956PMcCO..13a....B, 1950ApJ...111..495P, 1928AnHar.100...49C",457619664363369600,"1088963, 1088964, 1088965, 1088966","OB-, A, B2, B",,423033698,36.98697341336,56.63955959806,02275687+5638224,0.018064,135.95078153702497,-3.772920532322797,1,[423033698],58,Gaia_TIC423033698_S58.dat,58,,1.0,4.169081007936256,0.802501876580748,0.0960214375320833,0.650305,ELL,ELL
1088963,457619664363369600,0.9141666666666668,,,M,B2,36.98696666666667,56.639555555555546,,0.0032013686138201,,,,,,,,B2,*|NIR|UV,0.016732,,36.98696827283056,56.63955545214857,0.010977827,0.012761743,0.3972177914435875,0.019400137,20.475,-0.489602528035462,-0.9240274206828168,0.015073965,0.015787495,9.446477,9.542778,576,904.3735,63,382.70636,64,293.72534,9.230987,AAA,444158950,9.043,9.006,8.999,-0.0678692500000011,0.036999999999999,0.023027517,0.14393686,21,1.1620405,5.2871823,0.025769468,0,1,3,31,38.812366,NOT_AVAILABLE,OB-,1959LS....C01....0H,02 27 56.87,+56 38 22.5,25514.0,4.0,0.1022827792554484,,,,"1959LS....C01....0H, 1956PMcCO..13a....B, 1950ApJ...111..495P, 1928AnHar.100...49C",457619664363369600,"1088963, 1088964, 1088965, 1088966","OB-, A, B2, B",,423033698,36.98697341336,56.63955959806,02275687+5638224,0.018064,135.95078153702497,-3.772920532322797,1,[423033698],58,Gaia_TIC423033698_S58.dat,58,,1.0,4.414457236054659,0.8023535591636396,0.0960214375320833,0.650305,ELL,ELL
1088963,457619664363369600,0.9141666666666668,,,M,B2,36.98696666666667,56.639555555555546,,0.0032013686138201,,,,,,,,B2,*|NIR|UV,0.016732,,36.98696827283056,56.63955545214857,0.010977827,0.012761743,0.3972177914435875,0.019400137,20.475,-0.489602528035462,-0.9240274206828168,0.015073965,0.015787495,9.446477,9.542778,576,904.3735,63,382.70636,64,293.72534,9.230987,AAA,444158950,9.043,9.006,8.999,-0.0678692500000011,0.036999999999999,0.023027517,0.14393686,21,1.1620405,5.2871823,0.025769468,0,1,3,31,38.812366,NOT_AVAILABLE,OB-,1959LS....C01....0H,02 27 56.87,+56 38 22.5,25514.0,4.0,0.1022827792554484,,,,"1959LS....C01....0H, 1956PMcCO..13a....B, 1950ApJ...111..495P, 1928AnHar.100...49C",457619664363369600,"1088963, 1088964, 1088965, 1088966","OB-, A, B2, B",,423033698,36.98697341336,56.63955959806,02275687+5638224,0.018064,135.95078153702497,-3.772920532322797,1,[423033698],58,Gaia_TIC423033698_S58.dat,58,,1.0,4.659833464173062,0.7896245666377633,0.0960214375320833,0.650305,ELL,ELL
1088963,457619664363369600,0.9141666666666668,,,M,B2,36.98696666666667,56.639555555555546,,0.0032013686138201,,,,,,,,B2,*|NIR|UV,0.016732,,36.98696827283056,56.63955545214857,0.010977827,0.012761743,0.3972177914435875,0.019400137,20.475,-0.489602528035462,-0.9240274206828168,0.015073965,0.015787495,9.446477,9.542778,576,904.3735,63,382.70636,64,293.72534,9.230987,AAA,444158950,9.043,9.006,8.999,-0.0678692500000011,0.036999999999999,0.023027517,0.14393686,21,1.1620405,5.2871823,0.025769468,0,1,3,31,38.812366,NOT_AVAILABLE,OB-,1959LS....C01....0H,02 27 56.87,+56 38 22.5,25514.0,4.0,0.1022827792554484,,,,"1959LS....C01....0H, 1956PMcCO..13a....B, 1950ApJ...111..495P, 1928AnHar.100...49C",457619664363369600,"1088963, 1088964, 1088965, 1088966","OB-, A, B2, B",,423033698,36.98697341336,56.63955959806,02275687+5638224,0.018064,135.95078153702497,-3.772920532322797,1,[423033698],58,Gaia_TIC423033698_S58.dat,58,,1.0,4.905209692291464,0.7784510030402929,0.0960214375320833,0.650305,ELL,ELL
1088963,457619664363369600,0.9141666666666668,,,M,B2,36.98696666666667,56.639555555555546,,0.0032013686138201,,,,,,,,B2,*|NIR|UV,0.016732,,36.98696827283056,56.63955545214857,0.010977827,0.012761743,0.3972177914435875,0.019400137,20.475,-0.489602528035462,-0.9240274206828168,0.015073965,0.015787495,9.446477,9.542778,576,904.3735,63,382.70636,64,293.72534,9.230987,AAA,444158950,9.043,9.006,8.999,-0.0678692500000011,0.036999999999999,0.023027517,0.14393686,21,1.1620405,5.2871823,0.025769468,0,1,3,31,38.812366,NOT_AVAILABLE,OB-,1959LS....C01....0H,02 27 56.87,+56 38 22.5,25514.0,4.0,0.1022827792554484,,,,"1959LS....C01....0H, 1956PMcCO..13a....B, 1950ApJ...111..495P, 1928AnHar.100...49C",457619664363369600,"1088963, 1088964, 1088965, 1088966","OB-, A, B2, B",,423033698,36.98697341336,56.63955959806,02275687+5638224,0.018064,135.95078153702497,-3.772920532322797,1,[423033698],58,Gaia_TIC423033698_S58.dat,58,,1.0,5.150585920409867,0.7727595675480426,0.0960214375320833,0.650305,ELL,ELL
1088963,457619664363369600,0.9141666666666668,,,M,B2,36.98696666666667,56.639555555555546,,0.0032013686138201,,,,,,,,B2,*|NIR|UV,0.016732,,36.98696827283056,56.63955545214857,0.010977827,0.012761743,0.3972177914435875,0.019400137,20.475,-0.489602528035462,-0.9240274206828168,0.015073965,0.015787495,9.446477,9.542778,576,904.3735,63,382.70636,64,293.72534,9.230987,AAA,444158950,9.043,9.006,8.999,-0.0678692500000011,0.036999999999999,0.023027517,0.14393686,21,1.1620405,5.2871823,0.025769468,0,1,3,31,38.812366,NOT_AVAILABLE,OB-,1959LS....C01....0H,02 27 56.87,+56 38 22.5,25514.0,4.0,0.1022827792554484,,,,"1959LS....C01....0H, 1956PMcCO..13a....B, 1950ApJ...111..495P, 1928AnHar.100...49C",457619664363369600,"1088963, 1088964, 1088965, 1088966","OB-, A, B2, B",,423033698,36.98697341336,56.63955959806,02275687+5638224,0.018064,135.95078153702497,-3.772920532322797,1,[423033698],58,Gaia_TIC423033698_S58.dat,58,,1.0,5.39596214852827,0.7674976989055732,0.0960214375320833,0.650305,ELL,ELL
1088963,457619664363369600,0.9141666666666668,,,M,B2,36.98696666666667,56.639555555555546,,0.0032013686138201,,,,,,,,B2,*|NIR|UV,0.016732,,36.98696827283056,56.63955545214857,0.010977827,0.012761743,0.3972177914435875,0.019400137,20.475,-0.489602528035462,-0.9240274206828168,0.015073965,0.015787495,9.446477,9.542778,576,904.3735,63,382.70636,64,293.72534,9.230987,AAA,444158950,9.043,9.006,8.999,-0.0678692500000011,0.036999999999999,0.023027517,0.14393686,21,1.1620405,5.2871823,0.025769468,0,1,3,31,38.812366,NOT_AVAILABLE,OB-,1959LS....C01....0H,02 27 56.87,+56 38 22.5,25514.0,4.0,0.1022827792554484,,,,"1959LS....C01....0H, 1956PMcCO..13a....B, 1950ApJ...111..495P, 1928AnHar.100...49C",457619664363369600,"1088963, 1088964, 1088965, 1088966","OB-, A, B2, B",,423033698,36.98697341336,56.63955959806,02275687+5638224,0.018064,135.95078153702497,-3.772920532322797,1,[423033698],58,Gaia_TIC423033698_S58.dat,58,,1.0,5.641338376646672,0.7530794203021828,0.0960214375320833,0.650305,ELL,ELL
1088963,457619664363369600,0.9141666666666668,,,M,B2,36.98696666666667,56.639555555555546,,0.0032013686138201,,,,,,,,B2,*|NIR|UV,0.016732,,36.98696827283056,56.63955545214857,0.010977827,0.012761743,0.3972177914435875,0.019400137,20.475,-0.489602528035462,-0.9240274206828168,0.015073965,0.015787495,9.446477,9.542778,576,904.3735,63,382.70636,64,293.72534,9.230987,AAA,444158950,9.043,9.006,8.999,-0.0678692500000011,0.036999999999999,0.023027517,0.14393686,21,1.1620405,5.2871823,0.025769468,0,1,3,31,38.812366,NOT_AVAILABLE,OB-,1959LS....C01....0H,02 27 56.87,+56 38 22.5,25514.0,4.0,0.1022827792554484,,,,"1959LS....C01....0H, 1956PMcCO..13a....B, 1950ApJ...111..495P, 1928AnHar.100...49C",457619664363369600,"1088963, 1088964, 1088965, 1088966","OB-, A, B2, B",,423033698,36.98697341336,56.63955959806,02275687+5638224,0.018064,135.95078153702497,-3.772920532322797,1,[423033698],58,Gaia_TIC423033698_S58.dat,58,,1.0,5.886714604765075,0.7455014397917661,0.0960214375320833,0.650305,ELL,ELL
1088963,457619664363369600,0.9141666666666668,,,M,B2,36.98696666666667,56.639555555555546,,0.0032013686138201,,,,,,,,B2,*|NIR|UV,0.016732,,36.98696827283056,56.63955545214857,0.010977827,0.012761743,0.3972177914435875,0.019400137,20.475,-0.489602528035462,-0.9240274206828168,0.015073965,0.015787495,9.446477,9.542778,576,904.3735,63,382.70636,64,293.72534,9.230987,AAA,444158950,9.043,9.006,8.999,-0.0678692500000011,0.036999999999999,0.023027517,0.14393686,21,1.1620405,5.2871823,0.025769468,0,1,3,31,38.812366,NOT_AVAILABLE,OB-,1959LS....C01....0H,02 27 56.87,+56 38 22.5,25514.0,4.0,0.1022827792554484,,,,"1959LS....C01....0H, 1956PMcCO..13a....B, 1950ApJ...111..495P, 1928AnHar.100...49C",457619664363369600,"1088963, 1088964, 1088965, 1088966","OB-, A, B2, B",,423033698,36.98697341336,56.63955959806,02275687+5638224,0.018064,135.95078153702497,-3.772920532322797,1,[423033698],58,Gaia_TIC423033698_S58.dat,58,,1.0,6.132090832883478,0.7368152583818006,0.0960214375320833,0.650305,ELL,ELL
1088963,457619664363369600,0.9141666666666668,,,M,B2,36.98696666666667,56.639555555555546,,0.0032013686138201,,,,,,,,B2,*|NIR|UV,0.016732,,36.98696827283056,56.63955545214857,0.010977827,0.012761743,0.3972177914435875,0.019400137,20.475,-0.489602528035462,-0.9240274206828168,0.015073965,0.015787495,9.446477,9.542778,576,904.3735,63,382.70636,64,293.72534,9.230987,AAA,444158950,9.043,9.006,8.999,-0.0678692500000011,0.036999999999999,0.023027517,0.14393686,21,1.1620405,5.2871823,0.025769468,0,1,3,31,38.812366,NOT_AVAILABLE,OB-,1959LS....C01....0H,02 27 56.87,+56 38 22.5,25514.0,4.0,0.1022827792554484,,,,"1959LS....C01....0H, 1956PMcCO..13a....B, 1950ApJ...111..495P, 1928AnHar.100...49C",457619664363369600,"1088963, 1088964, 1088965, 1088966","OB-, A, B2, B",,423033698,36.98697341336,56.63955959806,02275687+5638224,0.018064,135.95078153702497,-3.772920532322797,1,[423033698],58,Gaia_TIC423033698_S58.dat,58,,1.0,6.622843289120283,0.724337522823551,0.0960214375320833,0.650305,ELL,ELL
1088963,457619664363369600,0.9141666666666668,,,M,B2,36.98696666666667,56.639555555555546,,0.0032013686138201,,,,,,,,B2,*|NIR|UV,0.016732,,36.98696827283056,56.63955545214857,0.010977827,0.012761743,0.3972177914435875,0.019400137,20.475,-0.489602528035462,-0.9240274206828168,0.015073965,0.015787495,9.446477,9.542778,576,904.3735,63,382.70636,64,293.72534,9.230987,AAA,444158950,9.043,9.006,8.999,-0.0678692500000011,0.036999999999999,0.023027517,0.14393686,21,1.1620405,5.2871823,0.025769468,0,1,3,31,38.812366,NOT_AVAILABLE,OB-,1959LS....C01....0H,02 27 56.87,+56 38 22.5,25514.0,4.0,0.1022827792554484,,,,"1959LS....C01....0H, 1956PMcCO..13a....B, 1950ApJ...111..495P, 1928AnHar.100...49C",457619664363369600,"1088963, 1088964, 1088965, 1088966","OB-, A, B2, B",,423033698,36.98697341336,56.63955959806,02275687+5638224,0.018064,135.95078153702497,-3.772920532322797,1,[423033698],58,Gaia_TIC423033698_S58.dat,58,,1.0,6.37746706100188,0.7227598207656818,0.0960214375320833,0.650305,ELL,ELL
1088963,457619664363369600,0.9141666666666668,,,M,B2,36.98696666666667,56.639555555555546,,0.0032013686138201,,,,,,,,B2,*|NIR|UV,0.016732,,36.98696827283056,56.63955545214857,0.010977827,0.012761743,0.3972177914435875,0.019400137,20.475,-0.489602528035462,-0.9240274206828168,0.015073965,0.015787495,9.446477,9.542778,576,904.3735,63,382.70636,64,293.72534,9.230987,AAA,444158950,9.043,9.006,8.999,-0.0678692500000011,0.036999999999999,0.023027517,0.14393686,21,1.1620405,5.2871823,0.025769468,0,1,3,31,38.812366,NOT_AVAILABLE,OB-,1959LS....C01....0H,02 27 56.87,+56 38 22.5,25514.0,4.0,0.1022827792554484,,,,"1959LS....C01....0H, 1956PMcCO..13a....B, 1950ApJ...111..495P, 1928AnHar.100...49C",457619664363369600,"1088963, 1088964, 1088965, 1088966","OB-, A, B2, B",,423033698,36.98697341336,56.63955959806,02275687+5638224,0.018064,135.95078153702497,-3.772920532322797,1,[423033698],58,Gaia_TIC423033698_S58.dat,58,,1.0,6.8682195172386855,0.718123663164377,0.0960214375320833,0.650305,ELL,ELL
1088963,457619664363369600,0.9141666666666668,,,M,B2,36.98696666666667,56.639555555555546,,0.0032013686138201,,,,,,,,B2,*|NIR|UV,0.016732,,36.98696827283056,56.63955545214857,0.010977827,0.012761743,0.3972177914435875,0.019400137,20.475,-0.489602528035462,-0.9240274206828168,0.015073965,0.015787495,9.446477,9.542778,576,904.3735,63,382.70636,64,293.72534,9.230987,AAA,444158950,9.043,9.006,8.999,-0.0678692500000011,0.036999999999999,0.023027517,0.14393686,21,1.1620405,5.2871823,0.025769468,0,1,3,31,38.812366,NOT_AVAILABLE,OB-,1959LS....C01....0H,02 27 56.87,+56 38 22.5,25514.0,4.0,0.1022827792554484,,,,"1959LS....C01....0H, 1956PMcCO..13a....B, 1950ApJ...111..495P, 1928AnHar.100...49C",457619664363369600,"1088963, 1088964, 1088965, 1088966","OB-, A, B2, B",,423033698,36.98697341336,56.63955959806,02275687+5638224,0.018064,135.95078153702497,-3.772920532322797,1,[423033698],58,Gaia_TIC423033698_S58.dat,58,,1.0,7.113595745357088,0.7138423316634034,0.0960214375320833,0.650305,ELL,ELL
1088963,457619664363369600,0.9141666666666668,,,M,B2,36.98696666666667,56.639555555555546,,0.0032013686138201,,,,,,,,B2,*|NIR|UV,0.016732,,36.98696827283056,56.63955545214857,0.010977827,0.012761743,0.3972177914435875,0.019400137,20.475,-0.489602528035462,-0.9240274206828168,0.015073965,0.015787495,9.446477,9.542778,576,904.3735,63,382.70636,64,293.72534,9.230987,AAA,444158950,9.043,9.006,8.999,-0.0678692500000011,0.036999999999999,0.023027517,0.14393686,21,1.1620405,5.2871823,0.025769468,0,1,3,31,38.812366,NOT_AVAILABLE,OB-,1959LS....C01....0H,02 27 56.87,+56 38 22.5,25514.0,4.0,0.1022827792554484,,,,"1959LS....C01....0H, 1956PMcCO..13a....B, 1950ApJ...111..495P, 1928AnHar.100...49C",457619664363369600,"1088963, 1088964, 1088965, 1088966","OB-, A, B2, B",,423033698,36.98697341336,56.63955959806,02275687+5638224,0.018064,135.95078153702497,-3.772920532322797,1,[423033698],58,Gaia_TIC423033698_S58.dat,58,,1.0,7.358971973475491,0.7057276698339824,0.0960214375320833,0.650305,ELL,ELL
1088963,457619664363369600,0.9141666666666668,,,M,B2,36.98696666666667,56.639555555555546,,0.0032013686138201,,,,,,,,B2,*|NIR|UV,0.016732,,36.98696827283056,56.63955545214857,0.010977827,0.012761743,0.3972177914435875,0.019400137,20.475,-0.489602528035462,-0.9240274206828168,0.015073965,0.015787495,9.446477,9.542778,576,904.3735,63,382.70636,64,293.72534,9.230987,AAA,444158950,9.043,9.006,8.999,-0.0678692500000011,0.036999999999999,0.023027517,0.14393686,21,1.1620405,5.2871823,0.025769468,0,1,3,31,38.812366,NOT_AVAILABLE,OB-,1959LS....C01....0H,02 27 56.87,+56 38 22.5,25514.0,4.0,0.1022827792554484,,,,"1959LS....C01....0H, 1956PMcCO..13a....B, 1950ApJ...111..495P, 1928AnHar.100...49C",457619664363369600,"1088963, 1088964, 1088965, 1088966","OB-, A, B2, B",,423033698,36.98697341336,56.63955959806,02275687+5638224,0.018064,135.95078153702497,-3.772920532322797,1,[423033698],58,Gaia_TIC423033698_S58.dat,58,,1.0,7.849724429712296,0.6912706643829797,0.0960214375320833,0.650305,ELL,ELL
1088963,457619664363369600,0.9141666666666668,,,M,B2,36.98696666666667,56.639555555555546,,0.0032013686138201,,,,,,,,B2,*|NIR|UV,0.016732,,36.98696827283056,56.63955545214857,0.010977827,0.012761743,0.3972177914435875,0.019400137,20.475,-0.489602528035462,-0.9240274206828168,0.015073965,0.015787495,9.446477,9.542778,576,904.3735,63,382.70636,64,293.72534,9.230987,AAA,444158950,9.043,9.006,8.999,-0.0678692500000011,0.036999999999999,0.023027517,0.14393686,21,1.1620405,5.2871823,0.025769468,0,1,3,31,38.812366,NOT_AVAILABLE,OB-,1959LS....C01....0H,02 27 56.87,+56 38 22.5,25514.0,4.0,0.1022827792554484,,,,"1959LS....C01....0H, 1956PMcCO..13a....B, 1950ApJ...111..495P, 1928AnHar.100...49C",457619664363369600,"1088963, 1088964, 1088965, 1088966","OB-, A, B2, B",,423033698,36.98697341336,56.63955959806,02275687+5638224,0.018064,135.95078153702497,-3.772920532322797,1,[423033698],58,Gaia_TIC423033698_S58.dat,58,,1.0,7.604348201593893,0.6910195686607461,0.0960214375320833,0.650305,ELL,ELL
1088963,457619664363369600,0.9141666666666668,,,M,B2,36.98696666666667,56.639555555555546,,0.0032013686138201,,,,,,,,B2,*|NIR|UV,0.016732,,36.98696827283056,56.63955545214857,0.010977827,0.012761743,0.3972177914435875,0.019400137,20.475,-0.489602528035462,-0.9240274206828168,0.015073965,0.015787495,9.446477,9.542778,576,904.3735,63,382.70636,64,293.72534,9.230987,AAA,444158950,9.043,9.006,8.999,-0.0678692500000011,0.036999999999999,0.023027517,0.14393686,21,1.1620405,5.2871823,0.025769468,0,1,3,31,38.812366,NOT_AVAILABLE,OB-,1959LS....C01....0H,02 27 56.87,+56 38 22.5,25514.0,4.0,0.1022827792554484,,,,"1959LS....C01....0H, 1956PMcCO..13a....B, 1950ApJ...111..495P, 1928AnHar.100...49C",457619664363369600,"1088963, 1088964, 1088965, 1088966","OB-, A, B2, B",,423033698,36.98697341336,56.63955959806,02275687+5638224,0.018064,135.95078153702497,-3.772920532322797,1,[423033698],58,Gaia_TIC423033698_S58.dat,58,,1.0,8.095100657830699,0.6822826169930098,0.0960214375320833,0.650305,ELL,ELL
1088963,457619664363369600,0.9141666666666668,,,M,B2,36.98696666666667,56.639555555555546,,0.0032013686138201,,,,,,,,B2,*|NIR|UV,0.016732,,36.98696827283056,56.63955545214857,0.010977827,0.012761743,0.3972177914435875,0.019400137,20.475,-0.489602528035462,-0.9240274206828168,0.015073965,0.015787495,9.446477,9.542778,576,904.3735,63,382.70636,64,293.72534,9.230987,AAA,444158950,9.043,9.006,8.999,-0.0678692500000011,0.036999999999999,0.023027517,0.14393686,21,1.1620405,5.2871823,0.025769468,0,1,3,31,38.812366,NOT_AVAILABLE,OB-,1959LS....C01....0H,02 27 56.87,+56 38 22.5,25514.0,4.0,0.1022827792554484,,,,"1959LS....C01....0H, 1956PMcCO..13a....B, 1950ApJ...111..495P, 1928AnHar.100...49C",457619664363369600,"1088963, 1088964, 1088965, 1088966","OB-, A, B2, B",,423033698,36.98697341336,56.63955959806,02275687+5638224,0.018064,135.95078153702497,-3.772920532322797,1,[423033698],58,Gaia_TIC423033698_S58.dat,58,,1.0,8.340476885949101,0.6663649526045311,0.0960214375320833,0.650305,ELL,ELL
1088963,457619664363369600,0.9141666666666668,,,M,B2,36.98696666666667,56.639555555555546,,0.0032013686138201,,,,,,,,B2,*|NIR|UV,0.016732,,36.98696827283056,56.63955545214857,0.010977827,0.012761743,0.3972177914435875,0.019400137,20.475,-0.489602528035462,-0.9240274206828168,0.015073965,0.015787495,9.446477,9.542778,576,904.3735,63,382.70636,64,293.72534,9.230987,AAA,444158950,9.043,9.006,8.999,-0.0678692500000011,0.036999999999999,0.023027517,0.14393686,21,1.1620405,5.2871823,0.025769468,0,1,3,31,38.812366,NOT_AVAILABLE,OB-,1959LS....C01....0H,02 27 56.87,+56 38 22.5,25514.0,4.0,0.1022827792554484,,,,"1959LS....C01....0H, 1956PMcCO..13a....B, 1950ApJ...111..495P, 1928AnHar.100...49C",457619664363369600,"1088963, 1088964, 1088965, 1088966","OB-, A, B2, B",,423033698,36.98697341336,56.63955959806,02275687+5638224,0.018064,135.95078153702497,-3.772920532322797,1,[423033698],58,Gaia_TIC423033698_S58.dat,58,,1.0,8.585853114067504,0.6570661586343188,0.0960214375320833,0.650305,ELL,ELL
1088963,457619664363369600,0.9141666666666668,,,M,B2,36.98696666666667,56.639555555555546,,0.0032013686138201,,,,,,,,B2,*|NIR|UV,0.016732,,36.98696827283056,56.63955545214857,0.010977827,0.012761743,0.3972177914435875,0.019400137,20.475,-0.489602528035462,-0.9240274206828168,0.015073965,0.015787495,9.446477,9.542778,576,904.3735,63,382.70636,64,293.72534,9.230987,AAA,444158950,9.043,9.006,8.999,-0.0678692500000011,0.036999999999999,0.023027517,0.14393686,21,1.1620405,5.2871823,0.025769468,0,1,3,31,38.812366,NOT_AVAILABLE,OB-,1959LS....C01....0H,02 27 56.87,+56 38 22.5,25514.0,4.0,0.1022827792554484,,,,"1959LS....C01....0H, 1956PMcCO..13a....B, 1950ApJ...111..495P, 1928AnHar.100...49C",457619664363369600,"1088963, 1088964, 1088965, 1088966","OB-, A, B2, B",,423033698,36.98697341336,56.63955959806,02275687+5638224,0.018064,135.95078153702497,-3.772920532322797,1,[423033698],58,Gaia_TIC423033698_S58.dat,58,,1.0,8.828914472109318,0.6530605960548689,0.0960214375320833,0.650305,ELL,ELL
1088963,457619664363369600,0.9141666666666668,,,M,B2,36.98696666666667,56.639555555555546,,0.0032013686138201,,,,,,,,B2,*|NIR|UV,0.016732,,36.98696827283056,56.63955545214857,0.010977827,0.012761743,0.3972177914435875,0.019400137,20.475,-0.489602528035462,-0.9240274206828168,0.015073965,0.015787495,9.446477,9.542778,576,904.3735,63,382.70636,64,293.72534,9.230987,AAA,444158950,9.043,9.006,8.999,-0.0678692500000011,0.036999999999999,0.023027517,0.14393686,21,1.1620405,5.2871823,0.025769468,0,1,3,31,38.812366,NOT_AVAILABLE,OB-,1959LS....C01....0H,02 27 56.87,+56 38 22.5,25514.0,4.0,0.1022827792554484,,,,"1959LS....C01....0H, 1956PMcCO..13a....B, 1950ApJ...111..495P, 1928AnHar.100...49C",457619664363369600,"1088963, 1088964, 1088965, 1088966","OB-, A, B2, B",,423033698,36.98697341336,56.63955959806,02275687+5638224,0.018064,135.95078153702497,-3.772920532322797,1,[423033698],58,Gaia_TIC423033698_S58.dat,58,,1.0,9.07429070022772,0.6423512378160567,0.0960214375320833,0.650305,ELL,ELL
1088963,457619664363369600,0.9141666666666668,,,M,B2,36.98696666666667,56.639555555555546,,0.0032013686138201,,,,,,,,B2,*|NIR|UV,0.016732,,36.98696827283056,56.63955545214857,0.010977827,0.012761743,0.3972177914435875,0.019400137,20.475,-0.489602528035462,-0.9240274206828168,0.015073965,0.015787495,9.446477,9.542778,576,904.3735,63,382.70636,64,293.72534,9.230987,AAA,444158950,9.043,9.006,8.999,-0.0678692500000011,0.036999999999999,0.023027517,0.14393686,21,1.1620405,5.2871823,0.025769468,0,1,3,31,38.812366,NOT_AVAILABLE,OB-,1959LS....C01....0H,02 27 56.87,+56 38 22.5,25514.0,4.0,0.1022827792554484,,,,"1959LS....C01....0H, 1956PMcCO..13a....B, 1950ApJ...111..495P, 1928AnHar.100...49C",457619664363369600,"1088963, 1088964, 1088965, 1088966","OB-, A, B2, B",,423033698,36.98697341336,56.63955959806,02275687+5638224,0.018064,135.95078153702497,-3.772920532322797,1,[423033698],58,Gaia_TIC423033698_S58.dat,58,,1.0,9.319666928346123,0.6271546206269314,0.0960214375320833,0.650305,ELL,ELL
1088963,457619664363369600,0.9141666666666668,,,M,B2,36.98696666666667,56.639555555555546,,0.0032013686138201,,,,,,,,B2,*|NIR|UV,0.016732,,36.98696827283056,56.63955545214857,0.010977827,0.012761743,0.3972177914435875,0.019400137,20.475,-0.489602528035462,-0.9240274206828168,0.015073965,0.015787495,9.446477,9.542778,576,904.3735,63,382.70636,64,293.72534,9.230987,AAA,444158950,9.043,9.006,8.999,-0.0678692500000011,0.036999999999999,0.023027517,0.14393686,21,1.1620405,5.2871823,0.025769468,0,1,3,31,38.812366,NOT_AVAILABLE,OB-,1959LS....C01....0H,02 27 56.87,+56 38 22.5,25514.0,4.0,0.1022827792554484,,,,"1959LS....C01....0H, 1956PMcCO..13a....B, 1950ApJ...111..495P, 1928AnHar.100...49C",457619664363369600,"1088963, 1088964, 1088965, 1088966","OB-, A, B2, B",,423033698,36.98697341336,56.63955959806,02275687+5638224,0.018064,135.95078153702497,-3.772920532322797,1,[423033698],58,Gaia_TIC423033698_S58.dat,58,,1.0,9.565043156464526,0.6239409658171629,0.0960214375320833,0.650305,ELL,ELL
1088963,457619664363369600,0.9141666666666668,,,M,B2,36.98696666666667,56.639555555555546,,0.0032013686138201,,,,,,,,B2,*|NIR|UV,0.016732,,36.98696827283056,56.63955545214857,0.010977827,0.012761743,0.3972177914435875,0.019400137,20.475,-0.489602528035462,-0.9240274206828168,0.015073965,0.015787495,9.446477,9.542778,576,904.3735,63,382.70636,64,293.72534,9.230987,AAA,444158950,9.043,9.006,8.999,-0.0678692500000011,0.036999999999999,0.023027517,0.14393686,21,1.1620405,5.2871823,0.025769468,0,1,3,31,38.812366,NOT_AVAILABLE,OB-,1959LS....C01....0H,02 27 56.87,+56 38 22.5,25514.0,4.0,0.1022827792554484,,,,"1959LS....C01....0H, 1956PMcCO..13a....B, 1950ApJ...111..495P, 1928AnHar.100...49C",457619664363369600,"1088963, 1088964, 1088965, 1088966","OB-, A, B2, B",,423033698,36.98697341336,56.63955959806,02275687+5638224,0.018064,135.95078153702497,-3.772920532322797,1,[423033698],58,Gaia_TIC423033698_S58.dat,58,,1.0,9.810419384582929,0.6149101424273309,0.0960214375320833,0.650305,ELL,ELL
1088963,457619664363369600,0.9141666666666668,,,M,B2,36.98696666666667,56.639555555555546,,0.0032013686138201,,,,,,,,B2,*|NIR|UV,0.016732,,36.98696827283056,56.63955545214857,0.010977827,0.012761743,0.3972177914435875,0.019400137,20.475,-0.489602528035462,-0.9240274206828168,0.015073965,0.015787495,9.446477,9.542778,576,904.3735,63,382.70636,64,293.72534,9.230987,AAA,444158950,9.043,9.006,8.999,-0.0678692500000011,0.036999999999999,0.023027517,0.14393686,21,1.1620405,5.2871823,0.025769468,0,1,3,31,38.812366,NOT_AVAILABLE,OB-,1959LS....C01....0H,02 27 56.87,+56 38 22.5,25514.0,4.0,0.1022827792554484,,,,"1959LS....C01....0H, 1956PMcCO..13a....B, 1950ApJ...111..495P, 1928AnHar.100...49C",457619664363369600,"1088963, 1088964, 1088965, 1088966","OB-, A, B2, B",,423033698,36.98697341336,56.63955959806,02275687+5638224,0.018064,135.95078153702497,-3.772920532322797,1,[423033698],58,Gaia_TIC423033698_S58.dat,58,,1.0,10.055795612701331,0.6024222556369229,0.0960214375320833,0.650305,ELL,ELL
1088963,457619664363369600,0.9141666666666668,,,M,B2,36.98696666666667,56.639555555555546,,0.0032013686138201,,,,,,,,B2,*|NIR|UV,0.016732,,36.98696827283056,56.63955545214857,0.010977827,0.012761743,0.3972177914435875,0.019400137,20.475,-0.489602528035462,-0.9240274206828168,0.015073965,0.015787495,9.446477,9.542778,576,904.3735,63,382.70636,64,293.72534,9.230987,AAA,444158950,9.043,9.006,8.999,-0.0678692500000011,0.036999999999999,0.023027517,0.14393686,21,1.1620405,5.2871823,0.025769468,0,1,3,31,38.812366,NOT_AVAILABLE,OB-,1959LS....C01....0H,02 27 56.87,+56 38 22.5,25514.0,4.0,0.1022827792554484,,,,"1959LS....C01....0H, 1956PMcCO..13a....B, 1950ApJ...111..495P, 1928AnHar.100...49C",457619664363369600,"1088963, 1088964, 1088965, 1088966","OB-, A, B2, B",,423033698,36.98697341336,56.63955959806,02275687+5638224,0.018064,135.95078153702497,-3.772920532322797,1,[423033698],58,Gaia_TIC423033698_S58.dat,58,,1.0,10.301171840819734,0.5977617147297316,0.0960214375320833,0.650305,ELL,ELL
1088963,457619664363369600,0.9141666666666668,,,M,B2,36.98696666666667,56.639555555555546,,0.0032013686138201,,,,,,,,B2,*|NIR|UV,0.016732,,36.98696827283056,56.63955545214857,0.010977827,0.012761743,0.3972177914435875,0.019400137,20.475,-0.489602528035462,-0.9240274206828168,0.015073965,0.015787495,9.446477,9.542778,576,904.3735,63,382.70636,64,293.72534,9.230987,AAA,444158950,9.043,9.006,8.999,-0.0678692500000011,0.036999999999999,0.023027517,0.14393686,21,1.1620405,5.2871823,0.025769468,0,1,3,31,38.812366,NOT_AVAILABLE,OB-,1959LS....C01....0H,02 27 56.87,+56 38 22.5,25514.0,4.0,0.1022827792554484,,,,"1959LS....C01....0H, 1956PMcCO..13a....B, 1950ApJ...111..495P, 1928AnHar.100...49C",457619664363369600,"1088963, 1088964, 1088965, 1088966","OB-, A, B2, B",,423033698,36.98697341336,56.63955959806,02275687+5638224,0.018064,135.95078153702497,-3.772920532322797,1,[423033698],58,Gaia_TIC423033698_S58.dat,58,,1.0,10.546548068938137,0.5944446830336501,0.0960214375320833,0.650305,ELL,ELL
1088963,457619664363369600,0.9141666666666668,,,M,B2,36.98696666666667,56.639555555555546,,0.0032013686138201,,,,,,,,B2,*|NIR|UV,0.016732,,36.98696827283056,56.63955545214857,0.010977827,0.012761743,0.3972177914435875,0.019400137,20.475,-0.489602528035462,-0.9240274206828168,0.015073965,0.015787495,9.446477,9.542778,576,904.3735,63,382.70636,64,293.72534,9.230987,AAA,444158950,9.043,9.006,8.999,-0.0678692500000011,0.036999999999999,0.023027517,0.14393686,21,1.1620405,5.2871823,0.025769468,0,1,3,31,38.812366,NOT_AVAILABLE,OB-,1959LS....C01....0H,02 27 56.87,+56 38 22.5,25514.0,4.0,0.1022827792554484,,,,"1959LS....C01....0H, 1956PMcCO..13a....B, 1950ApJ...111..495P, 1928AnHar.100...49C",457619664363369600,"1088963, 1088964, 1088965, 1088966","OB-, A, B2, B",,423033698,36.98697341336,56.63955959806,02275687+5638224,0.018064,135.95078153702497,-3.772920532322797,1,[423033698],58,Gaia_TIC423033698_S58.dat,58,,1.0,10.79192429705654,0.5808354377960767,0.0960214375320833,0.650305,ELL,ELL
1088963,457619664363369600,0.9141666666666668,,,M,B2,36.98696666666667,56.639555555555546,,0.0032013686138201,,,,,,,,B2,*|NIR|UV,0.016732,,36.98696827283056,56.63955545214857,0.010977827,0.012761743,0.3972177914435875,0.019400137,20.475,-0.489602528035462,-0.9240274206828168,0.015073965,0.015787495,9.446477,9.542778,576,904.3735,63,382.70636,64,293.72534,9.230987,AAA,444158950,9.043,9.006,8.999,-0.0678692500000011,0.036999999999999,0.023027517,0.14393686,21,1.1620405,5.2871823,0.025769468,0,1,3,31,38.812366,NOT_AVAILABLE,OB-,1959LS....C01....0H,02 27 56.87,+56 38 22.5,25514.0,4.0,0.1022827792554484,,,,"1959LS....C01....0H, 1956PMcCO..13a....B, 1950ApJ...111..495P, 1928AnHar.100...49C",457619664363369600,"1088963, 1088964, 1088965, 1088966","OB-, A, B2, B",,423033698,36.98697341336,56.63955959806,02275687+5638224,0.018064,135.95078153702497,-3.772920532322797,1,[423033698],58,Gaia_TIC423033698_S58.dat,58,,1.0,11.037300525174942,0.5642292174612601,0.0960214375320833,0.650305,ELL,ELL
1088963,457619664363369600,0.9141666666666668,,,M,B2,36.98696666666667,56.639555555555546,,0.0032013686138201,,,,,,,,B2,*|NIR|UV,0.016732,,36.98696827283056,56.63955545214857,0.010977827,0.012761743,0.3972177914435875,0.019400137,20.475,-0.489602528035462,-0.9240274206828168,0.015073965,0.015787495,9.446477,9.542778,576,904.3735,63,382.70636,64,293.72534,9.230987,AAA,444158950,9.043,9.006,8.999,-0.0678692500000011,0.036999999999999,0.023027517,0.14393686,21,1.1620405,5.2871823,0.025769468,0,1,3,31,38.812366,NOT_AVAILABLE,OB-,1959LS....C01....0H,02 27 56.87,+56 38 22.5,25514.0,4.0,0.1022827792554484,,,,"1959LS....C01....0H, 1956PMcCO..13a....B, 1950ApJ...111..495P, 1928AnHar.100...49C",457619664363369600,"1088963, 1088964, 1088965, 1088966","OB-, A, B2, B",,423033698,36.98697341336,56.63955959806,02275687+5638224,0.018064,135.95078153702497,-3.772920532322797,1,[423033698],58,Gaia_TIC423033698_S58.dat,58,,1.0,11.282676753293345,0.5621880961177205,0.0960214375320833,0.650305,ELL,ELL
1088963,457619664363369600,0.9141666666666668,,,M,B2,36.98696666666667,56.639555555555546,,0.0032013686138201,,,,,,,,B2,*|NIR|UV,0.016732,,36.98696827283056,56.63955545214857,0.010977827,0.012761743,0.3972177914435875,0.019400137,20.475,-0.489602528035462,-0.9240274206828168,0.015073965,0.015787495,9.446477,9.542778,576,904.3735,63,382.70636,64,293.72534,9.230987,AAA,444158950,9.043,9.006,8.999,-0.0678692500000011,0.036999999999999,0.023027517,0.14393686,21,1.1620405,5.2871823,0.025769468,0,1,3,31,38.812366,NOT_AVAILABLE,OB-,1959LS....C01....0H,02 27 56.87,+56 38 22.5,25514.0,4.0,0.1022827792554484,,,,"1959LS....C01....0H, 1956PMcCO..13a....B, 1950ApJ...111..495P, 1928AnHar.100...49C",457619664363369600,"1088963, 1088964, 1088965, 1088966","OB-, A, B2, B",,423033698,36.98697341336,56.63955959806,02275687+5638224,0.018064,135.95078153702497,-3.772920532322797,1,[423033698],58,Gaia_TIC423033698_S58.dat,58,,1.0,11.528052981411747,0.5581307910562724,0.0960214375320833,0.650305,ELL,ELL
1088963,457619664363369600,0.9141666666666668,,,M,B2,36.98696666666667,56.639555555555546,,0.0032013686138201,,,,,,,,B2,*|NIR|UV,0.016732,,36.98696827283056,56.63955545214857,0.010977827,0.012761743,0.3972177914435875,0.019400137,20.475,-0.489602528035462,-0.9240274206828168,0.015073965,0.015787495,9.446477,9.542778,576,904.3735,63,382.70636,64,293.72534,9.230987,AAA,444158950,9.043,9.006,8.999,-0.0678692500000011,0.036999999999999,0.023027517,0.14393686,21,1.1620405,5.2871823,0.025769468,0,1,3,31,38.812366,NOT_AVAILABLE,OB-,1959LS....C01....0H,02 27 56.87,+56 38 22.5,25514.0,4.0,0.1022827792554484,,,,"1959LS....C01....0H, 1956PMcCO..13a....B, 1950ApJ...111..495P, 1928AnHar.100...49C",457619664363369600,"1088963, 1088964, 1088965, 1088966","OB-, A, B2, B",,423033698,36.98697341336,56.63955959806,02275687+5638224,0.018064,135.95078153702497,-3.772920532322797,1,[423033698],58,Gaia_TIC423033698_S58.dat,58,,1.0,11.77342920953015,0.539555698527656,0.0960214375320833,0.650305,ELL,ELL
1088963,457619664363369600,0.9141666666666668,,,M,B2,36.98696666666667,56.639555555555546,,0.0032013686138201,,,,,,,,B2,*|NIR|UV,0.016732,,36.98696827283056,56.63955545214857,0.010977827,0.012761743,0.3972177914435875,0.019400137,20.475,-0.489602528035462,-0.9240274206828168,0.015073965,0.015787495,9.446477,9.542778,576,904.3735,63,382.70636,64,293.72534,9.230987,AAA,444158950,9.043,9.006,8.999,-0.0678692500000011,0.036999999999999,0.023027517,0.14393686,21,1.1620405,5.2871823,0.025769468,0,1,3,31,38.812366,NOT_AVAILABLE,OB-,1959LS....C01....0H,02 27 56.87,+56 38 22.5,25514.0,4.0,0.1022827792554484,,,,"1959LS....C01....0H, 1956PMcCO..13a....B, 1950ApJ...111..495P, 1928AnHar.100...49C",457619664363369600,"1088963, 1088964, 1088965, 1088966","OB-, A, B2, B",,423033698,36.98697341336,56.63955959806,02275687+5638224,0.018064,135.95078153702497,-3.772920532322797,1,[423033698],58,Gaia_TIC423033698_S58.dat,58,,1.0,12.018805437648552,0.5297557485752572,0.0960214375320833,0.650305,ELL,ELL
1088963,457619664363369600,0.9141666666666668,,,M,B2,36.98696666666667,56.639555555555546,,0.0032013686138201,,,,,,,,B2,*|NIR|UV,0.016732,,36.98696827283056,56.63955545214857,0.010977827,0.012761743,0.3972177914435875,0.019400137,20.475,-0.489602528035462,-0.9240274206828168,0.015073965,0.015787495,9.446477,9.542778,576,904.3735,63,382.70636,64,293.72534,9.230987,AAA,444158950,9.043,9.006,8.999,-0.0678692500000011,0.036999999999999,0.023027517,0.14393686,21,1.1620405,5.2871823,0.025769468,0,1,3,31,38.812366,NOT_AVAILABLE,OB-,1959LS....C01....0H,02 27 56.87,+56 38 22.5,25514.0,4.0,0.1022827792554484,,,,"1959LS....C01....0H, 1956PMcCO..13a....B, 1950ApJ...111..495P, 1928AnHar.100...49C",457619664363369600,"1088963, 1088964, 1088965, 1088966","OB-, A, B2, B",,423033698,36.98697341336,56.63955959806,02275687+5638224,0.018064,135.95078153702497,-3.772920532322797,1,[423033698],58,Gaia_TIC423033698_S58.dat,58,,1.0,12.264181665766955,0.5281387225399845,0.0960214375320833,0.650305,ELL,ELL
1088963,457619664363369600,0.9141666666666668,,,M,B2,36.98696666666667,56.639555555555546,,0.0032013686138201,,,,,,,,B2,*|NIR|UV,0.016732,,36.98696827283056,56.63955545214857,0.010977827,0.012761743,0.3972177914435875,0.019400137,20.475,-0.489602528035462,-0.9240274206828168,0.015073965,0.015787495,9.446477,9.542778,576,904.3735,63,382.70636,64,293.72534,9.230987,AAA,444158950,9.043,9.006,8.999,-0.0678692500000011,0.036999999999999,0.023027517,0.14393686,21,1.1620405,5.2871823,0.025769468,0,1,3,31,38.812366,NOT_AVAILABLE,OB-,1959LS....C01....0H,02 27 56.87,+56 38 22.5,25514.0,4.0,0.1022827792554484,,,,"1959LS....C01....0H, 1956PMcCO..13a....B, 1950ApJ...111..495P, 1928AnHar.100...49C",457619664363369600,"1088963, 1088964, 1088965, 1088966","OB-, A, B2, B",,423033698,36.98697341336,56.63955959806,02275687+5638224,0.018064,135.95078153702497,-3.772920532322797,1,[423033698],58,Gaia_TIC423033698_S58.dat,58,,1.0,12.509557893885358,0.5201830773234083,0.0960214375320833,0.650305,ELL,ELL
1088963,457619664363369600,0.9141666666666668,,,M,B2,36.98696666666667,56.639555555555546,,0.0032013686138201,,,,,,,,B2,*|NIR|UV,0.016732,,36.98696827283056,56.63955545214857,0.010977827,0.012761743,0.3972177914435875,0.019400137,20.475,-0.489602528035462,-0.9240274206828168,0.015073965,0.015787495,9.446477,9.542778,576,904.3735,63,382.70636,64,293.72534,9.230987,AAA,444158950,9.043,9.006,8.999,-0.0678692500000011,0.036999999999999,0.023027517,0.14393686,21,1.1620405,5.2871823,0.025769468,0,1,3,31,38.812366,NOT_AVAILABLE,OB-,1959LS....C01....0H,02 27 56.87,+56 38 22.5,25514.0,4.0,0.1022827792554484,,,,"1959LS....C01....0H, 1956PMcCO..13a....B, 1950ApJ...111..495P, 1928AnHar.100...49C",457619664363369600,"1088963, 1088964, 1088965, 1088966","OB-, A, B2, B",,423033698,36.98697341336,56.63955959806,02275687+5638224,0.018064,135.95078153702497,-3.772920532322797,1,[423033698],58,Gaia_TIC423033698_S58.dat,58,,1.0,12.75493412200376,0.5077985586243874,0.0960214375320833,0.650305,ELL,ELL
1088963,457619664363369600,0.9141666666666668,,,M,B2,36.98696666666667,56.639555555555546,,0.0032013686138201,,,,,,,,B2,*|NIR|UV,0.016732,,36.98696827283056,56.63955545214857,0.010977827,0.012761743,0.3972177914435875,0.019400137,20.475,-0.489602528035462,-0.9240274206828168,0.015073965,0.015787495,9.446477,9.542778,576,904.3735,63,382.70636,64,293.72534,9.230987,AAA,444158950,9.043,9.006,8.999,-0.0678692500000011,0.036999999999999,0.023027517,0.14393686,21,1.1620405,5.2871823,0.025769468,0,1,3,31,38.812366,NOT_AVAILABLE,OB-,1959LS....C01....0H,02 27 56.87,+56 38 22.5,25514.0,4.0,0.1022827792554484,,,,"1959LS....C01....0H, 1956PMcCO..13a....B, 1950ApJ...111..495P, 1928AnHar.100...49C",457619664363369600,"1088963, 1088964, 1088965, 1088966","OB-, A, B2, B",,423033698,36.98697341336,56.63955959806,02275687+5638224,0.018064,135.95078153702497,-3.772920532322797,1,[423033698],58,Gaia_TIC423033698_S58.dat,58,,1.0,13.000310350122165,0.5019101473264465,0.0960214375320833,0.650305,ELL,ELL
1088963,457619664363369600,0.9141666666666668,,,M,B2,36.98696666666667,56.639555555555546,,0.0032013686138201,,,,,,,,B2,*|NIR|UV,0.016732,,36.98696827283056,56.63955545214857,0.010977827,0.012761743,0.3972177914435875,0.019400137,20.475,-0.489602528035462,-0.9240274206828168,0.015073965,0.015787495,9.446477,9.542778,576,904.3735,63,382.70636,64,293.72534,9.230987,AAA,444158950,9.043,9.006,8.999,-0.0678692500000011,0.036999999999999,0.023027517,0.14393686,21,1.1620405,5.2871823,0.025769468,0,1,3,31,38.812366,NOT_AVAILABLE,OB-,1959LS....C01....0H,02 27 56.87,+56 38 22.5,25514.0,4.0,0.1022827792554484,,,,"1959LS....C01....0H, 1956PMcCO..13a....B, 1950ApJ...111..495P, 1928AnHar.100...49C",457619664363369600,"1088963, 1088964, 1088965, 1088966","OB-, A, B2, B",,423033698,36.98697341336,56.63955959806,02275687+5638224,0.018064,135.95078153702497,-3.772920532322797,1,[423033698],58,Gaia_TIC423033698_S58.dat,58,,1.0,13.243371708163975,0.4952468285656936,0.0960214375320833,0.650305,ELL,ELL
1088963,457619664363369600,0.9141666666666668,,,M,B2,36.98696666666667,56.639555555555546,,0.0032013686138201,,,,,,,,B2,*|NIR|UV,0.016732,,36.98696827283056,56.63955545214857,0.010977827,0.012761743,0.3972177914435875,0.019400137,20.475,-0.489602528035462,-0.9240274206828168,0.015073965,0.015787495,9.446477,9.542778,576,904.3735,63,382.70636,64,293.72534,9.230987,AAA,444158950,9.043,9.006,8.999,-0.0678692500000011,0.036999999999999,0.023027517,0.14393686,21,1.1620405,5.2871823,0.025769468,0,1,3,31,38.812366,NOT_AVAILABLE,OB-,1959LS....C01....0H,02 27 56.87,+56 38 22.5,25514.0,4.0,0.1022827792554484,,,,"1959LS....C01....0H, 1956PMcCO..13a....B, 1950ApJ...111..495P, 1928AnHar.100...49C",457619664363369600,"1088963, 1088964, 1088965, 1088966","OB-, A, B2, B",,423033698,36.98697341336,56.63955959806,02275687+5638224,0.018064,135.95078153702497,-3.772920532322797,1,[423033698],58,Gaia_TIC423033698_S58.dat,58,,1.0,13.48874793628238,0.4817088797219541,0.0960214375320833,0.650305,ELL,ELL
452442,459200521567028224,0.9541185897435897,test,,M,B2,35.53081249999999,59.18637361111111,,0.0021195220588812,,,,,,,,B2,*|EB*|NIR,0.018294,,35.53081135567569,59.186373666160975,0.010530281,0.0125208255,0.4060421419611152,0.016591761,24.472515,-0.959079203886944,-0.6224993262927812,0.014000805,0.016148316,10.1102705,10.37199,442,832.7483,49,276.00375,50,291.5597,9.672409,AAA,449589327,9.202,9.102,9.042,-0.107067625,0.0999999999999996,0.022600008,0.12061034,22,1.0836978,2.370581,0.021721127,0,0,1,31,21.465778,VARIABLE,B5,1985CBVMS.C......0V,02 22 07.40,+59 11 11.0,6061.0,4.0,0.0681602532399975,1.5,0.2121320343559643,1.4,"1978A&AS...32...25R, 1959LS....C01....0H, 1985CBVMS.C......0V, 1978SoSht.192...18V",459200521567028224,"452438, 452440, 452442, 452456","B5III:, OB-, B5, B2",2.0,348613342,35.53081987344,59.18637666473,02220739+5911108,0.019059,134.32425868642412,-1.6647412554973402,1,[348613342],58,Gaia_TIC348613342_S58.dat,58,,1.0,1.6551311059174625,0.8713623413189654,0.1194778090378778,1.65557,E,E
452442,459200521567028224,0.9541185897435897,test,,M,B2,35.53081249999999,59.18637361111111,,0.0021195220588812,,,,,,,,B2,*|EB*|NIR,0.018294,,35.53081135567569,59.186373666160975,0.010530281,0.0125208255,0.4060421419611152,0.016591761,24.472515,-0.959079203886944,-0.6224993262927812,0.014000805,0.016148316,10.1102705,10.37199,442,832.7483,49,276.00375,50,291.5597,9.672409,AAA,449589327,9.202,9.102,9.042,-0.107067625,0.0999999999999996,0.022600008,0.12061034,22,1.0836978,2.370581,0.021721127,0,0,1,31,21.465778,VARIABLE,B5,1985CBVMS.C......0V,02 22 07.40,+59 11 11.0,6061.0,4.0,0.0681602532399975,1.5,0.2121320343559643,1.4,"1978A&AS...32...25R, 1959LS....C01....0H, 1985CBVMS.C......0V, 1978SoSht.192...18V",459200521567028224,"452438, 452440, 452442, 452456","B5III:, OB-, B5, B2",2.0,348613342,35.53081987344,59.18637666473,02220739+5911108,0.019059,134.32425868642412,-1.6647412554973402,1,[348613342],58,Gaia_TIC348613342_S58.dat,58,,1.0,3.3102622118349245,0.7949114404688413,0.1194778090378778,1.65557,E,E
452442,459200521567028224,0.9541185897435897,test,,M,B2,35.53081249999999,59.18637361111111,,0.0021195220588812,,,,,,,,B2,*|EB*|NIR,0.018294,,35.53081135567569,59.186373666160975,0.010530281,0.0125208255,0.4060421419611152,0.016591761,24.472515,-0.959079203886944,-0.6224993262927812,0.014000805,0.016148316,10.1102705,10.37199,442,832.7483,49,276.00375,50,291.5597,9.672409,AAA,449589327,9.202,9.102,9.042,-0.107067625,0.0999999999999996,0.022600008,0.12061034,22,1.0836978,2.370581,0.021721127,0,0,1,31,21.465778,VARIABLE,B5,1985CBVMS.C......0V,02 22 07.40,+59 11 11.0,6061.0,4.0,0.0681602532399975,1.5,0.2121320343559643,1.4,"1978A&AS...32...25R, 1959LS....C01....0H, 1985CBVMS.C......0V, 1978SoSht.192...18V",459200521567028224,"452438, 452440, 452442, 452456","B5III:, OB-, B5, B2",2.0,348613342,35.53081987344,59.18637666473,02220739+5911108,0.019059,134.32425868642412,-1.6647412554973402,1,[348613342],58,Gaia_TIC348613342_S58.dat,58,,1.0,0.8287229872985336,0.7619990766552602,0.1194778090378778,1.65557,E,E
452442,459200521567028224,0.9541185897435897,test,,M,B2,35.53081249999999,59.18637361111111,,0.0021195220588812,,,,,,,,B2,*|EB*|NIR,0.018294,,35.53081135567569,59.186373666160975,0.010530281,0.0125208255,0.4060421419611152,0.016591761,24.472515,-0.959079203886944,-0.6224993262927812,0.014000805,0.016148316,10.1102705,10.37199,442,832.7483,49,276.00375,50,291.5597,9.672409,AAA,449589327,9.202,9.102,9.042,-0.107067625,0.0999999999999996,0.022600008,0.12061034,22,1.0836978,2.370581,0.021721127,0,0,1,31,21.465778,VARIABLE,B5,1985CBVMS.C......0V,02 22 07.40,+59 11 11.0,6061.0,4.0,0.0681602532399975,1.5,0.2121320343559643,1.4,"1978A&AS...32...25R, 1959LS....C01....0H, 1985CBVMS.C......0V, 1978SoSht.192...18V",459200521567028224,"452438, 452440, 452442, 452456","B5III:, OB-, B5, B2",2.0,348613342,35.53081987344,59.18637666473,02220739+5911108,0.019059,134.32425868642412,-1.6647412554973402,1,[348613342],58,Gaia_TIC348613342_S58.dat,58,,1.0,4.965393317752387,0.7325842303656964,0.1194778090378778,1.65557,E,E
452442,459200521567028224,0.9541185897435897,test,,M,B2,35.53081249999999,59.18637361111111,,0.0021195220588812,,,,,,,,B2,*|EB*|NIR,0.018294,,35.53081135567569,59.186373666160975,0.010530281,0.0125208255,0.4060421419611152,0.016591761,24.472515,-0.959079203886944,-0.6224993262927812,0.014000805,0.016148316,10.1102705,10.37199,442,832.7483,49,276.00375,50,291.5597,9.672409,AAA,449589327,9.202,9.102,9.042,-0.107067625,0.0999999999999996,0.022600008,0.12061034,22,1.0836978,2.370581,0.021721127,0,0,1,31,21.465778,VARIABLE,B5,1985CBVMS.C......0V,02 22 07.40,+59 11 11.0,6061.0,4.0,0.0681602532399975,1.5,0.2121320343559643,1.4,"1978A&AS...32...25R, 1959LS....C01....0H, 1985CBVMS.C......0V, 1978SoSht.192...18V",459200521567028224,"452438, 452440, 452442, 452456","B5III:, OB-, B5, B2",2.0,348613342,35.53081987344,59.18637666473,02220739+5911108,0.019059,134.32425868642412,-1.6647412554973402,1,[348613342],58,Gaia_TIC348613342_S58.dat,58,,1.0,2.481539224536391,0.711862114999259,0.1194778090378778,1.65557,E,E
452442,459200521567028224,0.9541185897435897,test,,M,B2,35.53081249999999,59.18637361111111,,0.0021195220588812,,,,,,,,B2,*|EB*|NIR,0.018294,,35.53081135567569,59.186373666160975,0.010530281,0.0125208255,0.4060421419611152,0.016591761,24.472515,-0.959079203886944,-0.6224993262927812,0.014000805,0.016148316,10.1102705,10.37199,442,832.7483,49,276.00375,50,291.5597,9.672409,AAA,449589327,9.202,9.102,9.042,-0.107067625,0.0999999999999996,0.022600008,0.12061034,22,1.0836978,2.370581,0.021721127,0,0,1,31,21.465778,VARIABLE,B5,1985CBVMS.C......0V,02 22 07.40,+59 11 11.0,6061.0,4.0,0.0681602532399975,1.5,0.2121320343559643,1.4,"1978A&AS...32...25R, 1959LS....C01....0H, 1985CBVMS.C......0V, 1978SoSht.192...18V",459200521567028224,"452438, 452440, 452442, 452456","B5III:, OB-, B5, B2",2.0,348613342,35.53081987344,59.18637666473,02220739+5911108,0.019059,134.32425868642412,-1.6647412554973402,1,[348613342],58,Gaia_TIC348613342_S58.dat,58,,1.0,6.625154161029059,0.7078629339350075,0.1194778090378778,1.65557,E,E
452442,459200521567028224,0.9541185897435897,test,,M,B2,35.53081249999999,59.18637361111111,,0.0021195220588812,,,,,,,,B2,*|EB*|NIR,0.018294,,35.53081135567569,59.186373666160975,0.010530281,0.0125208255,0.4060421419611152,0.016591761,24.472515,-0.959079203886944,-0.6224993262927812,0.014000805,0.016148316,10.1102705,10.37199,442,832.7483,49,276.00375,50,291.5597,9.672409,AAA,449589327,9.202,9.102,9.042,-0.107067625,0.0999999999999996,0.022600008,0.12061034,22,1.0836978,2.370581,0.021721127,0,0,1,31,21.465778,VARIABLE,B5,1985CBVMS.C......0V,02 22 07.40,+59 11 11.0,6061.0,4.0,0.0681602532399975,1.5,0.2121320343559643,1.4,"1978A&AS...32...25R, 1959LS....C01....0H, 1985CBVMS.C......0V, 1978SoSht.192...18V",459200521567028224,"452438, 452440, 452442, 452456","B5III:, OB-, B5, B2",2.0,348613342,35.53081987344,59.18637666473,02220739+5911108,0.019059,134.32425868642412,-1.6647412554973402,1,[348613342],58,Gaia_TIC348613342_S58.dat,58,,1.0,8.277970398266916,0.6634095180144391,0.1194778090378778,1.65557,E,E
452442,459200521567028224,0.9541185897435897,test,,M,B2,35.53081249999999,59.18637361111111,,0.0021195220588812,,,,,,,,B2,*|EB*|NIR,0.018294,,35.53081135567569,59.186373666160975,0.010530281,0.0125208255,0.4060421419611152,0.016591761,24.472515,-0.959079203886944,-0.6224993262927812,0.014000805,0.016148316,10.1102705,10.37199,442,832.7483,49,276.00375,50,291.5597,9.672409,AAA,449589327,9.202,9.102,9.042,-0.107067625,0.0999999999999996,0.022600008,0.12061034,22,1.0836978,2.370581,0.021721127,0,0,1,31,21.465778,VARIABLE,B5,1985CBVMS.C......0V,02 22 07.40,+59 11 11.0,6061.0,4.0,0.0681602532399975,1.5,0.2121320343559643,1.4,"1978A&AS...32...25R, 1959LS....C01....0H, 1985CBVMS.C......0V, 1978SoSht.192...18V",459200521567028224,"452438, 452440, 452442, 452456","B5III:, OB-, B5, B2",2.0,348613342,35.53081987344,59.18637666473,02220739+5911108,0.019059,134.32425868642412,-1.6647412554973402,1,[348613342],58,Gaia_TIC348613342_S58.dat,58,,1.0,4.138985199133458,0.6611612730280808,0.1194778090378778,1.65557,E,E
452442,459200521567028224,0.9541185897435897,test,,M,B2,35.53081249999999,59.18637361111111,,0.0021195220588812,,,,,,,,B2,*|EB*|NIR,0.018294,,35.53081135567569,59.186373666160975,0.010530281,0.0125208255,0.4060421419611152,0.016591761,24.472515,-0.959079203886944,-0.6224993262927812,0.014000805,0.016148316,10.1102705,10.37199,442,832.7483,49,276.00375,50,291.5597,9.672409,AAA,449589327,9.202,9.102,9.042,-0.107067625,0.0999999999999996,0.022600008,0.12061034,22,1.0836978,2.370581,0.021721127,0,0,1,31,21.465778,VARIABLE,B5,1985CBVMS.C......0V,02 22 07.40,+59 11 11.0,6061.0,4.0,0.0681602532399975,1.5,0.2121320343559643,1.4,"1978A&AS...32...25R, 1959LS....C01....0H, 1985CBVMS.C......0V, 1978SoSht.192...18V",459200521567028224,"452438, 452440, 452442, 452456","B5III:, OB-, B5, B2",2.0,348613342,35.53081987344,59.18637666473,02220739+5911108,0.019059,134.32425868642412,-1.6647412554973402,1,[348613342],58,Gaia_TIC348613342_S58.dat,58,,1.0,5.796431173730525,0.610185077062247,0.1194778090378778,1.65557,E,E
452442,459200521567028224,0.9541185897435897,test,,M,B2,35.53081249999999,59.18637361111111,,0.0021195220588812,,,,,,,,B2,*|EB*|NIR,0.018294,,35.53081135567569,59.186373666160975,0.010530281,0.0125208255,0.4060421419611152,0.016591761,24.472515,-0.959079203886944,-0.6224993262927812,0.014000805,0.016148316,10.1102705,10.37199,442,832.7483,49,276.00375,50,291.5597,9.672409,AAA,449589327,9.202,9.102,9.042,-0.107067625,0.0999999999999996,0.022600008,0.12061034,22,1.0836978,2.370581,0.021721127,0,0,1,31,21.465778,VARIABLE,B5,1985CBVMS.C......0V,02 22 07.40,+59 11 11.0,6061.0,4.0,0.0681602532399975,1.5,0.2121320343559643,1.4,"1978A&AS...32...25R, 1959LS....C01....0H, 1985CBVMS.C......0V, 1978SoSht.192...18V",459200521567028224,"452438, 452440, 452442, 452456","B5III:, OB-, B5, B2",2.0,348613342,35.53081987344,59.18637666473,02220739+5911108,0.019059,134.32425868642412,-1.6647412554973402,1,[348613342],58,Gaia_TIC348613342_S58.dat,58,,1.0,9.933101504184378,0.5891244827012516,0.1194778090378778,1.65557,E,E
452442,459200521567028224,0.9541185897435897,test,,M,B2,35.53081249999999,59.18637361111111,,0.0021195220588812,,,,,,,,B2,*|EB*|NIR,0.018294,,35.53081135567569,59.186373666160975,0.010530281,0.0125208255,0.4060421419611152,0.016591761,24.472515,-0.959079203886944,-0.6224993262927812,0.014000805,0.016148316,10.1102705,10.37199,442,832.7483,49,276.00375,50,291.5597,9.672409,AAA,449589327,9.202,9.102,9.042,-0.107067625,0.0999999999999996,0.022600008,0.12061034,22,1.0836978,2.370581,0.021721127,0,0,1,31,21.465778,VARIABLE,B5,1985CBVMS.C......0V,02 22 07.40,+59 11 11.0,6061.0,4.0,0.0681602532399975,1.5,0.2121320343559643,1.4,"1978A&AS...32...25R, 1959LS....C01....0H, 1985CBVMS.C......0V, 1978SoSht.192...18V",459200521567028224,"452438, 452440, 452442, 452456","B5III:, OB-, B5, B2",2.0,348613342,35.53081987344,59.18637666473,02220739+5911108,0.019059,134.32425868642412,-1.6647412554973402,1,[348613342],58,Gaia_TIC348613342_S58.dat,58,,1.0,7.449247410968383,0.5821784456127302,0.1194778090378778,1.65557,E,E
452442,459200521567028224,0.9541185897435897,test,,M,B2,35.53081249999999,59.18637361111111,,0.0021195220588812,,,,,,,,B2,*|EB*|NIR,0.018294,,35.53081135567569,59.186373666160975,0.010530281,0.0125208255,0.4060421419611152,0.016591761,24.472515,-0.959079203886944,-0.6224993262927812,0.014000805,0.016148316,10.1102705,10.37199,442,832.7483,49,276.00375,50,291.5597,9.672409,AAA,449589327,9.202,9.102,9.042,-0.107067625,0.0999999999999996,0.022600008,0.12061034,22,1.0836978,2.370581,0.021721127,0,0,1,31,21.465778,VARIABLE,B5,1985CBVMS.C......0V,02 22 07.40,+59 11 11.0,6061.0,4.0,0.0681602532399975,1.5,0.2121320343559643,1.4,"1978A&AS...32...25R, 1959LS....C01....0H, 1985CBVMS.C......0V, 1978SoSht.192...18V",459200521567028224,"452438, 452440, 452442, 452456","B5III:, OB-, B5, B2",2.0,348613342,35.53081987344,59.18637666473,02220739+5911108,0.019059,134.32425868642412,-1.6647412554973402,1,[348613342],58,Gaia_TIC348613342_S58.dat,58,,1.0,9.10669338556545,0.5224393093839784,0.1194778090378778,1.65557,E,E
452442,459200521567028224,0.9541185897435897,test,,M,B2,35.53081249999999,59.18637361111111,,0.0021195220588812,,,,,,,,B2,*|EB*|NIR,0.018294,,35.53081135567569,59.186373666160975,0.010530281,0.0125208255,0.4060421419611152,0.016591761,24.472515,-0.959079203886944,-0.6224993262927812,0.014000805,0.016148316,10.1102705,10.37199,442,832.7483,49,276.00375,50,291.5597,9.672409,AAA,449589327,9.202,9.102,9.042,-0.107067625,0.0999999999999996,0.022600008,0.12061034,22,1.0836978,2.370581,0.021721127,0,0,1,31,21.465778,VARIABLE,B5,1985CBVMS.C......0V,02 22 07.40,+59 11 11.0,6061.0,4.0,0.0681602532399975,1.5,0.2121320343559643,1.4,"1978A&AS...32...25R, 1959LS....C01....0H, 1985CBVMS.C......0V, 1978SoSht.192...18V",459200521567028224,"452438, 452440, 452442, 452456","B5III:, OB-, B5, B2",2.0,348613342,35.53081987344,59.18637666473,02220739+5911108,0.019059,134.32425868642412,-1.6647412554973402,1,[348613342],58,Gaia_TIC348613342_S58.dat,58,,1.0,11.590547478781446,0.5195228656946494,0.1194778090378778,1.65557,E,E
452442,459200521567028224,0.9541185897435897,test,,M,B2,35.53081249999999,59.18637361111111,,0.0021195220588812,,,,,,,,B2,*|EB*|NIR,0.018294,,35.53081135567569,59.186373666160975,0.010530281,0.0125208255,0.4060421419611152,0.016591761,24.472515,-0.959079203886944,-0.6224993262927812,0.014000805,0.016148316,10.1102705,10.37199,442,832.7483,49,276.00375,50,291.5597,9.672409,AAA,449589327,9.202,9.102,9.042,-0.107067625,0.0999999999999996,0.022600008,0.12061034,22,1.0836978,2.370581,0.021721127,0,0,1,31,21.465778,VARIABLE,B5,1985CBVMS.C......0V,02 22 07.40,+59 11 11.0,6061.0,4.0,0.0681602532399975,1.5,0.2121320343559643,1.4,"1978A&AS...32...25R, 1959LS....C01....0H, 1985CBVMS.C......0V, 1978SoSht.192...18V",459200521567028224,"452438, 452440, 452442, 452456","B5III:, OB-, B5, B2",2.0,348613342,35.53081987344,59.18637666473,02220739+5911108,0.019059,134.32425868642412,-1.6647412554973402,1,[348613342],58,Gaia_TIC348613342_S58.dat,58,,1.0,10.761824491482912,0.4771574293774192,0.1194778090378778,1.65557,E,E
452442,459200521567028224,0.9541185897435897,test,,M,B2,35.53081249999999,59.18637361111111,,0.0021195220588812,,,,,,,,B2,*|EB*|NIR,0.018294,,35.53081135567569,59.186373666160975,0.010530281,0.0125208255,0.4060421419611152,0.016591761,24.472515,-0.959079203886944,-0.6224993262927812,0.014000805,0.016148316,10.1102705,10.37199,442,832.7483,49,276.00375,50,291.5597,9.672409,AAA,449589327,9.202,9.102,9.042,-0.107067625,0.0999999999999996,0.022600008,0.12061034,22,1.0836978,2.370581,0.021721127,0,0,1,31,21.465778,VARIABLE,B5,1985CBVMS.C......0V,02 22 07.40,+59 11 11.0,6061.0,4.0,0.0681602532399975,1.5,0.2121320343559643,1.4,"1978A&AS...32...25R, 1959LS....C01....0H, 1985CBVMS.C......0V, 1978SoSht.192...18V",459200521567028224,"452438, 452440, 452442, 452456","B5III:, OB-, B5, B2",2.0,348613342,35.53081987344,59.18637666473,02220739+5911108,0.019059,134.32425868642412,-1.6647412554973402,1,[348613342],58,Gaia_TIC348613342_S58.dat,58,,1.0,13.245678584698908,0.4611412845067102,0.1194778090378778,1.65557,E,E
452442,459200521567028224,0.9541185897435897,test,,M,B2,35.53081249999999,59.18637361111111,,0.0021195220588812,,,,,,,,B2,*|EB*|NIR,0.018294,,35.53081135567569,59.186373666160975,0.010530281,0.0125208255,0.4060421419611152,0.016591761,24.472515,-0.959079203886944,-0.6224993262927812,0.014000805,0.016148316,10.1102705,10.37199,442,832.7483,49,276.00375,50,291.5597,9.672409,AAA,449589327,9.202,9.102,9.042,-0.107067625,0.0999999999999996,0.022600008,0.12061034,22,1.0836978,2.370581,0.021721127,0,0,1,31,21.465778,VARIABLE,B5,1985CBVMS.C......0V,02 22 07.40,+59 11 11.0,6061.0,4.0,0.0681602532399975,1.5,0.2121320343559643,1.4,"1978A&AS...32...25R, 1959LS....C01....0H, 1985CBVMS.C......0V, 1978SoSht.192...18V",459200521567028224,"452438, 452440, 452442, 452456","B5III:, OB-, B5, B2",2.0,348613342,35.53081987344,59.18637666473,02220739+5911108,0.019059,134.32425868642412,-1.6647412554973402,1,[348613342],58,Gaia_TIC348613342_S58.dat,58,,1.0,12.41927046607998,0.4281697912176731,0.1194778090378778,1.65557,E,E
562006,3330744771526935552,0.9116666666666666,train,,M,B2IV,95.51740416666668,10.8945775,,0.0021549904764023,,,,,,,,B2IV,*|EB*|NIR|V*,0.021972,,95.51740356840172,10.8945773851228,0.023140147,0.024368465,0.4288141210248314,0.02593492,16.534237,-0.7255200661366841,-1.165982757255965,0.025358088,0.023080971,9.785339,9.84542,191,249.85388,22,71.255035,22,85.12713,9.646389,AAA,325990668,9.463,9.414,9.383,-0.0205847500000002,0.0489999999999994,0.045681786,0.13072442,15,0.91214925,-1.7044339,0.035259176,0,0,4,31,17.479818,VARIABLE,B2IV,1976ApJ...210...65T,06 22 04.18,+10 53 40.5,7443.0,2.0,0.0510155859123902,1.2,,1.2,"1965LS....C06....0N, 1976ApJ...210...65T",3330744771526935552,"562002, 562006","OB-, B2IV",3.0,263335853,95.51740572743,10.89458293766,06220418+1053405,0.021397,-160.10062624886956,-1.4613295443594143,1,[263335853],71,Gaia_TIC263335853_S87.dat,87,-4.063851999999999,1.0,2.995651502535111,0.6496786117159628,0.2235915268179099,3.0115,E,EB
562006,3330744771526935552,0.9116666666666666,train,,M,B2IV,95.51740416666668,10.8945775,,0.0021549904764023,,,,,,,,B2IV,*|EB*|NIR|V*,0.021972,,95.51740356840172,10.8945773851228,0.023140147,0.024368465,0.4288141210248314,0.02593492,16.534237,-0.7255200661366841,-1.165982757255965,0.025358088,0.023080971,9.785339,9.84542,191,249.85388,22,71.255035,22,85.12713,9.646389,AAA,325990668,9.463,9.414,9.383,-0.0205847500000002,0.0489999999999994,0.045681786,0.13072442,15,0.91214925,-1.7044339,0.035259176,0,0,4,31,17.479818,VARIABLE,B2IV,1976ApJ...210...65T,06 22 04.18,+10 53 40.5,7443.0,2.0,0.0510155859123902,1.2,,1.2,"1965LS....C06....0N, 1976ApJ...210...65T",3330744771526935552,"562002, 562006","OB-, B2IV",3.0,263335853,95.51740572743,10.89458293766,06220418+1053405,0.021397,-160.10062624886956,-1.4613295443594143,1,[263335853],71,Gaia_TIC263335853_S87.dat,87,-4.063851999999999,1.0,1.5024558154136685,0.6438440661842108,0.2235915268179099,3.0115,E,EB
562006,3330744771526935552,0.9116666666666666,train,,M,B2IV,95.51740416666668,10.8945775,,0.0021549904764023,,,,,,,,B2IV,*|EB*|NIR|V*,0.021972,,95.51740356840172,10.8945773851228,0.023140147,0.024368465,0.4288141210248314,0.02593492,16.534237,-0.7255200661366841,-1.165982757255965,0.025358088,0.023080971,9.785339,9.84542,191,249.85388,22,71.255035,22,85.12713,9.646389,AAA,325990668,9.463,9.414,9.383,-0.0205847500000002,0.0489999999999994,0.045681786,0.13072442,15,0.91214925,-1.7044339,0.035259176,0,0,4,31,17.479818,VARIABLE,B2IV,1976ApJ...210...65T,06 22 04.18,+10 53 40.5,7443.0,2.0,0.0510155859123902,1.2,,1.2,"1965LS....C06....0N, 1976ApJ...210...65T",3330744771526935552,"562002, 562006","OB-, B2IV",3.0,263335853,95.51740572743,10.89458293766,06220418+1053405,0.021397,-160.10062624886956,-1.4613295443594143,1,[263335853],71,Gaia_TIC263335853_S87.dat,87,-4.063851999999999,1.0,6.026028486166069,0.5902133140993967,0.2235915268179099,3.0115,E,EB
562006,3330744771526935552,0.9116666666666666,train,,M,B2IV,95.51740416666668,10.8945775,,0.0021549904764023,,,,,,,,B2IV,*|EB*|NIR|V*,0.021972,,95.51740356840172,10.8945773851228,0.023140147,0.024368465,0.4288141210248314,0.02593492,16.534237,-0.7255200661366841,-1.165982757255965,0.025358088,0.023080971,9.785339,9.84542,191,249.85388,22,71.255035,22,85.12713,9.646389,AAA,325990668,9.463,9.414,9.383,-0.0205847500000002,0.0489999999999994,0.045681786,0.13072442,15,0.91214925,-1.7044339,0.035259176,0,0,4,31,17.479818,VARIABLE,B2IV,1976ApJ...210...65T,06 22 04.18,+10 53 40.5,7443.0,2.0,0.0510155859123902,1.2,,1.2,"1965LS....C06....0N, 1976ApJ...210...65T",3330744771526935552,"562002, 562006","OB-, B2IV",3.0,263335853,95.51740572743,10.89458293766,06220418+1053405,0.021397,-160.10062624886956,-1.4613295443594143,1,[263335853],71,Gaia_TIC263335853_S87.dat,87,-4.063851999999999,1.0,4.505052414167949,0.4899271014361135,0.2235915268179099,3.0115,E,EB
562006,3330744771526935552,0.9116666666666666,train,,M,B2IV,95.51740416666668,10.8945775,,0.0021549904764023,,,,,,,,B2IV,*|EB*|NIR|V*,0.021972,,95.51740356840172,10.8945773851228,0.023140147,0.024368465,0.4288141210248314,0.02593492,16.534237,-0.7255200661366841,-1.165982757255965,0.025358088,0.023080971,9.785339,9.84542,191,249.85388,22,71.255035,22,85.12713,9.646389,AAA,325990668,9.463,9.414,9.383,-0.0205847500000002,0.0489999999999994,0.045681786,0.13072442,15,0.91214925,-1.7044339,0.035259176,0,0,4,31,17.479818,VARIABLE,B2IV,1976ApJ...210...65T,06 22 04.18,+10 53 40.5,7443.0,2.0,0.0510155859123902,1.2,,1.2,"1965LS....C06....0N, 1976ApJ...210...65T",3330744771526935552,"562002, 562006","OB-, B2IV",3.0,263335853,95.51740572743,10.89458293766,06220418+1053405,0.021397,-160.10062624886956,-1.4613295443594143,1,[263335853],71,Gaia_TIC263335853_S87.dat,87,-4.063851999999999,1.0,9.019364956628124,0.4041266550601285,0.2235915268179099,3.0115,E,EB
562006,3330744771526935552,0.9116666666666666,train,,M,B2IV,95.51740416666668,10.8945775,,0.0021549904764023,,,,,,,,B2IV,*|EB*|NIR|V*,0.021972,,95.51740356840172,10.8945773851228,0.023140147,0.024368465,0.4288141210248314,0.02593492,16.534237,-0.7255200661366841,-1.165982757255965,0.025358088,0.023080971,9.785339,9.84542,191,249.85388,22,71.255035,22,85.12713,9.646389,AAA,325990668,9.463,9.414,9.383,-0.0205847500000002,0.0489999999999994,0.045681786,0.13072442,15,0.91214925,-1.7044339,0.035259176,0,0,4,31,17.479818,VARIABLE,B2IV,1976ApJ...210...65T,06 22 04.18,+10 53 40.5,7443.0,2.0,0.0510155859123902,1.2,,1.2,"1965LS....C06....0N, 1976ApJ...210...65T",3330744771526935552,"562002, 562006","OB-, B2IV",3.0,263335853,95.51740572743,10.89458293766,06220418+1053405,0.021397,-160.10062624886956,-1.4613295443594143,1,[263335853],71,Gaia_TIC263335853_S87.dat,87,-4.063851999999999,1.0,7.519224173287512,0.3989529230752621,0.2235915268179099,3.0115,E,EB
1052492,5543515083529532928,0.9683333333333334,train,,M,"B1/2II, B2                                                         ",127.17916250000002,-34.731596666666675,,0.0033867943834232,,,,,,,,B1/2II,*|NIR|Pu*|UV|V*,0.105151,,127.17916162880256,-34.73159605638968,0.025964145,0.03086869,0.7335090395445869,0.037831474,19.388857,-4.7538330216607765,4.53773539095735,0.035180543,0.040148612,7.643614,7.5677247,452,1339.2566,49,589.6348,51,470.70563,7.7346663,AAA,158419716,7.921,7.983,8.017,-0.0026534999999994,-0.0619999999999993,0.05667121,0.3725147,27,1.139659,4.028485,0.024969907,0,0,3,31,118.71913,VARIABLE,B2,1969ArA.....5..149L,08 28 43.01,-34 43 53.8,17880.0,3.0,0.1484280115362277,1.2,0.0505081321821294,1.2,"1969ArA.....5..149L, 1971PW&SO...1a...1S, 1982MSS...C03....0H",5543515083529532928,"1052492, 1052493, 1052494","B2, OB-, B1/2II",1.0,56630835,127.17918776294,-34.7316161536,08284300-3443538,0.105891,-105.6191277174468,2.37441086052068,1,[56630835],62,Gaia_TIC56630835_S8.dat,8,,1.0,0.2060156688457937,0.9470268577970212,0.0321348747516966,0.20578,PULSATING,BCEP
1052492,5543515083529532928,0.9683333333333334,train,,M,"B1/2II, B2                                                         ",127.17916250000002,-34.731596666666675,,0.0033867943834232,,,,,,,,B1/2II,*|NIR|Pu*|UV|V*,0.105151,,127.17916162880256,-34.73159605638968,0.025964145,0.03086869,0.7335090395445869,0.037831474,19.388857,-4.7538330216607765,4.53773539095735,0.035180543,0.040148612,7.643614,7.5677247,452,1339.2566,49,589.6348,51,470.70563,7.7346663,AAA,158419716,7.921,7.983,8.017,-0.0026534999999994,-0.0619999999999993,0.05667121,0.3725147,27,1.139659,4.028485,0.024969907,0,0,3,31,118.71913,VARIABLE,B2,1969ArA.....5..149L,08 28 43.01,-34 43 53.8,17880.0,3.0,0.1484280115362277,1.2,0.0505081321821294,1.2,"1969ArA.....5..149L, 1971PW&SO...1a...1S, 1982MSS...C03....0H",5543515083529532928,"1052492, 1052493, 1052494","B2, OB-, B1/2II",1.0,56630835,127.17918776294,-34.7316161536,08284300-3443538,0.105891,-105.6191277174468,2.37441086052068,1,[56630835],62,Gaia_TIC56630835_S8.dat,8,,1.0,0.4120313376915874,0.9342955403639236,0.0321348747516966,0.20578,PULSATING,BCEP
1052492,5543515083529532928,0.9683333333333334,train,,M,"B1/2II, B2                                                         ",127.17916250000002,-34.731596666666675,,0.0033867943834232,,,,,,,,B1/2II,*|NIR|Pu*|UV|V*,0.105151,,127.17916162880256,-34.73159605638968,0.025964145,0.03086869,0.7335090395445869,0.037831474,19.388857,-4.7538330216607765,4.53773539095735,0.035180543,0.040148612,7.643614,7.5677247,452,1339.2566,49,589.6348,51,470.70563,7.7346663,AAA,158419716,7.921,7.983,8.017,-0.0026534999999994,-0.0619999999999993,0.05667121,0.3725147,27,1.139659,4.028485,0.024969907,0,0,3,31,118.71913,VARIABLE,B2,1969ArA.....5..149L,08 28 43.01,-34 43 53.8,17880.0,3.0,0.1484280115362277,1.2,0.0505081321821294,1.2,"1969ArA.....5..149L, 1971PW&SO...1a...1S, 1982MSS...C03....0H",5543515083529532928,"1052492, 1052493, 1052494","B2, OB-, B1/2II",1.0,56630835,127.17918776294,-34.7316161536,08284300-3443538,0.105891,-105.6191277174468,2.37441086052068,1,[56630835],62,Gaia_TIC56630835_S8.dat,8,,1.0,0.6180470065373811,0.9147091812561804,0.0321348747516966,0.20578,PULSATING,BCEP
1052492,5543515083529532928,0.9683333333333334,train,,M,"B1/2II, B2                                                         ",127.17916250000002,-34.731596666666675,,0.0033867943834232,,,,,,,,B1/2II,*|NIR|Pu*|UV|V*,0.105151,,127.17916162880256,-34.73159605638968,0.025964145,0.03086869,0.7335090395445869,0.037831474,19.388857,-4.7538330216607765,4.53773539095735,0.035180543,0.040148612,7.643614,7.5677247,452,1339.2566,49,589.6348,51,470.70563,7.7346663,AAA,158419716,7.921,7.983,8.017,-0.0026534999999994,-0.0619999999999993,0.05667121,0.3725147,27,1.139659,4.028485,0.024969907,0,0,3,31,118.71913,VARIABLE,B2,1969ArA.....5..149L,08 28 43.01,-34 43 53.8,17880.0,3.0,0.1484280115362277,1.2,0.0505081321821294,1.2,"1969ArA.....5..149L, 1971PW&SO...1a...1S, 1982MSS...C03....0H",5543515083529532928,"1052492, 1052493, 1052494","B2, OB-, B1/2II",1.0,56630835,127.17918776294,-34.7316161536,08284300-3443538,0.105891,-105.6191277174468,2.37441086052068,1,[56630835],62,Gaia_TIC56630835_S8.dat,8,,1.0,0.8240626753831748,0.895694231770933,0.0321348747516966,0.20578,PULSATING,BCEP
1052492,5543515083529532928,0.9683333333333334,train,,M,"B1/2II, B2                                                         ",127.17916250000002,-34.731596666666675,,0.0033867943834232,,,,,,,,B1/2II,*|NIR|Pu*|UV|V*,0.105151,,127.17916162880256,-34.73159605638968,0.025964145,0.03086869,0.7335090395445869,0.037831474,19.388857,-4.7538330216607765,4.53773539095735,0.035180543,0.040148612,7.643614,7.5677247,452,1339.2566,49,589.6348,51,470.70563,7.7346663,AAA,158419716,7.921,7.983,8.017,-0.0026534999999994,-0.0619999999999993,0.05667121,0.3725147,27,1.139659,4.028485,0.024969907,0,0,3,31,118.71913,VARIABLE,B2,1969ArA.....5..149L,08 28 43.01,-34 43 53.8,17880.0,3.0,0.1484280115362277,1.2,0.0505081321821294,1.2,"1969ArA.....5..149L, 1971PW&SO...1a...1S, 1982MSS...C03....0H",5543515083529532928,"1052492, 1052493, 1052494","B2, OB-, B1/2II",1.0,56630835,127.17918776294,-34.7316161536,08284300-3443538,0.105891,-105.6191277174468,2.37441086052068,1,[56630835],62,Gaia_TIC56630835_S8.dat,8,,1.0,1.0277635614329483,0.8773133248575402,0.0321348747516966,0.20578,PULSATING,BCEP
1052492,5543515083529532928,0.9683333333333334,train,,M,"B1/2II, B2                                                         ",127.17916250000002,-34.731596666666675,,0.0033867943834232,,,,,,,,B1/2II,*|NIR|Pu*|UV|V*,0.105151,,127.17916162880256,-34.73159605638968,0.025964145,0.03086869,0.7335090395445869,0.037831474,19.388857,-4.7538330216607765,4.53773539095735,0.035180543,0.040148612,7.643614,7.5677247,452,1339.2566,49,589.6348,51,470.70563,7.7346663,AAA,158419716,7.921,7.983,8.017,-0.0026534999999994,-0.0619999999999993,0.05667121,0.3725147,27,1.139659,4.028485,0.024969907,0,0,3,31,118.71913,VARIABLE,B2,1969ArA.....5..149L,08 28 43.01,-34 43 53.8,17880.0,3.0,0.1484280115362277,1.2,0.0505081321821294,1.2,"1969ArA.....5..149L, 1971PW&SO...1a...1S, 1982MSS...C03....0H",5543515083529532928,"1052492, 1052493, 1052494","B2, OB-, B1/2II",1.0,56630835,127.17918776294,-34.7316161536,08284300-3443538,0.105891,-105.6191277174468,2.37441086052068,1,[56630835],62,Gaia_TIC56630835_S8.dat,8,,1.0,1.233779230278742,0.8691428351987479,0.0321348747516966,0.20578,PULSATING,BCEP
1052492,5543515083529532928,0.9683333333333334,train,,M,"B1/2II, B2                                                         ",127.17916250000002,-34.731596666666675,,0.0033867943834232,,,,,,,,B1/2II,*|NIR|Pu*|UV|V*,0.105151,,127.17916162880256,-34.73159605638968,0.025964145,0.03086869,0.7335090395445869,0.037831474,19.388857,-4.7538330216607765,4.53773539095735,0.035180543,0.040148612,7.643614,7.5677247,452,1339.2566,49,589.6348,51,470.70563,7.7346663,AAA,158419716,7.921,7.983,8.017,-0.0026534999999994,-0.0619999999999993,0.05667121,0.3725147,27,1.139659,4.028485,0.024969907,0,0,3,31,118.71913,VARIABLE,B2,1969ArA.....5..149L,08 28 43.01,-34 43 53.8,17880.0,3.0,0.1484280115362277,1.2,0.0505081321821294,1.2,"1969ArA.....5..149L, 1971PW&SO...1a...1S, 1982MSS...C03....0H",5543515083529532928,"1052492, 1052493, 1052494","B2, OB-, B1/2II",1.0,56630835,127.17918776294,-34.7316161536,08284300-3443538,0.105891,-105.6191277174468,2.37441086052068,1,[56630835],62,Gaia_TIC56630835_S8.dat,8,,1.0,1.4397948991245355,0.8532423896755947,0.0321348747516966,0.20578,PULSATING,BCEP
1052492,5543515083529532928,0.9683333333333334,train,,M,"B1/2II, B2                                                         ",127.17916250000002,-34.731596666666675,,0.0033867943834232,,,,,,,,B1/2II,*|NIR|Pu*|UV|V*,0.105151,,127.17916162880256,-34.73159605638968,0.025964145,0.03086869,0.7335090395445869,0.037831474,19.388857,-4.7538330216607765,4.53773539095735,0.035180543,0.040148612,7.643614,7.5677247,452,1339.2566,49,589.6348,51,470.70563,7.7346663,AAA,158419716,7.921,7.983,8.017,-0.0026534999999994,-0.0619999999999993,0.05667121,0.3725147,27,1.139659,4.028485,0.024969907,0,0,3,31,118.71913,VARIABLE,B2,1969ArA.....5..149L,08 28 43.01,-34 43 53.8,17880.0,3.0,0.1484280115362277,1.2,0.0505081321821294,1.2,"1969ArA.....5..149L, 1971PW&SO...1a...1S, 1982MSS...C03....0H",5543515083529532928,"1052492, 1052493, 1052494","B2, OB-, B1/2II",1.0,56630835,127.17918776294,-34.7316161536,08284300-3443538,0.105891,-105.6191277174468,2.37441086052068,1,[56630835],62,Gaia_TIC56630835_S8.dat,8,,1.0,1.6458105679703294,0.8432804828326322,0.0321348747516966,0.20578,PULSATING,BCEP
1052492,5543515083529532928,0.9683333333333334,train,,M,"B1/2II, B2                                                         ",127.17916250000002,-34.731596666666675,,0.0033867943834232,,,,,,,,B1/2II,*|NIR|Pu*|UV|V*,0.105151,,127.17916162880256,-34.73159605638968,0.025964145,0.03086869,0.7335090395445869,0.037831474,19.388857,-4.7538330216607765,4.53773539095735,0.035180543,0.040148612,7.643614,7.5677247,452,1339.2566,49,589.6348,51,470.70563,7.7346663,AAA,158419716,7.921,7.983,8.017,-0.0026534999999994,-0.0619999999999993,0.05667121,0.3725147,27,1.139659,4.028485,0.024969907,0,0,3,31,118.71913,VARIABLE,B2,1969ArA.....5..149L,08 28 43.01,-34 43 53.8,17880.0,3.0,0.1484280115362277,1.2,0.0505081321821294,1.2,"1969ArA.....5..149L, 1971PW&SO...1a...1S, 1982MSS...C03....0H",5543515083529532928,"1052492, 1052493, 1052494","B2, OB-, B1/2II",1.0,56630835,127.17918776294,-34.7316161536,08284300-3443538,0.105891,-105.6191277174468,2.37441086052068,1,[56630835],62,Gaia_TIC56630835_S8.dat,8,,1.0,1.8518262368161231,0.8364519634873634,0.0321348747516966,0.20578,PULSATING,BCEP
1052492,5543515083529532928,0.9683333333333334,train,,M,"B1/2II, B2                                                         ",127.17916250000002,-34.731596666666675,,0.0033867943834232,,,,,,,,B1/2II,*|NIR|Pu*|UV|V*,0.105151,,127.17916162880256,-34.73159605638968,0.025964145,0.03086869,0.7335090395445869,0.037831474,19.388857,-4.7538330216607765,4.53773539095735,0.035180543,0.040148612,7.643614,7.5677247,452,1339.2566,49,589.6348,51,470.70563,7.7346663,AAA,158419716,7.921,7.983,8.017,-0.0026534999999994,-0.0619999999999993,0.05667121,0.3725147,27,1.139659,4.028485,0.024969907,0,0,3,31,118.71913,VARIABLE,B2,1969ArA.....5..149L,08 28 43.01,-34 43 53.8,17880.0,3.0,0.1484280115362277,1.2,0.0505081321821294,1.2,"1969ArA.....5..149L, 1971PW&SO...1a...1S, 1982MSS...C03....0H",5543515083529532928,"1052492, 1052493, 1052494","B2, OB-, B1/2II",1.0,56630835,127.17918776294,-34.7316161536,08284300-3443538,0.105891,-105.6191277174468,2.37441086052068,1,[56630835],62,Gaia_TIC56630835_S8.dat,8,,1.0,2.057841905661917,0.829713737859593,0.0321348747516966,0.20578,PULSATING,BCEP
1052492,5543515083529532928,0.9683333333333334,train,,M,"B1/2II, B2                                                         ",127.17916250000002,-34.731596666666675,,0.0033867943834232,,,,,,,,B1/2II,*|NIR|Pu*|UV|V*,0.105151,,127.17916162880256,-34.73159605638968,0.025964145,0.03086869,0.7335090395445869,0.037831474,19.388857,-4.7538330216607765,4.53773539095735,0.035180543,0.040148612,7.643614,7.5677247,452,1339.2566,49,589.6348,51,470.70563,7.7346663,AAA,158419716,7.921,7.983,8.017,-0.0026534999999994,-0.0619999999999993,0.05667121,0.3725147,27,1.139659,4.028485,0.024969907,0,0,3,31,118.71913,VARIABLE,B2,1969ArA.....5..149L,08 28 43.01,-34 43 53.8,17880.0,3.0,0.1484280115362277,1.2,0.0505081321821294,1.2,"1969ArA.....5..149L, 1971PW&SO...1a...1S, 1982MSS...C03....0H",5543515083529532928,"1052492, 1052493, 1052494","B2, OB-, B1/2II",1.0,56630835,127.17918776294,-34.7316161536,08284300-3443538,0.105891,-105.6191277174468,2.37441086052068,1,[56630835],62,Gaia_TIC56630835_S8.dat,8,,1.0,2.2638575745077105,0.8204849915362863,0.0321348747516966,0.20578,PULSATING,BCEP
1052492,5543515083529532928,0.9683333333333334,train,,M,"B1/2II, B2                                                         ",127.17916250000002,-34.731596666666675,,0.0033867943834232,,,,,,,,B1/2II,*|NIR|Pu*|UV|V*,0.105151,,127.17916162880256,-34.73159605638968,0.025964145,0.03086869,0.7335090395445869,0.037831474,19.388857,-4.7538330216607765,4.53773539095735,0.035180543,0.040148612,7.643614,7.5677247,452,1339.2566,49,589.6348,51,470.70563,7.7346663,AAA,158419716,7.921,7.983,8.017,-0.0026534999999994,-0.0619999999999993,0.05667121,0.3725147,27,1.139659,4.028485,0.024969907,0,0,3,31,118.71913,VARIABLE,B2,1969ArA.....5..149L,08 28 43.01,-34 43 53.8,17880.0,3.0,0.1484280115362277,1.2,0.0505081321821294,1.2,"1969ArA.....5..149L, 1971PW&SO...1a...1S, 1982MSS...C03....0H",5543515083529532928,"1052492, 1052493, 1052494","B2, OB-, B1/2II",1.0,56630835,127.17918776294,-34.7316161536,08284300-3443538,0.105891,-105.6191277174468,2.37441086052068,1,[56630835],62,Gaia_TIC56630835_S8.dat,8,,1.0,2.469873243353504,0.8087832568979128,0.0321348747516966,0.20578,PULSATING,BCEP
1052492,5543515083529532928,0.9683333333333334,train,,M,"B1/2II, B2                                                         ",127.17916250000002,-34.731596666666675,,0.0033867943834232,,,,,,,,B1/2II,*|NIR|Pu*|UV|V*,0.105151,,127.17916162880256,-34.73159605638968,0.025964145,0.03086869,0.7335090395445869,0.037831474,19.388857,-4.7538330216607765,4.53773539095735,0.035180543,0.040148612,7.643614,7.5677247,452,1339.2566,49,589.6348,51,470.70563,7.7346663,AAA,158419716,7.921,7.983,8.017,-0.0026534999999994,-0.0619999999999993,0.05667121,0.3725147,27,1.139659,4.028485,0.024969907,0,0,3,31,118.71913,VARIABLE,B2,1969ArA.....5..149L,08 28 43.01,-34 43 53.8,17880.0,3.0,0.1484280115362277,1.2,0.0505081321821294,1.2,"1969ArA.....5..149L, 1971PW&SO...1a...1S, 1982MSS...C03....0H",5543515083529532928,"1052492, 1052493, 1052494","B2, OB-, B1/2II",1.0,56630835,127.17918776294,-34.7316161536,08284300-3443538,0.105891,-105.6191277174468,2.37441086052068,1,[56630835],62,Gaia_TIC56630835_S8.dat,8,,1.0,2.675888912199298,0.7962565326861797,0.0321348747516966,0.20578,PULSATING,BCEP
1052492,5543515083529532928,0.9683333333333334,train,,M,"B1/2II, B2                                                         ",127.17916250000002,-34.731596666666675,,0.0033867943834232,,,,,,,,B1/2II,*|NIR|Pu*|UV|V*,0.105151,,127.17916162880256,-34.73159605638968,0.025964145,0.03086869,0.7335090395445869,0.037831474,19.388857,-4.7538330216607765,4.53773539095735,0.035180543,0.040148612,7.643614,7.5677247,452,1339.2566,49,589.6348,51,470.70563,7.7346663,AAA,158419716,7.921,7.983,8.017,-0.0026534999999994,-0.0619999999999993,0.05667121,0.3725147,27,1.139659,4.028485,0.024969907,0,0,3,31,118.71913,VARIABLE,B2,1969ArA.....5..149L,08 28 43.01,-34 43 53.8,17880.0,3.0,0.1484280115362277,1.2,0.0505081321821294,1.2,"1969ArA.....5..149L, 1971PW&SO...1a...1S, 1982MSS...C03....0H",5543515083529532928,"1052492, 1052493, 1052494","B2, OB-, B1/2II",1.0,56630835,127.17918776294,-34.7316161536,08284300-3443538,0.105891,-105.6191277174468,2.37441086052068,1,[56630835],62,Gaia_TIC56630835_S8.dat,8,,1.0,2.8819045810450916,0.7844084799074307,0.0321348747516966,0.20578,PULSATING,BCEP
1052492,5543515083529532928,0.9683333333333334,train,,M,"B1/2II, B2                                                         ",127.17916250000002,-34.731596666666675,,0.0033867943834232,,,,,,,,B1/2II,*|NIR|Pu*|UV|V*,0.105151,,127.17916162880256,-34.73159605638968,0.025964145,0.03086869,0.7335090395445869,0.037831474,19.388857,-4.7538330216607765,4.53773539095735,0.035180543,0.040148612,7.643614,7.5677247,452,1339.2566,49,589.6348,51,470.70563,7.7346663,AAA,158419716,7.921,7.983,8.017,-0.0026534999999994,-0.0619999999999993,0.05667121,0.3725147,27,1.139659,4.028485,0.024969907,0,0,3,31,118.71913,VARIABLE,B2,1969ArA.....5..149L,08 28 43.01,-34 43 53.8,17880.0,3.0,0.1484280115362277,1.2,0.0505081321821294,1.2,"1969ArA.....5..149L, 1971PW&SO...1a...1S, 1982MSS...C03....0H",5543515083529532928,"1052492, 1052493, 1052494","B2, OB-, B1/2II",1.0,56630835,127.17918776294,-34.7316161536,08284300-3443538,0.105891,-105.6191277174468,2.37441086052068,1,[56630835],62,Gaia_TIC56630835_S8.dat,8,,1.0,3.085605467094865,0.7739811460903477,0.0321348747516966,0.20578,PULSATING,BCEP
1052492,5543515083529532928,0.9683333333333334,train,,M,"B1/2II, B2                                                         ",127.17916250000002,-34.731596666666675,,0.0033867943834232,,,,,,,,B1/2II,*|NIR|Pu*|UV|V*,0.105151,,127.17916162880256,-34.73159605638968,0.025964145,0.03086869,0.7335090395445869,0.037831474,19.388857,-4.7538330216607765,4.53773539095735,0.035180543,0.040148612,7.643614,7.5677247,452,1339.2566,49,589.6348,51,470.70563,7.7346663,AAA,158419716,7.921,7.983,8.017,-0.0026534999999994,-0.0619999999999993,0.05667121,0.3725147,27,1.139659,4.028485,0.024969907,0,0,3,31,118.71913,VARIABLE,B2,1969ArA.....5..149L,08 28 43.01,-34 43 53.8,17880.0,3.0,0.1484280115362277,1.2,0.0505081321821294,1.2,"1969ArA.....5..149L, 1971PW&SO...1a...1S, 1982MSS...C03....0H",5543515083529532928,"1052492, 1052493, 1052494","B2, OB-, B1/2II",1.0,56630835,127.17918776294,-34.7316161536,08284300-3443538,0.105891,-105.6191277174468,2.37441086052068,1,[56630835],62,Gaia_TIC56630835_S8.dat,8,,1.0,3.291621135940659,0.7656036524823208,0.0321348747516966,0.20578,PULSATING,BCEP
1052492,5543515083529532928,0.9683333333333334,train,,M,"B1/2II, B2                                                         ",127.17916250000002,-34.731596666666675,,0.0033867943834232,,,,,,,,B1/2II,*|NIR|Pu*|UV|V*,0.105151,,127.17916162880256,-34.73159605638968,0.025964145,0.03086869,0.7335090395445869,0.037831474,19.388857,-4.7538330216607765,4.53773539095735,0.035180543,0.040148612,7.643614,7.5677247,452,1339.2566,49,589.6348,51,470.70563,7.7346663,AAA,158419716,7.921,7.983,8.017,-0.0026534999999994,-0.0619999999999993,0.05667121,0.3725147,27,1.139659,4.028485,0.024969907,0,0,3,31,118.71913,VARIABLE,B2,1969ArA.....5..149L,08 28 43.01,-34 43 53.8,17880.0,3.0,0.1484280115362277,1.2,0.0505081321821294,1.2,"1969ArA.....5..149L, 1971PW&SO...1a...1S, 1982MSS...C03....0H",5543515083529532928,"1052492, 1052493, 1052494","B2, OB-, B1/2II",1.0,56630835,127.17918776294,-34.7316161536,08284300-3443538,0.105891,-105.6191277174468,2.37441086052068,1,[56630835],62,Gaia_TIC56630835_S8.dat,8,,1.0,3.497636804786453,0.7575781322993392,0.0321348747516966,0.20578,PULSATING,BCEP
1052492,5543515083529532928,0.9683333333333334,train,,M,"B1/2II, B2                                                         ",127.17916250000002,-34.731596666666675,,0.0033867943834232,,,,,,,,B1/2II,*|NIR|Pu*|UV|V*,0.105151,,127.17916162880256,-34.73159605638968,0.025964145,0.03086869,0.7335090395445869,0.037831474,19.388857,-4.7538330216607765,4.53773539095735,0.035180543,0.040148612,7.643614,7.5677247,452,1339.2566,49,589.6348,51,470.70563,7.7346663,AAA,158419716,7.921,7.983,8.017,-0.0026534999999994,-0.0619999999999993,0.05667121,0.3725147,27,1.139659,4.028485,0.024969907,0,0,3,31,118.71913,VARIABLE,B2,1969ArA.....5..149L,08 28 43.01,-34 43 53.8,17880.0,3.0,0.1484280115362277,1.2,0.0505081321821294,1.2,"1969ArA.....5..149L, 1971PW&SO...1a...1S, 1982MSS...C03....0H",5543515083529532928,"1052492, 1052493, 1052494","B2, OB-, B1/2II",1.0,56630835,127.17918776294,-34.7316161536,08284300-3443538,0.105891,-105.6191277174468,2.37441086052068,1,[56630835],62,Gaia_TIC56630835_S8.dat,8,,1.0,3.7036524736322463,0.7501294032733148,0.0321348747516966,0.20578,PULSATING,BCEP
1052492,5543515083529532928,0.9683333333333334,train,,M,"B1/2II, B2                                                         ",127.17916250000002,-34.731596666666675,,0.0033867943834232,,,,,,,,B1/2II,*|NIR|Pu*|UV|V*,0.105151,,127.17916162880256,-34.73159605638968,0.025964145,0.03086869,0.7335090395445869,0.037831474,19.388857,-4.7538330216607765,4.53773539095735,0.035180543,0.040148612,7.643614,7.5677247,452,1339.2566,49,589.6348,51,470.70563,7.7346663,AAA,158419716,7.921,7.983,8.017,-0.0026534999999994,-0.0619999999999993,0.05667121,0.3725147,27,1.139659,4.028485,0.024969907,0,0,3,31,118.71913,VARIABLE,B2,1969ArA.....5..149L,08 28 43.01,-34 43 53.8,17880.0,3.0,0.1484280115362277,1.2,0.0505081321821294,1.2,"1969ArA.....5..149L, 1971PW&SO...1a...1S, 1982MSS...C03....0H",5543515083529532928,"1052492, 1052493, 1052494","B2, OB-, B1/2II",1.0,56630835,127.17918776294,-34.7316161536,08284300-3443538,0.105891,-105.6191277174468,2.37441086052068,1,[56630835],62,Gaia_TIC56630835_S8.dat,8,,1.0,3.90966814247804,0.7436311719315764,0.0321348747516966,0.20578,PULSATING,BCEP
1052492,5543515083529532928,0.9683333333333334,train,,M,"B1/2II, B2                                                         ",127.17916250000002,-34.731596666666675,,0.0033867943834232,,,,,,,,B1/2II,*|NIR|Pu*|UV|V*,0.105151,,127.17916162880256,-34.73159605638968,0.025964145,0.03086869,0.7335090395445869,0.037831474,19.388857,-4.7538330216607765,4.53773539095735,0.035180543,0.040148612,7.643614,7.5677247,452,1339.2566,49,589.6348,51,470.70563,7.7346663,AAA,158419716,7.921,7.983,8.017,-0.0026534999999994,-0.0619999999999993,0.05667121,0.3725147,27,1.139659,4.028485,0.024969907,0,0,3,31,118.71913,VARIABLE,B2,1969ArA.....5..149L,08 28 43.01,-34 43 53.8,17880.0,3.0,0.1484280115362277,1.2,0.0505081321821294,1.2,"1969ArA.....5..149L, 1971PW&SO...1a...1S, 1982MSS...C03....0H",5543515083529532928,"1052492, 1052493, 1052494","B2, OB-, B1/2II",1.0,56630835,127.17918776294,-34.7316161536,08284300-3443538,0.105891,-105.6191277174468,2.37441086052068,1,[56630835],62,Gaia_TIC56630835_S8.dat,8,,1.0,4.115683811323834,0.7378188624305826,0.0321348747516966,0.20578,PULSATING,BCEP
1052492,5543515083529532928,0.9683333333333334,train,,M,"B1/2II, B2                                                         ",127.17916250000002,-34.731596666666675,,0.0033867943834232,,,,,,,,B1/2II,*|NIR|Pu*|UV|V*,0.105151,,127.17916162880256,-34.73159605638968,0.025964145,0.03086869,0.7335090395445869,0.037831474,19.388857,-4.7538330216607765,4.53773539095735,0.035180543,0.040148612,7.643614,7.5677247,452,1339.2566,49,589.6348,51,470.70563,7.7346663,AAA,158419716,7.921,7.983,8.017,-0.0026534999999994,-0.0619999999999993,0.05667121,0.3725147,27,1.139659,4.028485,0.024969907,0,0,3,31,118.71913,VARIABLE,B2,1969ArA.....5..149L,08 28 43.01,-34 43 53.8,17880.0,3.0,0.1484280115362277,1.2,0.0505081321821294,1.2,"1969ArA.....5..149L, 1971PW&SO...1a...1S, 1982MSS...C03....0H",5543515083529532928,"1052492, 1052493, 1052494","B2, OB-, B1/2II",1.0,56630835,127.17918776294,-34.7316161536,08284300-3443538,0.105891,-105.6191277174468,2.37441086052068,1,[56630835],62,Gaia_TIC56630835_S8.dat,8,,1.0,4.321699480169627,0.7317083279675625,0.0321348747516966,0.20578,PULSATING,BCEP
1052492,5543515083529532928,0.9683333333333334,train,,M,"B1/2II, B2                                                         ",127.17916250000002,-34.731596666666675,,0.0033867943834232,,,,,,,,B1/2II,*|NIR|Pu*|UV|V*,0.105151,,127.17916162880256,-34.73159605638968,0.025964145,0.03086869,0.7335090395445869,0.037831474,19.388857,-4.7538330216607765,4.53773539095735,0.035180543,0.040148612,7.643614,7.5677247,452,1339.2566,49,589.6348,51,470.70563,7.7346663,AAA,158419716,7.921,7.983,8.017,-0.0026534999999994,-0.0619999999999993,0.05667121,0.3725147,27,1.139659,4.028485,0.024969907,0,0,3,31,118.71913,VARIABLE,B2,1969ArA.....5..149L,08 28 43.01,-34 43 53.8,17880.0,3.0,0.1484280115362277,1.2,0.0505081321821294,1.2,"1969ArA.....5..149L, 1971PW&SO...1a...1S, 1982MSS...C03....0H",5543515083529532928,"1052492, 1052493, 1052494","B2, OB-, B1/2II",1.0,56630835,127.17918776294,-34.7316161536,08284300-3443538,0.105891,-105.6191277174468,2.37441086052068,1,[56630835],62,Gaia_TIC56630835_S8.dat,8,,1.0,4.527715149015421,0.7228641776464051,0.0321348747516966,0.20578,PULSATING,BCEP
1052492,5543515083529532928,0.9683333333333334,train,,M,"B1/2II, B2                                                         ",127.17916250000002,-34.731596666666675,,0.0033867943834232,,,,,,,,B1/2II,*|NIR|Pu*|UV|V*,0.105151,,127.17916162880256,-34.73159605638968,0.025964145,0.03086869,0.7335090395445869,0.037831474,19.388857,-4.7538330216607765,4.53773539095735,0.035180543,0.040148612,7.643614,7.5677247,452,1339.2566,49,589.6348,51,470.70563,7.7346663,AAA,158419716,7.921,7.983,8.017,-0.0026534999999994,-0.0619999999999993,0.05667121,0.3725147,27,1.139659,4.028485,0.024969907,0,0,3,31,118.71913,VARIABLE,B2,1969ArA.....5..149L,08 28 43.01,-34 43 53.8,17880.0,3.0,0.1484280115362277,1.2,0.0505081321821294,1.2,"1969ArA.....5..149L, 1971PW&SO...1a...1S, 1982MSS...C03....0H",5543515083529532928,"1052492, 1052493, 1052494","B2, OB-, B1/2II",1.0,56630835,127.17918776294,-34.7316161536,08284300-3443538,0.105891,-105.6191277174468,2.37441086052068,1,[56630835],62,Gaia_TIC56630835_S8.dat,8,,1.0,4.733730817861215,0.7122816289689373,0.0321348747516966,0.20578,PULSATING,BCEP
1052492,5543515083529532928,0.9683333333333334,train,,M,"B1/2II, B2                                                         ",127.17916250000002,-34.731596666666675,,0.0033867943834232,,,,,,,,B1/2II,*|NIR|Pu*|UV|V*,0.105151,,127.17916162880256,-34.73159605638968,0.025964145,0.03086869,0.7335090395445869,0.037831474,19.388857,-4.7538330216607765,4.53773539095735,0.035180543,0.040148612,7.643614,7.5677247,452,1339.2566,49,589.6348,51,470.70563,7.7346663,AAA,158419716,7.921,7.983,8.017,-0.0026534999999994,-0.0619999999999993,0.05667121,0.3725147,27,1.139659,4.028485,0.024969907,0,0,3,31,118.71913,VARIABLE,B2,1969ArA.....5..149L,08 28 43.01,-34 43 53.8,17880.0,3.0,0.1484280115362277,1.2,0.0505081321821294,1.2,"1969ArA.....5..149L, 1971PW&SO...1a...1S, 1982MSS...C03....0H",5543515083529532928,"1052492, 1052493, 1052494","B2, OB-, B1/2II",1.0,56630835,127.17918776294,-34.7316161536,08284300-3443538,0.105891,-105.6191277174468,2.37441086052068,1,[56630835],62,Gaia_TIC56630835_S8.dat,8,,1.0,4.939746486707008,0.7016888815658524,0.0321348747516966,0.20578,PULSATING,BCEP
1052492,5543515083529532928,0.9683333333333334,train,,M,"B1/2II, B2                                                         ",127.17916250000002,-34.731596666666675,,0.0033867943834232,,,,,,,,B1/2II,*|NIR|Pu*|UV|V*,0.105151,,127.17916162880256,-34.73159605638968,0.025964145,0.03086869,0.7335090395445869,0.037831474,19.388857,-4.7538330216607765,4.53773539095735,0.035180543,0.040148612,7.643614,7.5677247,452,1339.2566,49,589.6348,51,470.70563,7.7346663,AAA,158419716,7.921,7.983,8.017,-0.0026534999999994,-0.0619999999999993,0.05667121,0.3725147,27,1.139659,4.028485,0.024969907,0,0,3,31,118.71913,VARIABLE,B2,1969ArA.....5..149L,08 28 43.01,-34 43 53.8,17880.0,3.0,0.1484280115362277,1.2,0.0505081321821294,1.2,"1969ArA.....5..149L, 1971PW&SO...1a...1S, 1982MSS...C03....0H",5543515083529532928,"1052492, 1052493, 1052494","B2, OB-, B1/2II",1.0,56630835,127.17918776294,-34.7316161536,08284300-3443538,0.105891,-105.6191277174468,2.37441086052068,1,[56630835],62,Gaia_TIC56630835_S8.dat,8,,1.0,5.145762155552802,0.6904560546473336,0.0321348747516966,0.20578,PULSATING,BCEP
1052492,5543515083529532928,0.9683333333333334,train,,M,"B1/2II, B2                                                         ",127.17916250000002,-34.731596666666675,,0.0033867943834232,,,,,,,,B1/2II,*|NIR|Pu*|UV|V*,0.105151,,127.17916162880256,-34.73159605638968,0.025964145,0.03086869,0.7335090395445869,0.037831474,19.388857,-4.7538330216607765,4.53773539095735,0.035180543,0.040148612,7.643614,7.5677247,452,1339.2566,49,589.6348,51,470.70563,7.7346663,AAA,158419716,7.921,7.983,8.017,-0.0026534999999994,-0.0619999999999993,0.05667121,0.3725147,27,1.139659,4.028485,0.024969907,0,0,3,31,118.71913,VARIABLE,B2,1969ArA.....5..149L,08 28 43.01,-34 43 53.8,17880.0,3.0,0.1484280115362277,1.2,0.0505081321821294,1.2,"1969ArA.....5..149L, 1971PW&SO...1a...1S, 1982MSS...C03....0H",5543515083529532928,"1052492, 1052493, 1052494","B2, OB-, B1/2II",1.0,56630835,127.17918776294,-34.7316161536,08284300-3443538,0.105891,-105.6191277174468,2.37441086052068,1,[56630835],62,Gaia_TIC56630835_S8.dat,8,,1.0,5.349463041602576,0.6894023354995328,0.0321348747516966,0.20578,PULSATING,BCEP
1052492,5543515083529532928,0.9683333333333334,train,,M,"B1/2II, B2                                                         ",127.17916250000002,-34.731596666666675,,0.0033867943834232,,,,,,,,B1/2II,*|NIR|Pu*|UV|V*,0.105151,,127.17916162880256,-34.73159605638968,0.025964145,0.03086869,0.7335090395445869,0.037831474,19.388857,-4.7538330216607765,4.53773539095735,0.035180543,0.040148612,7.643614,7.5677247,452,1339.2566,49,589.6348,51,470.70563,7.7346663,AAA,158419716,7.921,7.983,8.017,-0.0026534999999994,-0.0619999999999993,0.05667121,0.3725147,27,1.139659,4.028485,0.024969907,0,0,3,31,118.71913,VARIABLE,B2,1969ArA.....5..149L,08 28 43.01,-34 43 53.8,17880.0,3.0,0.1484280115362277,1.2,0.0505081321821294,1.2,"1969ArA.....5..149L, 1971PW&SO...1a...1S, 1982MSS...C03....0H",5543515083529532928,"1052492, 1052493, 1052494","B2, OB-, B1/2II",1.0,56630835,127.17918776294,-34.7316161536,08284300-3443538,0.105891,-105.6191277174468,2.37441086052068,1,[56630835],62,Gaia_TIC56630835_S8.dat,8,,1.0,5.555478710448369,0.6861755576773914,0.0321348747516966,0.20578,PULSATING,BCEP
1052492,5543515083529532928,0.9683333333333334,train,,M,"B1/2II, B2                                                         ",127.17916250000002,-34.731596666666675,,0.0033867943834232,,,,,,,,B1/2II,*|NIR|Pu*|UV|V*,0.105151,,127.17916162880256,-34.73159605638968,0.025964145,0.03086869,0.7335090395445869,0.037831474,19.388857,-4.7538330216607765,4.53773539095735,0.035180543,0.040148612,7.643614,7.5677247,452,1339.2566,49,589.6348,51,470.70563,7.7346663,AAA,158419716,7.921,7.983,8.017,-0.0026534999999994,-0.0619999999999993,0.05667121,0.3725147,27,1.139659,4.028485,0.024969907,0,0,3,31,118.71913,VARIABLE,B2,1969ArA.....5..149L,08 28 43.01,-34 43 53.8,17880.0,3.0,0.1484280115362277,1.2,0.0505081321821294,1.2,"1969ArA.....5..149L, 1971PW&SO...1a...1S, 1982MSS...C03....0H",5543515083529532928,"1052492, 1052493, 1052494","B2, OB-, B1/2II",1.0,56630835,127.17918776294,-34.7316161536,08284300-3443538,0.105891,-105.6191277174468,2.37441086052068,1,[56630835],62,Gaia_TIC56630835_S8.dat,8,,1.0,5.761494379294163,0.6814502014564853,0.0321348747516966,0.20578,PULSATING,BCEP
1052492,5543515083529532928,0.9683333333333334,train,,M,"B1/2II, B2                                                         ",127.17916250000002,-34.731596666666675,,0.0033867943834232,,,,,,,,B1/2II,*|NIR|Pu*|UV|V*,0.105151,,127.17916162880256,-34.73159605638968,0.025964145,0.03086869,0.7335090395445869,0.037831474,19.388857,-4.7538330216607765,4.53773539095735,0.035180543,0.040148612,7.643614,7.5677247,452,1339.2566,49,589.6348,51,470.70563,7.7346663,AAA,158419716,7.921,7.983,8.017,-0.0026534999999994,-0.0619999999999993,0.05667121,0.3725147,27,1.139659,4.028485,0.024969907,0,0,3,31,118.71913,VARIABLE,B2,1969ArA.....5..149L,08 28 43.01,-34 43 53.8,17880.0,3.0,0.1484280115362277,1.2,0.0505081321821294,1.2,"1969ArA.....5..149L, 1971PW&SO...1a...1S, 1982MSS...C03....0H",5543515083529532928,"1052492, 1052493, 1052494","B2, OB-, B1/2II",1.0,56630835,127.17918776294,-34.7316161536,08284300-3443538,0.105891,-105.6191277174468,2.37441086052068,1,[56630835],62,Gaia_TIC56630835_S8.dat,8,,1.0,5.967510048139957,0.6791056109904776,0.0321348747516966,0.20578,PULSATING,BCEP
1052492,5543515083529532928,0.9683333333333334,train,,M,"B1/2II, B2                                                         ",127.17916250000002,-34.731596666666675,,0.0033867943834232,,,,,,,,B1/2II,*|NIR|Pu*|UV|V*,0.105151,,127.17916162880256,-34.73159605638968,0.025964145,0.03086869,0.7335090395445869,0.037831474,19.388857,-4.7538330216607765,4.53773539095735,0.035180543,0.040148612,7.643614,7.5677247,452,1339.2566,49,589.6348,51,470.70563,7.7346663,AAA,158419716,7.921,7.983,8.017,-0.0026534999999994,-0.0619999999999993,0.05667121,0.3725147,27,1.139659,4.028485,0.024969907,0,0,3,31,118.71913,VARIABLE,B2,1969ArA.....5..149L,08 28 43.01,-34 43 53.8,17880.0,3.0,0.1484280115362277,1.2,0.0505081321821294,1.2,"1969ArA.....5..149L, 1971PW&SO...1a...1S, 1982MSS...C03....0H",5543515083529532928,"1052492, 1052493, 1052494","B2, OB-, B1/2II",1.0,56630835,127.17918776294,-34.7316161536,08284300-3443538,0.105891,-105.6191277174468,2.37441086052068,1,[56630835],62,Gaia_TIC56630835_S8.dat,8,,1.0,6.1735257169857505,0.6707975853225574,0.0321348747516966,0.20578,PULSATING,BCEP
1052492,5543515083529532928,0.9683333333333334,train,,M,"B1/2II, B2                                                         ",127.17916250000002,-34.731596666666675,,0.0033867943834232,,,,,,,,B1/2II,*|NIR|Pu*|UV|V*,0.105151,,127.17916162880256,-34.73159605638968,0.025964145,0.03086869,0.7335090395445869,0.037831474,19.388857,-4.7538330216607765,4.53773539095735,0.035180543,0.040148612,7.643614,7.5677247,452,1339.2566,49,589.6348,51,470.70563,7.7346663,AAA,158419716,7.921,7.983,8.017,-0.0026534999999994,-0.0619999999999993,0.05667121,0.3725147,27,1.139659,4.028485,0.024969907,0,0,3,31,118.71913,VARIABLE,B2,1969ArA.....5..149L,08 28 43.01,-34 43 53.8,17880.0,3.0,0.1484280115362277,1.2,0.0505081321821294,1.2,"1969ArA.....5..149L, 1971PW&SO...1a...1S, 1982MSS...C03....0H",5543515083529532928,"1052492, 1052493, 1052494","B2, OB-, B1/2II",1.0,56630835,127.17918776294,-34.7316161536,08284300-3443538,0.105891,-105.6191277174468,2.37441086052068,1,[56630835],62,Gaia_TIC56630835_S8.dat,8,,1.0,6.585557054677338,0.6706094286647231,0.0321348747516966,0.20578,PULSATING,BCEP
1052492,5543515083529532928,0.9683333333333334,train,,M,"B1/2II, B2                                                         ",127.17916250000002,-34.731596666666675,,0.0033867943834232,,,,,,,,B1/2II,*|NIR|Pu*|UV|V*,0.105151,,127.17916162880256,-34.73159605638968,0.025964145,0.03086869,0.7335090395445869,0.037831474,19.388857,-4.7538330216607765,4.53773539095735,0.035180543,0.040148612,7.643614,7.5677247,452,1339.2566,49,589.6348,51,470.70563,7.7346663,AAA,158419716,7.921,7.983,8.017,-0.0026534999999994,-0.0619999999999993,0.05667121,0.3725147,27,1.139659,4.028485,0.024969907,0,0,3,31,118.71913,VARIABLE,B2,1969ArA.....5..149L,08 28 43.01,-34 43 53.8,17880.0,3.0,0.1484280115362277,1.2,0.0505081321821294,1.2,"1969ArA.....5..149L, 1971PW&SO...1a...1S, 1982MSS...C03....0H",5543515083529532928,"1052492, 1052493, 1052494","B2, OB-, B1/2II",1.0,56630835,127.17918776294,-34.7316161536,08284300-3443538,0.105891,-105.6191277174468,2.37441086052068,1,[56630835],62,Gaia_TIC56630835_S8.dat,8,,1.0,6.791572723523132,0.6566664395352161,0.0321348747516966,0.20578,PULSATING,BCEP
1052492,5543515083529532928,0.9683333333333334,train,,M,"B1/2II, B2                                                         ",127.17916250000002,-34.731596666666675,,0.0033867943834232,,,,,,,,B1/2II,*|NIR|Pu*|UV|V*,0.105151,,127.17916162880256,-34.73159605638968,0.025964145,0.03086869,0.7335090395445869,0.037831474,19.388857,-4.7538330216607765,4.53773539095735,0.035180543,0.040148612,7.643614,7.5677247,452,1339.2566,49,589.6348,51,470.70563,7.7346663,AAA,158419716,7.921,7.983,8.017,-0.0026534999999994,-0.0619999999999993,0.05667121,0.3725147,27,1.139659,4.028485,0.024969907,0,0,3,31,118.71913,VARIABLE,B2,1969ArA.....5..149L,08 28 43.01,-34 43 53.8,17880.0,3.0,0.1484280115362277,1.2,0.0505081321821294,1.2,"1969ArA.....5..149L, 1971PW&SO...1a...1S, 1982MSS...C03....0H",5543515083529532928,"1052492, 1052493, 1052494","B2, OB-, B1/2II",1.0,56630835,127.17918776294,-34.7316161536,08284300-3443538,0.105891,-105.6191277174468,2.37441086052068,1,[56630835],62,Gaia_TIC56630835_S8.dat,8,,1.0,6.379541385831544,0.6537043574808251,0.0321348747516966,0.20578,PULSATING,BCEP
1052492,5543515083529532928,0.9683333333333334,train,,M,"B1/2II, B2                                                         ",127.17916250000002,-34.731596666666675,,0.0033867943834232,,,,,,,,B1/2II,*|NIR|Pu*|UV|V*,0.105151,,127.17916162880256,-34.73159605638968,0.025964145,0.03086869,0.7335090395445869,0.037831474,19.388857,-4.7538330216607765,4.53773539095735,0.035180543,0.040148612,7.643614,7.5677247,452,1339.2566,49,589.6348,51,470.70563,7.7346663,AAA,158419716,7.921,7.983,8.017,-0.0026534999999994,-0.0619999999999993,0.05667121,0.3725147,27,1.139659,4.028485,0.024969907,0,0,3,31,118.71913,VARIABLE,B2,1969ArA.....5..149L,08 28 43.01,-34 43 53.8,17880.0,3.0,0.1484280115362277,1.2,0.0505081321821294,1.2,"1969ArA.....5..149L, 1971PW&SO...1a...1S, 1982MSS...C03....0H",5543515083529532928,"1052492, 1052493, 1052494","B2, OB-, B1/2II",1.0,56630835,127.17918776294,-34.7316161536,08284300-3443538,0.105891,-105.6191277174468,2.37441086052068,1,[56630835],62,Gaia_TIC56630835_S8.dat,8,,1.0,6.997588392368925,0.6448894781706115,0.0321348747516966,0.20578,PULSATING,BCEP
1052492,5543515083529532928,0.9683333333333334,train,,M,"B1/2II, B2                                                         ",127.17916250000002,-34.731596666666675,,0.0033867943834232,,,,,,,,B1/2II,*|NIR|Pu*|UV|V*,0.105151,,127.17916162880256,-34.73159605638968,0.025964145,0.03086869,0.7335090395445869,0.037831474,19.388857,-4.7538330216607765,4.53773539095735,0.035180543,0.040148612,7.643614,7.5677247,452,1339.2566,49,589.6348,51,470.70563,7.7346663,AAA,158419716,7.921,7.983,8.017,-0.0026534999999994,-0.0619999999999993,0.05667121,0.3725147,27,1.139659,4.028485,0.024969907,0,0,3,31,118.71913,VARIABLE,B2,1969ArA.....5..149L,08 28 43.01,-34 43 53.8,17880.0,3.0,0.1484280115362277,1.2,0.0505081321821294,1.2,"1969ArA.....5..149L, 1971PW&SO...1a...1S, 1982MSS...C03....0H",5543515083529532928,"1052492, 1052493, 1052494","B2, OB-, B1/2II",1.0,56630835,127.17918776294,-34.7316161536,08284300-3443538,0.105891,-105.6191277174468,2.37441086052068,1,[56630835],62,Gaia_TIC56630835_S8.dat,8,,1.0,7.201289278418699,0.6334689093195016,0.0321348747516966,0.20578,PULSATING,BCEP
1052492,5543515083529532928,0.9683333333333334,train,,M,"B1/2II, B2                                                         ",127.17916250000002,-34.731596666666675,,0.0033867943834232,,,,,,,,B1/2II,*|NIR|Pu*|UV|V*,0.105151,,127.17916162880256,-34.73159605638968,0.025964145,0.03086869,0.7335090395445869,0.037831474,19.388857,-4.7538330216607765,4.53773539095735,0.035180543,0.040148612,7.643614,7.5677247,452,1339.2566,49,589.6348,51,470.70563,7.7346663,AAA,158419716,7.921,7.983,8.017,-0.0026534999999994,-0.0619999999999993,0.05667121,0.3725147,27,1.139659,4.028485,0.024969907,0,0,3,31,118.71913,VARIABLE,B2,1969ArA.....5..149L,08 28 43.01,-34 43 53.8,17880.0,3.0,0.1484280115362277,1.2,0.0505081321821294,1.2,"1969ArA.....5..149L, 1971PW&SO...1a...1S, 1982MSS...C03....0H",5543515083529532928,"1052492, 1052493, 1052494","B2, OB-, B1/2II",1.0,56630835,127.17918776294,-34.7316161536,08284300-3443538,0.105891,-105.6191277174468,2.37441086052068,1,[56630835],62,Gaia_TIC56630835_S8.dat,8,,1.0,7.4073049472644925,0.620140217049849,0.0321348747516966,0.20578,PULSATING,BCEP
1052492,5543515083529532928,0.9683333333333334,train,,M,"B1/2II, B2                                                         ",127.17916250000002,-34.731596666666675,,0.0033867943834232,,,,,,,,B1/2II,*|NIR|Pu*|UV|V*,0.105151,,127.17916162880256,-34.73159605638968,0.025964145,0.03086869,0.7335090395445869,0.037831474,19.388857,-4.7538330216607765,4.53773539095735,0.035180543,0.040148612,7.643614,7.5677247,452,1339.2566,49,589.6348,51,470.70563,7.7346663,AAA,158419716,7.921,7.983,8.017,-0.0026534999999994,-0.0619999999999993,0.05667121,0.3725147,27,1.139659,4.028485,0.024969907,0,0,3,31,118.71913,VARIABLE,B2,1969ArA.....5..149L,08 28 43.01,-34 43 53.8,17880.0,3.0,0.1484280115362277,1.2,0.0505081321821294,1.2,"1969ArA.....5..149L, 1971PW&SO...1a...1S, 1982MSS...C03....0H",5543515083529532928,"1052492, 1052493, 1052494","B2, OB-, B1/2II",1.0,56630835,127.17918776294,-34.7316161536,08284300-3443538,0.105891,-105.6191277174468,2.37441086052068,1,[56630835],62,Gaia_TIC56630835_S8.dat,8,,1.0,7.613320616110286,0.6058488879278671,0.0321348747516966,0.20578,PULSATING,BCEP
1052492,5543515083529532928,0.9683333333333334,train,,M,"B1/2II, B2                                                         ",127.17916250000002,-34.731596666666675,,0.0033867943834232,,,,,,,,B1/2II,*|NIR|Pu*|UV|V*,0.105151,,127.17916162880256,-34.73159605638968,0.025964145,0.03086869,0.7335090395445869,0.037831474,19.388857,-4.7538330216607765,4.53773539095735,0.035180543,0.040148612,7.643614,7.5677247,452,1339.2566,49,589.6348,51,470.70563,7.7346663,AAA,158419716,7.921,7.983,8.017,-0.0026534999999994,-0.0619999999999993,0.05667121,0.3725147,27,1.139659,4.028485,0.024969907,0,0,3,31,118.71913,VARIABLE,B2,1969ArA.....5..149L,08 28 43.01,-34 43 53.8,17880.0,3.0,0.1484280115362277,1.2,0.0505081321821294,1.2,"1969ArA.....5..149L, 1971PW&SO...1a...1S, 1982MSS...C03....0H",5543515083529532928,"1052492, 1052493, 1052494","B2, OB-, B1/2II",1.0,56630835,127.17918776294,-34.7316161536,08284300-3443538,0.105891,-105.6191277174468,2.37441086052068,1,[56630835],62,Gaia_TIC56630835_S8.dat,8,,1.0,7.81933628495608,0.5970400302469603,0.0321348747516966,0.20578,PULSATING,BCEP
1052492,5543515083529532928,0.9683333333333334,train,,M,"B1/2II, B2                                                         ",127.17916250000002,-34.731596666666675,,0.0033867943834232,,,,,,,,B1/2II,*|NIR|Pu*|UV|V*,0.105151,,127.17916162880256,-34.73159605638968,0.025964145,0.03086869,0.7335090395445869,0.037831474,19.388857,-4.7538330216607765,4.53773539095735,0.035180543,0.040148612,7.643614,7.5677247,452,1339.2566,49,589.6348,51,470.70563,7.7346663,AAA,158419716,7.921,7.983,8.017,-0.0026534999999994,-0.0619999999999993,0.05667121,0.3725147,27,1.139659,4.028485,0.024969907,0,0,3,31,118.71913,VARIABLE,B2,1969ArA.....5..149L,08 28 43.01,-34 43 53.8,17880.0,3.0,0.1484280115362277,1.2,0.0505081321821294,1.2,"1969ArA.....5..149L, 1971PW&SO...1a...1S, 1982MSS...C03....0H",5543515083529532928,"1052492, 1052493, 1052494","B2, OB-, B1/2II",1.0,56630835,127.17918776294,-34.7316161536,08284300-3443538,0.105891,-105.6191277174468,2.37441086052068,1,[56630835],62,Gaia_TIC56630835_S8.dat,8,,1.0,8.025351953801874,0.5886886459893338,0.0321348747516966,0.20578,PULSATING,BCEP
1052492,5543515083529532928,0.9683333333333334,train,,M,"B1/2II, B2                                                         ",127.17916250000002,-34.731596666666675,,0.0033867943834232,,,,,,,,B1/2II,*|NIR|Pu*|UV|V*,0.105151,,127.17916162880256,-34.73159605638968,0.025964145,0.03086869,0.7335090395445869,0.037831474,19.388857,-4.7538330216607765,4.53773539095735,0.035180543,0.040148612,7.643614,7.5677247,452,1339.2566,49,589.6348,51,470.70563,7.7346663,AAA,158419716,7.921,7.983,8.017,-0.0026534999999994,-0.0619999999999993,0.05667121,0.3725147,27,1.139659,4.028485,0.024969907,0,0,3,31,118.71913,VARIABLE,B2,1969ArA.....5..149L,08 28 43.01,-34 43 53.8,17880.0,3.0,0.1484280115362277,1.2,0.0505081321821294,1.2,"1969ArA.....5..149L, 1971PW&SO...1a...1S, 1982MSS...C03....0H",5543515083529532928,"1052492, 1052493, 1052494","B2, OB-, B1/2II",1.0,56630835,127.17918776294,-34.7316161536,08284300-3443538,0.105891,-105.6191277174468,2.37441086052068,1,[56630835],62,Gaia_TIC56630835_S8.dat,8,,1.0,8.231367622647667,0.580745561871933,0.0321348747516966,0.20578,PULSATING,BCEP
1052492,5543515083529532928,0.9683333333333334,train,,M,"B1/2II, B2                                                         ",127.17916250000002,-34.731596666666675,,0.0033867943834232,,,,,,,,B1/2II,*|NIR|Pu*|UV|V*,0.105151,,127.17916162880256,-34.73159605638968,0.025964145,0.03086869,0.7335090395445869,0.037831474,19.388857,-4.7538330216607765,4.53773539095735,0.035180543,0.040148612,7.643614,7.5677247,452,1339.2566,49,589.6348,51,470.70563,7.7346663,AAA,158419716,7.921,7.983,8.017,-0.0026534999999994,-0.0619999999999993,0.05667121,0.3725147,27,1.139659,4.028485,0.024969907,0,0,3,31,118.71913,VARIABLE,B2,1969ArA.....5..149L,08 28 43.01,-34 43 53.8,17880.0,3.0,0.1484280115362277,1.2,0.0505081321821294,1.2,"1969ArA.....5..149L, 1971PW&SO...1a...1S, 1982MSS...C03....0H",5543515083529532928,"1052492, 1052493, 1052494","B2, OB-, B1/2II",1.0,56630835,127.17918776294,-34.7316161536,08284300-3443538,0.105891,-105.6191277174468,2.37441086052068,1,[56630835],62,Gaia_TIC56630835_S8.dat,8,,1.0,8.437383291493461,0.5733683066727306,0.0321348747516966,0.20578,PULSATING,BCEP
1052492,5543515083529532928,0.9683333333333334,train,,M,"B1/2II, B2                                                         ",127.17916250000002,-34.731596666666675,,0.0033867943834232,,,,,,,,B1/2II,*|NIR|Pu*|UV|V*,0.105151,,127.17916162880256,-34.73159605638968,0.025964145,0.03086869,0.7335090395445869,0.037831474,19.388857,-4.7538330216607765,4.53773539095735,0.035180543,0.040148612,7.643614,7.5677247,452,1339.2566,49,589.6348,51,470.70563,7.7346663,AAA,158419716,7.921,7.983,8.017,-0.0026534999999994,-0.0619999999999993,0.05667121,0.3725147,27,1.139659,4.028485,0.024969907,0,0,3,31,118.71913,VARIABLE,B2,1969ArA.....5..149L,08 28 43.01,-34 43 53.8,17880.0,3.0,0.1484280115362277,1.2,0.0505081321821294,1.2,"1969ArA.....5..149L, 1971PW&SO...1a...1S, 1982MSS...C03....0H",5543515083529532928,"1052492, 1052493, 1052494","B2, OB-, B1/2II",1.0,56630835,127.17918776294,-34.7316161536,08284300-3443538,0.105891,-105.6191277174468,2.37441086052068,1,[56630835],62,Gaia_TIC56630835_S8.dat,8,,1.0,8.643398960339255,0.5666874108647211,0.0321348747516966,0.20578,PULSATING,BCEP
1052492,5543515083529532928,0.9683333333333334,train,,M,"B1/2II, B2                                                         ",127.17916250000002,-34.731596666666675,,0.0033867943834232,,,,,,,,B1/2II,*|NIR|Pu*|UV|V*,0.105151,,127.17916162880256,-34.73159605638968,0.025964145,0.03086869,0.7335090395445869,0.037831474,19.388857,-4.7538330216607765,4.53773539095735,0.035180543,0.040148612,7.643614,7.5677247,452,1339.2566,49,589.6348,51,470.70563,7.7346663,AAA,158419716,7.921,7.983,8.017,-0.0026534999999994,-0.0619999999999993,0.05667121,0.3725147,27,1.139659,4.028485,0.024969907,0,0,3,31,118.71913,VARIABLE,B2,1969ArA.....5..149L,08 28 43.01,-34 43 53.8,17880.0,3.0,0.1484280115362277,1.2,0.0505081321821294,1.2,"1969ArA.....5..149L, 1971PW&SO...1a...1S, 1982MSS...C03....0H",5543515083529532928,"1052492, 1052493, 1052494","B2, OB-, B1/2II",1.0,56630835,127.17918776294,-34.7316161536,08284300-3443538,0.105891,-105.6191277174468,2.37441086052068,1,[56630835],62,Gaia_TIC56630835_S8.dat,8,,1.0,8.849414629185048,0.5594812553297174,0.0321348747516966,0.20578,PULSATING,BCEP
1052492,5543515083529532928,0.9683333333333334,train,,M,"B1/2II, B2                                                         ",127.17916250000002,-34.731596666666675,,0.0033867943834232,,,,,,,,B1/2II,*|NIR|Pu*|UV|V*,0.105151,,127.17916162880256,-34.73159605638968,0.025964145,0.03086869,0.7335090395445869,0.037831474,19.388857,-4.7538330216607765,4.53773539095735,0.035180543,0.040148612,7.643614,7.5677247,452,1339.2566,49,589.6348,51,470.70563,7.7346663,AAA,158419716,7.921,7.983,8.017,-0.0026534999999994,-0.0619999999999993,0.05667121,0.3725147,27,1.139659,4.028485,0.024969907,0,0,3,31,118.71913,VARIABLE,B2,1969ArA.....5..149L,08 28 43.01,-34 43 53.8,17880.0,3.0,0.1484280115362277,1.2,0.0505081321821294,1.2,"1969ArA.....5..149L, 1971PW&SO...1a...1S, 1982MSS...C03....0H",5543515083529532928,"1052492, 1052493, 1052494","B2, OB-, B1/2II",1.0,56630835,127.17918776294,-34.7316161536,08284300-3443538,0.105891,-105.6191277174468,2.37441086052068,1,[56630835],62,Gaia_TIC56630835_S8.dat,8,,1.0,9.055430298030842,0.5504982570226229,0.0321348747516966,0.20578,PULSATING,BCEP
1052492,5543515083529532928,0.9683333333333334,train,,M,"B1/2II, B2                                                         ",127.17916250000002,-34.731596666666675,,0.0033867943834232,,,,,,,,B1/2II,*|NIR|Pu*|UV|V*,0.105151,,127.17916162880256,-34.73159605638968,0.025964145,0.03086869,0.7335090395445869,0.037831474,19.388857,-4.7538330216607765,4.53773539095735,0.035180543,0.040148612,7.643614,7.5677247,452,1339.2566,49,589.6348,51,470.70563,7.7346663,AAA,158419716,7.921,7.983,8.017,-0.0026534999999994,-0.0619999999999993,0.05667121,0.3725147,27,1.139659,4.028485,0.024969907,0,0,3,31,118.71913,VARIABLE,B2,1969ArA.....5..149L,08 28 43.01,-34 43 53.8,17880.0,3.0,0.1484280115362277,1.2,0.0505081321821294,1.2,"1969ArA.....5..149L, 1971PW&SO...1a...1S, 1982MSS...C03....0H",5543515083529532928,"1052492, 1052493, 1052494","B2, OB-, B1/2II",1.0,56630835,127.17918776294,-34.7316161536,08284300-3443538,0.105891,-105.6191277174468,2.37441086052068,1,[56630835],62,Gaia_TIC56630835_S8.dat,8,,1.0,9.261445966876636,0.5398605424880016,0.0321348747516966,0.20578,PULSATING,BCEP
1052492,5543515083529532928,0.9683333333333334,train,,M,"B1/2II, B2                                                         ",127.17916250000002,-34.731596666666675,,0.0033867943834232,,,,,,,,B1/2II,*|NIR|Pu*|UV|V*,0.105151,,127.17916162880256,-34.73159605638968,0.025964145,0.03086869,0.7335090395445869,0.037831474,19.388857,-4.7538330216607765,4.53773539095735,0.035180543,0.040148612,7.643614,7.5677247,452,1339.2566,49,589.6348,51,470.70563,7.7346663,AAA,158419716,7.921,7.983,8.017,-0.0026534999999994,-0.0619999999999993,0.05667121,0.3725147,27,1.139659,4.028485,0.024969907,0,0,3,31,118.71913,VARIABLE,B2,1969ArA.....5..149L,08 28 43.01,-34 43 53.8,17880.0,3.0,0.1484280115362277,1.2,0.0505081321821294,1.2,"1969ArA.....5..149L, 1971PW&SO...1a...1S, 1982MSS...C03....0H",5543515083529532928,"1052492, 1052493, 1052494","B2, OB-, B1/2II",1.0,56630835,127.17918776294,-34.7316161536,08284300-3443538,0.105891,-105.6191277174468,2.37441086052068,1,[56630835],62,Gaia_TIC56630835_S8.dat,8,,1.0,9.46514685292641,0.5287122783039521,0.0321348747516966,0.20578,PULSATING,BCEP
1052492,5543515083529532928,0.9683333333333334,train,,M,"B1/2II, B2                                                         ",127.17916250000002,-34.731596666666675,,0.0033867943834232,,,,,,,,B1/2II,*|NIR|Pu*|UV|V*,0.105151,,127.17916162880256,-34.73159605638968,0.025964145,0.03086869,0.7335090395445869,0.037831474,19.388857,-4.7538330216607765,4.53773539095735,0.035180543,0.040148612,7.643614,7.5677247,452,1339.2566,49,589.6348,51,470.70563,7.7346663,AAA,158419716,7.921,7.983,8.017,-0.0026534999999994,-0.0619999999999993,0.05667121,0.3725147,27,1.139659,4.028485,0.024969907,0,0,3,31,118.71913,VARIABLE,B2,1969ArA.....5..149L,08 28 43.01,-34 43 53.8,17880.0,3.0,0.1484280115362277,1.2,0.0505081321821294,1.2,"1969ArA.....5..149L, 1971PW&SO...1a...1S, 1982MSS...C03....0H",5543515083529532928,"1052492, 1052493, 1052494","B2, OB-, B1/2II",1.0,56630835,127.17918776294,-34.7316161536,08284300-3443538,0.105891,-105.6191277174468,2.37441086052068,1,[56630835],62,Gaia_TIC56630835_S8.dat,8,,1.0,9.671162521772205,0.5179987764918647,0.0321348747516966,0.20578,PULSATING,BCEP
1052492,5543515083529532928,0.9683333333333334,train,,M,"B1/2II, B2                                                         ",127.17916250000002,-34.731596666666675,,0.0033867943834232,,,,,,,,B1/2II,*|NIR|Pu*|UV|V*,0.105151,,127.17916162880256,-34.73159605638968,0.025964145,0.03086869,0.7335090395445869,0.037831474,19.388857,-4.7538330216607765,4.53773539095735,0.035180543,0.040148612,7.643614,7.5677247,452,1339.2566,49,589.6348,51,470.70563,7.7346663,AAA,158419716,7.921,7.983,8.017,-0.0026534999999994,-0.0619999999999993,0.05667121,0.3725147,27,1.139659,4.028485,0.024969907,0,0,3,31,118.71913,VARIABLE,B2,1969ArA.....5..149L,08 28 43.01,-34 43 53.8,17880.0,3.0,0.1484280115362277,1.2,0.0505081321821294,1.2,"1969ArA.....5..149L, 1971PW&SO...1a...1S, 1982MSS...C03....0H",5543515083529532928,"1052492, 1052493, 1052494","B2, OB-, B1/2II",1.0,56630835,127.17918776294,-34.7316161536,08284300-3443538,0.105891,-105.6191277174468,2.37441086052068,1,[56630835],62,Gaia_TIC56630835_S8.dat,8,,1.0,9.877178190617997,0.507888875839624,0.0321348747516966,0.20578,PULSATING,BCEP
1052492,5543515083529532928,0.9683333333333334,train,,M,"B1/2II, B2                                                         ",127.17916250000002,-34.731596666666675,,0.0033867943834232,,,,,,,,B1/2II,*|NIR|Pu*|UV|V*,0.105151,,127.17916162880256,-34.73159605638968,0.025964145,0.03086869,0.7335090395445869,0.037831474,19.388857,-4.7538330216607765,4.53773539095735,0.035180543,0.040148612,7.643614,7.5677247,452,1339.2566,49,589.6348,51,470.70563,7.7346663,AAA,158419716,7.921,7.983,8.017,-0.0026534999999994,-0.0619999999999993,0.05667121,0.3725147,27,1.139659,4.028485,0.024969907,0,0,3,31,118.71913,VARIABLE,B2,1969ArA.....5..149L,08 28 43.01,-34 43 53.8,17880.0,3.0,0.1484280115362277,1.2,0.0505081321821294,1.2,"1969ArA.....5..149L, 1971PW&SO...1a...1S, 1982MSS...C03....0H",5543515083529532928,"1052492, 1052493, 1052494","B2, OB-, B1/2II",1.0,56630835,127.17918776294,-34.7316161536,08284300-3443538,0.105891,-105.6191277174468,2.37441086052068,1,[56630835],62,Gaia_TIC56630835_S8.dat,8,,1.0,10.08319385946379,0.4991053602418802,0.0321348747516966,0.20578,PULSATING,BCEP
1052492,5543515083529532928,0.9683333333333334,train,,M,"B1/2II, B2                                                         ",127.17916250000002,-34.731596666666675,,0.0033867943834232,,,,,,,,B1/2II,*|NIR|Pu*|UV|V*,0.105151,,127.17916162880256,-34.73159605638968,0.025964145,0.03086869,0.7335090395445869,0.037831474,19.388857,-4.7538330216607765,4.53773539095735,0.035180543,0.040148612,7.643614,7.5677247,452,1339.2566,49,589.6348,51,470.70563,7.7346663,AAA,158419716,7.921,7.983,8.017,-0.0026534999999994,-0.0619999999999993,0.05667121,0.3725147,27,1.139659,4.028485,0.024969907,0,0,3,31,118.71913,VARIABLE,B2,1969ArA.....5..149L,08 28 43.01,-34 43 53.8,17880.0,3.0,0.1484280115362277,1.2,0.0505081321821294,1.2,"1969ArA.....5..149L, 1971PW&SO...1a...1S, 1982MSS...C03....0H",5543515083529532928,"1052492, 1052493, 1052494","B2, OB-, B1/2II",1.0,56630835,127.17918776294,-34.7316161536,08284300-3443538,0.105891,-105.6191277174468,2.37441086052068,1,[56630835],62,Gaia_TIC56630835_S8.dat,8,,1.0,10.289209528309584,0.4904115082155461,0.0321348747516966,0.20578,PULSATING,BCEP
1052492,5543515083529532928,0.9683333333333334,train,,M,"B1/2II, B2                                                         ",127.17916250000002,-34.731596666666675,,0.0033867943834232,,,,,,,,B1/2II,*|NIR|Pu*|UV|V*,0.105151,,127.17916162880256,-34.73159605638968,0.025964145,0.03086869,0.7335090395445869,0.037831474,19.388857,-4.7538330216607765,4.53773539095735,0.035180543,0.040148612,7.643614,7.5677247,452,1339.2566,49,589.6348,51,470.70563,7.7346663,AAA,158419716,7.921,7.983,8.017,-0.0026534999999994,-0.0619999999999993,0.05667121,0.3725147,27,1.139659,4.028485,0.024969907,0,0,3,31,118.71913,VARIABLE,B2,1969ArA.....5..149L,08 28 43.01,-34 43 53.8,17880.0,3.0,0.1484280115362277,1.2,0.0505081321821294,1.2,"1969ArA.....5..149L, 1971PW&SO...1a...1S, 1982MSS...C03....0H",5543515083529532928,"1052492, 1052493, 1052494","B2, OB-, B1/2II",1.0,56630835,127.17918776294,-34.7316161536,08284300-3443538,0.105891,-105.6191277174468,2.37441086052068,1,[56630835],62,Gaia_TIC56630835_S8.dat,8,,1.0,10.495225197155378,0.4826056948339591,0.0321348747516966,0.20578,PULSATING,BCEP
1052492,5543515083529532928,0.9683333333333334,train,,M,"B1/2II, B2                                                         ",127.17916250000002,-34.731596666666675,,0.0033867943834232,,,,,,,,B1/2II,*|NIR|Pu*|UV|V*,0.105151,,127.17916162880256,-34.73159605638968,0.025964145,0.03086869,0.7335090395445869,0.037831474,19.388857,-4.7538330216607765,4.53773539095735,0.035180543,0.040148612,7.643614,7.5677247,452,1339.2566,49,589.6348,51,470.70563,7.7346663,AAA,158419716,7.921,7.983,8.017,-0.0026534999999994,-0.0619999999999993,0.05667121,0.3725147,27,1.139659,4.028485,0.024969907,0,0,3,31,118.71913,VARIABLE,B2,1969ArA.....5..149L,08 28 43.01,-34 43 53.8,17880.0,3.0,0.1484280115362277,1.2,0.0505081321821294,1.2,"1969ArA.....5..149L, 1971PW&SO...1a...1S, 1982MSS...C03....0H",5543515083529532928,"1052492, 1052493, 1052494","B2, OB-, B1/2II",1.0,56630835,127.17918776294,-34.7316161536,08284300-3443538,0.105891,-105.6191277174468,2.37441086052068,1,[56630835],62,Gaia_TIC56630835_S8.dat,8,,1.0,10.701240866001172,0.474537141167797,0.0321348747516966,0.20578,PULSATING,BCEP
1052492,5543515083529532928,0.9683333333333334,train,,M,"B1/2II, B2                                                         ",127.17916250000002,-34.731596666666675,,0.0033867943834232,,,,,,,,B1/2II,*|NIR|Pu*|UV|V*,0.105151,,127.17916162880256,-34.73159605638968,0.025964145,0.03086869,0.7335090395445869,0.037831474,19.388857,-4.7538330216607765,4.53773539095735,0.035180543,0.040148612,7.643614,7.5677247,452,1339.2566,49,589.6348,51,470.70563,7.7346663,AAA,158419716,7.921,7.983,8.017,-0.0026534999999994,-0.0619999999999993,0.05667121,0.3725147,27,1.139659,4.028485,0.024969907,0,0,3,31,118.71913,VARIABLE,B2,1969ArA.....5..149L,08 28 43.01,-34 43 53.8,17880.0,3.0,0.1484280115362277,1.2,0.0505081321821294,1.2,"1969ArA.....5..149L, 1971PW&SO...1a...1S, 1982MSS...C03....0H",5543515083529532928,"1052492, 1052493, 1052494","B2, OB-, B1/2II",1.0,56630835,127.17918776294,-34.7316161536,08284300-3443538,0.105891,-105.6191277174468,2.37441086052068,1,[56630835],62,Gaia_TIC56630835_S8.dat,8,,1.0,10.907256534846963,0.4675541253856193,0.0321348747516966,0.20578,PULSATING,BCEP
1052492,5543515083529532928,0.9683333333333334,train,,M,"B1/2II, B2                                                         ",127.17916250000002,-34.731596666666675,,0.0033867943834232,,,,,,,,B1/2II,*|NIR|Pu*|UV|V*,0.105151,,127.17916162880256,-34.73159605638968,0.025964145,0.03086869,0.7335090395445869,0.037831474,19.388857,-4.7538330216607765,4.53773539095735,0.035180543,0.040148612,7.643614,7.5677247,452,1339.2566,49,589.6348,51,470.70563,7.7346663,AAA,158419716,7.921,7.983,8.017,-0.0026534999999994,-0.0619999999999993,0.05667121,0.3725147,27,1.139659,4.028485,0.024969907,0,0,3,31,118.71913,VARIABLE,B2,1969ArA.....5..149L,08 28 43.01,-34 43 53.8,17880.0,3.0,0.1484280115362277,1.2,0.0505081321821294,1.2,"1969ArA.....5..149L, 1971PW&SO...1a...1S, 1982MSS...C03....0H",5543515083529532928,"1052492, 1052493, 1052494","B2, OB-, B1/2II",1.0,56630835,127.17918776294,-34.7316161536,08284300-3443538,0.105891,-105.6191277174468,2.37441086052068,1,[56630835],62,Gaia_TIC56630835_S8.dat,8,,1.0,11.11095742089674,0.4595327221272933,0.0321348747516966,0.20578,PULSATING,BCEP
1052492,5543515083529532928,0.9683333333333334,train,,M,"B1/2II, B2                                                         ",127.17916250000002,-34.731596666666675,,0.0033867943834232,,,,,,,,B1/2II,*|NIR|Pu*|UV|V*,0.105151,,127.17916162880256,-34.73159605638968,0.025964145,0.03086869,0.7335090395445869,0.037831474,19.388857,-4.7538330216607765,4.53773539095735,0.035180543,0.040148612,7.643614,7.5677247,452,1339.2566,49,589.6348,51,470.70563,7.7346663,AAA,158419716,7.921,7.983,8.017,-0.0026534999999994,-0.0619999999999993,0.05667121,0.3725147,27,1.139659,4.028485,0.024969907,0,0,3,31,118.71913,VARIABLE,B2,1969ArA.....5..149L,08 28 43.01,-34 43 53.8,17880.0,3.0,0.1484280115362277,1.2,0.0505081321821294,1.2,"1969ArA.....5..149L, 1971PW&SO...1a...1S, 1982MSS...C03....0H",5543515083529532928,"1052492, 1052493, 1052494","B2, OB-, B1/2II",1.0,56630835,127.17918776294,-34.7316161536,08284300-3443538,0.105891,-105.6191277174468,2.37441086052068,1,[56630835],62,Gaia_TIC56630835_S8.dat,8,,1.0,11.316973089742532,0.4505386437574928,0.0321348747516966,0.20578,PULSATING,BCEP
